subdir,unrefined_iou,unrefined_boundary_iou,refined_iou,refined_boundary_iou
2007_000033_aeroplane,0.8254445421286974,0.7771054856075099,0.8875042943252444,0.8277320444075221
2007_000042_train,0.8664478311840563,0.5371434297548267,0.9400446433080489,0.7132448460886756
2007_000061_boat,0.707492795389049,0.7363608539291453,0.697179253867152,0.6569324847123424
2007_000123_train,0.8795516011445146,0.6072456153518977,0.9578916529057689,0.8174198039329428
2007_000129_bicycle,0.7695380518283315,0.572445766270119,0.8806661273675696,0.6947305410306519
2007_000129_person,0.8757462354094271,0.7904447583787997,0.7186157480065313,0.6860481789503872
2007_000175_sheep,0.7846450546422996,0.5799722379714168,0.9464840148279171,0.8284334359837827
2007_000323_person,0.9581836023415559,0.5723725681991088,0.9772048299915239,0.7988115095913261
2007_000332_horse,0.747556567144196,0.6700788402848423,0.8137191623637406,0.7722507933034248
2007_000346_bottle,0.8843559904787094,0.7905826824745744,0.9572839667691503,0.9230257588583868
2007_000346_person,0.9378326392649723,0.7382222364176435,0.9431217929369152,0.707277404855546
2007_000452_chair,0.0,0.0,0.0,0.0
2007_000452_sofa,0.4206763981498168,0.371103749435326,0.9609150368100098,0.8666411922048147
2007_000464_cow,0.8729602061265388,0.7824139188414857,0.9296409472880061,0.8502773629187114
2007_000491_cow,0.9282477267141804,0.5652271907681212,0.9629483478369228,0.715096682632606
2007_000529_boat,0.07225630538513975,0.21784987686047758,0.09623325187494733,0.25064695009242144
2007_000559_bottle,0.8843037974683544,0.8918476034412126,0.9313821938022626,0.9163207926094524
2007_000572_bicycle,0.22033608268592356,0.4080006111224282,0.2202811660119909,0.44713233768927607
2007_000629_train,0.7297986699462512,0.5229227745739231,0.8138797451152116,0.6614380948985776
2007_000636_train,0.9618925071760863,0.8863730071467839,0.9588785517989058,0.8955873434880319
2007_000661_sofa,0.8423610621962386,0.7493914454619218,0.9322643723113023,0.8886043533930857
2007_000663_bus,0.8863195672321658,0.5584200630279919,0.9812277597626831,0.9164850730006537
2007_000663_car,0.627159501807955,0.5445263754963131,0.4869503546099291,0.35161880791671435
2007_000676_sheep,0.9535001877664627,0.8635514600585269,0.961228936018852,0.8935533188941266
2007_000727_bus,0.8571525240221951,0.7933976261127597,0.9376736234774556,0.9186729964959873
2007_000727_car,0.7064667630057804,0.6814291323125246,0.5466115702479338,0.4143057129524698
2007_000727_person,0.5572550640760645,0.88672,0.5576350489153552,0.8303341902313625
2007_000762_bottle,0.8155832476875642,0.6847495779403489,0.8954232580606207,0.7569368792053829
2007_000762_diningtable,0.8763501150917783,0.49610411372078084,0.36331055874586077,0.3409595650176137
2007_000762_person,0.7671057284299858,0.6683073965428662,0.40512886597938147,0.35130392119862625
2007_000783_horse,0.8657824933687003,0.7565950854241081,0.8115252149077367,0.6889702144962895
2007_000783_person,0.796181843153413,0.8303202479338843,0.844223876481941,0.9016559221337378
2007_000799_horse,0.8634534334695947,0.7261613231360434,0.8974747059307395,0.7633118729250353
2007_000799_person,0.8947861275542623,0.7087378640776699,0.901352028042063,0.7947638019351166
2007_000804_chair,0.16110227874933758,0.3159790438768828,0.1574266231841091,0.2638069705093834
2007_000804_sofa,0.6729966152358345,0.4047003525264395,0.923461790458038,0.8220200079127339
2007_000830_chair,0.6221388728601654,0.6872188664696054,0.7074254742547426,0.7549871244635193
2007_000830_diningtable,0.7064989517819706,0.5582074038538418,0.760844925296239,0.6511701454775458
2007_000837_boat,0.8221778221778222,0.7108913813459268,0.8821705426356589,0.7237966711650922
2007_000847_person,0.9170066793604739,0.8725616591928251,0.9510363012018641,0.8961825609240738
2007_000925_sheep,0.908043886767291,0.8546146283076134,0.918715442841695,0.8711396939810518
2007_000999_person,0.9547533810660302,0.7727097421129766,0.9626530227189487,0.7728911138923654
2007_001154_pottedplant,0.3632246376811594,0.8914904330312186,0.40037950664136623,0.9224137931034483
2007_001154_sofa,0.9655942155578202,0.8375546739904384,0.9765095692596806,0.7779538651170981
2007_001175_person,0.4006831687801226,0.46288629306520773,0.47102388446583965,0.5977454475382985
2007_001239_dog,0.8487981335216935,0.6962180938256186,0.8787677304964538,0.7613127504124441
2007_001284_person,0.9332869671053347,0.7501708861575764,0.7973380379195605,0.6980789687754209
2007_001288_aeroplane,0.7898581681476419,0.7958585661261965,0.8428577954410489,0.8440729956211518
2007_001289_bird,0.8179045092838196,0.8575595197720952,0.8500410846343468,0.9029319084806138
2007_001299_cow,0.8600840550611696,0.8870598395728923,0.904337396845855,0.923402898627735
2007_001311_bicycle,0.4591889496232826,0.7492927864214993,0.4059122281547076,0.739969976762837
2007_001311_person,0.7946563444108762,0.817155193888566,0.7316430524484215,0.6941930150857615
2007_001408_bottle,0.8440958521797709,0.8395392006988426,0.7985520007827023,0.6584774891530963
2007_001408_person,0.9163292034865341,0.6405490313411624,0.6316613690983797,0.6429917404857087
2007_001408_pottedplant,0.3218510064328699,0.6567234848484849,0.2054201776360738,0.5594842742723188
2007_001423_person,0.8874304589707928,0.8002148502442643,0.8817040485258851,0.8423843481440848
2007_001430_diningtable,0.5756899169420381,0.21304192411785733,0.30741733690795353,0.1437808554327406
2007_001430_person,0.968707015130674,0.7785629125592486,0.9569605883369118,0.7745612348595128
2007_001430_pottedplant,0.6185972060535506,0.7100044634317414,0.613206095120825,0.6294291972683933
2007_001457_chair,0.5324523251923721,0.68870437098543,0.8428347280334728,0.9261438571573501
2007_001457_sofa,0.9535407081416283,0.8970067950805863,0.9714488204920523,0.9164348503393791
2007_001458_sofa,0.07624321449030252,0.10242674583709824,0.26655213787085513,0.19751789976133652
2007_001526_person,0.9269946419873356,0.7627546350775346,0.7436634254434338,0.6957960562351653
2007_001568_aeroplane,0.7857759364750561,0.5830205463105596,0.8479949846629201,0.6559157325627462
2007_001585_person,0.9228807718814611,0.9315675003883797,0.953499893835374,0.9588543926782122
2007_001585_sofa,0.30069101009416704,0.3354381859264041,0.5709629729184866,0.6255198767074124
2007_001586_horse,0.7432432432432432,0.7746295323173936,0.8302106318956871,0.8394104676801671
2007_001586_person,0.8667959427207638,0.8786330935251798,0.893955146294371,0.9146697006328663
2007_001587_bicycle,0.3389332213355733,0.6747681933127283,0.38870431893687707,0.7461743647339604
2007_001594_person,0.8039332538736591,0.8855402023718856,0.8446052217678516,0.9116802826230956
2007_001594_sheep,0.6606725146198831,0.8122134488028527,0.7977158948685857,0.9161879228903358
2007_001630_person,0.7765541924049761,0.8063597478613237,0.7186363973588545,0.728139978593699
2007_001677_chair,0.34191482548831253,0.44534133976472906,0.35958385876418664,0.4848239579117766
2007_001677_diningtable,0.14667327995465174,0.3258543895433543,0.11071716923508969,0.23656951142797233
2007_001678_person,0.8829983012457531,0.7645347110873567,0.8203920482094618,0.6008461073567386
2007_001717_chair,0.016487455197132617,0.1307877888095017,0.0,0.0
2007_001717_person,0.872500251231032,0.8226889620047776,0.9214023031702144,0.8852235550708834
2007_001733_sheep,0.7353515625,0.9202104487115043,0.7469049287549638,0.722747233444581
2007_001761_aeroplane,0.9266682010516438,0.7720055495606598,0.9741053767308038,0.9079276868718055
2007_001763_cat,0.9133684389332427,0.7473370414803504,0.9635373009220453,0.8764346400357729
2007_001763_dog,0.9239217611915869,0.7728143612811862,0.9660643236074271,0.9101806278407084
2007_001763_sofa,0.8223653378082151,0.7094488075092926,0.9372309722107693,0.8340499556897627
2007_001774_cat,0.9390910596940748,0.8200213591141589,0.9434890824753931,0.8216725370904046
2007_001884_aeroplane,0.832066276803119,0.8258836009450793,0.8960008140836471,0.9195360637912287
2007_001884_bus,0.8763063484635782,0.9102193116052391,0.936616362192216,0.957932598326687
2007_001955_horse,0.6948338005606728,0.800552104899931,0.7863514719000892,0.8108737332237743
2007_002046_horse,0.9365164189196558,0.8057997452389565,0.8923797990670972,0.7611608440388304
2007_002094_bird,0.901352551047052,0.8936424327800576,0.9170208354928994,0.933678756476684
2007_002119_person,0.8069744867122108,0.6107545309039174,0.8315330758586505,0.7808007420003091
2007_002260_motorbike,0.956248483912938,0.8709452610238216,0.9750754087950468,0.9275949203058184
2007_002266_aeroplane,0.9241229917564233,0.8954502491837085,0.957775234324249,0.9219075157170709
2007_002268_cat,0.3254040866117719,0.5967928159076331,0.8756110809342749,0.9042209887698464
2007_002268_dog,0.8614232209737828,0.6501254967580005,0.8022763199494151,0.6232811640582029
2007_002268_sofa,0.8089723087282216,0.7210733957193771,0.8353795784735011,0.7420286715054346
2007_002284_pottedplant,0.7767459763754901,0.7265922700054437,0.6501461746373214,0.6556863233493161
2007_002376_aeroplane,0.7822348729385528,0.7372259201252936,0.8958984178171924,0.8648301867029773
2007_002378_person,0.5527336860670194,0.5583829209729617,0.8169417312226339,0.7761864184583115
2007_002378_pottedplant,0.5437693879095105,0.31711904363172605,0.36941310242281117,0.15924822695035462
2007_002387_cow,0.8630412890231621,0.8854568854568855,0.909967030180066,0.9318447509936871
2007_002387_person,0.7942723553477499,0.9375064346751776,0.6110376734963648,0.7759795570698467
2007_002400_bird,0.9689052785466133,0.7929575631346004,0.979254702906342,0.7688847572495277
2007_002412_bird,0.7789772727272727,0.875588637399362,0.8671116504854369,0.9208542713567839
2007_002426_person,0.7244261296032967,0.61311242719397,0.9540438528250785,0.8988656783468104
2007_002426_sofa,0.10627558687878945,0.1937223747493039,0.0,0.0
2007_002445_cat,0.7630565310977682,0.4049624278505826,0.9742953090365973,0.8766748899530789
2007_002470_cat,0.9075235693790602,0.7170944518350418,0.9278914681327631,0.7742258944328574
2007_002539_bus,0.9820750447631977,0.5010295126973233,0.987982189999606,0.7621169711255156
2007_002539_person,0.8216317419169007,0.8105631905146861,0.8304398148148148,0.8720787207872078
2007_002565_person,0.9020876826722338,0.9228986540689901,0.89496139780577,0.9422280933509467
2007_002565_train,0.8401975654338273,0.6498613150595529,0.8721351521971838,0.7777238284411094
2007_002597_cat,0.7747624995268915,0.6733706646339676,0.897617728531856,0.8769434336751571
2007_002597_dog,0.8289029149097766,0.657885124646151,0.8756699975758881,0.6877367896311066
2007_002618_sheep,0.9012515509521497,0.7794985364947112,0.9350918168976657,0.8611182601981727
2007_002619_aeroplane,0.8924461029724188,0.784411787335539,0.9466757431359202,0.8988395096979462
2007_002624_diningtable,0.7027490768025663,0.50086887835703,0.9431898246004375,0.8476708074534162
2007_002624_person,0.856924360400445,0.7898932124494205,0.928581713462923,0.8834136391853143
2007_002643_car,0.937598640281656,0.8710481437754165,0.9410167818361304,0.8871289764408359
2007_002643_motorbike,0.4098573281452659,0.5649927219796216,0.4910387357872422,0.6036669323864048
2007_002643_person,0.8188446438586652,0.8715432649420161,0.9050817757009346,0.9556283165857514
2007_002648_sheep,0.7081364719655475,0.5147356012125295,0.7412740342975922,0.5773483517619097
2007_002719_boat,0.2657777578916754,0.2755213479640127,0.4662419051598078,0.32871037829715516
2007_002728_person,0.9592537924362139,0.7882859514422079,0.9643033206507312,0.793480107774838
2007_002728_train,0.3573304157549234,0.5439900867410161,0.9069182389937107,0.9086206896551724
2007_002823_motorbike,0.8776841100683951,0.7565621271518663,0.8754287114159726,0.6431959407287569
2007_002823_person,0.825210244648318,0.8633371416136227,0.8724354103343465,0.8986323851203502
2007_002824_person,0.8838684682066928,0.5921370359191066,0.9795720194209675,0.7599353943447303
2007_002852_dog,0.921833375396091,0.7807676049152369,0.9519693575196936,0.8323896141997946
2007_002903_cow,0.9467803488964417,0.7604851936629238,0.9683620172960014,0.8581998230321742
2007_003011_chair,0.3086350974930362,0.47635921303152107,0.29310153914295206,0.4625948487763172
2007_003011_sofa,0.9487455928203036,0.8428849319168038,0.9384023377600325,0.7449032213703717
2007_003020_person,0.9403678309542849,0.7869897268312058,0.6293218026192207,0.610179739460232
2007_003020_pottedplant,0.17281158109025108,0.24793053075799384,0.3928480852143038,0.5855914782283685
2007_003022_horse,0.7289081619509682,0.7856887979636986,0.8594060414650297,0.9073572294908518
2007_003022_person,0.5944926442851755,0.8597438473129081,0.599120556980579,0.8551150269211943
2007_003051_car,0.9478347271673428,0.8503515895810637,0.963622896177112,0.890126988907293
2007_003088_person,0.8682707721079348,0.5390271493212669,0.8455137605292774,0.632720501455585
2007_003101_bus,0.9663015934372718,0.697004738267148,0.9535058538903529,0.6438434048083171
2007_003106_person,0.8476937228963161,0.6875135065047326,0.8769036676579256,0.8088277825980555
2007_003110_dog,0.626454615981381,0.6465320029204186,0.7373949579831933,0.7467554728439199
2007_003131_boat,0.6916275214147555,0.7080366225839267,0.8382434685936632,0.8110348400466261
2007_003134_person,0.546763607323789,0.26920547224414626,0.6478597910347152,0.5921914164407387
2007_003137_bus,0.956446777576202,0.791384198200419,0.9303155643176517,0.7028885436446286
2007_003143_car,0.9603756298671553,0.8308638951815344,0.9646670549407882,0.8392371414441148
2007_003169_cat,0.6405203407277013,0.44092514923165277,0.5782929095930575,0.35599503431152796
2007_003188_bicycle,0.3466751152884852,0.544844807660558,0.4072711448690561,0.6963495233585208
2007_003188_person,0.8574293430305623,0.6783320722084099,0.8723322648694556,0.7328302922211551
2007_003194_dog,0.8454658749358551,0.7721033424566642,0.8612017231504768,0.8053458392042229
2007_003195_bus,0.9255749305029063,0.8202008112241506,0.9419241175360221,0.86484646285831
2007_003195_car,0.5396666666666666,0.6653259197917899,0.5715202052597819,0.6818022235225278
2007_003201_cow,0.8527410622835683,0.7224412940550423,0.9059001959573726,0.874573825455883
2007_003349_bird,0.9169137573728678,0.7633777600954844,0.9670005695333177,0.9366981639394638
2007_003367_motorbike,0.8506962806275339,0.8424012979989184,0.8689119170984456,0.8965372066098305
2007_003367_person,0.774728781110402,0.866331184148451,0.8336734693877551,0.8868192580899763
2007_003367_pottedplant,0.3686695278969957,0.450359602724609,0.2849462365591398,0.33264113584778093
2007_003373_dog,0.7438370293965962,0.5474303611256109,0.8094922174023985,0.6515136525524338
2007_003373_person,0.9144845169171933,0.8109152661474498,0.9604324565314312,0.9120920111905502
2007_003499_train,0.9540143142314621,0.8305962988348183,0.9536342712896281,0.8252063423110338
2007_003503_bus,0.8664379890663523,0.6571656595599134,0.9806679806679807,0.9372127940306656
2007_003503_car,0.782653694887187,0.8282682970688725,0.6400755251357092,0.6097840626791515
2007_003503_person,0.662663077241665,0.7380295211808472,0.8169712793733681,0.9502803738317757
2007_003506_pottedplant,0.02081657604324185,0.18300782534359178,0.010295881647341064,0.20471596998928188
2007_003530_person,0.8993032696949748,0.7195975137274577,0.9445696780532917,0.8659560445858048
2007_003530_sofa,0.7744418783679754,0.4950637364300034,0.9197772184437423,0.6471731105498348
2007_003571_boat,0.9059299191374663,0.8515962036238136,0.9547634126481498,0.8905703524347592
2007_003587_train,0.8294065926178471,0.5261522884690614,0.8219213268750918,0.5635322453794731
2007_003621_bicycle,0.2357470753739079,0.7889866405995438,0.24493958889063236,0.7764265053904812
2007_003621_bus,0.4824478178368121,0.4101548433561397,0.5434731661588939,0.45482667637157675
2007_003621_person,0.8094800661399963,0.746326164874552,0.8970179662900537,0.8674742361236666
2007_003682_bird,0.7804132712456344,0.8188904172397983,0.8599327677285097,0.8955909369259032
2007_003711_bus,0.9414420115597182,0.68460991827826,0.9408360219618498,0.6826581378820185
2007_003742_diningtable,0.7870582099731215,0.31642569329224934,0.24157506945283247,0.06621232962360886
2007_003742_person,0.9318838254172015,0.6469024503005085,0.9351779308069771,0.7233259749816041
2007_003786_bus,0.8549586776859505,0.7528163725122042,0.9490380679492427,0.9025440705128205
2007_003841_cow,0.2654430968480555,0.1975354544005949,0.9543148384107495,0.6631803249578265
2007_003848_train,0.6865747570839904,0.4314350551113032,0.9275608513116703,0.8257736471697478
2007_003861_boat,0.7215415390385698,0.6526975097582378,0.8045726144048088,0.623023902870874
2007_003872_dog,0.7855270057682223,0.9188363023084221,0.8310249307479224,0.9272071307300509
2007_003917_car,0.9062419766511108,0.5881600194997105,0.9471648463135869,0.6821754765617541
2007_003957_train,0.8322500848814085,0.6469659768502279,0.8856704542499805,0.7918559205661773
2007_003991_cat,0.9528040547472965,0.8750774702918273,0.960765293486337,0.9048275116838209
2007_004033_motorbike,0.32358672075097117,0.20681010183991727,0.2805095381526104,0.3989772553808579
2007_004033_person,0.756937200083455,0.8061276770160877,0.8767614043467877,0.9195533272561531
2007_004052_aeroplane,0.9109818001733316,0.8952622821613101,0.9253618628067968,0.914140745643062
2007_004112_dog,0.388422297500451,0.29034353934865587,0.6119785238212787,0.47183120968510694
2007_004112_person,0.4678113092872671,0.15781455055586563,0.4922143045658485,0.2569563668167536
2007_004121_person,0.747743541861189,0.7913424124513618,0.7666874610106051,0.6859212845114548
2007_004121_pottedplant,0.6918214901359893,0.706233538191396,0.8086460390607856,0.9474622483221476
2007_004143_bird,0.9240037071362373,0.8451096836747061,0.9442378278519167,0.885960027226038
2007_004189_dog,0.6853112441564833,0.6341164453524004,0.9243781094527364,0.9558132886837915
2007_004193_chair,0.9149201596806387,0.8323197219808862,0.9302208835341366,0.8677359654534238
2007_004241_boat,0.6204363411072267,0.4544966582401219,0.5737789692854129,0.4690196659382986
2007_004275_motorbike,0.9075177850413382,0.7844728956687551,0.9293299237170597,0.8319988801791713
2007_004275_person,0.8905951454249522,0.7380830924445956,0.9020504393798671,0.7518998914347752
2007_004281_person,0.9594360086767896,0.9127037285108283,0.9584775086505191,0.8836333193804939
2007_004281_train,0.9404988351963068,0.7146988132792549,0.9521408389480548,0.7624040726388572
2007_004380_motorbike,0.8048588484835232,0.7198872229587169,0.8616806104624437,0.8385755854233061
2007_004380_person,0.7425339784879958,0.7713766945175338,0.7855843941147297,0.801807698301387
2007_004392_chair,0.5309511826874685,0.5121102449888641,0.8048567326300019,0.7829013621667462
2007_004392_person,0.9137288514571067,0.6770132974749739,0.916285801340646,0.7295566688010848
2007_004392_pottedplant,0.3057259713701431,0.49053030303030304,0.42523219814241486,0.7468905472636815
2007_004405_chair,0.46766694843617923,0.5160918307139409,0.3771909047844623,0.5025320579263778
2007_004405_diningtable,0.6452322469479782,0.4047404353986861,0.5429766020744553,0.4069530180540848
2007_004468_bottle,0.15260871064519466,0.2571444628656532,0.11708259984122053,0.244356641857331
2007_004483_train,0.9592603463457587,0.813268966442053,0.9520704765659354,0.7942698888925521
2007_004510_chair,0.800854655483597,0.6217344257226773,0.4824246025850542,0.5976871238803073
2007_004538_horse,0.6689675770749677,0.7293089169043895,0.737387904288325,0.7573392160190056
2007_004538_person,0.7862229102167183,0.8476811488021101,0.8361901681759379,0.8637432055237255
2007_004558_pottedplant,0.6245875595747281,0.7018374920797755,0.46725726435152376,0.5246243739565943
2007_004644_dog,0.48743626257522166,0.348372403502572,0.9569868509026075,0.8890284005979073
2007_004649_train,0.8250719460156792,0.6766975110860483,0.9065965661710342,0.8051434500939507
2007_004712_chair,0.2829367382472432,0.5074826173044159,0.187010078387458,0.4000942103460089
2007_004712_person,0.933820782409137,0.8377367808388303,0.959731543624161,0.8658501544429279
2007_004712_pottedplant,0.5955434641792978,0.42728429625859,0.6922362411951389,0.629676706272451
2007_004722_person,0.7863898112731705,0.7276709034695981,0.9019258545979778,0.8572254669519459
2007_004856_cat,0.8701367860499113,0.5264536716041601,0.9276016629855788,0.7138622939633665
2007_004866_cat,0.9322957635689403,0.637097651152675,0.9390912204589565,0.6628777958200199
2007_004902_horse,0.9668874172185431,0.6318973641808288,0.9545682348070512,0.6298620933521923
2007_004902_person,0.9597947682731937,0.7351052048726467,0.9643836079997293,0.7828130480533146
2007_004969_sheep,0.9105745584618824,0.915395614871306,0.9338025071475698,0.9600902720038009
2007_005058_sheep,0.7335473515248796,0.9210526315789473,0.7480559875583204,0.9191103789126853
2007_005074_boat,0.8201686577652846,0.6077614623913695,0.8241803278688524,0.6085732449368813
2007_005074_car,0.5071622144792877,0.6831023812727028,0.5727185398655139,0.7343708076200698
2007_005107_bicycle,0.35680043829612385,0.791638519852886,0.37921432871764,0.8514592933947772
2007_005114_horse,0.29205148716456986,0.3287577733960261,0.5110547810167582,0.5345941580293445
2007_005114_person,0.6094104308390023,0.6411225550411036,0.6814967589864467,0.6867094581838776
2007_005149_dog,0.9298894613995684,0.731415420023015,0.9379252820580359,0.7258866338663387
2007_005173_motorbike,0.8699826761018293,0.73193824167411,0.8843724649437942,0.7212326414446244
2007_005173_person,0.7043030824419303,0.6242215288990325,0.2680277926242651,0.30174360344712403
2007_005281_bicycle,0.37424924924924924,0.7565728012811958,0.38312173263629573,0.7770305907172996
2007_005281_person,0.7185761957730812,0.8708931248661383,0.7705452390359542,0.9028576369374433
2007_005294_bottle,0.32612181866777534,0.17759472133460596,0.5495151686144069,0.25848145402080036
2007_005296_car,0.3963645404569187,0.3757096636346987,0.6416648483526075,0.43923202318420573
2007_005296_person,0.8118741058655222,0.9253524381788768,0.7978723404255319,0.9121962402567629
2007_005304_bottle,0.3545756569012383,0.3444966305901572,0.5225448270687973,0.4900962399283796
2007_005304_person,0.9388441759544247,0.7851543136210917,0.9630079974692805,0.8119179997953406
2007_005331_car,0.883681535855449,0.8813111868881311,0.8713450292397661,0.8722438391699092
2007_005331_horse,0.7938644814763807,0.8171529958999688,0.8841041794714198,0.9105493070897771
2007_005331_person,0.8557326188125793,0.879869659666908,0.8828102912072378,0.9225382616228703
2007_005354_motorbike,0.8398201003286628,0.7280079455164585,0.9390492209631728,0.8769564662326056
2007_005354_person,0.890683779597256,0.8908773198361051,0.6862698600901115,0.6822678372696921
2007_005428_bottle,0.2372367873491469,0.1797058823529412,0.3052783395776002,0.32103023660627944
2007_005460_cat,0.9533872309097602,0.8822014989415871,0.9722436067914282,0.9377607175730989
2007_005469_sheep,0.15005330490405117,0.09575987885368153,0.295848528750562,0.15447363901768849
2007_005509_aeroplane,0.7482317531978931,0.7642455753374298,0.8306528409692097,0.8977722641609037
2007_005509_person,0.5397614314115308,0.8364179454140799,0.5757642401583462,0.7689305230288837
2007_005547_car,0.8430322633252698,0.7410807518273581,0.9242995905916352,0.8908566628068024
2007_005547_cow,0.9350899742930592,0.9085632023776353,0.9374461979913917,0.9209639212827988
2007_005547_person,0.6854428232100441,0.6863562423749492,0.7944990176817289,0.9045832216563924
2007_005600_aeroplane,0.5313257881972514,0.757518337408313,0.5355375618533513,0.5761402648357038
2007_005608_motorbike,0.723159051656461,0.6816892936930744,0.7908366533864541,0.746875208876412
2007_005608_person,0.8708171821849537,0.7572989337896538,0.9027531997201531,0.8260258040085472
2007_005626_train,0.8949305889905312,0.5373320318178986,0.9400671551960805,0.6866572662377721
2007_005689_train,0.9673722456210119,0.7927393551562885,0.9670134924042423,0.7890668783859518
2007_005696_dog,0.9157792172146896,0.7224807384239835,0.9080439922429137,0.6963432447822535
2007_005705_boat,0.32542771320360453,0.3681507518062878,0.3215184618178987,0.37658759202652087
2007_005759_motorbike,0.9099843091915104,0.9389365978439612,0.9272758238950864,0.9518926865123116
2007_005759_person,0.6153846153846154,0.9090041361756284,0.6057319907048799,0.724967277486911
2007_005803_diningtable,0.6978977572173098,0.6017740901885392,0.7931034482758621,0.6944376973524411
2007_005813_pottedplant,0.3318912541173,0.6024765620766271,0.4275751974458074,0.7202909047015511
2007_005828_aeroplane,0.9065963060686015,0.864740217626288,0.9554085008908119,0.9432642487046632
2007_005844_chair,0.5561000303735952,0.5704648480459216,0.3646473754679345,0.473152359295054
2007_005844_diningtable,0.17466124661246613,0.19382642409782286,0.3346409574468085,0.28442023533660354
2007_005845_cat,0.8945875822120316,0.7718016678518327,0.9182853717026379,0.7553257369333664
2007_005845_person,0.9623634095384107,0.7756697337350379,0.9745517640254482,0.8427700697730371
2007_005857_pottedplant,0.4937129968987877,0.7003973931012558,0.5567320418722176,0.7942704132658
2007_005911_bus,0.9800770191141044,0.7859998050112118,0.9843956414189327,0.8187664907651715
2007_005915_sheep,0.8820307874481942,0.8023847458498227,0.9324546952224053,0.8441537893571014
2007_005978_bus,0.8743927173246545,0.6627285866901276,0.9239009645730542,0.7737868047982552
2007_006028_person,0.8335650723025584,0.6216651931977742,0.8538303492808923,0.7465320742429176
2007_006035_car,0.7387717690192483,0.8760506494924135,0.7926829268292683,0.8695437324987646
2007_006046_boat,0.531966813079551,0.5188036850772175,0.8365809301117173,0.9411389884508164
2007_006076_person,0.9006578718368199,0.6749537494614664,0.9111816019032514,0.711420310805927
2007_006086_bottle,0.7502911113986286,0.8102448920446312,0.8014214641080313,0.8751236587778708
2007_006086_diningtable,0.8962766217153124,0.5910167638483965,0.5776909336728149,0.23312891356271384
2007_006117_person,0.8123220569771349,0.4216737450393372,0.8780683178344536,0.599706067604451
2007_006171_dog,0.7129612019779383,0.4282877924120307,0.7494604836105966,0.5901755473402254
2007_006171_person,0.8118642997030766,0.732834008097166,0.8169850283944243,0.7811142012862854
2007_006171_sofa,0.5425786534392452,0.49729758372191607,0.6956894907495709,0.6503860942514856
2007_006241_chair,0.6634490563525614,0.6648375894553059,0.5899614507119817,0.46334292374572106
2007_006241_diningtable,0.8832150931628596,0.6395453185761292,0.5290951276102088,0.41114003123373244
2007_006260_cat,0.9018553658022349,0.7651261835204675,0.9421661950090043,0.852212451144612
2007_006277_car,0.8694103951242895,0.6076332441287547,0.9769213686602094,0.914697297806233
2007_006348_chair,0.40088187418869636,0.3074393967069384,0.6492231199502797,0.5050965343566375
2007_006364_horse,0.9374298154021947,0.8058218052148403,0.9401583575378983,0.8160874370625076
2007_006364_person,0.8857513093245505,0.8429057306038632,0.8697962313759859,0.824888948264921
2007_006373_person,0.7506129597197898,0.7955168900384043,0.9205737529436951,0.9537430976735766
2007_006373_sofa,0.975565985643291,0.9036580178647384,0.9833414312486985,0.8507713607594937
2007_006444_dog,0.8725457935724471,0.8414914189025864,0.8928728070175439,0.9073719483006223
2007_006444_person,0.9216289972710098,0.7887323943661971,0.9445959523467776,0.8368747233289066
2007_006449_bicycle,0.3210237697231622,0.4768694489542546,0.39457916908594515,0.6073743238548955
2007_006549_boat,0.7192393736017897,0.8790196078431373,0.8371428571428572,0.927504481179048
2007_006553_chair,0.21904151119402984,0.10636200949243976,0.5286188483186607,0.44785520650613936
2007_006560_person,0.8980033277870216,0.5076182320531256,0.9269723587718591,0.6976129981278417
2007_006647_motorbike,0.8859241430824135,0.7140181278473579,0.9078187018445015,0.7325700235510199
2007_006647_person,0.7974712188498855,0.7694192018964836,0.7811346295840512,0.8783505977685967
2007_006678_sheep,0.8057002977553825,0.39219089569872084,0.8384883824976884,0.45145962685774144
2007_006680_train,0.8521834210346477,0.5833107215860784,0.9091817218317151,0.7482457149430576
2007_006698_person,0.9522101563556076,0.7127197163228733,0.9480745364121426,0.6771836421131617
2007_006761_cow,0.9006468630283239,0.859288722508189,0.9281678249009547,0.8939868908520946
2007_006802_person,0.5700119000396668,0.4919831223628692,0.6190291262135922,0.5258176464402146
2007_006802_train,0.951448258915316,0.5907566252720522,0.9586991365492994,0.6058804012148745
2007_006837_sheep,0.46601941747572817,0.5122253940672707,0.6017441860465116,0.5818204426759512
2007_006841_cow,0.8000874763084997,0.8408751579189158,0.7682206584568987,0.7309842648273742
2007_006841_person,0.7452845141860833,0.8315592635212888,0.749581799933088,0.7596553773024362
2007_006864_person,0.6288445867839072,0.5909017822908808,0.5831572504845314,0.5975748869829736
2007_006866_horse,0.7995837857401376,0.8391215910803074,0.8284530199062436,0.8499020097605964
2007_006866_person,0.8438217730822233,0.9087908600444303,0.9056936647955092,0.9447570332480818
2007_006946_aeroplane,0.9018970066417978,0.8788845748777843,0.9366849366849367,0.9302504816955685
2007_007007_person,0.8945681562718352,0.6446091012565001,0.6549248636165869,0.6222232379559375
2007_007084_bird,0.8332855586768331,0.7084725402605203,0.835030549898167,0.8700680539711262
2007_007109_horse,0.9132825060940822,0.7387414393432794,0.9623633767232384,0.8017355258962329
2007_007109_person,0.9510161901481227,0.847316219369895,0.9563642695455337,0.8058486422794708
2007_007130_pottedplant,0.15312046444121916,0.7676290651497263,0.16282118510749868,0.7820498736680215
2007_007165_sheep,0.5907314349525404,0.3379945429740791,0.7371837623938464,0.5537376910992758
2007_007168_train,0.945057448353432,0.775885058096819,0.9622166983477116,0.8722300411181941
2007_007195_person,0.957499100827239,0.8033218220687387,0.9698380813245678,0.8319860170417304
2007_007195_train,0.49471354806983037,0.45427531386969766,0.6478614225544285,0.6058901767053012
2007_007203_chair,0.2642679900744417,0.5868959554231915,0.2686277050667358,0.5010060362173038
2007_007203_person,0.9027866605756053,0.8852067381316998,0.9176252319109462,0.9144817446704239
2007_007211_motorbike,0.952512725906187,0.8655101004180831,0.9702450202714613,0.9239092495636998
2007_007235_bicycle,0.2774916119276027,0.6201036621633104,0.4341838368741326,0.7737255348202093
2007_007235_person,0.5609876239147835,0.4767321613236815,0.7670250896057348,0.6978992871227059
2007_007341_aeroplane,0.884270233660684,0.8295814888072588,0.9324723409882312,0.9223986464501854
2007_007341_person,0.6088992974238876,0.655653659925947,0.6806387225548902,0.7355850763143018
2007_007414_car,0.9200475435816164,0.7896696696696697,0.9479011377010592,0.8693316277582347
2007_007414_person,0.8820293398533008,0.9308093994778068,0.890556597873671,0.9439088518843121
2007_007417_dog,0.6566082216001179,0.5930094002383159,0.6591143454818655,0.5972608112967018
2007_007417_sofa,0.7318548840556892,0.39207199677626375,0.9709490387549587,0.6459637081398739
2007_007470_aeroplane,0.8780875088214538,0.9085305798252581,0.9054618036653965,0.9362063441204742
2007_007477_boat,0.8236344834069756,0.8357286938981341,0.8857258227336967,0.8509095534919221
2007_007493_bottle,0.7347985347985349,0.8469673405909798,0.8260300850228908,0.8490957604506374
2007_007493_chair,0.5458623009643417,0.4855597322820207,0.8461538461538461,0.7374592833876221
2007_007493_person,0.9249098899857895,0.6593350299104339,0.9459219165233703,0.8098129027249437
2007_007498_diningtable,0.6080932999373826,0.237635264505303,0.6181564282265116,0.23369050493045368
2007_007498_person,0.8530524563831126,0.3899467392049741,0.8748908844629509,0.544316584680253
2007_007524_cat,0.9281803912560774,0.7813643410852713,0.9604559527160146,0.806125492067279
2007_007534_sheep,0.9443544589886054,0.6544981245003793,0.9567172891606618,0.7719481905700268
2007_007624_pottedplant,0.6979813520677702,0.6448720697090831,0.3361668690620759,0.4056636368468612
2007_007651_diningtable,0.8924167657900626,0.29954356563798623,0.9498635219605572,0.40497233323086385
2007_007651_person,0.874826585950309,0.8457014018233506,0.8920603674540682,0.9116492146596858
2007_007688_motorbike,0.7728208988559564,0.3654878610844679,0.7895463510848126,0.40310475994654055
2007_007748_horse,0.6556127403379297,0.745262596008422,0.7054199420769549,0.8057752551099532
2007_007748_person,0.7997758685095255,0.8734443323242516,0.8135242041815784,0.899673667475525
2007_007795_chair,0.0,0.0015402736250792787,0.0,0.0
2007_007795_person,0.8395370299161732,0.7962833349997858,0.5843722078032592,0.4877168471300501
2007_007795_pottedplant,0.39180576631259484,0.5760436810374246,0.19021310181531176,0.4653881150696437
2007_007810_diningtable,0.963629981446061,0.2884302179904786,0.08408766940904913,0.0213985137433969
2007_007810_person,0.9189875086516595,0.6213468163129237,0.8852713690751636,0.5029803040774016
2007_007815_car,0.8254941841988178,0.6842713460303873,0.8535111578166533,0.6484797447034837
2007_007818_car,0.3580039771314939,0.32800235066952105,0.033477462364969415,0.14366051702866325
2007_007836_bicycle,0.33456005352960855,0.563627035552093,0.46811443045518886,0.6831437269668322
2007_007836_person,0.825127274021859,0.8618273715354112,0.8399559367377449,0.7805206928741831
2007_007849_person,0.47030123037759863,0.6279377689506785,0.40130010834236185,0.6394380275433141
2007_007881_train,0.909255256435449,0.7569214208826696,0.9063437426561053,0.7132894227043781
2007_007996_chair,0.21881416837782341,0.36408095472440943,0.2854035489410418,0.28870974478927364
2007_007996_person,0.8996193726210788,0.8399472485313512,0.6475540069686411,0.5809408580100074
2007_007996_sofa,0.19236379236379236,0.21655500324184138,0.2956649253047383,0.3668307851775071
2007_008051_bird,0.8769580080616358,0.5948033041111498,0.9502435534028676,0.8646668285968747
2007_008084_bird,0.6716101694915254,0.7326861152496756,0.7332625892340343,0.7525269623252889
2007_008106_chair,0.6019735495229906,0.6048707155742634,0.6410191298459454,0.6711602990522164
2007_008110_cat,0.8166533226581265,0.7237111060640472,0.8364266270725068,0.7671565918886065
2007_008110_chair,0.200397134402741,0.20610585760579128,0.20800686079600827,0.19303881686499638
2007_008110_person,0.7730136506825341,0.7737524805188519,0.8534800121269869,0.9018528271173457
2007_008204_bottle,0.8135172413793104,0.868162506638343,0.8718238283455675,0.9378991710830276
2007_008204_person,0.8763727959697734,0.7287725225225226,0.8641336781380545,0.7260586500472984
2007_008222_dog,0.924883998409121,0.8831414332359512,0.9396314853725554,0.908600435097897
2007_008256_horse,0.7891933293875988,0.6395648439736616,0.8130631472688525,0.6512634245868927
2007_008256_person,0.7822810590631365,0.8483811748998665,0.7639776357827476,0.8275638427239562
2007_008260_dog,0.8255862471835099,0.7171814156931776,0.9630967035973191,0.9223469294643671
2007_008260_sofa,0.9737735165233435,0.6358738890277998,0.9594479434361726,0.6321612841582266
2007_008339_train,0.9330631455092169,0.8765304456657779,0.9385959063937596,0.8993682810595146
2007_008374_person,0.5330993467875598,0.6003575922124362,0.568727124847499,0.6605344482821305
2007_008415_dog,0.8584392014519057,0.8384081805451525,0.8860765573219346,0.8792737874370528
2007_008430_person,0.9611142893465547,0.7337109650152618,0.9725928423486344,0.8871379258592226
2007_008543_chair,0.34939140978407873,0.2695886524822695,0.3896771310468104,0.33671883096693955
2007_008547_pottedplant,0.6599692750607846,0.455764379701384,0.6678437889488991,0.561706794154612
2007_008596_horse,0.8516182687642941,0.7848274096514058,0.8718153444146041,0.8318185828994971
2007_008596_person,0.6537944929482874,0.663842765164351,0.7891234074919186,0.7729770374226387
2007_008645_boat,0.3816776007497657,0.74804884767239,0.7649687220732797,0.7943339960238569
2007_008670_bird,0.48985287856568427,0.5014015529851468,0.48717948717948717,0.4462543893874366
2007_008708_person,0.949949264332826,0.8246484446338346,0.9618701651683044,0.9019901500532819
2007_008747_bus,0.9449506739965359,0.8407760168631431,0.9664554223613551,0.8937871724803086
2007_008747_car,0.5200418264203556,0.4270193670288144,0.7046824292999536,0.7545435554627115
2007_008802_horse,0.7107267188859878,0.7033820138355111,0.7729979341353749,0.7818490245971162
2007_008802_person,0.7302955665024631,0.7509363295880149,0.6898395721925134,0.7253016976886889
2007_008815_cat,0.931474019088017,0.7115280858461723,0.937549113769318,0.7800327045494364
2007_008897_chair,0.7947129645786076,0.8302510589936977,0.8997813064562138,0.9288821340600597
2007_008897_person,0.8948367230020051,0.7938287253426285,0.9153512957932604,0.8181296834378345
2007_008944_person,0.9674508379450582,0.8001367265028889,0.9865350606030108,0.8341475012969047
2007_008964_person,0.8247237981487011,0.2944293350839351,0.9600527936647603,0.6885662729658792
2007_008973_cow,0.9181485685458444,0.8737787582729278,0.9374088374088374,0.9060627845674575
2007_008980_dog,0.9091748413156376,0.790505737525605,0.9111232099254273,0.797961642536886
2007_009015_bus,0.8874215552523874,0.7976519337016574,0.9480685448736567,0.9469753221227343
2007_009015_car,0.8988529718456726,0.9102177022088034,0.8027777777777778,0.7257986054807848
2007_009068_chair,0.18306127681394752,0.29830660994764396,0.2281812947273176,0.31539389067524115
2007_009068_person,0.6799411344987514,0.708202656875494,0.6754797639514892,0.7102312169594703
2007_009068_pottedplant,0.5316384180790961,0.5254618473895583,0.7275329135661134,0.8490679494888755
2007_009068_sofa,0.522990975504942,0.33963869869637536,0.6522707034728406,0.45175799197175603
2007_009084_chair,0.3404050144648023,0.4288658543977693,0.3907868944273313,0.3994509265614276
2007_009084_dog,0.7665113729788984,0.7692920918367347,0.7917194761301225,0.8271828268210323
2007_009084_motorbike,0.8146137415450339,0.6782873886264427,0.8269736261797653,0.6726103365940076
2007_009084_person,0.5205441421432537,0.8618525646389423,0.48203148203148205,0.8080467919177596
2007_009088_bird,0.017863607251260058,0.04096806682860359,0.12245096811013209,0.07303147651673121
2007_009221_cat,0.9086735530414822,0.8479501673892761,0.9381806895773376,0.9022880139588552
2007_009245_cow,0.8554607543116551,0.7236441244033169,0.9004794885455514,0.8566968409384814
2007_009251_horse,0.8447597472278526,0.8789863115057344,0.8840250821140639,0.9042345756226776
2007_009251_person,0.5732747479968984,0.6207677165354331,0.6089193825042881,0.7001662049861496
2007_009252_pottedplant,0.10634509550016187,0.5971014492753624,0.10790190735694823,0.6327225130890053
2007_009252_sofa,0.9277438202884575,0.4870317940707475,0.6280913081151721,0.2935318628387935
2007_009258_bicycle,0.3747617232176897,0.4122527634290608,0.46939007737824306,0.6179951244736648
2007_009258_person,0.7950059774885525,0.65327699361683,0.8562590556794922,0.7428629727874752
2007_009320_person,0.9495476687543494,0.8784017527675276,0.9595425100253897,0.87987863742932
2007_009320_sheep,0.7503176620076238,0.718454217434503,0.7635886486967352,0.7569815461922778
2007_009323_bird,0.8618024424176843,0.7789016835252529,0.9239879052578532,0.8989256198347108
2007_009331_dog,0.8388555606829718,0.8681029952706253,0.8748587570621469,0.9208113468807305
2007_009331_person,0.8420771829983994,0.8266178266178266,0.8933016627078385,0.8956615071743306
2007_009346_cat,0.9217983903296432,0.8856128241678546,0.9603092450022643,0.9391448647807711
2007_009392_bus,0.7665795904609422,0.509092359227947,0.8720192307692308,0.8069678690139112
2007_009392_car,0.6726035621372823,0.7120989108036503,0.7769516728624535,0.7087583538515653
2007_009413_chair,0.4982009044993893,0.5883726697805151,0.5515057078012262,0.6151112615280481
2007_009413_diningtable,0.7320232794586825,0.34676684881602915,0.31041119860017496,0.33926713947990544
2007_009413_person,0.9676173397247991,0.8475737358922535,0.6342864422286303,0.414052222802876
2007_009458_bottle,0.037721447796569316,0.07342072848847439,0.0,0.0
2007_009521_chair,0.0893236920459379,0.30501427641136103,0.0,0.0
2007_009521_diningtable,0.7575214186092847,0.653597259231062,0.6175298804780877,0.40008352474420544
2007_009521_sofa,0.3529912347885286,0.18242818200880687,0.6277948632698861,0.3665695557174071
2007_009562_dog,0.9431440274264583,0.7817439310292672,0.9743957050860145,0.8976798444588464
2007_009592_dog,0.8936451390484946,0.6888359473231421,0.9092534902503749,0.7930401637608527
2007_009654_person,0.9465626637173293,0.7736260498010903,0.9775089616477443,0.8411047651521609
2007_009655_person,0.4180149187642631,0.3626901680856579,0.4585220291381429,0.4321681275741895
2007_009655_sofa,0.1811919182578945,0.27911464929738855,0.15633106856084003,0.2808442895177449
2007_009684_person,0.9393173198482933,0.8521945504250908,0.9505655754053053,0.8931442507451901
2007_009684_sofa,0.811489725391104,0.598627611634576,0.8751213074026629,0.7188181713804584
2007_009687_person,0.8949117303087119,0.5924730672488254,0.9507846280911432,0.7913551588889778
2007_009691_motorbike,0.8610255376731063,0.7220728428257149,0.9041627505078373,0.8069322238776601
2007_009691_person,0.9152041449264786,0.8388495010248311,0.9454186037998316,0.8991411127591321
2007_009706_diningtable,0.8260521333915829,0.7421875,0.9498352251922373,0.9496070440983845
2007_009750_person,0.7880201530136219,0.8550032160249931,0.8711101766190076,0.9266845329249617
2007_009750_pottedplant,0.7756334407768575,0.7101498349276221,0.44216856149581885,0.4445231716227886
2007_009756_motorbike,0.8670760697305864,0.7896124156109632,0.9190276499266987,0.8751238850346879
2007_009756_person,0.8834881663348817,0.8392323744834077,0.9113852100267151,0.8804839904518891
2007_009764_bus,0.9584751531654186,0.8078692331740431,0.9690187249464609,0.8527938430711781
2007_009794_cat,0.9807541753653445,0.7976052631578947,0.9809512151486333,0.8667833172285916
2007_009817_bird,0.9048459705181393,0.820541436816428,0.9398441746693241,0.8790974882928906
2007_009841_horse,0.8384629561371176,0.8550898203592814,0.8563820018365473,0.8963945716021876
2007_009841_person,0.6515106192043075,0.8364058269949722,0.6730596344021577,0.8501719964326666
2007_009897_cow,0.9347161391620528,0.9263580591187953,0.9424265302127898,0.9351971774373632
2007_009911_aeroplane,0.9360698443990706,0.9205915717826982,0.9669504256384577,0.9564794039202404
2007_009923_cat,0.921225794322241,0.8402715511720251,0.9506615394642508,0.9067173970086592
2007_009938_car,0.862703034017775,0.8012283640424344,0.8904659055846961,0.8670779584969153
2007_009938_motorbike,0.6708097165991903,0.6495925494761351,0.7793067574596869,0.766740550629958
2008_000009_cow,0.5805369127516778,0.6604950495049505,0.5971093044263776,0.6593028964162985
2008_000073_cow,0.8678513731825525,0.8151868460388639,0.9231735070234639,0.8816130225675176
2008_000075_bus,0.9471639471639471,0.7907422952392373,0.9687735396836267,0.8885266263002639
2008_000080_dog,0.8526971972708978,0.876404874746107,0.912557113596975,0.9233195826255763
2008_000120_boat,0.6343720914199041,0.44310526890725704,0.768907423956575,0.5805746157858834
2008_000123_bird,0.7857142857142857,0.8279431712715071,0.90408092082316,0.8725345893435384
2008_000149_chair,0.8819128171763175,0.7890011223344556,0.9415243834393483,0.947142278070531
2008_000149_sofa,0.9573759230637129,0.8679541454597346,0.9600725331873546,0.8881473066363722
2008_000182_cat,0.9282922226715191,0.8788962229556289,0.9531605922551253,0.9378116749779994
2008_000213_person,0.38721879595949815,0.00403097822636958,2.541037759821111e-05,0.4299156391953277
2008_000215_person,0.9471559592330129,0.6863112547119009,0.9644642370262656,0.772096348219782
2008_000223_person,0.5200428214583086,0.515608772680066,0.5809153818137671,0.6142322097378277
2008_000233_person,0.7901448219327808,0.6262799938865964,0.9258447160316319,0.8068792995622264
2008_000234_person,0.9472267572695583,0.4368562472010748,0.9559287867706084,0.7676468199171472
2008_000239_dog,0.8696957292945832,0.7204469062159731,0.9172459304883414,0.8037155868350238
2008_000254_person,0.5462207005530683,0.8512667235980643,0.4185004074979625,0.41677306096393235
2008_000270_dog,0.8429736629101551,0.5224622669428826,0.9592954990215264,0.7554870176445273
2008_000270_person,0.6458795953614607,0.4747561499294522,0.7421435659940456,0.6703802326036731
2008_000270_sofa,0.3689958807301311,0.3190341920118262,0.7479264334655608,0.6178630169172933
2008_000271_person,0.9184964928331808,0.6103014656895404,0.9316096102289132,0.7569905113779495
2008_000345_cat,0.9728630958430735,0.913109756097561,0.9774834095075787,0.8637022900763359
2008_000359_person,0.9639485971176224,0.5152493217326223,0.9745975268315445,0.704002079002079
2008_000391_pottedplant,0.691804436670647,0.6967816652444228,0.7220528566728808,0.6214160626861475
2008_000401_cat,0.9418181305034996,0.6447875208627551,0.9656829497077711,0.7662060122524577
2008_000464_cat,0.8779893963182925,0.7133707620189688,0.930181590482154,0.8428001408285413
2008_000469_person,0.6957820082120194,0.8809523809523809,0.5162393162393163,0.5485629898898103
2008_000474_person,0.7985857532023416,0.7663368957416538,0.8775881960046147,0.87828418230563
2008_000501_car,0.9778612219353829,0.9427526201305122,0.9752479052963333,0.7925131061598951
2008_000510_person,0.647169013233428,0.748316256503559,0.6927757141027283,0.7887434043384796
2008_000533_bird,0.870234251562822,0.7823976554629545,0.8824628156347285,0.8134199527530438
2008_000573_diningtable,0.794063330480609,0.4778936680819642,0.4864125560538117,0.4528998595223761
2008_000573_person,0.866499062553264,0.7228373225524877,0.9246210765007757,0.7635200211095718
2008_000589_sofa,0.7716419206390553,0.5904461774026991,0.9377895272974218,0.8748417435340929
2008_000602_horse,0.8417530264548303,0.6153952079316992,0.9417295673299827,0.8091946734305644
2008_000630_person,0.8595775324051849,0.8618669444082802,0.8831936914736324,0.9266859519074309
2008_000657_train,0.9349555902356319,0.7709512728788247,0.9629592810561476,0.8655552667731037
2008_000661_dog,0.8764229970645092,0.7861848847764341,0.89513416548322,0.8646950749718485
2008_000661_person,0.8139205014019463,0.5974756482370696,0.8268979167365561,0.6068665040083653
2008_000662_person,0.7474095862022863,0.7646837599274384,0.8937669175720272,0.9036219123316358
2008_000666_person,0.8345588235294118,0.802899936265137,0.8955407735895541,0.9013364131331464
2008_000673_chair,0.5607937019474242,0.4023582217155885,0.8625745665384401,0.7121144611119362
2008_000673_person,0.8158677524747647,0.528620166793025,0.8453670886075949,0.6209228919284533
2008_000700_person,0.7805058788657248,0.8091115483578023,0.7981915538492624,0.8267914470894664
2008_000725_bicycle,0.4864181091877497,0.7465465070385475,0.5938767499672903,0.8433798023430853
2008_000725_person,0.7266300078554595,0.7371639328350966,0.8902221087567016,0.941999808263829
2008_000731_person,0.34410819624958033,0.40205158264947244,0.4157335630203847,0.4301439208876593
2008_000763_diningtable,0.25588143200083496,0.01085239370835909,0.1608516617280859,0.017244285617962377
2008_000763_person,0.8660010509721492,0.8207960722426793,0.8619606772255598,0.8659875996457042
2008_000765_horse,0.646760343481655,0.5821906067877957,0.7412452466087747,0.6732281632463121
2008_000782_motorbike,0.9185316157278774,0.7427756653992396,0.9360920496291676,0.7847466404993595
2008_000795_person,0.8803718284312715,0.4123936672967864,0.9544500443376848,0.6823397122212274
2008_000811_motorbike,0.7888440560433099,0.5771826345714438,0.8726692491419625,0.7114461173499647
2008_000811_person,0.509494509376748,0.5612822760062024,0.5092545580429264,0.5448473074152496
2008_000848_bird,0.668233082706767,0.8709624258404747,0.773976153447382,0.9141430948419301
2008_000853_cat,0.7919263876521223,0.82905050104177,0.8391356542617047,0.8885815883050178
2008_000863_dog,0.8488252148997135,0.8313700918964076,0.8958169380713118,0.8923449110074304
2008_000911_bottle,0.2601958214478452,0.3263947059809013,0.9315516553649781,0.9150055917373857
2008_000919_cow,0.9763906938817114,0.8277842553007729,0.9845262369976512,0.8414151509094543
2008_000943_dog,0.9473470118290243,0.765499444698504,0.9657305332468699,0.8680520186071781
2008_000992_person,0.9616415879622219,0.8212799614842327,0.9834246210023181,0.9223653436660034
2008_001013_boat,0.33826577263029567,0.1838004119687771,0.4974424358332195,0.21858998507108673
2008_001013_person,0.8343422114608555,0.9305790201197973,0.684628595963933,0.7043641482871891
2008_001028_person,0.9176697706109471,0.9024323585679147,0.9530849825378347,0.9511569904392407
2008_001040_boat,0.9044936036576918,0.8362248711593689,0.9644050052345581,0.9282778290411878
2008_001070_dog,0.8133985928418477,0.710322039232141,0.956583461492961,0.9233065979743574
2008_001074_person,0.9138304577326085,0.7532419687592101,0.949085253550526,0.8405116290944369
2008_001076_person,0.8677828836616771,0.7879277911620078,0.898102368507793,0.8677105641961872
2008_001078_cat,0.8379449186664519,0.6947841506665036,0.8771497975708502,0.7831641418085272
2008_001078_pottedplant,0.47955647955647956,0.4109947643979058,0.3642493011017925,0.4819123795673514
2008_001135_boat,0.7836916622968012,0.7026386695159342,0.8676579925650557,0.8454294195925888
2008_001150_motorbike,0.7741228070175439,0.7360406091370558,0.7927867383512545,0.7581168831168831
2008_001170_person,0.9199679515712632,0.8181730583927539,0.9415477996965098,0.8839267820161667
2008_001231_bicycle,0.28122087604846224,0.8976709381722945,0.31059862610402356,0.9171854367100547
2008_001231_person,0.772962226640159,0.8469086557638612,0.8200949040643697,0.8938618925831202
2008_001249_person,0.8969701556547844,0.7016981195773269,0.9556709910103892,0.8733402609398453
2008_001260_boat,0.7526333924000788,0.5833892704084267,0.777565863086156,0.6812448984965376
2008_001283_person,0.9350790896444909,0.6298072517335125,0.9690908021987713,0.8369791181854851
2008_001283_pottedplant,0.44957047406936046,0.4598428633784374,0.4138855054811206,0.31024254056883616
2008_001308_person,0.7235461542348047,0.41629872825389636,0.9496776464893172,0.8829715237649018
2008_001379_dog,0.9530929256411041,0.8911495036750776,0.976906552094522,0.9240962009803921
2008_001404_bicycle,0.6079086781029264,0.5306609045525669,0.6239863152559554,0.5281542493448147
2008_001404_person,0.843812415115443,0.7008083935328517,0.8965953143435025,0.8089676505449395
2008_001433_cat,0.8676040241727416,0.5569716471989257,0.9335321134898882,0.7325160466035957
2008_001439_chair,0.6546704119316157,0.593965782645028,0.4388284725654968,0.5639909735654417
2008_001478_dog,0.4173386620001419,0.44723883221948646,0.3500794281175536,0.4257415911629639
2008_001491_person,0.8457312469081157,0.7428487835617672,0.9100293439530497,0.8527380761201221
2008_001504_person,0.9116348901993415,0.6650639461095382,0.9334148283973255,0.8427300444844305
2008_001513_cat,0.20656763096168881,0.3393160519537458,0.9723500522061951,0.9487425241527373
2008_001514_bird,0.7501728907330567,0.7924076078552652,0.7666143380429095,0.9096659418857481
2008_001531_person,0.8207604385351062,0.8358742949234488,0.8543377885783718,0.8739526291482483
2008_001546_aeroplane,0.9274258641866994,0.8873662890056333,0.9553438846836406,0.9320225082465559
2008_001547_person,0.905406190116718,0.8869724187266513,0.925030303030303,0.9070935342121783
2008_001580_boat,0.6902471817147585,0.8268027341869645,0.8270467209601372,0.8683713016353153
2008_001629_person,0.9479224376731302,0.8088176808135902,0.9651020299429911,0.8393529682716016
2008_001640_cat,0.9236842985713808,0.8716138278164214,0.9482622297088247,0.9108328250026911
2008_001682_horse,0.907410450213605,0.8969366179869204,0.9365969743328234,0.9457479508196721
2008_001688_pottedplant,0.3472803347280335,0.49584512022630833,0.29487554904831625,0.30155935613682094
2008_001715_chair,0.20812294182217345,0.4174900624645088,0.5834885164494104,0.6852546079350204
2008_001821_person,0.9512516945323091,0.7950881748350103,0.9522708234694249,0.7574669061398257
2008_001874_person,0.9253250591016549,0.8544750760866353,0.9722630476250039,0.9549208109940223
2008_001885_cat,0.971826522822533,0.8077149935118556,0.9829809632423897,0.8422476668496589
2008_001895_dog,0.056782197544788096,0.017246696557777618,0.14959878551290393,0.02511913586783861
2008_001895_person,0.5411401412885029,0.1507012376577594,0.5706363464835643,0.24770845653459492
2008_001966_bird,0.7534656312913431,0.6216582195225752,0.7778971878918144,0.6536716978180965
2008_001971_aeroplane,0.900771284485316,0.9322852908962052,0.9213755491592183,0.9389920424403183
2008_001992_horse,0.9301726986556288,0.6763395666071024,0.9547544372371516,0.7429492556091424
2008_001992_person,0.9226766522394593,0.8045062443671945,0.9415985111905578,0.8804402834008097
2008_002043_bird,0.8593261641150607,0.6935478860551085,0.944063493916139,0.8852038087086765
2008_002152_cat,0.8872816957738968,0.6097828822439314,0.9449063217982425,0.739194177553211
2008_002205_bus,0.9596806340422539,0.7077529232333503,0.9741843937804063,0.768036410923277
2008_002212_car,0.45500531984395126,0.3029882738620603,0.9500451182097095,0.8664552948636652
2008_002212_person,0.8218296916479477,0.7819194515852613,0.855072463768116,0.8281998631074606
2008_002239_dog,0.8497839532322291,0.6843030188916086,0.899793789785123,0.7813283004132635
2008_002240_motorbike,0.7834188890280038,0.6799289295006028,0.6796776742684786,0.6987204973434055
2008_002241_person,0.6879839958699019,0.8230053454761433,0.7361441441441442,0.6889759789182067
2008_002269_bicycle,0.35913602862863714,0.4329042709222653,0.4692182345693732,0.6744420224612614
2008_002358_aeroplane,0.8991456034175863,0.8610900513857299,0.9231758867855173,0.8955586002169321
2008_002379_chair,0.4300837026095519,0.5606421256573485,0.4092902532891793,0.8560544845896341
2008_002379_diningtable,0.963544458910929,0.7511014413924395,0.982006015430888,0.8417120290319138
2008_002379_pottedplant,0.21888248584702089,0.3850803681824426,0.19304195894036333,0.41396573302835443
2008_002383_motorbike,0.8392421458477665,0.7410425957250499,0.9132854696350942,0.866115318187857
2008_002429_bird,0.9012916438550601,0.8255680096940321,0.9179154964226409,0.8789159319003698
2008_002467_bottle,0.8312386826111121,0.7066291862911183,0.9774252256558266,0.947917527477068
2008_002495_person,0.7089718584563945,0.8649805537017007,0.3806340057636888,0.42252634128618144
2008_002504_boat,0.85951215109326,0.6362042143968322,0.9613205222961321,0.876664638680457
2008_002521_chair,0.40840496657115566,0.6623285262047134,0.6602150537634408,0.8881107079571344
2008_002536_dog,0.8356571428571429,0.8860137569603669,0.8691677549566663,0.9131995214674997
2008_002536_sheep,0.8453652285348142,0.8600821535978875,0.8877224427090001,0.9134160870066484
2008_002588_person,0.969977134904066,0.7974879097259537,0.9780738064775093,0.8683040159309658
2008_002623_cat,0.8611763057414089,0.7336054730317119,0.8870403118120467,0.7888634689208577
2008_002681_cat,0.9344090461518915,0.8259567387687188,0.9620629885207836,0.9157495256166983
2008_002775_bottle,0.7633489687078326,0.6047564501172749,0.9639230935407216,0.891082711085583
2008_002775_diningtable,0.43647736444346613,0.31001413094677344,0.2355890655177537,0.34489332062467926
2008_002775_person,0.8300893158072127,0.6874926184008504,0.951064130999009,0.9038395359126886
2008_002778_cow,0.8840372444011685,0.7957362288135593,0.9536878739772866,0.9350016075447434
2008_002835_horse,0.8728754969176701,0.7797330097087378,0.8884876372426246,0.8457427773934203
2008_002835_person,0.7009706907925738,0.6734645028483891,0.7039793873461209,0.6830569849437774
2008_002859_dog,0.8981735574738755,0.8216505974760824,0.9568527446345141,0.9372192209269263
2008_002864_bottle,0.712641031545015,0.7995937711577522,0.6225045372050817,0.6213463241806909
2008_002864_diningtable,0.14530658718730116,0.12916815605372006,0.39693874177658767,0.31910637682556514
2008_002864_person,0.9124613116191337,0.8121533962961718,0.9401106919624418,0.862534561430292
2008_002900_train,0.33813962072624926,0.2981640315524784,0.2987858770991301,0.19597146454049516
2008_002904_dog,0.8818834583455676,0.6932662627186464,0.9631142857142857,0.9151609811508289
2008_002929_person,0.8225806451612904,0.729922811627525,0.9093560790206391,0.9024795842613215
2008_002929_sofa,0.2398945981554677,0.4239716497086703,0.3181080939674567,0.4436854460093897
2008_002936_dog,0.9406703387694856,0.840522266262532,0.9583272031778726,0.8891078184110971
2008_002942_person,0.9494795890781292,0.5301387469927166,0.9801605848581454,0.7103485803911527
2008_002958_car,0.8830122794663786,0.6621516693986714,0.8250308619562849,0.4274900649719296
2008_002958_dog,0.8942202835332607,0.8847799757771497,0.9461352006463776,0.9483216614344361
2008_003034_boat,0.1297452934662237,0.23589189875829655,0.2763723971777663,0.2962502046831505
2008_003034_person,0.8206961785849414,0.7161431738361521,0.8725803020633908,0.832201010668164
2008_003076_bottle,0.4062854979174555,0.6075613530842361,0.47839943342776203,0.6076396319280976
2008_003076_person,0.9387088472274464,0.836915711225904,0.9617595093519627,0.8940385768538877
2008_003105_train,0.9282306497782933,0.8023278263507736,0.9392747924858017,0.8276579644343549
2008_003108_bicycle,0.532320370847283,0.736166717996099,0.5877373011800924,0.6999897886245278
2008_003108_person,0.8600338509088233,0.7443201637095086,0.8772052356562677,0.8207386431811091
2008_003110_bird,0.875164171263462,0.6804719947211116,0.9237168998179346,0.7991538277320986
2008_003135_pottedplant,0.5620556745182013,0.6686387709337277,0.46615568385427036,0.7352668778942237
2008_003141_bus,0.9691891246367581,0.8595726122982992,0.9770620728396218,0.8928108296169782
2008_003141_car,0.8070551978427164,0.6715877437325906,0.9575456481063295,0.8856521739130435
2008_003141_person,0.5649536045681656,0.8838679096223732,0.7240411599625819,0.9428337428337429
2008_003155_aeroplane,0.8527961213742372,0.7872492357128512,0.9167215470274801,0.9124395862505081
2008_003210_person,0.9090581732413893,0.5189913169092594,0.9208368674017529,0.6356862494814437
2008_003238_dog,0.9313111811641201,0.8198481155072193,0.9694995785117634,0.8800974969532203
2008_003238_person,0.9059056397530207,0.605373533523798,0.9852742588901036,0.8710776748971193
2008_003270_bicycle,0.2660897782585181,0.38854084094066704,0.36901094579537264,0.6335267690003744
2008_003330_person,0.9099147751244621,0.5364348925410872,0.9588829223363398,0.6923165401426271
2008_003333_car,0.9187156839341132,0.7852543041135498,0.9187098309926208,0.8133783783783783
2008_003333_motorbike,0.5791633918435071,0.6765130759651308,0.6202278458996434,0.7253829860598
2008_003333_person,0.7675233644859814,0.7632763276327633,0.7933975240715269,0.8042118597102367
2008_003369_aeroplane,0.9544260651629073,0.8710605761363316,0.9694954785384018,0.9103349556255368
2008_003379_horse,0.8269288203086113,0.8882946463031373,0.840679209685027,0.9025017988597996
2008_003379_person,0.7146596858638743,0.847183289628357,0.862148930687967,0.9249952408147725
2008_003451_motorbike,0.8870975481022983,0.7899133874377685,0.9027553444180523,0.8311552358761355
2008_003451_person,0.7985971549040469,0.6570651304208673,0.8312387791741472,0.7303072490044356
2008_003461_horse,0.8273842500989316,0.7985214809428589,0.7946944468163835,0.7795521366144428
2008_003461_person,0.7507893905904641,0.7912319821613443,0.5880272349456185,0.5665861690450055
2008_003477_chair,0.759830442300184,0.6583986868502645,0.7982353628608158,0.7942839742474335
2008_003477_diningtable,0.5706710228700679,0.24895614403811125,0.6121559144500269,0.20269830596707372
2008_003492_person,0.9430610298426853,0.6975239997276627,0.9652444193274936,0.7989618968974873
2008_003499_cat,0.9417453771451377,0.8040999090463864,0.9633924357850738,0.8731916114684712
2008_003511_dog,0.8377626403146887,0.8327206954898185,0.8439864595778575,0.7576025981694715
2008_003511_person,0.9412669668755308,0.7159753830373742,0.9533318156688022,0.8140479876160991
2008_003546_person,0.8376556389895161,0.8734247455498605,0.7126937231120095,0.8380755832674688
2008_003576_dog,0.6650466267731843,0.6124778529727846,0.9396140605754351,0.8845565489342897
2008_003577_car,0.36711365629520804,0.23595248020008336,0.4168860856903589,0.19918888582985664
2008_003676_person,0.9183025572318985,0.6396789391031233,0.9320305361511481,0.7607987388334209
2008_003676_pottedplant,0.4571444875599178,0.5260438659678581,0.40341607274514624,0.47147222222222224
2008_003709_sofa,0.969970485276958,0.9085999838800677,0.974869898657902,0.9124222171007145
2008_003733_person,0.935963312890215,0.5393658191502643,0.9528118581024816,0.6006839589624623
2008_003733_sofa,0.8904448105436573,0.6914764079147641,0.9366608465289903,0.8201795450790329
2008_003777_bus,0.875536795742338,0.33702213279678067,0.9574832434746545,0.6880610412926391
2008_003782_horse,0.8189514515284918,0.7692387337250537,0.8484461744623828,0.8112589776087875
2008_003821_chair,0.46655906385554324,0.44897510980966326,0.7233057045343735,0.5741723065666727
2008_003846_car,0.160763174452021,0.22216148123499632,0.18503681985544798,0.23840557068249787
2008_003856_aeroplane,0.0011091744572967834,0.033749790373972834,0.0,0.0
2008_003856_person,0.9401672826298385,0.8889403443775523,0.9409044595971471,0.867313784420437
2008_003858_boat,0.9543921175684703,0.877073054746478,0.96733779995898,0.9053770531111378
2008_003874_person,0.910569435431538,0.7416054186482202,0.9614525949550594,0.8640202056279818
2008_003876_aeroplane,0.8769145084934559,0.8726987745796523,0.9079035820608854,0.9020767233919815
2008_003886_boat,0.9355240229026637,0.88987631034858,0.968381657059279,0.932626188734455
2008_003926_aeroplane,0.9156558111741858,0.8413061991601327,0.9598424950779711,0.9324286382779597
2008_003976_aeroplane,0.9061065290700037,0.8688670282859857,0.9359742054352833,0.9075800567490879
2008_004069_car,0.026014201430585287,0.04469287349603001,0.06153083067926696,0.050492815580097376
2008_004101_bicycle,0.37841165606402627,0.5909802017586449,0.44123761770820596,0.7611340371938474
2008_004101_person,0.8190929528641941,0.6793845328085163,0.8611243638676844,0.7567075617726309
2008_004140_diningtable,0.8870436331255566,0.5891564485152903,0.8431701694308288,0.4232559536322412
2008_004140_person,0.8979617078118043,0.5174881807039048,0.9068926411290322,0.6702405640812941
2008_004172_sofa,0.8125995611794055,0.3956103754761473,0.9781352768642787,0.6573403336213198
2008_004175_horse,0.8628745556119858,0.8958475929728497,0.8685591603053435,0.903390772651473
2008_004212_train,0.9350354746850716,0.8337543053960964,0.9617723285486444,0.9176316045538582
2008_004345_motorbike,0.8396574208757587,0.512873380914618,0.8992385480037065,0.6370550312996356
2008_004363_bicycle,0.39807186678352324,0.6873748052526152,0.45302339124526836,0.7735060477732569
2008_004367_train,0.9079020622830812,0.5210119525277696,0.9452856117820181,0.6784040995607613
2008_004396_horse,0.8136154379769187,0.6750883552333484,0.8743449097770783,0.6675590435675517
2008_004399_motorbike,0.8398864132809087,0.8287593558630075,0.8819808027923212,0.8687485856528626
2008_004399_person,0.7763347763347763,0.7731850004795243,0.8406940063091483,0.7952596589266788
2008_004453_sheep,0.8000182826497654,0.6095661979941456,0.8819406884012106,0.7859518633947045
2008_004477_pottedplant,0.41281501340482574,0.5994585429884052,0.48869455152177665,0.6086763193730372
2008_004552_car,0.9303999581195687,0.7924459851660755,0.9783270593445527,0.9191657463257158
2008_004562_sofa,0.11758920613455451,0.0843358075249552,0.3369591861747763,0.3905585691247618
2008_004575_diningtable,0.1722346547314578,0.19775394140090707,0.20706465276112843,0.26851519287407516
2008_004575_person,0.8571328019145155,0.669576059850374,0.915729598828587,0.8519002143831612
2008_004610_train,0.967071572140173,0.8679484025166075,0.9712338056318927,0.8730709330312898
2008_004612_chair,0.2508140797022794,0.0502327339744347,0.2784152581795627,0.0582319585130616
2008_004624_horse,0.8685805902099304,0.875710961737332,0.882703170322121,0.9165749789657628
2008_004654_bicycle,0.6345520421607378,0.7052460789616009,0.6616464145130926,0.6943666523050409
2008_004654_person,0.779007877368533,0.8212956947971417,0.8446456375064875,0.851475931653704
2008_004659_bottle,0.7077352639923672,0.4142796269116046,0.9254518177866887,0.7669473684210526
2008_004687_horse,0.6619672952374137,0.6646927227266746,0.6836901628849847,0.7235608951920688
2008_004687_person,0.6037120642086782,0.754423161280889,0.8137986148108685,0.9434613724643937
2008_004701_cow,0.47648174490279754,0.12468742896112753,0.6622779637932013,0.22173005664636483
2008_004704_aeroplane,0.8191880231122224,0.7424561616222852,0.8874690031410151,0.8845479783488686
2008_004705_horse,0.7084842808418895,0.6150376967405417,0.7468578705498035,0.7184130665416595
2008_004758_bicycle,0.2847174759596281,0.4112237679792502,0.41181592358319036,0.6741938243092978
2008_004854_sheep,0.9414789174308212,0.6279463221440381,0.9581886215165798,0.777177449569144
2008_004995_bicycle,0.4995919578603754,0.652445292994566,0.6528837622005323,0.8710805281755626
2008_005049_motorbike,0.8383622932057018,0.777095014978109,0.86503815175922,0.820830773955774
2008_005089_bottle,0.5722786139306966,0.6413882944077417,0.6597757533286616,0.6715580895410787
2008_005089_person,0.7567778732713494,0.6437821490423139,0.35308598558115,0.37944335806702206
2008_005097_cow,0.9506629619498711,0.3919497075002183,0.8899386521337741,0.49194213206174736
2008_005105_cow,0.9227615507169411,0.8523548041650527,0.9428296270355454,0.9029472144222375
2008_005145_diningtable,0.9941604871906273,0.8905801513438288,0.7152799257655429,0.11742523375603721
2008_005197_dog,0.45204592287312334,0.37815889601908115,0.8428356895033918,0.8867344868562154
2008_005197_person,0.7453072443849688,0.7347605224963716,0.5282162162162162,0.5078510638297873
2008_005217_pottedplant,0.5144786829886028,0.4012439024390244,0.5485364193328796,0.38531341960427007
2008_005242_pottedplant,0.16330026249054588,0.1032725706903976,0.21076512455516014,0.05351145038167939
2008_005245_car,0.5571452904104922,0.6145354867387761,0.6754368347057642,0.7093693397003129
2008_005245_motorbike,0.6435945648703303,0.6676900405256048,0.7303565863865022,0.6765429540804434
2008_005245_person,0.7200846479415159,0.6740309209052207,0.6865563598759049,0.6054509747569096
2008_005338_aeroplane,0.89918057510557,0.7298260470696164,0.9163264271042021,0.7579893533467144
2008_005338_person,0.6646909398814564,0.8415753627480012,0.6535714285714286,0.903972563589597
2008_005398_boat,0.8522748204089151,0.8054978822356947,0.8920015455950541,0.8272627397954871
2008_005399_bottle,0.526110444177671,0.7330044704794204,0.43770164387770777,0.5459725858616972
2008_005399_person,0.8500747040570049,0.7288512781470528,0.8945329448955557,0.8080813936635844
2008_005422_motorbike,0.8562581999475203,0.6717638995973614,0.8922640017255015,0.7699218319938347
2008_005445_person,0.8001715934794478,0.7265775058689621,0.8361229212636564,0.8299184326581587
2008_005525_horse,0.8920403152862126,0.8216515371376506,0.9569091634525868,0.9439370078740158
2008_005544_train,0.6081120130296582,0.26197815452656975,0.7546675744324282,0.39062818890566964
2008_005628_boat,0.4591844845401796,0.6550420954162769,0.7058897243107769,0.6296357753256451
2008_005633_sheep,0.8514018213445206,0.7720141881115052,0.8822500265083236,0.8290947586105025
2008_005637_motorbike,0.9080434080806575,0.801803371520669,0.947418427303413,0.8951769349120342
2008_005642_horse,0.8594669806272075,0.8423120728929385,0.9032136533172588,0.8982488100135159
2008_005676_bus,0.8887390424814565,0.8951115329852871,0.9254817410052554,0.9322368941250889
2008_005691_horse,0.862127902008261,0.6650646627053478,0.8652473413664648,0.760841998478316
2008_005727_bicycle,0.1967234097017791,0.41629634854576664,0.246999293951518,0.6214583963691377
2008_005738_bicycle,0.12217843067001075,0.4175515302935665,0.2234869516935036,0.5656280076997112
2008_005738_person,0.7699551860752094,0.7747088683189012,0.8159177405354877,0.8696065748420972
2008_005812_bottle,0.8238086197076134,0.841971196237876,0.9007106598984772,0.9332516840171463
2008_005812_person,0.883009587705977,0.6638569700635016,0.900220424461345,0.693280503690838
2008_005904_bottle,0.9344550695859678,0.6558502707368752,0.9810269830604378,0.8698482535691838
2008_005915_motorbike,0.6894023596335596,0.24510731174972716,0.6014235674510509,0.3003321173844395
2008_006008_chair,0.5230697166055117,0.5607640923473574,0.5366504540954676,0.5369926650366749
2008_006008_diningtable,0.6987772637144746,0.4951546631521823,0.6678030932978547,0.5132331225625686
2008_006055_train,0.9157748265771757,0.7499500128538376,0.9544339441517162,0.8821380200951211
2008_006063_cow,0.9292621742210988,0.7118218238609357,0.9429602041115576,0.7132460873700097
2008_006108_person,0.9044296788482835,0.7530723847978205,0.9374516993603762,0.8490609110719104
2008_006130_dog,0.7868734831697795,0.7109880906175311,0.9275233999494055,0.8529749701489174
2008_006143_bird,0.6543859649122807,0.8718632023095714,0.6841138659320477,0.8057971014492754
2008_006216_aeroplane,0.7785165761378535,0.6933617881612939,0.8046979865771812,0.7643076572988964
2008_006216_person,0.7603899721448468,0.7175326765823192,0.8091493065978267,0.6637481057417074
2008_006219_horse,0.7962912462503409,0.8026077825097719,0.8371876879339566,0.9155609869646183
2008_006229_boat,0.6111418411694982,0.6051085055757819,0.7621275547894607,0.8601259181532004
2008_006254_bicycle,0.3454691259021652,0.7403468759944839,0.3794348650356595,0.7425215348472983
2008_006254_car,0.9023318688746198,0.7024829359976259,0.9266303684351881,0.7120212150818496
2008_006254_person,0.7657229642898867,0.8099444614509993,0.7088591350472687,0.6624912362701566
2008_006275_car,0.3820861678004535,0.3696748391584072,0.43845404352062356,0.43444546474849505
2008_006275_person,0.9030981284774912,0.6171019677996422,0.6513931229116469,0.5531645117508394
2008_006275_pottedplant,0.6825160970777613,0.7384271209774566,0.7017045454545454,0.7799325463743676
2008_006325_cat,0.8354017880759668,0.5878373587099885,0.8695656962847922,0.6740396154017096
2008_006327_sheep,0.8619100415226418,0.5708694242438279,0.7103040930275484,0.5527005170960614
2008_006341_cat,0.9440694062989297,0.8560600694198484,0.9503177801891179,0.8744263811319413
2008_006341_person,0.759158889930315,0.6363983576816576,0.8396719170815311,0.719997259241495
2008_006408_diningtable,0.22234227634831974,0.24073580378565715,0.17302203030081242,0.21085439780395746
2008_006408_person,0.8853524599349994,0.6324829971449131,0.9342490118577075,0.8497934290773166
2008_006480_cat,0.9401721891401502,0.7103169551934827,0.9407954808312738,0.647691173133651
2008_006523_train,0.8397600313002652,0.25692423999450187,0.8172760286288474,0.36502441189525076
2008_006526_car,0.7080405932864949,0.8566983578219534,0.7162162162162162,0.7509335931157656
2008_006526_motorbike,0.4630395237307756,0.35942050087361677,0.48646444879321593,0.3714639836687081
2008_006526_person,0.9511560977205089,0.6997394702561875,0.9610501684451599,0.7640465793304221
2008_006528_cow,0.8434512829112862,0.850966020509853,0.8743226253955868,0.8799700413559542
2008_006553_train,0.9402359944722015,0.8021323298839762,0.9626809840249967,0.8801750866314062
2008_006554_bus,0.6400898763502386,0.49047323738853366,0.6737885749902158,0.5427481436065127
2008_006554_person,0.7306432281262485,0.8549938347718865,0.7580324610798278,0.8656728609352665
2008_006703_aeroplane,0.805334092634776,0.8387905530762674,0.8361754558896007,0.8692089823993526
2008_006722_dog,0.6232762223150856,0.548891156097299,0.8303826858493304,0.7734602398416579
2008_006722_person,0.4809525717032527,0.4674447294730452,0.5820254452926209,0.6471043256997455
2008_006752_train,0.9405165180097586,0.7651640628497247,0.9478154164110182,0.7899454049135578
2008_006784_sofa,0.35066493350664935,0.5082026104658125,0.9308833131237758,0.8895468182535923
2008_006835_sheep,0.939070662634039,0.8801075552275004,0.958030421653059,0.9379050408091326
2008_006874_motorbike,0.8049428433424569,0.6222117941498514,0.880175452980241,0.6677503665455473
2008_006874_person,0.8189949464080738,0.7476625900102869,0.9145732837041611,0.9033072023517883
2008_006981_dog,0.7397737694894527,0.557408236347359,0.9421223801493616,0.8843900869005471
2008_006986_car,0.9447600391772771,0.820299138654809,0.9625978829732814,0.8707737321196359
2008_007025_cow,0.960644694606447,0.8089418316831684,0.9559226115162529,0.8723276054452132
2008_007031_cow,0.9387889787163834,0.8699429242907504,0.9618453562315201,0.9336288685420724
2008_007048_chair,0.43138321009134406,0.7743955265023234,0.564863029205343,0.7955382726156365
2008_007048_diningtable,0.6195351077923642,0.4615464506413252,0.7741101120827688,0.5919692624059744
2008_007120_bird,0.7220129171151776,0.5936676565310134,0.7416815911018946,0.5906929776580974
2008_007123_cow,0.9391052195526097,0.9126387904559414,0.9498233638704269,0.9315474789322536
2008_007143_boat,0.4278962188254224,0.6565227430154699,0.8363073749355338,0.7452509214629998
2008_007194_chair,0.1334464235227594,0.16573953648714293,0.26669363767992504,0.19410208202771395
2008_007219_bottle,0.6032187562090204,0.6033090407721096,0.7894963409384417,0.7448107448107448
2008_007219_person,0.9338291419965754,0.6463539504635395,0.9438083143543834,0.6633521296948948
2008_007273_cow,0.8206446579908514,0.7569370111156855,0.8396675015427058,0.7557181556678861
2008_007350_aeroplane,0.8933589282796929,0.8572045152722444,0.9318802252175397,0.9031797798613942
2008_007378_chair,0.262002246458205,0.5524825247684176,0.23677336521007658,0.4903787804639327
2008_007378_diningtable,0.0,0.04749409603778536,0.0,0.06617454191179226
2008_007378_dog,0.8958809575156351,0.9072532333876071,0.9461683756071236,0.9564675454177184
2008_007392_horse,0.8355671382477041,0.8766205229619863,0.8586670179135932,0.8907666022879216
2008_007392_person,0.8178678332949574,0.861285645239246,0.8900609470229723,0.9455579109655039
2008_007402_chair,0.5390463917525773,0.8528610354223434,0.5986543007819604,0.8201054624121147
2008_007402_diningtable,0.5907618299626939,0.5035729598399314,0.5963570301668499,0.4453052481256694
2008_007402_person,0.9404913951726377,0.8544455887401304,0.9466953741762902,0.8819573615681786
2008_007497_sheep,0.8926961226330027,0.9272963604852686,0.8813706731605496,0.9313380281690141
2008_007498_bird,0.4082423243354626,0.3787703484461187,0.7655091095812255,0.6255135639150325
2008_007507_aeroplane,0.732776617954071,0.920183186130193,0.7929465301478953,0.9215751158173395
2008_007513_dog,0.8775793981867734,0.8163663312270848,0.9165408732001857,0.8882963950452702
2008_007527_chair,0.9054634461737403,0.7864424873231919,0.9254464707549844,0.8718649517684888
2008_007548_cat,0.7933534977508919,0.7078317030348633,0.8302816901408451,0.794538524026745
2008_007596_cow,0.8741466830036758,0.8920331651045422,0.9002890173410405,0.9078482846021544
2008_007677_sheep,0.8576116900227572,0.7331900004215673,0.8925492686024079,0.7337943514509145
2008_007737_person,0.8711533998607566,0.6347514403137726,0.8945989296320411,0.6933797216699801
2008_007797_bus,0.9864065703551832,0.851459803514598,0.9874905051272312,0.9126616247865333
2008_007804_bus,0.8395926161680458,0.8898203592814371,0.8199875853507138,0.8765695332859512
2008_007804_car,0.9449293907956675,0.8322056833558863,0.9388566116662793,0.634015397082658
2008_007811_bottle,0.22539537586650615,0.2765957446808511,0.24002257740332328,0.32254193296307665
2008_007814_sheep,0.8901801278326554,0.7770349754683958,0.9220316795392067,0.8489340884158093
2008_007828_person,0.734060104163297,0.6001364184899523,0.8930197864321608,0.8708293343871732
2008_007836_aeroplane,0.816651904340124,0.8976020738820479,0.8549955791335102,0.9641091768751343
2008_007945_horse,0.8514252807371149,0.6609903729751542,0.8920426579163249,0.7652318594240023
2008_007994_bird,0.6314597893493454,0.46142746142746144,0.8321501507342215,0.7029915771129829
2008_007994_person,0.9774060228680428,0.6049548541153645,0.9888016304648819,0.8497586560754057
2008_008051_diningtable,0.029985007496251874,0.08019300467228506,0.04817694999789173,0.06261987147800296
2008_008103_sofa,0.9554264512034369,0.7435831731795858,0.980114205570026,0.8379888268156425
2008_008127_motorbike,0.7064145480864924,0.7405513880261838,0.7450591016548463,0.8056013179571664
2008_008127_person,0.7289703903095559,0.7695354699315808,0.7931602048280907,0.8359007738482679
2008_008221_person,0.8684909363814802,0.7256452594073173,0.8886132766359556,0.8797101449275362
2008_008221_train,0.8004943372560593,0.4413965590270074,0.8816370929362976,0.6384591584158416
2008_008252_bus,0.9440703735881842,0.7238694131820986,0.965903266704432,0.8190710589423198
2008_008268_bird,0.8268690275435638,0.9311851243372414,0.8818869283399352,0.952218300504763
2008_008296_horse,0.7299908003679852,0.8916094822208359,0.7744578313253012,0.9359135067376998
2008_008301_bus,0.948164675791135,0.6233987163955976,0.9850676813161244,0.8707875164584891
2008_008335_diningtable,0.5702977232924693,0.34132494690410065,0.3879388567041251,0.45260861492759
2008_008335_person,0.9112328832825727,0.7220441138753526,0.9725994056159049,0.9097834133295126
2008_008362_chair,0.39365173539009196,0.4528236914600551,0.5270164447924823,0.6619506698384875
2008_008362_diningtable,0.8523938337189975,0.6859427759019016,0.4341101187420867,0.32769169192063585
2008_008362_person,0.7570592494268131,0.6828023046367095,0.3489065949227373,0.4054602305028684
2008_008392_horse,0.8996018763057274,0.8692933275830201,0.9433601860310605,0.9241934968187486
2008_008393_horse,0.9297111457200787,0.5225602512734814,0.9820442697831968,0.7741186229780174
2008_008421_horse,0.8919408310809911,0.6287944691177144,0.9369087387362097,0.7476978874732108
2008_008469_bus,0.8091818728899134,0.3664112909318948,0.9670234718876114,0.759851152900525
2008_008469_person,0.9160843233170277,0.8967253393482901,0.9503361395433347,0.9347504694929476
2008_008629_bicycle,0.3783506641244613,0.590369435471795,0.42510806585119104,0.652769669666362
2008_008629_person,0.62147406733394,0.8185281121438367,0.6437098255280074,0.9148406374501992
2008_008682_bus,0.9333127728221674,0.739051619957415,0.9172492509630475,0.7154094278761813
2008_008711_bicycle,0.14048401226456417,0.5094142368770451,0.16946450099166482,0.6655166253545031
2008_008746_bird,0.9291998029417975,0.8853242089572464,0.9600425625596243,0.9399282204954876
2009_000013_cat,0.6130396010172738,0.6502175323894911,0.8483963078557674,0.817397194972025
2009_000022_train,0.8775220233020744,0.8761721839340187,0.9057295796986519,0.9102896161996703
2009_000032_aeroplane,0.03391191549817778,0.1388944322490521,0.013265753081784619,0.09426850670070198
2009_000037_bird,0.7933913452492944,0.6793881091310519,0.8891539040923927,0.8819958790443838
2009_000039_sheep,0.918948978173224,0.8547548535702534,0.9744634610160282,0.9493116395494368
2009_000074_motorbike,0.861469044210161,0.726451253720477,0.8909145893636324,0.7748322287524488
2009_000074_person,0.7693798449612403,0.6536306281594106,0.85712510098813,0.8249271195239807
2009_000080_cat,0.8632978011685474,0.8121179002015096,0.9114843823723695,0.8822243720663585
2009_000087_sofa,0.4706669098425436,0.4250010379042637,0.9565191775172333,0.9254820496431234
2009_000096_sofa,0.9106182984831002,0.7417347810174454,0.8399150141643059,0.6468709273503181
2009_000121_bottle,0.8502943396226416,0.37508845313163397,0.8677314569776975,0.5572585399149886
2009_000149_bicycle,0.1717257083832195,0.5470529965329372,0.19953858113699627,0.6561538715972612
2009_000149_person,0.5277587388622345,0.562241481189679,0.5412517780938834,0.5008790779449112
2009_000156_dog,0.82,0.7836869467472249,0.8478490832157969,0.9056029232643118
2009_000201_bottle,0.8836125795179643,0.7848150216989644,0.9442986696128527,0.9061580923940094
2009_000205_aeroplane,0.4699365118884601,0.4956030863497107,0.4821238787569613,0.538355763604447
2009_000219_cow,0.7362080554262964,0.5833422890918861,0.8876219029492514,0.771300256629598
2009_000219_person,0.5727833810025591,0.3539514289547833,0.9699240632391386,0.8151147794686613
2009_000242_sofa,0.9612056046755583,0.7853868845019287,0.9634328217326462,0.7060990099009901
2009_000309_cow,0.6814407814407815,0.4956584378163694,0.6437982880774533,0.46444710679530027
2009_000309_person,0.8144554181918641,0.7543795841668182,0.9284766747733805,0.8681821088304879
2009_000318_bird,0.8831075332155246,0.7454602054581301,0.9456930118177471,0.8993881351423251
2009_000335_bus,0.95235121178424,0.7183749399903985,0.9643325870454721,0.7666860127684272
2009_000351_bicycle,0.2636992221261884,0.6520989316059561,0.27831207065750735,0.7476505238544898
2009_000354_bicycle,0.4746132507714206,0.43969072164948453,0.5168094034502221,0.4389698706041621
2009_000387_aeroplane,0.9092530380324333,0.8740915825866084,0.9300539993250084,0.9135181115758134
2009_000391_chair,0.36156351791530944,0.28802799707007404,0.4008667388949079,0.3531738730450782
2009_000412_horse,0.781044516665407,0.7797951204798311,0.7108645766835177,0.7033745617452279
2009_000418_person,0.8950420023345261,0.6801978157840511,0.9439263679579245,0.8746253876423526
2009_000418_pottedplant,0.5945945945945946,0.5742604686899732,0.6239334027055151,0.6741431451612904
2009_000418_sofa,0.5877576514678327,0.6372743597013515,0.6101088899723712,0.6464539117932048
2009_000421_boat,0.5416412136021177,0.6628418600638426,0.5748831538305222,0.6950403891253366
2009_000421_person,0.6804301646309081,0.9061149666099254,0.5002522280141247,0.6211913884327678
2009_000426_bus,0.9533946360153257,0.7593291018918836,0.9631143733159899,0.8003420929870938
2009_000440_aeroplane,0.8291025911101748,0.8436386176971951,0.8772291573785109,0.8913057304585639
2009_000446_boat,0.6202945990180033,0.4707370507537426,0.8921210857401035,0.8122032215015053
2009_000455_bus,0.9012456930824277,0.7434718538166813,0.9342676559494366,0.8132247717739945
2009_000455_person,0.0,0.0,0.0,0.0
2009_000457_bicycle,0.18927490972967698,0.6764349175010577,0.19101066272128972,0.688745318887396
2009_000457_car,0.8778545987848313,0.7991828759214851,0.776880253247462,0.6656755863891642
2009_000457_person,0.8028246113422378,0.7522284582370419,0.8304299889746417,0.771500382471861
2009_000469_boat,0.6166465921834116,0.574812326466253,0.6309168502970628,0.4805829915862839
2009_000487_sofa,0.930196172824648,0.8243743521397897,0.969532100108814,0.9232572678962175
2009_000488_pottedplant,0.8309057425079525,0.6077934175119023,0.9134101941747573,0.8059595794519802
2009_000523_car,0.9530859882153201,0.7693341514009407,0.9501487446943576,0.7923101256722169
2009_000573_bicycle,0.4127111111111111,0.6576511470570146,0.4507297069111084,0.7256957214662253
2009_000619_bird,0.8823261265954676,0.8424308407977433,0.9031679617453676,0.8793349653202774
2009_000628_train,0.8699659671015315,0.8096616120692981,0.9185680762893804,0.8855360686945604
2009_000641_cow,0.7801437586474539,0.5926650228155202,0.8062160828811051,0.5808910919790127
2009_000664_bird,0.7860145860145861,0.6092632331902719,0.862666829179109,0.7306304615320445
2009_000675_sheep,0.8014678442592362,0.7445226627145857,0.8873011500585359,0.8616164066079176
2009_000704_person,0.8649821121721739,0.7917535587995285,0.9249549301799738,0.8549918706849832
2009_000705_horse,0.610666164138321,0.8383997950644693,0.6630179028132992,0.8692074491121697
2009_000712_train,0.9486302900299415,0.8116208474069007,0.973978980363234,0.8992951106721142
2009_000716_cat,0.8853185780236996,0.6866340013655167,0.9278775489516987,0.8431210606389915
2009_000723_boat,0.5632334269554846,0.5994727681362692,0.80214039645338,0.7197478845283282
2009_000727_horse,0.6878644314868805,0.8229842446709916,0.7872227528387987,0.8970436897745345
2009_000727_person,0.6724648408586232,0.8665663062816478,0.7623282134195635,0.9282542325839578
2009_000730_motorbike,0.6947681900069855,0.6282450940310711,0.920433734939759,0.8539973097841979
2009_000730_person,0.30667051689286745,0.515428940707631,0.46778362853039734,0.4947346027018402
2009_000731_cow,0.6570550351288056,0.29239574960472736,0.6253943568095979,0.21090053703785894
2009_000732_sofa,0.9211856097744928,0.6658479793308029,0.927580382457622,0.6930393010284682
2009_000771_cow,0.9372314807939152,0.7476235741444867,0.9700003293048375,0.8564638783269962
2009_000825_car,0.8916671995907143,0.7635560088390277,0.8830859446582371,0.7778913372306937
2009_000825_motorbike,0.7273639709236899,0.6759237281430492,0.7434556593848629,0.6773504273504274
2009_000825_person,0.8140256734006734,0.8369450656795455,0.37486700555621233,0.36516461678930123
2009_000828_boat,0.8940090240641712,0.7783773513205396,0.8960062776194606,0.8000791765637372
2009_000839_dog,0.96863201652262,0.5563040549350254,0.9743054865732923,0.45138352638352636
2009_000840_bottle,0.8613832643878365,0.8021131410961919,0.879486799169386,0.8306851758934047
2009_000845_train,0.78505547386713,0.67202299608878,0.8704007150305377,0.7943455497382199
2009_000879_bird,0.5996683250414594,0.3991864050915294,0.9081923270229519,0.7954858934169279
2009_000892_dog,0.86438246097337,0.8053076780070645,0.8948056579103768,0.8537883829261337
2009_000919_boat,0.7662025924147864,0.762677188367675,0.7541666666666667,0.7534818941504178
2009_000924_sheep,0.8973770998660208,0.8584184793746523,0.9214342418629267,0.8942344860396658
2009_000931_horse,0.846133641521328,0.9061357780574031,0.8885756922566739,0.933869444698285
2009_000935_dog,0.8705167570392631,0.8435842560714618,0.8743568032306389,0.8858614547730227
2009_000989_dog,0.761519805982215,0.8214163530619227,0.8005780346820809,0.8746151214505645
2009_000991_bird,0.8704408258509613,0.6975358166189112,0.9314527045319183,0.8304692228742862
2009_000998_bird,0.8548318433375904,0.7289338919925512,0.9054706880793837,0.8588542530260321
2009_001008_cat,0.9197676633022281,0.7872669307313304,0.9474090067859346,0.864494218903925
2009_001082_bus,0.9703146630165964,0.740026321475574,0.9831264179480715,0.8237714790428778
2009_001108_bird,0.868043602983362,0.9246826275879697,0.8736316497023238,0.9358047785052291
2009_001160_bird,0.8933823529411765,0.8155996728381292,0.9289542707264227,0.877525680099334
2009_001215_diningtable,0.9535794402456966,0.14810659186535766,0.5546154577431315,0.04833760055201467
2009_001215_person,0.7032005954596204,0.47817660283742924,0.923273346303502,0.8725279961877531
2009_001240_car,0.9276950293899446,0.8279209680727422,0.9084055562151252,0.8327352472089314
2009_001255_bicycle,0.20441827573484198,0.47963014784758173,0.2209959714276042,0.6182615938713499
2009_001255_car,0.541924132297187,0.40759558173343524,0.8060762483868851,0.575188507024367
2009_001278_bottle,0.7956396741734547,0.8059808612440191,0.8161680749029459,0.8466401311168344
2009_001299_chair,0.6792521219077536,0.5733236380787674,0.7912084564535291,0.5772972721348105
2009_001299_person,0.8938955107496936,0.8728685107995453,0.8979139645482058,0.9001820952097811
2009_001300_train,0.8563763695922286,0.7399876135425268,0.9128957903675846,0.8272006169439242
2009_001314_bird,0.8838548964658259,0.8911447686303661,0.849084685221015,0.8677155386771553
2009_001332_aeroplane,0.8937639389260593,0.8743148623388144,0.9221027372911482,0.9055028954094012
2009_001333_train,0.9261124438019286,0.6454249149211523,0.9549939068160193,0.7213558122488184
2009_001391_cat,0.8153666778649488,0.5883780433119675,0.9523743487132753,0.8547643823398245
2009_001411_cat,0.930764815611996,0.7558156232050546,0.9480232303841761,0.8228013029315961
2009_001433_horse,0.7528206458306316,0.6454441479222265,0.7756206665175576,0.6905187835420393
2009_001433_person,0.692841562561967,0.7699735811241687,0.7222942643391521,0.8390015458761481
2009_001505_sheep,0.7010178934961963,0.5709033753363348,0.6814487787735021,0.5473596548711228
2009_001535_dog,0.975884476534296,0.8274792201325315,0.9790505043993941,0.8949633768783508
2009_001565_bird,0.905331102079847,0.808324418943888,0.94121857107294,0.8773033100043953
2009_001607_bird,0.816450500738795,0.6784056672909372,0.8799045599151644,0.7866453235764921
2009_001644_pottedplant,0.8145438898450946,0.7903535215127432,0.7970280310705843,0.7823256458203477
2009_001644_sofa,0.8238550578761953,0.8007176105508146,0.9090754444160926,0.8999074645280691
2009_001663_person,0.28760963447753884,0.2611257397606695,0.37593453817625244,0.30892622735626146
2009_001683_bird,0.9002297548232776,0.8140703517587939,0.938740577372527,0.8894244673672033
2009_001684_pottedplant,0.15253326165837924,0.32263423149477716,0.24833848785944596,0.3984127429260495
2009_001687_dog,0.9185945213435291,0.784955387783116,0.9142931491294474,0.8000849798172934
2009_001687_person,0.9252904767075687,0.8292556695210314,0.9293416675805095,0.7710918891813965
2009_001718_bicycle,0.5265234546251644,0.3510474803850198,0.6253687315634219,0.4739041410722494
2009_001718_person,0.8542613349490054,0.7800978378263907,0.9033806121360777,0.8596577856974172
2009_001731_sofa,0.9431119681812703,0.9018285831034835,0.9111698460124109,0.8402222655488399
2009_001765_bird,0.8416773641420625,0.8308787026311435,0.8656339266095364,0.8421488059125255
2009_001768_person,0.9119986741796486,0.8626834381551363,0.9210830444114247,0.9135802469135802
2009_001768_sheep,0.8487528166430854,0.6555510755876005,0.8836213363156531,0.7813091777533864
2009_001775_chair,0.5244168911021901,0.3918782629330802,0.6234515526896318,0.6305014939836873
2009_001775_pottedplant,0.5612847398961621,0.46363919129082426,0.4784957407022647,0.45908783783783785
2009_001775_sofa,0.41080432172869147,0.2904794846296857,0.4474356103023516,0.352726558334035
2009_001804_bus,0.9408511420408027,0.6871350486601786,0.9553048863481693,0.7309477017141609
2009_001816_bus,0.9005227239727022,0.6965693751454203,0.9300097312673105,0.7739392163652346
2009_001818_bottle,0.8449518598411112,0.5869603524229074,0.957281016855485,0.8802452046667985
2009_001850_aeroplane,0.8899678234888532,0.8920844584702475,0.9339480503826915,0.9381706186249834
2009_001851_aeroplane,0.8972154874733671,0.8552994310516746,0.922855954945761,0.8981226832476384
2009_001854_bus,0.940566037735849,0.6509078934989181,0.9645457012400156,0.7913923785045504
2009_001854_person,0.7921875,0.895800933125972,0.819758064516129,0.9128075954272428
2009_001941_boat,0.800838366425657,0.41014545977103256,0.9146913663714421,0.6597414020582285
2009_001991_sheep,0.8957125412255651,0.7106650095181158,0.9410372304155545,0.8304168421052631
2009_002012_dog,0.8988503953391593,0.7869264613450659,0.9087886972782049,0.8223805001582779
2009_002035_cow,0.8742494714587737,0.868755676657584,0.8439830032871002,0.864086859688196
2009_002042_person,0.8450732693279434,0.8231381154848443,0.8765199161425576,0.8709430815206061
2009_002082_sheep,0.715,0.7404008083529808,0.8817137534927041,0.8052959501557633
2009_002097_horse,0.7157168299198575,0.88104378249672,0.7677719465648855,0.9037710670686502
2009_002122_cow,0.9052496798975672,0.8523545937526077,0.9371949346349455,0.9035612091679179
2009_002150_cow,0.7971149821296326,0.655596032234155,0.8834164815556608,0.7851253607165611
2009_002155_dog,0.6652295285359802,0.45523766013743744,0.699886382080831,0.48840521140041954
2009_002165_horse,0.6910764305722289,0.6675607125156701,0.7863828289936664,0.7664687677635319
2009_002171_cow,0.9024045261669024,0.9108283458230649,0.8690536345917852,0.8739175614825078
2009_002185_bottle,0.3252052148720425,0.4291038858049167,0.6467293458691739,0.6255993026296673
2009_002185_person,0.8575410642463759,0.5645562183658713,0.9720059325176121,0.7619292972663518
2009_002202_train,0.9050733099779421,0.7569000417697522,0.94183701281003,0.8683504393908902
2009_002221_cow,0.9611319978302751,0.8009043951397953,0.9839546956111374,0.9308579522460543
2009_002238_bus,0.8962419083332193,0.48370560234346394,0.9106879995597683,0.5437185112953031
2009_002238_car,0.744486915613055,0.6693865216077365,0.7624066754501537,0.6801285915209966
2009_002239_car,0.27473716759431044,0.26725562019679666,0.24504210812279273,0.22503165264020258
2009_002239_motorbike,0.8658408703630882,0.49401692284584187,0.892629687031948,0.5811241560909937
2009_002239_person,0.6944974121492781,0.8171425040168088,0.7298054038919222,0.8654488188976378
2009_002265_train,0.8939817663180267,0.6798934197121287,0.9039278591866817,0.6961187575805516
2009_002268_cat,0.9058286254207595,0.578023941397177,0.9490351919374002,0.7019842181873899
2009_002291_train,0.9294052895339069,0.7330529751443635,0.9581576823033456,0.85202777959772
2009_002295_bicycle,0.18384432000887066,0.6009245882692863,0.19718722531497215,0.686198905182403
2009_002317_motorbike,0.8737813693146014,0.7749863675313546,0.8894507346744348,0.7596620187935738
2009_002317_person,0.7753456221198156,0.7139310455291715,0.7620213433772756,0.7163214515093128
2009_002320_aeroplane,0.8160644968647357,0.8820036852521668,0.8168930010446203,0.8880902801101632
2009_002346_dog,0.39484827099506,0.4850791349522774,0.8211080160940886,0.7421744324970131
2009_002346_person,0.8269280276562098,0.5233329337967957,0.9224107928839028,0.8151186712830548
2009_002346_sofa,0.505414067914068,0.3242306331800495,0.6017761795793832,0.5424480054551654
2009_002372_bottle,0.33701842546063654,0.3554345578606382,0.2766169154228856,0.25503401828053057
2009_002372_person,0.8977984552697197,0.4367247330385072,0.4003934641237226,0.5171547427818279
2009_002382_motorbike,0.8446335488386657,0.6909207525655644,0.8744578906501524,0.7788000590014013
2009_002382_person,0.6621888330043929,0.8088773691884011,0.6606896551724138,0.6655731859511499
2009_002415_chair,0.486765058688679,0.36298952115174926,0.8717686930134286,0.853751814976146
2009_002445_dog,0.8323769446569753,0.7218760566101531,0.9047081873775455,0.8553794428434198
2009_002487_chair,0.3930739249888186,0.7083112630615881,0.5077815879715115,0.7760201511335013
2009_002487_diningtable,0.6403742089333211,0.6033651379911767,0.6938602282372913,0.6388606823720553
2009_002487_pottedplant,0.5667023682018327,0.4559838490069956,0.6049759930161501,0.522861216730038
2009_002521_bottle,0.8904372716658506,0.749100992158052,0.924671464330413,0.827846613005336
2009_002527_cat,0.7997498113657122,0.6866141732283465,0.8968620614512965,0.8334287232737827
2009_002535_bus,0.9378393484509742,0.7468242345809352,0.9597054612395173,0.8177176319360138
2009_002539_dog,0.8890480738618275,0.7855724159847461,0.9149556650246305,0.8564633463905987
2009_002549_cow,0.8524635614702155,0.8447634651894619,0.9066318361843768,0.9079761229505983
2009_002568_train,0.9119279756537421,0.6513299784327822,0.9393706717068057,0.7042127722919664
2009_002571_chair,0.10262405819693426,0.2747885680956547,0.18362251903632507,0.3292821876186859
2009_002571_pottedplant,0.09577289034472002,0.5470208183776023,0.10655069312313128,0.5676285129661336
2009_002571_sofa,0.8592735896155766,0.6743371383704777,0.9292003157447325,0.8029563151643131
2009_002584_person,0.9161341431212041,0.6919377094421447,0.9383919519613195,0.8209347980451944
2009_002584_pottedplant,0.08404940923737916,0.12853894400159924,0.11529933481152993,0.14877495575882954
2009_002604_bird,0.7967777370926401,0.9197137280416395,0.7842996038890889,0.9044821861831184
2009_002618_car,0.35382019763798506,0.261498223450454,0.4861505803403294,0.36966776566066445
2009_002635_cow,0.8264217534290527,0.8542552743504442,0.6699731903485254,0.7274509803921568
2009_002638_train,0.9255900071109442,0.7579663890689672,0.9558180595258113,0.8497628543710252
2009_002649_bottle,0.9407981015424968,0.824727890125216,0.9667578862512993,0.8989477040816326
2009_002649_person,0.922032353611301,0.7832339529989477,0.9617079115110612,0.8852762200214771
2009_002651_motorbike,0.8353767942583732,0.7650877370930115,0.8755358236374771,0.7945247721510313
2009_002651_person,0.7002659574468085,0.8007391438250693,0.7744059547666762,0.8966960777999614
2009_002727_boat,0.37058989556872707,0.2799806316242535,0.6741659210021731,0.6475549083849047
2009_002732_person,0.8543791769257826,0.4573352324226337,0.8638664543282903,0.5186470501979569
2009_002732_sofa,0.37381286744579056,0.25922121217994687,0.961756980363569,0.7432618231815107
2009_002749_bottle,0.2445131094651702,0.23692841983407292,0.5039377206481398,0.3510598888660218
2009_002753_cat,0.8295970842278696,0.7120246416301386,0.8764504219409283,0.7995105188994092
2009_002771_pottedplant,0.30066059632208536,0.30770594073443924,0.27875372886973815,0.3001195559350982
2009_002808_aeroplane,0.9050182836691822,0.7798713508164276,0.9370697021976427,0.8922317018410417
2009_002856_bottle,0.8667581275463541,0.7600483655770514,0.9432336123311511,0.8771265678449259
2009_002888_aeroplane,0.6625958821154623,0.9006871400297983,0.7151871192341166,0.9300617630544638
2009_002928_bicycle,0.25855567526459217,0.5760417082285972,0.28825502760077387,0.6987457090044891
2009_002936_cat,0.703678001387925,0.6596933530016539,0.9483244950919553,0.915423871575088
2009_002975_horse,0.8128627617731476,0.7337744870579216,0.9102784134248665,0.8566457117198024
2009_002982_train,0.9621229407201205,0.8716656380717274,0.9708913229743186,0.9228711233146759
2009_002990_car,0.9379878014868097,0.7997196791220589,0.9639520107639408,0.871042206070437
2009_003003_bottle,0.8470342080717941,0.6658469550122956,0.9208369915130231,0.8010319251854241
2009_003003_car,0.75776167434538,0.5661154091844701,0.908603505556192,0.7906528679951558
2009_003003_diningtable,0.47513307984790876,0.25813607537124517,0.47872272212366684,0.33792502179598954
2009_003003_person,0.7737887765772046,0.6150392817059483,0.6802148175271573,0.50273908279856
2009_003005_aeroplane,0.8033050807329892,0.8597324375977298,0.8395941598614204,0.8930900371377606
2009_003043_boat,0.6450342558126989,0.6709508738131278,0.8225876244050194,0.6658431856949591
2009_003059_cow,0.8902094529419871,0.39825789160214414,0.9061097322701589,0.6039976825028969
2009_003063_dog,0.8504033996427911,0.8593738489871087,0.8877885666516623,0.9013254233469755
2009_003065_bicycle,0.2684043229497775,0.7166028899423154,0.3001275329460111,0.7572916666666667
2009_003065_person,0.813953488372093,0.8348863434031694,0.8557487801826599,0.8670527132708495
2009_003071_chair,0.6578279394433868,0.6587393378632355,0.6450796280953696,0.6280149871204433
2009_003071_diningtable,0.959012247552296,0.6812490093517197,0.6814755680974306,0.31716700834058803
2009_003071_person,0.904782164737917,0.8895014798908943,0.9213695801789401,0.9187448776489873
2009_003080_boat,0.8050127158345604,0.6917768461786521,0.814527336203098,0.6582463536531465
2009_003105_train,0.9631970491327683,0.8372975954830126,0.9718061303808904,0.8672101927647214
2009_003123_chair,0.494140092668302,0.7968609865470851,0.5209210895815782,0.8666666666666667
2009_003123_sofa,0.9103179426990547,0.7097277722277723,0.9548095682415811,0.8068320321507395
2009_003193_bicycle,0.19306968415437956,0.576288433840566,0.22841675580100848,0.6824552998810057
2009_003196_motorbike,0.8662787730311846,0.7500400192092205,0.9179877732877422,0.8005118256490692
2009_003217_dog,0.8493097789361908,0.702929622307238,0.8843468631132938,0.759291607320416
2009_003224_bicycle,0.33481859949302917,0.5463949051360802,0.3994765138653084,0.7027604558649607
2009_003241_dog,0.018119644146537512,0.11160321553162444,0.056952923619590284,0.18119044747316368
2009_003269_bottle,0.7166101694915255,0.7769352553953838,0.9109556368262045,0.9223755750731911
2009_003269_car,0.12072327601489098,0.20710941920880704,0.0,0.11774674620390456
2009_003269_person,0.9584249853076988,0.8206100630987021,0.9596998098571404,0.7721901147244027
2009_003273_bird,0.8722891004649753,0.4713307468130375,0.9614853796643836,0.9124964998599944
2009_003299_train,0.6329863673437682,0.449722615277497,0.6622663598562836,0.5297741748697162
2009_003304_bus,0.9560301828878374,0.8011320754716981,0.9720647141445143,0.869807267556201
2009_003311_train,0.8901327676958127,0.6492063083691374,0.9283311393886208,0.7586132528171672
2009_003323_horse,0.9001141793885059,0.8800890703284469,0.9156038688692972,0.8983863771564545
2009_003323_person,0.7699945593035908,0.6121278611679051,0.9113863744640305,0.9448950036205648
2009_003343_bicycle,0.12187322708752385,0.19033018867924528,0.1235744564474224,0.3491354977616153
2009_003378_bird,0.8326170434605702,0.6946733837819608,0.9247260997719815,0.9220631189000499
2009_003387_car,0.0936692424223136,0.23203008915304607,0.08979825622096353,0.2477287782719788
2009_003406_car,0.1766148998424488,0.22728875308496885,0.4386027685220386,0.31189404432132967
2009_003433_train,0.8493306750213614,0.6721805279011589,0.8830074102384441,0.7481383461767988
2009_003450_bird,0.8818142707885195,0.7244723109276423,0.9309579744192117,0.820094642555349
2009_003466_dog,0.5274970869706405,0.5504953827383833,0.9381223190543662,0.8383158878990156
2009_003481_horse,0.7880171514659868,0.5143742953776775,0.8459667510844763,0.6278252032520325
2009_003494_chair,0.37856253205363033,0.7233892394553304,0.5421655656482246,0.879125341997264
2009_003494_person,0.8448854326510442,0.780274539300489,0.8751310801000242,0.8444036784676228
2009_003498_bird,0.7637036315840716,0.7180878176654774,0.8960745247967261,0.878197409231892
2009_003504_boat,0.7765844285077034,0.6456496470388116,0.8647859553331059,0.765573535729629
2009_003507_chair,0.5489683502940902,0.593125726105806,0.6644718792866942,0.6909617198425863
2009_003507_diningtable,0.6820403658152002,0.46446009148378475,0.6576124567474049,0.45412360261548196
2009_003507_pottedplant,0.3402985074626866,0.3944820267940045,0.40587449933244324,0.5779727095516569
2009_003517_bottle,0.9057151413236276,0.7307465649328495,0.9652947616052919,0.9004740952965654
2009_003542_cow,0.9383029528485909,0.7689985986849197,0.9654376680836297,0.8282728775991275
2009_003549_car,0.7850581966063666,0.5668745107566064,0.9679018744061502,0.8793744348816181
2009_003564_sofa,0.4949158925433091,0.20370954820227719,0.5821319627261711,0.1998602000215077
2009_003569_cow,0.7734963431939744,0.7850827248978498,0.8417017066534751,0.8896363254151777
2009_003576_motorbike,0.7459525094441446,0.7128639882049392,0.8823529411764706,0.8821318134966349
2009_003576_person,0.9333110143957147,0.9080004118616145,0.9609525116662092,0.9394209120896382
2009_003607_sofa,0.9031043614204128,0.6380983313710366,0.6107413059713609,0.4827776924258719
2009_003640_bird,0.9286352922051532,0.8719384769706595,0.9539597147504066,0.9117185844458572
2009_003666_sheep,0.8452932098765432,0.7863805017530722,0.6512267713778356,0.6841345887053514
2009_003696_aeroplane,0.808553812534145,0.813199217378217,0.8547600508175894,0.8757091826013869
2009_003703_bus,0.9434814823812359,0.7167922836439425,0.9663756709298995,0.8167767106842737
2009_003707_boat,0.6373560936879714,0.5992811346415388,0.5894285157011898,0.6370472357551367
2009_003756_dog,0.9478951687097497,0.5258496623491642,0.9756304683479156,0.757392711911248
2009_003771_cat,0.9398529739362887,0.8533554796052001,0.9597766492331792,0.9005256113088048
2009_003773_cow,0.844276595975249,0.3146784585217496,0.8595085116248261,0.46118904208272465
2009_003804_horse,0.8575144293888876,0.8254198437573093,0.8859292239195516,0.8829303268555605
2009_003806_aeroplane,0.860032402179783,0.840813195243575,0.8944979858242823,0.8895148874840316
2009_003810_dog,0.9011148513016892,0.7919130126638939,0.9200529347656858,0.8362936423235249
2009_003849_chair,0.5884353741496599,0.7493380406001765,0.6548413641766481,0.8538869096556134
2009_003849_diningtable,0.5325167687372412,0.5988700564971752,0.7028571428571428,0.7443444730077121
2009_003849_person,0.940577539295804,0.6998374103909542,0.9588763002204092,0.84510130027215
2009_003858_bird,0.15191602559493853,0.2220508866615266,0.42786069651741293,0.38659302033642984
2009_003895_chair,0.41597374179431074,0.6672046109510087,0.44407345575959933,0.6894083435857287
2009_003895_sofa,0.8076040642412324,0.8141321044546851,0.7953488372093023,0.7510635176763972
2009_003903_horse,0.7817115551694179,0.8824628644433004,0.8730374023838882,0.8922558922558923
2009_003904_cat,0.931875050447978,0.7934193971883376,0.9584355126979509,0.8907777902663819
2009_003928_dog,0.6363265472644934,0.4262968669748331,0.7521735564304461,0.5602310875165899
2009_003938_train,0.7980160490342353,0.6790673898844177,0.9211268952982254,0.83803566675539
2009_003991_chair,0.699466617620011,0.8771125376654002,0.7538487854943551,0.9323549789002961
2009_003991_person,0.8514776595169917,0.7663463118120585,0.8450574463472794,0.7484567286630291
2009_004021_bird,0.8469476744186046,0.7311952229606087,0.8567771490164376,0.8348762516531267
2009_004043_motorbike,0.7923561059790885,0.6467517516524086,0.9009336634684824,0.8074651741805386
2009_004043_person,0.6823522951899846,0.6150792026523679,0.9028988588844,0.9041304347826087
2009_004070_sheep,0.8933333333333333,0.9437014667817084,0.8722543352601156,0.9202762084118016
2009_004072_bus,0.9567712465625746,0.6293125370856998,0.957039848787735,0.5777883794506101
2009_004084_bird,0.738407419251679,0.6897294293355563,0.8688949263916093,0.8703112840466926
2009_004099_cat,0.5653631284916201,0.8024921392803075,0.9174216929847269,0.9438889542406775
2009_004125_boat,0.6189307146753955,0.4888767264415183,0.6466571279916753,0.5097578180108159
2009_004125_person,0.22997673645729477,0.4023266528449666,0.4026294165981923,0.7873754152823921
2009_004140_chair,0.6655114843670951,0.6125636497676891,0.5527157495705739,0.4570720250521921
2009_004140_diningtable,0.8569481708615476,0.6967815194634683,0.6329631794272356,0.5499263080324245
2009_004140_sofa,0.2469580119965724,0.2537872617690178,0.48225712623618383,0.4925737322300021
2009_004217_chair,0.39800117577895355,0.7003168854685378,0.5346408558329088,0.9211703714224841
2009_004221_person,0.8402909952205727,0.784586724188646,0.8944310806517497,0.8227268064152105
2009_004248_cat,0.7786141418380194,0.43199218950721957,0.8006951247332895,0.4802119121928191
2009_004255_train,0.8322628198378436,0.5957017814360605,0.9366064403105839,0.8224739823475168
2009_004298_sofa,0.7089032115599597,0.46506013708669225,0.7424008887037423,0.4983341477499889
2009_004455_car,0.9347939488784559,0.9325699745547074,0.9383313180169287,0.9526500389711613
2009_004455_motorbike,0.9115135220623122,0.7695875348497876,0.9628830965794226,0.8870441164159947
2009_004494_car,0.2989119277355779,0.5483558994197292,0.3139235066609368,0.45268673584711805
2009_004497_horse,0.9562905464991399,0.6878973392983282,0.9635463109290437,0.7821755098851293
2009_004504_cat,0.8550672076523789,0.6623407323357682,0.9430148895772958,0.8703537126773642
2009_004507_dog,0.9253764799380515,0.8249488384644793,0.9531618346499028,0.9064632872653081
2009_004507_person,0.8678186826947157,0.7051125129460503,0.96199300893303,0.917497198796957
2009_004509_bird,0.5414442700156986,0.5445725534308211,0.614798206278027,0.5647784632641615
2009_004540_bird,0.7985519318254629,0.6680285187855484,0.8646136773477597,0.7289739188680036
2009_004568_bird,0.669033454871106,0.8701342281879194,0.37447771587743733,0.47399734970387
2009_004579_bottle,0.84690213488281,0.6789309513682121,0.9382284650221844,0.8346585182459565
2009_004581_dog,0.42084267144778126,0.39840316029599954,0.4044165124187508,0.4298482888392332
2009_004590_bus,0.9032841316282586,0.6845733301640123,0.9343580655056065,0.7694452881243615
2009_004592_dog,0.8877741149491185,0.818999943753867,0.8609563917945932,0.8261465125198619
2009_004594_car,0.9744248672770639,0.8606873852775492,0.9828482089483607,0.9226562755820427
2009_004635_boat,0.7649833518312985,0.8467194118117158,0.7646517336606321,0.7301164725457571
2009_004653_aeroplane,0.8221664413979533,0.9081859317153435,0.8586956521739131,0.9372865828266844
2009_004687_chair,0.5345849802371542,0.5949942103856773,0.7815472985101418,0.7684159845931632
2009_004687_sofa,0.8666914222057185,0.6428808221448699,0.8609104836944627,0.7011279826464208
2009_004721_cat,0.9109559783736285,0.7839818740452119,0.9255022624434389,0.7957832464874718
2009_004730_train,0.7287739225886508,0.754015188237195,0.7890409610082709,0.7724087784241143
2009_004732_bus,0.9374064987134223,0.7036987150130654,0.9521394080640985,0.8085608078118065
2009_004738_motorbike,0.8031105092535599,0.7924720549012556,0.8605175737193946,0.8540550641584652
2009_004738_person,0.63365908501254,0.60469263256687,0.8202775046432863,0.8336832283648239
2009_004748_car,0.8157283102646824,0.5896541580871538,0.9754315036541751,0.8782100252688488
2009_004789_bus,0.947741120041483,0.511199592398996,0.898269393075901,0.7549529447753406
2009_004799_train,0.8612755752079743,0.6822028020529893,0.9177477118981298,0.8342952612393681
2009_004801_motorbike,0.6917918454935622,0.7219424460431655,0.768510389230319,0.7673201022768781
2009_004801_person,0.642578125,0.7570737428529541,0.6874708896134141,0.7952564652093156
2009_004848_bicycle,0.20610643620650443,0.7108358930788837,0.23643678883510405,0.8138120268438626
2009_004848_person,0.7936544518706307,0.6880999190470684,0.8369061641146447,0.7445849071147769
2009_004859_diningtable,0.13992487466012857,0.05315523306948109,0.15703363433281944,0.0
2009_004859_person,0.951403304234083,0.8613196814562002,0.9641788492775926,0.9015096224023355
2009_004867_bus,0.9660657211346384,0.8448477919108189,0.9764137252180058,0.8940552576836307
2009_004882_bicycle,0.13304112180128402,0.5257501193278141,0.14056724895926545,0.6350889900662252
2009_004886_bird,0.6967015285599356,0.6251945064609973,0.820890525610981,0.8599880975996826
2009_004895_bird,0.8431906473514141,0.6488167981335408,0.8650829392779404,0.7571492155335484
2009_004942_horse,0.8797664630866112,0.8522252650582134,0.9083693965869193,0.8905803697542296
2009_004969_aeroplane,0.8005647401739764,0.7007738316493766,0.8537025053157068,0.7695527426160338
2009_004987_motorbike,0.7286207074087422,0.7279138571625154,0.754655741193998,0.7600955877259818
2009_004987_person,0.8188858067498844,0.8525651487949513,0.8824076225888915,0.9219296828729877
2009_004993_sofa,0.652390771288453,0.45408238377057386,0.7777808514758361,0.5606335937973227
2009_004994_dog,0.9339060710194731,0.8578056275230463,0.9294973845803958,0.8748307329997056
2009_004994_person,0.5289622641509434,0.390567105804858,0.5460015187803026,0.429326130088686
2009_005038_bottle,0.5075539901751784,0.4549398113002928,0.6691494890005196,0.4614563567362429
2009_005038_diningtable,0.7634857356422076,0.4783208452205537,0.36041053664004485,0.44370161857846585
2009_005038_person,0.8732558697076733,0.689659172192472,0.8787943741858893,0.7638559832213462
2009_005078_motorbike,0.7826201217642679,0.7017265330422703,0.7960091621883535,0.7390171382754819
2009_005078_person,0.7509946173648491,0.902556057949617,0.7718679102596421,0.8943609719903542
2009_005087_bicycle,0.22949294464258024,0.7683996048407014,0.23772727272727273,0.7652846534653466
2009_005087_person,0.7036051616336304,0.880583971623914,0.7775631500742942,0.9222387583714255
2009_005089_sheep,0.850463352990733,0.9251269035532995,0.8762975778546713,0.9345988195884511
2009_005137_bird,0.8897530513766676,0.8040262539184952,0.9335443037974683,0.8890040418696238
2009_005148_train,0.5695315108127156,0.1311037405564769,0.5379275089871706,0.15349115972430327
2009_005156_bicycle,0.15289571918182016,0.6010105207173367,0.16742027321227781,0.6929625330170427
2009_005158_cat,0.9414295628036086,0.84306337896818,0.9495356383573906,0.8694118088660335
2009_005189_aeroplane,0.7439496294352987,0.8580400757651281,0.7998164101115661,0.8902158321379724
2009_005190_bottle,0.7809531348955034,0.7683492496589359,0.8208551630894034,0.81235234559568
2009_005217_horse,0.7208156997865248,0.5996917367491695,0.7758603289938439,0.6906420465706644
2009_005217_person,0.8683197947840958,0.731238160003886,0.9164860385056739,0.8430641604536385
2009_005219_cat,0.8661886113463166,0.6617248667797923,0.8842946947578842,0.7409403739570011
2009_005220_train,0.8599527686284258,0.624194811427994,0.9414460792454084,0.8110097758702909
2009_005231_bus,0.9028843421426541,0.8712574850299402,0.9056026197764647,0.8424797340642678
2009_005260_bird,0.8211724632484761,0.6692044748290864,0.8756391702846117,0.7749925573087229
2009_005262_bird,0.11638345623597307,0.2783844777048585,0.16328257191201354,0.273186921461353
2009_005302_bottle,0.5315901439577008,0.5854275173611111,0.37180685751825554,0.35771490292157326
2010_000003_chair,0.35,0.3924070046288551,0.5886309496006352,0.696727521205009
2010_000003_dog,0.6654192068570048,0.5708742211111526,0.9536152796725784,0.9616294501182852
2010_000038_horse,0.9179305583394579,0.9038122016608906,0.9124149465050746,0.8821824354621741
2010_000038_person,0.9045696068012753,0.9257179528317022,0.912109375,0.9392786322954071
2010_000083_bicycle,0.3163156775154223,0.8445067040224135,0.3545214679779324,0.9336507607908084
2010_000083_person,0.6768661735036987,0.5696025377869005,0.7457627118644068,0.6212182741116751
2010_000084_person,0.5974468085106382,0.7181265437963139,0.45564030509835407,0.5156841205907482
2010_000087_motorbike,0.7704921977453469,0.42352413256080984,0.8175680130817212,0.5976703112992598
2010_000087_person,0.6816669585011381,0.6004267505194003,0.761910349683173,0.6628104045390907
2010_000110_dog,0.8435855218764339,0.5281371184985643,0.9222639299310492,0.639831516016169
2010_000110_person,0.8266291984477452,0.6955449955449955,0.9550732090178354,0.8602437166793603
2010_000159_dog,0.9610966853024562,0.373790124131897,0.9646068169618894,0.5476715146173057
2010_000160_car,0.7413464369330848,0.3373927359245853,0.913718169139838,0.6614924380920725
2010_000163_cat,0.8990210487638444,0.7379090052827716,0.9551153180320545,0.8703530078712688
2010_000174_diningtable,0.8059694732551294,0.5353937655992778,0.7198736747123844,0.5028447575182877
2010_000174_person,0.930321195311801,0.8191624726996487,0.9510325778777735,0.8686897880539499
2010_000216_dog,0.8614776609283944,0.6399092970521542,0.896490480250071,0.7338395638629284
2010_000238_aeroplane,0.8672027712482989,0.7053175077920851,0.898623946379608,0.7934264305177112
2010_000238_person,0.7702556715880446,0.9002447980416156,0.8310948310948311,0.8608830564354516
2010_000241_bird,0.871994342291372,0.8159257850223874,0.9072010287183884,0.88504743261557
2010_000256_bottle,0.7667731629392971,0.810957254665864,0.7839195979899497,0.8588685916322922
2010_000256_person,0.8657363756364322,0.7493151699118975,0.8954441479222265,0.7870688367925937
2010_000256_sofa,0.8137690848596039,0.6354520306802465,0.8385849056603774,0.6627136819529427
2010_000272_boat,0.8681818181818182,0.8074481865284974,0.9110209381593897,0.8704170447289713
2010_000284_sofa,0.878537935709847,0.6661992602083988,0.9756954200618151,0.9047919483250714
2010_000309_sheep,0.5515978695073236,0.8967624710934919,0.5334476843910806,0.7161790017211704
2010_000330_pottedplant,0.8065454194916616,0.48934264063608196,0.8736612691764145,0.6921400327900472
2010_000335_bird,0.6173767752715121,0.6447368421052632,0.65,0.7527966659355122
2010_000342_bicycle,0.22698535636448783,0.5506144122913064,0.26496281554415,0.7269732130067326
2010_000372_car,0.9222293476359821,0.7490611810840451,0.889184731853677,0.7733047239535438
2010_000422_dog,0.8236729319425797,0.5055128205128205,0.9379391393493861,0.8040653463691819
2010_000427_cow,0.7783432003554995,0.5580433414261308,0.8969469403817144,0.7285832867476411
2010_000530_car,0.8813715267128749,0.8064983343793752,0.8964971178818015,0.8134968050288327
2010_000530_person,0.9507535662079742,0.8461471026562637,0.9614398523228387,0.8167100553205336
2010_000552_cat,0.9530854894080214,0.7034283595777479,0.9688944719323882,0.8056193223065905
2010_000559_person,0.8784868486516966,0.5735658163814444,0.9261768464541428,0.8462833914053426
2010_000572_aeroplane,0.7884462603563727,0.7282342783134264,0.810382035578886,0.7522958817620893
2010_000573_bus,0.9287509819324431,0.629182156133829,0.937103510255868,0.658205104579379
2010_000573_person,0.2589641434262948,0.44498624656164043,0.2861885790172643,0.4349987571464082
2010_000622_aeroplane,0.8849944770158892,0.8207787547102099,0.9225932158356213,0.8830655586334256
2010_000628_car,0.9383598743364749,0.9071025020177562,0.9727905964301262,0.9610037021801727
2010_000639_chair,0.05601866145243731,0.3269646942434922,0.09281877587327654,0.33049242424242425
2010_000639_dog,0.8074439461883408,0.7349179692546183,0.9217699115044248,0.8951848723113912
2010_000639_pottedplant,0.9162484760851691,0.830316742081448,0.9480466353037431,0.8946182242082766
2010_000666_horse,0.8178193989995863,0.8739563876949389,0.8508922309670381,0.908349752021197
2010_000666_person,0.7574662354955297,0.8504316069057105,0.8147773279352226,0.9088352084712111
2010_000679_person,0.5636363636363636,0.8607224890373774,0.5913591359135913,0.8612026359143328
2010_000682_bus,0.9563627155839406,0.8443273092369478,0.9808830748794363,0.9298887122416534
2010_000683_cat,0.9298577116089398,0.634799137828618,0.9654661886159719,0.6506986372261515
2010_000724_cat,0.8497855994282651,0.6559330893883952,0.9003216955246476,0.7541822362747916
2010_000738_person,0.9650800249428393,0.9357013151378418,0.9380257149723624,0.8779090312484225
2010_000764_train,0.6428870225568749,0.16993417959567467,0.6663329457865047,0.17181526563255262
2010_000788_dog,0.9048847205939821,0.7258064516129032,0.902145014325908,0.7529159279649156
2010_000814_bird,0.949489850714209,0.6751000506003036,0.9574121276432814,0.7303400755723494
2010_000874_horse,0.9030481834251052,0.7035642611911831,0.9036850385643571,0.7467905867950969
2010_000904_dog,0.9151386160227024,0.5944299132088932,0.9035264009043664,0.5033615826485665
2010_000906_boat,0.5541472210436996,0.42559774964838254,0.6431121506832451,0.6286282458220199
2010_000907_cow,0.9448940351173749,0.8446671438797423,0.9659214239201216,0.9060402684563759
2010_000918_bird,0.7343331547937868,0.9121346651868294,0.8435960591133005,0.9144006127920337
2010_000929_motorbike,0.3954802259887006,0.872225813402284,0.5066195939982348,0.952014087607308
2010_000941_cat,0.9098247941371557,0.6829652519009967,0.9249888817512477,0.744145734186391
2010_000952_car,0.1665931592474868,0.25827918440510866,0.2097031599106288,0.30656454646393694
2010_000961_bird,0.8677058091558059,0.7740979915871793,0.9033147358057105,0.8526944662361957
2010_001000_cow,0.7178477484812426,0.45158496903537315,0.7245831091984938,0.4200973574408901
2010_001010_cow,0.9140511440107671,0.9084419768998165,0.9104531857194778,0.8992743695133709
2010_001011_sheep,0.8574036338937001,0.8301203339882122,0.876804369500195,0.8847720120935398
2010_001016_bird,0.7531766753698869,0.6691025641025641,0.883578431372549,0.8904325327633725
2010_001017_aeroplane,0.8319623971797885,0.9312392872802647,0.8966687884574581,0.9616855120800456
2010_001024_aeroplane,0.8526108491973503,0.653540894633947,0.8932418189763759,0.8177921663398842
2010_001024_person,0.6786461538461539,0.7825058153525307,0.5946520054979383,0.689028622759381
2010_001036_boat,0.8730871437734812,0.8588284121902051,0.874360380116959,0.8772336004749184
2010_001036_person,0.6704966641957005,0.9170468685192866,0.7038950715421304,0.8886583679114799
2010_001061_bird,0.8696690386360381,0.7386677722498618,0.9229402852515542,0.8105258018844895
2010_001069_bird,0.8387062937062937,0.8437699837670323,0.8587318050141268,0.857278782112274
2010_001070_cat,0.8787123779150887,0.858656775731885,0.9303195468633109,0.9185798000689418
2010_001079_sheep,0.8348861283643892,0.8457823416326722,0.8854314651024243,0.8815349452664502
2010_001104_train,0.9247391952309985,0.8683146663132083,0.9296110307260192,0.8739433785052999
2010_001124_dog,0.9089448774755544,0.6628501591998199,0.9340436161431861,0.7569550097804825
2010_001149_sofa,0.9729956574097727,0.9097630741000594,0.9736880360517517,0.9331508349301944
2010_001151_train,0.859948839758816,0.8350265182639874,0.9105491602189092,0.8955508879129273
2010_001174_aeroplane,0.9329237216150404,0.8839930574995801,0.9538350007249529,0.9199147121535182
2010_001206_bus,0.9553451216228346,0.8396387600683427,0.9735668716987173,0.9030442998110435
2010_001246_bicycle,0.43163864695159004,0.6260817919565587,0.46746065504040835,0.7745486144636478
2010_001246_pottedplant,0.8519463943841736,0.89156346749226,0.8193459867367939,0.7548299536963117
2010_001251_motorbike,0.9010643754808926,0.6332159210989785,0.9254685072768738,0.6542631166263253
2010_001256_sheep,0.8971394452586441,0.7057166995212616,0.9042838926720747,0.7175807500541946
2010_001264_dog,0.5521848894727119,0.22785703991929673,0.9692226539120908,0.7822589324149807
2010_001292_cat,0.9384190465668674,0.6556857500072689,0.9513121236631616,0.667787825319806
2010_001313_motorbike,0.7090163934426229,0.8332419757597905,0.6989347536617843,0.7976010177500454
2010_001313_person,0.7447601304145319,0.8697977440684559,0.8069037113937192,0.9247033010870649
2010_001331_cat,0.8991057052513143,0.6669228360800387,0.9477582846003899,0.7658056055384428
2010_001351_cat,0.9120551090700344,0.7171546834278706,0.9217708755867184,0.7466744672989284
2010_001367_bicycle,0.32914552299885413,0.3914582350165172,0.377072435499601,0.501141686871778
2010_001367_bottle,0.5315048183839881,0.5966653433902342,0.7002967359050445,0.726498936037051
2010_001367_person,0.9146155779265895,0.7667374768724731,0.9608358726083123,0.9027350666293915
2010_001376_dog,0.9033230676458553,0.5878345833620037,0.9230206416424628,0.6509004122369277
2010_001403_bus,0.9747758009865722,0.8433578810961155,0.9820804918622863,0.8328532007156503
2010_001403_car,0.9391260419297802,0.8753652506181164,0.9266562462426355,0.8832416100140282
2010_001448_aeroplane,0.8356159128399893,0.8653358258779543,0.8551521099116781,0.8889885021404398
2010_001522_sheep,0.7856379853655932,0.6355456061803177,0.7897324888425666,0.633238199780461
2010_001534_cat,0.8235484513494672,0.5786051021431676,0.9435123413398411,0.8048634101953496
2010_001553_motorbike,0.3988574005863339,0.27764708569340396,0.4458994068118428,0.24134964865519748
2010_001557_sheep,0.8662330392130728,0.8197012074493485,0.7567758728003169,0.7599755748138753
2010_001563_dog,0.5995881141512209,0.8493150684931506,0.6717281272595806,0.8732533832104742
2010_001563_person,0.8222048678901471,0.7185516983949235,0.860196025047645,0.8820096999090633
2010_001577_sheep,0.8883596619583719,0.6943894389438944,0.9542187669052072,0.840150077438213
2010_001579_chair,0.6165813312327688,0.8808181818181818,0.6439493228484054,0.6218747158832622
2010_001579_diningtable,0.7321033686827111,0.33311425360951513,0.6036813204665822,0.26895884498027833
2010_001579_person,0.9109611393214719,0.7490149529320606,0.8810981931791476,0.7788551930643084
2010_001646_bus,0.9579286259958529,0.8467603453696761,0.9813110259351482,0.9038632766125841
2010_001656_cat,0.9482429974536195,0.7780927074106879,0.9626028753379926,0.8334090014830957
2010_001692_cow,0.9210024831090836,0.8327099863679261,0.9417398945518454,0.8716708743732887
2010_001692_person,0.8579165787437575,0.7594650016833471,0.9092491758343519,0.860505184136849
2010_001699_chair,0.3293487221764221,0.2861611476647611,0.39215070643642075,0.4080540400103923
2010_001699_person,0.8744674599676804,0.7610539801253419,0.9080719204284621,0.8306249779689098
2010_001699_pottedplant,0.42311566993314403,0.7093702431944494,0.5027601291532132,0.7971268528750524
2010_001734_person,0.7904583723105706,0.8243071446732774,0.8354935194416749,0.857796416317194
2010_001734_train,0.8198143816494379,0.6644745409558537,0.7893815635939323,0.6440389294403893
2010_001767_car,0.2219758064516129,0.5159253412573127,0.8264740799366839,0.8031613798996048
2010_001767_person,0.838893206901912,0.7191364552928071,0.9338434311888403,0.8966962269997492
2010_001767_sofa,0.647686067236187,0.4910464717869186,0.7236204938123991,0.5673815148383287
2010_001768_dog,0.7145969498910676,0.9193659545141282,0.7662386706948641,0.9201208573316967
2010_001768_person,0.7252941176470589,0.9103857566765579,0.791025641025641,0.9360418342719228
2010_001773_pottedplant,0.5744213886671987,0.6098305777732349,0.6232232188112921,0.6411515007325228
2010_001820_bird,0.5230169050715214,0.8022328548644339,0.7378895981975216,0.9532239307404058
2010_001830_bottle,0.6828037123154276,0.5160484335960023,0.8247112831175247,0.7016838166510758
2010_001851_chair,0.5576781778104335,0.7560542521440176,0.3221431561322729,0.599654586478732
2010_001851_diningtable,0.5679619609772094,0.5119253990077112,0.5985273492286115,0.567064754245934
2010_001851_pottedplant,0.4766250175487856,0.713296938974459,0.49154610423566325,0.6019237259534256
2010_001908_dog,0.8795376191441898,0.8667856861561081,0.9306664756652222,0.9257550796265788
2010_001913_cat,0.43739658025372313,0.49355680956792725,0.779832706622669,0.6218926960360879
2010_001951_person,0.6355653128430296,0.8847667228780214,0.7252195734002509,0.8815900761206653
2010_001951_train,0.9017469774975415,0.704023456589021,0.9563675609004009,0.8694886995183402
2010_001956_dog,0.9412011808772565,0.6995223054634682,0.962585522223817,0.7894294392016488
2010_001962_sofa,0.7098082716170218,0.3920900389186915,0.7472992015030531,0.47327515997673064
2010_001966_car,0.763986013986014,0.7531190019193857,0.7458075904677847,0.7379704621248213
2010_001995_bird,0.9660074511891089,0.7326552606762764,0.9781827989041718,0.7763180403024393
2010_002017_bottle,0.658695652173913,0.6859973071744566,0.720753983676642,0.7306606986474652
2010_002017_car,0.5468023621057921,0.46874371050195224,0.8612063056888279,0.834878281209391
2010_002017_person,0.8654925250870367,0.7868313649004948,0.913541306602143,0.8395267147347014
2010_002025_cat,0.9327025770540415,0.7138758672417026,0.9635705265328213,0.7894535727932748
2010_002030_bicycle,0.22403803525293137,0.46509778006216806,0.28778321444713,0.6896021831573649
2010_002106_sheep,0.6536940370879468,0.2584041719043648,0.9219104463126736,0.7799129364019494
2010_002137_cat,0.8493333333333334,0.8221362229102167,0.9178208679593721,0.9046756667764241
2010_002137_person,0.8892365040271584,0.804684965284537,0.9253056321108049,0.8745382497145544
2010_002137_pottedplant,0.3168919437831196,0.3649615690432017,0.34249292369992357,0.4510125337301087
2010_002137_sofa,0.030877849608710446,0.1604579853862213,0.5696104494170348,0.5625898820747179
2010_002142_bird,0.8191685741711585,0.6933054757552015,0.8901202546569206,0.8887987012987013
2010_002146_cat,0.9184562398703403,0.8052993205026003,0.9555225569226418,0.8815110933439936
2010_002147_aeroplane,0.853849528405352,0.7402695744358625,0.9203937715935444,0.9049750188082332
2010_002150_boat,0.8308153164886689,0.8580728235209958,0.892802450229709,0.8586559532505479
2010_002161_horse,0.9233874370587077,0.6425945849022772,0.9531874265569917,0.7329785456888528
2010_002161_person,0.6892084409224468,0.6815485756026296,0.8740493251857387,0.7821620147286117
2010_002200_aeroplane,0.8808964112208117,0.8716047290139413,0.9115445859872612,0.9137990513152221
2010_002228_dog,0.9237881677999913,0.7546311418039289,0.9491038568564675,0.8576245063096041
2010_002232_sheep,0.8443607674376905,0.8484234822750631,0.8849948322841305,0.8921870125239559
2010_002251_motorbike,0.7988524744994333,0.621254860105207,0.8281505329138313,0.7023598263167831
2010_002251_person,0.842516373250015,0.830686222357322,0.8717392614012892,0.8912736724842183
2010_002271_motorbike,0.9301707427483663,0.8140935910838635,0.9537597802066535,0.8760739953527749
2010_002305_cat,0.907856172707127,0.7561509942703067,0.967709744101504,0.9016267273045303
2010_002310_aeroplane,0.888400914450728,0.88819310827357,0.9211035515885401,0.9278576996669265
2010_002336_chair,0.5945014465717041,0.5593448055801247,0.3748757740233927,0.4042762438988854
2010_002336_diningtable,0.2337041738221459,0.27221442946880525,0.3948210205635948,0.4015862524785195
2010_002348_cat,0.8979827486665115,0.6686365132284975,0.9752774305950082,0.8988276232133856
2010_002361_car,0.8890784155997713,0.5013584553799656,0.9358055677964477,0.659974973185556
2010_002390_cow,0.8348808518927342,0.43377292544950097,0.9140476163950133,0.6210290055248618
2010_002396_motorbike,0.8002611740962783,0.6652186366240214,0.8423509181354787,0.7476262355748162
2010_002396_person,0.7784090909090909,0.7745620128116076,0.8685258964143426,0.8829369782202207
2010_002422_cat,0.7748993502123129,0.5643947063262714,0.9639565277204567,0.8863420839597548
2010_002450_bird,0.7674632352941176,0.7232420659614188,0.8858131487889274,0.9479036574487065
2010_002480_dog,0.9796646216768916,0.8358955424274973,0.9853447208812972,0.8011667328426132
2010_002512_cat,0.9380893385642508,0.8578741865509761,0.9501731765028634,0.8767598007364089
2010_002531_cat,0.930636298478936,0.8573136707851734,0.9549615824750695,0.9089794763805513
2010_002531_sofa,0.6574994567579313,0.28363093878917967,0.807221217033355,0.47749949388321716
2010_002536_bicycle,0.1403558316859644,0.5713086037448663,0.16545992570673046,0.7289817379996608
2010_002538_chair,0.7291207445505755,0.9038475368572456,0.791926307233812,0.9416630700618616
2010_002546_boat,0.5943037974683544,0.734728948601781,0.6500838457238681,0.7736681887366819
2010_002546_bus,0.9441359363702096,0.7930154889946617,0.9510232003027392,0.8228933631618195
2010_002546_car,0.8530973451327434,0.9210151126318791,0.8576186511240633,0.9298831385642737
2010_002546_person,0.77009507346586,0.8177703668413531,0.8777777777777778,0.9623988576868158
2010_002623_person,0.7640688738139776,0.48333954382317756,0.7680274050813588,0.555174880463838
2010_002682_train,0.8962818003913894,0.6246244847581566,0.9179754038522734,0.7535873941070415
2010_002691_horse,0.9379521460996062,0.789364626281848,0.9666711717799703,0.8740542453873722
2010_002693_bicycle,0.38393086335244286,0.6058387947910461,0.40195997694144775,0.718402806783059
2010_002693_cat,0.8610995993921813,0.8412071497291002,0.9011299435028248,0.894515206654536
2010_002693_chair,0.15094771541067667,0.09299781181619256,0.4029600036319063,0.22880786356380745
2010_002701_cow,0.6563265306122449,0.8988908950219242,0.6927710843373494,0.8958868894601543
2010_002763_cat,0.8534941468605889,0.8773401534526855,0.8716204118173679,0.8999693470930826
2010_002763_person,0.8143935968164964,0.7136304183630234,0.8420592496378079,0.8381709066203669
2010_002792_person,0.9181760104977813,0.7291374603408839,0.9398598710534133,0.8182474663213726
2010_002868_bus,0.9771989789296067,0.7818895966029724,0.9759733503536674,0.8507561943580393
2010_002900_cat,0.9657259280606397,0.6900303278293939,0.9739635721081963,0.6914301053620563
2010_002902_car,0.9161934357253839,0.6811352253756261,0.9758678011946355,0.9194381614587697
2010_002902_person,0.8409886496234221,0.8301844354475933,0.8678767876787679,0.8736585737118502
2010_002921_chair,0.7543125754700707,0.7023326760668179,0.882094363583081,0.8426540987865069
2010_002929_car,0.02470104806316081,0.1377024361150617,0.02792361302999601,0.10192104901196644
2010_002929_person,0.8401968297503327,0.710877103680845,0.8049448083998924,0.7481287953678859
2010_002988_car,0.8535993157299341,0.7306028798987289,0.9170973122248653,0.8146267286394675
2010_003014_person,0.8391439381105652,0.7456711849584609,0.4091481006062301,0.3926440807837557
2010_003060_dog,0.7393837931811597,0.6034401839770968,0.7489223608083523,0.6276994019084143
2010_003123_car,0.883920894239037,0.9028414298808433,0.9164795689268074,0.9323185011709602
2010_003127_aeroplane,0.6621476640983127,0.865995900875722,0.6613167760074976,0.8156322730799069
2010_003132_aeroplane,0.7950645692408403,0.786747290105052,0.878916245564993,0.8311107359891965
2010_003168_bird,0.8391877058177827,0.84940665218118,0.9034263302005476,0.9072209685818434
2010_003183_cow,0.5821451601346994,0.6376735262029269,0.5983359746434231,0.6560829015544042
2010_003187_dog,0.8862151071482851,0.6287490456974588,0.975714865138917,0.7692926969522714
2010_003207_motorbike,0.7650862068965517,0.645335577758471,0.7899723774651506,0.6933552411718837
2010_003231_car,0.9147685525349009,0.8241116261104674,0.9056830758866272,0.8276576703876407
2010_003239_cow,0.8465319708933271,0.798779172956027,0.743516807507838,0.7573472973203473
2010_003239_person,0.8918845315904139,0.8826930025292063,0.9026322980234994,0.9210841210960871
2010_003275_cat,0.8141252819073043,0.6454811104153622,0.8065637154495869,0.6423230670450073
2010_003276_car,0.9570847105744803,0.8340191017680357,0.9767294645437407,0.9001824621659332
2010_003293_bus,0.9032723990069962,0.655793716466914,0.9265953809331385,0.7253847894975102
2010_003293_car,0.910803324099723,0.9169329073482428,0.8638743455497382,0.8593187482691775
2010_003302_chair,0.8756600489689962,0.7394898368341507,0.9419644219326885,0.914732641660016
2010_003302_pottedplant,0.7646434634974533,0.6440149625935162,0.776595744680851,0.7096488946684005
2010_003325_chair,0.37165544622820645,0.3795489712877529,0.7317462083286981,0.8897741907787413
2010_003325_diningtable,0.3757513561061428,0.25298441328259397,0.9268988872762458,0.6044734734117937
2010_003325_person,0.9654800668837454,0.8599699740685137,0.971760026516407,0.8851120983572683
2010_003362_bird,0.747655980238519,0.39389462527901337,0.9035424874283335,0.8256711347439164
2010_003365_aeroplane,0.7778602235310486,0.6647145864160223,0.9378895925796639,0.9115596161369756
2010_003381_car,0.8478587871585404,0.2878029240937312,0.856711079767272,0.37011586680799735
2010_003381_person,0.3646671391054233,0.417678916827853,0.2684752104770814,0.24040632054176073
2010_003402_cat,0.8000335127662694,0.5199312766566696,0.9461188123740076,0.8085638637816124
2010_003409_chair,0.21999418773612323,0.44919605458721795,0.34822845055526175,0.5266264428121721
2010_003409_person,0.7596057131361899,0.8693155928187369,0.7564718162839248,0.8630608312689237
2010_003418_bird,0.9281370923161968,0.9241900434610826,0.9574604189988806,0.9631018449077546
2010_003446_bicycle,0.2980638123806927,0.8683320477066397,0.3217403958090803,0.8736891716743255
2010_003446_car,0.8101367658889783,0.8830294530154278,0.7740650406504065,0.7979600391225373
2010_003446_person,0.7544344621055057,0.8636714975845411,0.7542692392991794,0.8841354723707665
2010_003453_car,0.878514807465001,0.5286629316295571,0.9508382175486985,0.7986034798534799
2010_003468_bottle,0.8730172717659499,0.6282897658308416,0.9364729585090977,0.8473664122137404
2010_003468_cat,0.8895838273654256,0.687137330754352,0.951645399597045,0.9110632133140172
2010_003473_bird,0.6855002370791844,0.5004735147420923,0.9532955608691133,0.9272013153087322
2010_003495_aeroplane,0.8979044834307992,0.902352209085252,0.936251269895022,0.9444896092678218
2010_003506_dog,0.9018449401234677,0.7089114495205866,0.9621974194007038,0.876148175006043
2010_003514_train,0.9282779230481882,0.8301203572783391,0.9756112104949314,0.9417124039517014
2010_003531_chair,0.8229291065030941,0.7387952671208319,0.7405300738230667,0.6073781598990702
2010_003531_diningtable,0.4765879478827362,0.38803319349603455,0.6993778137487986,0.5999872057318322
2010_003532_horse,0.8132810450296193,0.7146195901673553,0.736353503651776,0.6189143520963143
2010_003541_sheep,0.7336706280597667,0.4470360287445123,0.9071828795232652,0.6935091392677268
2010_003547_boat,0.7750386341894179,0.5153289989911445,0.8016917649736373,0.5531458531935176
2010_003597_diningtable,0.7162884051258298,0.5131384370378796,0.7994603507719982,0.6714465333492995
2010_003597_person,0.8142816477573096,0.645551969012266,0.49752315313374973,0.449516775359472
2010_003597_pottedplant,0.22810085993295437,0.496289345730615,0.2282099343955014,0.4182823054653917
2010_003597_sofa,0.18216744037137828,0.22526826400117594,0.19056827396918471,0.24651309714730038
2010_003675_cat,0.7138985356403096,0.34479158034308444,0.7870772513034865,0.42858590567299704
2010_003708_train,0.5203296703296704,0.5412246135192482,0.6150983519404573,0.5804761191795179
2010_003716_aeroplane,0.9141878559994043,0.891220467766829,0.949759652659327,0.9364070435813996
2010_003746_car,0.6990191017036654,0.5805519897304237,0.7796192976698392,0.6517682794532437
2010_003746_dog,0.934784022898777,0.7657456240923336,0.9478879195228345,0.8344180742080736
2010_003746_person,0.8810914552736983,0.7868567286784247,0.9262964475296039,0.7935545195310731
2010_003758_cat,0.5797736154157122,0.4613430646488498,0.9615294393619517,0.8916540499621499
2010_003764_cat,0.8722162043071952,0.643116982577063,0.8909168633719309,0.6824301336573512
2010_003768_car,0.4460556844547564,0.6995511968085106,0.7375312921240131,0.7073723056277782
2010_003771_bird,0.6991241041974747,0.5880870420457339,0.9093054121810943,0.8852365985681858
2010_003772_bus,0.9476228084030959,0.8463180847680916,0.9708109507475244,0.8999202738826619
2010_003781_bottle,0.5037640190505454,0.5229441481897278,0.8941297103306844,0.7914538310412573
2010_003781_cat,0.9635239567233385,0.9075255659470326,0.9647803450505326,0.9113830664410016
2010_003781_pottedplant,0.7339642481598317,0.6489681295715779,0.78048358243407,0.820053189652195
2010_003813_car,0.9655178160727975,0.8482641349015162,0.9708107744560648,0.8994186391410097
2010_003854_car,0.9815971707503017,0.8343350409422774,0.9871608037528322,0.8161879696380211
2010_003854_person,0.7893065113816834,0.743371364293749,0.8495726495726496,0.932206799436733
2010_003912_bicycle,0.4096343101208692,0.5536090354585589,0.4573112338858195,0.6480439744125495
2010_003915_aeroplane,0.825691204915235,0.9276978585820721,0.916350291065553,0.955641912705559
2010_003947_motorbike,0.531776858636545,0.5430666944933067,0.5741458577481294,0.6769840791219395
2010_003956_train,0.8876157864699943,0.7613112693757855,0.9270596952716158,0.8466024759284732
2010_003971_cat,0.8300892133008921,0.722903093535013,0.9158479282357966,0.8697285806100756
2010_003971_chair,0.4959866305421214,0.5968779846247788,0.5951611920287647,0.6170746802365562
2010_004041_boat,0.8176934791637823,0.693233218744346,0.900035754722603,0.8257955196730707
2010_004042_motorbike,0.757022229881096,0.7359073846250906,0.822722910287464,0.8516866554333102
2010_004063_aeroplane,0.6824412532637075,0.8259495337933941,0.7496407472457289,0.8566948886798369
2010_004104_cat,0.979742770765368,0.8976962648177141,0.9752290291212447,0.8022533641213473
2010_004120_cat,0.9228238548258665,0.8231581658938691,0.9520626473705843,0.8852882439089336
2010_004149_train,0.6144255969714618,0.21665882036451678,0.9844179481464973,0.6964330887933216
2010_004165_dog,0.7821396993810787,0.7850634725634725,0.86205931729155,0.8781776336436866
2010_004165_person,0.8624440402909905,0.8265045631501691,0.9343591191417279,0.8794222448460168
2010_004208_boat,0.8422228060956385,0.8989968604027874,0.936996336996337,0.9575307495938733
2010_004208_person,0.0002624442306009973,0.08511979823455233,0.0,0.0
2010_004219_motorbike,0.8771968652857559,0.5420564966650491,0.9027537819729468,0.6484458988505204
2010_004219_person,0.30694089365436716,0.27835394430502225,0.36454994839480687,0.3845843964012354
2010_004226_sheep,0.890498338870432,0.7857928446658472,0.842570775452787,0.7466802686389526
2010_004314_aeroplane,0.7117962466487936,0.7221935958778064,0.7490877115849637,0.7810750420526725
2010_004320_cat,0.4404549935988934,0.27599255332065237,0.4870259481037924,0.34673169521998803
2010_004322_cow,0.9003692488775403,0.5782610515740121,0.9375624708469381,0.7139543104591047
2010_004337_car,0.7345679012345679,0.8341121495327103,0.6639194139194139,0.8755107600108962
2010_004337_person,0.7079803834150691,0.8145173745173745,0.7900497512437811,0.8361251580278128
2010_004348_bus,0.9170868409148581,0.4841976205612569,0.9539782193730622,0.595950856549576
2010_004355_motorbike,0.926426681142702,0.7355313779837008,0.9481407632840102,0.7970228071269673
2010_004369_cat,0.9330785018924059,0.41616600622097233,0.9737476958897908,0.6954340573989661
2010_004382_pottedplant,0.520157195213494,0.5730479288561247,0.5030997620723167,0.6377513030528668
2010_004419_aeroplane,0.8972058119112246,0.8432667481994837,0.9294884521209715,0.8867593392205477
2010_004432_person,0.7746893394375409,0.6160426027625229,0.8510434248887525,0.7888268548755223
2010_004472_car,0.34856436014693754,0.439665962205306,0.7898822726497184,0.7072360888481796
2010_004472_person,0.7455997749085566,0.4248947909847564,0.8175199863922435,0.5879539112773106
2010_004479_cat,0.9059912323429128,0.7914390429430883,0.9350053744177714,0.8060622317596566
2010_004479_person,0.9364770351142837,0.8389654441382235,0.9480483380149812,0.8534823413188442
2010_004519_horse,0.9381721783191557,0.8041181688664283,0.9612349796290248,0.8721229746572496
2010_004529_bottle,0.8195493704440027,0.5648425080160591,0.9541983057542904,0.8708433430269313
2010_004543_chair,0.1856946354883081,0.31175582760355525,0.7575581395348837,0.7315352046416811
2010_004550_dog,0.8336305822166944,0.44196502914238134,0.8859882005899705,0.6044939875362064
2010_004551_bottle,0.66735224074475,0.4194705535122372,0.7726759907594778,0.5191209738231175
2010_004556_bird,0.8736628300609344,0.9039543667617359,0.9077912794853467,0.912065912065912
2010_004559_bird,0.8666680579323011,0.7635499001129158,0.9249147494280657,0.8289985664550481
2010_004559_person,0.869245201327753,0.8288907208940185,0.9150688822610424,0.8750682438580528
2010_004628_dog,0.8910559723023659,0.9238581466842336,0.8863689501987374,0.9273187091099016
2010_004635_cow,0.8622118155619597,0.7800824402308326,0.8967403521918321,0.8413385009343207
2010_004662_boat,0.7136106790573133,0.37907779171894607,0.7930479628674575,0.5173556781684922
2010_004697_motorbike,0.6210452961672474,0.44672727272727275,0.643590474832454,0.4504565153363908
2010_004697_person,0.8337352377419155,0.6233605264343985,0.7920137103684661,0.562404397705545
2010_004757_pottedplant,0.7080525078369906,0.5278545390404515,0.8301235807038454,0.7705150014301414
2010_004757_sofa,0.26606398404930215,0.18308348376631872,0.39858590830778867,0.31580613595809587
2010_004763_chair,0.3714480077745384,0.4800817330055153,0.32505780237274,0.4674853727132148
2010_004772_boat,0.6219875205026513,0.26777403082411305,0.8523928987264281,0.6998844869033124
2010_004783_chair,0.35821575966983393,0.3906008962021597,0.4019042437431991,0.49982332484052744
2010_004789_cow,0.8622250157133878,0.8278109485379349,0.8854254868755292,0.7868291688376413
2010_004795_dog,0.8632501685772084,0.8775133214920071,0.8966332776850306,0.9344993881810983
2010_004815_cat,0.8960616605418062,0.7240935866589231,0.9415624359237236,0.8606932635709614
2010_004815_person,0.9490396747511566,0.809412679891093,0.9548551057145883,0.762898376428142
2010_004825_chair,0.5643904972088797,0.5687005878775593,0.641873100058211,0.5412222021334298
2010_004825_diningtable,0.3874829931972789,0.2963328168286613,0.40023504831548706,0.2925932732953501
2010_004825_pottedplant,0.2560036768930254,0.5037805017756902,0.12277951933124347,0.25115452930728244
2010_004828_bottle,0.6244997389942579,0.6429783499122294,0.8722624262045324,0.8041777280983652
2010_004828_person,0.5785539963392312,0.4596966091612136,0.9283565097178174,0.8820353253408987
2010_004856_horse,0.8141535269208962,0.40716690274277517,0.928223753182567,0.6310462241709035
2010_004861_cat,0.924341972671208,0.8177142547777597,0.9594028725765252,0.8715405580062375
2010_004941_motorbike,0.8216289490529803,0.658231851969002,0.8730969551282052,0.7892691308527829
2010_004946_car,0.6316649678394433,0.38264085273004134,0.9453521805754033,0.7985823407560849
2010_004951_train,0.9663029216934942,0.009508571428571429,0.9348494561733292,0.23047088884832997
2010_004980_train,0.9175192822288682,0.7878755874742568,0.9528029513192718,0.8703478741027056
2010_004994_bird,0.8703566569652298,0.7711163128049585,0.8794997619657963,0.7703137178487919
2010_005013_car,0.9010884353741496,0.7907726309973294,0.932596534315732,0.9194258172673931
2010_005021_cat,0.9696598115124548,0.821804843786582,0.9766559810241777,0.8790174592355686
2010_005021_chair,0.6216650973006905,0.6324600815649409,0.8606464417351857,0.8193054466632846
2010_005046_diningtable,0.14903403863845446,0.15959624479424014,0.15031315240083507,0.1372093023255814
2010_005046_person,0.8687772838319516,0.6077688575466612,0.9291509628648079,0.8529038842157348
2010_005063_bus,0.917371558330968,0.8088256227758007,0.9492689800951206,0.8751364080179197
2010_005108_cat,0.7023313609467455,0.44038905775075987,0.8948001019825901,0.5312723770957307
2010_005118_bus,0.9174118558698179,0.7527478779327765,0.9411393403818842,0.8343396666278121
2010_005118_person,0.7893228233608026,0.8517337314243062,0.7016341591987348,0.8344348065537657
2010_005159_dog,0.9154529745741792,0.6240509643075312,0.966131262169655,0.7896541413335991
2010_005160_bus,0.7200153374233129,0.598790194205667,0.9734954315487427,0.8810173299101413
2010_005160_motorbike,0.765625,0.7170485164458474,0.8004830436731238,0.7576338028169014
2010_005166_cow,0.6789192949907236,0.548593261549149,0.8504172908196019,0.7527709359605911
2010_005166_person,0.7529885654885655,0.7198191828952161,0.5309601205105843,0.5512811446620937
2010_005174_horse,0.9088764530883452,0.8141159393994375,0.9411636611092208,0.864353562423685
2010_005180_sofa,0.9751719690455718,0.8227561196736174,0.9688774415110539,0.6885591279655583
2010_005187_pottedplant,0.6006919623709719,0.5804548516906717,0.5154059932334462,0.4523140098405534
2010_005206_dog,0.9453925367588513,0.5698288611874076,0.9537780275057527,0.7329581652155447
2010_005245_dog,0.7653832313781936,0.9095386210471748,0.8112049117421335,0.9156156546612925
2010_005245_person,0.8395431057927658,0.8166147455867082,0.8496607869742198,0.8287990069307954
2010_005252_boat,0.3918171765573166,0.3051293082843348,0.6347588717015469,0.4789339211462352
2010_005252_motorbike,0.2874913245422028,0.4583014270797076,0.37080429086954375,0.4141893061083232
2010_005252_person,0.8275777913361806,0.7581551715081157,0.9118483412322275,0.9234931420661885
2010_005284_bus,0.9606600720244336,0.7967125125796712,0.9665739018127585,0.8197303051809794
2010_005284_car,0.8068910256410257,0.8793865349623083,0.8833892617449665,0.9143306261461881
2010_005284_person,0.58841917237273,0.6656093692814444,0.507068019291535,0.6989286807468625
2010_005344_cat,0.8935589097141593,0.6773782073296375,0.9514066788655078,0.8283445326817349
2010_005353_bird,0.7734650670430487,0.7426451777948324,0.7976710334788938,0.7519928002057084
2010_005366_motorbike,0.7337285174622609,0.5230069939177661,0.7644886319365446,0.5855017351646744
2010_005401_boat,0.7319746962835166,0.4612504353883664,0.6975504047249782,0.4177536231884058
2010_005421_cat,0.8436472346786248,0.8520400063502144,0.9102212175036332,0.9154851878413417
2010_005428_bird,0.8442656624443684,0.7935713372811315,0.8871389317069901,0.8808225686039409
2010_005432_car,0.848243953205522,0.5600674804009129,0.9832386257662609,0.9330022075055188
2010_005433_motorbike,0.9142576250555933,0.818168016194332,0.9601575769013021,0.894212461855455
2010_005496_bottle,0.20377950346199455,0.2672957221583475,0.24970486309455805,0.2790591110432259
2010_005501_car,0.9525565800502934,0.7991261605679957,0.9618763992734338,0.8577850280949791
2010_005501_motorbike,0.8259604774801886,0.6276205956086944,0.8458555002574224,0.6815797507701701
2010_005531_bird,0.6663082437275986,0.628669478210535,0.4750748074107086,0.551352892944993
2010_005534_aeroplane,0.8770178165730002,0.8541808990299221,0.9001595483554247,0.8722357877360113
2010_005575_dog,0.8888623041033616,0.8343306079568812,0.9054209222215507,0.872873934086195
2010_005582_person,0.7872350783810976,0.627861448702293,0.9206646796782361,0.7954659509938687
2010_005606_cat,0.8691663494480396,0.7579177663564384,0.9106546486156498,0.8763043258028569
2010_005606_person,0.7083028459198213,0.5929806552096423,0.8390160961233281,0.761418164157358
2010_005606_sofa,0.6424796533136032,0.5897691316067034,0.8913173574792496,0.792160599144712
2010_005626_chair,0.2742557883131202,0.3679692125518058,0.4166991806476785,0.5927597169521075
2010_005626_diningtable,0.6692959968448038,0.4795944807929002,0.8554020341585108,0.6905592438393159
2010_005626_person,0.8983568112822654,0.8233464516948077,0.9377283851285662,0.9014969301854547
2010_005644_dog,0.719284952139422,0.3481490355816461,0.9341976216746353,0.7028795811518325
2010_005664_bicycle,0.42294122473538825,0.4416506512919069,0.5419114395805698,0.6828531890803875
2010_005705_boat,0.5343401381194506,0.537838186866404,0.5894233324475153,0.4971541939050964
2010_005706_train,0.8173690932311622,0.6946094924475624,0.8642215205246538,0.7837878166150632
2010_005709_cat,0.5429812765077067,0.40467964286936,0.7132335126229588,0.5564906450913819
2010_005709_person,0.7639748091177618,0.5754075454122031,0.8116304063670956,0.6963007159904535
2010_005718_aeroplane,0.5884647204822125,0.7260747869295846,0.7498522458628841,0.8523400321818617
2010_005719_sheep,0.9552007126852576,0.6001838235294118,0.9567359295445164,0.7387168375436001
2010_005727_train,0.8437093794896353,0.7417630479152493,0.8700105969622042,0.7985894206549118
2010_005762_bottle,0.3454235805850268,0.38754494932984634,0.4389075227599425,0.5114359547961584
2010_005788_sheep,0.8733422251302313,0.8149622571733125,0.9112158142718012,0.8920991496943862
2010_005860_bicycle,0.29794762915782025,0.5945991278094599,0.38812154696132595,0.6485728427652203
2010_005860_car,0.7672506357728172,0.5473678699510484,0.9741920942157608,0.9281205617800221
2010_005860_pottedplant,0.42590196923961476,0.5190423668331927,0.49636566955549344,0.527415993748372
2010_005871_person,0.7624833185053381,0.6878849711092889,0.5815887762468221,0.6320911964747581
2010_005871_train,0.806404358664645,0.32628581598149137,0.9469644638882493,0.680590758432443
2010_005877_aeroplane,0.8491581562241236,0.7896258230287457,0.9238681582701403,0.9258970678695919
2010_005888_aeroplane,0.7955915274668504,0.9228317093708649,0.8220967172608542,0.9464317814129067
2010_005899_cat,0.971112047551455,0.8689453575732711,0.9809056253747045,0.895510373659474
2010_005922_cow,0.6404446344591705,0.8603850704528343,0.6126126126126126,0.6989166577281991
2010_005991_dog,0.6396968374270863,0.5947673016638534,0.8956286487256159,0.8960277714545869
2010_005991_person,0.82431190120175,0.6169448414207235,0.9515042162241779,0.8238858952013943
2010_005991_sofa,0.37831066571224053,0.28508969874760237,0.44769840297349184,0.38714576645611126
2010_005992_dog,0.868430254921845,0.7218403321309467,0.9115783357844472,0.8309456586148001
2010_006026_sheep,0.7540431266846361,0.8851251840942562,0.7713894592744696,0.8933908650810356
2010_006034_aeroplane,0.8657342657342657,0.781965204606714,0.8788081980117197,0.8149954655751367
2010_006054_train,0.660262275083867,0.6974165317988371,0.7446592065106816,0.7482167438368165
2010_006070_bicycle,0.2229622380111087,0.5379583187526731,0.26069736507794167,0.6476622137404581
2010_006070_car,0.9296036059923107,0.7120783460282917,0.9546287809349221,0.8168968141785364
2011_000045_dog,0.8766861924686192,0.7859630239331392,0.9111126579194654,0.8543657864895513
2011_000051_person,0.9012865651015103,0.8232901620518055,0.91557805907173,0.8500116378307083
2011_000054_person,0.864484762243567,0.637489896163651,0.896850560135278,0.7510687427840359
2011_000070_sofa,0.9507473585383663,0.6440734781442746,0.95692847398168,0.7017846590237561
2011_000112_bird,0.7582710779082177,0.772011030135907,0.8016769144773617,0.850840108401084
2011_000173_sofa,0.9617913796864774,0.8601946501805717,0.9650137568784393,0.8585755464809032
2011_000178_bus,0.9141999872321409,0.7145737530951539,0.9465368463756675,0.7826701416929741
2011_000178_person,0.7047064531780689,0.8530300849287462,0.75135249814363,0.8143664553578248
2011_000185_bird,0.9671923506767665,0.7147693254623283,0.9825942913271124,0.7595999887637294
2011_000226_chair,0.4963033216217964,0.5300578662405561,0.35840446409571325,0.40207044646004936
2011_000226_diningtable,0.7074529188568246,0.4550892426435118,0.496310755416748,0.3372998483060846
2011_000234_boat,0.8614419564872161,0.6919902584224056,0.9185008923259964,0.8264943074003795
2011_000239_bus,0.9525375650064749,0.8192793122370587,0.9743503419253025,0.8929637043471692
2011_000239_car,0.6347352024922118,0.9324585932458593,0.5944108761329305,0.8590017064846417
2011_000248_bus,0.9191488458927359,0.8005717797312101,0.9404007868739056,0.8423851643658208
2011_000248_person,0.6903497122620629,0.8726523887973641,0.43979690522243714,0.5120040434672732
2011_000283_train,0.8845956975859445,0.4713383568748284,0.9592810923032626,0.7336182804537235
2011_000312_bus,0.9479836219319715,0.8352715614785013,0.9573101711751253,0.8588970611446068
2011_000338_chair,0.3651216265278954,0.557632522917497,0.38453720508166966,0.683571311340883
2011_000338_diningtable,0.3520738432030688,0.41053156975293237,0.2023100738271017,0.2927351516696406
2011_000396_horse,0.8188529244747302,0.8610336123289491,0.7105150520759024,0.774335995843886
2011_000412_bicycle,0.23339073495333462,0.446690583682683,0.2685208004731861,0.638629752231919
2011_000419_cat,0.6771324723532596,0.6854695578362529,0.7344725599737102,0.748137343793117
2011_000435_boat,0.657166794665922,0.2766304417066925,0.5879809962228517,0.1934553016496098
2011_000435_person,0.6717743339717918,0.8235073117160858,0.763987363987364,0.8405940002390343
2011_000436_sheep,0.6905975644293402,0.8125135938519539,0.7353739445114595,0.8501897745032373
2011_000438_person,0.8580756050893446,0.650719238076439,0.6602601391441935,0.6527900582599533
2011_000455_motorbike,0.8109100855769606,0.6239218632607062,0.7430533502699269,0.5873349913908552
2011_000455_person,0.9114943975827773,0.7574902341924752,0.9342466763778511,0.8459254671960948
2011_000456_bird,0.7719319128675157,0.787203315333417,0.8260869565217391,0.8533892834086507
2011_000479_person,0.7921759939388899,0.47591964298283895,0.556478578892372,0.5991440398512594
2011_000482_bird,0.8922878528031482,0.70527018012008,0.9566366137335549,0.8527998817471854
2011_000503_car,0.7717329332333084,0.6333518361623185,0.7301455429397827,0.6274237487313712
2011_000512_motorbike,0.8198364132081187,0.5986174308715436,0.8919132878573973,0.7090793347656561
2011_000521_train,0.9137645731477999,0.6990828747707187,0.9577947667087011,0.8435754189944135
2011_000526_horse,0.9258233044127251,0.6948797819526915,0.9491556305679955,0.7449157324043864
2011_000536_dog,0.8865998747651848,0.8259467928052785,0.9146708504098361,0.8695652173913043
2011_000548_bird,0.417255297679112,0.4836250705815923,0.517075517075517,0.49199296491715266
2011_000548_cow,0.7914402719413292,0.7360261039136563,0.5783715091590986,0.5272219071538524
2011_000566_cow,0.928536064874093,0.7139697594794037,0.9541644655749252,0.8397809287322179
2011_000566_person,0.8932280551998862,0.7790836415702184,0.9175250433612969,0.7997518896774566
2011_000585_bicycle,0.06986575687903286,0.4222209780813482,0.2536,0.6558197043781262
2011_000585_person,0.7633556774324599,0.7096111348040166,0.8623160783715789,0.7970443749746254
2011_000598_diningtable,0.37635654830892423,0.1714272009976737,0.43663720955346375,0.17961223652123523
2011_000607_chair,0.6948221757322176,0.5861653410460352,0.925563063063063,0.8948694869486948
2011_000618_motorbike,0.8411204303035829,0.7380487704665448,0.9155690232399013,0.8852017565664098
2011_000618_person,0.9078358491997269,0.900384112110084,0.9026568598018613,0.913672344481744
2011_000638_person,0.8267938142786568,0.5971216731367818,0.9100460492411019,0.8213622507970989
2011_000658_car,0.7538042243924596,0.8371312488959548,0.7441501671380818,0.6825576995838063
2011_000661_cat,0.9078536681382335,0.8683798335780715,0.8950726978998385,0.8497173551005089
2011_000669_bird,0.7669395179627103,0.9409495315329501,0.856020278833967,0.9658292269165523
2011_000747_bottle,0.5170266330992447,0.828919081606329,0.23331328923631992,0.3640317984100795
2011_000747_pottedplant,0.6926745860331174,0.839324442803747,0.4726134585289515,0.6343298068523731
2011_000780_cat,0.8845635545770304,0.7082313705957511,0.9266394087120616,0.7954962275101567
2011_000789_cat,0.9530672860896386,0.7359196754745736,0.9659143832958161,0.7437079049982276
2011_000807_aeroplane,0.7280202403542062,0.9143730886850153,0.841991341991342,0.9483136824787497
2011_000809_chair,0.5034517595554807,0.630406603902306,0.6229363680076936,0.7567456793496824
2011_000809_person,0.8863327569169961,0.8528813165086934,0.918224811300072,0.8906038689951197
2011_000813_cat,0.9268446334357036,0.7615749179730222,0.9351793081561409,0.7712572896700787
2011_000813_chair,0.5465742754211158,0.5881403164655369,0.8294375719217492,0.8460844771566872
2011_000830_bus,0.8718615956534173,0.4290153906866614,0.880777356947433,0.6061871642444553
2011_000843_chair,0.5188798554652213,0.39487801762677227,0.6228893058161351,0.501699854298203
2011_000843_person,0.8817783424478447,0.4529068040011885,0.8930578806101359,0.499435701297887
2011_000874_aeroplane,0.8963305489260143,0.8752861659217268,0.9254958380433665,0.911740710524364
2011_000888_bus,0.8741367893292972,0.5547882625416994,0.9082427847976793,0.6474797897247868
2011_000900_car,0.9140923500264946,0.6599772315955398,0.8112822307782056,0.7149139467609502
2011_000953_diningtable,0.8990681646718186,0.6243104964425613,0.8882308647251562,0.5159339309836669
2011_000953_person,0.8609293780247356,0.7251766151325894,0.7172201722017221,0.5718120521654584
2011_000969_bus,0.9249963015927807,0.8540177920373341,0.9498895360514159,0.9179869058923484
2011_001005_sofa,0.9780504551595827,0.900352570050102,0.990593124713716,0.9578626452894902
2011_001014_dog,0.895002595441461,0.8262414277451872,0.9220375230873918,0.9022210540149822
2011_001020_sheep,0.625077399380805,0.6727443745025685,0.5688709211666185,0.5210870942758572
2011_001047_cow,0.8012702315099365,0.7741867286805317,0.8606737458806298,0.8468038408779149
2011_001060_person,0.5901582083418944,0.7007323960232955,0.39389820268841563,0.38274561362320203
2011_001060_train,0.6968193384223919,0.3921132135474638,0.8380255137309118,0.5934965109277036
2011_001064_bus,0.8131117474220051,0.5028311712905975,0.8316404752778842,0.5251417042943607
2011_001069_person,0.8279446672669232,0.4886279771888628,0.8128445963383828,0.43401071907101385
2011_001071_chair,0.5800863832689248,0.38221212565342716,0.8282655792022429,0.5322910216718266
2011_001071_person,0.9482210539185719,0.7794772143170563,0.9586952560286703,0.8242098609355246
2011_001082_train,0.7619669277632725,0.7926829268292683,0.83740234375,0.8641532016756434
2011_001110_bus,0.6579804560260586,0.8395339329517579,0.7285799880167765,0.8625415282392026
2011_001110_car,0.8638491479065853,0.7290327918585731,0.8893935038804254,0.8251456139318704
2011_001114_aeroplane,0.8424672568961733,0.8662294563843237,0.8764652154056934,0.8984384360397779
2011_001159_cow,0.7763682717216991,0.7459589380401079,0.9386822828624326,0.911583097005169
2011_001159_person,0.7823811600523332,0.8105954257823467,0.8513316307916818,0.8953516724669164
2011_001232_cow,0.912533478466364,0.7863340799860818,0.9379402495170871,0.8711041852181657
2011_001263_aeroplane,0.6657792340774115,0.8426342384363373,0.5750881316098707,0.6069685620247418
2011_001276_diningtable,0.3658697227161957,0.2570682093869553,0.6092549923195084,0.46611763509735143
2011_001276_person,0.8744285362314873,0.6285812672176309,0.8735498351686891,0.6270717264094747
2011_001281_train,0.9167901289167016,0.7612738853503185,0.9499621446761649,0.8608957959448623
2011_001287_bird,0.9148552015774595,0.8083131894084632,0.938275215049833,0.8637281387743495
2011_001292_cat,0.9565159989438057,0.7870823777350772,0.9723618090452262,0.8590170291142922
2011_001313_car,0.47804355587290254,0.6315328832208053,0.13172690763052208,0.20173868575811812
2011_001341_bus,0.9498447875050462,0.7635725677830941,0.966366315312252,0.8265604249667995
2011_001346_person,0.7179914767463406,0.6490825688073395,0.650990930466913,0.6304048471495456
2011_001350_sheep,0.8593907819892616,0.7057924786233146,0.8921085754938981,0.7661529011001285
2011_001407_aeroplane,0.9085828676286596,0.8907631274794615,0.9243615761880603,0.912108945997678
2011_001416_person,0.3571754506046087,0.4474787176573589,0.34581876043734444,0.43906573406609095
2011_001421_bird,0.6281005221932114,0.5487202153734881,0.8281282103965482,0.8919704633990349
2011_001434_aeroplane,0.8836744155242069,0.7218120753432078,0.9025198490525205,0.7694003941071597
2011_001447_chair,0.04217782451220937,0.0847647733430793,0.07672447013487475,0.10345390605375533
2011_001447_person,0.8857538949036177,0.6257161395419468,0.8788176114535253,0.8169834047109208
2011_001529_person,0.6651622002820875,0.8972714314803503,0.7049083382613838,0.9104492887114932
2011_001530_cow,0.5320953690967446,0.6779397866882678,0.5204664445502142,0.5819049539557707
2011_001530_person,0.8378378378378378,0.4550480069828339,0.9320925378326665,0.5543688649246509
2011_001534_cat,0.9348629527386825,0.7747583485276119,0.9703145838236448,0.8972089501579593
2011_001546_cow,0.831166685028093,0.7728560490045941,0.8495026903636067,0.8834106072599797
2011_001567_chair,0.6424674779689467,0.46965425531914895,0.7692136581025469,0.3102281831399662
2011_001567_person,0.8244001590738368,0.7542054387606059,0.7919371208723771,0.8140855552679265
2011_001567_sofa,0.5303568408591239,0.459643217771794,0.5873247131670005,0.5241827296476735
2011_001589_boat,0.8305489260143198,0.8036259308997681,0.8522790439132851,0.739870743226448
2011_001597_cat,0.8438321276653391,0.6121310437603862,0.9157578258562754,0.7427982199066536
2011_001601_cat,0.9430273146679035,0.8490275067665387,0.961260881426552,0.8982305147885289
2011_001601_sofa,0.9827649984244633,0.7863597122302158,0.9046652864993501,0.47861414236967464
2011_001607_cat,0.9032570361662402,0.7103783855844646,0.9396153790498791,0.7500056012367531
2011_001613_boat,0.4117999401018269,0.8231060606060606,0.5991266375545852,0.9096455926262496
2011_001613_person,0.532258064516129,0.866231647634584,0.6023688663282571,0.879640304357851
2011_001614_train,0.8585498913806903,0.6290326316033257,0.9072341018804134,0.77977731112956
2011_001619_person,0.7951232848623618,0.7259429134113318,0.5437006136937949,0.47991282237559024
2011_001624_aeroplane,0.7427430502227,0.856601554844189,0.7747762148337596,0.876391982182628
2011_001642_dog,0.9174636632479708,0.6840986202216693,0.9210749513099202,0.7505816207832493
2011_001665_chair,0.24191416233365648,0.6508148543948704,0.24361854196446805,0.5913503180908575
2011_001665_diningtable,0.02746342809826111,0.12094117647058823,0.41405727800915215,0.2508058494654987
2011_001674_person,0.874679660296264,0.6647792510105538,0.8950540413533835,0.7748727187279706
2011_001674_sofa,0.7143291108478387,0.5971091250137923,0.533724884080371,0.4627253814147018
2011_001708_cow,0.8181349598384949,0.7650938107956606,0.8968134250966343,0.8944964432796705
2011_001713_pottedplant,0.684928716904277,0.8626966477225929,0.7168701944821347,0.8895241298133513
2011_001713_sofa,0.8593206678180771,0.4807081538316405,0.972627778920191,0.7875137458762371
2011_001714_dog,0.8076315997158867,0.6357272854542909,0.9246535145140174,0.8053897550111359
2011_001714_person,0.5625478927203065,0.44371873623098257,0.7538071350817538,0.7455087733968865
2011_001722_horse,0.8122556289604962,0.7353446742931657,0.8649522304432152,0.812430219575735
2011_001726_pottedplant,0.03749669923422234,0.7961516369902355,0.04506357516828721,0.8241678287758443
2011_001745_dog,0.6570024476785002,0.5218988530144087,0.739003091609264,0.6225211120599677
2011_001775_cat,0.9223748986972772,0.4468827281010022,0.9279486031295868,0.4640836918776072
2011_001782_cow,0.6690220463538722,0.7464121403556959,0.6577798565637668,0.6163985543193253
2011_001793_boat,0.2536542075589894,0.5384989098492748,0.48831935875125243,0.7083086930810172
2011_001794_person,0.8391114304532663,0.7945598918736273,0.8906825981949917,0.8787302958324336
2011_001794_sofa,0.93288675429727,0.9283484233531064,0.9047504798464492,0.9013033978753862
2011_001812_chair,0.2653232577665827,0.4688291825507339,0.38095238095238093,0.6148089171974522
2011_001862_chair,0.14114627887082976,0.6629840067340067,0.1604496678589678,0.5966001628664495
2011_001862_diningtable,0.5329842931937173,0.5011764705882353,0.6703462117410939,0.7120586275816123
2011_001862_dog,0.7595744680851064,0.8306068601583113,0.8204172876304023,0.9216393004939261
2011_001862_pottedplant,0.5743243243243243,0.9195966907962771,0.5492063492063493,0.8820960698689956
2011_001862_sofa,0.9758863065004361,0.9032389904975988,0.9542755645775184,0.6685217656476329
2011_001863_pottedplant,0.6232457244214337,0.516425479034715,0.6980088074419077,0.5502958579881657
2011_001868_dog,0.8790197270639103,0.7349819373580128,0.9686701827710883,0.8546455553769491
2011_001880_aeroplane,0.6566656217813801,0.5600154640041686,0.6030636864387491,0.43614146803201104
2011_001984_dog,0.9230646225189391,0.8166712669058791,0.9494905835134301,0.8852341692431008
2011_001988_bicycle,0.45867549668874175,0.7773912017926642,0.45269922879177377,0.7678488641631896
2011_001988_person,0.9515096381935009,0.8205463765745133,0.9651645140001885,0.8395624833938535
2011_002002_bicycle,0.35575529138880835,0.7004397738306014,0.3897404765518288,0.6667812142038946
2011_002002_person,0.6822310075862806,0.7422408242112041,0.7560702498821311,0.7797682796222374
2011_002040_dog,0.8746451799249026,0.703122949744128,0.9388240662277557,0.8340352815272551
2011_002041_chair,0.05014641288433382,0.186310324937512,0.12317222502340992,0.19163117210916547
2011_002064_bicycle,0.2405412449502628,0.5248023336148,0.2611058150619638,0.6334681652565923
2011_002064_car,0.7805126118795769,0.6257072755495469,0.7302093295080225,0.39880409445626835
2011_002075_diningtable,0.11157405164478465,0.07244477723698989,0.1812252391535414,0.10204081632653061
2011_002075_person,0.936110058124842,0.8423543721409873,0.9548896459305424,0.8484307485316567
2011_002098_dog,0.8578391551584078,0.7150299743077362,0.9546877292512349,0.9114984566700386
2011_002110_dog,0.9281892949349232,0.8290606497039527,0.9573817127828024,0.8980415508799788
2011_002110_person,0.5316918341829374,0.23142463597009053,0.5467212066981976,0.2933627853160829
2011_002121_dog,0.18594498758080838,0.0874231121580945,0.28050054752610154,0.1069503107722949
2011_002124_chair,0.5789773266293521,0.3710273052820054,0.9006732454117864,0.7571235699566546
2011_002124_person,0.7291958041958042,0.8161247972816433,0.7473739495798319,0.873215785054576
2011_002124_sofa,0.6636804777902202,0.26548316672411815,0.9610200364298725,0.7489293361884368
2011_002150_bicycle,0.1601550849985088,0.6191855512012268,0.18356251998720818,0.6381730033171727
2011_002156_dog,0.8956499988630421,0.6938362517215211,0.9082890787347033,0.7438938880448756
2011_002178_sheep,0.26692572929779435,0.41539658516829026,0.8779686903398244,0.6963774305381099
2011_002200_chair,0.48306893032748865,0.58113765082492,0.7172826086956522,0.5632086731649095
2011_002200_diningtable,0.952166399209974,0.7111088476947104,0.8664568345323741,0.3852736632947977
2011_002200_person,0.8659706486520827,0.7291703015210874,0.2985264816273574,0.4130193368704941
2011_002223_bicycle,0.295860886602988,0.8354553437029604,0.348244944677604,0.8513727315030246
2011_002247_person,0.6405040504050405,0.8579445120276262,0.48844263152389916,0.6823375386812663
2011_002247_train,0.9355605169906392,0.5397974493623405,0.9543670674682698,0.6500734070666536
2011_002279_dog,0.9361327710185382,0.6479229868857941,0.944109241028898,0.6344942695003895
2011_002295_bird,0.8217971306317644,0.8650742414460942,0.8671532846715329,0.9102705080272707
2011_002298_chair,0.5675702316412026,0.8308880308880309,0.6539078370576286,0.8007880002764913
2011_002298_dog,0.5329412937306888,0.33524101062531886,0.7509006533553154,0.5666675490377743
2011_002308_person,0.9714452214452215,0.8247874513939234,0.9799527331303131,0.8845082051811333
2011_002317_person,0.8942029725726544,0.674420570623459,0.9241614674985336,0.8214173615186211
2011_002322_car,0.9639040315377745,0.8421519765139619,0.9721721846077396,0.8795547258521745
2011_002322_motorbike,0.6776459672609185,0.6043487096118675,0.706119050922714,0.6602734135890634
2011_002322_person,0.7692389230443079,0.6236673510277785,0.8014616768886114,0.7241007915038573
2011_002327_aeroplane,0.8537259097223331,0.7415811107219877,0.8739428960994692,0.7747774154545122
2011_002343_chair,0.27005779207176567,0.27494217990920106,0.6066068257559172,0.423870641494895
2011_002343_person,0.9266502547661304,0.7317006053935058,0.9561931805170716,0.8351430166904511
2011_002358_chair,0.6587868653086044,0.7175260054827444,0.717988729952319,0.6900122737035901
2011_002358_diningtable,0.0909866557455377,0.21826313827804697,0.0877594210813763,0.19029637542543412
2011_002358_person,0.8584265852831469,0.7856640577228813,0.5904177679592884,0.6574721130771868
2011_002371_dog,0.865432430616222,0.8106989281817598,0.8938610996279455,0.8548513047439318
2011_002379_train,0.8371955136123326,0.6241706394063007,0.900506801813817,0.7922822875021728
2011_002391_chair,0.29510617353396146,0.42361634308895973,0.40335249042145593,0.49123082972866694
2011_002391_pottedplant,0.43191572376121734,0.3784558086234064,0.7824878387769284,0.877257525083612
2011_002391_sofa,0.7540727733879622,0.6397669220945083,0.7480599169824942,0.5847589424572317
2011_002498_person,0.7906909969405638,0.5742364159626531,0.7988079842563959,0.6561962942102451
2011_002509_chair,0.757153905645785,0.6088713466779438,0.770460601446517,0.6007664984109179
2011_002509_person,0.5250717154331612,0.738620240058289,0.47363796133567665,0.3971760042937946
2011_002515_aeroplane,0.7660445317616241,0.7635263346838299,0.8214647316908539,0.7313479298536889
2011_002532_person,0.8420796100731113,0.7863726360346829,0.9150694566555302,0.9427412814274129
2011_002535_train,0.8875307445777745,0.7901965081452261,0.9489104116222761,0.9121493854396471
2011_002548_bird,0.6537281097671059,0.829300148750136,0.7106609371802742,0.6919067828158737
2011_002575_chair,0.03005050505050505,0.20272941431317862,0.030165912518853696,0.19626421223605847
2011_002575_person,0.6146935417523652,0.5452389145610068,0.801184004929686,0.7567497441367679
2011_002578_bird,0.8026315789473685,0.8345789735924265,0.8011869436201781,0.9028091701646755
2011_002578_boat,0.8233151183970856,0.562753036437247,0.8487891317188423,0.6201861653586421
2011_002578_person,0.9476880682384721,0.4948449365134896,0.9588665953601593,0.6492105674534938
2011_002589_dog,0.9550783625061696,0.7505499800959584,0.9700604949587535,0.7943935523650136
2011_002592_car,0.929302129266586,0.7239195549850236,0.935602862095018,0.7449281767955801
2011_002623_person,0.8292597917483553,0.6870027554624132,0.9004434481750402,0.8850804837030511
2011_002641_person,0.8379799583291994,0.5776571528628962,0.6468974489507325,0.471326406692754
2011_002644_chair,0.5338817624093698,0.44021388402323225,0.7589453860640302,0.4030108479079035
2011_002644_sofa,0.7163783037894066,0.6217321961029055,0.7393283582089553,0.6540327917064922
2011_002662_sheep,0.5281615302869288,0.7817258883248731,0.556036816459123,0.7999114162329753
2011_002675_aeroplane,0.7577039830742343,0.6880927063214773,0.7690845739626228,0.674027364110201
2011_002675_person,0.47183481253396126,0.783659217877095,0.6341589267285862,0.8633723308516731
2011_002685_cat,0.9468596753158618,0.5694969634467744,0.9709346411623697,0.6438639306703855
2011_002713_bicycle,0.3886568635981322,0.5314602206475917,0.4410977026329375,0.636300015551754
2011_002730_horse,0.6540284360189573,0.9028665170091521,0.6963616907437132,0.9235474006116208
2011_002730_person,0.5558633425669437,0.8513708513708513,0.6102204408817635,0.8683574879227053
2011_002754_boat,0.5636120401337793,0.4910564807472024,0.747851381726828,0.6616501881179456
2011_002812_car,0.8970617235259317,0.8708668453976764,0.8932973805855162,0.86709886547812
2011_002812_pottedplant,0.614760147601476,0.6901653611836379,0.7258320126782885,0.8077391092723291
2011_002863_bottle,0.24751491053677932,0.3400598427388491,0.0,0.0
2011_002879_sofa,0.7974025974025974,0.703327861513207,0.7885791978246091,0.6970966344070489
2011_002885_cow,0.8604984910199861,0.7977708760104848,0.9290096006932567,0.8892364868043467
2011_002929_aeroplane,0.8489066479318521,0.8132056420769207,0.8820559472367523,0.8547956267859361
2011_002975_boat,0.7424544974637931,0.7089739517153748,0.7736300720515737,0.7658462740502002
2011_002997_person,0.8393850510771721,0.6247806589978553,0.9060159988311356,0.7988806858775899
2011_003003_bicycle,0.44327626438740464,0.6646298434693354,0.5585781041388518,0.7817187166302508
2011_003011_chair,0.09948100756118294,0.30318823700684233,0.10522548317823908,0.2640172657587259
2011_003019_car,0.5942816297355253,0.5324467081682701,0.7782698961937716,0.7194833366199961
2011_003019_cow,0.860591266612422,0.867251514071963,0.8757862722057096,0.8785863154627289
2011_003019_motorbike,0.8006958857282384,0.7106059332717035,0.8138089615312908,0.7672410297993107
2011_003019_person,0.7355551833863675,0.8501942501942502,0.7622353349531412,0.8681284259984339
2011_003030_bird,0.7969435802968073,0.40302474604908,0.9910476605500241,0.890548658390068
2011_003055_car,0.7635172738559014,0.5242415685504168,0.8523345999687679,0.5324391065214951
2011_003085_horse,0.45834121728161464,0.7318474857248112,0.5845336076817559,0.7440195152659742
2011_003103_chair,0.6002187057764055,0.4225687377100079,0.8118129956866564,0.6426858513189448
2011_003103_pottedplant,0.0,0.0,0.0,0.0
2011_003103_sofa,0.39882468168462293,0.5108441095611445,0.7205380445693635,0.6579010566762729
2011_003114_bus,0.9246462082756499,0.6963217974270701,0.9396160018561844,0.7372474404276524
2011_003114_person,0.6214683331582816,0.7065138977296839,0.6122268536061639,0.6118736985253496
2011_003145_bird,0.7741364038972542,0.8177410666187825,0.8477575757575757,0.8989596879063719
2011_003146_train,0.8594579269675663,0.5366411807489667,0.8889639479485174,0.6224491656788548
2011_003182_sofa,0.9145577483946064,0.5063026419293567,0.8863403915565262,0.4234809381508648
2011_003197_train,0.8600715991904064,0.49285641565140664,0.9010105255114711,0.6633012735356112
2011_003205_pottedplant,0.22961104140526975,0.49118274738852075,0.1257071024512885,0.3395291201982652
2011_003240_person,0.8916582255004066,0.7092228706508089,0.918188171573338,0.7715247532284752
2011_003256_dog,0.8644385743271698,0.7869723393197436,0.9012930177043963,0.849392760637824
2011_003256_sofa,0.826689857662603,0.7242436137447914,0.7073668643808972,0.5863701733915828
2011_003271_bottle,0.033512038083048735,0.12081637611613923,0.06261293878962235,0.15521457390879081
