subdir,unrefined_iou,unrefined_boundary_iou,refined_iou,refined_boundary_iou
0_0_147,0.6884686832838883,0.4503634882808965,0.874115629243193,0.7703437080951373
0_0_155,0.8599559955995599,0.6691209424418977,0.9167244094488189,0.7938577739774832
0_0_272,0.8964350700940568,0.6740801382635193,0.9285486103716324,0.7848860257680872
0_0_280,0.7538080895008605,0.49931633077700494,0.7932097366393183,0.5582856087197487
0_0_284,0.8609688721196604,0.7568229624304391,0.6763760095722405,0.7446503606907775
0_0_307,0.8436188264713763,0.6509732605913653,0.9710790821164422,0.9453562463796099
0_0_355,0.8326526690049488,0.5014199890770071,0.9516704508595524,0.8538984996310568
0_0_431,0.9077438621287073,0.6052339413164155,0.9662632113066508,0.8593313265964309
0_0_547,0.9046411668115522,0.738216367373067,0.8674284395198523,0.7088691641039978
0_0_579,0.6182730527443407,0.1799402598337352,0.806082080566927,0.44614175548897295
0_0_610,0.14997543505805083,0.0,0.14557014975320004,0.0008553459119496856
0_0_735,0.8081605573063526,0.5484296535875394,0.824565899916704,0.5571385529204149
0_0_77,0.4901175625032086,0.16389576700860747,0.44930358180362107,0.23952349482317456
0_0_775,0.9226724684978697,0.8148335604438388,0.9798041813422949,0.9469345051265955
0_0_818,0.9152669987258195,0.856479914922415,0.9682147053367138,0.9027117148040994
0_0_840,0.8034842839901348,0.7031941808981658,0.9329204733582684,0.9085336187603387
0_0_899,0.8565093443142223,0.8852053438891638,0.9598145285935085,0.9676437504135512
0_0_951,0.8658252728495319,0.7784143088293174,0.9600510233663826,0.9510032664489034
0_10_10134,0.0,0.0,0.0,0.0
0_10_10135,0.9071822308690013,0.8079898002549937,0.8484848484848485,0.7266693977877919
0_10_10176,0.8770446609079213,0.6232725938608291,0.981023102310231,0.8229137199434229
0_10_10283,0.5264602779068294,0.14052213393870602,0.7312204198859269,0.384301359147355
0_10_10343,0.7404477679174738,0.48282331629682346,0.7543405814445897,0.4638637065311965
0_10_10392,0.5626298324655353,0.36099394828534753,0.8448162729658792,0.6521979188787428
0_10_10396,0.7733015697451823,0.4610936955764542,0.963186647267137,0.8790037385066182
0_10_10484,0.8835324958295033,0.752821270310192,0.9819395962968585,0.9706480853425418
0_10_10507,0.8599860063748737,0.8091369289419411,0.7423820224719101,0.768093283825158
0_10_10536,0.9548105798105798,0.823091570019041,0.9608589290568089,0.8720398593200469
0_10_10545,0.7131391086243488,0.48910338910338913,0.9799676025917926,0.9479166666666666
0_10_10600,0.9422862601496577,0.7469971563176435,0.979081019101155,0.9223411074404615
0_10_10938,0.38691057632537074,0.17392118068552484,0.46415780189233974,0.24898806434872858
0_11_11060,0.2166644670274075,0.0662390276839973,0.00011549233419631773,0.4468726450640543
0_11_11111,0.38313580726636876,0.37798290598290596,0.4154239454622923,0.49154756416167206
0_11_11136,0.826787858000343,0.6499560700811411,0.8940987257206483,0.7220628761037062
0_11_11164,0.6880733944954128,0.5357908569057335,0.8238087699857527,0.7206926406926407
0_11_11179,0.4750266935579547,0.4486748708471586,3.357597571785436e-05,0.4195491678732951
0_11_11219,0.00950501429779693,0.1297596123982856,0.019232326504170377,0.14102644245796087
0_11_11263,0.08326899746332855,0.0,0.0877511586349174,0.0
0_11_11281,0.7959147529370093,0.5442916752171831,0.8634846859730664,0.6597460791635549
0_11_11297,0.8787326191018919,0.6754400670578374,0.9647282339335866,0.916131747869094
0_11_11298,0.00013984058173682003,0.0006650594396874221,0.0,0.04229037998534492
0_11_11309,0.23266946756079826,0.1036415529039579,0.9133280127693536,0.7090363400389358
0_11_11313,0.06885824534115043,0.05375792614696009,0.1453255075762113,0.05747017160241479
0_11_11325,0.05492589363557106,0.28030250945342045,0.0,0.5262341798675718
0_11_11328,0.8028962188254224,0.4691974447463103,0.8286705053834792,0.5509930643127364
0_11_11346,0.8789644012944984,0.7551700680272109,0.9098272963472414,0.8025876164071941
0_11_11425,0.909939276044268,0.6921102404755471,0.9794921596069807,0.8325755037572393
0_11_11435,0.0,0.0,0.0,0.0
0_11_11459,0.8830742372599552,0.8150299068020587,0.9361082485774452,0.9051789656545185
0_11_11480,0.4915513926831736,0.2009464595866791,0.5814595660749506,0.37969517068158465
0_11_11517,0.944447708002898,0.7659222848425781,0.9923504291222688,0.9567072586058107
0_11_11533,0.862211614956245,0.5813149619529994,0.9066643269380752,0.7368276482045647
0_11_11557,0.9528173003232148,0.8212578616352201,0.9882765079254968,0.956393756845564
0_11_11561,0.3162735338671283,0.018743038981702466,0.000187022945377611,0.3513100992113966
0_11_11571,0.5770480146096287,0.11028011006843999,0.6091822633204238,0.168376628101579
0_11_11650,0.8616299340057278,0.5974291115311909,0.8883283797895414,0.7174625276435417
0_11_11830,0.928891394919024,0.7401510092968309,0.9852145569407574,0.9442966009435103
0_11_11852,0.8499172246794001,0.5495965286236297,0.9893190921228304,0.9412116381028298
0_11_11875,0.9326009501187649,0.7384232992921598,0.9817102886792993,0.9231098605333986
0_11_11881,0.19261388766032728,0.07370701461689783,0.30592891098187786,0.37564449508617004
0_11_11924,0.9385327589532566,0.8325683496308122,0.9671709260170971,0.8999545565770616
0_11_11945,0.12610272899661967,0.02057791159982034,0.17950523813715996,0.05683226315196575
0_11_11981,0.7956942763271658,0.7215526179367548,0.8743024963289281,0.81982421875
0_11_11987,0.20411433715957686,0.0027345393352965924,0.6982230297804195,0.24162340726757905
0_12_12000,0.5892241615144718,0.29246487867177523,0.5732033385035823,0.4480608235093115
0_12_12048,0.8767716412796311,0.6042294627051338,0.9870388125421683,0.9376071516042126
0_12_12072,0.9024621811507058,0.8475695027129831,0.7666189404786254,0.677373147484987
0_12_12144,0.44902266425723864,0.36134132834281785,0.4926942509900314,0.4175129920858667
0_12_12171,0.23884986882198614,0.16202383453906882,0.3287154277769502,0.4157116332671746
0_12_12226,0.7739225979733855,0.5353725279521875,0.7700638223026283,0.5434354521096297
0_12_12322,0.9301956521739131,0.7387036521877359,0.9895374577653501,0.9458629893238434
0_12_12344,0.597084394484939,0.4577746030715283,0.6817935518829585,0.5683242791475136
0_12_12372,0.9209118866158578,0.8074504497333439,0.9546991686628152,0.8871722064473024
0_12_12424,0.8948893164377806,0.5614354002558406,0.9359631267401324,0.7725336660499935
0_12_12429,0.9477451016842027,0.7768916155419223,0.9839690328634826,0.9257911465290893
0_12_12435,0.9398298341188712,0.8103456587764547,0.9799411350694223,0.9298583628410748
0_12_12484,0.7229421228855938,0.37168784828528006,0.9800591945947562,0.9231577941317022
0_12_12518,0.5474887935605147,0.04697808812906333,0.5628747708013281,0.07795494811440142
0_12_12597,0.2990353143841516,0.22578069825283262,0.26875273249640874,0.23351384699753222
0_12_12619,0.6674209910261413,0.5090465541776784,0.8474871794871794,0.7761755485893417
0_12_12649,0.8873427373236752,0.7600421380479091,0.9281622223138112,0.8455483303182907
0_12_12693,0.9343015397662523,0.7914026530519214,0.9825746699321566,0.9426299204721652
0_12_12705,0.846520367760553,0.4390847247990105,0.9300066730926076,0.716384350172388
0_12_12750,0.8799745369419689,0.5642355451501052,0.9507671631761675,0.813311451495259
0_12_12771,0.5405369660097871,0.2647776899006224,0.431682253153545,0.38227446734465026
0_12_12793,0.9415357766143106,0.8567125645438899,0.9752500896735882,0.9475623296658928
0_12_12816,0.3132996292551399,0.23980245533114358,0.3022493590251896,0.2768337480744164
0_12_12833,0.3008401909861449,0.3062895343671328,0.0,0.11309844872597036
0_12_12845,0.9559496717151901,0.878956157042445,0.9704256420032135,0.9088184256191828
0_12_12884,0.43113340172498954,0.08656100295586587,0.00019110410396063255,0.10163214221858956
0_12_12891,0.3568672092890887,0.17577954787094974,0.2917686245685204,0.03314718449887888
0_12_12892,0.852584798875679,0.5892883489893277,0.9028038144918086,0.6822319802934561
0_12_12921,0.16621547289062416,0.19392242470260693,0.0003405194683199474,0.32756524558275246
0_12_12923,0.8347806084306171,0.6203433376153218,0.9712977516572131,0.9178504193051514
0_12_12974,0.8835443037974684,0.7189707139322506,0.8621144104443804,0.6910393606760666
0_13_13027,0.8942694691113524,0.7042778533814568,0.9101203113941967,0.8384981710262958
0_13_13036,0.8060641337707694,0.6761826333607832,0.8799401002669445,0.7720267828674673
0_13_13173,0.7486838213546289,0.5488313195800137,0.8993406102149536,0.8226438023224413
0_13_13198,0.964297475301866,0.8579378068739771,0.9934350754540029,0.9734336428823323
0_13_13223,0.9447521462198837,0.8600170710888916,0.9823552349385846,0.9559895833333333
0_13_13235,0.42037390422803983,0.0,0.45154213240239566,0.012788434806783431
0_13_13264,0.6348970603298166,0.3810769318246432,0.9691467138036317,0.921622130222055
0_13_13295,0.9324027603513174,0.9205212093862816,0.9584128828754047,0.9634384428799622
0_13_13308,0.23851800325834263,0.10769500369952101,0.5588865096359743,0.23450757168939965
0_13_13331,0.6935031109824917,0.23327475102519038,0.07205180905107225,0.28565248738284066
0_13_13339,0.09725224557323574,0.0,0.09755982996312736,0.0
0_13_13347,0.9453969690115358,0.8676882517712967,0.9531286950763846,0.8854560858514544
0_13_13349,0.9147204529370134,0.8570150467669785,0.9622964867180805,0.9370736698499318
0_13_13356,0.9244483159117306,0.8154814865512285,0.9646276265075221,0.9197011460902365
0_13_13361,0.7388075738401662,0.6231212248911364,0.8046842090482743,0.7207294678852608
0_13_13368,0.9581960104076322,0.8166904114320253,0.9773378947576579,0.9210048002982709
0_13_13386,0.9753140096618358,0.8937248009924532,0.9925576105231926,0.9672440774917705
0_13_13400,0.16640227912849234,0.0,0.12238095238095238,0.0
0_13_13420,0.6991426044830635,0.4763214176596395,0.8281286577086943,0.5550630128956624
0_13_13422,0.9031150207868892,0.8217157433593967,0.8468157225734959,0.7670980730514811
0_13_13450,0.9333598391977559,0.7645365572826712,0.9783873454987266,0.9233919839511848
0_13_13453,0.9422535211267605,0.7439249680261475,0.9887708854765609,0.9683946638015937
0_13_13460,0.6365391454554692,0.5219897996895557,0.7162169969380091,0.6291866028708134
0_13_13515,0.9503051252507148,0.7872291484565488,0.9915811687582785,0.9607471852610031
0_13_13553,0.9846259710627818,0.9223576863140526,0.9786225024355274,0.8930734550753677
0_13_13700,0.783687024518925,0.6570586308548968,0.8040776461970456,0.6428984390055887
0_13_13845,0.3302278735993957,0.08941355674028942,0.47746551280952787,0.4217
0_13_13885,0.9574714913363281,0.8198328511732562,0.9883777863677361,0.9445989937851436
0_14_14093,0.7955264103485448,0.40254771885556145,0.7912507657381715,0.4194576724782557
0_14_14181,0.8841843775876346,0.7622587968217934,0.9148387096774193,0.8288325716659742
0_14_14532,0.28372047628342767,0.12011666435189779,0.32059794502763456,0.20688271930750554
0_14_14597,0.8678334861036647,0.5819234030004792,0.9177155530912116,0.741669226044226
0_14_14651,0.0,0.0,0.0,0.0
0_14_14747,0.7094907407407407,0.5362367243337118,0.8609557561326763,0.8191228305001561
0_14_14830,0.6930898970900806,0.41176696493720955,0.870008562310267,0.7257544344621055
0_14_14831,0.5363801462870091,0.19077370588114795,0.9297367046606655,0.7879907183785576
0_14_14901,0.6937002930096274,0.18490105719707237,0.21673799334284355,0.2214856002281152
0_14_14926,0.15540793207364553,0.07359081419624217,0.045509648159504826,0.1100927144304793
0_14_14991,0.6984554869410939,0.6176609031286283,0.6810949645150388,0.6874264506200779
0_15_15022,0.9646054885735527,0.9019030457522085,0.9553825770122557,0.8639313465972163
0_15_15030,0.925607396258869,0.7657405556666,0.971529263687854,0.8977714433791137
0_15_15264,0.7676407697790449,0.6502103903678706,0.815878760461434,0.7512880334402644
0_15_15345,0.7419760977782943,0.6531248033230537,0.7436599858998892,0.6673014897865152
0_15_15522,0.9624432033320712,0.8223164072051512,0.7672089501196931,0.6389160454601002
0_15_15620,0.970940324414916,0.9156092206366631,0.9872887876642763,0.9606609325486646
0_15_15622,0.9328615550691175,0.8320543211860661,0.984332620696257,0.9548267058976245
0_15_15644,0.9119859720572431,0.7611857488209884,0.9689019356022384,0.8359197351099055
0_15_15663,0.38939074376218713,0.16168423064974788,0.011246095105866018,0.16728007505232012
0_15_15742,0.10650721368685365,0.2343164947776391,0.004783699707715008,0.18855424632083312
0_15_15763,0.8922602355580482,0.7414069814096563,0.9332796930123166,0.8460390763765542
0_15_15844,0.5377906976744186,0.35294117647058826,0.575002157962883,0.43928181186053444
0_15_15857,0.37765154374575377,0.11732857102361312,0.4317347951828031,0.2206025267249757
0_15_15859,0.8099290456526202,0.4854665986741458,0.9892057083578658,0.9393004115226338
0_15_15876,0.9381808566895822,0.8881565501737175,0.9371913665871386,0.890490356996307
0_15_15880,0.9215783105755697,0.7490981963927855,0.9229281697666726,0.7642415364583334
0_15_15935,0.6315046224075929,0.2993248677764508,0.7520504731861198,0.4331184984170059
0_15_15980,0.6428468686171284,0.4072432872643656,0.9525464974795759,0.9200273996061307
0_16_16030,0.39100398366194344,0.21629128877882267,0.43998637988763406,0.2623871832976911
0_16_16079,0.2903061224489796,0.0,0.0026346911957950067,0.4969165945810196
0_16_16196,0.5533941678961077,0.23056442195406773,0.9706174363377787,0.8219575808277152
0_16_16223,0.8846557043160511,0.6638577956651155,0.9779428914137207,0.9393500723805721
0_16_16283,0.17504166666666668,0.0,0.18453280387953755,0.0
0_16_16403,0.9047671172896941,0.7269111102359104,0.9661831423113658,0.9070372858582466
0_16_16431,0.9000850011591067,0.8943402363656077,0.9605208246390118,0.9617119657155746
0_16_16627,0.829146104381636,0.7670038743004736,0.9295713035870516,0.9058744586103825
0_16_16629,0.807570271380044,0.6445652587157359,0.8852344007923407,0.7672839506172839
0_16_16704,0.810977577028553,0.5700410577899431,0.977720693573087,0.9493015749346096
0_16_16768,0.9202258578253946,0.7539543057996485,0.8885058332708786,0.6457585810033173
0_16_16801,0.9051198762567672,0.750057400009184,0.9466250124630263,0.8574821852731591
0_16_16905,0.9246419531575406,0.7231608275535005,0.9780373195314628,0.9139281172612275
0_16_16940,0.7226050352575274,0.3980276631273827,0.987176403101349,0.8653584220350098
0_16_16947,0.23949966428766817,0.17969547131308375,0.305000279970883,0.2627416520210896
0_16_16968,0.6102863383502269,0.4176298819807763,0.8665299746143331,0.6934334763948498
0_16_16989,0.7948601662887377,0.4442279397144789,0.9617263093226847,0.8716520139030873
0_17_17022,0.8743325087434957,0.5595420095631526,0.934300544744227,0.7308026030368764
0_17_17057,0.9574736576440154,0.8141490545050055,0.9873932046298126,0.9456816421378776
0_17_17202,0.480229763788758,0.22080245007206095,0.2750868766016825,0.1600904917160157
0_17_17251,0.8926886281979135,0.6617983963344788,0.9701025056947609,0.8474925578200138
0_17_17275,0.8134904252278573,0.6784381994528724,0.9243042401282238,0.9208316558348191
0_17_17350,0.9030276675544926,0.7659028052153299,0.9348149845343109,0.8399888881172304
0_17_17352,0.756146211338348,0.3894419131090925,0.8394268908016513,0.5539911073470252
0_17_17369,0.8908398211031969,0.6938073394495413,0.9761717848072039,0.9316468420170883
0_17_17388,0.8068803309813256,0.33857519788918206,0.9784028655710072,0.9043753439735829
0_17_17407,0.4838966270076328,0.3299721835883171,0.5795452236288635,0.3831586593338176
0_17_17525,0.6306367550419216,0.5927497253683852,0.706582213472567,0.6685255887778302
0_17_17526,0.15043512801068862,0.49715454714524826,0.0,0.12958149207174421
0_17_17553,0.9174757281553398,0.7129723225030085,0.978731432883949,0.9302805990704079
0_17_17569,0.9473872488083207,0.6714351017774073,0.9866948555320648,0.8928384252551099
0_17_17637,0.8708967035992017,0.7017521638167616,0.6986801242236025,0.5660020011435106
0_17_17660,0.8403184015813233,0.5720370246160038,0.9588729547033925,0.8805454045345593
0_17_17674,0.75325259308112,0.6433992685516536,0.7676674511799504,0.6874569402228977
0_18_18160,0.9185551290814449,0.7472028710154106,0.9769639187029002,0.9171527199142959
0_18_18219,0.833006215243703,0.7632544378698225,0.8645370686709942,0.8086977328468027
0_18_18254,0.9089766970618034,0.8021532560369627,0.9379263301500682,0.8699917860728301
0_18_18310,0.5782443278069371,0.3693200973965162,0.6198182089107436,0.45541799411219097
0_18_18314,0.7825437928408225,0.650484693877551,0.9249334926938351,0.9153634790868076
0_18_18358,0.8944193061840121,0.8383312637057783,0.9419978182951535,0.8774049457794042
0_18_18530,0.9385582970488631,0.835647576221772,0.9783671806017795,0.9362015463104192
0_18_18562,0.8876486823144372,0.6932614177640796,0.9605063695114492,0.8910303928836175
0_18_18565,0.8889286627461007,0.7820680286326349,0.9551369088028966,0.9215663823209481
0_18_18636,0.795554272517321,0.7824706015805195,0.7221864491664878,0.6562921690680363
0_18_18653,0.9394294801709572,0.6708235484654628,0.991905486516189,0.9539270910830057
0_18_18661,0.3895561592169364,0.2730288668677294,0.4175502786236114,0.32532146592563727
0_18_18690,0.10770301037186947,0.1390007860090391,0.014577008746205248,0.3959291788651889
0_18_18699,0.8388357668949477,0.6998155450960437,0.9187139137325937,0.8931374456768503
0_18_18720,0.48642664186705636,0.36204233840590627,0.6385494678754434,0.39806708552202424
0_18_18723,0.7816958495460441,0.5683475833187925,0.8380415142567538,0.6253125459626415
0_18_18725,0.7804878048780488,0.7745638546937542,0.9302741358760429,0.9044645911734519
0_18_18732,0.920340170722385,0.8505350811566861,0.955824258871217,0.9009687836383208
0_18_18734,0.6969710547540102,0.5219535475660197,0.9652716500693307,0.946133602105381
0_18_18763,0.8641098484848485,0.815424739195231,0.9505732208522605,0.9247176913425345
0_18_18804,0.8359807304211966,0.5677571171503715,0.6668574699484832,0.43823480013436344
0_18_18816,0.8690708705357143,0.7779757265337935,0.653187274210465,0.5243092962641182
0_18_18852,0.49249916124806287,0.3698048164692173,0.9161249737890543,0.7664946955384392
0_18_18880,0.9791981597108117,0.927397497260827,0.9949006977992485,0.9833562011573107
0_18_18927,0.8474853653930887,0.6619445896497648,0.9446845289541919,0.8868630201028518
0_18_18928,0.8123951285520974,0.8160899948866541,0.9401571759855707,0.9381856303118798
0_18_18930,0.881687294771407,0.6801509533898306,0.9720862175699252,0.9282733643020235
0_18_18957,0.7809948032665182,0.6287960536457531,0.945514584479912,0.9257161179991449
0_18_18961,0.7353121910817815,0.4902974668835696,0.8198640368259,0.6071486124987914
0_19_19011,0.7294459749005203,0.3946515911833831,0.846254024527005,0.6070999599626318
0_19_19025,0.8401880141010576,0.8265874019731849,0.9202213822894169,0.8882779949314892
0_19_19029,0.4605714285714286,0.08643930166463662,0.6082280312530144,0.5633438135749954
0_19_19068,0.8814521853767366,0.7940568194187438,0.927482779194012,0.8605356240525518
0_19_19090,0.18774511129743326,0.1586295016799962,0.0,0.026188964022863973
0_19_19102,0.6352659809134604,0.28777864904223144,0.8560433569573165,0.5413870246085011
0_19_19136,0.8025846575186146,0.5337140937342516,0.9182981033488278,0.8047423997594979
0_19_19137,0.8261324233584677,0.7051534056918212,0.8803781940039495,0.799669178459842
0_19_19193,0.8341778273027353,0.5592793490895002,0.8859531200351967,0.7649185202460426
0_19_19200,0.827492890560499,0.6290340195489543,0.8978953049109553,0.7755255030135836
0_19_19214,0.9248821632349293,0.8220946915351507,0.9322253960010387,0.8420320990774675
0_19_19249,0.8219180993263488,0.4767746942093788,0.9370076783539995,0.7174009971221272
0_19_19429,0.8948247078464107,0.7940638553587291,0.6157979861219804,0.5873575319265804
0_19_19593,0.82446780131249,0.5186804829356403,0.890185905750108,0.6813882592042523
0_19_19602,0.8859686670661758,0.6547286512370312,0.9710615538894991,0.9052253786726686
0_19_19686,0.9156853758285151,0.6675838947401714,0.9758623300897353,0.9105462065031374
0_19_19773,0.7708853040634182,0.6746123285915674,0.7291363667844033,0.7226937585733882
0_19_19820,0.629854820697357,0.622341523848854,0.6621423867710544,0.6823037233300795
0_19_19930,0.7082115025439557,0.27639900876576545,0.5548761465027766,0.5463823583014398
0_1_1004,0.8128494991350526,0.5600490196078431,0.9206033952806545,0.7970177970177971
0_1_1039,0.2723623951561723,0.24046552596562903,0.3546378823845568,0.2962797352888571
0_1_1288,0.9221352888529607,0.6249086719496432,0.9717164132407233,0.7671933085501859
0_1_1339,0.7381594275253786,0.46841827900323724,0.9056371543447936,0.8177888771491691
0_1_1409,0.9317615559108996,0.6976039503956007,0.9678881008668243,0.855271261407536
0_1_1427,0.9235615507280475,0.7591741202039622,0.943570280901989,0.8246265397047261
0_1_1459,0.6899190581309786,0.34450971531857205,0.45129338572364114,0.43932676287029454
0_1_1611,0.6889663017204607,0.7953461314717859,0.6996197718631179,0.5199196375138925
0_1_1626,0.8380756448805191,0.7443001296291589,0.9751564362336115,0.9609573975457282
0_1_1650,0.9492562894044194,0.8339913047823697,0.9538003447735465,0.8482521721559911
0_1_1664,0.9413139890672809,0.850192821121329,0.8776732249786142,0.6963673451673105
0_1_1696,0.8588283157038242,0.7529390966145143,0.9476474486414844,0.9049804357277427
0_1_1728,0.2882994109139652,0.7459069342659211,0.23635721434037793,0.535794434470377
0_1_1865,0.9307402366244373,0.7762342380850609,0.9688170268932519,0.9156127672387835
0_1_1934,0.8638543537059344,0.7910510679299824,0.2681740948895569,0.24688454735488022
0_20_20053,0.9077517162471396,0.7599139133553864,0.9202059685785161,0.778751369112815
0_20_20085,0.8141099087629959,0.4231985940246046,0.962850938420971,0.8455905594773997
0_20_20144,0.9456837555528875,0.801179296789692,0.9707900362949337,0.8882013391826368
0_20_20368,0.40066025575637304,0.0074531355868403225,0.5138553275387409,0.5069814895787786
0_20_20573,0.0,0.0,0.0,0.0
0_20_20656,0.8826559668651307,0.5663666238034005,0.9679731941089379,0.8555663006996985
0_20_20724,0.7842697014362595,0.4518274509803922,0.8244521818113008,0.5240618924605183
0_20_20772,0.9341533475731015,0.8406686227438428,0.9906534715677034,0.9770597422881687
0_20_20783,0.8789268973770819,0.7369174487036743,0.9374120194910666,0.8732436472346786
0_20_20937,0.9406137301055996,0.7712178577062628,0.9871873788842532,0.9480200155292899
0_21_21001,0.40352242656051945,0.20697818308987706,0.513874050760835,0.4104562283530395
0_21_21087,0.7250116543724463,0.5155268667131891,0.7902102102102102,0.5687264255602397
0_21_21093,0.9674128760816068,0.848760025813589,0.9871734549843504,0.9388622813019255
0_21_21135,0.7538408224558161,0.8345231369729341,0.9124025513819986,0.929247689778332
0_21_21147,0.956560015406201,0.8771999566332984,0.9797186971841072,0.9468270120259019
0_21_21244,0.8289404466051118,0.498869715921935,0.9738944087278395,0.883705173498524
0_21_21299,0.8302853740483987,0.4675428225784279,0.9814786853892999,0.9200925076757447
0_21_21313,0.8664232707647129,0.7047935688765383,0.8761275304485181,0.7517258382642998
0_21_21332,0.12020972800898834,0.11212250106337729,0.11163321413811073,0.24008708541782472
0_21_21394,0.19915282954930533,0.0,0.4184307955192709,0.32063870502242997
0_21_21413,0.8657089970539927,0.6253233587359295,0.9621875918847398,0.8636307489603492
0_21_21422,0.3594831618334892,0.21738995756280396,0.6494173797136346,0.3998397863818425
0_21_21703,0.698983321150907,0.48183888755694076,0.9801224682053697,0.9622608995347234
0_21_21781,0.6293435155017617,0.10761823845935996,0.8190991318576428,0.28583379810373677
0_21_21938,0.953745092704163,0.8377428689541133,0.9856962386405314,0.9375274644792735
0_21_21974,0.9153418384036637,0.786381197681906,0.9757398975526466,0.9516441005802708
0_22_22047,0.9375415747645556,0.7834092980856883,0.9737771991816998,0.9061001598295152
0_22_22147,0.9035968752682634,0.7895441303834344,0.9923447689254323,0.9837133550488599
0_22_22218,0.335578863591143,0.24449612753178135,0.0,0.06836884369639261
0_22_22219,0.827625789171609,0.5082578825242277,0.8186672641386135,0.42807978388779927
0_22_22234,0.7362942401110341,0.5791158943342525,0.8064099409448819,0.6683003597122302
0_22_22396,0.5802110701432892,0.22353906205804153,0.9240471620510008,0.5841339555311557
0_22_22502,0.556236599823433,0.21655826621897672,0.9200052714812862,0.8399500144189176
0_22_22838,0.9354046084962324,0.8529188779378317,0.949015793087663,0.8788704043573501
0_22_22933,0.38156647851345227,0.24446993281992463,0.47484235703413785,0.33470993117010817
0_23_23003,0.8323974329589732,0.45795209903121636,0.9766320474777448,0.9213241129123683
0_23_23069,0.951809288631399,0.7484546096785588,0.9886897650338511,0.9319280205655527
0_23_23355,0.9163028619305905,0.8191623748906812,0.9539118065433855,0.9006079967023908
0_23_23577,0.9553681560730019,0.8525873982699493,0.9187348312847412,0.7250912212921228
0_23_23645,0.4453465033939968,0.36383412333127246,0.5024414444995692,0.4138596963980958
0_23_23666,0.6746422058904791,0.25153452685421995,0.829841488628532,0.34407764061046436
0_23_23683,0.20655009177857211,0.09878924960085152,0.12933612181758475,0.0
0_23_23697,0.22830607152758525,0.1152970743041396,0.3304900968628018,0.06308151294498382
0_23_23732,0.8336352013637333,0.5297944051230199,0.9840898307765301,0.9610158672259712
0_23_23748,0.1617213555675094,0.21170735337898183,0.17018143928239746,0.24470904272697572
0_23_23817,0.8037738522576988,0.5975095837524809,0.8605000509216825,0.6967396421845574
0_23_23934,0.22937501955345133,0.19932634944195474,0.24801273642550425,0.18222021207095834
0_24_24071,0.8807059869214653,0.6974994776067424,0.963273285853931,0.9129445474464858
0_24_24101,0.9168536315842347,0.7765167437298585,0.9581687358916479,0.879743053480729
0_24_24177,0.798032021347565,0.3477472140979601,0.9896574462916045,0.9561130646470111
0_24_24196,0.47752391455491355,0.08085861448603889,0.7274583754944347,0.5409806295399515
0_24_24209,0.2947646125599387,0.36683326669332267,0.14476817481439977,0.0
0_24_24234,0.5760137927776859,0.2458206287456629,0.6077674897119342,0.3514748766262898
0_24_24237,0.8926895940305124,0.6878356164383561,0.8852003910068427,0.6520972675895681
0_24_24256,0.8184246209475284,0.7037479630635524,0.956573667112555,0.927788935548658
0_24_24368,0.6111642997712887,0.2538500682968637,0.9146276704382991,0.824145945708898
0_24_24390,0.3090738393653476,0.06649220448932955,0.28173382615213627,0.1108698012813552
0_24_24431,0.004102163402842213,0.20062066447608617,0.24932975871313673,0.3011083417298616
0_24_24440,0.8203666615313511,0.8165282720442862,0.8638965835641735,0.7730609639323333
0_24_24442,0.890348866819455,0.8240957227341493,0.9209145634285083,0.9062575618254851
0_24_24453,0.8639382901221341,0.8068314715489777,0.9210759405155937,0.9025728258558366
0_24_24455,0.9036673742771393,0.8320774066972845,0.9673410865062928,0.9383588155602864
0_24_24456,0.8700758944705457,0.5608928766823503,0.9847827583832541,0.9595677936563263
0_24_24492,0.9401246174833168,0.752156210323541,0.9900091891997576,0.9177945769770495
0_24_24500,0.7944163154470625,0.5522831667116995,0.9353365788148397,0.7620534019487915
0_24_24532,0.5405231616039508,0.06590397016548831,0.5526066530272031,0.5790521348214086
0_24_24552,0.7246542284038716,0.396903149450983,0.9095315024232633,0.7217879709805757
0_24_24558,0.4162503823019676,0.310237487321185,0.0,0.033341351936492666
0_24_24670,0.6713453147407927,0.38066306630663066,0.9463953236631305,0.8071323312702623
0_24_24759,0.820531173478998,0.6917550330413401,0.9134816929046069,0.8580750407830342
0_24_24771,0.8623085885486018,0.8614002659143237,0.9647541757101067,0.9675589996477633
0_24_24829,0.5207787345563459,0.2556519520285787,0.7144658199477026,0.397579372039993
0_24_24861,0.8966050116494698,0.5850700293593878,0.9852727320800614,0.9322335336685883
0_24_24866,0.8276006401575773,0.5483745123537062,0.908073995828932,0.7250388684539836
0_24_24906,0.9169519796330436,0.8481352718078382,0.9600859973826884,0.8913026242765401
0_24_24918,0.919692691575284,0.8386875813411877,0.9773417096068328,0.954608378870674
0_24_24926,0.7425587211297995,0.4525152876786378,0.721020785478178,0.4707204833667053
0_24_24951,0.6162452107279693,0.21576075197730604,0.9029205683976164,0.7582445675330208
0_24_24965,0.846645003135511,0.7146398909135986,0.9140029001954479,0.8688612533528408
0_24_24971,0.8795284646348476,0.8531186143816288,0.936074789969048,0.9121679736908677
0_24_24973,0.8275479843649729,0.7090050236185049,0.9647492826888919,0.9664269727129864
0_25_25000,0.9759952033234116,0.8406089253440845,0.9884435916444987,0.8605577689243028
0_25_25057,0.9280931903543629,0.8443882055205697,0.9823385404523199,0.9581439393939394
0_25_25064,0.4500370812240028,0.24264076888240327,0.7923173372848512,0.47316776658562
0_2_2225,0.8143778511876671,0.7677112547250335,0.8743874858650584,0.8408158189279941
0_2_2268,0.9237685691946833,0.7344552421584893,0.9483662973671417,0.8318342761792357
0_2_2276,0.8944444444444445,0.8673846478724527,0.9526800371136964,0.934007627259161
0_2_2301,0.9303525738323432,0.8118357758138495,0.817347789824854,0.6542235905329998
0_2_2304,0.0,0.035053808379479676,0.9769427503442849,0.8866495333423509
0_2_2310,0.7148574118913102,0.28004994366111396,0.8415614236509759,0.6170585978183413
0_2_2397,0.5615797517426473,0.3147662448364042,0.554079475592964,0.5037941772228437
0_2_2546,0.8514723156061403,0.6984951391663338,0.9175716574683995,0.8658756446270597
0_2_2551,0.3565269964775774,0.2807889190003011,0.3865606112441555,0.321664820382972
0_2_2580,0.9240191236319096,0.7965433123994394,0.9579205825078316,0.8118590522478736
0_2_2721,0.428734722588587,0.2351775859629263,0.6568237994350282,0.37501974619556633
0_2_2741,0.41778694549161866,0.2206075044669446,0.8167539267015707,0.737732812140722
0_2_2756,0.9172721041809458,0.8544905008635578,0.8175615544348858,0.7739663651265861
0_2_2950,0.6783435717791203,0.14895499856849118,0.9679285749912714,0.8649890362326407
0_3_3142,0.846427066401782,0.7931325937665082,0.9523842528416967,0.9306473672213358
0_3_3183,0.46379089606916046,0.14726857142857142,0.07011742946380276,0.3621294722669786
0_3_3276,0.45487780448717946,0.5338887037654115,0.5573801082291472,0.5355220461920214
0_3_3294,0.8358320510002198,0.6429157268812795,0.9465390815955068,0.881396344072874
0_3_3308,0.5443371884071326,0.3178789276744067,0.5421214665547159,0.3978540286506993
0_3_3317,0.845389203242086,0.6859535835304648,0.9625418649744404,0.9354443809679263
0_3_3327,0.7889151740452855,0.5854330307048863,0.9811784654514625,0.9667340067340068
0_3_3344,0.5834780966767371,0.4818828181437968,0.6456686291000842,0.5279844137442438
0_3_3345,0.8758689175769613,0.848168663317446,0.9444885496183206,0.9363178663763777
0_3_3360,0.8693113247946432,0.7485810937793648,0.85867463526103,0.8456658801686459
0_3_3362,0.8904354631337693,0.818213058419244,0.930482546807631,0.903300169861684
0_3_3374,0.8608155395272442,0.7662208725106582,0.9145031511355979,0.8667578574315292
0_3_3429,0.8853367240361473,0.7906220742744201,0.7727814855228766,0.6776821544263405
0_3_3433,0.06760424377004688,0.299067563436258,0.9307572246133472,0.8272016555530007
0_3_3434,0.11126307961969512,0.0,0.11440938323524995,0.0
0_3_3467,0.9525695713995531,0.7983663128467217,0.9796897455406205,0.9136808580394361
0_3_3473,0.6102575342465754,0.2518147023888082,0.7328716904276986,0.5638768869685816
0_3_3514,0.5295287827924904,0.4114037958115183,0.9413704653719311,0.9128558216010687
0_3_3524,0.60300953570838,0.2756677706568024,0.0001360312871960551,0.4303920772789999
0_3_3551,0.8614780535689244,0.6600029344875651,0.8512291735962021,0.6080918534718426
0_3_3559,0.8407279243650745,0.7188955626379014,0.9557743062985947,0.9318603592562765
0_3_3610,0.3717325470194453,0.3316304810557684,0.47599181675959723,0.47752514419181086
0_3_3654,0.8462607377463366,0.8166692108075103,0.9423844837421563,0.9338897611767623
0_3_3692,0.927081106503057,0.6766528421566236,0.9807414208653735,0.9034094111017188
0_3_3732,0.8442890442890443,0.7181921331316188,0.930786686838124,0.8819228106611284
0_3_3797,0.5794622118992317,0.5720922229869236,0.9717420212765957,0.9290721421868963
0_3_3835,0.40621424170407533,0.638636738735765,0.33129518982633155,0.6887162306650509
0_3_3914,0.23408875516419614,0.004940260437642637,0.24344223689648875,0.09160780132391488
0_3_3965,0.4594935893305844,0.15750122283558102,0.5522066738428417,0.3970046549281522
0_4_4038,0.45719020438225005,0.07553109870631498,0.9808838493967147,0.9367950993301655
0_4_4240,0.7688436042229315,0.42712259917429546,0.7928097790394678,0.48542506720430106
0_4_4283,0.9518879834729714,0.7985497502881291,0.9918467183041174,0.963232559375166
0_4_4316,0.9087776568734132,0.7297174662714018,0.9310166341199445,0.8152001199220507
0_4_4328,0.7349800277166382,0.4072591680350301,0.7929982046678635,0.4642672190574832
0_4_4430,0.7679055361982191,0.4775991498988791,0.8753519196751127,0.6582716638815946
0_4_4666,0.9187261465306888,0.8738303949571555,0.9593380614657211,0.9384742438319397
0_4_4828,0.9041619173777764,0.8112992367751557,0.9633308887259151,0.9408593725514778
0_4_4838,0.9565302718084584,0.8466539873501703,0.9609184296175752,0.7896970640915817
0_4_4870,0.9473824643791025,0.8717353837995493,0.9847746991323818,0.9618331341814859
0_4_4976,0.4047627927793525,0.3277575903180276,0.0007217216341527425,0.035596800443228646
0_5_5010,0.8849574570557072,0.7365208940719145,0.9752814575416415,0.9196248575685863
0_5_5031,0.9503205128205128,0.8505426896511695,0.9551290041131746,0.8601152737752161
0_5_5091,0.8978561188583344,0.7465784059397084,0.9668271613679813,0.8604147465437788
0_5_5108,0.7638458130261409,0.8430421432067998,0.908982683982684,0.9537569461222517
0_5_5131,0.7873242951010563,0.8652682733313498,0.7303469050626761,0.5765645805592543
0_5_5189,0.9020326139289527,0.7685374354043986,0.9510151033030072,0.8129191264973921
0_5_5255,0.9080076933902519,0.8040654746019037,0.9040028160514935,0.7565135971340172
0_5_5268,0.8973414702581369,0.83189430591738,0.9716462124418113,0.9507577264229744
0_5_5291,0.9506512520193862,0.7755812027168811,0.5204043727446402,0.3365250426422701
0_5_5303,0.8957202695319614,0.7388066648049892,0.9728193427004523,0.9307838179519595
0_5_5318,0.812599352369738,0.4199315108247722,0.79364121381841,0.7120838059651698
0_5_5335,0.600950729976435,0.33653323180680955,0.5057771151695862,0.44684063737942553
0_5_5416,0.9266415151861591,0.7866071428571428,0.9905405405405405,0.9693632728391264
0_5_5463,0.9316028502075013,0.7586563663953648,0.9543724696356275,0.8379305312317572
0_5_5528,0.9580864336976732,0.7908507765023632,0.9735313221709007,0.8744450921483341
0_5_5566,0.3946804533559464,0.05129196468844642,0.0,0.32845335100783657
0_5_5586,0.9335573422936917,0.7530464452336189,0.9708202059501406,0.8888481828839391
0_5_5634,0.8118894148454023,0.3926260688623728,0.8775002924318633,0.5722682597803045
0_5_5673,0.4741768618113146,0.18485257708755345,0.8406300053390283,0.6229527420552711
0_5_5706,0.947132486913266,0.8913666375981064,0.9454285629223853,0.8873601174096496
0_5_5785,0.8401885175664096,0.762000276663439,0.9425916870415648,0.9487025197442648
0_5_5880,0.8536833684822922,0.7759624524714829,0.9642827614716825,0.9483480688692415
0_5_5887,0.9710467706013363,0.9120657452372058,0.9552342797422052,0.7327293997660257
0_5_5948,0.19618967147484256,0.29513812154696134,0.0,0.06656157421248607
0_5_5953,0.36748808087770696,0.008807217622246524,0.836738993048241,0.6347029364898702
0_6_6048,0.033516324761629586,0.017753134776305416,0.054983967656489614,0.12045843637055355
0_6_6087,0.3048022955161758,0.2713097253920342,0.8642353377876764,0.8497214484679666
0_6_6112,0.5907589887195203,0.570951871657754,0.6210914412766316,0.7032609691307136
0_6_6227,0.18684652996540596,0.21172327782261022,0.8198803461828883,0.30592842482719573
0_6_6287,0.19469330228567927,0.039266428583751706,0.16607852252556843,0.44084362139917693
0_6_6377,0.9114090498904216,0.674657256428977,0.9563386097728837,0.8147163120567376
0_6_6378,0.48568693154619436,0.24376436781609195,0.0851460221550856,0.04465941556814195
0_6_6574,0.6468318404832993,0.2963504814598074,0.9241479843168795,0.7724242545207776
0_6_6618,0.0,0.0,0.0,0.0
0_6_6646,0.8970064724919093,0.8154009936124911,0.9528985507246377,0.8897631950115062
0_6_6693,0.9234582100996823,0.7456353934621561,0.970884785317775,0.811604369175268
0_6_6744,0.3303051575339637,0.19220514664030436,0.3504700545657748,0.28010517608130464
0_6_6772,0.9434101163619093,0.7875720164609054,0.9473539415766307,0.8193362831858407
0_6_6791,0.9392349035725577,0.8546596286858391,0.9825499765995854,0.9538535645472062
0_6_6818,0.9265833260736998,0.7124758687258688,0.9708141679703005,0.8877381938690969
0_6_6823,0.9710091220068415,0.8796039837350462,0.9699353668879596,0.8595008281455252
0_6_6825,0.9359047657940949,0.7479119789481713,0.6283416083082193,0.3743244764692637
0_6_6826,0.9284120579159744,0.785534364879453,0.9736868892508144,0.9166469707712913
0_6_6830,0.45191945803537825,0.27624543181381034,0.8934862761163458,0.8815880322209436
0_6_6833,0.8921571980709375,0.7495684983743427,0.9336894799760909,0.8544584751971728
0_6_6847,0.9496252437677686,0.8076278479865924,0.9518447649887155,0.811077775213478
0_6_6876,0.6966244470032119,0.324843028077242,0.9502393980848153,0.8704547981763594
0_6_6913,0.9327256228345158,0.6659782608695652,0.8911223884531734,0.5034673281840221
0_6_6917,0.6470236802085596,0.41936706462004925,0.9804726785115655,0.9550572799373348
0_6_6923,0.6481752775336133,0.3752558329922227,0.7420939514891004,0.48223989635441034
0_6_6975,0.9070224814350141,0.7206271635104866,0.9739082568807339,0.911185707783341
0_7_7129,0.7429189109962991,0.3418446868983222,0.9857142857142858,0.9021871638580137
0_7_7167,0.5288537871231705,0.22253592884284715,0.2181224393847807,0.017433087125724726
0_7_7270,0.951222932232928,0.7891767564987198,0.9806126080857568,0.9118421052631579
0_7_7478,0.6221985667306632,0.01767439208643348,0.7510969470232322,0.1722962503873567
0_7_7540,0.33601800900450224,0.3251179863660199,0.4106448517901328,0.37644004543241927
0_7_7586,0.922077922077922,0.7980995297805643,0.9848862315230028,0.9604593929450369
0_7_7609,0.8972366621067032,0.833530106257379,0.8924915685462399,0.8669699367088608
0_7_7677,0.8586016514389017,0.7736326870015496,0.964622641509434,0.944821597726555
0_7_7697,0.3278914519342442,0.14994264994264994,0.4397257826385428,0.4595464448405625
0_7_7702,0.6486928868727494,0.5185369382403472,0.5104771038120355,0.3289000087788605
0_7_7796,0.7941724941724941,0.4637195882164357,0.89321989430681,0.6159370308759686
0_7_7804,0.8696544161861979,0.6573390110367602,0.9872893401015228,0.9502302515054906
0_7_7817,0.10276992839697584,0.0,0.0,0.4123760946973342
0_7_7819,0.2878613738838299,0.4578159645232816,0.9860494610019024,0.9650291423813488
0_7_7821,0.0,0.0,0.0,0.0
0_7_7904,0.9514050764050764,0.8443330845505918,0.9577650236326806,0.7756996136813342
0_7_7917,0.603931963772918,0.36957130848977304,0.9438552250982719,0.8329723225030085
0_7_7923,0.8436524453694069,0.8181527133023851,0.9560531173703328,0.9484092107576024
0_7_7954,0.8313943779571389,0.6582317073170731,0.8858326827217584,0.7431508088740907
0_7_7981,0.2824353402810008,0.14169758165741542,0.004118956882970578,0.3431014545675857
0_7_7986,0.9105341403844112,0.6669117286673528,0.9871564420735243,0.9480449599426043
0_8_8006,0.704367417677643,0.41143756558237143,0.7447286108555657,0.5245965715562008
0_8_8040,0.080725,0.0,0.00045570389373660313,0.46563108898029876
0_8_8108,0.18214494082347057,0.13279456332078243,0.0,0.1584206193760822
0_8_8109,0.31233892291729426,0.1109302837035408,0.0020742753623188407,0.5362567763405077
0_8_8151,0.8711608537220198,0.6121530609163118,0.96960869028515,0.9183933054393305
0_8_8238,0.9146010046940625,0.8538767395626242,0.9416558300823581,0.9057992346187813
0_8_8241,0.917526773869997,0.626217485963103,0.9466820502062793,0.7615157372624822
0_8_8248,0.9118034751348113,0.8108436445444319,0.9518123127558125,0.8980086741593993
0_8_8454,0.9197431781701445,0.7793424687212263,0.9669275929549902,0.9191020753917831
0_8_8471,0.9263079324150099,0.747315022165349,0.9614993708256703,0.8584198519484147
0_8_8648,0.011101202725568207,0.24269560911191812,0.0018088451312930208,0.19051075024947836
0_8_8711,0.905777916212428,0.8125,0.9265606378169564,0.8369340746624305
0_8_8814,0.2974959009005142,0.0,0.5962130382154591,0.28290706507976704
0_8_8859,0.17636859719627423,0.11876331477470059,0.13805268683317465,0.32272537818422536
0_8_8860,0.7712934173111164,0.5821116297416343,0.9085040600686305,0.7464471858712363
0_8_8885,0.6553818251765546,0.44372635033318825,0.7129245052528708,0.5350042301184433
0_8_8976,0.93574166190981,0.8048195921213178,0.9712097049777879,0.9110228217684561
0_9_9002,0.13560690571049136,0.17186749879980798,0.0007234916041323149,0.5568359915183921
0_9_9003,0.9365251691817754,0.8325036000822876,0.976504914004914,0.9236438923395445
0_9_9012,0.9527694188452135,0.8384575713095569,0.9810973364428625,0.9260382928129228
0_9_9033,0.6608986186605496,0.5483749529426528,0.6766861783473079,0.5678528860888813
0_9_9127,0.9415486307837583,0.8642796661424943,0.9927685950413223,0.9839565328998032
0_9_9132,0.18210659898477158,0.40975,0.22613315623443467,0.399486301369863
0_9_9135,0.37022388586764604,0.3824905214436949,0.382312591866732,0.39691898060098896
0_9_9187,0.8447152098837493,0.6083600485542656,0.9069360483614382,0.7218500255058663
0_9_9228,0.2253141347139082,0.29369833927352695,0.23746731840400137,0.3333596214511041
0_9_9264,0.8868399295445559,0.7235359663241302,0.6565847005495608,0.5808192693438595
0_9_9353,0.8295405052264808,0.7456702747710241,0.9427307206068268,0.92514272664992
0_9_9398,0.8483874159081916,0.7671204100495757,0.8972667821809849,0.8522989982019008
0_9_9419,0.8685674740484429,0.5552199358127242,0.9535486317386084,0.8274343972658287
0_9_9453,0.8904172750326597,0.8095498326388415,0.960322854715378,0.9308561719731108
0_9_9459,0.8625864194222627,0.7282184655396619,0.824717583497053,0.7083775185577943
0_9_9496,0.4076061439399021,0.32015257840025624,0.4453972442099091,0.4058146577831617
0_9_9638,0.898401719786896,0.6848684715085512,0.9620830150241915,0.8774082151944748
0_9_9659,0.2363047955280965,0.32821374290056793,0.1544606819763396,0.25452763993805116
0_9_9699,0.6332781456953642,0.6383114224628121,0.8106635532204709,0.7895340352340248
0_9_9799,0.6716584515433144,0.04460835967685283,0.6497138682576403,0.044393395549174444
0_9_9837,0.9536517220670027,0.8401813934313591,0.9902843731237377,0.9659029049339338
0_9_9880,0.102677716954408,0.0,0.1363139706256035,0.0
0_9_9938,0.879951628861446,0.6766054289389491,0.9461764350939298,0.7914598160041659
0_9_9990,0.9049923430321593,0.8257826229410539,0.9609797297297298,0.9391988555078684
10_00000006_004,0.9441342233072748,0.8051833740831296,0.9723713250320155,0.9068023016851624
10_00000010_010,0.7503694841297769,0.42423847107168483,0.8134025636865163,0.6846142231617092
10_00000013_001,0.29069868615679106,0.07930842529224925,0.3042961337083019,0.09252881176314744
10_00000013_008,0.8952138711757541,0.6893969864793787,0.8485966141703242,0.5676034941131789
10_00000014_010,0.866874270144025,0.7963214546974605,0.9610523221634333,0.9454900160661005
10_00000014_016,0.8955677867902665,0.7815875745687108,0.9603023575430807,0.9176402208660274
10_00000023_007,0.9187558031569174,0.8922893819603842,0.9338614359361247,0.9154501216545012
10_00000024_023,0.9043977812995245,0.8207774798927614,0.9385319531183164,0.9027573529411764
10_00000027_009,0.8855497406129305,0.695303910790011,0.9247599367934849,0.8002995102602501
10_00000027_010,0.937110881455902,0.7641866913123845,0.965858564471734,0.8795767716535433
10_00000033_020,0.9472706667506139,0.8521750865985874,0.9738701725554643,0.9228895343389862
10_00000034_013,0.9078919824157421,0.8370673800367832,0.9634423251589465,0.9550213967039971
10_00000034_014,0.8403415498630579,0.6956282217762563,0.8143129944530326,0.665705329153605
10_00000043_019,0.9539032516553498,0.8664037152490617,0.9571222518466717,0.870080758877067
10_00000067_018,0.8616447430680421,0.7424390243902439,0.942419440042261,0.8964433090980546
10_00000069_002,0.7633406742334407,0.6502859563651768,0.8741031092213659,0.8543218905700051
10_00000069_018,0.9041107597641227,0.8037391380672343,0.9785801141146759,0.9593903638151425
10_00000076_017,0.9317498020585907,0.8386003480809746,0.9787482290190849,0.9489686186332975
10_00000083_002,0.8583540418067535,0.7427428106348345,0.9193205944798302,0.8606189811071088
10_00000085_008,0.936493374108053,0.7962665348003461,0.9684707787825617,0.9027536483669215
10_00000087_005,0.8392107349443579,0.5318073348404924,0.9523007663493591,0.8825115386372984
10_00000089_017,0.9144086599878976,0.887787492342819,0.9719170607493635,0.9657344273662314
10_00000093_007,0.8919397954439795,0.7274273404134699,0.9549543921029614,0.8841665991410744
10_00000094_012,0.8873887388738874,0.7982447188488622,0.9353290801025138,0.8853496410529115
10_00000094_022,0.9458932853717026,0.8739174035919409,0.9864249843063403,0.9670424978317432
10_00000098_007,0.7997174143412222,0.7233215913800248,0.9034048092073714,0.8730673461115294
10_00000098_010,0.9112535247372469,0.8099391243268556,0.7321575737596835,0.6024133035895356
10_100814280_70659ccbfa,0.9317493029458116,0.8093479578900954,0.9485396973422068,0.8485685862716923
10_108765872_c1d462aa15,0.8911951513138777,0.8202897439828299,0.4039462866538778,0.47317822808334226
10_111078578_967ba44a4e,0.8377570540411287,0.8600458139363039,0.8889810590349786,0.8939832331775355
10_114197289_0b92e3abcc,0.9066750265264782,0.8639702741949261,0.9384543713442725,0.8969036348634212
10_115003816_5268a2536a,0.8482462419470294,0.7118734312010344,0.907446131466497,0.8538128804870234
10_118134441_c58fc0719f,0.7599500185116623,0.5637575556843587,0.8540754513284952,0.754118862487086
10_132474673_88eaf528f5,0.7461019437840861,0.4565107073987618,0.7900252171476604,0.5641610785380753
10_134815623_dcbd7ad8e0,0.9227970139175451,0.6699480817207201,0.909845110944705,0.6550914713662953
10_135418000_4666dec3c4,0.8850601748402525,0.8213780341787308,0.9434999360859005,0.9076869618933632
10_137117726_7d0ef6a2f1,0.9437171466831891,0.7558742881248681,0.964407421431276,0.8423730353411465
10_137385456_396ee799c5,0.833614417192695,0.7880105251115433,0.9053981827899519,0.8800819540414591
10_139375137_1d54fa7e20,0.8838315217391305,0.7926095431816256,0.9167961919564795,0.8610144992998781
10_142031788_e469594839,0.7618585918854416,0.6685797429472152,0.9019808425555659,0.8873709293089754
10_144439584_97e8823d39,0.5023149029009222,0.3553269750333648,0.5276910391067494,0.4331669618418934
10_152108976_efb920fd16,0.4405460544543234,0.18662616427608683,0.9177086362314626,0.7488677326924854
10_152109747_5678ebbb1c,0.5081184928111055,0.24038956266078648,0.5815263908701854,0.3267629632498161
10_1557631_c5d89caa41,0.5887682497476426,0.40036212960061285,0.6356650192798566,0.4977394798871672
10_156234186_1b16bc540f,0.8941657773034507,0.8430250702174139,0.9351162193399255,0.8976449027599224
10_15955708.montblanc1,0.9052715337179232,0.6471662427444075,0.757917760279965,0.5579232855482371
10_161208056_248b2c2ab6,0.8413129102844639,0.7833043478260869,0.9256235376113905,0.8905127836828498
10_161577795_24ddf05710,0.2502859543873573,0.09773187874606529,0.21274231631579993,0.28157735261016364
10_162330937_390a32901a,0.4889122329065996,0.17486073491081924,0.9870685601429512,0.9464191993892839
10_163690182_59efbae927,0.6122483034820336,0.3268679533728263,0.7740567732662594,0.5044289483603468
10_167944629_67a359c464,0.8775237777406975,0.806853920399089,0.957168648446741,0.9326816780124513
10_169329862_b3b297c7a9,0.9340773216420885,0.7316232171777859,0.9669976227101105,0.8177944080656896
10_178480338_a73f99f0ba,0.6481249412575582,0.321776691579755,0.971712064112961,0.8667290028051262
10_184503160_143a47edb1,0.018546664475846204,0.11667650724922915,0.00045477513895907025,0.5434547733264186
10_188491483_a44e3d6e02,0.8312431091510474,0.8466439688715953,0.9382369455362156,0.9370028635062042
10_192447210_936a00b749,0.07882550648865652,0.3625321946590755,0.004549898473339851,0.42424172582280817
10_197325318_cceafb4122,0.8594252134790193,0.6207484480195855,0.9825257026562335,0.9436425738210665
10_200477093_158e8132c2,0.9366796861254795,0.687994780339278,0.9774372230428361,0.8085256297340144
10_201960469_f9110392d6,0.8948215535339398,0.693447380479609,0.9804027259076733,0.9363506940325068
10_206775277_55350e13b2,0.25815012731772047,0.13182199832073888,0.38795809203837145,0.22030135390886593
10_206775389_ad06667dc2,0.8928608672075417,0.5803765535912055,0.9325592176427736,0.7626197767460239
10_215268421_d9e8d9a11d,0.46658605401047965,0.18933087217351177,0.8884286269933878,0.5455499321071473
10_217098809_9fddf98ceb,0.45844511619119593,0.08802015043820302,0.4825400732240101,0.1046611500995077
10_224830165_1fc5dcfecf,0.9212686189076907,0.6592396985201078,0.9832449570874104,0.866270611057226
10_229961305_0a965550ec,0.1826122616362518,0.2650165368611971,0.2336087278889948,0.3344675858022881
10_230453144_086f387b70,0.8245271381578947,0.6389228886168911,0.9442541632219204,0.917632043981936
10_23411894_f0827bc59c,0.8719048318402115,0.8504422771603538,0.9605297494780793,0.9556326411798952
10_234794066_610aa191d1,0.23468257756563246,0.00843555314785435,0.23458524464831804,0.048237733241188664
10_236916255_307bc2272c,0.9253439898278916,0.8177077363896849,0.9651358499639336,0.9225013686963928
10_240787824_95ef80a11f,0.7251381661872596,0.5099032258064516,0.9826989619377162,0.9055752497582984
10_245737491_33814f1975,0.09350200944858503,0.0,0.09827142188231622,0.0
10_245741115_52f74157d9,0.34645470603078476,0.02900044941443942,0.36592732979952025,0.03852484168828633
10_246111556_0fc2277e24,0.8661217681401168,0.7189445289804952,0.9090367723686169,0.8330974524868581
10_247193222_122354a299,0.35407794703149104,0.011013496307613954,0.3300359634673267,0.07640683318977892
10_252237817_b4d44ff2f7,0.022626879253796424,0.05221534694417789,0.000795497314127348,0.3258648013552653
10_256056095_92cb6f9946,0.8827284652383035,0.8021197007481297,0.927988227475553,0.8812965590634977
10_256246201_af99191b82,0.376023976023976,0.05247249850630865,0.3916287642319926,0.06908711453348207
10_257305705_33f7249c08,0.46510117411941043,0.25506121589507563,0.5434366329282113,0.34562085775319057
10_257430398_b468551510,0.900051981055793,0.7674268733665103,0.9360017594018034,0.8373647358370465
10_257476956_dd7b951ab3,0.4801248995879868,0.1882073749543629,0.4962004435069501,0.5158744723802533
10_259829970_8ad028f44f,0.10725023668085018,0.0,0.004229152287130577,0.29478816630427623
10_259830185_a6b7dd03eb,0.6653966916832593,0.373402681253643,0.8012826449342471,0.45604036251518265
10_259871222_13311d0e2f,0.25408311172489356,0.22406827363929366,0.26470023289874905,0.3917114412136536
10_259872599_ece5e7f0f4,0.28321177389945296,0.021413820492454327,0.29288956534622795,0.10846781397010659
10_260120621_66276c1d6d,0.8120261437908497,0.6542241984554178,0.8706656180739258,0.7706393735742031
10_260372546_03d18a4e9e,0.45695513907049573,0.2443206357432841,0.4688240471193555,0.23823076923076922
10_260372597_3269d98a53,0.10232970661327573,0.0837573783838795,0.011682930417300053,0.3977521929824561
10_260610820_773d74b04a,0.48150405046956773,0.09826807228915663,0.4825938566552901,0.13912776412776412
10_261185388_23b72d8b06,0.47311537422318295,0.44060437651962486,0.9709704174730439,0.9736170212765958
10_261412567_6cfa782a7e,0.36069500178582686,0.16928216283405842,0.3907671264105779,0.370611880303707
10_261717707_bb5b8e0b80,0.9411508993098952,0.8403139385706739,0.9684562597312727,0.9060451565914057
10_261964240_8eea8f76d8,0.8250256937307296,0.4004388143732406,0.8906611621942828,0.5910247277907805
10_262725611_c3ce2b827e,0.9115552492533885,0.8712769774952581,0.9555253567237013,0.9412394305897464
10_263409221_258fe30291,0.15228299464884057,0.02382675499638145,0.00024669023928953213,0.43124517451612043
10_263808439_8c5342f1eb,0.48457969432314413,0.3627787645549635,0.9384224372408257,0.8045977011494253
10_264482836_a97bd01e84,0.19389474213583444,0.013133469463523296,0.00011355571327182399,0.2532017870439315
10_264484124_5edf738e12,0.29114311621936717,0.18558901313042267,0.3105978984193781,0.5036535651103762
10_264977419_e80d1f1333,0.904215121611211,0.7360426720853441,0.966449096553371,0.8986156585674077
10_264977628_cde9f779bc,0.9461044006498552,0.8422857745884339,0.9481947202000147,0.8505165733964701
10_265627532_6350797cbb,0.9521606036876201,0.8722348563158983,0.959942084942085,0.8829591461170408
10_265870892_766e28e379,0.9431648220161531,0.8278086582545543,0.9813646788990825,0.9198058413541321
10_265917413_40738f7de1,0.9333916338726134,0.9054454858227547,0.9654054054054054,0.9522752497225305
10_266085492_354fea0ae0,0.944871730000506,0.8262885306156545,0.9851146965790383,0.9469030500602867
10_266284290_829ababfdb,0.9570532307095272,0.7387478131792398,0.9807359453323443,0.8452088452088452
10_266448508_94af676059,0.7647542457799131,0.5109845402766476,0.9069891221183594,0.7710884940486459
10_266501049_f8f3228c06,0.9092098481544622,0.8276528989556023,0.9601681600067944,0.92221768151478
10_266505582_b6bea7d285,0.9121638851896977,0.7372863383806252,0.9657039155977977,0.9071930069279769
10_266618383_e120335223,0.893913676042677,0.8235087101882809,0.9448650097139412,0.9055613850996852
10_266623585_51b4e13abb,0.9101912557706483,0.8390423136185848,0.9608668209551862,0.9341640706126687
10_266684747_d96b086291,0.9279163314561545,0.8550896564310809,0.9502008032128514,0.8802244668911335
10_266685287_18eb05146e,0.9252257616354074,0.8501158045660085,0.961880359757373,0.9236196662560197
10_266685774_034585ce2d,0.9169966929326746,0.8282496694478639,0.9645902774771655,0.93266951161688
10_266691786_6d0cd9edb2,0.8646323795726186,0.7096168294515401,0.9183255269320844,0.8505865959455208
10_266773213_3f861ca816,0.9272653575932265,0.8419810136119343,0.9784203711696159,0.9451706800740937
10_266774009_d85fd2d1cb,0.14133374786258354,0.0,0.14637601828895258,0.009584664536741214
10_266774040_f40061481f,0.9475670745132576,0.7997908078508583,0.9659981146182102,0.8116104647729286
10_266809441_93200a116b,0.8854889042995839,0.818638195573782,0.925767105012388,0.8809488728451451
10_266939706_4c0698df47,0.9185116331474283,0.7585890375032782,0.9779449843116946,0.9309672386895476
10_266943402_f88493c435,0.9198478658966052,0.8330018416206262,0.9774532798668382,0.9520019103717265
10_266985450_6d8e8f730d,0.8897130271425795,0.6976978732734049,0.9259467040673212,0.7757723652101847
10_266996498_e98c27d9fa,0.9247089184971792,0.8195014553324875,0.9557530520589538,0.8957628107855725
10_266996502_b334ade588,0.7816990168893371,0.5401750198886237,0.692905706642889,0.49039253362613233
10_267001913_e22cf985d5,0.8492694330800701,0.6134246054382962,0.8759649522816846,0.7270176001282925
10_267014693_4f1ee75c4a,0.8395346872095316,0.5271397849462366,0.9585804569761789,0.8511137162954279
10_267183829_e8538b16ff,0.9639467711986796,0.8774569490346147,0.8996587758583919,0.6764157613935848
10_267183852_ce52f4236d,0.8870139398385913,0.8153261096061679,0.9006468936897352,0.8663967611336032
10_267283020_efc5754cec,0.9361221325905879,0.7619515068224207,0.9735369097761029,0.8932210661804141
10_267294594_3ac14453d8,0.8812609672751901,0.8133422204190454,0.9705872235027004,0.9481123244929798
10_267300600_05f6c6fee6,0.9444821181118613,0.8030770648118292,0.9654051040634292,0.8924302788844621
10_267300813_22fcf61089,0.9327892295350703,0.8066923936224231,0.8689441688733077,0.7431808236495356
10_267303537_2872e24990,0.9300026716537537,0.8234615384615385,0.9295914039304397,0.8610765186107652
10_267303541_20c1da051c,0.8253176904110331,0.5252284342573951,0.8984451938285237,0.6293017670269343
10_267311260_f18be257e2,0.878881477343673,0.7538631753641896,0.9531643746850025,0.9221043566759306
10_267393563_c72e472e3c,0.8695070162481536,0.8776424744276669,0.92217125382263,0.9215461026455384
10_267412727_1727822888,0.783625730994152,0.3287621506070262,0.9626751808318263,0.825446964432371
10_267451067_221b5decc7,0.8148860940786824,0.6674815612828375,0.8346987159925824,0.7092507289861809
10_267463817_50230632ce,0.8461254417893127,0.7483798379837984,0.7412132736306202,0.7776887727138581
10_267466377_0af5d33261,0.6632085696991878,0.2585006616420229,0.9247979646812332,0.5704318614942343
10_267466379_f8bbb5fcc8,0.8778836855919326,0.5212624205276583,0.9288386346824474,0.7020239715502481
10_267496810_ea8700bc19,0.8599092284417549,0.7567498071483671,0.9672815871910895,0.9557024328505133
10_267551886_bddb4ac4b6,0.9642207398423287,0.8003266841558184,0.9659972011044291,0.7639087018544936
10_267558735_68fd4bd891,0.9032498851630685,0.8410680855256676,0.929107537054557,0.9123422527098497
10_267561242_d29d940853,0.8338894681960375,0.7871338694221074,0.9025155371411661,0.8376447713247105
10_267640333_d68dd4aa2e,0.8963632307005801,0.6263313229821634,0.9581118818124493,0.8041490180978051
10_267661663_55aa54cc71,0.7556108155749315,0.3718526951876341,0.9234707730499205,0.75911261560781
10_267687096_fc062d2623,0.8655129643848561,0.8158010027746677,0.9119770997332639,0.8463999258194631
10_267687692_468e936114,0.8463779060359242,0.6094438614900315,0.9299665348341953,0.8167081293636145
10_267687863_2b911db6b9,0.8915656810470189,0.6837323943661971,0.9400525948585843,0.8361134599123684
10_267688089_a88a46dd9d,0.8526670528144911,0.6600744674357566,0.9728580970307851,0.9477450614983228
10_267688590_6ab2c60659,0.9480839095277159,0.7448764816661128,0.8503932207523014,0.5222711447880402
10_267688716_d3bfd5e5ec,0.9517591902904964,0.8434400680079343,0.9049016461094044,0.7222405925534026
10_267688742_7cf79bd0bd,0.10031325644311548,0.16819023719902013,0.0,0.07803446459477764
10_267688939_7a331af52c,0.9445729619690941,0.8404651162790697,0.9593602644499538,0.8809279408745637
10_267689043_8ed546e74e,0.940136635354398,0.8322418136020151,0.9552458140363377,0.8688884583091132
10_267689095_cc345739aa,0.7565993495197035,0.5559049435537914,0.7970313404448854,0.519298245614035
10_267689217_5f9b7de27c,0.9603155040670446,0.8482631550425405,0.9536323223228856,0.8190900789600902
10_267689464_3dd591c84a,0.6182880251628847,0.4492908530318602,0.7357654278895329,0.42764090747961714
10_267690183_224c509150,0.9271751412429379,0.8010281221651043,0.9697570947570947,0.9161943319838056
10_267690371_4874327dcc,0.37254149477117915,0.12325632563256325,0.19375336037929516,0.3634236804564907
10_267692916_7a63f7888f,0.8654881796330666,0.8314854299928927,0.9500680735194009,0.9364816826305915
10_267692977_62b9a260bb,0.8736959201467184,0.8602959909210922,0.9371915062775367,0.9169446924486632
10_267693197_b9d8dd822d,0.8709569552529183,0.8437822434039208,0.9334411209916464,0.9026369674873895
10_267693240_8ce8970324,0.8838301899547083,0.8358698197143526,0.90452462355423,0.8312699065036474
10_267693798_74248c315b,0.9235068792995622,0.8812237325356859,0.9292305122959376,0.8380826308088901
10_267693828_c8c86c50e0,0.9019371642519941,0.8642631666389766,0.9486267254874057,0.8745582078190419
10_267744690_ac99310c04,0.4155245882759415,0.034626075446724025,0.4407678883071553,0.052608731041593186
10_267767008_59aabbd596,0.9233610341643582,0.7393055446938297,0.9534983622402405,0.8519341739687968
10_267778234_50c3b2c18d,0.8961485102728414,0.7683694379391101,0.9621162638798171,0.9008987512924521
10_267779210_3d38f9a927,0.6879554475976065,0.48519339738851935,0.7937292323421657,0.7046952224052718
10_267780676_e2346e581a,0.9038180680158565,0.8788232795242141,0.9700704225352113,0.9630828647696938
10_267781157_7f33392f45,0.9409958456258655,0.8646596148630322,0.9767131979695431,0.9391285775309697
10_267781192_ae29cb453b,0.8765957446808511,0.7349027635619243,0.9133952254641909,0.8232340140609307
10_267781224_2039c2b3fb,0.8651381909547738,0.7175673965320846,0.8983788853161844,0.7913060844095327
10_267781270_9648a04e83,0.9441473389195527,0.8217960922979283,0.970172966815552,0.883224603914259
10_267781788_2765356aeb,0.8615899581589959,0.783273381294964,0.9427733636019675,0.9127489718571083
10_267782373_d2cbfb0560,0.921321998612075,0.820178887359937,0.9373630982896025,0.8495924669670429
10_267782444_2e0050ebd9,0.9012630804447351,0.5672244403570947,0.9284305865528374,0.7483847483847483
10_267782578_6f209f0815,0.8535308389733112,0.8009606147934678,0.967198711377947,0.9527373823781009
10_267787440_0399594cbe,0.2617074740929952,0.1205109218807849,0.673659512801049,0.520938749939762
10_267787613_cd71b51421,0.6984804721838503,0.5199497844004148,0.8104158860996628,0.6709051995467707
10_267795560_bcae5fb9db,0.927341758984761,0.8297284223619653,0.9505104305370617,0.8274521100388881
10_267800563_c521d904fa,0.05428156748911466,0.0,0.041892911010558066,0.41158457127964554
10_267803933_d803fdcaea,0.7479998626515125,0.42803781954009573,0.8491681561941428,0.694395081888478
10_267849716_999316bd5f,0.901241333954457,0.6786868842364532,0.9397406331426518,0.7854838033776139
10_267907104_92b81c94cd,0.6672835092736679,0.5524399284810955,0.8592819883399816,0.7742513993804685
10_267920434_fbb13ef558,0.9255772831287705,0.8338932862593247,0.9563056420339724,0.9058927000879508
10_267921452_ed232ffb29,0.9151703438470855,0.8180823495537,0.9267036011080333,0.8429203539823009
10_267923236_a7d4c3971f,0.8444496268656716,0.8221832389761582,0.9532885906040268,0.9351803901260142
10_267935839_30e321dbe5,0.8657909765848086,0.3187782805429864,0.955339868438024,0.643849840255591
10_267942018_4013a57095,0.9465476014135472,0.8127704833859019,0.9519955898566703,0.8537067545304777
10_267960073_30075b5290,0.68663790054467,0.42446223111555775,0.8157836983715928,0.580307651940044
10_267974667_352a19b37e,0.6177638006839277,0.43127440184202626,0.665194376074716,0.5492800575953923
10_267974673_5cd8c01d05,0.6296884071995356,0.4240685012254522,0.7262623490669594,0.5310522218837784
10_267975486_b9cd08a46f,0.6712601788053072,0.483573883161512,0.7229269851413964,0.5667607093505297
10_267976432_b4e9429cff,0.9157766554209171,0.6874231547217705,0.9630575417092271,0.8418329331898335
10_267976435_62994d7dbe,0.803487340476353,0.5303141988390306,0.781046431046431,0.5026446071171666
10_267987584_e90efadcf1,0.8319284802043423,0.588985962501227,0.9085783326621023,0.7365863744443296
10_268001653_da15cc1bb1,0.886818724307121,0.6390283400809716,0.9699337208871774,0.9063490129173776
10_268001846_db119074c8,0.9066833816500822,0.684367881548975,0.9690096118404264,0.8762264546933207
10_268008679_05d9f1e40f,0.9249882144144643,0.6787741203178207,0.9720919324577861,0.8448455823663044
10_268012766_eba8915621,0.5531011712915651,0.5876359412944778,0.7004092181779022,0.6758816232500443
10_268012886_472fbedb54,0.2660181958962447,0.2058282208588957,0.59290372499171,0.37028554721762014
10_268014269_0353776d28,0.7776170674380763,0.5809379727685325,0.9823447957535195,0.9586989586989587
10_268014760_9676395938,0.4931571690230701,0.41637742053343074,0.5583833042164408,0.4475152862701501
10_268014977_b47bfb117d,0.11798770215633424,0.11171916519440973,0.0025507539088344884,0.5070593425987205
10_268015474_2bd515353c,0.8836223642849574,0.7961018009416257,0.745810481413772,0.6154099440237076
10_268023025_784a1ec774,0.9421953341896988,0.829036716543477,0.9584269662921349,0.8382065120692723
10_268026286_c48d28c944,0.9087323793535321,0.7243134198340287,0.9504941985388913,0.8517095472010117
10_268032800_bfc9cd4caf,0.9088329452852154,0.7662112757360016,0.9743933186259061,0.9502700985065141
10_268033410_d278ddd024,0.8381991814461118,0.7262767710049424,0.9362587085369658,0.8866017276235986
10_268037364_97cb639b9e,0.9141497045305318,0.8561632997520966,0.9531618688060406,0.9104161000815882
10_268050666_fd8484795a,0.9157108646332242,0.7864093820177992,0.9466112956810632,0.8686376104846083
10_268051804_e75c8bd959,0.908391821788221,0.8156784131673349,0.9629458693215533,0.9299546765554182
10_268067924_c212238b2b,0.9172200537334617,0.7277843966969311,0.9721328161536134,0.9061944418452326
10_268077139_f4250e6df3,0.5179421266543927,0.38940625504656295,0.5554803279921763,0.49245391705069125
10_268087093_7d2ebb8690,0.06672281489799738,0.18622471709881494,0.0688622754491018,0.17310650619853407
10_268090450_7103d5475d,0.8175192243396857,0.7279601117746973,0.8671448853022491,0.8175773344897369
10_268092274_58b19335ec,0.8778484048932598,0.8524590163934426,0.9011221545367105,0.8915006143490571
10_268095200_956217bde8,0.8772931742616858,0.6598380698799109,0.9424945889742393,0.8367582684824902
10_268096162_0b812ff56c,0.9305054945054945,0.8101882480303122,0.9593578918066252,0.8801650269755633
10_268101001_cb023c75dc,0.7194416749750748,0.35024234153686884,0.7450547620039145,0.4144220857795904
10_268113688_6486df5217,0.9014930808448652,0.7374907201187825,0.9708987726012934,0.9294216261525566
10_268118418_3053caa1d7,0.9006029955261622,0.9096751979800298,0.9424184261036468,0.9380771963059437
10_268121720_f0d8c64b88,0.1076057231183861,0.14324435802250898,0.11461590467337109,0.14080644364283243
10_268122508_c361b4db6c,0.766245487364621,0.5456108809505198,0.9025908051816104,0.8635450160771704
10_268127478_dfb1265d0a,0.8656561600749515,0.6000654940119761,0.8349828628644048,0.6782302903578387
10_268129990_04e858de05,0.5791940274106973,0.33799080842663703,0.6579312082650876,0.5361010167749514
10_268131111_8fbe13baef,0.9224115334207077,0.6856660333544438,0.969734796740308,0.8756309109619248
10_268132722_ee1448d776,0.8845685965307502,0.802340651140871,0.9370778873718478,0.9169405192244495
10_268136909_f2dc3bee43,0.892670249007832,0.7821220657276995,0.953305149884704,0.9044671036659383
10_268139713_919734cac6,0.8883641479099679,0.7667694485164029,0.9495659817602461,0.9120057993643005
10_268139718_1a9192a52e,0.5839374929566883,0.3972268223538328,0.8972969718860996,0.7772061549870226
10_268142756_1007aab622,0.8663284052138921,0.8985298196948682,0.9654352778052887,0.9738284703801945
10_268145469_9c89086dd8,0.9080379303761217,0.8060098391171386,0.9827298050139276,0.9647819303068579
10_268146459_503a3645fe,0.9568932672943994,0.8572759383612157,0.9726782132060012,0.8971241150353986
10_268148358_2c990817e2,0.9481079961331308,0.8090585054080629,0.9747798673768888,0.8637516234770239
10_268150486_bc129aa419,0.8484979937100098,0.8962891874600128,0.939443535188216,0.9657594381035997
10_268155424_8f0e352947,0.8800795680591077,0.7899798898312494,0.9493526670119109,0.9121983284815476
10_268155490_7dbe72fa01,0.9161982219032812,0.7696734979291054,0.9235676810073452,0.8188015393073117
10_268158274_128ba8610b,0.909764445339239,0.7906789705384355,0.9709361122103505,0.934032634032634
10_268167124_b277130727,0.9415168355671788,0.8912035333087964,0.9656558773424191,0.9360196746121832
10_268167939_2e6847d767,0.8752348035164175,0.7318864363666202,0.8551866441568186,0.7346599675594414
10_268168007_aba64bbe7a,0.8678898332788493,0.7525755925956947,0.9429140237973981,0.9106130042197922
10_268168010_d3852a2e6e,0.6555846246729724,0.5148845061143822,0.7299884925201381,0.6407085854599667
10_268168390_affe478866,0.38114049526317717,0.44637085729937004,0.8052925655750427,0.7064942367163339
10_268169446_590c2cc58e,0.8648405689810164,0.8360017889087656,0.900848835109265,0.8458070770722249
10_268171006_3b22a27896,0.8990755741923186,0.8750947400333485,0.9617021276595744,0.9448748991121872
10_268171623_00e193c516,0.8474803149606299,0.8203074607611266,0.9077351540742071,0.9181039406053684
10_268172530_e440f57dcb,0.7595672795789747,0.46499729892910485,0.881617861457075,0.7621586475942783
10_268173785_ddf856ecf5,0.8963665652407374,0.8474692724635469,0.8263157894736842,0.7796752306167569
10_268179190_1a6efc3d39,0.8951803617226792,0.7358547008547008,0.9648440340289391,0.9177182530374818
10_268180917_4556a9bb75,0.927073144223454,0.8355296601884801,0.9573666996272914,0.9250050130338882
10_268181570_6369b8852f,0.8779745434421693,0.8523290868423612,0.9616150781489426,0.9556051716080793
10_268184826_e9accb1339,0.9091640733984333,0.84453915823122,0.9496634474685397,0.9015109432285302
10_268185248_9471d517d0,0.8830748085607697,0.8452850845602006,0.9129830810329475,0.8641554204360077
10_268186388_89489d8fdd,0.9187480339729475,0.6879777243939725,0.9603409689310163,0.8240773703571852
10_268199200_cf412367d9,0.9526550030693677,0.8141485545473729,0.9681777164393014,0.8551940124210414
10_268204981_fe60d55f2d,0.906162777715753,0.8515528589058001,0.9429194691874204,0.9175186368477103
10_268207227_f985bd3500,0.8307490718497489,0.413437446787808,0.899037929890523,0.621436716077537
10_268210168_c2c0833ec7,0.45010806181951635,0.2997113962117721,0.5158300304757694,0.460597439544808
10_268211018_3b6c9d60fe,0.9499877018939084,0.7964523969591973,0.9614517004083264,0.853820777675626
10_268211019_270132655c,0.6066942568794017,0.3304068317021685,0.6603169521370258,0.3663975782038345
10_268212162_6982292e19,0.808296136678467,0.6598309546903145,0.952993844432009,0.9116126384899467
10_268213254_f293aaba36,0.7481321274085726,0.6643017447332223,0.865931721194879,0.8880854824455692
10_268213338_b07e31403f,0.9061586873454709,0.8497414288450489,0.9612403100775194,0.9349668198060235
10_268214583_21290bd084,0.7568423509017569,0.5576582520226396,0.9538888888888889,0.9059085650627705
10_268214893_d72f1df309,0.6708810317345312,0.26740994129819673,0.8761146802186212,0.677985285795133
10_268217148_13cbed044f,0.18668866409065255,0.2089711793380655,0.0028257381642280708,0.572259100177882
10_268217391_a99ec26edb,0.9404340325070372,0.8721927607929673,0.9457915895603344,0.8857973720112012
10_268217543_52a2013e8c,0.9263316234041733,0.8357235401867489,0.947818226641466,0.8818009478672986
10_268227714_a9172f0585,0.9461582678674075,0.9016955797314515,0.9780966767371602,0.9600632459451188
10_268231155_a6210a13b7,0.8712569785146337,0.8510004013071146,0.9080875533296234,0.9124266730515982
10_268231902_1586ec90e2,0.9228692713484998,0.7153674832962138,0.9360621581734525,0.7562424760203488
10_268231974_e051f78f99,0.9303414096916299,0.7340816594459761,0.9618226152782327,0.7730822521728178
10_268232243_8022b3ca0a,0.8301479898702121,0.39128503202399023,0.9481103779244151,0.8005207100591716
10_268232438_d4c7878070,0.47931444208403845,0.4534008944960058,0.61875647157438,0.6061443717414885
10_268232457_4d016499a5,0.5086697432680676,0.24162526614620297,0.539064585811024,0.2846928826779331
10_268232543_47709ca249,0.9049409405645894,0.7672711571675302,0.9508574527214804,0.8870560511698368
10_268233109_174ef0fd9b,0.9089112663093498,0.7397959183673469,0.9556780207539427,0.8852171003095457
10_268239670_5f96290ab3,0.9460908834321197,0.7481256796199851,0.9742408320534583,0.7995175856846357
10_268242883_22851fd122,0.4751353205195115,0.13106754188979097,0.93738034225796,0.8192662799248305
10_268246654_5600cde952,0.9027988109260194,0.8033059748608161,0.9431831904359377,0.8911898491740483
10_268252475_3716432836_m,0.9218366093366094,0.8437403400309119,0.9681078415255631,0.9362680683311432
10_268253251_48e9b94730,0.6228367148843486,0.505206593161822,0.7017667652726138,0.5876860497365258
10_268256903_3b133255f4,0.8571099154496541,0.6395154752253326,0.9543873552591027,0.8912032950867902
10_268257348_58c33fa2d3,0.3182482983630534,0.09527065527065527,0.3765766965088029,0.18086774699424987
10_268257878_a7f3698218,0.9105525592754655,0.726577139287945,0.9661582459485224,0.8925739422353418
10_268260683_84238c97a4,0.7269647696476965,0.6946159122085048,0.8459920050494425,0.8566168735535451
10_268262004_d06aebbcd6,0.935249699047897,0.8529733175484928,0.9776237242441749,0.9459341511904185
10_268262571_a713359657,0.6572110932397524,0.5043686119353775,0.8209390862944163,0.6465842611813549
10_268262591_b9821c9af8,0.8631564513917455,0.7877565982404692,0.8820063453693912,0.7881587630809842
10_268262614_2621f16475,0.8105085784313726,0.8281768382069284,0.8547679941541834,0.864455838570956
10_268262624_e2c6dfa278,0.8421777732421676,0.671513353115727,0.9845002992220228,0.9300364767087245
10_268263570_c28d1e707b,0.8446340368208352,0.8578345070422535,0.9011657374556513,0.9159425327308539
10_268272471_95133f344c,0.8886018043966284,0.7793531805525808,0.9467504853471388,0.8919645755088793
10_268273406_d54a0783ee,0.14824551794647095,0.1442484059743209,6.729345715329449e-05,0.3708850778631973
10_268276931_3412319482,0.7409298085688241,0.45334119496855346,0.9900112154773587,0.9146988833974007
10_268278759_66f39a7eb8,0.621758627412751,0.3987522744996101,0.8210086229422524,0.5694534329587574
10_268283312_da35ac9f4c,0.9573495100326644,0.8265462005150365,0.9860151724472236,0.9297208538587849
10_268283436_b55b7f7190,0.9468549796156086,0.8724387479292005,0.9896064195643867,0.973823447507658
10_268283665_4ef68e1d4d,0.8936466654281999,0.8062908652320193,0.9140025362077021,0.8371259005363547
10_268283673_7b0903063a,0.10035192161604886,0.04906416734889761,0.1365690871456934,0.06734809545214689
10_268283692_95ce1b1fb3,0.6983088704530951,0.4420391061452514,0.7945828031267043,0.5863147951351989
10_268283809_06f7e47848,0.5877337915537638,0.452354874041621,0.9237738206810372,0.7977061498912399
10_268283974_7a8c597b0e,0.4891008174386921,0.2855815524959878,0.6101271748459077,0.41733985078466684
10_268284017_749118c309,0.4993077988001846,0.36906047516198703,0.6230800990916597,0.46113896848137537
10_268284434_26bb088f22,0.710778024028928,0.5242900062354742,0.8024364406779662,0.6475222516237671
10_268284540_ff074283d2,0.8610505217237517,0.6545154978889919,0.924773646696205,0.7801776960784313
10_268284552_7906464eeb,0.8459126693518858,0.6725063321674104,0.8938460033264847,0.7655237496067946
10_268284576_f631047f15,0.9325739083265527,0.8401108417041911,0.9844988142749725,0.956231795186264
10_268284865_e4bc4109fe,0.4521820140324318,0.2968183648811921,0.5417852249973654,0.37315229563269875
10_268284889_853fac59b5,0.9422235756602625,0.8395976122042892,0.9890366905423184,0.9678408554804214
10_268285156_43e66d3ffd,0.863536179909597,0.7319010515167562,0.9174072358168723,0.7898077686010027
10_268289886_b23a2eb6a4,0.8718311029839582,0.8319043198077658,0.9487361419068736,0.9393627366855443
10_268302285_c68ec99f56,0.7000035553027341,0.6511763238839471,0.7870972990562968,0.6884085988246211
10_268304754_2c3987b247,0.9303014626346235,0.835643937017753,0.9750794281175537,0.9347367031806784
10_268307429_6d09236528,0.7764370158988994,0.5558712121212122,0.9021406727828746,0.7223802532574785
10_268330988_399015a7aa,0.913074529408764,0.7707520516615095,0.9465193370165745,0.862207017033047
10_2719989.izfennel_p320001972,0.9161034482758621,0.8227124183006536,0.9622372509596052,0.9224071470681602
10_28113685.growl,0.8980688349151124,0.6319220600485314,0.9298520204894707,0.7807302619002103
10_28242550.img_5000,0.9188877976089681,0.7703767296232704,0.9682118724115382,0.9100214627703483
10_28664556.moe,0.5084513798747108,0.331306990881459,0.5381912736615642,0.4084672677381419
10_29187800.img_5050,0.9375272886042788,0.6228534018230347,0.9592401983718537,0.8037822533254981
10_29421652.pict1700,0.8876936796343774,0.8781685817033593,0.9324488802336903,0.9329185212099191
10_29475162.fuzhou620fupeixi1,0.9301796039502636,0.6886924967809903,0.9708445313136249,0.8057601341237052
10_29566017.littledave,0.3895622062824635,0.34910300925925924,0.3962998405103668,0.37357470318561187
10_29665117_112d6360cd,0.8591427749544539,0.839092114499649,0.9268646297589003,0.9092676067987263
10_29912710.xcountry,0.8835713366782452,0.7650148294611963,0.8790426908150065,0.7704497520378498
10_29912713.stream5sm,0.882363581549593,0.7993956043956044,0.7693752023308514,0.6355241716458446
10_30169653.kazi,0.9237070786313439,0.6081678100642937,0.961413753609395,0.7366863905325444
10_30169659.rosco1,0.5533531796490493,0.4048204623708805,0.5913699028185839,0.4669817265280403
10_30589357.1kid,0.9200807919607012,0.6964991802488186,0.9650638717764087,0.8052734277280232
10_33152466.catlamp,0.895108351787409,0.650503397488349,0.9179227385494194,0.7270010078893407
10_34312677.foalhead,0.5327779466185173,0.5059528730880529,0.5483907740243948,0.5213419315215723
10_34312982.naavah,0.44945727337496333,0.43065836368621,0.45279841077906374,0.4442992874109264
10_36687635.gpzoo_przewalski,0.8791697294270013,0.8394050441905583,0.9643375573776923,0.9497346649527011
10_38136691.kleinekater,0.7798951688269473,0.5969884853852967,0.8348421825299731,0.6785806785806786
10_38139938.pbdogs10,0.8778679026651217,0.7148478278326508,0.9369082867273458,0.8630752453653217
10_38173560.pbcats02,0.9031577204817283,0.7725933202357563,0.9408320493066256,0.8526530612244898
10_38173647.pbcats06,0.8587947785658938,0.7365395190721392,0.9410696266397578,0.928423420756616
10_38527623_0542f07e1c,0.6975505857294995,0.6661352532784778,0.6929324894514768,0.7430777924279526
10_39452112.img_0488,0.41570065129234424,0.31082095152333783,0.4219941103986968,0.2928377886520807
10_39459084.img_0498,0.9473558780772622,0.8240009338884782,0.9833425317344839,0.9422438133200465
10_39881820.b91u0017,0.6868811156032109,0.47547974413646055,0.816776883266245,0.5753975766755017
10_39898384.img_0501,0.8039905559927781,0.5587061840980336,0.8189672972157367,0.6383359662980516
10_40677597.img_1543,0.4545096554335479,0.2347922142231364,0.49949929901862605,0.25105079665048385
10_40682501.img_1575,0.6595184007269423,0.27639842983316976,0.6966704749469561,0.2938684241496999
10_40837312.dsc_0800,0.553468661713927,0.4435129740518962,0.7772871126812394,0.8199175628938267
10_40837349.dsc_0822,0.7760391645505914,0.5109513552826652,0.8687797064152727,0.650857517906572
10_41100185.dsc_5762a,0.8902297435175738,0.7390849554302347,0.9661950286806883,0.8956736457636709
10_41105485.05_0226_aabbspoth2,0.32991410224334916,0.022495297805642633,0.45498917898420593,0.2107555663706047
10_41491048.streakedspiderhunter,0.5048956690747736,0.42257611852625393,0.5377775973366895,0.46713062798144156
10_42230402.p1010014_x,0.546484365359461,0.2649640657084189,0.777081499735962,0.5855790719074536
10_43047581.ds20050506_0127awfcat,0.7538412965691433,0.4879676688506521,0.8377176732123008,0.636754507628294
10_43047908.nandaihe,0.8979218744170429,0.7905926622765758,0.902102973168963,0.7156712813908565
10_43097193.p5050256,0.08545163611370642,0.042073838620304546,0.09481304217768471,0.05090697346132129
10_43137038.copyofds20050507_0056awfairliegallop,0.8570213670670777,0.689707336940711,0.9496142433234421,0.9144630503652939
10_43642598.pasqueflowerpasque6,0.3437353945712745,0.20104602042868958,0.5386207678784098,0.29894586960016534
10_43642599.pasqueflowerpasque7,0.0861769896757285,0.02905704544298,0.0001309208975936739,0.2606862745098039
10_43642600.pasqueflowerpasque8,0.1171528778445393,0.0,0.11674621037503051,0.12149663677130045
10_43642601.pasqueflowerpasqueflowerearlyeve,0.16521529150756878,0.00039646158039497484,0.14881122303331837,0.0
10_43642602.pasqueflowerpasqueflowerearlyeve2,0.06862408368742824,0.022667877087287833,0.0001169231668639745,0.08013346043851287
10_43900979.may25_05_129,0.9140257295262002,0.7783695206882425,0.9511430363149194,0.8814350298964562
10_44399460.pinkflower,0.9368217537732318,0.8347750178557257,0.9782781456953642,0.9377689506785832
10_44859864.1,0.9236621451001975,0.7996373526745241,0.9403652371290023,0.8424772961333209
10_44859870.4,0.9233539835758536,0.8033728687916976,0.9035899975241396,0.769544817500457
10_44859872.5,0.9439908941047178,0.8365582544256895,0.9641636116488858,0.8997651711778519
10_44859874.6,0.9387580459128623,0.8262793914246196,0.9641491768744636,0.9007104588865595
10_44859876.7,0.9180781034038467,0.7471649206177773,0.96375025155967,0.8998538011695907
10_44859877.10,0.8897777340192483,0.705171102661597,0.9349721385341403,0.84109026491666
10_44859879.11,0.9290840016884762,0.8069601622293452,0.9309409966973924,0.7951348561104659
10_45873784.happychap,0.929497051421703,0.805377269881027,0.9645589692765114,0.9305510534846029
10_46084071.commontern1,0.33512551379917793,0.31132013128620833,0.9155864853378666,0.8647753669747442
10_46084290.commontern2,0.6392715287754585,0.48791330925257015,0.9551930887757075,0.8899902953001525
10_46084614.commontern5,0.85977212971078,0.7151180809520857,0.9615272003279265,0.9228008496301179
10_46642384.roadingjuly02006,0.8672248062015504,0.793443894290998,0.947985347985348,0.9239700126053207
10_46642386.roadingjuly02008,0.790196288748257,0.6598741282531043,0.9088877645669955,0.8059153295959791
10_46642387.roadingjuly02009,0.8327670943694957,0.7069145602673909,0.6611173603299587,0.6218396830944891
10_46642874.roadingjuly09001,0.8514280339843873,0.7666480758505299,0.9021092291982112,0.8359890859481582
10_4869984_22f1e00917,0.5255689545743041,0.5691765120789984,0.9477901484480432,0.9079243353783231
10_49513253.0509180001.fsn,0.8677872637278676,0.591910712582276,0.9635407017673867,0.9046528707823908
10_49513256.0509180004.fsd,0.7903662582086521,0.5221626246339136,0.9618422702386425,0.9112018723326144
10_49513257.0509180005.fsdp,0.8672193651356623,0.6629836896733151,0.974110360932027,0.9349580545821387
10_49513258.0509180006.fsdm,0.8129633300297324,0.5272829092436386,0.975400402800422,0.9525177006486112
10_49930782.initiationjunior1123,0.9221571598214652,0.8139989706639218,0.9494962884411453,0.8191775365926516
10_49930784.initiationjunior1125,0.8936044154791232,0.707181126857933,0.92511119539358,0.7865986572499782
10_49930787.initiationjunior1127,0.8947062487025119,0.7429838943003183,0.9370265583645159,0.8639112903225806
10_49930789.initiationjunior1130,0.7539198833151013,0.6059851503078595,0.8581231079717457,0.8503109044032152
10_49930792.initiationjunior1134,0.8185001129433025,0.6796126835496914,0.8783836290635928,0.7781036689419796
10_49930794.initiationjunior1140,0.8596313830031714,0.7312409812409812,0.8611125094387113,0.7786842838381024
10_49930795.initiationjunior1141,0.8214788598394033,0.6662063390481323,0.8631248692742104,0.7436015434174661
10_49930796.initiationjunior1142,0.9081903554305187,0.7855573236341593,0.8628780857696521,0.74001349288073
10_49930797.initiationjunior1143,0.8822191272051997,0.8229648960350198,0.9134521547074836,0.8818093998067957
10_49930798.initiationjunior1144,0.7905009759271308,0.7503409710856519,0.8288050885960927,0.8193415783691839
10_49930799.initiationjunior1145,0.8982786300392437,0.7830893337317,0.8918240208625102,0.8191859971110544
10_49930800.initiationjunior1146,0.8512454889534372,0.7273342085372161,0.6191966088009689,0.6182764151312444
10_49930801.initiationjunior1147,0.8034110496235145,0.6932874354561102,0.6208143373683384,0.5379157082147452
10_49930803.initiationjunior1149,0.8524627615827469,0.7470034590942,0.8234357110856688,0.7292143401983219
10_49930804.initiationjunior1150,0.8684145067409582,0.7168475921763665,0.9092744135297327,0.8167205723806723
10_49930805.initiationjunior1151,0.7847765867758641,0.6497370038937086,0.7646448235400307,0.6775915664278956
10_49930806.initiationjunior1152,0.8143416863929475,0.7327995747649579,0.811353559940885,0.7243150684931506
10_49930807.initiationjunior1153,0.8333495051426354,0.6866207851794139,0.8423922114047288,0.8216115702479339
10_52202391.dscn0138,0.8416368660598179,0.7822466884569069,0.884448589414782,0.821584570929373
10_52202392.dscn0140,0.8614888423988842,0.8156047577132282,0.9036168325613482,0.8542277289279687
10_52202419.dscn0189,0.8925962562775833,0.8570783035310826,0.9267316106662263,0.8423448705955722
10_52202423.dscn0194,0.9072342161232992,0.8456903254470732,0.9614538137458342,0.8743979755652908
10_52202425.dscn0197,0.7251908396946565,0.6723358546300855,0.9110269041303524,0.8321424925997755
10_52202426.dscn0202,0.85385671778439,0.814104818853324,0.9430041688379365,0.8788731175350528
10_52202427.dscn0203,0.7560101223112611,0.7883880825057296,0.8942917547568711,0.8826463638750328
10_52202429.dscn0205,0.7562378067563404,0.6749048010154558,0.9113404790260685,0.8355865311948946
10_52202430.dscn0206,0.8688073884262225,0.7797254487856389,0.9323610986847991,0.8484312742433437
10_52202431.dscn0209,0.8518362415353059,0.8279769510813222,0.6393614320172655,0.6763519313304721
10_52202441.dscn0222,0.7816356754977785,0.8071023674558186,0.9328175895765473,0.9460489943761319
10_52202442.dscn0223,0.8053435114503816,0.8512439351708475,0.9199205823957644,0.9370483906284213
10_52202444.dscn0225,0.9107263107263107,0.8802936630602782,0.9395621338267036,0.9109170305676856
10_52202445.dscn0226,0.8271872740419378,0.8635723470699896,0.7324216646925811,0.7732597816196543
10_52202446.dscn0227,0.8367073533789818,0.8057997446653292,0.9054784595664047,0.8989939000237661
10_52202447.dscn0228,0.8771779979501195,0.8245011329581171,0.9018867924528302,0.8484204353881111
10_52202449.dscn0230,0.9144832095651768,0.8290567023778417,0.8496191621567448,0.6876076555023923
10_52202451.dscn0240,0.7897782963827304,0.7255482206540709,0.6616005832538837,0.6140399749286162
10_52202452.dscn0241,0.8664871967439028,0.8188687056875227,0.8943707191780822,0.8393057110862262
10_52202453.dscn0243,0.873907703105808,0.8290984135173481,0.9318181818181818,0.8437538999126419
10_52202457.dscn0251,0.8956691540553735,0.821473403420681,0.9067900290564307,0.7582421473848224
10_52202459.dscn0256,0.8807248312951735,0.756628171763175,0.7900357224291252,0.693297908168993
10_52202465.dscn0265,0.8400051820183961,0.7769715333705446,0.7633293395237382,0.7504677793578325
10_52202466.dscn0266,0.8492381098968754,0.7568524096385543,0.8385650224215246,0.7338459968015244
10_52202467.dscn0267,0.8888431574305453,0.8381648897112814,0.8650289017341041,0.7379132231404959
10_52202479.dscn0285,0.7305347091932458,0.6833930704898447,0.8581962563811685,0.8135095447870778
10_52202492.dscn0308,0.8400343642611684,0.7881199731903485,0.903022101939558,0.8855916727538349
10_52523077.horse_of_horse_shoes_079,0.8679468009758401,0.8328754031776371,0.85867557822531,0.8233082706766918
10_54628916.jan8_06_536,0.8243782039111449,0.6330541413477856,0.9182597970510736,0.8188521568145508
10_54628917.jan8_06_537,0.4371481520332879,0.29380030454644335,0.49507114869045166,0.4360998898273963
10_54628920.jan8_06_540,0.9111760737575894,0.789338981555026,0.9418291588480052,0.8558356676003734
10_54628932.jan8_06_552,0.8887172925031991,0.702980774883885,0.9222304465827782,0.8020820268405869
10_54628934.jan8_06_554,0.8802948947413278,0.6565288868013152,0.921522334498064,0.8112597200622084
10_54628935.jan8_06_555,0.8686684213353386,0.6929205851619644,0.8803353658536586,0.7584384701763657
10_54646369.1ethansillykid,0.9139326463737218,0.8425653721182114,0.9613455296547654,0.9234181554220269
10_55488101.bitsy,0.8960446719404375,0.6077908217716115,0.9604166666666667,0.8382136859781696
10_55651847.carlystreetweballey2,0.9174385082500154,0.8552683671738024,0.9473615888881677,0.9034260614934114
10_55651852.carlystreetweballey6,0.9153121491677649,0.7257280059102382,0.9755931135838757,0.9335170744823877
10_55651903.carlystreetwebstreet9,0.9172348227624609,0.6782001470124961,0.925130684053735,0.7080422420796101
10_55657233.dsc_3867_y_jp,0.31927825261158593,0.15361136692540456,0.5064429733690434,0.3167886234985503
10_55768607.bitsy111,0.9328755678554644,0.6843622110784483,0.9771406323868851,0.8903453323574423
10_55768641.checkers22,0.8754308222550468,0.7558800470403764,0.9655937846836848,0.9287665246367312
10_55974006.arabfillycanter,0.6319153370539332,0.5477394408090422,0.9322337114029124,0.8848650015452476
10_57572381.cutesofss,0.22661607546907092,0.24247212315471084,0.27850524209335714,0.280940825088669
10_58229768.20060405022_object_of_fancy,0.6371093304978545,0.24827417037530225,0.7704157497174805,0.49412559783738824
10_59242003.img_4193,0.8876245723635282,0.8277603733776613,0.9515447154471545,0.9193623380936566
10_59271034.127_2729,0.8615813156203128,0.48094050587816173,0.9446653615563441,0.7128483379866196
10_59271038.138_3822,0.8362399311801048,0.8054854635216676,0.9593838819106996,0.9587541578469913
10_59271039.140_4028,0.9492787930435881,0.8318561136163375,0.9758534003704684,0.9132801352851028
10_59271042.140_4092,0.9186166963265957,0.7694149449700715,0.9480339030151452,0.851257937464834
10_59271063.img_0605,0.9311652035115723,0.8285425194315412,0.9862739247197237,0.970144114898431
10_59271070.img_1436,0.8163109367836585,0.6439609346025467,0.647685525349008,0.6649519598673582
10_59271073.img_1750,0.945261053621825,0.8744842273392786,0.9649154920983587,0.9041602258216278
10_59271075.img_1787,0.8953153817779417,0.8264105472072583,0.929644645838302,0.896194273287423
10_59271089.img_3385,0.8860529817346074,0.8350499211770888,0.9457982086406744,0.9138236597252991
10_59271094.img_3692,0.9349653394059141,0.7420918200275067,0.9725521894988403,0.8326315789473684
10_59271105.img_9130,0.9245504541803127,0.7924609307916881,0.9801440465177745,0.9440672486259295
10_60607682.rosebreastedgrosbeak,0.8633432690552953,0.6979826086956522,0.9394892219543723,0.899554696689632
10_60607759.rosebreastedgrosbeakfemale,0.6576920946207966,0.5346847387149655,0.8106439282563952,0.7592124517759744
10_60666278.easterncottontail,0.8881434572700483,0.665087036081265,0.9668200195176356,0.9028120374938332
10_60866179.americanrobin,0.652395030443811,0.270774122067537,0.8785786545270612,0.6174041183542095
10_60866226.cedarwaxwing,0.6083725369877957,0.4209925249169435,0.9363366009472409,0.8732346143969871
10_60866705.butterfly,0.8927277240009928,0.6766143407509632,0.970338276953841,0.9202898550724637
10_60866769.turkeyvulture2,0.7783039173482565,0.6320540374577832,0.9391934753058451,0.9016083968889225
10_61749596.jpvis3ea.redtailedhawkjuvenile,0.9217570350034318,0.8508537490720118,0.7841621225685684,0.7761040033016922
10_63193989.iibp3dda.fritillary,0.8886947289256564,0.583180658835363,0.9520409897768388,0.8168776755624374
10_63359627.mq7fmcxg._mg_4055editfromrawsized,0.8412984670874661,0.7123342307308804,0.7842289479102327,0.7046212715855573
10_63451013.9howa94v.turkeyvulture,0.895292725120641,0.8280861097768656,0.9669438044675949,0.9303134251209999
10_63827110.laoeb6po,0.8747439496244594,0.8469346325619164,0.9569710316788074,0.9400359288855851
10_64229307.utd1927n,0.826181592039801,0.7980669004074671,0.9552455154919369,0.9590894786530998
10_64386031.3qqfbtes.housefinch,0.788785852922148,0.6405631165838555,0.8676517318080712,0.8559448542325254
10_65345059.baxlulsq.img_7128_editsrgb,0.4692916194552856,0.2469041818920016,0.48179808561379056,0.2183799833435927
10_66471406.msmbvpwh,0.7128365364037152,0.4652310924369748,0.9376657824933687,0.8717709487433669
10_66830581.uvuxhte2.sept10_06_701,0.8836791489061895,0.6470683249878857,0.9333957991723276,0.7990795688506721
10_66830582.bxg9hxcr.sept10_06_702,0.8786971492119164,0.6077872388311639,0.9274027673896784,0.7559799075107638
10_66830583.sdhhngr2.sept10_06_703,0.7851416354890433,0.5811009474028095,0.9096708579881657,0.8048474314407107
10_66830584.jsnb9pmi.sept10_06_704,0.8472422376522992,0.6663483434951885,0.9429156242892881,0.8739116149170363
10_66830586.6whtssec.sept10_06_705,0.8778406726046782,0.6731064090769703,0.9364606139656216,0.8250495703899537
10_66830587.j2qal6cp.sept10_06_706,0.8643025149267234,0.665433966492968,0.9324304137828013,0.8501130875970414
10_66830612.jwrzvoka.sept10_06_728,0.8161996103701483,0.6096038415366146,0.9189858289226567,0.8240318906605922
10_66830630.sejklgec.sept10_06_746,0.773927014000459,0.5910687797642282,0.7872411489645958,0.5787519173326875
10_66830631.ag3y7hqi.sept10_06_747,0.8708602652095688,0.6912062582943354,0.932209654764545,0.8425995807127883
10_66830632.ncrvs2io.sept10_06_748,0.8698116705957143,0.6399644444444444,0.9096872297921822,0.7949410154949891
10_66830633.6hispsw2.sept10_06_749,0.9098939262391,0.7340360610263523,0.856469334207937,0.6341271918345983
10_67151572.bn0308dt,0.8999489969398163,0.7488181818181818,0.9429460099345435,0.8846038114343029
10_67444,0.8929805082654824,0.8442467628171386,0.9609213767392317,0.9432635983263599
10_68285988.3ddkraxw.toughtimeskid,0.9468065428216579,0.7641136281912981,0.9822405126222173,0.8351765332071678
10_73754853_140eb787dd,0.8858113404755683,0.8652165176328745,0.9297658862876255,0.9267949319568278
10_75671582_152bf239ef,0.8911015330896394,0.7063360048389535,0.7076986902151366,0.5942709273635434
10_8168705.izcenoadj_p7070026640,0.9456231960693591,0.7612341378452351,0.8742553832603204,0.5657325627884999
10_93082635_7f4aa15eed,0.903971771841829,0.7824954128440367,0.9273619940832127,0.8541010361711011
10_95071511_4720e4e540,0.21004412691741964,0.08426226970119213,0.23385738349242,0.10361436498150431
10_96835757_c609dbaa80,0.8902582159624414,0.6631248063045114,0.9182132067328442,0.6438237072875718
10_97146107_ddc8084759,0.8880043804228793,0.7798388852601785,0.9606346563049311,0.9307254623044097
10_97320358_cc615b9019,0.9183276942145991,0.7730347045126954,0.9560285182453553,0.8841524871049979
10_98048098_af08c0f2df,0.9529840426699445,0.7925753118977584,0.9442104299253697,0.7096819854675852
10_98053912_88fec4b17c,0.9009666803784451,0.5921637839745852,0.9541415773241299,0.7385038742848866
10_99533452_3c0e47e42d,0.7919477234401349,0.7059081849812519,0.9003449975357319,0.8612995221211655
1_25_25164,0.6125737463126844,0.5529536404486173,0.6301398654845612,0.6004317242919349
1_25_25191,0.7292591063873697,0.4282598387861546,0.6923466396631669,0.5462736416948231
1_25_25226,0.8655747571146075,0.7395799069592595,0.9060249918706741,0.805729507430601
1_25_25246,0.9467313288069835,0.8508962520369364,0.962298534056856,0.8925693325182015
1_25_25257,0.9248377177997951,0.8229953820319059,0.9294523926985693,0.8332074249946039
1_25_25389,0.9255383934008747,0.7912598791259879,0.9723740494296578,0.9246252315984504
1_25_25406,0.8530547163477677,0.7362532904357999,0.9225960654532083,0.8358826283752147
1_25_25451,0.9553959238222519,0.7659745120755725,0.9685512826058744,0.8264896033548838
1_25_25580,0.0001278118609406953,0.06576113963889349,0.01615650647808806,0.2353500373463706
1_25_25895,0.8968175275867584,0.7446263847817451,0.9603830331524181,0.857794257653956
1_25_25953,0.9032591826176927,0.8741112239715592,0.9528728211749515,0.9387368558552674
1_25_25954,0.8563050870983413,0.7566593745978638,0.7805795178057952,0.6567911011915476
1_26_26013,0.7793231684641131,0.48865253031637423,0.8026872700968094,0.5094174036319449
1_26_26026,0.11138968481375358,0.2264828303850156,0.1934399883117832,0.2242219349706672
1_26_26104,0.832997311827957,0.8669026169026169,0.9151725467514941,0.9313747351990188
1_26_26113,0.8017995678203266,0.5230285520054385,0.9181672234998047,0.7877482093984743
1_26_26169,0.9174935685409776,0.8040834377533721,0.97064232234336,0.9303863002787734
1_26_26213,0.4330835562496885,0.4841094313327476,0.4513097900521836,0.5312951298202488
1_26_26230,0.9742963356346256,0.8985544435890856,0.991044776119403,0.9639748225525646
1_26_26233,0.9401836578522235,0.8117437016464987,0.9744089258832905,0.9182345451973405
1_26_26236,0.805413559037962,0.7988726042841037,0.9160602644255407,0.9187597644513881
1_26_26256,0.9039913334913166,0.8590042603476693,0.9342630211192855,0.9053902571822054
1_26_26335,0.7717238962859145,0.6614409087372598,0.8280756331113596,0.7315691544345668
1_26_26366,0.5223122934046907,0.15198771185337534,0.9494683766304943,0.8623727383024741
1_26_26450,0.9530048604450803,0.8233269728771978,0.9729295901817513,0.9004735935706085
1_26_26532,0.8767907634307257,0.6007492724007678,0.9719301041002761,0.9169650400289657
1_26_26640,0.890503953358358,0.7575650452488688,0.9205404735341515,0.857938598385077
1_26_26643,0.8212939378502292,0.6129853133633852,0.8778793619416303,0.7187043254987162
1_26_26739,0.8781113290089003,0.8375565072567214,0.9629041691035174,0.9543924283808677
1_26_26745,0.8939321754948244,0.8297400628916589,0.9243773901688276,0.8729424346693946
1_26_26763,0.9130365304100483,0.7295888542478566,0.9729286025396188,0.9147622314878345
1_26_26828,0.8691712738035405,0.4579086559890649,0.9275649930541774,0.662568306010929
1_26_26833,0.9404788881335449,0.8845875542691751,0.9709357277882797,0.9484340997256127
1_26_26847,0.78835904628331,0.7031550682479302,0.8746455379482903,0.8312371245798547
1_26_26853,0.5283899887934255,0.710299256019586,0.5582399335823993,0.734085414987913
1_26_26945,0.7649524874231414,0.8422860973770218,0.6680853807957696,0.7885166645274462
1_26_26980,0.9258160237388724,0.8811668167717402,0.971703056768559,0.9348405618783964
1_26_26982,0.8727675965915723,0.6925693479614813,0.9294132996999087,0.8394791719648034
1_27_27003,0.7620655777968808,0.2346723044397463,0.9909057839214259,0.9048465167575516
1_27_27033,0.8104350220264317,0.7989737126395391,0.9444628099173553,0.9517951795179518
1_27_27034,0.8116703539823009,0.7601078167115903,0.653151726322458,0.6779092518401193
1_27_27051,0.886096256684492,0.8563854134879463,0.9546312949640288,0.9351043037772725
1_27_27075,0.8871103622577927,0.6078947368421053,0.9443180784278046,0.7878010545817301
1_27_27491,0.8865200116290338,0.7481998925308974,0.964614219240342,0.9198073449729078
1_27_27543,0.08728578885438508,0.021806548493454772,0.008573023320716541,0.5276609077074568
1_27_27705,0.594923818103482,0.365314348137266,0.9336352212159292,0.7961650559901825
1_27_27775,0.26375338753387534,0.42192717130848095,0.13653513168686776,0.381261789981136
1_28_28003,0.45257421808480447,0.2181544319156503,0.48063486935099553,0.2536443148688047
1_28_28351,0.8238294211625906,0.7082062072593371,0.799625468164794,0.6939614603457671
1_28_28373,0.0,0.007122375358431228,0.0,0.1637617818966879
1_28_28391,0.5403145121982504,0.15600474424003835,0.9722097502185882,0.876315535386695
1_28_28395,0.8233801387244121,0.7770410516605166,0.9004909365558912,0.8919487592053964
1_28_28407,0.6341793922968677,0.36798088410991636,0.8102184828334916,0.6870792616720955
1_28_28547,0.5987973063103768,0.21721695656702428,0.3732580282177789,0.0
1_28_28717,0.5514925936171818,0.48869334085096955,0.5733508887425938,0.4169964320467078
1_28_28763,0.830504560674287,0.8449559918754231,0.9205497382198953,0.9214548126377663
1_28_28970,0.5129047125244844,0.35194822232912054,0.5131656980192149,0.3322735191637631
1_29_29028,0.9256415880675587,0.7188666602852494,0.9827576025981695,0.9076324233338593
1_29_29099,0.7434086434540773,0.2175350560427707,0.9802545781826865,0.9019133293757706
1_29_29138,0.19528526645768024,0.10590219224283305,0.0007715354842028109,0.3214588010157141
1_29_29297,0.8701406865503658,0.6518491902574237,0.8799933303160954,0.6564407814407814
1_29_29329,0.7647700914176558,0.6056227856255464,0.8634844126564565,0.7485457429931254
1_29_29710,0.24291671121565273,0.20976551361073945,0.4360037309565758,0.36478010901217056
1_29_29762,0.9563670282595177,0.8506658774785439,0.9868117613144999,0.9516159877605661
1_29_29788,0.8816942207149923,0.8410968592278265,0.9387406285203744,0.9270168603479546
1_30_30022,0.8824585015702109,0.8491560454702033,0.9441522553039757,0.933230537526446
1_30_30051,0.7568269013766644,0.7525493989222053,0.8758054550269221,0.8795221843003413
1_30_30065,0.9608797906522243,0.8728928397203101,0.9884028135186138,0.9617213913242794
1_30_30226,0.39975298926705577,0.056601128517856515,0.4262391424440814,0.1281150400281075
1_30_30277,0.8316267387944358,0.6735052452069661,0.8961514622189666,0.8052380423926312
1_30_30286,0.7869184455391351,0.7501710278775441,0.8724394184168013,0.876050326768328
1_30_30561,0.3144405389572349,0.2949733611304146,0.06704376489839589,0.15289009959989786
1_30_30736,0.4006583327169169,0.27593081523789,0.43592864834496,0.4859370028635062
1_30_30757,0.8269502972459255,0.6107140020649671,0.9301733886166604,0.7097807679985354
1_30_30895,0.8362506630294764,0.5900125891733109,0.8864393016646366,0.671378313858525
1_30_30927,0.24557245737801292,0.33066351666714683,0.019705961123719043,0.24059929494712104
1_31_31077,0.9044386852606031,0.8014721000041121,0.9649052396878484,0.935515958827091
1_31_31255,0.8424622005340916,0.7113246436554708,0.9189332428822794,0.8692072976924544
1_31_31439,0.8204681071360453,0.3871027690020442,0.945957904051577,0.8061425917324663
1_31_31447,0.6564162073300455,0.6018726787675891,0.7853717026378897,0.6981282357626444
1_31_31675,0.7143858419484843,0.6787823195551224,0.9189556200234553,0.8812734774308763
1_31_31682,0.9418341857975496,0.8504976041282712,0.9183418654014234,0.8042019904165131
1_31_31720,0.8777666555444333,0.8363551474593417,0.9430773054934128,0.9110471162307016
1_31_31764,0.3804957114878098,0.2599992056241808,0.41198551688465235,0.3071086095476339
1_31_31773,0.8575550331267365,0.673084298534939,0.9486969684572271,0.834919024060214
1_31_31980,0.9275932715117533,0.7861438537406784,0.9789601106755822,0.9433176866530866
1_32_32148,0.4110147276106954,0.0,0.42391023829128316,0.0
1_32_32150,0.9339748794116243,0.8088612931662259,0.9639895518981564,0.7855780394758667
1_32_32165,0.884095757288457,0.7377609250638234,0.967510532508445,0.8073009412363267
1_32_32185,0.8424853610930384,0.8233790947397037,0.9319727891156463,0.8794249054874556
1_32_32195,0.3995266703076643,0.45121347201584944,0.37623444399839423,0.4428677244551869
1_32_32226,0.014863359890345242,0.13840981258950252,0.0,0.0
1_32_32258,0.844872141960572,0.573441960038059,0.980046336518969,0.8335093690098971
1_32_32331,0.5788438285703319,0.1200273544353263,0.6577731666029596,0.10581860746110859
1_32_32486,0.9025967498743508,0.7499413741890096,0.971403559964984,0.9212885514519796
1_32_32606,0.8422047244094488,0.8403828559363784,0.9504938422143641,0.9657328085204908
1_32_32691,0.6064516129032258,0.4731905323496339,0.9368509212730318,0.9525679117147708
1_32_32951,0.9285071414595969,0.8137762877171594,0.9833555815117637,0.9653340660347117
1_33_33259,0.37697846007378316,0.32628803245436105,0.3674485572019917,0.3172071235310746
1_33_33347,0.9387659979413878,0.769864758550931,0.9841054148651431,0.9012591389114541
1_33_33527,0.7601902889442825,0.5525520944564787,0.8747142857142857,0.7416386880165289
1_33_33554,0.416993951208325,0.07344659845199013,0.9722916807460972,0.9040368548450066
1_33_33625,0.7467094512285706,0.4047186932849365,0.9298675627594386,0.7492645513763395
1_34_34086,0.9612459441920831,0.879560908404071,0.9683089214380826,0.8761621084935464
1_34_34236,0.0,0.0,0.0,0.0
1_34_34261,0.7765874561745227,0.5758706467661692,0.8734884129985488,0.7144444444444444
1_34_34288,0.8164182297981599,0.6053201117538268,0.8676774369567759,0.6976089423036517
1_34_34382,0.7856973715368222,0.7297107224905058,0.8423548004741209,0.7758773223237982
1_34_34467,0.6224443352085496,0.29930590824445574,0.8772669320635912,0.6395362639971511
1_34_34578,0.9104357181280258,0.7847974017939994,0.9568635694765608,0.8762158194164067
1_34_34999,0.5498214730548867,0.5182657988662608,0.5931181026801015,0.5833158447009444
1_35_35222,0.926187730198296,0.7239103669047032,0.9848250109244031,0.9643847433606507
1_35_35516,0.6615906327980037,0.40786633278646056,0.9607824696698956,0.9429962546816479
1_35_35795,0.8314650424415214,0.8417205902890927,0.8675899855414352,0.8462803328516618
1_36_36235,0.9376139188069594,0.8555620838229534,0.9382607161756924,0.8565329626687848
1_36_36237,0.3256693566145516,0.05508680344785723,0.3591333737206262,0.1726656461841242
1_36_36285,0.8529255210252631,0.589627465303141,0.9537513323138236,0.8522801014689398
1_36_36321,0.14664487852797825,0.0,0.0,0.29891191061825156
1_36_36429,0.1401930220836678,0.15106754791030058,0.07391964356123334,0.010192243950944648
1_36_36543,0.8249245364381199,0.8423996913580247,0.8950309804398008,0.926285094262851
1_36_36717,0.8414605278731211,0.75820431885365,0.93506942046004,0.9050777548631626
1_36_36781,0.6693917653819773,0.42993038210129136,0.9769226567620712,0.892789665626785
1_37_37003,0.6921612418994618,0.47298212703871606,0.9420713278259117,0.8351183765501691
1_37_37328,0.7663965210515912,0.4909509410118698,0.8519973220263334,0.6383247448721835
1_37_37335,0.9719900712772983,0.8808359936153233,0.9806037999766872,0.8997206146477749
1_37_37446,0.9767078208509348,0.8883414526129318,0.9954434848990887,0.9762043625335355
1_37_37488,0.848031113271755,0.7784962671212745,0.925370410918911,0.9199352509027519
1_37_37508,0.6964158345221113,0.6712007504690432,0.6676803308599927,0.6399311759645292
1_37_37702,0.6669035172308786,0.1515728692583756,0.34529474136193555,0.08926283715937813
1_37_37703,0.19196774364687783,0.0,0.21190788548938763,0.029008282013166277
1_37_37791,0.8331756386634132,0.7225076256220903,0.36431141828982694,0.5803386472124651
1_37_37952,0.18603191463679597,0.12526337056599418,0.0,0.15895070625540503
1_38_38060,0.13968068819712764,0.006181318681318681,0.1732525544805136,0.056743847990862836
1_38_38093,0.799826411819091,0.49592103353171724,0.4859288555621599,0.0014627407427472438
1_38_38130,0.8752310138823226,0.6847536814714058,0.8720045950603101,0.7184094764382852
1_38_38131,0.678198117125848,0.3068742105048694,0.9710181451612904,0.8801260467927134
1_38_38229,0.8639434406912805,0.7981849046748498,0.961341118188252,0.9506075768406004
1_38_38399,0.34057403987605245,0.14217623079335215,0.17434751166918677,0.15032652377762892
1_38_38642,0.05013927576601671,0.0,0.058620110794023836,0.0
1_38_38661,0.8967679078239505,0.6950264280710692,0.9660052123816927,0.8959037688173956
1_38_38763,0.4259471050750536,0.13767939265026105,0.9074045447518937,0.6169644577815709
1_39_39114,0.944428707542554,0.7959359311498925,0.9610494995942657,0.8564635958395245
1_39_39185,0.8716603997625173,0.805900100569896,0.9765126943294934,0.9745928338762215
1_39_39354,0.9083956492182189,0.6629791765262659,0.6092665821084832,0.41167072732356114
1_39_39391,0.8891075122344988,0.6980862221616836,0.9758187249873175,0.9310344827586207
1_39_39603,0.8406764770481001,0.7418633631432341,0.9634196677329481,0.9406636907268593
1_39_39648,0.770150622596917,0.44019747753307364,0.8835404292533615,0.5996629113811762
1_39_39670,0.8805660132415942,0.839147545357524,0.9358342027885801,0.9153208818986097
1_39_39738,0.5977920579996705,0.5163008736415938,0.9124621594349143,0.7993796388611942
1_39_39739,0.3615843953297085,0.14054040989945862,0.5230041229385307,0.3308254279795006
1_39_39748,0.9162634450026197,0.6573877518324188,0.9802291019603914,0.9086449362258803
1_39_39917,0.2234944606053104,0.0,0.27827440584445606,0.0
1_39_39949,0.571970802919708,0.5570222758139239,0.037697000019242984,0.0
1_40_40642,0.12848788336210715,0.1038931788931789,0.00042034107675942766,0.4533440697233801
1_40_40818,0.7510893583627615,0.3891222854188211,0.9672385227940784,0.8251890019850487
1_41_41001,0.8131200799700112,0.5586313175993836,0.970055731284832,0.9291029876211566
1_41_41022,0.8413954251045339,0.5296485108666488,0.9637420492174286,0.8314779928069875
1_41_41023,0.8481394569225612,0.5240282685512367,0.9764894859813084,0.91829199015338
1_41_41677,0.8608642972536349,0.7912364130434782,0.9608565507713562,0.9405346426623022
1_41_41686,0.7920023522493385,0.5145342989338161,0.8859260239528882,0.622083379409488
1_42_42334,0.392187635159349,0.0287517894410045,0.3715319238603638,0.0
1_42_42429,0.6678492664685013,0.18315018315018314,0.8816795879077995,0.6041525211735697
1_42_42470,0.8980285686332061,0.6360223905169575,0.8138075856168823,0.48229002506006663
1_42_42484,0.06267849493074397,0.13382467028704423,0.00013451829000349748,0.4949735723909213
1_42_42881,0.2490803580210485,0.2419286501143971,0.9323060410916897,0.9098284511054685
1_42_42923,0.8513077543495794,0.7107242639157533,0.8607671035229049,0.7367762979070399
1_43_43183,0.9540140632414478,0.8236575353941527,0.9723452812458048,0.8380287342483346
1_43_43206,0.8232397833579518,0.5074401835463782,0.9625249743506669,0.8181664554288128
1_43_43215,0.5083625048619215,0.38278388278388276,0.8807831762146483,0.8570052961001444
1_43_43257,0.9358000961076406,0.8333546571136131,0.910859320164444,0.7587637805029109
1_43_43268,0.10085635085635086,0.10854878220030893,0.00036957398199166777,0.5198711973561563
1_43_43412,0.9247698766591046,0.7846947826788162,0.9867788461538461,0.9503477418786865
1_43_43637,0.8932783305023053,0.6544990427568602,0.9621969374734156,0.874050798638387
1_43_43730,0.4692534554098072,0.20507821566169987,0.6424360220278588,0.44228075091061925
1_43_43894,0.48108791623222485,0.2273407371504436,0.27628735805938165,0.23838920295112037
1_43_43899,0.6928200537153089,0.4743717242306142,0.9472007962179647,0.9019154557463672
1_44_44044,0.9172407148706585,0.7449064849926088,0.8793050113425449,0.646017274472169
1_44_44073,0.8688203622124328,0.7751188193112649,0.5320870230676724,0.733909702209414
1_44_44108,0.9037232980634857,0.6973785659213569,0.9704183918064938,0.8134386127883574
1_44_44112,0.13495522924329384,0.032012708804698406,0.004422779236012961,0.5646592543228929
1_44_44118,0.907654506364536,0.7394492508968137,0.9461502633370356,0.8460930888575459
1_44_44224,0.9589431666983463,0.8482819297130847,0.9881772009029345,0.956234949219977
1_44_44321,0.7525125628140703,0.6755297994432135,0.9345260397152492,0.9187531613555893
1_44_44344,0.8757213079717888,0.7689720985185858,0.985067378900085,0.9676533414708575
1_44_44379,0.9086913624540317,0.7441475721730498,0.990303665607495,0.9728669345308437
1_44_44553,0.38591527155545075,0.29130943917025637,0.0025373212144384006,0.44390622857926243
1_45_45131,0.8416375581416393,0.40265996122152203,0.9785285894179668,0.88982221077042
1_45_45191,0.731625098675087,0.30219381083829727,0.9155907590759076,0.8401559454191033
1_45_45246,0.9463723038767254,0.8103501491820707,0.9775927197802198,0.9207574921860636
1_45_45286,0.9537112561174551,0.918009339110681,0.9704945871364891,0.9471837014209895
1_45_45287,0.3959485588380772,0.4279225806451613,0.4309060922584837,0.46009378084896346
1_45_45328,0.8199681147867677,0.5564801218252026,0.8507850006487608,0.6038251366120219
1_45_45329,0.8598629424011104,0.635570837693726,0.9695073500198649,0.9168425766007804
1_45_45358,0.8807942621862133,0.5055864918268367,0.9624940930683712,0.8351435798244309
1_45_45397,0.8927565974688874,0.7258373911760366,0.9421639612285414,0.7201915805394504
1_45_45405,0.10769072377226398,0.0,0.16725218104104456,0.08387793033155465
1_45_45431,0.0,0.0,0.0,0.0
1_45_45577,0.6911870245442802,0.5213755815415566,0.7913141804171203,0.6579002661437177
1_45_45595,0.7435505573182278,0.3414557842046719,0.7287387402062192,0.3014720123958939
1_45_45691,0.9663030856005309,0.831286595160371,0.9961418099198354,0.9807507218479307
1_45_45762,0.029193453527753554,0.0,0.032531073446327684,0.0
1_45_45771,0.44587006645870064,0.08264541680584053,0.9663028568020516,0.9105312943402175
1_45_45777,0.9385584777844193,0.7247213643077749,0.9748367827029313,0.840238118284774
1_45_45784,0.8724559023066486,0.7774946686238126,0.959662473877213,0.8866999546073536
1_46_46108,0.8423258250392875,0.7274792101696157,0.8990843656661607,0.856778397048434
1_46_46151,0.1843156508737084,0.0,0.0004795799888939371,0.483474833232262
1_46_46171,0.9665506470325748,0.8222326454033771,0.9944045354656423,0.9695049708957915
1_46_46312,0.1316213148935047,0.24648692810457518,0.0,0.09111754767076997
1_46_46443,0.9240765535165787,0.7586589082848434,0.9488192215913767,0.8122255604344811
1_46_46662,0.9781520651085869,0.8780149008713222,0.9837626228924774,0.8409428996452684
1_46_46672,0.9632777468421206,0.8624211314297936,0.9871300652602822,0.9477405124144562
1_46_46825,0.0,0.0,0.0,0.0
1_46_46856,0.6642900180759188,0.4831274584224691,0.770282908580781,0.5874856924837848
1_46_46857,0.790155673535499,0.7187415389613906,0.9602626892252895,0.9617057090756067
1_46_46992,0.9232951813022987,0.8436752817943755,0.9694990227342866,0.9177561738741759
1_47_47122,0.44493183165382333,0.10008299705217366,0.4675143355771628,0.3370065486679115
1_47_47184,0.8498972352980176,0.6022175041283322,0.898874434587468,0.7116120148911215
1_47_47211,0.901788539204556,0.6310964050598008,0.9299427617457667,0.7073345935727788
1_47_47334,0.9392135142619773,0.8098059907460021,0.9805867544539117,0.936428821266177
1_47_47340,0.22530831775111876,0.012960059035144359,0.006448578278153734,0.48880182135860645
1_47_47611,0.6566149853152107,0.30525533890436396,0.9832157968970381,0.9332812832706366
1_47_47764,0.9202255982265111,0.7194525904203324,0.9867869349212501,0.9517566191446029
1_47_47779,0.8887997930677703,0.7093227241400915,0.9777088196777316,0.9525241514114949
1_47_47781,0.8834052906519094,0.5799110751818917,0.9814675749611114,0.9285972991152274
1_47_47818,0.30225278557179236,0.21439343163538874,0.3408020442020556,0.42521142401549017
1_47_47851,0.9395460069784765,0.8095371042492602,0.9874698193322787,0.9600772296960638
1_47_47854,0.9536206427869435,0.8254227173264372,0.9721846207589189,0.8075778984160036
1_47_47956,0.9169641676583367,0.8065581236479563,0.9020374782206735,0.7158197719473043
1_47_47964,0.4484322155956941,0.012766134397870926,0.11381595860018554,0.28398194396217846
1_48_48039,0.7860648898051342,0.5807215204279048,0.9437920963223461,0.9009078916737798
1_48_48060,0.749861704802615,0.5478266985511324,0.9586097107986203,0.8405004364271167
1_48_48156,0.5624140473960098,0.30517982920900083,0.8335008592458092,0.5221115628854676
1_48_48173,0.9533549102460367,0.8242756994850797,0.976410752453313,0.9042787970618268
1_48_48240,0.9232860520094562,0.8151198705692013,0.9654294803817604,0.9222670368236342
1_48_48251,0.5021735288920304,0.0786487622325842,0.9742869186454967,0.9062606910708176
1_48_48311,0.4850949628406276,0.4709985420656928,0.0,0.0
1_48_48383,0.7583137214775402,0.8635176316935133,0.8577987668896759,0.9190368173093701
1_48_48386,0.8433457500846596,0.779269202087994,0.943166757620644,0.9306873741731377
1_48_48388,0.8876927351020976,0.7500292340674333,0.9495209880343196,0.8900223282693402
1_48_48451,0.32500118056320737,0.013882285822953314,0.16571225547567298,0.2999556755449893
1_48_48466,0.9499854843392148,0.8599069716235929,0.9609528569048809,0.8900472853643252
1_48_48572,0.930964732759031,0.8065181518151815,0.9645082839337286,0.9026248330144059
1_48_48594,0.7991589269342687,0.5087324306069281,0.9423719178568891,0.815713144730758
1_48_48668,0.9351308971911645,0.8139078156312626,0.9784961859789321,0.9493737640079104
1_48_48755,0.8643168554358608,0.6146130254374887,0.9309290474323795,0.7910317986088109
1_48_48840,0.49647378054243624,0.2861306422820504,0.5215420416179062,0.39020931802835923
1_48_48924,0.6776417462213795,0.20809216992464782,0.7179204849518126,0.21937971639439424
1_48_48941,0.7240012067405077,0.7169428944226979,0.8909998298644587,0.9004224701300416
1_49_49039,0.8889405050270431,0.6848674635028448,0.9756383056551321,0.9424815931215101
1_49_49123,0.7443047371595601,0.393135918721348,0.803134280776523,0.4817454429843154
1_49_49284,0.23361528120098587,0.10857262628379795,0.0005731292859010196,0.2474654762401435
1_49_49419,0.31477546394673467,0.2037229149131907,0.34619013581129376,0.31998236790959544
1_49_49481,0.22858137702274267,0.3251361388520079,0.23743808183798162,0.42165061962658423
1_49_49500,0.5371294354945726,0.45225807636503884,0.5952182828613034,0.451239725910357
1_49_49503,0.5988118958010479,0.39255493811568576,0.8161423279595138,0.605428344089824
1_49_49609,0.8694747612551159,0.4763898677500933,0.9593891273790981,0.8801097789975444
1_49_49612,0.6906095551894563,0.5639937967524175,3.382063227672041e-05,0.5566847037085918
1_49_49674,0.9558296324040879,0.8008080808080809,0.9887652978729335,0.9461636017755232
1_49_49859,0.9299484116209612,0.8146302393877369,0.9560739806641446,0.891600928074246
1_49_49900,0.1367347621676789,0.0,0.003336965979843036,0.500123406005759
1_49_49937,0.8685593450997634,0.5167226706026442,0.3948780905612973,0.000686854207728603
1_50_50413,0.7851055711015009,0.5307000044332136,0.9225450458121871,0.714264727486411
1_50_50473,0.2981429484862806,0.12235644195685288,0.0,0.27019757433489827
1_50_50477,0.9001040413564392,0.6262202325436796,0.9358461669361015,0.7712012619594664
1_50_50516,0.9540172877993481,0.847476540705047,0.9877261940077129,0.9631140761978276
1_50_50665,0.8626499074719411,0.646324457135268,0.9206087372958016,0.8148438893844782
1_50_50833,0.19295177886878742,0.029154006478668105,0.16239775846941953,0.0
1_50_50836,0.9496284062758051,0.8583193128486674,0.9808714133900106,0.8985456148082855
1_50_50878,0.29274869631821376,0.009663828408119973,0.0003085730094380779,0.3956386292834891
1_50_50979,0.8646239072102484,0.7042518837459634,0.8146990534023932,0.6283558519038428
1_51_51078,0.8326206475259621,0.8066174408823255,0.9191133660484072,0.9319317305435402
1_51_51116,0.8936676717981272,0.7279483562981447,0.9404081175019621,0.8680987375164877
1_51_51123,0.9367784697184894,0.7998638143335414,0.985726377346876,0.9566472213693583
1_51_51134,0.7349577856150475,0.5558929588157145,0.7956155143338954,0.6613835455612752
1_51_51286,0.36004067703800763,0.11414982164090369,0.36537965516557214,0.04461011977511611
1_51_51295,0.8354456220335812,0.4455136729611451,0.9356494916492482,0.7824097985685826
1_51_51366,0.7840264650283554,0.6271886818882196,0.8761942941137169,0.8252080856123662
1_51_51642,0.9160090865614539,0.836475115778488,0.918719053437078,0.8803795323619112
1_51_51689,0.5910794223095465,0.3265515320334262,0.6193941641365565,0.4164428498206048
1_51_51725,0.6746160064672595,0.900215672178289,0.8768944429672959,0.9699259716224553
1_51_51784,0.9529666725238681,0.8675649519839203,0.9358880778588807,0.7824224328183824
1_51_51872,0.9475057626234071,0.7695620304196444,0.9805896355978758,0.9048773392805197
1_51_51875,0.8970146617205441,0.8713287578062202,0.9413562559694365,0.9271501717544883
1_51_51972,0.5209129983696458,0.10701051876643557,0.6195362028695363,0.3801547987616099
1_52_52012,0.5009476939447345,0.24410245672808487,0.43916400035224706,0.25843780135004824
1_52_52036,0.9751734309280603,0.9095479913520036,0.9954374965011477,0.9822525597269625
1_52_52052,0.8001087957151226,0.3133423426713905,0.9836996146234768,0.8649862740204642
1_52_52082,0.1968988051506129,0.18181034977887542,0.17684184973904601,0.207480854954852
1_52_52303,0.8318868531018965,0.830175048624618,0.9465067149539762,0.946010797840432
1_52_52465,0.8353637709210976,0.7625580783729289,0.9233798304745378,0.9042488689893196
1_52_52759,0.8810077159059218,0.6858169502725922,0.9422943060002784,0.8590919257436815
1_52_52878,0.4332790587740953,0.23912797921608495,0.4357573029854905,0.21395096757739024
1_52_52930,0.8283201082610567,0.7485743666448537,0.9407589803012746,0.9105631210894369
1_52_52964,0.9068247821878025,0.8102227941767876,0.9172045308826673,0.8277092016672011
1_52_52999,0.8825036887473791,0.7754518770276533,0.9422500214206152,0.8864265927977839
1_53_53009,0.8047510162601627,0.6881549136222034,0.9336872734698045,0.9286644308542119
1_53_53174,0.532574974146846,0.40198104850616057,0.5678185488659304,0.4240249048060101
1_53_53496,0.5539195637355147,0.24602354885354266,0.7581560283687944,0.598721505246653
1_53_53497,0.20616474269161675,0.11627638712654285,0.0,0.05187097343570735
1_53_53538,0.4413264498147151,0.30138864780420066,0.8976410827360657,0.8633554801839892
1_53_53692,0.798175598631699,0.8715608919382505,0.9265662444368367,0.8800966254300564
1_53_53725,0.7490161984076141,0.5873080360770293,0.7221835479754032,0.4705204286385177
1_53_53766,0.7666508038319091,0.520662316705255,0.9689512977387273,0.8741696613307198
1_53_53905,0.8876756838446426,0.8023463491507616,0.9638014678442592,0.9424917738558182
1_53_53918,0.755786929441294,0.8020340077486009,0.8211502001263956,0.8757334572706675
1_53_53989,0.8873992775771048,0.8211376980870004,0.9087703158540325,0.8307052271354761
1_54_54098,0.885280065060486,0.8381404577988804,0.8316539822060243,0.8123675660404012
1_54_54381,0.1037474394505362,0.08454992043174428,0.12496262672936316,0.16022409862908146
1_54_54383,0.9173538300809672,0.7797977880096834,0.9504083323470233,0.8629463851318478
1_54_54722,0.342806506740933,0.09683917693894191,0.5389260818552005,0.39348474801061006
1_54_54860,0.14220522484573034,0.023457466228550567,0.00329232368740253,0.1148297509666154
1_55_55005,0.9316634637308231,0.8038103269827883,0.9776400955314803,0.9508932180098618
1_55_55083,0.9622055210290504,0.8089742314197592,0.9861414616835696,0.9431302143837786
1_55_55207,0.32374619008035466,0.16118350779747917,0.00018041934610874133,0.22213203463203463
1_55_55230,0.8571233872433218,0.8564296316286601,0.8885033192516596,0.9164026571282575
1_55_55344,0.19920315340571215,0.24053085850756276,0.004089430738461735,0.8013060760931289
1_55_55346,0.42412981744421907,0.21054733521036761,0.8527308935392249,0.5269547160769906
1_55_55407,0.22525643454491326,0.21200219935590292,0.028660986979585277,0.32549123562742305
1_55_55469,0.9340869537950173,0.6587959176416202,0.9466189314153609,0.7338167938931298
1_55_55491,0.8157979928779541,0.7179971133562785,0.9821938022626661,0.9809096825511606
1_55_55512,0.8028369415318609,0.41371443555788645,0.9881679183100114,0.9576967051242075
1_55_55530,0.6063737718271139,0.24715592237341066,0.108586126744776,0.23741227666942477
1_55_55589,0.29600893211967527,0.14334382039205465,0.2211539821006942,0.06428527361342463
1_55_55601,0.8940908777494312,0.7459468782338737,0.961149668074834,0.9061596480201132
1_55_55613,0.7136367793664827,0.524099413571628,0.8922061596480201,0.8144990919535969
1_55_55623,0.6737042225335201,0.3237960632907029,0.7218440096488877,0.4476001761338617
1_55_55677,0.11752793366447362,0.21809008634141266,0.0,0.15073597913173095
1_55_55731,0.6231068488193251,0.3425527091362503,0.8881744406129275,0.8458779901381475
1_55_55762,0.8594892563842952,0.8254182784172998,0.9239907943024196,0.900418410041841
1_55_55825,0.17032449556208795,0.07589859775886351,0.18930920503489032,0.2475467880627213
1_55_55826,0.7663947215906558,0.6996463638698461,0.9450543342319557,0.9365494350603587
1_55_55874,0.4732126944144101,0.5334442941849579,0.4829886428649682,0.5399605667385025
1_55_55915,0.8988282113641388,0.7006958892316522,0.9342372406711629,0.8461444805194805
1_55_55923,0.29435123452267564,0.18369943051549442,0.0007065340266787249,0.020012026458208057
1_55_55970,0.7497340425531915,0.4371797218155198,0.8788681204569055,0.6716317558831135
1_55_55978,0.1985546774332102,0.0,0.2058054247776776,0.00040804335052555983
1_55_55982,0.8191139834639131,0.4655592807071015,0.8899305691758522,0.6471616246836206
1_56_56041,0.9378088015626795,0.7503147293327738,0.9821119446047317,0.9325785845297577
1_56_56043,0.8829924405228428,0.6853963083604777,0.8436173529341231,0.6498823298686017
1_56_56048,0.14096799005975977,0.23399191170275507,0.21133471607152868,0.4681863836848771
1_56_56055,0.8271191449539477,0.7011893962302187,0.9802032856636331,0.9738308070993652
1_56_56060,0.6706309041835358,0.29252642174131854,0.9348343670086123,0.7360082658859997
1_56_56083,0.21057424740703262,0.38754129306276547,0.30463469584808495,0.48515996402415523
1_56_56150,0.9311753614079196,0.7287513554091251,0.9523757628596339,0.9087276550998948
1_56_56155,0.9329777250950758,0.7533538871760687,0.9708536649352012,0.8542442124375851
1_56_56159,0.3716031998082512,0.45874457165416505,0.40124365897561776,0.5518849497021193
1_56_56172,0.9409940296192914,0.7947694150529048,0.9637473224750435,0.8255595848443166
1_56_56174,0.9480190556594102,0.8404804353945763,0.9423643775478207,0.7828094477002309
1_56_56243,0.9228886849642668,0.712105095202638,0.9407568793648898,0.7792534920998397
1_56_56265,0.8995926192187874,0.8401540154015401,0.964341590612777,0.9477493380406001
1_56_56371,0.9108646354879992,0.72587499034227,0.9492494295664705,0.8571833265884258
1_56_56543,0.0660987844387863,0.0009373326191751473,0.0,0.08102424772503117
1_56_56546,0.29052318847877534,0.28084290343201007,0.43237863091610806,0.31605452579956234
1_56_56638,0.8288062543850857,0.7486059844498547,0.9697685403873406,0.9625969708164019
1_56_56702,0.564176568337144,0.45997647793005786,0.5827885570838345,0.4820270541305462
1_56_56734,0.9514358415121774,0.8218267772723218,0.988792754503137,0.956997541339247
1_57_57054,0.7167912794353993,0.7196243623434843,0.7968139934405747,0.8518570166875843
1_57_57302,0.899735041268752,0.6015585509688289,0.9865167116812964,0.9278004820287121
1_57_57303,0.5220148190367626,0.3816777515554602,0.551521945330689,0.6369635350474142
1_57_57320,0.9192520630941189,0.8174885020667171,0.41697996745412713,0.5715128414556675
1_57_57441,0.9543692870201097,0.8440520311023908,0.9788292944374258,0.9236686832474419
1_57_57642,0.7430340557275542,0.3952962191128312,0.9567785539842109,0.852304797742239
1_57_57798,0.815351500941692,0.5956688596491229,0.8876264867743654,0.7961546204952687
1_57_57840,0.933634554800199,0.8540699750089253,0.9606652587117213,0.9034540545573038
1_57_57848,0.8599413980745082,0.6562222741069343,0.9114869119366735,0.7465716124560622
1_57_57910,0.7394713912285797,0.8464260075889652,0.8336321262101112,0.9146171434945067
1_57_57941,0.8480878888619802,0.5253378933868262,0.9867336891744831,0.9501967181652432
1_57_57942,0.960624685138539,0.8364460486003273,0.9854930077969857,0.9369453734671126
1_58_58095,0.45206124516616963,0.31027034103554363,0.0,0.11493339388434756
1_58_58150,0.9001038992788167,0.6732415685161535,0.925737860996509,0.7387713484578129
1_58_58417,0.8756030878095851,0.7287433839849753,0.9450156459544032,0.8818480300187618
1_58_58478,0.9032375926113874,0.6222396499772981,0.9456960430502467,0.8154058752730352
1_58_58671,0.8090380607656027,0.7986460218513305,0.9449745131355378,0.959299646751651
1_58_58696,0.8784942313831,0.6917558914955233,0.9554342883128695,0.878745563507302
1_58_58820,0.15231561568869917,0.0,0.0014620177185817086,0.40117626607949936
1_58_58837,0.6674105778049526,0.45894076397859385,0.951397868640478,0.9269624845512897
1_58_58843,0.8929507556745302,0.710394726873248,0.9400718196267734,0.8389476671125704
1_58_58854,0.8094508071061413,0.8019202087994034,0.8714101323007422,0.9011045378381151
1_58_58924,0.7609058845368479,0.4466061769324725,0.8342994774657086,0.6068026532342526
1_58_58944,0.9515168584533676,0.8630574917457157,0.9869250819809973,0.9527611077465177
1_59_59047,0.8534709713177221,0.8333677685950414,0.9349911735359583,0.9413363779698799
1_59_59085,0.856751327795179,0.5925164354600481,0.8925,0.6751549775130667
1_59_59137,0.6280799236684066,0.5115053960124383,0.6789601152702412,0.5638736263736264
1_59_59160,0.13663613534423946,0.22162446500729263,0.3861622779906869,0.27235840676094214
1_59_59204,0.31360864504247815,0.34001823154056515,0.3361962255527413,0.3399239962548879
1_59_59208,0.8532577769347496,0.5854819145958386,0.980814615320543,0.9371148967017036
1_59_59240,0.8424478398521228,0.6071866568555311,0.888087932411416,0.7027924674319618
1_59_59253,0.9472333974695353,0.7827009334464784,0.9843182719589957,0.9338479968055371
1_59_59300,0.8688509683872336,0.6104977375565611,0.9245460440985733,0.7444158924688674
1_59_59420,0.9445607911576498,0.8500402252614642,0.9488829528897523,0.8210979891477816
1_59_59421,0.9425407620542332,0.8505806303987186,0.9647080308633521,0.9005341246290801
1_59_59466,0.8674240477047243,0.6662426863393539,0.943593068489921,0.8094529718033674
1_59_59468,0.8024852371119081,0.6128302785051178,0.9526776765872151,0.9128522403209435
1_59_59495,0.6155085790122287,0.4640375676841248,0.7545603367633302,0.5425487537803734
1_59_59550,0.576196556734622,0.46013213350039867,0.9617271835132483,0.955316340002031
1_59_59563,0.8433744362470346,0.6029197912805452,0.9276870467543187,0.8578658920068282
1_59_59625,0.13634906747286446,0.1972884525479196,4.201257016099217e-05,0.5662162162162162
1_59_59743,0.5131723140314732,0.3290212471245888,0.6151695592186479,0.44609478372686784
1_59_59823,0.3805263885051119,0.20419070374271028,0.8324501246882793,0.8746879150066401
1_59_59909,0.8441488284151529,0.5421243855524684,0.9602364943194992,0.8780041334514319
1_60_60087,0.8375306440829062,0.7146374096869146,0.9002278645833334,0.8750214494079963
1_60_60097,0.3558631599762705,0.005284600850259801,0.3841687302536077,0.017610632834919197
1_60_60281,0.9640666771504953,0.8713801384376324,0.9949052374159364,0.9796754133171546
1_60_60387,0.9265376703139441,0.7624106230847804,0.9580116738843909,0.8438657830193602
1_60_60441,0.6038106722942418,0.4301523426271917,0.7150495337995338,0.6406272478780032
1_60_60473,0.6664573222951755,0.4088100028743892,0.8409503741916733,0.5148673762459876
1_60_60686,0.8440819423368741,0.8174001011633789,0.9144826412525527,0.8978037021605857
1_60_60730,0.9070597070972587,0.7621975406584689,0.9206846931981701,0.8150157362928607
1_60_60758,0.3592464715030468,0.0,0.37377138601294435,0.22741469057258532
1_60_60884,0.6324718174319494,0.3823476662332422,0.9626459800160209,0.9236673178900363
1_60_60933,0.9198058891265011,0.7318864153924803,0.9261915877933874,0.752595558452442
1_60_60982,0.6252964719833976,0.2542184998152482,0.6681652879350997,0.3718298117926192
1_61_61011,0.9048991354466859,0.7079183088498746,0.978065677913113,0.9241659077738223
1_61_61018,0.9229083718568795,0.7385025719184607,0.9767589388696655,0.9251521859435529
1_61_61059,0.7227963359862395,0.30963990997749435,0.7802302124124837,0.526266443995195
1_61_61098,0.07625440576610827,0.14651131941987974,0.011501297952119988,0.19540183112919635
1_61_61141,0.0734757855056318,0.0,0.07377890002367238,0.2671913059771407
1_61_61147,0.6989696830047072,0.3099980280023664,0.9810931011951184,0.8849047792019096
1_61_61192,0.890599354802196,0.7129975808225203,0.9202056866303691,0.7338030589448359
1_61_61260,0.13388886232126632,0.013781968785829608,0.030672393994811382,0.32122905027932963
1_61_61269,0.8668476785229432,0.7778867150942556,0.9165217391304348,0.8333261311092865
1_61_61280,2.0530929845812718e-05,0.0,4.1061859691625436e-05,0.0
1_61_61292,0.37326607818411095,0.1263081695966908,0.7427749752486917,0.4984583761562179
1_61_61299,0.36089514124809047,0.1299162498890237,0.5416181657082298,0.5025372951821961
1_61_61562,0.9050879622506026,0.6449769273104441,0.9797089280716484,0.9224639580602884
1_61_61579,0.8807017543859649,0.7430531732418525,0.06104928457869634,0.018645959267181253
1_61_61603,0.4805540082037778,0.26007149731885054,0.0022409561412869493,0.2655598694709764
1_61_61640,0.6359540636042402,0.5216838279830406,0.6827029490267561,0.5526238945436343
1_61_61668,0.9505782575173477,0.874150999114086,0.9594664749810311,0.9021859019352251
1_61_61767,0.9227963759213759,0.8218916336836358,0.9799525407086164,0.9508439443292863
1_61_61845,0.8433046232281488,0.43912128309270404,0.9121941103276648,0.5602077813415144
1_61_61911,0.8075886238037472,0.4216702089975204,0.8479699176543386,0.5264924138582975
1_62_62065,0.9570828037931371,0.8813789359391965,0.9810196870267541,0.9469188960259759
1_62_62066,0.8804347826086957,0.6858092512233405,0.9373023145821633,0.8199419798559275
1_62_62467,0.839795153634774,0.4314984816223952,0.002130929370385627,0.49494369477142947
1_62_62514,0.8353026987600292,0.8371116708648195,0.9660902000678196,0.9675630718048239
1_62_62798,0.9703805536461914,0.7374975291559597,0.9833357322202498,0.7852169255490091
1_62_62852,0.9731045505483806,0.8962096689986426,0.9726719507156004,0.8984695652173913
1_62_62861,0.545286309121321,0.39502965412271035,0.8725409576823329,0.8186116364445434
1_63_63034,0.6144464179988158,0.0,0.6817312969586858,0.11524830452854955
1_63_63150,0.22786338497910247,0.10851028941543002,0.2627808372727716,0.17104271221487496
1_63_63372,0.922118119457922,0.8553237991162636,0.9475271678864493,0.8950929802356148
1_63_63377,0.28554944079531336,0.21341392084226946,0.29738417901040026,0.30319185764730316
1_63_63398,0.907701740319766,0.750734073790374,0.9727602596207902,0.9230283911671924
1_63_63410,0.8238535721314701,0.6803578879050577,0.9333631885356023,0.8579190575331336
1_63_63411,0.12279549797543585,0.0,0.0,0.08491144304287512
1_63_63499,0.41165641545245674,0.3089838639337113,0.43755316563373436,0.3824405369017992
1_63_63566,0.8521059307773953,0.537638182137217,0.9703014849257537,0.8935815354817883
1_63_63567,0.42076006936867616,0.1083863668505162,0.722104490993561,0.52294280711993
1_63_63592,0.9487000928505107,0.8025506867233486,0.9724600226134712,0.9057045551298425
1_63_63633,0.895866454689984,0.7788684306791854,0.9756188813369084,0.9548566393275943
1_63_63720,0.619318043926708,0.08930302367030424,0.6030684128410004,0.14579569585750055
1_64_64053,0.9179960448253132,0.7751937984496124,0.9571469046607168,0.883224721463107
1_64_64272,0.27858333333333335,0.0,0.2797091627132542,0.0
1_64_64480,0.45730701531035856,0.11888969954234928,0.44916570078946794,0.2400830429302291
1_64_64709,0.6586069210292813,0.565571488236113,0.909068766745149,0.9025119303581729
1_64_64723,0.8261703500016974,0.5672802284988893,0.9546487540977012,0.8325809464508095
1_64_64815,0.1266856344382902,0.018499985703256797,0.18169490939869756,0.008679245283018867
1_64_64878,0.5806219923866983,0.07031541778426646,0.6112049194788175,0.04112507990624334
1_64_64891,0.9061737857988991,0.7277207805270569,0.9408391297913276,0.8379679144385027
1_64_64938,0.4095977071755618,0.3678621054721101,0.46662061679736705,0.5068768758864078
1_65_65200,0.9556790942010507,0.8328710124826629,0.9784417848933978,0.9130321775744659
1_65_65241,0.8412698412698413,0.8164130225390098,0.9341063023763059,0.9370277078085643
1_65_65292,0.4291603179665261,0.26943359108172354,0.2665013899381679,0.0
1_65_65437,0.9414231924121824,0.78707453683757,0.9725863529880875,0.8683370288248337
1_65_65742,0.664096523166988,0.6737833230006199,0.714635494826633,0.7081508515815085
1_65_65743,0.9143277198609997,0.8575833381813951,0.9826439109054094,0.9687810945273632
1_65_65815,0.9107496153000659,0.8012525765022991,0.9573729081149353,0.91162474507138
1_65_65819,0.8505109058754176,0.7191904413557669,0.6150143837132109,0.6056162915326903
1_65_65838,0.9052423156703753,0.6852849740932643,0.8974334077742175,0.6728112992003323
1_65_65856,0.5436984910383262,0.440603595890411,0.9293098271350748,0.823752117166484
1_65_65859,0.8961625282167043,0.6698641731490065,0.9644118193644304,0.8824469630921243
1_65_65864,0.5845437322387117,0.4982006543075245,0.7395252952975262,0.7932711134316669
1_65_65984,0.26690810522573766,0.17804685224483002,0.009707104009056904,0.36095141472212827
1_65_65994,0.7740784780023782,0.5759230306674684,0.8208863198458575,0.6193541897193441
1_66_66017,0.8754586618783667,0.5240143624017918,0.9827631927870591,0.9259829718050743
1_66_66053,0.9026966171661395,0.757713742014408,0.9595894428152493,0.891733779060933
1_66_66111,0.9619053622457556,0.812461155997514,0.9925374762704837,0.961866561211231
1_66_66201,0.5102873976479321,0.15137811391368758,0.6594549550939786,0.5214251554280249
1_66_66209,0.9040541459764642,0.650156259213397,0.9679215368164891,0.8230836128711642
1_66_66254,0.955188449156125,0.865327107706836,0.9722915963550456,0.9131581780984172
1_66_66552,0.5811616533797817,0.2385250664010624,0.8402818175942085,0.489004707464694
1_66_66598,0.32665807920436163,0.4633476902288658,0.33188823919650706,0.43914925654056086
1_66_66640,0.12661745944960817,0.0,0.13465778316172017,0.0
1_66_66667,0.4255213208787269,0.1730788856005715,0.5125283638294791,0.3136845362419742
1_66_66696,0.8650888405084627,0.5575653990409724,0.9940379623621025,0.9789960092417559
1_66_66821,0.912392692053709,0.8699407281964437,0.9741817604067365,0.9367350558741796
1_66_66889,0.17794152697227297,0.08499196871289895,0.17950873451980645,0.12684432269362136
1_66_66903,0.8675718668333144,0.76549822347139,0.9563821752265861,0.9200603318250377
1_66_66940,0.7868346267351624,0.5811378590492298,0.9455093190320124,0.8975499092558984
1_66_66941,0.9154057287634598,0.820703095719961,0.9788379854368932,0.9505326016785023
1_66_66979,0.8486943729312247,0.8311404876223732,0.9521666666666667,0.9506589840386781
1_66_66988,0.9272482907730965,0.7887942163697392,0.976476384013794,0.932742194132629
1_67_67033,0.8500762970498474,0.8535200460387493,0.9335788131992636,0.9354224095994811
1_67_67050,0.8943248532289628,0.6811812467260345,0.9584962406015037,0.9091285963021308
1_67_67163,0.7933668131408245,0.8411620795107033,0.9593015791500834,0.9785207700101317
1_67_67165,0.78287253005651,0.6437954382352024,0.926399625204966,0.9138262212346051
1_67_67202,0.632257347630424,0.6813123744539744,0.879028454645496,0.9364505503334136
1_67_67219,0.5825034387895461,0.16262587565674255,0.9675891181988743,0.8613394421237031
1_67_67339,0.7690066996795806,0.5828992801545034,0.9223699940227137,0.8366976817536667
2_67_67381,0.2903027250853338,0.24681591064955422,0.7444158075601375,0.7943637164244826
2_67_67412,0.5316272555760038,0.3471898197242842,0.5444724694236901,0.3197270585355405
2_67_67426,0.8826106492922938,0.8276059097216554,0.8789232105197866,0.8219471554391812
2_67_67911,0.8198304088657543,0.35264731750219874,0.8840998974659441,0.6456151251553346
2_67_67978,0.9181383840969201,0.7912974324017269,0.9432712790589979,0.8682456140350877
2_68_68009,0.7857931542142068,0.784173071448904,0.8258461538461539,0.828033121324853
2_68_68042,0.9215051083977075,0.79296373826727,0.9841278352726688,0.9516778523489933
2_68_68315,0.29259514105753454,0.022346066443025645,0.2598076079463558,0.06141105271540054
2_68_68340,0.8798711194322288,0.6971373328320533,0.9722863741339491,0.9317847511645011
2_68_68343,0.4333742879481738,0.13386469619605076,0.3003866811953367,0.027873180533165114
2_68_68401,0.925,0.7771470215948756,0.9646372491069364,0.8923885583896993
2_68_68592,0.9467463014794082,0.8105176019518996,0.9792870779611371,0.9233394100874117
2_68_68593,0.657619213020394,0.303292317924842,0.7646549734594968,0.4527256183307139
2_68_68614,0.5329500221141088,0.5886191433431266,0.5832686502802932,0.6552928294516291
2_68_68615,0.9110262452262939,0.6687144482366325,0.9793329785346816,0.84915785997358
2_68_68619,0.9456815429050591,0.8267254038179148,0.9775507548152004,0.9260359655981235
2_68_68620,0.9191645952137252,0.5962604576151598,0.9009534877578511,0.5874502872293416
2_68_68707,0.23627894640873903,0.06381027724837283,0.23694801775370497,0.15649440151151445
2_68_68825,0.07923964117898334,0.25357396329717125,0.965719777872704,0.9048024704504313
2_68_68857,0.9437126585374376,0.7930167597765363,0.991086618832754,0.9656049122133743
2_68_68928,0.8115184678522572,0.4716981132075472,0.9681840754841914,0.8981110173068806
2_68_68931,0.8284641068447413,0.6240144256267015,0.9112153592216141,0.792372706658421
2_68_68932,0.4554870923191331,0.22812655292363757,0.9736964078794902,0.9268407655321957
2_69_69141,0.8083618025052871,0.8420747369293231,0.9132525485670321,0.9092562284051646
2_69_69152,0.9570730744560122,0.8893406730889528,0.9855363393040972,0.9593713316812312
2_69_69224,0.767812367395749,0.7905272647419154,0.967425431711146,0.9686054623911526
2_69_69370,0.7997498294291563,0.8079614546288861,0.9349724573424695,0.9556887788348756
2_69_69372,0.9184617256906413,0.8585879103022425,0.9421920961759815,0.9056716163893971
2_69_69490,0.9553756394537691,0.7970298788503215,0.9804450140309786,0.9271186440677966
2_69_69494,0.8072215201299874,0.6093950343862921,0.8404662414778975,0.7143042350907519
2_69_69499,0.7959224227008982,0.36153002467781736,0.8831538001196888,0.5367275081953944
2_69_69606,0.8299441786283892,0.5985926755157525,0.9015728056823947,0.7609142040889206
2_69_69612,0.917078462094733,0.8207751327955931,0.9387716889277243,0.8347606072401713
2_69_69648,0.8152661962796665,0.8456044482791679,0.8857408267533674,0.9092797783933518
2_69_69666,0.2828013237963062,0.15045846817691477,0.2901872064106107,0.2192570304362921
2_69_69781,0.8738372646750691,0.7536961531643326,0.9471095140076056,0.9138673557278209
2_69_69802,0.9702860973638031,0.8614548454408696,0.981785764937091,0.8026768975890483
2_69_69903,0.92146529562982,0.7449539949812707,0.8764057785498766,0.6371930244383955
2_69_69989,0.5709122451930028,0.3624652746661887,0.9734854169793387,0.9460776439089692
2_70_70132,0.9157591287636131,0.7273720048821224,0.9691576548179041,0.9146238969043283
2_70_70211,0.8518038453229639,0.8747261616511011,0.9559339008512769,0.9635292643188369
2_70_70242,0.6366057582091565,0.304080430139206,0.686040590674329,0.37358296796618873
2_70_70269,0.8847660276231705,0.6775839744077995,0.9500922792986773,0.8820973075106282
2_70_70304,0.17582282432854318,0.0,0.17565830513600877,0.0
2_70_70320,0.911217729038154,0.882090824550527,0.9731878333004148,0.9565742359896744
2_70_70531,0.5913253984264676,0.32998570282805034,0.7458389331127881,0.5716891011723838
2_70_70577,0.7495778101649432,0.594323704953537,0.8306580428919322,0.7046098721856784
2_70_70587,0.6916490619360074,0.42005546830621177,0.7165584605486343,0.51384042012536
2_70_70604,0.8953410504161484,0.8550920452626246,0.9397254618639694,0.9311858158518388
2_70_70612,0.8776061263334957,0.6748910644558882,0.8525789068514241,0.670305557079379
2_70_70640,0.9562037121696992,0.8299927771758757,0.9748840712755691,0.8498738801426459
2_70_70669,0.9184015388911296,0.8803679201485608,0.9752168112074716,0.9529948554630083
2_70_70693,0.956774021825925,0.863360067539046,0.9882366027976306,0.9619056155604356
2_70_70761,0.88551201011378,0.7885225760212962,0.9731502242152467,0.9272151898734177
2_70_70783,0.89140380447869,0.8203625709577,0.9456343380257363,0.9211420536655861
2_70_70803,0.9212063188128291,0.8492650500889429,0.9378048780487804,0.88402209103028
2_70_70863,0.3578439195659113,0.2595839524517088,0.5932001804535947,0.4754476397178513
2_70_70895,0.38551422910662825,0.3641600092624754,0.47058164294519783,0.3997481240489059
2_70_70915,0.945808488249737,0.871338311315336,0.9833718244803695,0.8779501748251748
2_70_70926,0.6288235884063785,0.6677163198247535,0.5914195867026055,0.39816412704240867
2_70_70943,0.789219300401409,0.38622216074145804,0.8168312580506655,0.4471476510067114
2_71_71085,0.3298535294773919,0.0,0.8983214270061796,0.6909996678844238
2_71_71115,0.9623339498907012,0.8743892396376612,0.9846564145192575,0.9480780263912794
2_71_71150,0.8457578253706755,0.7630191404839293,0.9381698268755152,0.9277585353785255
2_71_71279,0.7654864658563796,0.788929719797887,0.9338134677709758,0.9440654843110505
2_71_71449,0.6866726835138387,0.47923611260457216,0.910374155737412,0.8643124460224546
2_71_71631,0.9516535922866918,0.8611979028756024,0.9719538909038675,0.9178852029681361
2_71_71632,0.9328859060402684,0.8551433014885581,0.9507822530790813,0.9058257918552036
2_71_71768,0.9351145038167938,0.9042788953290146,0.9737733475273396,0.9667135078166169
2_71_71771,0.7060447990181037,0.3661570836170081,0.8728980322003578,0.7140461706442053
2_71_71951,0.9492794950762329,0.8216646431943883,0.9873417721518988,0.9495412844036697
2_72_72069,0.9025665606344503,0.7653443113772455,0.9713717881985521,0.9280368796024666
2_72_72074,0.912189429668887,0.861972580859843,0.9164578111946533,0.856875543951262
2_72_72102,0.5550363914098302,0.5188507898068138,0.6830243144221161,0.5926470588235294
2_72_72152,0.7585457271364318,0.6003317609247836,0.9274776076278533,0.868743968013236
2_72_72319,0.908434627013019,0.8980243646484464,0.9569092614930974,0.9490848585690516
2_72_72352,0.929357691862037,0.7804226522616645,0.6766206295881548,0.30547169811320757
2_72_72377,0.8986578604538431,0.6793505834601725,0.9877979663277213,0.9568062101469366
2_72_72453,0.8899412239895261,0.6310753277410108,0.9002995909431354,0.6704878149354666
2_72_72562,0.8978701782614219,0.7016011644832606,0.5531109865470852,0.4450784593437946
2_72_72593,0.9531602708803611,0.8753167764825139,0.9222850437379987,0.7845077390628313
2_72_72714,0.2733412750749856,0.0798761210400671,0.4804937606952643,0.45631105748647494
2_72_72747,0.8190351808015672,0.5642126483984171,0.9390293573957452,0.7754420786719596
2_72_72778,0.3608661209400581,0.41065714418216387,0.37614046693679537,0.464563484347657
2_72_72940,0.39454374412041393,0.5408171236622139,0.5006136690395203,0.6010141754062464
2_73_73034,0.918989737244341,0.7646896297660711,0.9435056844728236,0.8247579529737206
2_73_73091,0.9449422976044763,0.7820093134768776,0.9657187993680885,0.8874641799018893
2_73_73097,0.0,0.08467959073774906,0.0007631969472122112,0.19415030991735538
2_73_73123,0.771605476584983,0.6104662473250762,0.901309274947739,0.8907198612315698
2_73_73225,0.8244033872209392,0.7315097375575653,0.9399529752215591,0.9124548143279658
2_73_73260,0.8782287072977422,0.617982587811468,0.9724064316860465,0.8658442208767697
2_73_73453,0.7261291526689063,0.38036452004860266,0.8899353647276085,0.7185120604475443
2_73_73493,0.778500237304224,0.41667359667359666,0.9785960457101397,0.9409003462870335
2_73_73494,0.5042887531736774,0.317188315075639,0.31538499677723236,0.21916757398792439
2_73_73629,0.8706611570247934,0.8373308251032032,0.8882790165809034,0.9056789266712931
2_73_73776,0.8378181818181818,0.7281524401170778,0.9440726972325485,0.9077882545103572
2_73_73838,0.9413319994283265,0.7943543343201435,0.893834268280681,0.6695608160722629
2_73_73901,0.519379337436166,0.19325237650420352,0.9877308216631553,0.971290127195639
2_74_74023,0.8653745141296355,0.7208619000979432,0.9531213330204178,0.9094778085523205
2_74_74056,0.3472854511970534,0.04931448933985626,0.21821044130725903,0.3864469930721313
2_74_74096,0.9469431195553628,0.8325445941026575,0.983609941375609,0.9460214355310166
2_74_74102,0.8226731679334576,0.6692992874109264,0.948880976602238,0.8061867761325319
2_74_74124,0.7922166029357346,0.6134669589727529,0.8731563421828908,0.7762757688408246
2_74_74166,0.8235601001669449,0.7253918994191135,0.9089711342675769,0.8989003192621497
2_74_74171,0.8516172057352451,0.6629410825482995,0.9435433981548724,0.8687992722862341
2_74_74172,0.8563333475352563,0.5884500497842682,0.9410281418750148,0.8184808383691579
2_74_74193,0.92054619159377,0.651886763201141,0.9646762611364381,0.8335810332625619
2_74_74275,0.7034449912684553,0.5690773312371032,0.7924836601307189,0.6512039107597899
2_74_74293,0.48148932703275216,0.4644847122723229,0.5728029987505207,0.6032451180690834
2_74_74294,0.19175234772280167,0.2644698045211314,0.20223366270862742,0.3914960986090693
2_74_74361,0.8551495016611296,0.6529787343597138,0.8845779536754688,0.7736649366388282
2_74_74385,0.9052457877366684,0.7308154506437768,0.9281872227989053,0.8909388801823621
2_74_74448,0.7862875916826376,0.325213546808602,0.8039686995578638,0.5073075310884448
2_74_74478,0.1147100461409396,0.09973315543695797,0.08223923892272371,0.07407973506559674
2_74_74515,0.0,0.0,0.0,0.0
2_74_74560,0.8011299435028248,0.711323518076004,0.9390106449592986,0.9182846371347785
2_74_74641,0.5578206380208334,0.274603052849582,0.9756532914465229,0.9589049961170075
2_74_74722,0.23836206896551723,0.0,0.26034147260059004,0.0
2_74_74783,0.6155274313828635,0.2767158087622855,0.7116062361866077,0.47236536093757125
2_74_74876,0.075071474684128,0.0,0.08666950596252129,0.0
2_74_74879,0.42671226054911854,0.272457280592261,0.42079476513818787,0.2441153985434354
2_74_74953,0.7745713551419026,0.5739621489621489,0.857851649714711,0.7624333774654581
2_74_74979,0.874058913822089,0.8658753398870529,0.9268711656441718,0.9134673979280926
2_75_75089,0.8951783992285439,0.6711409395973155,0.9738805970149254,0.8827322326932615
2_75_75104,0.3777828227648736,0.4870699742569623,0.4273038656010439,0.7071255516137406
2_75_75154,0.42238702323082766,0.41755552477259084,0.3065368108286563,0.3143252567394095
2_75_75169,0.35631194729657545,0.24936670099935973,0.5514760147601476,0.3238952867492135
2_75_75231,0.20865530303030302,0.03470530930345835,0.004898925111691069,0.23210831721470018
2_75_75252,0.8469177072067643,0.8039123996570805,0.9410491257285596,0.912426675541873
2_75_75273,0.8137224464452033,0.8093121331281701,0.6390404515522107,0.5640210416787097
2_75_75278,0.26380946120642434,0.3403224640300774,0.2760703292603302,0.38303527356950295
2_75_75430,0.3355000609936741,0.25246045192362604,0.9758868894601542,0.9232190760059612
2_75_75449,0.5843596059113301,0.5432416267942584,0.9229213028525187,0.9509511376352108
2_75_75568,0.5093769890022055,0.28522501377146553,0.5531781868704412,0.410749063670412
2_75_75665,0.8958448498249493,0.7959550331091833,0.9518260694108152,0.9054974524001073
2_75_75699,0.5836244199989573,0.25179170932641254,0.14093423865208096,0.007383714995406444
2_75_75707,0.9603783421464214,0.8276285285694804,0.9860044971698845,0.9437041473274442
2_75_75723,0.9607712895852463,0.8108083012210409,0.9640629401585576,0.7909469394986269
2_75_75734,0.89793627493308,0.5042798845426495,0.9433689752370303,0.6975976625906287
2_75_75742,0.9033098060714041,0.800600772421685,0.9513873636430192,0.9008378814666769
2_75_75751,0.8796869796869797,0.6091174131990459,0.8749538370632987,0.6893642177675069
2_75_75805,0.9372417945151446,0.8052937998919633,0.9544486641933572,0.8394675019577134
2_75_75818,0.24526362399974697,0.28229227857189476,0.3124089388684821,0.3648265383641428
2_75_75920,0.09801284392229516,0.17248221458645888,0.005372055129336683,0.530377912377838
2_75_75971,0.7704855553014711,0.7883125269048644,0.8303047783866936,0.7278157522014902
2_75_75986,0.8933194335852662,0.8112699647065861,0.9357381305637982,0.9220195789191363
2_75_75991,0.9026985613348089,0.7814743477499563,0.9250224215246636,0.8121171322786941
2_76_76026,0.7619958318009072,0.35363484087102176,0.9572134197190326,0.8614851485148515
2_76_76032,0.9540311831623323,0.8470191809227579,0.9916588231475771,0.9694083370685791
2_76_76096,0.879464734882785,0.4385657274156488,0.989937106918239,0.8875613867917613
2_76_76123,0.8791880230504155,0.7571255481190861,0.9519566182533139,0.9166108506363028
2_76_76149,0.8795284957283444,0.6733093597043253,0.9245136821499939,0.7993366500829188
2_76_76170,0.341503563546905,0.3994666896047482,0.37594166214668834,0.40154647067830346
2_76_76184,0.1461913007444242,0.06847171605133894,0.0005821084800731794,0.26087959564606444
2_76_76186,0.6966647779449405,0.3127884995823625,0.755336547651919,0.5058184639255237
2_76_76256,0.9644370929391088,0.8422969665926812,0.9781109365430192,0.8601231003867313
2_76_76257,0.10393501478697713,0.0,0.10702554623189756,0.0
2_76_76272,0.09419375,0.0,0.0007092388395246762,0.43202474293930926
2_76_76273,0.8697117184575065,0.7806860995439223,0.9463688085676037,0.9281687046935637
2_76_76326,0.8667440199928597,0.8642745709828393,0.9412809631895787,0.9284843559528647
2_76_76343,0.8197290152015863,0.8698725607327757,0.888619395914655,0.9582554004891785
2_76_76407,0.8764209498570332,0.7345200644517763,0.9579471733086191,0.905832628909552
2_76_76631,0.8288830653729018,0.8325272341002576,0.7530205816181985,0.8339387649195641
2_76_76635,0.920515670148922,0.8110066810100781,0.9768180525267849,0.944208353569694
2_76_76639,0.8655163743792822,0.6152554131522255,0.5810797358728473,0.3864030817423697
2_76_76750,0.8894203175817869,0.8893374697207939,0.9702005328845884,0.9753995331298259
2_76_76795,0.8616863327342346,0.7458337458337458,0.9718724522148745,0.9514659270998416
2_76_76819,0.9387069938796125,0.8201763913629057,0.9534956110315632,0.8632532850022655
2_76_76831,0.748475778738499,0.7454267278653629,0.9214551467548574,0.9118389836993954
2_76_76847,0.4148761361981821,0.2515860735009671,2.940513413642022e-05,0.4585032032615026
2_76_76874,0.8304866755839078,0.3698442215651008,0.9734063116772133,0.8843006126362063
2_76_76880,0.7714870559903673,0.4956913694816386,0.9202369141036049,0.8478964401294499
2_76_76889,0.646608179908563,0.4225481209899175,0.8211189194122479,0.762391170220059
2_76_76897,0.33969313935924955,0.031053459119496855,0.004370254332837772,0.5891044127523407
2_76_76940,0.8049193128578865,0.8542513058618688,0.9079048349961627,0.9467316153362665
2_76_76952,0.7355671711655485,0.6288655258874764,0.965783837434049,0.9549365403812331
2_76_76957,0.8173710740597131,0.5531221719457013,0.8648391631522369,0.641018124969466
2_76_76961,0.2873179847898876,0.04849948700410397,0.5753161517528413,0.3898139312977099
2_77_77008,0.35309199318568996,0.0002248538450007495,0.0007087414289251893,0.5561605162331115
2_77_77023,0.3757734629804615,0.0,0.9933103316082039,0.7914548138428735
2_77_77055,0.6309654768870685,0.12057633973710818,0.8128203581981548,0.4209437450479796
2_77_77058,0.21647836956865724,0.0,0.0006035721943820136,0.6693247528446186
2_77_77109,0.9055823569951758,0.7473804481105786,0.9831421526586621,0.9331932142320973
2_77_77133,0.8923741809563641,0.6772202415793115,0.942794402262915,0.8260413020651033
2_77_77153,0.8627567140600316,0.7475375388521648,0.8809397539244803,0.813231850117096
2_77_77162,0.933462154534591,0.8169642857142857,0.9781917927269764,0.9334059436751205
2_77_77167,0.882937580571381,0.7448695095753919,0.946940618649808,0.8940867149518802
2_77_77181,0.7562565172054223,0.6177389378781288,0.7968436270179102,0.6549097065462754
2_77_77435,0.9105143377332726,0.9241245136186771,0.9474554831176414,0.948874953891553
2_77_77513,0.28824521247566526,0.2686491456107536,0.00117442366246194,0.31388062535603517
2_77_77529,0.18999130564193345,0.1017958938751018,0.2088459077010595,0.1965593929879644
2_77_77552,0.424339564344199,0.3619896892852167,0.8990925098198564,0.7662008281573499
2_77_77563,0.8766590637558379,0.7200860580892102,0.9528410177922326,0.8964423799059832
2_77_77691,0.8117474118787728,0.5591917931115185,0.887170090559921,0.7867115797695763
2_77_77805,0.8407769007062734,0.8280321639268544,0.9585167879713661,0.9561310900963633
2_78_78096,0.32550001508341125,0.28618034712253687,0.3746779920629395,0.31977439753888226
2_78_78222,0.9132104245527083,0.8379197009731263,0.9198908516444061,0.8637254901960785
2_78_78261,0.8615288870449124,0.6944495328814801,0.9505941548014131,0.8794293603313391
2_78_78416,0.8709677419354839,0.719828304717453,0.6496666666666666,0.641933770143439
2_78_78470,0.8913420987348053,0.8658051689860835,0.9066597429572893,0.8887471293697372
2_78_78523,0.849956634865568,0.662021612538749,0.9061175045427013,0.7665450755601876
2_78_78545,0.1402319564193071,0.0,0.14142205697231416,0.0
2_78_78560,0.9134793557276571,0.7733973828060294,0.9574891142936246,0.8904339145006596
2_78_78606,0.8636447336115886,0.700584556824361,0.9415180983252296,0.8688281336944021
2_78_78635,0.7491089709562447,0.6018112308849336,0.8838962455983732,0.8382413011994504
2_78_78641,0.7506910145452897,0.5865936758288033,0.7992453734203749,0.7419177328380795
2_78_78656,0.7813172507239831,0.41800076599004216,0.8966025598070093,0.6776168609443071
2_78_78661,0.19538853121724808,0.19641212657015508,0.2237885934819897,0.2946397290669158
2_78_78701,0.2779588416053636,0.35065627685105627,0.2880001978532918,0.3634824730454711
2_78_78705,0.5439217788814267,0.25706010137581464,0.9742612255340923,0.9326731994792024
2_78_78706,0.8181853597724882,0.6819530910670334,0.9398770211796857,0.8967469335849366
2_78_78716,0.778618412500325,0.4217785961171948,0.8565585575205945,0.6211853332308402
2_78_78784,0.9331352154531947,0.8534332952683581,0.9479230084765606,0.886910197869102
2_78_78817,0.15959781011013358,0.11480505439556726,0.2157829839704069,0.18447054604142382
2_78_78867,0.9337792642140468,0.8796248582912501,0.9635190615835777,0.9213051823416507
2_78_78986,0.7610419649741161,0.6023383301799835,0.858808550559539,0.7876202974628171
2_78_78993,0.8648566988950276,0.546017832854768,0.9582554051021172,0.804437454839121
2_79_79121,0.7144483229625133,0.5665268366139615,0.9127246804827129,0.9035190615835778
2_79_79244,0.9000556792873051,0.8427947598253275,0.9565005483124163,0.9284638945127965
2_79_79248,0.6227967097532315,0.5526092568688917,0.42694324139503076,0.5032187778548084
2_79_79255,0.5788894626939398,0.39622335245103346,0.9755321356917187,0.8416996459071027
2_79_79293,0.8320424339230282,0.6558939426337173,0.931128986332574,0.8582022391014795
2_79_79319,0.9258868628683853,0.7035636483209339,0.9499684010954287,0.7952456002101392
2_79_79323,0.9349638116145851,0.7960798700277764,0.9841686729408331,0.9492111021536336
2_79_79327,0.326714188730482,0.33489324363849077,0.8855381539486837,0.9200147167034585
2_79_79407,0.7873022978215458,0.40787017834923267,0.8839315191246522,0.6637495377788735
2_79_79409,0.8993012170854736,0.8262534109884739,0.9393847857826109,0.8975640754077526
2_79_79424,0.8847974252177205,0.6531852812449344,0.9539192399049882,0.8795150290477394
2_79_79584,0.9388807785888078,0.8301008533747091,0.9840873314625966,0.957197117257499
2_79_79609,0.8373282712911425,0.5421945104249142,0.8743695713084898,0.7159884152680825
2_79_79621,0.8462532299741602,0.7411177354466579,0.952032363706415,0.9290501246192191
2_79_79705,0.9283693224125094,0.8396830565505264,0.9703512559903101,0.9161631854537085
2_79_79799,0.9096488639716731,0.860728952772074,0.7257580593680178,0.6933333333333334
2_79_79889,0.8790763264586638,0.8533070702882024,0.8029981754524385,0.7266151511943827
2_79_79959,0.8839025932953827,0.7928668500778945,0.9395253625702589,0.9265883154488163
2_80_80006,0.9838462988958495,0.8186618265819652,0.9920017017655818,0.8534251817833908
2_80_80028,0.9656668655421164,0.9108675272229033,0.9826709150874839,0.9541366238013826
2_80_80209,0.2647253166559641,0.16602218521550144,0.008865540825494619,0.41014309764309764
2_80_80262,0.24651787444964418,0.0272674326256155,0.27623346303501944,0.23107536688500124
2_80_80272,0.19009462108942118,0.055294305538303196,0.3734384009225447,0.3015534503659139
2_80_80321,0.6990866751345793,0.47706708268330733,0.823388848660391,0.6146919057995747
2_80_80333,0.5256227811315667,0.10556450848421652,0.005766621438263229,0.3522029594788653
2_80_80334,0.18976302584381557,0.0,0.1820358025044586,0.0
2_80_80398,0.81064465132619,0.4953743265836894,0.71270366598778,0.5297775187020305
2_80_80504,0.7215060774773872,0.5190499272903538,0.758317987592298,0.6519319831340292
2_80_80528,0.8801741284197095,0.5394751250136877,0.9556910313619509,0.7256623595721023
2_80_80552,0.9363046224894349,0.8018555334658715,0.9652050009192866,0.8895192171323216
2_80_80562,0.8974573736165121,0.7684239020098802,0.9242230464253741,0.828261482107636
2_80_80567,0.9112987012987013,0.8347874859778138,0.9404207256812085,0.9106297425254556
2_80_80595,0.9378113910892864,0.8502202643171806,0.9792846554411038,0.9497658578118349
2_80_80715,0.9671331540320007,0.8452792093937623,0.9750380874252901,0.8788910505836576
2_80_80829,0.8424682194588307,0.5734816149116968,0.8320153744368483,0.5777381659734601
2_80_80834,0.9786448851055455,0.7918991025951977,0.9641369196413692,0.5604655391889435
2_80_80887,0.957948948723718,0.8413690889722569,0.9840440736987085,0.9423813734158561
2_80_80949,0.9192372771052975,0.687949564187188,0.9434799604497689,0.7666945828007229
2_81_81003,0.7966224844775199,0.4244378376114903,0.896015151127377,0.6122458811060796
2_81_81295,0.9413741598207618,0.8068745417690948,0.9652087475149106,0.8765178571428571
2_81_81304,0.8179465328409558,0.5349555490629826,0.8840946389496718,0.6806510774873911
2_81_81442,0.7802556556924775,0.4386520737327189,0.889125475285171,0.7003307607497243
2_81_81531,0.8284726853816771,0.6191971548560402,0.8951495197040155,0.7984013064592376
2_81_81637,0.5585656822635542,0.2833519063917854,0.8181957108654678,0.5109005390187799
2_81_81639,0.6823747027217476,0.4647060669784376,0.8241133229597039,0.6363205483447572
2_81_81675,0.8848674969566439,0.7014694064975319,0.9430337020304305,0.8769106499316516
2_81_81676,0.8450127154563436,0.7376710306132493,0.9545602077247647,0.9424698473689828
2_81_81718,0.8584958217270195,0.7916832132523969,0.9563989962358845,0.9432054895233427
2_81_81784,0.8896604349484929,0.6599305582647369,0.9636717208725551,0.8635553178211643
2_81_81827,0.8514047567722929,0.8651242812514148,0.9261739485504288,0.9412864263803681
2_81_81838,0.7347737860470434,0.5928104575163399,0.9569715943799634,0.9294219753515015
2_81_81862,0.7092637822749477,0.49458753266144084,0.9096385542168675,0.8510966780238501
2_81_81973,0.6494148673149827,0.7696885101381135,0.8615688859591298,0.923405345401759
2_81_81988,0.7555190230155002,0.5565921787709497,0.7968335890640257,0.5760643383386761
2_81_81996,0.9365201852002274,0.8656394885964501,0.9469330618477985,0.8582899899625879
2_82_82045,0.6738176922742867,0.6192217781464444,0.7170595054095827,0.7567143776133806
2_82_82074,0.8447956403269755,0.8372093023255814,0.9326876218323586,0.9349210001533977
2_82_82130,0.8277921619395081,0.5116069340993353,0.9602312543798178,0.8869219830333938
2_82_82198,0.7405578780452645,0.5227292110874201,0.8453251587475367,0.6070642046417076
2_82_82204,0.9508818373698709,0.844973872000899,0.9775899936715929,0.9115365011043779
2_82_82220,0.8430416447021613,0.7302132766050292,0.9461279461279462,0.9182222222222223
2_82_82287,0.9654705085145248,0.873292331138083,0.9883872532670326,0.957377979568672
2_82_82301,0.5239255605557411,0.2622000491866634,0.776979719942057,0.6712195733216378
2_82_82346,0.7329466357308585,0.5921364714468162,0.2410885125079725,0.4094608341810783
2_82_82348,0.9205332409972299,0.7956469165659008,0.9676191870037686,0.914120808040601
2_82_82372,0.8925551375418493,0.7131660808790854,0.9360948056263152,0.8060980998674326
2_82_82411,0.8496818915582566,0.7684006211180124,0.8223878960640281,0.7437831564986738
2_82_82528,0.8804556887113478,0.8586594387034842,0.9703091771634222,0.9608674582020839
2_82_82695,0.6336580533311318,0.43616627148784826,0.7435245821522822,0.5177449685912056
2_82_82757,0.7660753421825249,0.5365645494564729,0.8392695305419612,0.6404783898099081
2_82_82947,0.9150469469529334,0.7425068646788103,0.9354345749761223,0.8358379614505064
2_83_83048,0.8799458088720603,0.6861886620799454,0.9405204460966543,0.8494020926756353
2_83_83133,0.6644209175489253,0.3286965023776721,0.9634199860598395,0.8378108869075551
2_83_83230,0.7907904485097168,0.7259314390788494,0.8793996904233125,0.8264701561964451
2_83_83262,0.8069100710610144,0.7450523042126096,0.854318418314256,0.8488136122385264
2_83_83356,0.8787018415552664,0.7008416596938525,0.9372635018919848,0.849596557288865
2_83_83493,0.879058618435389,0.6380253085455397,0.9620909652191809,0.8862429016303353
2_83_83591,0.8536878216123499,0.625968422084927,0.9315524242869024,0.8798615592186309
2_83_83593,0.014007704237330531,0.11372033314546935,0.0,0.0
2_83_83604,0.6535960748334596,0.5464898239195061,0.6756365867554893,0.6089408912921872
2_83_83713,0.9204401874872631,0.8414483087184373,0.9580920516450049,0.9231074905622889
2_83_83714,0.9145596291613991,0.8162549886743609,0.9635260082818083,0.9422194876384383
2_83_83786,0.10761341557931393,0.03816046966731898,0.11677923514902838,0.09408816746496364
2_83_83792,0.946047678795483,0.7863695937090432,0.9825681915261477,0.922370452476149
2_83_83872,0.9652772157021449,0.8942714340638216,0.988309953239813,0.9118314833501514
2_83_83877,0.9391236083357123,0.779303330790745,0.9877049180327869,0.9238361012796079
2_84_84012,0.9283989050507219,0.8406245967221577,0.925482823448983,0.8071056881392428
2_84_84202,0.8601439408675355,0.7113447218572054,0.9063538205980066,0.8230356726509676
2_84_84204,0.6688607356028972,0.3754986192083461,0.6620096595594298,0.6200569279251804
2_84_84233,0.9260187915024936,0.7930033550721906,0.9834966934341048,0.9558090098928951
2_84_84240,0.9206366304903993,0.8211526139233349,0.9273018689716362,0.8126656169591766
2_84_84305,0.7980039716889862,0.5515843379921049,0.9804329988007322,0.9532989613689008
2_84_84342,0.8704887048870489,0.7926316657051018,0.9381928774649269,0.9047997176636668
2_84_84343,0.6874260419862384,0.40180553500073996,0.8874040375319875,0.6899930020993702
2_84_84392,0.18437444385121907,0.3765099963074326,0.3141574124643486,0.37868041482894266
2_84_84466,0.9036540947009752,0.7949690556997404,0.9597196792726813,0.89826692139738
2_84_84496,0.8150789947336844,0.768739949162214,0.9232358550540368,0.8884855360181508
2_84_84564,0.6170880187149427,0.5552773547404558,0.8315290933694182,0.7831157422833429
2_84_84574,0.8021758220314177,0.38925612739837745,0.9541748888756004,0.8512645380077855
2_84_84979,0.32605385329619313,0.20557313214894135,0.31214779941507953,0.204894486797039
2_85_85029,0.8956859746383738,0.8523761936486787,0.948770632148483,0.9464087429139151
2_85_85032,0.8364770190160905,0.863929327984856,0.942244951944273,0.9598190397431532
2_85_85111,0.0,0.0,0.0,0.0
2_85_85210,0.15864740056606585,0.21879315690087653,0.8434977578475337,0.8983196486538094
2_85_85288,0.6095492456189673,0.33998089994944103,0.7053163864971983,0.434212158808933
2_85_85416,0.916341415336093,0.8313590625398039,0.9314369378791048,0.849130890052356
2_85_85496,0.2328872211799041,0.0,0.0027372522929240127,0.27633670738333366
2_85_85551,0.2980656092624841,0.28234735373564074,0.04119867642261267,0.19682644084518622
2_85_85617,0.8000808921245739,0.7345030243232809,0.9231318759822832,0.9021784232365145
2_85_85861,0.901012891344383,0.8367702125415326,0.9560593900481541,0.9673834694858241
2_85_85878,0.7582062940180084,0.359664713755952,0.9658714837286266,0.8460143067392272
2_85_85925,0.8439883992182082,0.5821957236842106,0.9737309456859553,0.9362606232294618
2_85_85947,0.9072352360671064,0.7998031040074125,0.9595465659035342,0.9043938921782487
2_85_85964,0.9337391063770922,0.7895936703768272,0.9847629132839157,0.9474645957058018
2_86_86008,0.9500959692898272,0.8206745142002989,0.985035550901174,0.9125549818320903
2_86_86011,0.8990825688073395,0.8317951603826674,0.9198950455317179,0.8851663972350744
2_86_86020,0.9303538668965364,0.7279572391354868,0.9692738745526465,0.8733294025157232
2_86_86173,0.884247089748404,0.8014724549378015,0.9154022032841405,0.8687160326086957
2_86_86179,0.857601576905958,0.60251583469903,0.9588736036780288,0.8802506862795877
2_86_86180,0.856877834272365,0.6179054054054054,0.9641385804527799,0.8910583653491921
2_86_86185,0.713280801859735,0.396275271387312,0.9822759230413001,0.9509770506703022
2_86_86190,0.8809394882902396,0.8459210985686023,0.717417238294065,0.7255894012100981
2_86_86206,0.9267385194022607,0.7886448404475757,0.9544882595064941,0.8509110432535821
2_86_86299,0.7485974222896133,0.8253743574461745,0.9588987217305801,0.9630134651440259
2_86_86300,0.7688537707541508,0.6736495071946152,0.9221696625670136,0.9167124542124542
2_86_86311,0.7439468537128212,0.6492346515257164,0.8416002103233722,0.7963743828161604
2_86_86324,0.9280781897375969,0.8442397999634079,0.9388876554174067,0.8668165917041479
2_86_86425,0.9004242281404666,0.8096563981042654,0.9679616058110124,0.9335195885453045
2_86_86449,0.9108249366883991,0.7476956443159226,0.951708025869683,0.8577153543757872
2_86_86516,0.607893175074184,0.21956779713946661,0.17195869364453026,0.018233807136049066
2_86_86534,0.799071799071799,0.5853645940921297,0.8998194383911338,0.7788198757763976
2_86_86575,0.20490712167967567,0.20373337831379495,0.23206926406926406,0.24606818114504042
2_86_86600,0.8912601166523488,0.876743175443448,0.9686392009987516,0.9610042957834591
2_86_86610,0.8862419510814444,0.823406682059699,0.9199151980919571,0.8551134874456151
2_86_86682,0.8235716565592084,0.8357936860827034,0.8442433754962607,0.8766040988316415
2_86_86808,0.28226919856053234,0.17406170966110268,0.6106013146865488,0.39934089934089934
2_86_86828,0.04328978970183352,0.1564282249836932,0.0,0.5235467870478738
2_86_86832,0.41232664017474147,0.3850872256612268,0.41490967197833906,0.4299465240641711
2_86_86904,0.9095115326182036,0.7302949590608662,0.639404089386592,0.4134158629624298
2_86_86945,0.8162459162459162,0.667420814479638,0.8667278829713128,0.7095776849114939
2_86_86999,0.9309152765583846,0.8279937992507428,0.9912183127451555,0.9760608598548297
2_87_87077,0.8502818871603578,0.6647793830534947,0.9308518119169285,0.837651598676957
2_87_87675,0.8739081919273539,0.7404832410626153,0.9450066912010706,0.897234121810393
2_87_87881,0.9506800179345389,0.8299603308007799,0.9815582586928463,0.9330651706008962
2_87_87900,0.6122376071745343,0.5187659357470679,0.42175080206901067,0.482708543579393
2_87_87983,0.8355497139322715,0.7187560738581147,0.9639530174159578,0.9509283819628647
2_88_88065,0.7672377025874325,0.6238575667655787,0.7975033637314994,0.6742771982116245
2_88_88159,0.9492433699722924,0.8442820089601509,0.9723637975244547,0.9097104741650153
2_88_88163,0.9050700724296061,0.7239350691796492,0.9592128306756383,0.8435631843740752
2_88_88168,0.3028533930713009,0.07801075593691462,0.3307503471533426,0.20889721507661335
2_88_88198,0.8544788212709731,0.6227778580719757,0.9078008205474063,0.7219389852808157
2_88_88294,0.8539443597560976,0.6239364950132302,0.9689834063063395,0.9164080682699767
2_88_88308,0.8966064649718164,0.6445038948776458,0.9870146501383055,0.9528310715956949
2_88_88416,0.693462783171521,0.8501818438614456,0.5360466950623126,0.6297698805709292
2_88_88528,0.8767619569519286,0.7428308070462925,0.7345406213656753,0.7139594633171568
2_88_88618,0.9537265097609925,0.7584664885204777,0.9712312184006267,0.79242241031842
2_88_88645,0.8582548949521427,0.6301101461554756,0.949494044953882,0.8795872259876656
2_88_88911,0.7616301798279906,0.5143054383677227,0.9869882576959695,0.9741436758629881
2_89_89063,0.5174509612092159,0.22490486438721263,0.9587406489513057,0.8621492513347517
2_89_89079,0.957189106836793,0.8498331479421579,0.9715976801461825,0.8992850268114946
2_89_89090,0.8863419024582325,0.7120652807460657,0.9359074026086205,0.8402276874945686
2_89_89100,0.5924213196628174,0.42071015424164526,0.654826638601415,0.510001626280696
2_89_89169,0.8569512260556956,0.7547489823609227,0.9208748003440226,0.8771631644004945
2_89_89210,0.9214585043418153,0.8488618867296409,0.9109067261241174,0.8340730195947078
2_89_89214,0.32368516880819853,0.0,0.2857721146326878,0.12439348281321824
2_89_89218,0.8993230297611444,0.849815216006117,0.9643967533360848,0.9328182734296271
2_89_89250,0.9402828706128863,0.7892085716725007,0.9773658775310454,0.8528550512445096
2_89_89272,0.5810321111094676,0.3240992044922789,0.8176730732954665,0.3969840826584753
2_89_89273,0.8325106698830952,0.6328142837572492,0.9747776450285411,0.9330428800733777
2_89_89281,0.8199485567304944,0.4877126654064272,0.9140687878950475,0.753762421143776
2_89_89283,0.9498576204036152,0.8618774842179098,0.9858875318285788,0.9485738980121002
2_89_89299,0.8426582969432315,0.6315534568349679,0.9661892338001171,0.9353974071440293
2_89_89301,0.9177503250975293,0.788704390348756,0.9516592631303893,0.8518915443146501
2_89_89348,0.8643760292516817,0.694951907559228,0.9275701673891719,0.8755288276633684
2_89_89429,0.888846665399962,0.8355426677713339,0.940261356565028,0.9086635811397166
2_89_89433,0.8122721749696233,0.8501732238621802,0.827717253610337,0.8690528366204042
2_89_89460,0.9066671948659034,0.6353971548625525,0.9530998218980579,0.8087561164048416
2_89_89464,0.8784351334369522,0.7526412819967383,0.9283186809178127,0.8664447050811547
2_89_89493,0.94359135067377,0.8171416327405185,0.9547212242547239,0.7754392144775659
2_89_89660,0.5767731878409976,0.24282771441491233,0.9782892395301934,0.9359394297374215
2_89_89673,0.9131725508476656,0.7134126197555335,0.6937710707978809,0.522473395465662
2_89_89688,0.21732638635105928,0.07905749636098981,0.002142464030191053,0.5042342426799162
2_89_89851,0.9295901787326232,0.8661479279594335,0.9867498799807969,0.9678838951310862
2_89_89895,0.8510988129611806,0.7828282828282829,0.9417380002689015,0.9187380497131931
2_89_89905,0.20225569601090002,0.3017495534657514,0.0,0.0
2_89_89940,0.0,0.0,0.0,0.0
2_89_89952,0.8646933470716344,0.6214129591764789,0.9629355469782689,0.8212974818608622
2_89_89954,0.8651969033995288,0.6420368450434644,0.9374828291461889,0.8009476534296028
2_89_89955,0.9108448481334751,0.6929242807385848,0.96523482047206,0.8119712689545092
2_89_89991,0.8577885569396979,0.8351851851851851,0.8831892251413369,0.8864205969469128
2_89_89997,0.8880837359098228,0.8296129086196806,0.9549655273580754,0.9355479966426646
2_90_90039,0.8032293713163065,0.7421558466032224,0.9207761890866647,0.8808333333333334
2_90_90079,0.331451252236136,0.2264497262319562,0.07984832216589423,0.13574102620568157
2_90_90119,0.6500526216369377,0.14424799904431967,0.9874080016742823,0.9169554040460489
2_90_90135,0.7772168568920106,0.6782470573860628,0.8017082336863683,0.7742647411601017
2_90_90287,0.8926382529059528,0.7359378372544787,0.9326208004783437,0.8015506655313046
2_90_90306,0.8671607225567393,0.6994593389443174,0.9117603145374011,0.7900911854103343
2_90_90342,0.7570713442676326,0.5614048719841486,0.8912484924754863,0.8298219513365648
2_90_90354,0.870166379804934,0.7825772200772201,0.9610167342799188,0.9546927285281777
2_90_90390,0.8781888765647282,0.8490559937928359,0.9263230122652029,0.9234140871869797
2_90_90392,0.9430850185233253,0.7563182369591589,0.9834367493995196,0.9248646209386282
2_90_90393,0.11854143479655166,0.02692797960484385,0.12929855763793938,0.01307089035829617
2_90_90407,0.8237322893363161,0.8152912944940675,0.9415885332471171,0.9395096167963588
2_90_90434,0.9208695897045985,0.694150992012368,0.9590284225343676,0.8620516427207877
2_90_90503,0.8345409598499701,0.6448945531785768,0.9486557509601778,0.8741586783601877
2_90_90567,0.8945150911597978,0.878956372968349,0.9386640178793146,0.9368017342004336
2_90_90626,0.899272626829942,0.7447175152833053,0.8782486153442794,0.7336442862403338
2_90_90635,0.20358237255997427,0.1285700617136296,0.2724635986199637,0.3210981572019556
2_90_90658,0.8521117436780088,0.7515030799306555,0.9407650166307964,0.9251145190201155
2_90_90674,0.9432909218640231,0.8131382113821138,0.8834002304971585,0.6133630053515604
2_90_90726,0.8542191753200927,0.8066223607598659,0.9369718309859155,0.9667490890161374
2_90_90771,0.6995870441315488,0.45901289386047306,0.7233020001413527,0.7020757654385055
2_90_90800,0.7836620790258134,0.5824536944831706,0.8177812522208798,0.6496054595862657
2_90_90859,0.37451005183967634,0.11771486842980336,0.2625279483266494,0.12800205488248642
2_90_90887,0.199536126942822,0.0,0.2065648653792659,0.0
2_91_91016,0.4143689755660166,0.07445108599159614,0.3857355790728872,0.041976903206199664
2_91_91042,0.9082197614991482,0.8377404431458485,0.9458853298061993,0.8979692429022083
2_91_91073,0.8568392216134517,0.7838488748400693,0.8977301971280045,0.8669893123613632
2_91_91116,0.8552332391648867,0.6104790132899894,0.9196779698746012,0.7830338266384778
2_91_91198,0.2528807658833768,0.13937616539039446,0.0006469525837668814,0.5287989370101485
2_91_91391,0.9258308818927208,0.7958586540625703,0.9506809467142668,0.8852244772447725
2_91_91457,0.9467000926481007,0.8714744994885284,0.986235650237021,0.9705452587864339
2_91_91491,0.8094028995003686,0.7466423478693417,0.9303816191697071,0.906664200727452
2_91_91603,0.3946979729041459,0.15686029043565347,0.6002513154794629,0.34639480578653603
2_91_91635,0.10890318076236255,0.08963700234192037,0.0017877931149176784,0.1262554283127379
2_91_91646,0.6973522621211377,0.3225473048179361,0.9709294296367905,0.9784308048639259
2_91_91670,0.6782155982033483,0.2842301312458167,0.9649857848271735,0.8609125597893266
2_91_91717,0.83911249149081,0.49277671553006164,0.9762652616647246,0.9135478525065599
2_91_91732,0.8593723301247366,0.71225913228514,0.9625845913586674,0.9196787148594378
2_91_91853,0.8902654867256637,0.6818613960470353,0.558282208588957,0.4701067783056588
2_91_91953,0.021148431873240357,0.01645376284365454,0.34861390388829894,0.03290111488124091
2_92_92067,0.6311689617046939,0.48434367676539514,0.9550421479862629,0.9659183121449825
2_92_92133,0.9605323718932188,0.8190573201222335,0.9853621569878749,0.9614506451441619
2_92_92143,0.8306413426632293,0.5802622169249106,0.8785944363103954,0.6796126349946763
2_92_92154,0.8462182236635631,0.8265685148916053,0.9375146267259536,0.9263981454650826
2_92_92179,0.9208589442583164,0.7917671702424781,0.9271473249190215,0.848178833828357
2_92_92216,0.14055764945963392,0.18558781707261135,0.08940056906486861,0.11982978046452435
2_92_92253,0.37006050129645635,0.42905921466439034,0.2980514726586698,0.42214854111405836
2_92_92269,0.9475814511293225,0.8675121951219512,0.9156045108838186,0.8008273877330775
2_92_92287,0.47417116422513494,0.26971523161679123,0.2160173613424582,0.07643129085554198
2_92_92300,0.9139495493315589,0.6717408769926847,0.9600193143408982,0.7370136742728928
2_92_92306,0.17350875839185123,0.21947166491532466,0.00513287920944066,0.5955975425272452
2_92_92312,0.5050640264693254,0.19995069793239453,0.9649200274752232,0.9165420126889152
2_92_92517,0.9529643842372124,0.7991232342912811,0.9810427306225354,0.9013890325026712
2_92_92558,0.9441746450210443,0.7854505494505495,0.9872366337839483,0.942748833592535
2_92_92577,0.6031031843588376,0.33110797278212867,0.6457232434072463,0.37131371709117267
2_92_92678,0.4669816756943644,0.3414085593111425,0.5058007566204288,0.4454744090578031
2_92_92683,0.8704299744161096,0.8160143412010756,0.9286821705426357,0.9071631755883114
2_92_92684,0.47868826041414875,0.31828028661889685,0.0,0.0
2_92_92712,0.6573331127471255,0.6043443974478457,0.6895062805303559,0.6636745743392463
2_92_92797,0.815445321307779,0.7228825805248683,0.9434138529294007,0.9249159506910721
2_92_92836,0.8112975168097997,0.6679832140212293,0.9766848816029143,0.9413346613545817
2_92_92852,0.89364340046242,0.7563420932705454,0.6480041472265422,0.6312463708713324
2_92_92860,0.3432208860068124,0.02051376339567136,0.0,0.4773128567322301
2_92_92935,0.9511323482171539,0.7566160946629351,0.9928572933566507,0.96163215590743
2_92_92937,0.8850248893805309,0.8446471003789096,0.62147690934781,0.5213482017279486
2_92_92976,0.9661071659134925,0.8591319804473412,0.986378822924698,0.9440075003906453
2_93_93105,0.746326071922545,0.7133595818342271,0.7533739974064646,0.6872460255222071
2_93_93142,0.9032042723631508,0.8101031166724597,0.9621717131154124,0.9033094341151213
2_93_93275,0.7734252993232691,0.5454823621978406,0.951131221719457,0.922441455588175
2_93_93311,0.20233286586441163,0.0,0.23215524550990518,0.0006995962746498375
2_93_93335,0.7426080115387137,0.564090655768159,0.8413487206866812,0.7198055271238485
2_93_93337,0.9258523095536447,0.7834564611844496,0.9814694408322496,0.9380276028406807
2_93_93365,0.8356844413188268,0.8012370143517684,0.9514475127581438,0.9174200335316742
2_93_93375,0.5754669048022294,0.3641631114197837,0.670615512806579,0.43309859154929575
2_93_93399,0.7740574742947535,0.6990645822655048,0.8054559184444025,0.7586921636801284
2_93_93506,0.7733852535342419,0.8361264474519959,0.8973723351512147,0.9383084577114428
2_93_93515,0.9435244999858953,0.7937453855078578,0.9773983070773572,0.9111552653988079
2_93_93571,0.6343925296429411,0.21646966278179147,0.942261050984483,0.716170523105483
2_93_93663,0.5619141769185706,0.4029424908047162,0.6053751672139122,0.43042460945564653
2_93_93686,0.8777499727994778,0.7383224390476645,0.8400184753014391,0.7676336879598818
2_93_93781,0.3035898898434993,0.021301370926423327,0.24660945780283214,0.012129315696480588
2_93_93790,0.9280298397945457,0.846967817266292,0.9822066367945971,0.9678469047803517
2_93_93798,0.19526824391869377,0.05540217191238726,0.18139743403789607,0.10138686453778543
2_93_93890,0.9662047342093296,0.8215088938867308,0.9707598057162383,0.8348390446521288
2_93_93933,0.9164457990988604,0.8467861997540294,0.9737707261292167,0.9568917018284107
2_93_93961,0.9338636784853799,0.5345670960378281,0.990962432370647,0.8115250603055482
2_93_93978,0.8552651829962754,0.5604197067611701,0.945336977534831,0.8481183443357587
2_93_93981,0.8867654706188247,0.8302940866448825,0.9715061058344641,0.9448902262342583
2_93_93988,0.8690131295074893,0.7908713692946058,0.981263647249419,0.9561398505675013
2_94_94015,0.920804294908133,0.7738263147289945,0.9808736293366889,0.9235919866083482
2_94_94088,0.14846848078763844,0.3596217105263158,0.0003238575026988125,0.05999030459723681
2_94_94130,0.935048115086273,0.7886331122382625,0.9681651267472163,0.9005737727638108
3_100_100061,0.9519009577983186,0.8151901901901902,0.9555400878757558,0.8403264152155754
3_100_100070,0.9149912216118253,0.7802542892156863,0.9746994602551521,0.9421113785376379
3_100_100074,0.7113870381586918,0.7102756039469207,0.8937373737373737,0.8820309292459285
3_100_100139,0.8337621799468511,0.5786068903264631,0.979256872419696,0.9339114623400238
3_100_100159,0.9281093616501892,0.7204269049391908,0.5494718632872907,0.4186411889596603
3_100_100170,0.9297819218277028,0.8055670037726278,0.9732303311783789,0.9257383411168848
3_100_100376,0.41108840061318347,0.5478394384733494,0.45100830367734285,0.7141688099134907
3_100_100391,0.8251990308065075,0.6047673711931933,0.8950470875479596,0.750196621849369
3_100_100396,0.9359850839030454,0.8223408799658266,0.953634047654728,0.8661278988053408
3_100_100461,0.7370910090734122,0.44402096236303,0.9075313211845103,0.7986506430529201
3_100_100465,0.9182097132578563,0.792837316363144,0.9539436137427234,0.8683224336835917
3_100_100486,0.9026190354159193,0.7605894402960418,0.9489952783573076,0.8417133536628608
3_100_100517,0.9195964153662969,0.7888701517706577,0.9581860620206736,0.8911465892597968
3_100_100631,0.8572681660292621,0.6430215242994449,0.9215110431669148,0.82244454550048
3_100_100633,0.9317264162486235,0.7970823077384883,0.9471346643094304,0.8392093051286688
3_100_100791,0.6596984924623116,0.3867457392906495,0.8507191128054064,0.7411562397641664
3_100_100991,0.9196278333168366,0.893431138218083,0.9706812908669057,0.9561261797466202
3_101_101034,0.8477189870923244,0.540220037875372,0.9717752271367948,0.8957257444236897
3_101_101035,0.834705734826952,0.5285853941127485,0.9685962550483417,0.8932715640855945
3_101_101060,0.8995011264885742,0.7880060773974439,0.10805326324333726,0.03009581881533101
3_101_101115,0.9237829752515637,0.7313097794261175,0.9722936510810909,0.9107817167333596
3_101_101314,0.17236625435606787,0.10472488194317618,0.22183369292959354,0.17955173472520725
3_101_101372,0.6299627853290612,0.3951443643995689,0.9780934343434343,0.9408181026979983
3_101_101389,0.3237168102299973,0.102863575599803,0.33455140693264473,0.22841656038457764
3_101_101394,0.20727634271593498,0.07481409830119098,0.002502250225022502,0.5722667622161508
3_101_101403,0.8854476028850233,0.7756006045130023,0.9528457429268614,0.9395037951738983
3_101_101415,0.9104702022963368,0.8383696884797546,0.976148409893993,0.9615575221238938
3_101_101434,0.618867741779263,0.4379936297485563,0.6581598388179987,0.4986657771847899
3_101_101449,0.5284404771435434,0.2462128817794436,0.7917293002423536,0.4701641852527511
3_101_101455,0.01722448979591837,0.7671118530884808,0.0039329949447630425,0.5615562266832475
3_101_101466,0.9515707021672234,0.7091366303436715,0.9891681183917761,0.9315425865983864
3_101_101469,0.13138868927070405,0.2898205720376621,0.004388489208633093,0.04614068748699693
3_101_101470,0.5127711686494052,0.3724362825023599,0.34494913439228986,0.2052875849494447
3_101_101513,0.6585955144702978,0.17786657967705105,0.9340621919526839,0.6507974291835278
3_101_101693,0.12392002699015739,0.0,0.13920379646717637,0.0
3_101_101770,0.5557448685054522,0.3879386873409481,0.727525211670172,0.6256303767428063
3_101_101797,0.4572235673930589,0.6353188024552173,0.6777302991155719,0.7991789386463787
3_101_101875,0.903954802259887,0.655498482372169,0.8357778857050349,0.42052890386030123
3_101_101902,0.9175114039533705,0.683991374823407,0.9853472830850132,0.9482244384378786
3_102_102105,0.5072618351841028,0.3885320528810177,0.5308427320705944,0.4995810185903603
3_102_102136,0.7389911293525752,0.3340174966352624,0.9645642651091563,0.8908632166630879
3_102_102292,0.8697222643800273,0.6208711508972605,0.9213109243697479,0.7387166363521002
3_102_102440,0.9104293821608309,0.7922327566546118,0.955398260276309,0.9014428871517615
3_102_102445,0.7585034013605442,0.8116969428444838,0.9285839929639402,0.9577292718683825
3_102_102510,0.8295475702848631,0.7314481185860889,0.9500218245307726,0.9577716326765756
3_102_102736,0.9505070447814772,0.6651049009038892,0.990168012014267,0.9411404388016483
3_102_102751,0.5929059067972692,0.7325815399677285,0.7487862707463023,0.8648939169662367
3_102_102768,0.7951451773091079,0.5418420279925614,0.9540506556493623,0.8888322067763466
3_102_102820,0.543501326259947,0.43775722441031995,0.9475166651018684,0.9327567712523465
3_102_102824,0.8572783718523629,0.6732663514578409,0.9170088401526496,0.814933675652546
3_102_102831,0.9389647895146063,0.8917391545237964,0.9737291629852153,0.9656792528505128
3_102_102948,0.8729134446162872,0.8200683043531023,0.9421876839750383,0.946691282524664
3_102_102983,0.7579171617026507,0.8444623069414939,0.9235863210719644,0.9678915219546516
3_103_103048,0.8900115277683597,0.6880663361258335,0.8562261880890315,0.6585883351407421
3_103_103161,0.915018315018315,0.8427192982456141,0.9616028354829181,0.9310408578295434
3_103_103198,0.9095562380380113,0.8042316847394869,0.9640133460438512,0.8953171051195284
3_103_103222,0.6978849389763361,0.43727128869548015,0.735015553182599,0.4536751704976004
3_103_103262,0.20717001790285114,0.15747336316391436,0.12441326401857367,0.2196576864595111
3_103_103279,0.8143883251624672,0.6630006415543946,0.9029973109464157,0.8099177827188583
3_103_103291,0.9318582732725165,0.8480354505169867,0.9796224796224796,0.9439058593988171
3_103_103299,0.9584474404887298,0.854593572778828,0.9825801150369762,0.947462589459987
3_103_103319,0.9164782149856777,0.8614888546193747,0.9258966661399906,0.8897101449275362
3_103_103439,0.8450272479564033,0.8044069385841538,0.702316748955564,0.6672500345415189
3_103_103474,0.9081793921807394,0.6742812671671855,0.9290650082389836,0.7409858401051044
3_103_103561,0.7854915916105057,0.6538812061655506,0.8445150214592275,0.7300531375491827
3_103_103660,0.012958403524685759,0.0,0.015410546592824464,0.0
3_103_103713,0.24638681162933815,0.41151762581455603,0.2581686481379419,0.39825735841037085
3_103_103778,0.8696400486661325,0.7121895402840412,0.9701010101010101,0.930659710900989
3_103_103795,0.2759368712273642,0.033709503928825366,0.22980407678606768,0.12402593709117797
3_103_103946,0.35157954899719424,0.32008252695202394,0.42633382280959375,0.30534583821805394
3_103_103951,0.8664959765910754,0.8102120294244916,0.9343707713125846,0.9179760568649458
3_103_103967,0.35269358999502165,0.17920184190330007,0.45457740977972194,0.22526514258779165
3_103_103969,0.6124579355813474,0.37241582988777316,0.9245974039963376,0.8724203518782692
3_103_103970,0.9606776499844576,0.9126562627665659,0.946457262210797,0.8894758563763929
3_104_104060,0.8284324986599281,0.600489396411093,0.8562220306277456,0.6377940049219348
3_104_104066,0.552900118657081,0.5765177249368522,0.5749259039715471,0.562706829611486
3_104_104094,0.8785026459616553,0.8214446782922429,0.94232602478551,0.9173777813222745
3_104_104344,0.8385912008041444,0.6984982529179986,0.9317927359039814,0.8848917785952605
3_104_104351,0.353939654079154,0.34417708636231464,0.36005785824729414,0.34020392156862744
3_104_104400,0.8562274589446409,0.5184712073987021,0.9703673961051997,0.855386335056588
3_104_104428,0.9018150857231317,0.8015873015873016,0.9363932802245428,0.8787699586043761
3_104_104455,0.9656175162504277,0.9125147960830733,0.9671450651357916,0.9131707317073171
3_104_104464,0.9374222958972234,0.8160354156419085,0.9817672536763752,0.9115612648221344
3_104_104507,0.9554980595084088,0.7602626562169031,0.9812851853730283,0.8653102039041781
3_104_104547,0.8571235347159604,0.6963110495323865,0.9058267563090714,0.7732328167899856
3_104_104577,0.7266803840877915,0.48736383442265796,0.9688355360913428,0.9107063086315581
3_104_104580,0.10972478621596961,0.0,0.11968752906165721,0.12017821016979974
3_104_104584,0.20727443609022556,0.0,0.004642874343784617,0.43325561060915185
3_104_104639,0.816243691947634,0.671280276816609,0.1623425748742824,0.32841171466763885
3_104_104650,0.8811081663077688,0.780840905590636,0.9281121628862297,0.9066968820817379
3_104_104668,0.8622859140160783,0.8421005811884711,0.9278959810874704,0.9190486649305011
3_104_104715,0.9557508043701163,0.83370915208132,0.9869990568305809,0.960322952710496
3_104_104800,0.6093574190380721,0.30889114468262974,0.9373931904824504,0.8399519684364011
3_104_104837,0.9404532304725168,0.93491183375793,0.9221875263735336,0.9270266144216579
3_104_104845,0.23999830838196734,0.05393968103584399,0.1579548337985283,0.0665288479609096
3_104_104849,0.8387444429475953,0.7951252279051915,0.93451745692941,0.9181585677749361
3_104_104873,0.45646077023052195,0.3566846145033795,0.5724954931753798,0.4020395920815837
3_104_104957,0.8976476925839468,0.8541154019986943,0.9587737149609401,0.9642272991083206
3_104_104961,0.8932443703085905,0.8409494737801266,0.9205139868091881,0.9019827908716798
3_105_105166,0.8040412024800534,0.4885195785091713,0.9604694634265927,0.886460638634208
3_105_105268,0.2220910700503927,0.003730106100795756,0.00013577337484119365,0.3737616813058998
3_105_105297,0.6712754642886362,0.6355927848296418,0.4207650273224044,0.5833538234570936
3_105_105346,0.557804535716924,0.5608536739066504,0.7182544716478498,0.7370317854188821
3_105_105395,0.19790629457197448,0.07463536301035623,0.32257067820176116,0.14353284671532845
3_105_105409,0.9298423995932893,0.8559630401897053,0.9623563833583101,0.9182096144046203
3_105_105413,0.8665801908644492,0.7738945821255052,0.9271642688856584,0.8806788511749347
3_105_105455,0.7228475813811986,0.7553741215378256,0.9139280125195618,0.9724990035870865
3_105_105499,0.853212384736487,0.6812522490104355,0.9368322078810155,0.8815133856937759
3_105_105656,0.9012515788265013,0.772100901890766,0.9471187559295466,0.8925872093023256
3_105_105695,0.7748860683213439,0.6070369421154761,0.9772125452469451,0.9075981825543209
3_105_105736,0.9264104271715345,0.8207114982184266,0.9640430063901004,0.9110515341078343
3_105_105778,0.3220989206294161,0.39473800967212386,0.32299656175614916,0.4131189760799157
3_105_105937,0.34248770715716625,0.3018616542436354,0.9798163653278323,0.9215241551372193
3_106_106116,0.7957811328836064,0.6234196980465637,0.9714324034334764,0.9024679991684239
3_106_106139,0.9230821684282304,0.7034994419276476,0.9682296231375986,0.8175349087003222
3_106_106188,0.08787864956562752,0.3353665298879894,0.0,0.11281814331369605
3_106_106205,0.8468573328899235,0.8351103628881407,0.5007451564828614,0.6131763332035811
3_106_106215,0.9470187982931612,0.8017843464155364,0.8663883593542627,0.6746006642416574
3_106_106219,0.8820985724705637,0.7930608365019012,0.9108603017390303,0.8575754662564892
3_106_106258,0.8927518796992481,0.879001987193641,0.940515617897266,0.9327405380756953
3_106_106263,0.9200364411868232,0.8673025579192145,0.9201780282698158,0.7917671139413236
3_106_106276,0.7285929987682283,0.4119473236192479,0.7475409154241272,0.45631663364468344
3_106_106307,0.7057777777777777,0.6849428676741615,0.8785854616895874,0.9375963020030816
3_106_106331,0.8989135746776437,0.7255556835195209,0.9527274222057796,0.8605186621425109
3_106_106354,0.5132214826297073,0.28181259745782733,0.9500378819765973,0.8716506943086251
3_106_106394,0.8471129867638596,0.7318785183125999,0.896702815204294,0.8663948189014152
3_106_106509,0.9409034946491145,0.9087597150259067,0.957026256269053,0.9385382059800664
3_106_106740,0.6120733325292486,0.4198461346009507,0.9522925742864399,0.7537649508498377
3_106_106954,0.9639360229661147,0.832852193995381,0.9843353090601186,0.9292106400049374
3_107_107016,0.9321101269220445,0.7508565834557024,0.6814442879595044,0.4811702966527993
3_107_107056,0.5956755093011177,0.3423586262864731,0.6465575006281933,0.5135528229538543
3_107_107058,0.8229597813354158,0.6248987564914955,0.8880599364119999,0.6626496113190474
3_107_107068,0.9248886644323033,0.6930192224309871,0.954925516578568,0.7751595127610209
3_107_107069,0.9521255029161338,0.8369274903551291,0.9694420991102163,0.8757839987761971
3_107_107071,0.8926735431660642,0.7612430111012074,0.9398897257558831,0.8698781838316723
3_107_107090,0.9784863618901268,0.9013371150729336,0.9873372633528646,0.9462145571470331
3_107_107210,0.9324146086323737,0.7883094785306776,0.6990161747540437,0.53574477994256
3_107_107211,0.9378207658902488,0.8394832768433843,0.9788275495832468,0.9429461623504976
3_107_107270,0.8880866425992779,0.7224304281955187,0.9645311049210771,0.9496312568648988
3_107_107390,0.8182845154522714,0.853880651656599,0.9375360369017874,0.9562281263863558
3_107_107466,0.44191314754658917,0.3252153805989632,0.4681469813092605,0.4450384360245054
3_107_107486,0.7936691498803217,0.6336004996356823,0.8437718418573555,0.7252986831778147
3_107_107505,0.7903056979521726,0.479164888926814,0.8630191560705156,0.659191799002334
3_107_107615,0.9252333333333334,0.8252902155887231,0.9755804926247441,0.9415104304198574
3_107_107623,0.812059186189889,0.6318827255082236,0.9409542465370085,0.845191288591063
3_107_107692,0.939309970116816,0.8053622867272324,0.9710157270198149,0.9066981132075471
3_107_107694,0.8785239928680327,0.36916278514272066,0.9358530594015185,0.5538700107874865
3_107_107745,0.7700190308885961,0.6718720171051125,0.9148818994003182,0.8763806287170773
3_107_107883,0.7762793410118093,0.6253609097872842,0.9253482870410935,0.816977976024533
3_107_107888,0.5771708521390271,0.4587086092715232,0.29539999020232205,0.34640201991864217
3_107_107891,0.8968506889118005,0.7039672601777479,0.9610790774299836,0.9103513712047012
3_107_107892,0.5449701214174247,0.422371831342057,0.6664144519057977,0.6040157250073102
3_107_107913,0.8863113424616197,0.7682535913569987,0.9560248867820713,0.8710018288965657
3_107_107934,0.9349724141625154,0.7342184368737475,0.9801464095479534,0.9160579641847314
3_107_107985,0.6168680822227242,0.1728535456096174,0.9754540550260744,0.9507505820020872
3_108_108132,0.751810595198706,0.5617029958853335,0.9307909604519774,0.8629586713016608
3_108_108164,0.9411618298571357,0.7463321063818756,0.9513002975805408,0.7783021314110875
3_108_108198,0.7620004099200656,0.5486256819135543,0.8317450232952139,0.7482154932752273
3_108_108227,0.895203585391437,0.7591713221601489,0.9292360177814535,0.8727031441404655
3_108_108284,0.07056739256541712,0.16629461912962137,5.017183854702356e-05,0.08767303889255108
3_108_108347,0.6270966200170268,0.5093808323237615,0.6505516455735709,0.5983269383663452
3_108_108360,0.15436757813623164,0.0,0.0014179211945986065,0.3128498344869094
3_108_108436,0.28360965035526475,0.11020912201145819,0.9844101123595506,0.9619276708692767
3_108_108450,0.9755918324497401,0.8986699729486023,0.9810271156378491,0.9179519522963133
3_108_108487,0.8817919612951247,0.8053107015371166,0.9674926588017104,0.9547705641105007
3_108_108559,0.8537063241536954,0.5991548742138365,0.9562587249883667,0.7704582815444448
3_108_108588,0.8485068111812087,0.5837174447869242,0.7705210229084973,0.4447578065941734
3_108_108638,0.8793736965804893,0.6751602133619863,0.9572186560795518,0.9273051114240742
3_108_108679,0.9348941469489415,0.8104938958773981,0.9595401456031006,0.8784680916382056
3_108_108707,0.8468664511315593,0.719278350515464,0.9301656372824256,0.8482948990741274
3_108_108793,0.7572766547885592,0.41012173913043476,0.8452716944732236,0.631193329015544
3_108_108853,0.026085378578233454,0.08849987222080245,0.0,0.05539393456342406
3_108_108866,0.5366305739278856,0.1951908251476881,0.001330916916803534,0.4153458276767926
3_108_108926,0.19942110731779725,0.16118977647163593,0.27540608079966683,0.2622547981188832
3_109_109071,0.9196819415969413,0.7560093684513293,0.981601607347876,0.9088853815637931
3_109_109104,0.9376064494152379,0.8121965573046932,0.972856630395791,0.873899631329471
3_109_109147,0.35133246616428193,0.03154996066089693,0.2837005369195294,0.0
3_109_109164,0.8996882654197284,0.7437211093990755,0.938870190120986,0.8391115926327194
3_109_109182,0.7998241576375061,0.3849814565624077,0.8748627881448957,0.6589787970575508
3_109_109191,0.9193880872301182,0.7547296166080697,0.9491277367989697,0.8396074933095451
3_109_109233,0.8771725032425421,0.7106598984771574,0.7757009345794392,0.6855993190435657
3_109_109239,0.9183021991014424,0.6583854779753423,0.9601072118681044,0.8387946543305063
3_109_109241,0.3348963323887382,0.24823452409659305,0.3597739963362687,0.34247790882537804
3_109_109254,0.5357442587930114,0.24215799614643546,0.8736934980317632,0.7777364110201043
3_109_109297,0.24954356988073098,0.1854892179458845,0.32210356999240425,0.2341038015409364
3_109_109356,0.9247489239598279,0.7371791140345771,0.9636454952866635,0.8663336663336664
3_109_109377,0.6960045721411129,0.5216100908922278,0.9305182062649902,0.7016653359187863
3_109_109424,0.7489878542510121,0.8461705359080061,0.8506251166262362,0.8955605237943149
3_109_109435,0.941888045540797,0.8458714004857176,0.9545577862181226,0.8701358908237475
3_109_109506,0.8749522150957821,0.7511382747446573,0.9284486873508353,0.8558332960694004
3_109_109647,0.8543788187372708,0.838898756660746,0.9552675177857909,0.9529970094916136
3_109_109655,0.4889299060746856,0.0958411214953271,0.18002642899316781,0.08878846455253121
3_109_109674,0.6607878208061229,0.3998017660839791,0.9127028890142257,0.8080371969445367
3_109_109799,0.8492138499871122,0.7450366564991705,0.9142431504631129,0.8758556839860846
3_109_109851,0.893311282616685,0.708343271478319,0.9862757075951945,0.9613583138173302
3_109_109921,0.6221968438538206,0.4724648985959438,0.9588112042346714,0.9030033513792215
3_109_109932,0.870402078290134,0.8602688340106284,0.9590514362057448,0.95559245540086
3_110_110340,0.13596036843790615,0.09060061079063454,0.0,0.02415994623655914
3_110_110554,0.8382742588611708,0.5724025311288018,0.9065229257641921,0.7346169314297205
3_110_110864,0.9480545884266436,0.8415325955547289,0.9665292004789144,0.8156862745098039
3_111_111113,0.5445512981890808,0.7165020343710738,0.4849130334840242,0.5658713322050867
3_111_111124,0.3762262888141325,0.34762838102704824,0.38316073840612336,0.2795118711605512
3_111_111223,0.8560391267366033,0.7667878676301376,0.9066719936076708,0.8568169473112439
3_111_111246,0.9059997585610237,0.7023488255872063,0.9149384734532312,0.7621813670200767
3_111_111383,0.9137657630446273,0.5105338992951439,0.9493211562767562,0.8385870633724359
3_111_111461,0.8085722160970231,0.7319949012109624,0.8766860821581851,0.811919770773639
3_111_111687,0.7411260558321567,0.47451026669813545,0.7773979751591692,0.5664277379563261
3_111_111694,0.9400386847195358,0.7661045780637527,0.9671174434516623,0.9197576928141873
3_111_111750,0.9413183605626951,0.7240126676602087,0.9723902690178916,0.8625478174291255
3_111_111870,0.9416034312108215,0.8913237924865832,0.9308370548494217,0.8658401593978304
3_111_111873,0.9408161371159856,0.8305346203005862,0.9789907716473591,0.9475593516094962
3_111_111877,0.4386528326745718,0.15101662281630227,0.014573828662466507,0.39158851356959085
3_111_111955,0.9653651540980058,0.8550872968091511,0.9844698771581274,0.9348828396387292
3_111_111956,0.8162872565125557,0.5179302643007817,0.8797721674876847,0.6485454419218218
3_111_111962,0.873375812093953,0.8322171403680715,0.6513907565999009,0.5735504885993485
3_111_111965,0.847876544758798,0.8299207109871918,0.9230715385692286,0.9179580250360649
3_111_111980,0.8853412332675006,0.9072531943296676,0.9466323150533676,0.9603980367108182
3_111_111984,0.7651664540076557,0.4559257697174188,0.10711501607821483,0.10311986863711002
3_111_111987,0.0,0.0,0.0,0.0
3_112_112024,0.9651355314820947,0.8571289537712895,0.9919623603215055,0.9602580108198085
3_112_112102,0.44861869870284543,0.2893224284625368,0.3860642968418071,0.05676620930858219
3_112_112121,0.9375124616182159,0.845310400429992,0.9434966676447164,0.8481292059219381
3_112_112122,0.9211195928753181,0.7691956905888389,0.9078415841584159,0.7057375171781951
3_112_112125,0.27297162029399225,0.042838465604050184,0.9214200110128591,0.7125
3_112_112131,0.9131455399061033,0.6513480632628232,0.9556035988819007,0.8236749116607773
3_112_112135,0.1209944161894939,0.0,0.17525242118277354,0.018083832335329342
3_112_112198,0.8248500534056363,0.32160430018606573,0.9838753622470463,0.9358480882730306
3_112_112202,0.0,0.0,0.0,0.0
3_112_112244,0.3136357577642511,0.26067304327539953,0.3148662041625372,0.2361694009919878
3_112_112493,0.9265174848047099,0.8097506304286916,0.9625450738629755,0.9039557492457257
3_112_112621,0.606970767748153,0.4527765942337736,0.7472782793414764,0.6515415939499709
3_112_112691,0.5917951567347317,0.5630574950723282,0.9005950564540739,0.7572596836589786
3_112_112751,0.7369601132877036,0.6640929064657878,0.88875,0.9278006166495375
3_112_112855,0.31022028535609814,0.0,0.3200973258490987,0.0
3_112_112861,0.7294584589550814,0.43538070902838044,0.7583585400282316,0.497363174480674
3_112_112981,0.4845040169604999,0.30710669559590426,0.5003623713581679,0.28742379769699705
3_113_113361,0.001039041429013574,0.009943339628930119,0.005747888756245302,0.008419291887371063
3_113_113371,0.8832342177493138,0.8617052446527981,0.9541858090862685,0.9224553224553225
3_113_113388,0.8444345295004992,0.5021659015969483,0.966794887703189,0.8465375162642764
3_113_113414,0.8482934397163121,0.8320958612070867,0.9122543497308799,0.8622635753508237
3_113_113455,0.25393968103584397,0.08993829636846429,0.0009967626512182655,0.4121829425576243
3_113_113865,0.09463250260848742,0.09918301901198748,0.004970695809280395,0.3939002002670227
3_113_113879,0.0,0.0,0.0,0.0
3_114_114100,0.6120953489374542,0.610957839518166,0.7639643404373868,0.6311215196461099
3_114_114110,0.573416943317349,0.3889746812713234,0.5777501244400199,0.4040433317633419
3_114_114352,0.9091115655532833,0.9041902431564459,0.9164619164619164,0.86
3_114_114436,0.18064397184656594,0.04378268574145308,0.18681852659524034,0.06852286308707008
3_114_114749,0.4641930257797631,0.391289021189926,0.45823249468059185,0.3461803693203586
3_114_114781,0.0,0.0,0.0,0.0
3_114_114842,0.872396694214876,0.5989277626288303,0.9629728735324614,0.8928803289331314
3_114_114960,0.9442132165023731,0.8456845684568457,0.9692225446769512,0.9181336161187699
3_114_114993,0.8561905536135274,0.7036015709868806,0.9399889380530974,0.8518933034881552
3_115_115015,0.6136670206354218,0.35263967196309587,0.9347501695681664,0.7846130930215238
3_115_115077,0.9421722254169063,0.8459267723658525,0.9584390022332412,0.889943259636079
3_115_115125,0.4397708427559174,0.2990371908627525,0.44356540084388185,0.3211496865491073
3_115_115151,0.7435061592835329,0.561190053285968,0.8007617056231797,0.7058965334361892
3_115_115358,0.9388338833883388,0.7980298134056083,0.9517518295447186,0.8395307539148684
3_115_115396,0.9173529237514071,0.8137254901960784,0.9414537809772568,0.8417390151766188
3_115_115537,0.9704764541541869,0.8797058022337237,0.9790980230642504,0.9156330316236451
3_115_115554,0.93291015625,0.8479661699556987,0.9884852925782477,0.9772549019607844
3_115_115555,0.9355527277205369,0.823776705720193,0.9789882928533986,0.8885564697083022
3_115_115573,0.9179068131392392,0.8639540070377162,0.9679141282274442,0.9465852130325815
3_115_115657,0.7437980378678998,0.5390812435285501,0.8444994085385525,0.7832538265679417
3_115_115743,0.8927188802858844,0.7948052870949404,0.9439756592292089,0.9164373751460556
3_115_115809,0.9620660694288914,0.8406622131861748,0.9757949553428563,0.8940413408498515
3_115_115912,0.6703341483292583,0.4674766355140187,0.757150960213921,0.48272442588726516
3_115_115926,0.8359138337260181,0.876577840112202,0.9223377132771131,0.9415293696275072
3_115_115927,0.7940615271315234,0.4887100960290683,0.9014361825341672,0.7278209376867496
3_115_115958,0.9320290751623879,0.8565481641828324,0.9542047607281113,0.897342365815529
3_115_115965,0.9200693851702966,0.7125980023627967,0.9800113031321575,0.9257620452310718
3_116_116231,0.923445671121441,0.8694399580950718,0.9524148449415354,0.9214558526173894
3_116_116237,0.8994644466832812,0.7838266384778013,0.9448527317267703,0.8747059551813793
3_116_116355,0.7563658279343076,0.7950195377177296,0.8571428571428571,0.9066351760277511
3_116_116365,0.7959170814693466,0.3007729360367425,0.9315969383963736,0.7193118412895226
3_116_116448,0.34455480781674647,0.3349097915571904,0.604414754574499,0.5509733282770826
3_116_116499,0.7149040711277492,0.4945736434108527,0.9889930697105584,0.9781536892213533
3_116_116634,0.22551448170731708,0.08023483365949119,0.014647823926029428,0.29401453029742314
3_116_116747,0.904045643153527,0.7988412388997185,0.9718421799602611,0.9454632055251251
3_116_116977,0.0,0.0,0.0,0.0
3_117_117086,0.6566313435890976,0.3037832036490475,0.932514614369225,0.7132721924208341
3_117_117101,0.8845049777072009,0.7183125599232982,0.9456772768350236,0.8064047899845777
3_117_117104,0.8144839782980127,0.6135208681682568,0.9449369547557659,0.8899290893155923
3_117_117128,0.3451340675125688,0.05206045730525772,0.35840701089236604,0.06733031674208145
3_117_117165,0.9520301070709213,0.7891512696373876,0.9803280505375153,0.8337197440415469
3_117_117200,0.2940419094215727,0.04422776269233934,0.636944256375536,0.36172643605204696
3_117_117213,0.9501251933132042,0.8327137546468402,0.9770243012198636,0.9224969187268904
3_117_117218,0.22167910266578186,0.17115171326834394,0.0036928043885087357,0.42267908493926776
3_117_117248,0.920434554489059,0.844390989175308,0.9634779202976599,0.897513452678226
3_117_117328,0.5949442477583298,0.310001482433167,0.9396069659690046,0.8638816265227791
3_117_117382,0.5476755447941889,0.37129194584225306,0.9348252846486063,0.81878159084863
3_117_117393,0.7606037838945428,0.5992632009823987,0.8953856405130768,0.8888888888888888
3_117_117435,0.49864082895976314,0.31519193926062583,0.5545272250501311,0.4223373361588572
3_117_117491,0.8710586534987353,0.6918482080112438,0.9655906931017533,0.9114203223995508
3_117_117677,0.7364608603546656,0.5481976044472463,0.9059254341820674,0.7047258517523507
3_117_117679,0.3278973718808515,0.19407831375030957,0.0003757822775296651,0.32854517178000847
3_117_117809,0.42725745946539845,0.4388048671048117,0.4347049517750523,0.4109338216060685
3_117_117819,0.32857473793942205,0.13912384296201724,0.5086679883812071,0.6272959552620161
3_117_117907,0.9253408613129918,0.7162458263772955,0.9256856931060045,0.7321663249750302
3_117_117923,0.9625796366909031,0.8257076189509993,0.9895651746912519,0.949455289498424
3_118_118110,0.8777235994135097,0.7521605686131977,0.9478078550301396,0.888731396172927
3_118_118188,0.8565981272323583,0.7859963512920582,0.9267584222385102,0.8718477322849746
3_118_118210,0.903141252340337,0.7370150328562427,0.9321556695881205,0.8582323492256585
3_118_118272,0.9523414836303357,0.8068844551633414,0.9747253458807278,0.8691038266109088
3_118_118274,0.8257912270960578,0.5117300637188646,0.9363771835416839,0.8104787904241915
3_118_118283,0.9550662472595558,0.8391955674122717,0.9629366208313577,0.8130522689830763
3_118_118374,0.7260036006443258,0.33496245612476117,0.7895190484399242,0.4412346656113969
3_118_118420,0.9233683264310251,0.8081332370463983,0.9725394979823542,0.9248201793280126
3_118_118428,0.8691827587651322,0.8034751615059034,0.8966516419832582,0.8755485184347432
3_118_118489,0.9205809641532756,0.8319439355075119,0.9422135161606269,0.8635519227196731
3_118_118555,0.9363594951633216,0.7781902993954972,0.9728664587468103,0.8991171459548764
3_118_118577,0.9545718027437257,0.8395846902417532,0.986484972095838,0.9539613684727452
3_118_118582,0.9291636673864939,0.808878224355129,0.9521706927985415,0.8868043774739713
3_118_118639,0.7868898186889819,0.7113502301160304,0.8733715476810839,0.8158005914659907
3_118_118675,0.8231654075395771,0.6097047682039565,0.8586100309103599,0.7607740872906945
3_118_118775,0.3126719564298793,0.057328145265888454,0.3164372731519747,0.0
3_118_118791,0.6144345812427634,0.20410216148580682,0.9484613870480939,0.8230248086952283
3_118_118960,0.7234075640706643,0.45367696750015357,0.984629915850936,0.9547715965626413
3_118_118966,0.2521431456740623,0.0,0.25801636571008657,0.0
3_119_119029,0.6240038307623901,0.3427752316730936,0.9584229585863261,0.8680498992583702
3_119_119047,0.9352158503282785,0.7537809029521737,0.9775558021950919,0.914838550653192
3_119_119057,0.9028843823220489,0.6686590593491517,0.9825141988283171,0.9437837039225826
3_119_119076,0.7911829448481742,0.6767158873393492,0.9114054034913778,0.8667864540440717
3_119_119106,0.44039472076255654,0.20129593810444874,0.2623779111732405,0.07698646095270568
3_119_119338,0.5982207030938044,0.3505641197497766,0.6410763071530439,0.4914844982453881
3_119_119619,0.04453020134228188,0.0,0.0,0.0
3_119_119650,0.6829750056977892,0.16692417219546185,0.43619901754085555,0.044858210909783564
3_119_119710,0.9485666782869862,0.7990336156284096,0.9379959908833786,0.7545402804366947
3_119_119732,0.9743849407279442,0.8973453641951092,0.9820964834560508,0.9309471439045525
3_119_119915,0.915372027288377,0.6601974659943218,0.9830512382972836,0.9280913638890292
3_119_119930,0.5454113090890561,0.3589048864244983,0.6362406762804574,0.4720369258006386
3_119_119956,0.9369087495858947,0.8414708218474045,0.9655664929550279,0.9150616802379443
3_120_120015,0.05391081871345029,0.0,0.0538900128747471,0.11604833780034796
3_120_120175,0.20092639258885928,0.14126063582102188,0.12906560513485157,0.10107718329920769
3_120_120191,0.8016085790884718,0.5273483947681332,0.9030192131747484,0.8066657447102752
3_120_120197,0.2761889884886208,0.09658121833872159,0.29716409002522093,0.0
3_120_120282,0.9614326028638122,0.8245863495346433,0.9907690084361508,0.9541560546422783
3_120_120394,0.5929212524875117,0.3777550666229584,0.8821663895560071,0.7522534535175209
3_120_120451,0.936261040235525,0.7671449951580245,0.9493759206140011,0.8200962149405464
3_120_120534,0.26136691517977645,0.0,0.27709582168850794,0.037043301759133965
3_120_120553,0.32988574130855947,0.045924013279232755,0.4892850847372265,0.5717964006938422
3_120_120641,0.919666201067297,0.875136816636903,0.9623808791884414,0.9413330966539452
3_120_120771,0.9225493192081763,0.8132729635685239,0.9761827198030911,0.9422530766803408
3_120_120781,0.7833185411463601,0.3836549375709421,0.9688908703621142,0.7327290543851054
3_120_120849,0.8844886599916829,0.6600298423948522,0.9505843540518724,0.8442881891368592
3_121_121090,0.9213658934766342,0.8580067449703453,0.8245123297754877,0.7015889057324125
3_121_121194,0.5620232309086416,0.45746082043255004,0.3796577902630418,0.24736504008945778
3_121_121200,0.8102674995995515,0.5890120132560066,0.8346426518490132,0.839631207655235
3_121_121217,0.9711857572655935,0.8736747280160765,0.9864064688654017,0.8664549004036795
3_121_121302,0.8379912130827435,0.7664312873438349,0.9116249825345816,0.8957511802277145
3_121_121834,0.8141461342395921,0.9025530073561229,0.8396243070513046,0.9300937310666809
3_121_121982,0.9067952694842962,0.8327954059605147,0.9186808684965179,0.874920661786485
3_122_122004,0.2589207370576192,0.23022682345268908,0.0003835562549173879,0.40816825629738324
3_122_122407,0.8271823204419889,0.7638223770134959,0.90453285504647,0.8710010319917441
3_122_122545,0.8208007283289619,0.5889999324734958,0.8520155129862499,0.6057961576033866
3_122_122582,0.8798261114325479,0.4819955559614038,0.9270017770114538,0.6464802696807456
3_122_122822,0.6529114920725815,0.5188944320201846,0.9343363024114708,0.8259781619654231
3_122_122851,0.4306208702898982,0.2691992795153103,0.5557588260480324,0.3381248714256326
3_122_122857,0.9018570457249703,0.6248033877797943,0.9369270177961532,0.7567449766813407
3_122_122869,0.9647370288490407,0.8625992338866374,0.9756639657888814,0.841576833650391
3_122_122904,0.32976314872866597,0.28599430452309627,0.36649005298410475,0.3187042064938446
3_122_122910,0.374113475177305,0.10726675021340744,0.9714340125690345,0.9374086378737542
3_122_122940,0.13215104517869183,0.10329710238916703,0.382998542037907,0.42191134660118895
3_122_122956,0.9193495292645993,0.7354647415237849,0.8248463874567413,0.7343994982753215
3_122_122977,0.6381685889000697,0.41686487895474245,0.8756479481641468,0.7738907849829352
3_123_123046,0.6770973062122045,0.34459459459459457,0.8996444926488311,0.7050091952009808
3_123_123059,0.4142808777164138,0.11045235455183182,0.04893446399017216,0.386582391355661
3_123_123241,0.9546600390555654,0.8532469746037157,0.9795729563704992,0.930099267312692
3_123_123287,0.8261592997178615,0.7809823457437511,0.8937309498311228,0.8798229757526647
3_123_123301,0.7903219837157661,0.5492470850178708,0.8758445422426083,0.6726328480014838
3_123_123318,0.5932996417960181,0.1420246017342206,0.9851576994434137,0.9361025397578923
3_123_123374,0.6222948449571543,0.2841949648066018,0.918295046901807,0.6729651162790697
3_123_123424,0.8874353513842409,0.7638724911452184,0.8211784912141631,0.8247325731750323
3_123_123495,0.31437569470174137,0.16885859395883454,0.0,0.1189025653777612
3_123_123510,0.9097229348383786,0.8346940567114388,0.9168823938761308,0.8485592712111261
3_123_123516,0.4241368950071015,0.40065705744813096,0.4217905752000547,0.474516750574927
3_123_123538,0.9204029320501866,0.8151789759855007,0.9270489484108271,0.8299972327276082
3_123_123573,0.8713295764014345,0.6328542403491609,0.9145117487306648,0.7683544833940612
3_94_94137,0.7278647200924273,0.47364864864864864,0.7853188483009428,0.5238613360323887
3_94_94173,0.8291020948524258,0.6812292621267183,0.9105439658551456,0.8302099600902307
3_94_94174,0.9669750889679716,0.9141082307967985,0.973442887535764,0.9270471166526796
3_94_94199,0.31198800663918186,0.5284803702651131,0.31945264140325835,0.5055870844936374
3_94_94218,0.9191067196851026,0.8012644693412673,0.9716169356564921,0.926355250826222
3_94_94263,0.8939711231125317,0.7720089222153671,0.9530206709048019,0.8756274131274131
3_94_94291,0.844638403990025,0.7914518233211157,0.9356817548099265,0.9220038897458253
3_94_94324,0.948249027237354,0.7789250728091077,0.9797953439824048,0.9080189651618223
3_94_94359,0.32212641465855724,0.15585434173669468,0.6886419416416689,0.6140788224121557
3_94_94371,0.8543459693844031,0.6987776277450075,0.9184692790774542,0.8330188679245283
3_94_94374,0.8325456116277888,0.6994000786782061,0.9395643848731451,0.8921426500434909
3_94_94490,0.8524413007171627,0.8063736769443166,0.850798290982685,0.8669587181308707
3_94_94592,0.3492990104230418,0.13289117299812486,0.3450820892744127,0.17655547991831178
3_94_94612,0.22834853312822767,0.2306165194426737,0.0009986539881029915,0.5207006369426752
3_94_94620,0.6095682360598829,0.3704635972598375,0.6823433161443871,0.4739606287645071
3_94_94650,0.9250904010519395,0.7403200826019618,0.9706897304853012,0.8254294747266979
3_94_94683,0.08941236068895643,0.1800452017572818,0.0,0.0
3_94_94693,0.8976773187840997,0.7817089452603472,0.9793662742950999,0.9415132105684547
3_94_94781,0.7407869413358044,0.3151771319011722,0.965180265654649,0.9049879600963192
3_94_94816,0.197426942479329,0.13867327636814297,0.13323304028959618,0.16266022916595832
3_94_94826,0.6226787372330548,0.3304830550208175,0.67243291195387,0.5005620608899297
3_94_94844,0.9192291922919229,0.8360706538580726,0.9579207920792079,0.9184431840406806
3_94_94894,0.8829193603266418,0.6120172577080922,0.9586520807833537,0.85008885503935
3_94_94902,0.9424323440595488,0.7089065894279507,0.9486643904398474,0.7218907964843572
3_94_94917,0.6320928759107766,0.21932665881429134,0.8892677382691996,0.6709625453080951
3_94_94937,0.43165390009709786,0.2099091789462664,0.15802202634366694,0.1235483294622119
3_94_94953,0.8242862996858352,0.49843336582648656,0.9602858665329279,0.8590607376353746
3_94_94985,0.8938132295719844,0.5518099441288323,0.981866459426203,0.8957675300063171
3_95_95010,0.808417730808748,0.7988184438040346,0.8110952700436095,0.8175470990450362
3_95_95044,0.8250111957008509,0.5680310299071144,0.9076187947969206,0.7989525749199884
3_95_95049,0.4479915672175583,0.21530105004468275,0.11250802280363952,0.0
3_95_95116,0.170252650088751,0.17291780689610767,0.1759644120779087,0.23193535252294295
3_95_95325,0.9234723488931266,0.8524736415247364,0.9788128017164313,0.9453403496859616
3_95_95340,0.3072839782300753,0.42618692454091867,0.32363035264483625,0.4829058681348194
3_95_95343,0.6795693322913954,0.09871409190113845,0.9428664921465969,0.45913562403841673
3_95_95361,0.5063746600181324,0.0728424925896903,0.7157391769988054,0.4828481255346135
3_95_95422,0.9061577114647155,0.7578748063572207,0.9633457747152837,0.9068066157760815
3_95_95440,0.15874629768798904,0.17018670271183578,0.005015609806028967,0.1062468429028456
3_95_95489,0.944304398113823,0.8421941313375622,0.9293549392334061,0.6772173792721738
3_95_95581,0.9004153481012658,0.7861793220578869,0.9441029103443375,0.8986241056686847
3_95_95588,0.4803364879074658,0.17088841506751953,0.45643088332338244,0.1759448631384305
3_95_95597,0.38196259362543983,0.12979715682418386,0.507262702318136,0.3490953814286177
3_95_95620,0.9479645108835193,0.8104866686490236,0.9702419688812637,0.8940576383575618
3_95_95622,0.945438282647585,0.8085886722376973,0.9753746783065045,0.8815728461467124
3_95_95642,0.17922642634218186,0.058998399268236905,0.16601326899879373,0.06345672140272753
3_95_95651,0.8409379766141332,0.8589051001744012,0.9161211423638587,0.9166116901965958
3_95_95660,0.9335466867469879,0.873880266075388,0.9704189001389716,0.9453016723644091
3_95_95680,0.8118876551273677,0.8757777301008367,0.9278788539056542,0.9412235563178959
3_95_95681,0.8120980358074048,0.7904931317323847,0.9251788553259142,0.8711841489417026
3_95_95684,0.22171155147718508,0.17908407382091593,0.12087444236713993,0.284780151767935
3_95_95689,0.9034446261907053,0.7115414771836287,0.9400909613675571,0.6797667545331096
3_95_95695,0.9540035763957878,0.8594310303609849,0.9122084341691983,0.767245249139608
3_95_95850,0.931704009615681,0.8099756379022952,0.9797403619197482,0.9090627077332152
3_95_95854,0.41956902722582873,0.1472902097902098,0.9442398737506575,0.7996597850460063
3_95_95901,0.2384261841547489,0.05292593352100073,0.25501002004008017,0.0030024565553634793
3_95_95922,0.30654012525017754,0.1331383800485544,0.29376118991874395,0.19413616034454198
3_96_96013,0.8510479455842505,0.6008864007464427,0.9122666190985849,0.7930989864136295
3_96_96016,0.7108685182212233,0.4378289724616676,0.7129384625822648,0.45926182503944885
3_96_96054,0.8346931207120342,0.806136245449818,0.9069439364648101,0.8952866242038217
3_96_96082,0.14886394885191806,0.31388660640920296,0.00027793527443329,0.07314804046982207
3_96_96207,0.870442949049767,0.6622628353334067,0.8720784373960013,0.6243370434003137
3_96_96221,0.8220871975269161,0.7839908705575481,0.9269384299020201,0.9278755074424898
3_96_96340,0.9540463079251602,0.8131239185411953,0.9768832739735233,0.8508536665140315
3_96_96362,0.84698510715583,0.7849063717481463,0.8970099667774086,0.8984488930133899
3_96_96469,0.8997833739507176,0.6902897086070406,0.9556027239762979,0.8605655383758184
3_96_96537,0.3470549027352622,0.286062486151119,0.41865454051032586,0.4521864362398534
3_96_96563,0.8642450315075133,0.6506613756613756,0.772244094488189,0.5497668139420717
3_96_96597,0.9250146455770357,0.7765359297860669,0.9789356984478935,0.8833753854779927
3_96_96682,0.8500381183012691,0.6296861377506539,0.9631224066390042,0.9193775614754098
3_96_96769,0.8912427076882965,0.6410990269032627,0.9600014272461286,0.8569318692609003
3_96_96778,0.6641057414291615,0.5287325615909766,0.7768916553199766,0.6695515878424424
3_96_96962,0.7297197640117994,0.8007244626901715,0.8988054215483574,0.9446787260015537
3_97_97137,0.8883228646322766,0.7058397858021564,0.9757385707212411,0.9310177705977383
3_97_97280,0.6856279088269223,0.7133335055674684,0.7483698079499777,0.72765584806524
3_97_97290,0.951168294390187,0.8144590823544682,0.9909925636281116,0.9620432777580702
3_97_97313,0.6735037204788095,0.3332683307332293,0.5717683583285346,0.47499120096984865
3_97_97359,0.7888630540001899,0.48837471359350937,0.9379112042497197,0.7740498272413167
3_97_97407,0.18675742964293593,0.29567657186583346,0.0,0.059323634989608916
3_97_97676,0.7199675118657834,0.6818257123923128,0.7893500391542678,0.831298771536738
3_97_97700,0.6445596096832178,0.38760509248138364,0.6682742408453094,0.40534682080924855
3_97_97709,0.13298307063631057,0.17127010945419818,0.14229035739224274,0.1993955449423529
3_97_97710,0.634066853594445,0.5203367481488995,0.3481899802174391,0.2576143328618576
3_97_97769,0.29744682780826265,0.1562188291260646,0.30838822015292605,0.2011111111111111
3_97_97770,0.27250165453342157,0.23560960778352083,0.2745605357278746,0.22089842722634265
3_97_97847,0.8133092224231465,0.48240821678321677,0.8803936612079685,0.5837792086091714
3_97_97863,0.8191803971271652,0.5441018219599986,0.8073579304495335,0.5961651340246528
3_97_97915,0.34387794577517006,0.05714677499528634,0.4394187372910777,0.14663329378743598
3_97_97923,0.8906203722689268,0.6601882292270999,0.941778803653865,0.7874808415772607
3_97_97970,0.9431244860311604,0.8010549519760668,0.9691449128309196,0.8872716656935524
3_97_97974,0.9442045212198763,0.8071670790944918,0.9747388943044144,0.9138341842937029
3_97_97976,0.9250340533177661,0.7495431843099037,0.9773625116956024,0.918389406836914
3_97_97991,0.8061675882603148,0.6559316180279744,0.8957877860370208,0.7760851223399269
3_97_97994,0.6487503527862273,0.37755480086446436,0.6695277558537227,0.5898379203831604
3_98_98011,0.4668639053254438,0.2945522895939333,0.5474882260596546,0.39807740593278096
3_98_98012,0.5622344570983232,0.1950489849048848,0.593030819265913,0.2078981723237598
3_98_98020,0.9080546365750598,0.6421767217781671,0.9640735807624464,0.8622576177285318
3_98_98084,0.6010072138287736,0.4633271827560178,0.7956460939566877,0.7559322927652394
3_98_98087,0.9150674869158021,0.7076612903225806,0.39255714250105933,0.3788923159447499
3_98_98109,0.16863702780303882,0.021576622494053687,0.18329020579056673,0.0
3_98_98252,0.9178776734387831,0.7362432564982835,0.6088317107093185,0.6101508785332315
3_98_98257,0.4139507256856567,0.22707126668345504,0.4821693682775337,0.2911584524532259
3_98_98321,0.0,0.0,0.0,0.0
3_98_98428,0.9697684707270314,0.836999327634233,0.9884952728101151,0.8336144899227559
3_98_98431,0.9487306043125521,0.8176006818666098,0.97862585561152,0.9242286234771718
3_98_98589,0.9302409493645512,0.8371295836904064,0.9656708265053153,0.9166079729539371
3_98_98592,0.8951130385897281,0.7128717628405323,0.9608784300399287,0.891455097713336
3_98_98614,0.622722325597725,0.41358839050131924,0.4915239577927694,0.4727535075062168
3_98_98996,0.36881258317153515,0.23931409975592965,0.6078995267564616,0.29878690522350854
3_99_99041,0.9512086073612553,0.7309924787442773,0.982502555468703,0.9036810643174974
3_99_99079,0.10106517632854946,0.07579860897396443,5.839529723206291e-05,0.10176275227795283
3_99_99198,0.5760964330389295,0.41801683658361183,0.8917830627909903,0.9295247201306721
3_99_99223,0.8889183597687126,0.8342424775646665,0.6537140149271413,0.5149296701488855
3_99_99257,0.7633697210276768,0.8206086804135756,0.9316088840736728,0.963019833653231
3_99_99263,0.9325483560130673,0.7781912311923637,0.9694185069907614,0.8849413577604657
3_99_99279,0.7602246841996273,0.4075876049811758,0.9076199372789752,0.7054115573830678
3_99_99358,0.8558841401660928,0.8350023163821674,0.9253035071942446,0.9245864980529745
3_99_99416,0.9391973541944921,0.7536059675875499,0.9618032348616495,0.8429931793469307
3_99_99456,0.896988677427126,0.7148055041016141,0.49632783395423097,0.3597007798822219
3_99_99483,0.877725620835857,0.8684747145187602,0.9498385270309945,0.9064367317873618
3_99_99610,0.9312292722037975,0.8036269703199957,0.9682025160145096,0.9027571404985967
3_99_99711,0.42076014053018207,0.593963687809479,0.40794066317626526,0.5668369771863118
3_99_99780,0.8885514924408838,0.8866284227334555,0.943386879909419,0.9048426716575038
3_99_99802,0.7736394306375086,0.23787528868360278,0.9884187236396321,0.8173272933182333
4_123_123574,0.8610843207495178,0.5283229615445987,0.9423461583715731,0.802161263507897
4_123_123581,0.8338732068486812,0.6538949225425877,0.8796466472994605,0.7744445764524177
4_123_123636,0.8223061248951217,0.6154457139365797,0.9576865830321072,0.8739642721398708
4_123_123637,0.8460520511689458,0.850336071695295,0.9292035398230089,0.9260703423535834
4_123_123716,0.5404975241688281,0.5980221653878943,0.5744370749017785,0.6291480813640821
4_123_123733,0.35444483485593814,0.3615912510550846,0.35944852061567906,0.3538003447735465
4_123_123812,0.9517820299030553,0.8239643472095615,0.9719029751528939,0.8956026739085022
4_123_123856,0.9618772717553987,0.8523404448892326,0.9752234766985338,0.8884155184916607
4_123_123861,0.5622923238696109,0.5958151978596814,0.5710923710531477,0.7559868714291503
4_123_123878,0.9387507580351728,0.7777038099139697,0.9646880731274199,0.8667928610059492
4_123_123913,0.8849485522852357,0.7512663571127057,0.9273128911797192,0.8402789687303492
4_123_123977,0.3535959601444357,0.3400582495376177,0.0014827170790473543,0.36755823986194996
4_124_124056,0.7982589686536284,0.587829338772735,0.8755154886352738,0.7561385656771225
4_124_124057,0.8109303893477162,0.6148102280177752,0.8933266432513798,0.6745799290889472
4_124_124127,0.3250073157476694,0.2664560369499306,0.8152717391304348,0.9586579295216132
4_124_124187,0.9410721823554242,0.8471504062730837,0.9754993342210386,0.943689785171444
4_124_124229,0.953085988651244,0.6089561091340451,0.9815387413604947,0.85275158171183
4_124_124232,0.6670424934856685,0.43746515067031927,0.9584866496839325,0.8082984631027336
4_124_124323,0.6130420746798666,0.5556658298791524,0.6123573830127322,0.5759463344513656
4_124_124375,0.6158022842164389,0.5583472372166062,0.6215977519068647,0.4895797050969465
4_124_124377,0.18700526733955214,0.0,0.18939807869979436,0.0
4_124_124385,0.9606491727263147,0.8258432349559218,0.9742505178240488,0.877612540192926
4_124_124475,0.9451481173864895,0.8190549790240671,0.9614216501554704,0.8751003555453607
4_124_124483,0.9440606039350472,0.8495532795816082,0.9678695555719885,0.7915389093731807
4_124_124492,0.7118336359135171,0.39048896839594516,0.9516703019171163,0.8663012713958399
4_124_124515,0.9205645881722351,0.8582316109038012,0.9579040784041363,0.9242988821337517
4_124_124600,0.9507424065060687,0.7700686045689228,0.9777834770621614,0.8231099418443645
4_124_124643,0.9347949630604493,0.8089483051198212,0.9564557442367897,0.8800339847068819
4_124_124760,0.8275372231283211,0.534782270000779,0.8912131519274377,0.6781897052904611
4_124_124876,0.19794961282582615,0.056645401382243485,0.2014429140810252,0.04478684336579914
4_124_124880,0.8713844425723112,0.7928508876681792,0.898659793814433,0.8481105241771637
4_124_124969,0.9145359455420886,0.7611101274787535,0.9449318813103479,0.9221099887766554
4_125_125046,0.8390669006296356,0.5030893994979726,0.9354401507388186,0.6768349696119682
4_125_125138,0.9343876295905816,0.817326192085695,0.9518385584529739,0.8327177593105571
4_125_125153,0.3902802796986073,0.2902421879992332,0.39285215691749265,0.7831849907152462
4_125_125225,0.3648432066285645,0.41408773575075547,0.0032580847875477354,0.6448605909280066
4_125_125345,0.41771248765138486,0.39826602783481635,0.439307366015224,0.3826130907252969
4_125_125437,0.2452179333991376,0.15648447779239713,0.008367917107440259,0.13578644035593274
4_125_125471,0.8487386161415262,0.8942311089129897,0.9239498544352682,0.9516266016764521
4_125_125512,0.8983233902489199,0.6701967912747965,0.9138200491181068,0.7498827208756841
4_125_125513,0.9209347814896793,0.7393995929443691,0.9508472735172714,0.7693055668098209
4_125_125518,0.8575212224108659,0.6853045651887909,0.9341827503015682,0.8626154886201457
4_125_125648,0.9049325879644854,0.6576972681439793,0.9758782868951756,0.9097280044407439
4_125_125649,0.8587297369120382,0.5839680121858339,0.8985682597297843,0.6454195335150807
4_125_125685,0.9567008764701476,0.9244087001307397,0.9814936954413191,0.9702427564604542
4_125_125796,0.9838257768721345,0.8521830115095596,0.9734747439979348,0.684093965039943
4_125_125888,0.9519238273628347,0.8168290043290043,0.9810074991848712,0.8963741387709653
4_125_125921,0.4314656979181221,0.07663281586344874,0.4610342536096176,0.25416848299912814
4_125_125923,0.5601525762376637,0.459243654649859,0.5753157168629948,0.5545949407620877
4_125_125926,0.3939336252300273,0.37849698299506307,0.4126399034917231,0.42571127502634354
4_125_125929,0.944706184683913,0.8580003334630134,0.9678905236796208,0.9224352661762151
4_125_125931,0.8069064093818017,0.5511268137069941,0.965992152035085,0.9168794984908288
4_125_125956,0.9290302977689036,0.7841856123741583,0.9868579361406756,0.9568869397160484
4_125_125980,0.8932986849358218,0.889602053915276,0.9278587874136608,0.9203293646378101
4_126_126005,0.9544020067972164,0.858377577478701,0.957829070492826,0.8757303511968336
4_126_126023,0.9561161161161161,0.8622573595577838,0.9806737070584798,0.9037710480824637
4_126_126025,0.08210064534841563,0.11400777056084468,0.08294554286881711,0.2803935347856641
4_126_126037,0.2748804134030097,0.11040644906702746,0.0010297638987109342,0.3378218290949297
4_126_126053,0.5075649493615148,0.16116434572228677,0.6920431149327843,0.2887703265003957
4_126_126054,0.9481052685265466,0.8113214260300292,0.970566437268396,0.9205509728855034
4_126_126155,0.33292199206698986,0.00014285204099853576,0.22528003435565258,0.0
4_126_126297,0.8753745422261681,0.5337945423598528,0.9709962168978562,0.8963504785619796
4_126_126373,0.8719289508632138,0.4690478482718783,0.9867546536105395,0.9362173838894889
4_126_126638,0.5702973351673073,0.22758620689655173,0.49530904460875197,0.15016243743963473
4_126_126682,0.9322762348191319,0.7085588981018296,0.9609983314794216,0.7338314005352364
4_126_126746,0.3255199178818004,0.14654227462061237,0.34632727051153156,0.19245416703569215
4_126_126766,0.8287957136627001,0.6004004654057418,0.9021530491894267,0.7704841029856443
4_126_126785,0.9146798620482831,0.8989222839547493,0.9496957403651115,0.9303884026258206
4_126_126800,0.5536458333333333,0.3167707138913662,0.735777221799195,0.4814491264131552
4_126_126806,0.866046928375427,0.633496943878496,0.9180868939030244,0.7345268795873835
4_126_126887,0.831898713020224,0.49721642310368824,0.9155120481927711,0.7371428571428571
4_126_126893,0.3564109120232874,0.2684984333574355,0.4099260044720039,0.3305170665765461
4_126_126942,0.5264560996812518,0.25566583953680727,0.9833031251716373,0.9356816408427154
4_126_126969,0.8289244354932415,0.7054299769599601,0.9529684938991076,0.9379856601223769
4_127_127026,0.8554601342155896,0.8105684237692754,0.9313626455420277,0.9189373762207198
4_127_127080,0.9438075017692852,0.8629071249615402,0.9631573071340851,0.8279843846311896
4_127_127117,0.9069767441860465,0.7515099223468508,0.9212855573190086,0.7800563841396871
4_127_127358,0.8988534784298484,0.7619613165931456,0.829765838241632,0.6347450768815754
4_127_127386,0.48389139260307645,0.43586573247240923,0.4891716815516118,0.4366957769058769
4_127_127394,0.24722791114773568,0.09101941747572816,0.37340083293847726,0.07938948061930383
4_127_127435,0.9639876108982098,0.8731266496667114,0.9844621298251313,0.9425389132258365
4_127_127445,0.8846944105868013,0.6827841392069603,0.9490225095412416,0.8823461024239958
4_127_127517,0.8392006925407589,0.7725952602230484,0.9512215117232333,0.9292215645089428
4_127_127592,0.4295971195432175,0.1459842899382003,0.1874959187290689,0.3601785489752295
4_127_127620,0.7782177273160958,0.3763726776711099,0.9631966989289723,0.877251892122375
4_127_127625,0.9391888903630976,0.7990763873116814,0.9563133640552995,0.8390176817288801
4_127_127671,0.8645381613183001,0.739972337482711,0.9484888462461022,0.9105196867641422
4_127_127716,0.34251514771158303,0.23835535230352303,0.8546780505158307,0.6246466930469191
4_127_127749,0.010970015291536466,0.0,0.01702014493717173,0.0
4_127_127769,0.004962610469068661,0.05645668301269961,0.004091374019774974,0.05008741258741259
4_127_127785,0.09068037306025375,0.20586455505800585,0.007409021573327523,0.45706145706145707
4_127_127788,0.5761832165676014,0.19903450459006014,0.9806363609406044,0.91908043501669
4_127_127854,0.857425056316063,0.5563077447098395,0.9127526979784162,0.6906486146095718
4_127_127894,0.8925334239746204,0.825472399940485,0.921372097366619,0.8422754667058651
4_127_127915,0.7883723074086593,0.4668193025713279,0.9322857248003533,0.8260988634807613
4_128_128052,0.07860805449509693,0.3393435757268499,0.005466974463592277,0.45186805006281117
4_128_128083,0.9251325942955999,0.7045475811733882,0.9423045209319858,0.816042058553996
4_128_128107,0.7294771968854282,0.47812822910003444,0.8589904921700223,0.7508742312793922
4_128_128152,0.9293240435154626,0.7668275030156816,0.9616050882953694,0.8602237786129142
4_128_128173,0.29942334460131237,0.21115060940220545,0.9343228687770918,0.8613217768147345
4_128_128189,0.8800128199991988,0.6776227167412038,0.9661505221462009,0.9049390243902439
4_128_128245,0.4799498893585135,0.3305906365607858,0.5025385714989895,0.44906882591093117
4_128_128295,0.6284725384825576,0.5450059962309406,0.9358351798595068,0.8960573476702509
4_128_128324,0.9309491191386065,0.7432586576630014,0.9659180708149583,0.8691413942497046
4_128_128372,0.8362010567673757,0.690409450395435,0.8454828964038593,0.7212922323160151
4_128_128373,0.9385578153889916,0.8327062228654124,0.9827067669172932,0.9506946620704063
4_128_128411,0.9265108182044267,0.7408542246982358,0.9656452125967554,0.8934938290415968
4_128_128425,0.910446482132145,0.6170369010464476,0.8984800939642025,0.5753965353409839
4_128_128485,0.7464678870227087,0.12787813255311029,0.8382363560215473,0.3789378584334983
4_128_128511,0.9599473433605019,0.8594541361845808,0.9389140271493213,0.8042337781868385
4_128_128521,0.9168147310612179,0.7301511673236021,0.9518790896983034,0.8387616156040114
4_128_128599,0.7632940937690278,0.5468646238497297,0.8641259805643368,0.7100688565300824
4_128_128631,0.8751239552344525,0.8239663411593601,0.9067875406787541,0.8761842535119242
4_128_128633,0.4784042467626478,0.3794365379029916,0.5298824593128391,0.4891291710266248
4_128_128655,0.7404482246523558,0.46943448395040394,0.7718089123867069,0.5509583068398582
4_128_128684,0.9186028226599049,0.7332810098433565,0.9696554341866644,0.9045058794963405
4_128_128692,0.944499645138396,0.8429450307607663,0.9786925479696564,0.9411138890366508
4_128_128762,0.5346487786040833,0.1367908694192682,0.5223685830358242,0.17975632614807874
4_128_128805,0.8252580752580753,0.7423244169192252,0.9435674822415154,0.9418869644484958
4_128_128828,0.8483677987658392,0.7017396875462028,0.9459161755796662,0.8814683244523387
4_128_128830,0.6973222239689776,0.34736617729343744,0.7745841844178581,0.4307001428863033
4_128_128849,0.7208549222797928,0.45151268361837543,0.8541136272276565,0.6303621790114294
4_128_128867,0.8997901129817354,0.7128410532994924,0.9781054402414586,0.9258588693251256
4_129_129015,0.8886693981075017,0.5042657080002146,0.930973269186241,0.6191964041002028
4_129_129095,0.9390973132372215,0.8257885081957512,0.8554885718003209,0.6477183229094279
4_129_129141,0.9264357180035857,0.7718078094458839,0.9702660406885759,0.9087603463949093
4_129_129196,0.868787143588488,0.5951672989507502,0.9539520291468475,0.8376526119911043
4_129_129283,0.7446949816956621,0.28522824768497973,0.9418024396485541,0.7785078423060618
4_129_129409,0.8448303329616058,0.6553716355632996,0.9131012008931265,0.8213583246557908
4_129_129425,0.6782728674620566,0.5095957396925345,0.6625480678308012,0.5493348875479978
4_129_129438,0.9006632277081799,0.825636192271442,0.9321202531645569,0.8873117033603708
4_129_129551,0.9331434639891871,0.7540861196382643,0.9633683158420789,0.830656264341441
4_129_129588,0.9277112627036057,0.8227610043712514,0.9732594644506002,0.9198553013705609
4_129_129806,0.9588579001264984,0.8884438127234354,0.9867012954502785,0.9642857142857143
4_129_129868,0.8056755978104293,0.4727265309452899,0.834938044206296,0.5316121162837976
4_129_129870,0.6568864502929415,0.44384850861436487,0.00405180216378078,0.6370565816476107
4_129_129872,0.1965626609558405,0.1026358759038955,0.1740636918153491,0.052914336178981454
4_129_129938,0.5556946835707205,0.4559045226130653,0.500604370060437,0.49082461162998076
4_130_130020,0.8805244755244755,0.785066912129151,0.9412423703932628,0.8947560886418489
4_130_130039,0.8681636006074034,0.5806765636407886,0.9194080292169742,0.7693409742120344
4_130_130042,0.821388452033251,0.7036337300837584,0.9003630836781221,0.8386477405197833
4_130_130043,0.9152635668954798,0.794536959386606,0.9555001404889014,0.8932137762380273
4_130_130048,0.9312065162056677,0.8258533230160777,0.9389995351664462,0.8499432264826623
4_130_130070,0.8929891304347826,0.7595986544484399,0.9096135238203654,0.7623791215192823
4_130_130110,0.9369538443493051,0.7865468900562619,0.9310009126863401,0.7851651842439644
4_130_130290,0.9581873721379929,0.8374869422474257,0.9419079919993043,0.785434340427643
4_130_130292,0.8348321095619173,0.6944379069585,0.9434782608695652,0.9105909939641322
4_130_130314,0.5346636752553615,0.4432276291146875,0.7488744769044644,0.6697218599076391
4_130_130330,0.5840918742268422,0.05971938829171838,0.2502907597730887,0.0
4_130_130344,0.8750570619921483,0.8143754361479414,0.9513529948312557,0.9317162438551796
4_130_130456,0.4812187164819449,0.12154361345877851,0.5090930225185717,0.2646021347748408
4_130_130556,0.9040488777739086,0.7173256516284905,0.9740693107163961,0.8818048311135869
4_130_130602,0.7769998703487618,0.8317654285067727,0.8351942129265608,0.9006768071448507
4_130_130704,0.7004208311415044,0.6113141862489121,0.8184708183893055,0.6703710506980162
4_130_130762,0.2614784694756537,0.0022642611934847712,0.2666679261680301,0.014984361671879443
4_130_130822,0.7692130518234165,0.634547808396523,0.9047396902407165,0.8544984933275936
4_130_130855,0.0038258575197889183,0.09307795698924731,0.0,0.09522211032785051
4_130_130889,0.8279606125276124,0.508807927134421,0.926553911205074,0.7266434038721297
4_130_130901,0.9812552068869759,0.9190635762822303,0.988876116367495,0.9410954348962045
4_130_130925,0.47480968593397344,0.38416388537230983,0.5196686491079014,0.48197332730560577
4_131_131042,0.5515436944008373,0.3116030888542737,0.9649411431002695,0.811222467583942
4_131_131044,0.20126126430757266,0.26722277100940256,0.003433107009658602,0.576106578092281
4_131_131164,0.81756090852834,0.5973399180649868,0.9060824504245658,0.7992884774799669
4_131_131261,0.24711750460837822,0.19289899123386636,0.2572167497052447,0.23701148360807556
4_131_131262,0.9274985883681536,0.862656952410479,0.9570243931965378,0.9228632478632479
4_131_131328,0.902619468339191,0.5969083458433075,0.8559141161907201,0.5258685857700099
4_131_131454,0.7388496325607687,0.10566788556678856,0.9864366855362638,0.9227784245246411
4_131_131495,0.8819294138433676,0.6258131525720221,0.9674114060078972,0.8953257269046743
4_131_131498,0.5731844976796688,0.46510623596476075,0.9400556625990152,0.938057812708139
4_131_131588,0.5828343107293301,0.27792262405382673,0.5945240786318647,0.33899867276212947
4_131_131610,0.8550037907505686,0.8299673014041162,0.8619210034107162,0.8501855287569573
4_131_131627,0.8480775308121774,0.4662541806020067,0.9076591100749045,0.6666926221530076
4_131_131654,0.8567003753769153,0.5277147994683762,0.8995467557251908,0.7161221439248345
4_131_131686,0.9416754478398314,0.9000490677134445,0.962223331669163,0.9254514274185414
4_131_131961,0.900636764397173,0.8473997522134591,0.7862682050312086,0.7713657434922144
4_131_131974,0.1478199267516775,0.0,0.14360372642581232,0.002357593733363754
4_132_132100,0.5295732568936977,0.3985024958402662,0.3742385932651419,0.5318222684900393
4_132_132238,0.7922527630256926,0.49972387894853104,0.9885962530545751,0.9535792584119722
4_132_132307,0.8012003000750187,0.7301489380452983,0.8987948308407144,0.8785429044511542
4_132_132365,0.10593534615315038,0.1409467455621302,0.12070140653076399,0.14677111052809116
4_132_132370,0.9571250111537432,0.8105965581255331,0.9851650015137754,0.9280933768806553
4_132_132381,0.9086650056432207,0.7411458897433121,0.9363596622414467,0.8046759171260217
4_132_132400,0.8900649506855906,0.6270962047661077,0.9542096311257574,0.7988421936453224
4_132_132405,0.9293986990322068,0.8665455120101138,0.5947284479140434,0.5954280784990296
4_132_132455,0.9318817662084905,0.8339443522556246,0.9785626654613547,0.9407370517928287
4_132_132457,0.9372509960159362,0.798361153262519,0.9400515182265241,0.8111870880305551
4_132_132481,0.3044837467797493,0.18426835691324167,0.002688866561408545,0.6242131845765331
4_132_132501,0.6025924480860103,0.24864073609368464,0.8276798242938198,0.7245875687385436
4_132_132513,0.8765337423312883,0.7986971896519636,0.8763944667559126,0.7961194029850747
4_132_132515,0.922266139657444,0.7813347236704901,0.9488223552894212,0.8536464362493799
4_132_132555,0.8585318424890618,0.7288604333989999,0.8908284843446939,0.7440817603504015
4_132_132581,0.7462393078360043,0.6638408350332476,0.9562886067261496,0.9518296212790591
4_132_132583,0.5743735275219534,0.3832805650267901,0.5943646894653337,0.42283344685283863
4_132_132584,0.9277740654848473,0.7424125116135026,0.982711785887258,0.9333901918976546
4_132_132615,0.7500864496369115,0.8522031219126655,0.7005487834490797,0.7815018376774454
4_132_132690,0.06794302806483311,0.23862210562336034,0.045291989229215755,0.32235782913528954
4_132_132784,0.8832212398297187,0.5859245283018868,0.6525495272399819,0.45680071054485316
4_132_132826,0.8705345669493704,0.789643198631171,0.9272791270679338,0.8986056887897379
4_132_132900,0.916752967418147,0.8216549372732439,0.9270940170940171,0.8441970021413276
4_133_133027,0.9580665411173885,0.829620253164557,0.9817720200507779,0.9287988618657272
4_133_133075,0.028176295721856016,0.10214257325577195,0.0029884426554447597,0.18715428389510128
4_133_133086,0.8969182727186702,0.7250233064014916,0.9456827820186599,0.8376010781671159
4_133_133160,0.812165596575709,0.4906960414289476,0.9848920272600378,0.9438426672812475
4_133_133166,0.09989565217391304,0.25769870641360815,0.06462291306850892,0.18033806906564348
4_133_133167,0.9211207640527013,0.8352530327165788,0.9478170857943129,0.8977678571428571
4_133_133201,0.8548186385214546,0.6277098614506927,0.9385454916360669,0.7903166869671133
4_133_133219,0.9275079099199702,0.7954535244170897,0.9700864610593964,0.9156493319234836
4_133_133232,0.7807881773399015,0.8779878244152515,0.7609714121808968,0.7277148567621585
4_133_133244,0.907381193124368,0.8262355835276828,0.936436237487804,0.8723247939692071
4_133_133309,0.511179752463607,0.08190517974169843,0.7405311275576839,0.39072609633357297
4_133_133388,0.9103922662204871,0.9311744463072443,0.9468137985883288,0.9445662768031189
4_133_133414,0.7465315785454267,0.6451246705858504,0.7576657044823266,0.601111859838275
4_133_133490,0.22724905746839133,0.19168250766186912,0.16549741573201066,0.18078681886410444
4_133_133491,0.040483066940971674,0.29804508065377633,0.000419159945653745,0.26412635129954765
4_133_133603,0.8052259927385003,0.5763582460011032,0.9500571864277545,0.8893819053112659
4_133_133636,0.9005867887317085,0.7249634828458442,0.979297905561837,0.9268469630405869
4_133_133660,0.9429522031972734,0.6917429120072291,0.9110304000915148,0.7744021952175617
4_133_133693,0.3987459386876716,0.31908032633581634,0.40513290559120074,0.3171381031613977
4_133_133698,0.9549677419354838,0.8720771184784732,0.9522081877631461,0.8155431299868066
4_133_133759,0.7907529722589168,0.5645462890558597,0.8427153734280093,0.7544001689664883
4_133_133761,0.647649906459141,0.36740022379709064,0.9864036256998134,0.9016485575121769
4_133_133770,0.8853132915334468,0.5873468567985539,0.8828907735361347,0.6161998187763463
4_133_133812,0.1381441998359932,0.2333442730554644,0.15925503610794375,0.24113096825820218
4_133_133920,0.9312433816829611,0.7675819015524005,0.9272432884153348,0.7533641715727503
4_133_133974,0.8398491611513006,0.8026117831136788,0.8997780433669114,0.898226135783563
4_133_133988,0.9066187098726007,0.7617872565435798,0.9232715936181918,0.8060939331109709
4_134_134054,0.9116840134128816,0.8182023283097193,0.9809564515363062,0.9608998919343746
4_134_134095,0.9539534568765095,0.7668753949560522,0.9536173783330225,0.7024519881662739
4_134_134121,0.9491632641324975,0.8342580073663108,0.964628768199118,0.8133454341155625
4_134_134170,0.9590654613315237,0.8365043695380774,0.986415988306157,0.9431854623196152
4_134_134183,0.031268770095042926,0.034875444839857654,0.0005875552017588749,0.12056872037914691
4_134_134206,0.46078351523049355,0.3989143192488263,0.32651692926583975,0.32525177172696756
4_134_134216,0.894391464450949,0.8523268534881764,0.8033604135893648,0.6618203328092651
4_134_134310,0.1736635836337984,0.005301676943467989,0.19036326769082723,0.016322792652049778
4_134_134338,0.9206126356094448,0.8200565574645182,0.949910514034571,0.8781394123072869
4_134_134339,0.883011845542712,0.7147092663067528,0.9201588341879023,0.8016401612976304
4_134_134356,0.603204327923429,0.8612841399137517,0.8872310520056222,0.9685249399839957
4_134_134378,0.9406828057107387,0.7762208463293143,0.9714398008646665,0.8868827930174563
4_134_134424,0.946192232588414,0.7939109113199837,0.9528318862746862,0.8236860721567975
4_134_134559,0.7894341974653154,0.27027249696195754,0.9065056272303047,0.6004954916025697
4_134_134592,0.9488658116385911,0.7963751044912227,0.8822410253842687,0.6757873537275599
4_134_134647,0.8480187973939977,0.5803653290076874,0.9209271019285359,0.6649988180600426
4_134_134652,0.9371302733278639,0.8433761508352169,0.9743764481395666,0.9111760737575894
4_134_134659,0.7130954924161504,0.5858881011688063,0.8732350659425911,0.7757437070938215
4_134_134664,0.93280862078073,0.8600065189048239,0.960956618464961,0.8901506758253933
4_134_134679,0.769789029535865,0.5522778387991004,0.842862608399932,0.6328356642439191
4_134_134689,0.8613815484469171,0.7674015679819812,0.8959712063160339,0.8886742441259715
4_134_134692,0.9022610135058876,0.867098919368246,0.8694576284937731,0.8156966490299824
4_134_134693,0.8317577090996596,0.5511133603238867,0.969760466740622,0.921428225845469
4_134_134720,0.9154375614552606,0.8212227481178115,0.9729439168607776,0.9526688368728362
4_134_134777,0.8904159527541832,0.788781712473573,0.8719990396927016,0.7653607848199303
4_134_134797,0.9447120648127874,0.8560238878310542,0.966650074664012,0.9243422589840646
4_134_134940,0.9465530208072198,0.7706011551289351,0.9675270607826811,0.8667421363305571
4_134_134943,0.7024009771044709,0.24693449670683412,0.9757310642377757,0.8704783229741728
4_134_134970,0.9647259348562639,0.8227885425442292,0.9856528285652828,0.9376515575452341
4_135_135051,0.9461349059184728,0.8128743985073161,0.9781653829015214,0.9054074408796505
4_135_135123,0.6214372993094825,0.27565221092054304,0.7803440311627426,0.4712711530893349
4_135_135127,0.9164008120649652,0.8056453350570998,0.9444314185228605,0.898360655737705
4_135_135138,0.9570401916422677,0.8740940632228219,0.9831239971227799,0.9509167613175401
4_135_135150,0.8818440599564115,0.661940010107316,0.9710079840319361,0.9169756569401902
4_135_135184,0.8014773073408468,0.6698762480209377,0.9394395078605605,0.8964565117349287
4_135_135259,0.9179341284604442,0.80309513621452,0.9354577056778679,0.8341316041559207
4_135_135266,0.7975220470732141,0.44811114580081174,0.8963819362313243,0.6944611800618549
4_135_135294,0.790008431703204,0.6483784900980798,0.9186005537377296,0.8661413777577668
4_135_135296,0.4671523549940138,0.5132283108464611,0.0009759197476226141,0.05456
4_135_135297,0.8022182826492114,0.6795046439628483,0.9252886081463734,0.8544010911393638
4_135_135395,0.9444800286951398,0.7949686106814666,0.9598900512382579,0.842724899121766
4_135_135402,0.9057470051190036,0.7822564579321336,0.9415658525450811,0.8711736444749485
4_135_135492,0.3599153407158245,0.147071329860742,0.9743509212730318,0.9537553296162676
4_135_135531,0.79802532732346,0.6311086672623548,0.7745205052237643,0.614517801590045
4_135_135659,0.9314521259001043,0.7503992484734617,0.9431872765117147,0.7942675159235669
4_135_135701,0.830516463537809,0.842359014317717,0.9046413502109705,0.9012748597654258
4_135_135739,0.7836175859984759,0.3842552713381521,0.9610134505260354,0.8436174315464713
4_135_135773,0.8751131221719457,0.7899128401360545,0.6457479169422035,0.6231814701378254
4_135_135774,0.8800174520069808,0.8046434297250757,0.9141561386459346,0.8760186263096624
4_135_135781,0.8679951914185315,0.7656832098659702,0.9347196095378515,0.8875529377403495
4_135_135795,0.8717321112384127,0.5659008081128188,0.9385277889920602,0.7820092985647867
4_135_135809,0.6597420090141429,0.469532643596147,0.8584204941640139,0.8206818822203438
4_135_135945,0.29989023051591657,0.147475712693104,0.5483383900972892,0.04342723004694836
4_135_135964,0.5474268983897,0.2308228487784477,0.9044590038801603,0.7375827814569537
4_136_136025,0.9706835518771502,0.9252086385933618,0.9779983626688498,0.9387218768027691
4_136_136057,0.8540974529346622,0.4890476535867121,0.9466483090956028,0.8216494845360824
4_136_136065,0.9492632212054818,0.819260993144959,0.9703849281648144,0.9025447753727112
4_136_136256,0.9510287073095082,0.7844439311698811,0.9304401021987118,0.6327991218441273
4_136_136419,0.6874447842337751,0.4898823353069025,0.7231500560315223,0.5545895901546799
4_136_136517,0.8419258046917621,0.8654712481229573,0.9352799832845801,0.9457576903681291
4_136_136550,0.9671672645467259,0.863938368727836,0.9859924623115578,0.9458109146810146
4_136_136593,0.7841719393391584,0.8589094997189433,0.9524968789013732,0.9710556409953074
4_136_136640,0.9293427286501046,0.7915430532222897,0.9524913093858632,0.8322275906829163
4_136_136642,0.8868990672088017,0.7858324560084223,0.9339674351120426,0.9141550204860527
4_136_136687,0.9623754457293299,0.8856390757531442,0.9558169755830654,0.859221957832992
4_136_136759,0.8815939278937381,0.880262399077278,0.9481198756007916,0.9423710629166986
4_136_136792,0.9095845584748175,0.7220455838548814,0.958897385553374,0.8841446617606549
4_136_136917,0.31103294249022895,0.16791009313818667,0.37729953411122213,0.37681916860979336
4_137_137087,0.8964884230473145,0.8298329588746703,0.958587648487235,0.9338020833333334
4_137_137110,0.5973913943618233,0.50052360788599,0.7505503213876904,0.5958266296133782
4_137_137215,0.2620795665867633,0.0,0.01841620626151013,0.2571332942849971
4_137_137256,0.02054240032382109,0.10666404753719982,0.14734623491090248,0.14519771691372726
4_137_137270,0.34523316164426815,0.35692229601116704,0.34267075219926857,0.4572913739814555
4_137_137280,0.8955437448896157,0.8112329465765651,0.9509759759759759,0.8996125639961257
4_137_137324,0.758968511534076,0.6081343943412909,0.8740479390681004,0.7104659834820318
4_137_137444,0.7493631770159102,0.34347826086956523,0.7856572084441151,0.4392154214915094
4_137_137457,0.14379441624365483,0.0,0.15696732098577307,0.008158564092719681
4_137_137461,0.8227567383145684,0.7827157598499062,0.9584465237951504,0.9486949846468782
4_137_137616,0.9598022235879099,0.849454430446471,0.9912889456720578,0.9637566436729617
4_137_137626,0.8621500936284631,0.7155062808320195,0.9732832854934864,0.9520053700285283
4_137_137663,0.8433023040866178,0.509845121496594,0.9725599166377215,0.9194548399709546
4_137_137833,0.909070191431176,0.8034038006563382,0.9846306395637084,0.9701962082953887
4_137_137858,0.620497932130043,0.3646558715775932,0.798304599756778,0.63835981036347
4_138_138052,0.714828681642841,0.4745474425950674,0.9229560983271813,0.9273800204732944
4_138_138100,0.8902557947640837,0.7953007658561975,0.9550292928459444,0.9130189439742039
4_138_138232,0.36723114397817935,0.46258429410485097,0.3770093205457247,0.44687355257063455
4_138_138332,0.821889924058561,0.5699689498686341,0.8872169837953814,0.6851214003387917
4_138_138371,0.9414000958969793,0.7852395755172045,0.979446354260901,0.9304048846997451
4_138_138637,0.008282208588957056,0.0654949677031696,0.0,0.006151389932381668
4_138_138720,0.7304043741185108,0.23834212693281284,0.9244356968458817,0.7712786546815191
4_138_138730,0.857023474891742,0.721164293475153,0.7595509383378016,0.7485474499677212
4_138_138754,0.8070895237124436,0.29424373111587426,0.9524062951417928,0.7796133442517891
4_138_138762,0.9019898888954206,0.5683488486036257,0.9717773672797365,0.8561724151874166
4_138_138864,0.9038587311968607,0.7839124662363228,0.9079171637975115,0.713373269329948
4_138_138867,0.7562349708004122,0.628050192156318,0.9287547570581467,0.8597529739882748
4_138_138880,0.9109574997803228,0.7323091053312737,0.8172553526067498,0.6087176338882669
4_138_138906,0.9374716467563889,0.6816053511705685,0.953684429641965,0.6903539285517089
4_138_138911,0.6914073788652345,0.6249157448158281,0.9542680836475831,0.9393275920790153
4_138_138914,0.8974266631744369,0.7293617021276596,0.974296781667451,0.9288209385916063
4_138_138932,0.8456459795677254,0.8334837939369231,0.9538112779824313,0.9511563250347529
4_138_138935,0.8052048260381593,0.7242032078199215,0.8135474316002806,0.7797927461139896
4_138_138939,0.8669788122747331,0.7677754895458829,0.6310469314079422,0.5752085885991015
4_139_139018,0.9512276045122761,0.6456339128736082,0.9767788083096616,0.742575469965097
4_139_139056,0.1519020550940096,0.16820080288714975,0.00011786892975011787,0.592415563894924
4_139_139062,0.9591232227488151,0.817704280155642,0.9699567220438364,0.8959931392634237
4_139_139102,0.8523334192787948,0.7483955468238376,0.9067340346227118,0.8597289748629358
4_139_139123,0.3961744966442953,0.0,0.0015107553776888445,0.40212993358271626
4_139_139219,0.7539758269720102,0.4971429812935885,0.9100918916730761,0.8708147722373905
4_139_139232,0.18436487787796552,0.21575109956607727,0.8052251486830926,0.7639769179831615
4_139_139240,0.4146609637040259,0.4043465405085748,0.4206945672462914,0.39112956663868886
4_139_139244,0.8236624412307326,0.8262161935862011,0.9073591337477441,0.9186173108328797
4_139_139245,0.9112327656123277,0.8687710718387611,0.9630147155146064,0.9465651849817568
4_139_139246,0.8830318462912133,0.8006987454343338,0.958673191952148,0.9317705162032339
4_139_139249,0.7188355312266733,0.5057315936626281,0.8763906056860321,0.7416646820671589
4_139_139256,0.8984242995795513,0.8354465270121278,0.9580820394371017,0.9362360020056828
4_139_139261,0.6081964830693213,0.4026541614827575,0.0017253433048341682,0.38826110476648434
4_139_139325,0.6856576338400528,0.25981823818303446,0.9690349217271632,0.90881712735188
4_139_139369,0.9369806094182825,0.7642252177024932,0.7524355020316248,0.6172080311153159
4_139_139387,0.9470368076684886,0.8434367927578403,0.9737302483069977,0.9252213701648095
4_139_139403,0.9523728813559322,0.8231113857562181,0.9713779353123615,0.829823520688121
4_139_139410,0.9062809449710001,0.8140210028314397,0.9607419690717673,0.9194119663327874
4_139_139482,0.38434803788396865,0.037245298990265435,0.0009690890562870901,0.45587479984289553
4_139_139513,0.31339698182938097,0.05311125993652273,0.610779887652066,0.6636918965352677
4_139_139556,0.5802066570678411,0.18904627524041753,0.968463921473076,0.873675580221998
4_139_139680,0.8047349050034815,0.7492486707251291,0.9311529802109255,0.913927266952517
4_139_139734,0.37022797001825314,0.24613346917982679,0.8534165302782324,0.8009298670682994
4_139_139824,0.13634380685868722,0.099158261374356,0.13494955452113655,0.0
4_139_139965,0.5896473906911143,0.43250730179759717,0.6932096247960848,0.5804146819837489
4_140_140016,0.8735115704336104,0.6612399643175736,0.916767189384801,0.7826339359761154
4_140_140067,0.2606006971799825,0.1285253356069345,0.848379836375978,0.6538606049220365
4_140_140136,0.18029716037294052,0.17981400179389131,0.1909175950335913,0.17060647161402828
4_140_140140,0.9021386479507383,0.7395431745636944,0.9267223526163192,0.7885532591414944
4_140_140266,0.7361702127659574,0.7997136721546171,0.8646679158859046,0.9027085927770859
4_140_140285,0.8293360976299298,0.7485824798909938,0.9316009878664233,0.900430850811988
4_140_140318,0.8785357189843441,0.7965344989072745,0.9404687899952463,0.8773280917703165
4_140_140326,0.13932878105477262,0.12023815938358748,0.3655362474163668,0.441851317687164
4_140_140347,0.8674963684189863,0.7389791675505961,0.9255480133166155,0.8566762126364775
4_140_140448,0.44378743861994496,0.24527715420480056,0.9616578523798575,0.8987389280888756
4_140_140686,0.9383351588170865,0.7396712572190137,0.9801398709477995,0.9295249312917158
4_140_140696,0.2796275035081005,0.06043246986245318,0.020250329755838337,0.395724207503977
4_140_140699,0.22171397441436702,0.0,0.009032036547797308,0.4811500784529918
4_140_140700,0.6675625676288875,0.25483219117905465,0.8918713478074968,0.7421895510632712
4_140_140705,0.9662576687116564,0.8861345336968237,0.9808196657141739,0.9344154994109176
4_140_140735,0.30403468985969545,0.23587792712824415,0.11465256797583082,0.10643537064941747
4_140_140766,0.9288179266553168,0.8089579996900346,0.9634723238234577,0.930574663985607
4_140_140875,0.9180137824434855,0.7609550818772299,0.9561473009748872,0.8728982893903212
4_140_140899,0.9205049888006516,0.7782990854020667,0.9446530681915166,0.8398632824862333
4_140_140907,0.8828205904376504,0.4485531651659908,0.9822653952410658,0.8862310078334472
4_141_141015,0.8281299776999044,0.7975809320526503,0.9501569134207126,0.9415636754433101
4_141_141033,0.27029446497276294,0.0,0.0027499841347069153,0.3935077464389081
4_141_141115,0.8553891480481218,0.7422718201441779,0.8048491736515604,0.8444394008170676
4_141_141132,0.191725616701925,0.1957555433204865,0.0007580174927113702,0.5494268758637509
4_141_141180,0.9597126878528452,0.8198482549317148,0.8274040445728436,0.49828995211865934
4_141_141190,0.7499755930879625,0.7163496110348434,0.8821819027680856,0.8900110578695172
4_141_141284,0.8795439349685048,0.7752290133653702,0.9476510067114094,0.9213004571919815
4_141_141406,0.8631327173113091,0.6552617445423814,0.9060532687651331,0.7739684052839438
4_141_141410,0.9238665751834063,0.7187454412837345,0.9667463715731525,0.8746421820145828
4_141_141412,0.9706914435788219,0.8588768409127691,0.9853882107364886,0.8659043659043659
4_141_141471,0.8256997019629337,0.7027012527160064,0.9596989560572955,0.9345645089143076
4_141_141472,0.24580049646928398,0.275169475517871,0.8261612299682747,0.6638766178408122
4_141_141474,0.6566835999696717,0.3739509902651897,0.9788099192486112,0.9344434632689963
4_141_141480,0.8021917534027222,0.6760391711848023,0.9229374963456703,0.868613499357644
4_141_141483,0.21171817782334848,0.01585160202360877,0.0,0.3125369762813962
4_141_141568,0.7893230945304857,0.43646884579616296,0.8051546391752578,0.4680588815326102
4_141_141591,0.690816526336401,0.4134684318692348,0.8697198002200965,0.6685514470649505
4_141_141718,0.8383176156134954,0.5508300243984117,0.9429736437773313,0.8623147889292704
4_141_141727,0.3544796883695047,0.17998926505377413,0.8131153719319735,0.4971198644642101
4_141_141728,0.9159198052116251,0.8208704145864988,0.9807854848706824,0.9618440057775638
4_141_141743,0.732250793976027,0.6707700144324645,0.8765548309016339,0.8721799003808965
4_141_141747,0.7127762231014185,0.49633577614923385,0.8918559851202338,0.8276759570545494
4_141_141769,0.9120363244574419,0.8646211646837821,0.9586378737541528,0.9381519122760096
4_141_141771,0.7981935483870968,0.6902682592520071,0.9490305291366717,0.900389616485941
4_141_141791,0.2260632408303127,0.0,0.23146137139311201,0.0192382132074011
4_141_141857,0.9519119351100811,0.8577310717797444,0.9826045462432761,0.9445893089960886
4_141_141883,0.45001541148669477,0.17275416926485612,0.30333175162689807,0.023634941584787603
4_141_141892,0.9191705562038117,0.7474224843066387,0.9803569542718344,0.9331242546048854
4_141_141894,0.0,0.0,0.0,0.0
4_141_141903,0.7930991888664718,0.690504140359783,0.8935108936050068,0.8218567639257295
4_141_141904,0.9597365247240004,0.8758251219745528,0.9739152645190128,0.909691522953607
4_141_141905,0.9409569589829544,0.8454498582108791,0.9596841092344958,0.8978845306302335
4_141_141906,0.9278221081412867,0.7635363261222958,0.9739612849345304,0.9173465293566938
4_141_141907,0.8653480295938396,0.6738392215764383,0.9779943522281149,0.9459290800969092
4_141_141914,0.7405990081611933,0.40737140857664944,0.7985637669302791,0.5904495255871831
4_141_141919,0.38310294591919575,0.17429181494661922,0.4241471505669159,0.2379499515944495
4_141_141959,0.6259879125987913,0.29009112810306903,0.9318031511379109,0.7370641794359316
4_141_141975,0.5356055550921678,0.3502914496602628,0.543641671032794,0.3308192298258523
4_142_142009,0.9520772089411503,0.9085588487972509,0.9711715867158671,0.9530775600331217
4_142_142011,0.4254752687553067,0.23982584289878017,0.4609860494610019,0.2856496834488996
4_142_142037,0.8118036735922914,0.5653727077875684,0.8613811675567119,0.639921722113503
4_142_142071,0.952522801953137,0.7116701875680174,0.9771275236391516,0.8529676837903952
4_142_142102,0.9343645706415215,0.6809080146188294,0.9206730769230769,0.746356622374625
4_142_142115,0.9198498802924746,0.8278677333915845,0.510927882940425,0.49692255310232836
4_142_142131,0.9557801642451043,0.8167464870269986,0.9827009890072022,0.9631701076932231
4_142_142233,0.19809471830112382,0.14941254125412542,0.002153884321751976,0.3501107308234347
4_142_142237,0.7769757311761045,0.6596494242997079,0.8459407371717659,0.7116414257304574
4_142_142258,0.5635820523990291,0.17150578052299004,0.9904106871238675,0.850090670965142
4_142_142301,0.9245321399511798,0.8006248894653069,0.9514444831186912,0.8557669008965351
4_142_142305,0.3695678228145449,0.15280987915208347,0.7943501633814694,0.5306533181958922
4_142_142344,0.0,0.0,0.0,0.0
4_142_142364,0.5870579636813403,0.2528188026044148,0.9780406468256465,0.9341874866538543
4_142_142405,0.7954367934224049,0.33379125372060314,0.8885284576820996,0.5447929522917819
4_142_142457,0.6612228461486834,0.41699241502498124,0.9146778621023737,0.7976787447428016
4_142_142469,0.8631676684748082,0.47812832328961363,0.9753324554407701,0.8548680855492533
4_142_142509,0.9134200593151793,0.7959224706450057,0.9597920023436356,0.9181304216477494
4_142_142520,0.7660723130262507,0.5731278723979454,0.8233903647005854,0.7126160612477602
4_142_142527,0.9164198053322048,0.8815864484078508,0.9434713375796179,0.9268334184107538
4_142_142529,0.6595365418894831,0.5744823214537259,0.9435893489302755,0.9421537449281719
4_142_142537,0.30963783685831886,0.4256865635821305,0.3160786196229032,0.46057651547265793
4_142_142541,0.8503563394393089,0.6172213394858846,0.8826969157378707,0.7352262488187592
4_142_142588,0.0020477815699658703,0.050245220698628766,0.6284683058876607,0.4162809356292045
4_142_142598,0.29498221708017314,0.27921409636675504,0.2587057948475218,0.38255231358679637
4_142_142625,0.7606630725785748,0.45531597820518793,0.8670655675969706,0.6920154185022026
4_142_142627,0.8799864391456662,0.8606509124547977,0.9574815000627116,0.9214673211056574
4_142_142628,0.8482749775554701,0.8032283533643302,0.9410913301490809,0.9594469190794358
4_142_142635,0.8734115563427053,0.6646409162624906,0.9614325068870524,0.8709986582327008
4_142_142638,0.6040819856438641,0.5244279159043878,0.835140562248996,0.8408405822065282
4_142_142642,0.9073115745247733,0.8266771488469602,0.9585235711535288,0.9364716138171516
4_142_142643,0.8963033815337872,0.8469052127977673,0.9540110860693184,0.9322387281730519
4_142_142644,0.9110734702519585,0.8802086351782092,0.931254216957793,0.8875204296054168
4_142_142647,0.7569377061905685,0.693069838627393,0.2809192402493838,0.21838961038961038
4_142_142656,0.884648207851318,0.4641727900244934,0.977455759245523,0.8942641599808406
4_142_142658,0.8613997459550632,0.4480903472500111,0.9655671296296297,0.8431815676331166
4_142_142667,0.8630895091434071,0.5982783357245337,0.9780944986690329,0.933507480408454
4_142_142677,0.8561857718730483,0.7316747198519584,0.9521324571575828,0.922100789313904
4_142_142715,0.31333165955310066,0.21689381240434372,0.0,0.0801766936398108
4_142_142738,0.6001591788566567,0.39710074604233636,0.9481660443663519,0.8597613482593185
4_142_142742,0.8577752037397096,0.7991073010025151,0.6813316357806385,0.6923383445028075
4_142_142758,0.9037421321793863,0.6359253306960069,0.9416386979915827,0.7942979468716551
4_142_142765,0.23989516129032257,0.0,0.24157645549266266,0.0
4_142_142789,0.688859752438943,0.5438765670202508,0.7175371908583228,0.6187766714082503
4_142_142848,0.35759149655755523,0.1894662682506134,0.382758508808929,0.22332723765625392
4_142_142887,0.9013615090058148,0.7848876328892478,0.9525434243176178,0.8699718077425566
4_142_142894,0.9169668555292073,0.5684216051650832,0.9878591105863833,0.8097313399900701
4_142_142916,0.731003955547184,0.3119553768074308,0.8636312204394759,0.6759409111256499
4_142_142947,0.3038395638629284,0.0,0.3064787580414301,0.09718606388517873
4_142_142948,0.8609176388647048,0.7261321249113721,0.9121618304119409,0.8988788744779073
4_143_143056,0.8652407962715416,0.6519835596854896,0.9811485642946317,0.9458586087646692
4_143_143078,0.9293470714027828,0.7208990271720899,0.9761335105597401,0.9125782021731972
4_143_143191,0.9252486531288852,0.8347112023525495,0.9774427816901409,0.9229793612360199
4_143_143196,0.9016596653123063,0.7990472700622939,0.9659303631598652,0.9308026888098062
4_143_143198,0.867090689768615,0.8588613899318059,0.9360285960803648,0.9339085137554941
4_143_143199,0.8759550561797753,0.7161375813792706,0.9007688611244594,0.7750446694460988
4_143_143253,0.8046915865287892,0.4895889390238854,0.9302445423030076,0.7381900967558338
4_143_143262,0.7548452395606801,0.36298029176138247,0.809095075471977,0.4377550115309562
4_143_143495,0.04096681687832855,0.43476456383942047,0.010107506322623258,0.48984886813258094
4_143_143505,0.7772265532719111,0.3631291501316255,0.9714052287581699,0.917119780393813
4_143_143609,0.4813461637420882,0.20473742196107234,0.755868544600939,0.4962893492089382
4_143_143630,0.9596392333709132,0.8948892501524081,0.9696662507797879,0.9259820309235269
4_143_143648,0.7743247922437673,0.49141159757200054,0.9238581407845244,0.7921192640212813
4_143_143691,0.891091665471238,0.629451354574885,0.9422085889570552,0.7634478613643193
4_143_143733,0.8886147660818714,0.7617723124969502,0.9091397062411555,0.8127100677387662
4_143_143735,0.48214702450408403,0.5221214492887067,0.4648318768996961,0.5319559487951807
4_143_143747,0.7935319090187416,0.656199764226771,0.9180559722281747,0.8500327725584444
4_143_143757,0.5702539550374688,0.49314268298877434,0.7008474576271186,0.653121548755928
4_143_143776,0.9333483160496998,0.8270326471199834,0.9699127160705118,0.916419343575419
4_143_143828,0.9839873520350252,0.9074936979604308,0.9879860111088253,0.9234739676840216
4_143_143913,0.9286168723756203,0.8088571085206105,0.9566097122302158,0.8843021448554554
4_143_143962,0.16127905109971574,0.0930836269237901,0.17751651866080678,0.2612772649174408
4_144_144039,0.8068,0.46262850791886634,0.9135341941654711,0.7820938162381348
4_144_144110,0.37581159649797524,0.45356133408705485,0.4038351672917857,0.5561104306039762
4_144_144178,0.9666559305656796,0.8535731222412724,0.9866949479367528,0.9438992349895681
4_144_144346,0.47712454568154705,0.2421691221988362,0.9702223246169797,0.9180665610142631
4_144_144363,0.6986359761295823,0.49640797328746333,0.9861169301085507,0.9434248189930965
4_144_144374,0.8972148541114059,0.8105622125582705,0.9397524819801442,0.8996237973166428
4_144_144408,0.8677709152161707,0.6524792765636774,0.9785174053361583,0.9573170731707317
4_144_144439,0.5686471498322249,0.5689618644067796,0.5903627206162442,0.5996545171877699
4_144_144500,0.9692257607384286,0.8499029640084685,0.9734072782143487,0.7461013824884792
4_144_144604,0.9424154156397042,0.8819095477386935,0.9581910257920151,0.9031784841075795
4_144_144643,0.30749288594822016,0.2001067235859125,0.31795702907945916,0.20325236554294843
4_144_144682,0.8970295513703874,0.8049779701630981,0.9327458641616094,0.8608028720626631
4_144_144722,0.31675323011422435,0.13917849845444544,0.3663444308752868,0.21719642688046464
4_144_144785,0.9366430827037614,0.7368477179013223,0.9868112668854135,0.9476134018355069
4_144_144868,0.8310718418007784,0.6371068890230873,0.968624245472837,0.9369663095792579
4_144_144961,0.9770173300839426,0.872112518628912,0.9836161699779249,0.8496840996840996
5_145_145114,0.3928241983671334,0.3861576850676356,0.39809144794921736,0.3839084993098008
5_145_145174,0.8143830703012912,0.6295535050509468,0.8618511108771191,0.8455979817847522
5_145_145275,0.9421199688759991,0.7900382661062668,0.9677981498303703,0.8599443241571296
5_145_145322,0.8712928097543482,0.8358288602191041,0.94308,0.9298981426003595
5_145_145349,0.9022231973087611,0.7520185089003258,0.9831169353217831,0.9556655547186054
5_145_145398,0.8476794922649742,0.5096671519994582,0.9732272173227218,0.8666823640216623
5_145_145486,0.8769379066591694,0.8348201917216158,0.9204076254063076,0.9060295251081995
5_145_145523,0.9327977273736073,0.8279014977281651,0.9742495309568481,0.9118950437317784
5_145_145612,0.15838304104011144,0.0,0.16417827555884668,0.0
5_145_145707,0.891860465116279,0.6193736186728478,0.9616406665207741,0.7908157633292858
5_145_145717,0.4126943963252039,0.14865022788360407,0.4610429180813093,0.2233469131933563
5_145_145732,0.9138332176823544,0.8336708860759494,0.9439360246322271,0.8844744625435924
5_145_145766,0.5136176215277778,0.2012090715309082,0.6906985431453119,0.5016665618514559
5_145_145770,0.9066539584202061,0.8250280303974088,0.9246912024199647,0.8853499102794156
5_145_145834,0.9347767616998386,0.8346729916106645,0.9710083737949475,0.9299773074607511
5_145_145839,0.8491774639685544,0.6535294117647059,0.9726700081278786,0.9439230297599396
5_145_145845,0.8851627355382791,0.861345239088709,0.9548059484947407,0.9521105347880522
5_146_146158,0.9427938362372847,0.9310419368785128,0.9605305039787798,0.9568939845145921
5_146_146174,0.21690337476843774,0.11174203317502925,0.30134601995822696,0.1635007988638381
5_146_146290,0.930747644818601,0.7718622861892471,0.9673116811510489,0.8868664239708766
5_146_146319,0.8831702397848659,0.8465902950394467,0.9636725553620303,0.9473530613436059
5_146_146327,0.686389273172289,0.4323762453910724,0.9336029487048224,0.8535466483169907
5_146_146330,0.4799822311066689,0.422038870553722,0.44588419043211663,0.39350233636263293
5_146_146332,0.9092693404436544,0.786620009782895,0.9030640668523677,0.7807847967622734
5_146_146373,0.9409485300311684,0.7433612440191387,0.9740167500221952,0.8480476424361493
5_146_146431,0.9597634776181457,0.8607813334428789,0.975451057034583,0.9144636502287747
5_146_146464,0.26866292368475775,0.0,0.29875030217672344,0.0
5_146_146546,0.9473725306473022,0.8446645655110311,0.7695818730132855,0.5580505130228887
5_146_146551,0.9404495144971821,0.8350669818754926,0.6492421022807763,0.5040431266846361
5_146_146552,0.9461547558043281,0.8587650415230778,0.9509433962264151,0.8080168776371308
5_146_146553,0.940738813735692,0.84,0.7588671982403079,0.6915670299439213
5_146_146579,0.8982382653689787,0.8047343394666115,0.9446780551905387,0.9105102387147868
5_146_146593,0.585258832107112,0.3203595855624027,0.7287618104550894,0.49176728869374314
5_146_146599,0.9574148692423166,0.8526969992115394,0.7795164357511546,0.6355832860654188
5_146_146660,0.8612734470732397,0.6419929639905042,0.9777312523791397,0.9104196655962795
5_146_146821,0.8810793600254716,0.8130283083342326,0.9491651044164451,0.924658843316387
5_146_146838,0.7284730545003961,0.46883558253868746,0.7660936071532098,0.5065494715961558
5_146_146987,0.9046020761245674,0.7516510953608248,0.9481755092903514,0.882954392573658
5_147_147030,0.7514505879102324,0.8110305485951911,0.7520374431316074,0.828839585705162
5_147_147073,0.9139418585481123,0.8052769634315692,0.939540964555491,0.8714607311582485
5_147_147132,0.41092234744692513,0.4084206586826347,0.4174508852777104,0.4078459392330986
5_147_147338,0.8981344596972897,0.7270546997509455,0.9466356423558132,0.822158259802765
5_147_147342,0.9410180065220474,0.8362886952041562,0.9691954533673961,0.9286240220892775
5_147_147349,0.93667060076571,0.8368501529051988,0.9837103796851688,0.96
5_147_147364,0.9387621234128286,0.8464807591546836,0.9213494022554571,0.8102041996876266
5_147_147367,0.8200722087655957,0.6122920517560074,0.9191397849462366,0.8612687244666364
5_147_147389,0.44251192858242266,0.2682156553124295,0.4934573545640864,0.362247412518482
5_147_147394,0.6894998690756743,0.35567586916640564,0.747358199577312,0.43908157099697886
5_147_147401,0.8974671453509436,0.7889563210530814,0.9585034013605442,0.8751363301400147
5_147_147693,0.939171041386888,0.8487755515077919,0.9896401484589318,0.969774501300954
5_147_147694,0.6810858070694034,0.4564831993403422,0.6470940205034106,0.5360307298335467
5_147_147712,0.5094604810630663,0.3088443396226415,0.9324351060462172,0.7374710552431359
5_147_147898,0.7449878009971359,0.4571273796625909,0.7773864168618267,0.5068619493839003
5_147_147978,0.6590265606040178,0.5483579391382947,0.8438627606874197,0.9251164457183805
5_148_148004,0.8616545556176635,0.7027828191167574,0.9546387903677431,0.8961800818553888
5_148_148059,0.09533338669655007,0.20455375624010716,0.1542725656312101,0.25267036957914973
5_148_148067,0.1681311475409836,0.23712065762062948,0.0005457301667508843,0.542700064860858
5_148_148183,0.9450501526384649,0.8753054906859284,0.9686139747995418,0.9275452488687783
5_148_148271,0.18376999265882807,0.19547555817842038,0.22078278848517272,0.0
5_148_148348,0.8755480607082631,0.8341010165184244,0.9742261528742894,0.9615618749456475
5_148_148420,0.7317145984675092,0.8681975308641975,0.811871901380142,0.8151974040021633
5_148_148437,0.9629229418518268,0.8924597083653109,0.972254976763543,0.9190757128810226
5_148_148438,0.9524049104447575,0.8761520737327189,0.9899117276166457,0.9721913236929922
5_148_148493,0.9472680259420966,0.7907966275313214,0.9606157935541034,0.832163318002098
5_148_148498,0.9428715724428864,0.87046758637529,0.9642424053978421,0.91333555870817
5_148_148588,0.907301422129726,0.6897532243322839,0.8971278771641749,0.631911532385466
5_148_148593,0.9399396735273243,0.8783051632322297,0.9410394932935916,0.8759308697484895
5_148_148599,0.2836296617519514,0.15691771302033028,0.7468838773262219,0.6857778326949215
5_148_148658,0.38686276638083866,0.005055117083034375,0.40699223507917176,0.014962057206058558
5_148_148662,0.9002982961727084,0.8380514705882353,0.9701002135699031,0.9546348176545758
5_148_148710,0.45274784173350435,0.14100770421773276,0.874435230197312,0.6157856886012226
5_148_148763,0.9348443546388608,0.7349588233178695,0.9807520687976635,0.9206392409985225
5_148_148788,0.779753676008546,0.5027901785714286,0.9443082580052091,0.8724936201239519
5_148_148954,0.8584855705586444,0.6749215207534007,0.9726476463658249,0.927766773953949
5_149_149055,0.8606482213438735,0.7187591776798825,0.9694214270000733,0.928950749464668
5_149_149100,0.37490589445333955,0.16521278474306905,0.3633812731592378,0.017619394581704976
5_149_149153,0.9478311543528934,0.8042704626334519,0.9689599076406381,0.878671970624235
5_149_149167,0.9494364722547268,0.849747219413549,0.9758621797962267,0.8880673750183616
5_149_149223,0.5867123303683097,0.45822143788843706,0.6145273387047174,0.5733178654292344
5_149_149420,0.9419142899805883,0.8516814819419407,0.9597014146265073,0.901472471190781
5_149_149500,0.805962032825786,0.8301534098233854,0.8283092324805339,0.8483367597991305
5_149_149560,0.8974886431816234,0.7818500782324214,0.8995285242809995,0.7268615170494085
5_149_149561,0.6581211501533704,0.46671098554096724,0.7043253148724512,0.47712817564411225
5_149_149641,0.6063747408388079,0.3587605748649475,0.7746630904095251,0.544908823196285
5_149_149774,0.9322272656127719,0.7680613195561955,0.9310306836335592,0.779267866503582
5_149_149828,0.8678275146906326,0.7605639609184978,0.9235095613048369,0.8767808158570038
5_149_149842,0.9328797083839612,0.8403781310211946,0.9582948125321007,0.8986803427356308
5_149_149844,0.4032087040708128,0.15144236783507217,0.37908198714608304,0.22282727604229974
5_149_149848,0.8785597700309387,0.6130540710468406,0.9382282856319882,0.7638099370796269
5_149_149858,0.7648401826484018,0.4209735761142787,0.8715611958095563,0.654651205868188
5_150_150008,0.7720264317180616,0.6848789635185817,0.6826220772658368,0.721444655393174
5_150_150052,0.4593681486539913,0.24649859943977592,0.48708840005465226,0.34422823440048256
5_150_150104,0.9617326241774091,0.8726914925825008,0.9818224190165462,0.8699327986126165
5_150_150118,0.8789694079329999,0.8260948408740593,0.9695869269178393,0.9612214498510427
5_150_150186,0.8501905247682199,0.6526123846382852,0.9643203211517165,0.8845439263912236
5_150_150197,0.933792199278925,0.7646532438478747,0.9614145183175034,0.92
5_150_150207,0.9306768856359311,0.7420734942955691,0.978021978021978,0.9129450429067008
5_150_150259,0.5835443037974684,0.46646411186252407,0.6047234237557143,0.5241974279208492
5_150_150306,0.914527205493925,0.8078460769615192,0.947072704798292,0.8754361028556661
5_150_150467,0.3229568257465099,0.1800597962047715,0.0018036386449184442,0.1538079962961738
5_150_150486,0.8135437881873727,0.8425614717848929,0.8972275334608031,0.9344684594119126
5_150_150513,0.9357984208482547,0.7921343677781446,0.968282736746715,0.867547453800485
5_150_150590,0.940629839958699,0.8554110255729581,0.9647953583189588,0.918766209707299
5_150_150624,0.16766939911258177,0.44730477777180633,0.9454225352112676,0.8810435192273718
5_150_150633,0.9415378768685078,0.8574669482906986,0.9591566105291075,0.9035627530364373
5_150_150723,0.9258365508365508,0.8366936790923825,0.9553808742860375,0.8972332015810277
5_150_150724,0.9092197777273758,0.760538235196879,0.9336849807915116,0.87134366234807
5_150_150725,0.860827386782333,0.7626245276537272,0.8722732059575748,0.858493031358885
5_150_150853,0.8740003017956843,0.8367260900987714,0.9109792284866469,0.8998718652754897
5_150_150946,0.870996336130481,0.7835573940020683,0.9471482637275082,0.9365036182599706
5_150_150979,0.40143222306776716,0.23635463509220678,0.4983312646531513,0.474770304132069
5_150_150996,0.7027012483857081,0.30966638152266895,0.9275205864631452,0.6744135885683472
5_151_151129,0.6686514592418652,0.36366137129495907,0.7285048448423893,0.615159772108001
5_151_151131,0.15364117895557794,0.06336601128210745,0.24836622557466592,0.06909914743933702
5_151_151134,0.8720246429571549,0.7926865377023292,0.92825001541022,0.8887654712789591
5_151_151210,0.9158223289315727,0.7011628409631263,0.9792876399834094,0.911860453816627
5_151_151223,0.9002281684297864,0.6651746144300655,0.9214661104188113,0.7644158151932474
5_151_151224,0.9327880411789592,0.7821628056038824,0.9703467017051393,0.899866169582258
5_151_151237,0.8241239395057175,0.7586354859472216,0.907808010816292,0.903327693175409
5_151_151238,0.25937856519696667,0.16924926529521775,0.00023904915806886528,0.5893083354446415
5_151_151244,0.6331330868761552,0.39493525651532535,0.8312939521800281,0.7025413711583924
5_151_151256,0.9645186773501863,0.8185234305923961,0.9744190361334014,0.8481683804627249
5_151_151334,0.9394006588950836,0.8062557403816716,0.9809719462499579,0.9314778736431951
5_151_151463,0.8794424052110076,0.4807766042734149,0.9267941270639893,0.6730843611672181
5_151_151526,0.5145859367651604,0.10270703999324296,0.3815254642544034,0.00035270880361173816
5_151_151533,0.7689984411535464,0.81021409455843,0.9072342519685039,0.9190499272903538
5_151_151548,0.8591685634303953,0.7589798033416749,0.9265950148639378,0.8865882731095813
5_151_151641,0.8720866465588155,0.6467399196476112,0.9082882476705741,0.7279860043471346
5_151_151669,0.8966764748444359,0.6921973216725882,0.8859635210150674,0.7480971128608924
5_151_151683,0.5403660763579224,0.25696393867415246,0.5609001531985781,0.29987702546296297
5_151_151771,0.8135775862068966,0.5944589521788803,0.8553306594534092,0.7445206784829427
5_151_151933,0.9058865164562935,0.636632623842703,0.9606531881804043,0.8318172629876693
5_151_151965,0.8117970576103396,0.4367302583916928,0.9780855068566819,0.9166952544311034
5_152_152074,0.8173215232038762,0.8067506027323869,0.8845532831001076,0.8478669030979451
5_152_152103,0.8576243811663916,0.6547672842295527,0.9456495346013759,0.8349452911293475
5_152_152125,0.9297964486790818,0.8264242961649302,0.8433647570703409,0.6762528065733531
5_152_152191,0.7339884991024431,0.35337581344902386,0.9718751288712937,0.9250990679243177
5_152_152323,0.9100613218260277,0.7441908146528158,0.9555555555555556,0.8782669256992046
5_152_152335,0.7352769800640946,0.5407248322147651,0.9188204919146623,0.9204562854080539
5_152_152353,0.9437069813176008,0.7893716626435521,0.9530608602534356,0.8078821335868095
5_152_152356,0.8789896355274899,0.6912269606071557,0.9528362985256581,0.8811070879420664
5_152_152357,0.9376347898017666,0.8135672079281626,0.9711798353133446,0.8668137322487247
5_152_152370,0.11497899159663866,0.0,0.11524230569426333,0.19728442115292996
5_152_152379,0.8952132474309142,0.8360466284795498,0.9628111273792094,0.9435675675675675
5_152_152424,0.8965024982155603,0.7610434628033064,0.9121424631628713,0.7982471750155707
5_152_152463,0.7716427041908841,0.7401531296866367,0.9619323671497585,0.9643167132799692
5_152_152639,0.8267518238699795,0.41394709721745104,0.5542872470419933,0.2989406529358485
5_152_152659,0.8182392320323355,0.7211895910780669,0.9711899471304881,0.9631245517571121
5_152_152697,0.9611877224199288,0.7687651331719129,0.9833981741843535,0.8343914774561498
5_152_152703,0.8418080950661458,0.7004810413129599,0.9160220199330766,0.8025023342670401
5_152_152765,0.9525835105717503,0.8525459506770324,0.984645039040805,0.9486123156981786
5_152_152787,0.9399028322372018,0.5593478529375437,0.9689974042829331,0.826252672678256
5_152_152955,0.8539103146420018,0.7719204590951555,0.9558936088786835,0.9301923831959168
5_153_153003,0.09814687714481812,0.1591686534673992,0.0,0.0
5_153_153355,0.40339825463792406,0.20243197912784197,0.9348228262416394,0.9572562776957164
5_153_153455,0.8290423861852433,0.8111928104575163,0.9490929285449834,0.9649576460098083
5_153_153554,0.5327446105895886,0.2854695806261075,0.2143743495316628,0.39233769399528723
5_153_153651,0.004881416103742419,0.05309979257893524,0.5613444558271136,0.47259875631906234
5_153_153790,0.6934677932224947,0.7067238173931006,0.9135771543086172,0.937401986408782
5_153_153805,0.5119613450350065,0.3908017888125901,0.6700304082236753,0.4728185959584161
5_153_153857,0.1741557508428674,0.1514304470279313,0.07181297775340212,0.13706776653397917
5_153_153860,0.8769601930036188,0.8568154591384968,0.9402300637338722,0.9377239656857422
5_153_153872,0.8748102226720648,0.7131365257645899,0.9783419391853126,0.9492759982448442
5_153_153947,0.7495283853092024,0.2052130193172797,0.9776881825654675,0.7266306605733278
5_153_153969,0.2494596290614977,0.030641185357966443,0.00036362502986919887,0.44167007777322964
5_154_154001,0.6156623735050598,0.15883585564610012,0.36384664869082,0.21309931730794382
5_154_154018,0.5196192515360268,0.38633447833464385,0.9704534330084991,0.8665132336018412
5_154_154148,0.8836706504113867,0.6886951996877846,0.9431714620492123,0.8371180263526773
5_154_154155,0.5982101881597063,0.6299842673466066,0.8553447304151794,0.9196945436630127
5_154_154276,0.8901917808219179,0.7414902327757632,0.9546796842041825,0.9112234075737725
5_154_154290,0.9190084165018627,0.7962915925831852,0.9682984370392215,0.9349937164400777
5_154_154292,0.8160546408351945,0.5415770749442902,0.9361889763779527,0.8121650841402651
5_154_154297,0.5675399571593344,0.46359143327841845,0.9338436609487624,0.7669111236473666
5_154_154324,0.8828964576107352,0.8015944374512978,0.6447158619809937,0.5184521778687592
5_154_154523,0.8737964546027175,0.7311551324929252,0.3998974884674526,0.3512174817898023
5_154_154579,0.23922549000969565,0.0,0.27139206107858044,6.533172181752851e-05
5_154_154580,0.36778846153846156,0.0,0.36942871485059575,0.06782655973902406
5_154_154588,0.6687966557181249,0.6442225085910653,0.6866080156402737,0.7038017459870459
5_154_154657,0.5995942555122524,0.3579918268677334,0.6763885748737659,0.32985105811419874
5_154_154732,4.2258282623394185e-05,0.014661081492764662,0.0003380662609871535,0.01624012638230648
5_154_154733,0.0,0.0,0.0,0.0
5_154_154914,0.8693242647521884,0.7895355434870714,0.9398293029871977,0.9342652765440179
5_155_155012,0.9490231712857792,0.7190673185408049,0.9841001594744484,0.8005597468970552
5_155_155026,0.9628962175366933,0.8084708813453753,0.9947302904564316,0.9718085711037854
5_155_155028,0.86990095007075,0.6146381793655629,0.7015485996705108,0.5799520666021949
5_155_155096,0.31136811023622046,0.0,0.023684835597380417,0.29168945490533116
5_155_155113,0.8588615350339757,0.6387898240608655,0.9125145911408736,0.7409516329602722
5_155_155118,0.9005100947318788,0.8249453807740325,0.9102834602330061,0.8453903026837138
5_155_155145,0.9444582094482986,0.8617273967756608,0.9802057221886075,0.9325987637731793
5_155_155196,0.9082025026024516,0.6791980899685451,0.9738941930722753,0.9046949800166894
5_155_155204,0.35463392857142856,0.0,0.0009329349661663459,0.265327553245914
5_155_155206,0.8392438540602272,0.8122600796356787,0.8622030837616336,0.8369730712419043
5_155_155260,0.7612818085320022,0.4802576683021261,0.8279492401691995,0.5912361722693589
5_155_155261,0.9390928398058253,0.7698979591836734,0.9677946878379448,0.8731516123285231
5_155_155333,0.8505056426791734,0.8288504216600089,0.9214965759144814,0.915753683415187
5_155_155335,0.8526827012025902,0.7638746978343759,0.9501465299054216,0.9056212856441852
5_155_155340,0.9001324503311259,0.8125977893302377,0.9362660200900589,0.8562782160043657
5_155_155413,0.293551763001127,0.19061748195669606,0.0019114303535140138,0.6309850446342312
5_155_155420,0.8266812259959334,0.7679033649698016,0.9338497425289379,0.9144250168123739
5_155_155451,0.7586662124180223,0.5911265328122894,0.8641208683747311,0.7307961022246736
5_155_155459,0.8970808627093243,0.6251192012116452,0.9704452723079652,0.883241477852623
5_155_155509,0.49808722264728383,0.5802996670366259,0.8459512837393022,0.9186232432887318
5_155_155514,0.9092942345924453,0.8552403584335858,0.962189161609109,0.9323578421162257
5_155_155658,0.9478399670459812,0.7854436464400837,0.9882403711295716,0.9463568382671034
5_155_155745,0.8656895860766016,0.8368558642385573,0.8973990246342378,0.8729840546697039
5_155_155855,0.7546622758349143,0.4264574718235628,0.8208435708435708,0.5829269447469343
5_155_155885,0.3250348085825469,0.3834996518913901,0.14164586442048893,0.26336182336182334
5_155_155983,0.9075897815623843,0.7980593189307946,0.9507846780250623,0.8903495958710682
5_156_156109,0.9608749304362554,0.8458174904942966,0.9876024744756827,0.9498234997478567
5_156_156160,0.5560551299565947,0.4579347777728345,0.5772627132530997,0.4639570868578502
5_156_156251,0.817247857226723,0.7450480590515639,0.949793956043956,0.9257567104511708
5_156_156260,0.83651945917389,0.5139239642345232,0.9003991800625741,0.6534496431403648
5_156_156392,0.9137423502982416,0.8335035005834306,0.9745265627618569,0.9594381934062476
5_156_156402,0.8776783463574489,0.8184360938830111,0.9079750440797505,0.8848994577978909
5_156_156422,0.9348057858472701,0.8197357500168241,0.9857779736578917,0.9603374918872143
5_156_156485,0.7441421534778806,0.43263831625240506,0.8713059472716125,0.7810643160300359
5_156_156556,0.11597542242703533,0.19145752143413874,0.1246115985980263,0.19428416059937767
5_156_156576,0.8929213386972524,0.6267812545908623,0.9569669230406266,0.8008982035928144
5_156_156589,0.7814145723618425,0.6053528282014745,0.9003664145942153,0.8232228174315911
5_156_156747,0.9719542693819221,0.8914986489295365,0.9690837753396788,0.8816658555238823
5_156_156884,0.9429016232056595,0.6104663212435233,0.9060625767757786,0.5537035497547593
5_156_156914,0.9223139763997432,0.7842475565884562,0.9798543978995107,0.9444444444444444
5_156_156935,0.9159900836690424,0.6746308822459816,0.93104447808303,0.7866306829977164
5_157_157051,0.33076774068573644,0.12821610232267197,0.24608260397552048,0.0
5_157_157137,0.930892386678376,0.8677572476560355,0.9555150605638332,0.8760597993037067
5_157_157174,0.8591532726497361,0.5822765088960209,0.8997359828779429,0.6974394161494557
5_157_157199,0.5922416791209617,0.0,0.9623674360573924,0.699385410171907
5_157_157291,0.9302597484674209,0.5991977784634372,0.9684973361718087,0.7600858369098712
5_157_157343,0.29655552727581236,0.15116104868913857,0.9254422679837044,0.7220761631612492
5_157_157357,0.97630900257902,0.7095043981978116,0.9769071251686162,0.6003149987884662
5_157_157397,0.9598611468243764,0.864811769005848,0.8880338694216636,0.7037316096284253
5_157_157409,0.9489856447977222,0.8203303270672607,0.9788754271512892,0.9092499576725549
5_157_157410,0.7462772651006712,0.44175907898078387,0.9685387056713123,0.8861538461538462
5_157_157450,0.9204957240179736,0.8035982008995503,0.9582259701725618,0.8995442837329106
5_157_157466,0.9522744220730798,0.86676662739638,0.9482289886593134,0.8458938268868448
5_157_157483,0.8432968832795414,0.7726239855725879,0.8707446808510638,0.8159024169866727
5_157_157542,0.42207237154525595,0.2458615265536441,0.00705564451561249,0.5812303509219136
5_157_157619,0.16773762323595984,0.20380464406410118,9.326618168252191e-06,0.5549903100775194
5_157_157620,0.8904230317273796,0.8883537112510806,0.9731165311653116,0.9719256623171214
5_157_157631,0.20399321906197024,0.1879432624113475,0.171732868405094,0.1758608417118961
5_157_157653,0.902061555766732,0.6811159112543018,0.9758090051295042,0.9148697959860673
5_157_157860,0.6439895534466269,0.5857751154734411,0.6755042668735454,0.6519249242592182
5_158_158013,0.91655221406583,0.837866927592955,0.968479762574835,0.9536407027521072
5_158_158057,0.9198721054161418,0.7085476850019786,0.9638950233680859,0.8657092659078757
5_158_158124,0.3142512077294686,0.3628913292902803,0.0017259099811895203,0.6163225347098612
5_158_158155,0.3753330501602502,0.4835506056251283,0.8539761431411531,0.8624153648714431
5_158_158233,0.321639520315017,0.2554125728197548,0.7454310503968986,0.7853827423527622
5_158_158271,0.9675060313630881,0.9028784021930684,0.982950362304801,0.9540966106218308
5_158_158297,0.9127202323330107,0.806349649049412,0.9643772212579552,0.9492971400872515
5_158_158331,0.8726424141678921,0.8285742861429214,0.9352144311083035,0.9069409830849992
5_158_158352,0.0,0.0,0.0,0.0
5_158_158364,0.9078819417067465,0.6247647270834168,0.9164617104527669,0.6288105441901836
5_158_158449,0.8981927710843374,0.7818265379817477,0.9701272901184608,0.9454855195911414
5_158_158540,0.5712306200058506,0.4328425992506528,0.5862971956387183,0.4255326413548211
5_158_158683,0.9220227794099891,0.7056489629164048,0.9745242346383313,0.8880103636201198
5_158_158727,0.898174041783188,0.7046347767588429,0.8706412851323307,0.6528307464892831
5_158_158836,0.16618273468244726,0.22529728576761052,0.003293335072388157,0.3685163626956409
5_159_159008,0.8706712920698679,0.646755584649374,0.9834349875242584,0.9493425746610947
5_159_159009,0.5457661532415645,0.15326258648690738,0.9722716103641849,0.8711692812842029
5_159_159069,0.8984176164656412,0.8783246713543259,0.8827691944804812,0.8910335281451861
5_159_159091,0.8854949362953283,0.7620008406893652,0.9506360867228095,0.8917828319882611
5_159_159148,0.8948311156601843,0.8592010478061559,0.9819294251565168,0.9538051525022209
5_159_159161,0.9195982123102792,0.8189646335212711,0.9509485477569082,0.8899242865463017
5_159_159257,0.8398297686599738,0.5271382199743339,0.9375605033881897,0.7210096792560258
5_159_159364,0.8498542274052479,0.8619069985908877,0.9659300184162063,0.9397541809389482
5_159_159443,0.3914192177359141,0.5499447889238087,0.2777103314313464,0.314584583726314
5_159_159505,0.9720432342548326,0.8481590424992392,0.9815272468663881,0.8977261394235564
5_159_159649,0.9144611545281408,0.8458653330951955,0.9586167598561203,0.7851141831513022
5_159_159663,0.7517960374922826,0.32908060373192943,0.9782608695652174,0.8901078026309541
5_159_159681,0.8629998789395101,0.674589336514637,0.864407565362507,0.7566717499046893
5_159_159803,0.0,0.0,0.0,0.0
5_159_159913,0.8658378658378658,0.6011036657469452,0.99274786409696,0.979163018735773
5_159_159925,0.602506209076541,0.3773083886541943,0.9093556607207863,0.9225400570136636
5_159_159927,0.9512510179438938,0.8351292582749457,0.9692182363038608,0.8923885828743114
5_159_159951,0.7555628005542424,0.7576351630210483,0.4580191050779286,0.507715387912559
5_160_160012,0.9162131813077654,0.6614560071460474,0.9768250289687138,0.9219041165509063
5_160_160069,0.24581249946396563,0.0,0.0010615516957373208,0.40903557419180303
5_160_160098,0.2760143132397468,0.27283866187952355,0.0009765625,0.25324569282273207
5_160_160104,0.9365798034678203,0.795796902981144,0.9752281151981751,0.8696098562628337
5_160_160115,0.641335636154289,0.16367867609032927,0.4610498515634036,0.0
5_160_160128,0.715713028169014,0.7617908122095773,0.9138910027512732,0.9314341846758349
5_160_160129,0.8837394419139433,0.8507712127015076,0.9477188173095751,0.9436836888285179
5_160_160230,0.8993826287760969,0.7734469110308037,0.9733981693363845,0.9470550121872204
5_160_160233,0.9044627789236828,0.8008582406067561,0.8051551118129489,0.6894308943089431
5_160_160300,0.9523063533507398,0.8503449184937827,0.9769655088804025,0.9295197279545349
5_160_160330,0.9327297668038409,0.8169453734671126,0.983987376910265,0.9568234081357545
5_160_160343,0.7348015566470871,0.3935166476324343,0.9811601093545703,0.9257777948698227
5_160_160348,0.8932568251479079,0.7015054419692809,0.9658736349453978,0.8975362652544324
5_160_160350,0.9109997868258367,0.74707986951489,0.9654640764724021,0.9010473930906776
5_160_160390,0.9491600845477807,0.732440159201749,0.9751551002741308,0.8438427740173376
5_160_160391,0.6333910863715118,0.6539492353775815,0.6492415495481149,0.6171397595111374
5_160_160395,0.9036534763687886,0.7993683581579958,0.9670538388487107,0.9352878906429788
5_160_160397,0.9547174822388952,0.8104877711759017,0.9424554183813443,0.8172996369729126
5_160_160431,0.9372305751235411,0.7570832887843473,0.9575242718446602,0.8849624060150376
5_160_160446,0.2397049969897652,0.26665924400155877,0.2609299556848998,0.33904885150436753
5_160_160462,0.0,0.01709837019790454,0.0,0.023759659131941935
5_160_160469,0.8973139134889848,0.8094431505399111,0.9427083333333334,0.8622968879096667
5_160_160480,0.9382864208306059,0.7950885419880299,0.9631035529911934,0.8724277155509247
5_160_160595,0.9414746718117505,0.7799514301133297,0.9720572408020091,0.8921582733812949
5_160_160618,0.9548643222881376,0.8193253556958447,0.9928460121830287,0.9728536634869088
5_160_160680,0.7375617378686832,0.3662743895426841,0.9379094482457417,0.7634431916738942
5_160_160682,0.9570446735395189,0.8000107723796187,0.9739571538566059,0.8719525833146947
5_160_160777,0.9000050072605278,0.5777000437254045,0.982064025321376,0.9219892150988616
5_160_160822,0.7790396686727497,0.5697626276566381,0.9270223207218616,0.8432099279556907
5_160_160866,0.9472934472934473,0.8891569407315641,0.9736185605588126,0.940499560008123
5_160_160877,0.915126484254001,0.7564455388180765,0.9760842903333705,0.9294993793959454
5_160_160955,0.8844232779649205,0.8710826531992605,0.8890468537520089,0.8723852183650616
5_161_161112,0.778715177080587,0.8507290513104466,0.9205745669623997,0.9552715654952076
5_161_161126,0.7353084283937936,0.5235509285312324,0.8467938375881813,0.7073185846191982
5_161_161211,0.8669506208489749,0.775497195308516,0.9428457552809885,0.9035032515208726
5_161_161406,0.9743942108650652,0.8833804896051175,0.9918405159359356,0.9604151477462796
5_161_161511,0.35003871633829475,0.017799269509748444,0.30807602748802604,0.017942908926144086
5_161_161761,0.9273645095702167,0.7052478979414323,0.9601584855822144,0.854963623562544
5_161_161901,0.9567918667043208,0.8386564160776018,0.9868803381174606,0.9449611976443393
5_161_161904,0.9103065212919152,0.7903284158057644,0.9780997430071884,0.951729825932196
5_161_161922,0.9215090483745193,0.7694424841213832,0.9894898372806764,0.9654358897543439
5_161_161927,0.8749109369433559,0.6301896716084284,0.9756881305268402,0.9378167076878529
5_161_161952,0.6742775999639363,0.48090088302410955,0.7370008474998754,0.5729417599546549
5_161_161972,0.43558300969389313,0.15623439060939062,0.5457648718765645,0.2653126545814299
5_161_161983,0.8973704748754278,0.7476084538375973,0.9410779291904255,0.8625284870022017
5_161_161998,0.4653228791600767,0.4349331051649035,0.4889910914753386,0.47614797987992863
5_162_162074,0.8489669159589301,0.5675334055615746,0.9408811845431564,0.824801918265221
5_162_162079,0.9436190619475684,0.8354683081018134,0.990019801980198,0.9701966898536819
5_162_162119,0.7534487662660884,0.20461403067638922,0.9799787760877255,0.9054953311151658
5_162_162125,0.6682157676348548,0.47735855362096047,0.7433910380601212,0.5530920115425357
5_162_162126,0.7602714600146735,0.4624929142785161,0.908226656626506,0.6338292140096052
5_162_162166,0.9370681780921376,0.7992109972344233,0.9643828778235367,0.798171226310744
5_162_162198,0.9030470914127424,0.6496570924152917,0.9796529153389028,0.8225685918650582
5_162_162224,0.15703529411764705,0.27498792387208965,0.0037194554961052424,0.3469869506921232
5_162_162225,0.8111579369857516,0.840797724702738,0.9407753904701498,0.9647962287104623
5_162_162283,0.8641672219689265,0.7016921019871825,0.8931858019281332,0.7575728435426483
5_162_162325,0.9490560282005219,0.8718227243102324,0.986731769451226,0.9628114202582287
5_162_162349,0.872930399529601,0.6346865133062697,0.945573269424473,0.8544493571174467
5_162_162354,0.9239548342709134,0.8474611745991879,0.9749902474968575,0.935319832277634
5_162_162366,0.2598338894707358,0.20400323052408706,0.0033391070053887606,0.5921255871134508
5_162_162402,0.8846302864125414,0.7430453879941434,0.9495028524857376,0.9041564073352688
5_162_162408,0.6618260407977553,0.5206169199364935,0.9545480083150739,0.7500136069232025
5_162_162434,0.9260760470951553,0.7930283224400871,0.9776147245367491,0.9352619617959584
5_162_162516,0.7592280985750495,0.47154067746101125,0.866643514499045,0.5596213425129087
5_162_162517,0.1622578558540156,0.0,0.16393217074261343,0.0
5_162_162550,0.9057770978148801,0.7221838286109191,0.9612030610428902,0.882288409851352
5_162_162556,0.8204146199317293,0.857400873655914,0.9357635467980295,0.9682554502590915
5_162_162567,0.4892581875912222,0.46957276832233413,0.5022245242174324,0.5032373978778941
5_162_162596,0.923715435147935,0.8169731258840169,0.9337457268435618,0.8693467336683417
5_162_162652,0.8922773478986497,0.8620707121872151,0.9719913563829787,0.9585944614066099
5_162_162691,0.8450019389672762,0.5660745325815068,0.876002428192594,0.6543059502864619
5_162_162733,0.7513625498007969,0.5299315635105663,0.8465146721937384,0.6437999159310634
5_162_162776,0.8921335619106989,0.6537430216712823,0.9148953252644467,0.7322907509369361
5_162_162830,0.723258077072791,0.47642835776248876,0.9638357630065534,0.8059263936496482
5_162_162831,0.7735096557514693,0.5559430398140076,0.9243323442136498,0.8605971947336718
5_162_162862,0.9574834619625138,0.7919928140639035,0.9856829176857026,0.8866895398961907
5_162_162913,0.924512693242335,0.8343629988311905,0.9666574813998347,0.9318931010124794
5_162_162941,0.8988111849081878,0.7710936948386641,0.9445205688011936,0.8808365936597317
5_162_162967,0.9181132075471699,0.7800026818039602,0.9688145532085027,0.9139919880303103
5_163_163052,0.0,5.238070294903357e-05,0.6745557712408541,0.38379599741768883
5_163_163074,0.7934601267934601,0.4555825024701338,0.8134328358208955,0.5743977829887018
5_163_163078,0.32128423888639424,0.1563508235693666,0.36073398387781075,0.3983654545762196
5_163_163079,0.8613698521542669,0.536420408264014,0.8926019057702488,0.7751090632812117
5_163_163129,0.8275996028834117,0.7184533189837414,0.9170516068146823,0.8613502109704642
5_163_163211,0.7599368435504908,0.5093766892594287,0.9279348428638438,0.757032704068067
5_163_163223,0.8256406206814861,0.7071847189060126,0.8854100377582623,0.761777571323501
5_163_163229,0.9304499621012012,0.7354016114295208,0.9700110624789572,0.883206862421643
5_163_163256,0.8935308182784272,0.8177134024159844,0.966649488331002,0.9461010605115409
5_163_163374,0.8863814756671899,0.7882464156294312,0.9305278623150383,0.8893666280800396
5_163_163434,0.9353253865979382,0.775222650538349,0.9795883508412332,0.8897997580970299
5_163_163456,0.9302938463565688,0.7183608302288451,0.9736635880212706,0.8487125047634602
5_163_163463,0.9024473147518695,0.8402547065337763,0.949989096459984,0.9185911570152026
5_163_163464,0.9111477890103844,0.8612194850072455,0.9706358551663232,0.9605646949014117
5_163_163465,0.3826808721506442,0.206393854157215,0.45346212205321784,0.28020058233581363
5_163_163466,0.3288630098801375,0.38239745530102864,0.3178814784224654,0.40108043837882545
5_163_163539,0.8574103613288023,0.8304681862557833,0.920578752850515,0.9174986385913959
5_163_163578,0.9379650903604129,0.7723444868627891,0.9740315948928804,0.8852335800185014
5_163_163588,0.9120699940345993,0.7939182030091121,0.7345380833261451,0.7416130556464217
5_163_163594,0.3930131004366812,0.13198865427040657,0.5406265539532571,0.22305298468253648
5_163_163607,0.3392527855697985,0.0414785718473354,0.507456697652645,0.25311220145168484
5_163_163674,0.9443073559269093,0.8189854147227815,0.9782337081607154,0.9255302269000899
5_163_163675,0.8903354662129674,0.7662500505602071,0.9484779391175647,0.8921735339001526
5_163_163692,0.7845968009040076,0.6004097927800427,0.9071564046815007,0.8321323176171849
5_163_163696,0.037411394066684166,0.15565528130973158,0.3747711804740671,0.44421553090332805
5_163_163713,0.8785674314493565,0.8470670391061452,0.9489331218339048,0.937493134131605
5_163_163729,0.8391772771792361,0.7040778839088905,0.9614825581395349,0.9207107970487374
5_163_163896,0.9217019712355833,0.8801818557553214,0.7286294465919656,0.5749181566356082
5_163_163956,0.9221889463653689,0.7080586642138076,0.9468833304974194,0.7931723653648788
5_163_163957,0.9300272862576484,0.6943959145276173,0.9414120216706996,0.7429715136846025
5_163_163966,0.7094509198146328,0.5385879419764279,0.9399747057106722,0.9294419055532475
5_163_163989,0.9554364270209827,0.8618321572580645,0.9842271293375394,0.953773523047669
5_164_164002,0.9523863636363636,0.8551114850652083,0.9875430062878159,0.9590843547224225
5_164_164088,0.9326750259023534,0.7857094526016645,0.9809480710487611,0.9300157803956108
5_164_164187,0.9417192065200677,0.7984112514650346,0.9836844027760867,0.8987206823027718
5_164_164212,0.37156232668906797,0.16654275092936802,0.6553450021698249,0.5161375399729667
5_164_164224,0.9615749680882401,0.8437050594848999,0.9737707140194517,0.8927250308261405
5_164_164225,0.8240490255617512,0.4150224374955481,0.9590542975619287,0.802627834171331
5_164_164379,0.7261512815169827,0.46606125356125355,0.8391535418739534,0.6976155919552146
5_164_164390,0.2621117743749459,0.058081858619475825,0.28219816043776924,0.07547290388548057
5_164_164391,0.868421052631579,0.7487631748763175,0.9636691914743702,0.9306985110422704
5_164_164392,0.8849208616650477,0.7894590691991559,0.9592816611585708,0.9266767830045524
5_164_164407,0.8659031015609163,0.878611643877993,0.9238629983155531,0.9412146800909387
5_164_164441,0.416215206426303,0.20670334831913037,0.8776986423325173,0.6891205211726384
5_164_164442,0.5339255858059042,0.21023910579179078,0.962472002559766,0.901768418421546
5_164_164467,0.8178580262181548,0.8709095801937567,0.8147174001987258,0.9084702549575071
5_164_164472,0.8990735738439682,0.6671572890881113,0.6534876245580199,0.38887905474177986
5_164_164570,0.9291917919179192,0.725519162586527,0.991647555823778,0.9608841064417624
5_164_164571,0.7909058431248015,0.5775228535579853,0.8476447760554019,0.6898850316443845
5_164_164581,0.9308770610666524,0.7589564744780107,0.9911664324432845,0.9618821902927961
5_164_164583,0.17599123348668932,0.0012077294685990338,0.15447555960459433,0.13504431314623339
5_164_164617,0.8614729848964551,0.7749464574500634,0.8290052171874084,0.8055404402671283
5_164_164621,0.7002210281620365,0.3809342843779233,0.8650791726278523,0.6762859162543141
5_164_164643,0.39463641811128747,0.10604097162866359,0.8906004101292384,0.7242998936547324
5_164_164666,0.8855364225111703,0.8435879091396888,0.7342657342657343,0.6404953402272437
5_164_164713,0.9349562081401339,0.767652618703436,0.9789401709401709,0.9268381021369069
5_164_164750,0.9470656885628543,0.7975765926406224,0.9783701447067784,0.9164210618924031
5_164_164763,0.9344209666121878,0.8019538188277087,0.9752256458138812,0.9031996978362921
5_164_164832,0.3967977416580288,0.13139793895185176,0.5650754107190951,0.3266437022614947
5_164_164923,0.7868289390088945,0.5672214494699985,0.8177483883004084,0.6265603493283972
5_164_164983,0.8538223140495868,0.5784628177714422,0.9421155776492519,0.83165308659025
5_165_165000,0.9250271428152235,0.7449580670926518,0.9590732866433217,0.8527872703972661
5_165_165017,0.8699573630698589,0.8888526423711436,0.8086666048065324,0.9269814751117881
5_165_165110,0.8780409901517168,0.7129960765251206,0.953334741033453,0.8859583333333333
5_165_165210,0.0,0.0,0.0,0.0
5_165_165306,0.5830021792077938,0.3180415263748597,0.5687886360647113,0.3708105713863871
5_165_165503,0.3954821308159137,0.13885012177434802,0.9325930764206402,0.8205672554347826
5_165_165607,0.8154561242210645,0.6745012298442198,0.9141222523336344,0.8442324185248714
5_165_165655,0.8304128750846056,0.7455181460428509,0.9183682096808286,0.8832247998914665
5_165_165714,0.08175421936375016,0.14195554742522637,0.6795376937220908,0.5493906076877184
5_165_165717,0.8945479535736103,0.655890045072617,0.9850248882139543,0.8860948853112979
5_165_165737,0.9048890372100784,0.7821894498014748,0.9208626682113894,0.8062832381327556
5_165_165911,0.9047040561517177,0.8156648888356205,0.9401582957319329,0.8768421052631579
5_165_165988,0.3295680710475803,0.1144135506551614,0.7096699612739148,0.447459005285269
5_166_166065,0.9247664172164903,0.8575154730327144,0.975645721352804,0.951627337384014
5_166_166071,0.8230187738827047,0.6045879589110508,0.9023115288701323,0.7863136498670975
5_166_166189,0.9614700149713284,0.8517391745259102,0.9955405603637963,0.9837977965003241
5_166_166191,0.32305862200228397,0.08886859293700874,0.016032423208191125,0.53371069555167
5_166_166319,0.7461378737541529,0.5910926318314477,0.8791442765892731,0.757277864843045
5_166_166408,0.9158339738662568,0.7119672525884903,0.9768069519826793,0.9042716656422864
5_166_166487,0.9583333333333334,0.8612399505256648,0.9882747068676717,0.9518412455128463
5_166_166543,0.6769029953283869,0.5056962669107924,0.9534744408945687,0.9200066661111574
5_166_166575,0.7132949408632113,0.29614684890609694,0.9581073499158407,0.7052731591448931
5_166_166633,0.9591959453655184,0.8849354721987698,0.9906571300849352,0.9726984126984127
5_166_166643,0.8665275049115914,0.8461538461538461,0.9683703393380813,0.9652368814274414
5_166_166666,0.9023856275532083,0.7263839255613243,0.9765306623459518,0.9276793059606612
5_166_166681,0.9460157898480286,0.8445737078278212,0.9763292968555339,0.9377496553430662
5_166_166694,0.9168263803197774,0.6846943712703618,0.9782081633817279,0.8929133858267716
5_166_166776,0.47285019162037634,0.2962233578461922,0.8577155982459804,0.6929932715679713
5_166_166827,0.9875849096039293,0.8947227191413238,0.9691014785795526,0.6481178396072013
5_166_166915,0.8235395708302751,0.8413550351989615,0.9052647611311367,0.9310848419718387
5_166_166949,0.8702984167261385,0.7681171229900043,0.28963076277032906,0.3463385693298678
5_166_166997,0.0,0.0,0.0,0.0
5_167_167128,0.7951896754008604,0.5821197557185704,0.9248058474189127,0.8573370201996532
5_167_167168,0.16546806747619,0.0751605790432365,0.14156753395253666,0.29418968269588225
5_167_167181,0.8879419838570902,0.8190153705676457,0.9324892627057981,0.9272462713714078
5_167_167245,0.9504146217634117,0.8393887320486069,0.9729335279288842,0.9184814405512579
5_167_167302,0.9127505474145191,0.8855586930213796,0.9771979026947933,0.9727018299246502
5_167_167321,0.9499644977565603,0.7822217214961694,0.9722734206177704,0.8755670528249541
5_167_167349,0.8849619597474775,0.900556648390742,0.963502337288745,0.9665544431647027
5_167_167368,0.7986527132168336,0.6463249097472924,0.8091441969519344,0.6652485576082522
5_167_167534,0.18487960107604487,0.1921793534932221,0.21397832936294475,0.3048929006375815
5_167_167613,0.8673001046783155,0.7784433199077421,0.9625668449197861,0.9464436107495597
5_167_167664,0.8983032009484292,0.8184858619641229,0.936783689226686,0.887749800852007
5_167_167742,0.8440199730522311,0.7761123007375684,0.8504750484272668,0.8355411580956789
5_167_167757,0.9554333913846283,0.8217205138186064,0.9784135013736863,0.8912061174834898
5_167_167828,0.6079257127910018,0.3193717277486911,0.9420715319412859,0.8639393794062635
5_167_167846,0.7981454257604885,0.678908259502715,0.8229246980210743,0.8702313561407826
5_167_167878,0.8629606825578326,0.8269871489766778,0.9777886020457867,0.9720797350821375
5_167_167879,0.9274852331280633,0.8222362869198312,0.9822305562996696,0.948909430353809
5_167_167881,0.9139180672268907,0.8172268028292805,0.70196749358426,0.6826581222841592
5_167_167975,0.8049500579438221,0.5802282541640963,0.9547653764581124,0.8838758516275549
5_167_167984,0.9364759263927401,0.7810535684485732,0.9575233739153831,0.853641456582633
5_167_167989,0.8849209189150504,0.7861229377328366,0.959904912836767,0.8867610324729392
5_167_167993,0.2956739415039779,0.08858412401443272,0.2992216819263737,0.3511453844409163
5_168_168039,0.5922449508026929,0.6243239995192885,0.9206882508654042,0.9230141901810471
5_168_168042,0.8597475455820477,0.7822327044025157,0.9637851413756785,0.9069232790331057
5_168_168077,0.9363329583802025,0.7718938269449053,0.9890291122902625,0.965940534285858
5_168_168126,0.8534921275736779,0.4871933038761361,0.976265197480066,0.9045887363031724
5_168_168130,0.4391748539347847,0.7488437744008649,0.4709193931639554,0.7954552414785778
5_168_168177,0.8761277849383171,0.8517502761589152,0.7337409960097424,0.7799754162476255
5_168_168178,0.9319982065461067,0.7554251865352851,0.9738882734609907,0.9038077403245942
5_168_168234,0.37921815589353614,0.5875813936755765,0.40804965446634245,0.574733231707317
5_168_168242,0.5680156840778603,0.13164238172333154,0.9493634809044271,0.8423183190901498
5_168_168277,0.8803617707727297,0.7700061399918133,0.9582202289625871,0.9305205356642573
5_168_168383,0.17961834216339206,0.10113182965556551,0.1909529959134573,0.13054545454545455
5_168_168405,0.9410845882729895,0.7382033096926714,0.9622693010267286,0.8230088495575221
5_168_168407,0.34866019052982306,0.00016726323888535777,0.3652632199956736,0.026838992104646013
5_168_168420,0.9145995970788214,0.7722783063403297,0.9416313877129238,0.8651468458768055
5_168_168519,0.9291271266136616,0.8052097930920782,0.9464806710430342,0.8624838848302535
5_168_168533,0.9522374447330333,0.8380597014925373,0.976587522988862,0.9162110561485725
5_168_168608,0.8926777352064709,0.7638454421289157,0.95287714564823,0.9211337597202411
5_168_168643,0.867519735166794,0.8262138244439129,0.9147413182140326,0.8926602256057463
5_168_168671,0.3881933615504567,0.4545224967380782,0.4692032907555748,0.48660441574308405
5_168_168673,0.8299125880857946,0.6428243733578012,0.8663327526132404,0.6993159716499093
5_168_168694,0.8366598430569772,0.6838495115360632,0.9152237676222916,0.8738286726186084
5_168_168728,0.1435557203884562,0.14913279689337788,0.001404764653812108,0.5192499043245312
5_168_168878,0.9444640462917225,0.8290816326530612,0.9702205882352941,0.9202461463474075
5_168_168888,0.7048445436355241,0.37158271000198584,0.757085695231744,0.5025389982829795
5_168_168927,0.8481997516898883,0.6958469840046252,0.9589703343274212,0.9135634346835694
5_168_168995,0.8576441867561795,0.8656147721166528,0.937939310817761,0.9471873207861947
5_169_169035,0.9383326604763828,0.8630367196033947,0.9903726154394723,0.9726167683334075
5_169_169042,0.9249694559566873,0.7710036371493392,0.9394537027906518,0.8174799601049093
5_169_169043,0.9535707401696222,0.8518099120522402,0.9916410695402589,0.9713359221746267
5_169_169114,0.8404002125840516,0.6008688150841087,0.8940536531091606,0.746050177698019
5_169_169115,0.8796952224052719,0.6795263992748697,0.9458880257165818,0.8570250555026958
6_169_169128,0.837026473599532,0.620253164556962,0.8969819391634981,0.7447379454926625
6_169_169139,0.7989511279895113,0.45617734214725325,0.8831050228310502,0.6925119490175252
6_169_169149,0.9567963781394847,0.8097285800157211,0.9952398059996408,0.9778824493139463
6_169_169167,0.5961711711711711,0.29682902909447534,0.7927855711422845,0.5282612299022046
6_169_169288,0.706592512208356,0.5678929265739494,0.5145591529220118,0.5312095840991083
6_169_169361,0.8317103853142618,0.4872420678943865,0.9400449122047564,0.8044641431081296
6_169_169367,0.8830326307975341,0.6611453984389182,0.9684191443074692,0.9067626203831093
6_169_169368,0.849003124295423,0.5965390439108804,0.9550193405783753,0.8798329724713888
6_169_169397,0.03731980273141123,0.2478377390668778,9.058791557206268e-05,0.09996922671121466
6_169_169476,0.761888745148771,0.5159916177127349,0.36076978089851114,0.3180865669484789
6_169_169491,0.19002073073084053,0.10509326508496461,0.14332328647764353,0.291093461920295
6_169_169526,0.46477893691008443,0.1318768985302691,0.5441796863635041,0.3136692391611782
6_169_169536,0.9107242964457899,0.732489360167352,0.9683009427342344,0.9006810897435897
6_169_169538,0.8633943266531126,0.8480405976881872,0.8634661968729355,0.8460996406172927
6_169_169616,0.5363312673084532,0.3226358965113134,0.7587153102588089,0.47976354679802957
6_169_169631,0.4533984767926426,0.2440272447533105,0.5729218700856599,0.33810159312703314
6_169_169647,0.9067472088884094,0.8247324864266512,0.9769253467099439,0.9547925608011445
6_169_169667,0.6871957795330671,0.5297975936582029,0.7347902376774605,0.6361980747550082
6_169_169686,0.912117218875502,0.8525570960133464,0.9561072559455636,0.9371108529210236
6_169_169688,0.9100212089077413,0.7839837122497455,0.9859399409824683,0.9678849144634526
6_169_169901,0.05073818760291368,0.08565613490986625,0.0015652718355421058,0.5494521477746533
6_169_169936,0.6274218391115195,0.393015192941906,0.8977576630322979,0.7678293432069676
6_170_170047,0.8976960293271382,0.680704547027476,0.927263902371377,0.779378510467576
6_170_170061,0.9323304992369741,0.7278191873046406,0.9653299916457811,0.8162464985994398
6_170_170079,0.44988447573990537,0.33749184605348986,0.895820528580209,0.9439340051373246
6_170_170155,0.7444947965295016,0.49611708482676226,0.8681867242309768,0.6154193685553311
6_170_170160,0.9101256159344854,0.7404886960493263,0.8501701323251418,0.7487634693517047
6_170_170170,0.8854362256366858,0.7531506936287737,0.9392875640214076,0.8241640039229333
6_170_170247,0.8456222564954324,0.7022653721682848,0.9478731996230987,0.8947878452273829
6_170_170273,0.9050187843175032,0.8137602593981154,0.9706731021457427,0.9516673118398495
6_170_170375,0.8910913999228692,0.8210548946538627,0.9465473145780051,0.8891575663026521
6_170_170471,0.2827902001200198,0.14340884984633795,0.006543820001490054,0.29568884723523897
6_170_170474,0.5957126739375705,0.5787196726103478,0.8848631239935588,0.9040509699505516
6_170_170540,0.4821815659412122,0.2651849499920622,0.9789661319073084,0.9478109299702656
6_170_170554,0.8641136504014824,0.6181991589716912,0.9549727495519221,0.8462471495803212
6_170_170601,0.7534034120282612,0.5782634770440461,0.9544056692071132,0.9138137112609921
6_170_170674,0.24059342076972695,0.3849211666443343,0.2501319783555497,0.3686137460475953
6_170_170722,0.07850736268254427,0.31112771787480875,0.00013131401558259652,0.47607253014300405
6_170_170744,0.8783324661014356,0.6602217799260733,0.9765928883687308,0.8864941798403904
6_170_170745,0.8563244545576228,0.5957879355801913,0.9861903425917267,0.95640929182733
6_170_170862,0.39241144585906973,0.09903745354045554,0.5538208464184238,0.3920415698071927
6_170_170880,0.8100570575374607,0.6119368323269856,0.9323206205559147,0.8784196384953591
6_170_170883,0.29660509600642476,0.10535432171612387,0.1977853359135245,0.24309159314997406
6_170_170933,0.6961422390284696,0.5754687170844744,0.46018955527416444,0.4465734335340666
6_171_171024,0.9121390327394013,0.8953634499636219,0.9661146011802779,0.9589328118452298
6_171_171096,0.6982335346238501,0.2950287743357414,0.7901731518752796,0.4773199169461747
6_171_171145,0.9143690883477561,0.8133643102113065,0.9566857019717703,0.8984901277584204
6_171_171163,0.8068882432145135,0.703971119133574,0.44553061703292407,0.5921375921375921
6_171_171169,0.9149749223787915,0.8200645508337816,0.9063291139240506,0.8715146698456852
6_171_171234,0.8700168166979919,0.7953929539295393,0.9602641593910902,0.9381263616557735
6_171_171274,0.056456251981075595,0.013088936980158006,0.0,0.32318913480885314
6_171_171354,0.9438064989005619,0.8405949256342957,0.964537191140699,0.9073118662159758
6_171_171506,0.8720254635477189,0.8030045672441777,0.8592663765330922,0.8417948814879219
6_171_171556,0.9264502394890899,0.8745053702656869,0.9436587591240876,0.9009052857003796
6_171_171590,0.6580181016477141,0.17343128500689992,0.9742428877332517,0.8649412701572765
6_171_171592,0.9256613963681903,0.7157433874877881,0.9832689562515744,0.9355562811199086
6_171_171620,0.9230952255062655,0.7376800606520091,0.976936639745194,0.9345302865433442
6_171_171631,0.9314699314699315,0.8430969816038578,0.9700589005235603,0.888077430708315
6_171_171739,0.7751686706117372,0.5841176470588235,0.9569039655996178,0.893037336024218
6_171_171771,0.9128679796784744,0.7801975648977717,0.972931486334706,0.9065894279507604
6_171_171866,0.6410465836759984,0.28228038920104154,0.6924451094756772,0.43774687065368567
6_171_171885,0.6757654385054489,0.4911486680034374,0.054555718450364825,0.23336594911937378
6_171_171936,0.8745145029336419,0.7277142989313966,0.9531755569936211,0.8562804193186072
6_171_171964,0.9381997707837433,0.8406002839180694,0.993626593351662,0.9648810054372048
6_172_172009,0.9082163847906921,0.7496271748135874,0.9246200761107891,0.8024712369800531
6_172_172101,0.9440164675794529,0.77142702351284,0.9608189429618001,0.8576183047321893
6_172_172328,0.9068162926018287,0.77987187819144,0.9631623816574685,0.9036817725992073
6_172_172511,0.9365901801134962,0.8586914653607,0.9605100144538509,0.9075960170697013
6_172_172514,0.8463389056813275,0.8316030474085185,0.9192342625585133,0.9304069424551352
6_172_172558,0.9587596792035398,0.8643395014885296,0.9811145289362615,0.8926459613066192
6_172_172573,0.8554319547860411,0.5756450915381289,0.9702741927123827,0.9027109750765194
6_172_172668,0.4341999529216958,0.04004068799704087,0.007720739219712526,0.6038175633110747
6_172_172678,0.9245945037398101,0.7364919174778959,0.971299981907002,0.8656178154442591
6_172_172688,0.9266293429053601,0.8054612773835236,0.7112821099605241,0.652496398688203
6_172_172693,0.8492606488633856,0.7236428209030948,0.9195885341529197,0.8557969830637695
6_172_172700,0.8941058026725243,0.6282037339133587,0.9769068924434079,0.9257211645637344
6_172_172745,0.1251837042725311,0.2717484250388287,0.03160719230732504,0.5229331722741323
6_172_172802,0.9272418113477716,0.923422000379099,0.9708265802269044,0.9605697636775655
6_172_172842,0.9602582586347396,0.9229822161422708,0.9877089159133772,0.9747212951785841
6_172_172922,0.9539700036743829,0.8182707355242567,0.9840390311901028,0.8866536458333333
6_172_172926,0.7822591572196378,0.6432906271072151,0.7908421644940449,0.5938157997348514
6_172_172963,0.9202108568864962,0.720910653523696,0.4655513234655995,0.5310983397190294
6_173_173010,0.7598148365170514,0.6271534410425779,0.8967939356005286,0.7811271975180972
6_173_173092,0.007827345575689947,0.1588618443606445,0.000339810812305893,0.28749643570002853
6_173_173102,0.9044228399287964,0.8847882540950859,0.942443919716647,0.9341976137596198
6_173_173107,0.9142615748563704,0.659327316145222,0.9907062511524987,0.9664246823956443
6_173_173119,0.9416276303973204,0.7822746861532697,0.6648582872788116,0.5377514234695596
6_173_173175,0.6827901555565518,0.3494919617670419,0.8234074478243077,0.5507211825008941
6_173_173190,0.8448782173086888,0.7599605800366043,0.8626722507430424,0.7865495724520453
6_173_173247,0.6269940261274863,0.6124116069251402,0.9508043591074209,0.9322127307798291
6_173_173323,0.9630541871921182,0.8258180881216182,0.9778221272768158,0.8123252632205104
6_173_173461,0.8581326029162974,0.6911443229979924,0.9170701093778016,0.8268610750204514
6_173_173567,0.8514403618760416,0.8701894532304205,0.9548375418589917,0.9747778733161364
6_173_173657,0.9394988516779214,0.7392828118650955,0.965379205885535,0.8886802417698492
6_173_173675,0.9764802127006852,0.8560339897050413,0.9803299162200135,0.772420649009444
6_173_173705,0.9051497705022419,0.625930426857056,0.8926630434782609,0.6195830230826508
6_173_173708,0.9177482733984282,0.7250557289344628,0.985150261393887,0.9420654911838791
6_173_173709,0.8863599370625577,0.6828696397168237,0.9402148798521257,0.817619071980355
6_173_173740,0.48311485917528624,0.5016939911990342,0.4939768359687363,0.5305697520348287
6_173_173794,0.9056763285024154,0.6933231635766252,0.9815019204450135,0.9103676714143756
6_173_173847,0.9043314046930248,0.7367406481192039,0.9695065688299135,0.92051091976963
6_174_174049,0.8495297059173711,0.4846192468619247,0.9715695292248516,0.8914376213344232
6_174_174050,0.838555078683834,0.47944652055347947,0.9580056884724778,0.8402484472049689
6_174_174086,0.5662130455185359,0.22224166083508282,0.8218942541911448,0.6313598317191814
6_174_174161,0.687449150002141,0.44103072348860256,0.7040623523854511,0.48575873180488166
6_174_174175,0.5999356723578761,0.326039719035828,0.657177033492823,0.4320472440944882
6_174_174181,0.8671336529817201,0.7507759385161099,0.9393777923515186,0.8544482992383459
6_174_174201,0.2809536529985308,0.26563999232393015,0.0032942059504201156,0.28691807738814995
6_174_174252,0.9194415882306415,0.8180668727170554,0.9444563310368437,0.8711659409772617
6_174_174253,0.6439571357604145,0.29125883632408917,0.9612475334356501,0.8920160455486542
6_174_174261,0.6857436600411241,0.5664754148929607,0.7522951552453323,0.63873230615057
6_174_174321,0.8448585151322261,0.8290431458663738,0.9493035092418965,0.9517000043202143
6_174_174330,0.7963101386246263,0.7690642396394805,0.726159105476818,0.6616850057480703
6_174_174336,0.7872827655436351,0.4563773250664305,0.9584962638894267,0.8661462300076161
6_174_174349,0.9166198539443062,0.7595523400406964,0.9687071330589849,0.8553054662379421
6_174_174394,0.8453683442742523,0.7246062197092084,0.9587841945288754,0.919200187090739
6_174_174395,0.7468620345570086,0.6051265561119022,0.9495631995631996,0.8863096651626692
6_174_174475,0.8922974767596281,0.6196010905438369,0.9936797127681671,0.9721229016423247
6_174_174476,0.9062313412582098,0.739253046024802,0.9834910527401904,0.9538388324873096
6_174_174480,0.8633131001993115,0.553307424175648,0.9324681684622919,0.7555869743683299
6_174_174534,0.8208220764183712,0.6093071607656088,0.98805,0.9563156427177247
6_174_174563,0.8988114173342202,0.713032485442844,0.9692900698240182,0.8736129242819843
6_174_174684,0.37965181805250087,0.10316145281018027,0.37800586190740804,0.1325884912003164
6_174_174747,0.9390695607082006,0.8156674208144796,0.9670088551053992,0.842352559948153
6_174_174769,0.9502059544293238,0.8581394359606959,0.9265323826822458,0.7602263169967123
6_174_174805,0.8664144933306789,0.8265442213161605,0.9523809523809523,0.9454355546271151
6_174_174861,0.8643362892692651,0.6418305458555412,0.9586612639289332,0.906765151885731
6_174_174938,0.7105399579820468,0.5807844936965149,0.8623662725225225,0.7531935753626113
6_174_174960,0.15652518492426912,0.2874471161570182,0.2212296873515157,0.5352857785000519
6_174_174967,0.8698779183417549,0.6607520755331271,0.9106392907139524,0.8088129496402877
6_174_174973,0.8142441362780346,0.8339447987808319,0.9217642949805409,0.935052298710776
6_174_174986,0.39995838643397746,0.3222428809081123,0.4195311619519892,0.4006896551724138
6_174_174998,0.8443061132362375,0.4696539040294265,0.9710541756307451,0.8916598107774578
6_175_175009,0.8860891363088843,0.7428658397382238,0.9664419853656778,0.9394093686354379
6_175_175026,0.7005582922824302,0.445545148895293,0.9255253670975117,0.8067536208690086
6_175_175085,0.927607986488675,0.7129091980139696,0.9920198881292729,0.9659939846706123
6_175_175104,0.9676234388062727,0.8466967989598168,0.9812337324310255,0.8061321546466738
6_175_175106,0.9301876809113262,0.8600984518798601,0.9632927673889383,0.9084957864660567
6_175_175174,0.8156893149140119,0.693937684157733,0.9115145567549886,0.8675994937420897
6_175_175203,0.952426536344514,0.7081462722075131,0.9889010021935297,0.9049659368439094
6_175_175269,0.8780674427501777,0.7773519341816137,0.9353681522466103,0.8952906976744186
6_175_175275,0.9257142857142857,0.6876294194340057,0.9054182329042791,0.6439463791758281
6_175_175335,0.0855993083715856,0.21188384137700017,0.0521436967684725,0.3075930602832986
6_175_175466,0.7897665580890336,0.6171532389424884,0.8905204764235601,0.7393304177348816
6_175_175479,0.920496217251974,0.7152941982797025,0.9895332845124761,0.952036820218822
6_175_175480,0.9552899936265137,0.8411447532144338,0.9700268861818303,0.8506372396642835
6_175_175481,0.9097956730769231,0.7411656539814518,0.9434540564208419,0.810886691250419
6_175_175506,0.7014859755561418,0.4305744253029727,0.8241903989979,0.6516165992337714
6_175_175528,0.19967898367597842,0.24958350877835345,0.012550289719389691,0.47625851835568256
6_175_175578,0.923618012119795,0.7765855915782167,0.9682032652720364,0.8914699162223915
6_175_175647,0.7624428689675028,0.5873514458728668,0.9502040059347181,0.9116443708913713
6_175_175670,0.5691895512391159,0.5410179139460908,0.9576584914391485,0.9697115384615385
6_175_175676,0.8567001994991299,0.806251043231514,0.9250138863173486,0.9167598515006485
6_175_175726,0.8174450171145297,0.5756911395112561,0.7089156423640344,0.5147942672214517
6_175_175807,0.9078028141296861,0.8651043391851606,0.9645817633760362,0.9402404526166902
6_175_175967,0.9157699080414792,0.8206828661727371,0.9624244319366271,0.9237302156289637
6_175_175973,0.9297465943514303,0.7325293753865182,0.9762635760064474,0.8960277670651755
6_176_176020,0.884212987316617,0.8009910907269756,0.9594917112816874,0.8971160900728032
6_176_176068,0.7464312864262185,0.26252271309630354,0.9341590899108358,0.7406084544919741
6_176_176075,0.7599154135338346,0.6731037521110214,0.8992136830626184,0.8531357388316151
6_176_176121,0.9233035176743786,0.7547981234006256,0.9959512285927029,0.9823024433193924
6_176_176144,0.003364509059480816,0.035615163450831794,0.02567742731930128,0.04806047013871584
6_176_176160,0.7975304400931333,0.5621964621220178,0.8251574576304862,0.6308407710192755
6_176_176305,0.3062280157252224,0.06632717055916514,0.3603753842129357,0.31120580997539166
6_176_176314,0.6574181365606626,0.22532575385407164,0.9185044014883383,0.7809852651864938
6_176_176357,0.8829168197966434,0.7111041264424588,0.9378012393848979,0.8351306014857417
6_176_176381,0.8890249127746832,0.8131540452346123,0.966888754290329,0.9474477189176158
6_176_176386,0.9614863800976224,0.865841362312346,0.976929584797605,0.9154015529030015
6_176_176392,0.5954378401848435,0.2546514047866805,0.30039910824252064,0.10294209215442092
6_176_176411,0.12869829399392382,0.09717942021415513,0.13073452588253917,0.19935070958167145
6_176_176526,0.7991382719646983,0.5241166318466709,0.8481969626011909,0.6099521203830369
6_176_176617,0.92011378136963,0.7402950483576236,0.9609248357648664,0.862805896102657
6_176_176649,0.4598774438284214,0.4953533131701952,0.6561193504378823,0.4351181289326843
6_176_176713,0.5931198102016607,0.5298580446314791,0.9529199361155475,0.8149513912168957
6_176_176761,0.8680393606734543,0.7148986619996612,0.9536335265269728,0.9046754709895475
6_176_176798,0.9571915227156251,0.818656911418866,0.9733457595526561,0.8066593083149375
6_176_176817,0.8192645365572827,0.5511420456818272,0.9143204290263114,0.7267694741004349
6_176_176923,0.9155467534304711,0.8773475655807864,0.9857354670484176,0.9792506898747612
6_176_176938,0.8228666289912404,0.5407909410654542,0.9201275376357105,0.7815981148243359
6_176_176943,0.7938355837587672,0.46413199426111906,0.9163267555947525,0.7751421608448416
6_176_176982,0.8574672965116279,0.6199466284303182,0.9772371850564726,0.8845082051811333
6_177_177018,0.5872072803153258,0.4316348534462104,0.9653617347917866,0.906965620328849
6_177_177044,0.8349177711470405,0.7405246252676659,0.9545051936548836,0.9294875728751151
6_177_177110,0.9063513255769597,0.7784939306047911,0.9500230899481759,0.8816497648858421
6_177_177129,0.3177491082596007,0.0015647184955521428,0.3500287044715188,0.021480684823997908
6_177_177213,0.7648683302100799,0.7449027975343765,0.7064733562253592,0.6423731257208766
6_177_177225,0.6659552604537191,0.5683809269043001,0.8806964243982239,0.8604365955359333
6_177_177229,0.9301297360098109,0.8444841024146847,0.974654613679004,0.9462009473562598
6_177_177279,0.8875723082664676,0.6707536963577353,0.9728430728824689,0.8693424768051634
6_177_177302,0.9252619892225622,0.7921287584577812,0.9620088847862459,0.903540750052378
6_177_177307,0.8668822932521563,0.7311473057329411,0.9695442436460509,0.9468036812347819
6_177_177397,0.8860050308712555,0.6788979690913505,0.8674438281470339,0.7570219697270668
6_177_177406,0.8648187840997662,0.6251029484434195,0.9700621870012658,0.8449547082367811
6_177_177408,0.8521576345221523,0.6190502213235696,0.9476411529741984,0.7475207384768914
6_177_177411,0.8478956671284574,0.6163851260186735,0.9443964586482401,0.7420738530399105
6_177_177415,0.9602317144059813,0.7959026271390697,0.9769621565578019,0.8727554329412903
6_177_177585,0.9681503922939486,0.8802451333813986,0.9794996803069054,0.8280313508529276
6_177_177589,0.6896374509437488,0.5551960411115341,0.9107711918419376,0.8795696831037336
6_177_177722,0.8851020321220125,0.750163505559189,0.9125319693094629,0.8020575924151495
6_177_177913,0.922333893864143,0.8041187509021797,0.956196181205541,0.9053493780968753
6_178_178076,0.8495642868062987,0.7404718188393702,0.9604705882352941,0.9712991483964486
6_178_178122,0.8156273338312173,0.7377738825591587,0.6218167571500531,0.6443892789263411
6_178_178143,0.8933524268917696,0.8064397348825791,0.9134460381101972,0.8566272965879265
6_178_178145,0.8916037520018303,0.8046228710462288,0.9403052742934864,0.8909843835753131
6_178_178184,0.6842680421383923,0.5792288055891441,0.8155093765838825,0.8065689367229542
6_178_178187,0.7763641065425394,0.39562993956299397,0.920774133193007,0.7702727607814228
6_178_178230,0.83777933405488,0.6629105576541392,0.6559217674755523,0.6643245158242796
6_178_178275,0.8139954853273138,0.6143989806031431,0.950428285037361,0.8860005415651232
6_178_178277,0.5206775275902494,0.328723176730591,0.8450069577894109,0.6147091108671789
6_178_178279,0.6901920083030617,0.5854542033212589,0.9552713292917344,0.8362363576231948
6_178_178280,0.6503538684252855,0.4246575342465753,0.8079309086485829,0.6295864064979927
6_178_178281,0.7543457687901579,0.470276117865238,0.9247248427672956,0.8593652769135034
6_178_178282,0.62607861936721,0.4108447962212364,0.8267066218389124,0.6839605961101288
6_178_178399,0.7445005409304003,0.5879399434532514,0.8400981423063442,0.7448291623814421
6_178_178407,0.8995287464655984,0.8417537942664418,0.9170251997541488,0.8700874090878762
6_178_178412,0.8962102143075584,0.7533904466854234,0.7924638713616935,0.6487408184679958
6_178_178463,0.6333950513381585,0.6082763261186498,0.9574909997230684,0.9306428104739408
6_178_178466,0.9079927135598095,0.6943681592039801,0.8889857700892857,0.6689985812827162
6_178_178467,0.890513162683489,0.8333782981708304,0.9249702262802699,0.8872172071770869
6_178_178470,0.6578548355198102,0.5270054694621695,0.8470053370231271,0.8141999844127503
6_178_178511,0.4851995154708283,0.41446194121613583,0.49257994336205746,0.3902685922526657
6_178_178685,0.9488953816187401,0.8296246252586243,0.978830591135645,0.9275967322021725
6_178_178773,0.5868555352002094,0.4248683043863767,0.8704502710476822,0.8294276186560687
6_178_178822,0.47592419608696207,0.14933098935442915,0.9640152018497355,0.9138634046890928
6_178_178865,0.8464609554743537,0.6209610604805302,0.8787653006918573,0.7016067329762815
6_178_178879,0.9530817858553932,0.7596626844694307,0.9794749280723387,0.9098464007336085
6_178_178884,0.9229043504623313,0.7778762425830316,0.9399587277670411,0.7773304316285818
6_178_178885,0.8976566135104268,0.6827443231511775,0.9744143812785913,0.9206837362322987
6_178_178886,0.5919743834309852,0.5689856355369574,0.7337303275202042,0.7232698847325885
6_178_178980,0.038988969312952385,0.05339195979899498,0.041101901511457824,0.06922350273946722
6_179_179030,0.9228535949770013,0.6388018250347154,0.969966322530779,0.851632183908046
6_179_179051,0.09289888085569971,0.14697196066849658,0.10046434227125103,0.16864853686278564
6_179_179071,0.45601223213674436,0.3877303507057912,0.48674145220812864,0.498281294757949
6_179_179090,0.9657663412111811,0.8511309836927933,0.9901339523794586,0.9529691211401425
6_179_179159,0.9428235178737803,0.8312147912754586,0.9867272633372928,0.9614567765279635
6_179_179207,0.849252195932579,0.7411419315650941,0.8912389380530974,0.8351294155949862
6_179_179253,0.2030730523856591,0.3072562358276644,0.20903322135125046,0.2889515017085307
6_179_179254,0.007516691976822119,0.0,0.007878636978018069,0.0
6_179_179287,0.23421986727712332,0.05078393073958718,0.5543533604887984,0.29944858357536724
6_179_179313,0.05510929360790614,0.09276977707634641,0.06634791334631958,0.12735762118326474
6_179_179324,0.8543012019797314,0.6137406171809842,0.990326811673407,0.9794060587971944
6_179_179346,0.25542454227647093,0.27430234096019046,0.2798507462686567,0.32823522437607444
6_179_179391,0.939373876856143,0.8680659670164917,0.9734292278493657,0.9383329568556584
6_179_179398,0.48788163796845607,0.2504220596510974,0.9689490445859873,0.9303722504230119
6_179_179416,0.9113432320441989,0.7198709846140435,0.9448945045644157,0.844740850140767
6_179_179431,0.9082551050033872,0.8353826179929739,0.9439937010030468,0.9087697259951323
6_179_179434,0.8974018427824355,0.7411500059197285,0.9485029584039485,0.8894584261165497
6_179_179438,0.8969610636277303,0.7635933806146572,0.9779228447710274,0.9399727148703957
6_179_179605,0.25193496244176095,0.10945645821157218,0.24318519742276556,0.026821277899549835
6_179_179654,0.9139479685391166,0.5552874785311197,0.9907252546753839,0.8727551236002535
6_179_179687,0.9503281887528827,0.8876017740120474,0.9929970252850768,0.9798240714884111
6_179_179688,0.8178183709289475,0.5953112203112203,0.9300074183976261,0.8262919724683424
6_179_179783,0.7643410528953578,0.4741142840643317,0.898776033955187,0.7185799972102106
6_179_179931,0.9113261577959909,0.6873043874125079,0.9832008023497385,0.9222551928783382
6_179_179932,0.888872208669544,0.7565008428679029,0.9635739954263313,0.9237580669368153
6_180_180004,0.6903420729209341,0.4089621687234473,0.8447997850040312,0.7561184140215881
6_180_180008,0.907384403036577,0.8245405740243651,0.9417499875640452,0.8767558258436037
6_180_180009,0.8307658058771149,0.6419419602117175,0.9300025753283544,0.8867189333834092
6_180_180080,0.754418747801618,0.31648135829452945,0.9481445563193474,0.8090513313759239
6_180_180098,0.9676985697748236,0.8424548087486268,0.9880202615512028,0.9360740195563032
6_180_180161,0.7407962653711857,0.36121655185341395,0.9716324664770418,0.8900098425196851
6_180_180163,0.7560700932474436,0.4803893704703709,0.8915799739921977,0.6769619091326297
6_180_180170,0.9328383169442772,0.8866583963008909,0.9804740007074637,0.9653563513355885
6_180_180223,0.9469767110604658,0.7741480436558023,0.980527893976974,0.9165592783505154
6_180_180224,0.246169813185727,0.051458059490774546,0.0034688873572050033,0.33680976843844385
6_180_180251,0.9409742397830718,0.672296587006798,0.9788790017387746,0.8377617746875259
6_180_180282,0.8656982818667286,0.5269984336786568,0.9420192199708011,0.7768497592610789
6_180_180315,0.9527073181838882,0.8229175809707715,0.9832070887523224,0.9271178637200737
6_180_180375,0.8745423735905107,0.5183143874153174,0.9703129812590329,0.8676839353358587
6_180_180377,0.8749585161694753,0.7966919595314164,0.9434238335230044,0.8938074672610755
6_180_180405,0.9456612143055171,0.6433144808451606,0.9550558253958241,0.7334432682589499
6_180_180414,0.9247618061309031,0.7364468602488914,0.9508251561106156,0.847919191919192
6_180_180459,0.9320100211986896,0.8790510221040385,0.9633005225422288,0.9409151679820589
6_180_180464,0.8813161398836639,0.7453335018750263,0.9167773015210712,0.8127389101253445
6_180_180488,0.9608634556163482,0.8121661086972006,0.9882945209710298,0.8815102328863796
6_180_180577,0.9219776781057683,0.8922256320327342,0.9843784869448784,0.9748195915860587
6_180_180703,0.934545824709036,0.8544149686018198,0.9682754205640716,0.9259803921568628
6_180_180705,0.9385935708208486,0.8624687129495455,0.9701746252511204,0.9366375033823396
6_180_180781,0.8948099565029264,0.7005224780386978,0.9793105186230533,0.9250053567602314
6_180_180885,0.8932814316768616,0.810973264089248,0.9587367709975231,0.9288489813064482
6_180_180942,0.861612857346039,0.7940949440370514,0.9172209311643561,0.8754871794871795
6_181_181006,0.7445607970719805,0.3829745376875949,0.9792486462852723,0.9397426877073073
6_181_181152,0.7024365925095033,0.3325212464589235,0.8848425196850394,0.5850948927634624
6_181_181182,0.8967824461281118,0.7769691016252902,0.9778282500540775,0.9553342232262039
6_181_181247,0.9006461759376388,0.6263984696539331,0.9651175667195747,0.9015509989484752
6_181_181344,0.8139224712816762,0.6948775055679287,0.5881241140337061,0.5700728316045023
6_181_181363,0.8757822277847309,0.7885997634428169,0.9459569754561884,0.8929064719810577
6_181_181382,0.12660510748809695,0.40896745604421786,0.13829334468266213,0.4670979350526947
6_181_181415,0.4228181122563803,0.02322777178396903,0.3592972517798362,0.0
6_181_181419,0.4043048476423733,0.014624550540963253,0.006146417475447996,0.5578502288849285
6_181_181443,0.5397233350971351,0.3720533193249721,0.9914622090410713,0.9767900661483114
6_181_181487,0.9001724562700173,0.819997187456054,0.9291751364074035,0.8717661388550548
6_181_181586,0.7239830053230454,0.23550113015364368,0.986090301227721,0.9381687865939834
6_181_181594,0.6754730348023733,0.4902599093702797,0.9391236577762383,0.9429677046038119
6_181_181625,0.6102860069335014,0.03848297588755604,0.6879130201821754,0.19049313119150565
6_181_181781,0.921499636010677,0.8107667210440457,0.9644998696445641,0.8710118984942613
6_181_181787,0.8860439489207234,0.7546450863695747,0.39332997553604837,0.4991599462365591
6_181_181837,0.21264778733944487,0.13605394063700874,0.7782468456503178,0.44255570153095425
6_181_181841,0.9208441222164682,0.7131329850514664,0.9788771694849043,0.9199734351652
6_181_181842,0.8971671034568826,0.8240829652391012,0.9441993075826488,0.9114233353695785
6_181_181845,0.9392294291617712,0.8671682824482708,0.834523453200496,0.7478808757535923
6_181_181907,0.8414915788880752,0.846839546191248,0.9295419254658385,0.9326767906649563
6_181_181909,0.7951573086821787,0.7492633590825835,0.8899215070643642,0.8828727794724565
6_181_181932,0.8465729676181042,0.8819878279795252,0.9385684897495921,0.9438588943858894
6_181_181933,0.8967389069375334,0.8661378120021243,0.9549271481094821,0.9378174379232506
6_181_181934,0.865077926785067,0.8557606225466565,0.9296890979750461,0.9268998256870526
6_181_181937,0.8732634556193328,0.8431200701139352,0.9402565048902012,0.9313138555296648
6_181_181938,0.8521251002405774,0.8247104024034434,0.9203571269932928,0.9155882262099638
6_181_181941,0.5320716435781876,0.32503712083716324,0.5631689754613166,0.4011008031016339
6_181_181950,0.9007127339253725,0.8774971261689501,0.9217315077642344,0.9001446712747146
6_181_181951,0.8584773971867282,0.7956560491626401,0.9249543317461744,0.8978501398795272
6_181_181954,0.8875272057592499,0.8492101755480559,0.9291869888884814,0.9198135613347583
6_181_181956,0.8658124221391706,0.877964047667138,0.9501528013582343,0.9493023658895918
6_181_181957,0.8699919549477072,0.8746928746928747,0.9248277927523211,0.9160223367697594
6_181_181987,0.41147987491173205,0.2067235159068547,0.4462416745956232,0.25520888048464474
6_182_182027,0.8224681484236958,0.7689740337761164,0.9670735804681375,0.9453444479396036
6_182_182070,0.9631015711988123,0.8381471013993245,0.981228886480974,0.8331715524493626
6_182_182072,0.9579505635003315,0.8502748451269523,0.9755207319447148,0.8916482545293858
6_182_182190,0.5977320551788637,0.5393126177024482,0.9783180447751619,0.9521429944262926
6_182_182191,0.8737605033650592,0.6639497594869054,0.9810898010396129,0.9556086911321343
6_182_182214,0.8150695638580585,0.8414167686658507,0.8793254874407167,0.8900860336093913
6_182_182221,0.8565286413546765,0.8444018841554946,0.9337868480725624,0.9044030351520157
6_182_182225,0.7790432047674226,0.559890622915833,0.7877165090787381,0.6391617305241059
6_182_182274,0.7201259484850049,0.4234270685818329,0.7633985479133182,0.5169084760554161
6_182_182357,0.8244083092116465,0.6329826593314674,0.9400991800461531,0.9045570360469487
6_182_182417,0.9303831770635738,0.7887580015908489,0.9756999772365126,0.9268751567856844
6_182_182421,0.9385628436261347,0.774864229553376,0.9835793812585407,0.9293367572832728
6_182_182422,0.8145444714787781,0.579059189658268,0.9359592150289825,0.7695585478097835
6_182_182424,0.7275085102934025,0.47284937376400793,0.8059096437097428,0.5918703530564089
6_182_182431,0.6287959325167553,0.47675985592825815,0.7230161307783912,0.524228184528321
6_182_182480,0.7307383627608347,0.3024930274916045,0.968429684296843,0.8491046831955923
6_182_182481,0.08738851903027257,0.18433316807139316,0.9468563200837733,0.7917730804760094
6_182_182498,0.8179549784014382,0.6410060362173038,0.8947574688734136,0.8104569713142095
6_182_182531,0.9559481496968429,0.7988118811881189,0.9865143651327933,0.902540044799459
6_182_182532,0.8825235678027556,0.6790119760479042,0.9312966482777804,0.8444051528163677
6_182_182566,0.8563991145363614,0.6011041741912182,0.9864447086801427,0.9607294994675186
6_182_182687,0.49964461911531066,0.07961963344212905,0.5407344344173903,0.41363872747416736
6_182_182722,0.8166629403036647,0.5700539518326937,0.9786059180388759,0.9239907819453274
6_182_182727,0.4494946544371093,0.3847191903155388,0.4981197958635509,0.4861725926983674
6_182_182767,0.5158943174669742,0.47597972731815263,0.5312148880234753,0.5285517508035088
6_182_182867,0.956064478081384,0.8320936550029105,0.9666486449956072,0.8637580299785867
6_182_182890,0.8971692950599472,0.5941745765866369,0.9680514665794352,0.8450199611014434
6_182_182903,0.15212670360940542,0.08031663287962158,0.2982909453323982,0.17273733126797963
6_182_182962,0.8051978322941553,0.543836344314559,0.9482391366089179,0.8882721320808425
6_183_183016,0.9338542684117992,0.8372745270567532,0.9763357827873957,0.9412866592518878
6_183_183024,0.921808214086601,0.8053723182979735,0.7719193427931292,0.5751533001786491
6_183_183025,0.8574091332712023,0.7421862729700016,0.5792114695340502,0.5221674876847291
6_183_183027,0.8685828343313373,0.8124484487024934,0.9411349395463772,0.9035574748097882
6_183_183051,0.09516839713976429,0.17027348394768133,1.6712626389237068e-05,0.19239124380326408
6_183_183077,0.89288906367309,0.7171299948948809,0.9576267913013249,0.8901330655284961
6_183_183192,0.8133384022158258,0.6587042705876449,0.8996895733154787,0.804788916766663
6_183_183264,0.7545630808317176,0.7246058760300967,0.8592116538131962,0.8971935577201273
6_183_183280,0.90558675168935,0.7751746136501128,0.9644732777262898,0.9141089409195681
6_183_183414,0.934808552958727,0.8480019463536281,0.964426049143396,0.8931189552146861
6_183_183464,0.9228466793436158,0.7528671410927483,0.9795802394302167,0.8983449990187741
6_183_183467,0.7976535444201004,0.6227453378171813,0.9807068315355608,0.9530053498374069
6_183_183470,0.7839605631641539,0.36811005158668125,0.9870513348016555,0.9416553595658074
6_183_183522,0.8718680848026269,0.7760110980685092,0.9141304347826087,0.8320212823714642
6_183_183532,0.8901074234407568,0.733451171011931,0.9675267061787983,0.9130163029324444
6_183_183539,0.9069470572426767,0.783934576582085,0.963302074872628,0.9082161361954109
6_183_183614,0.8112578977599081,0.7757054041128647,0.9457056892778993,0.9449630151461782
6_183_183629,0.395152251074164,0.1372954634782069,0.41363646534941484,0.23782020428899941
6_183_183630,0.9097197959611487,0.8440710209258085,0.9568627450980393,0.9127127127127127
6_183_183665,0.10966723905880169,0.21800563014291902,0.12288571161573685,0.20923593618807726
6_183_183704,0.42369492511269446,0.30339272638515985,0.6340150083061237,0.5997188463631417
6_183_183720,0.895543592044265,0.6546548956661317,0.8068941907621003,0.6122448979591837
6_183_183730,0.3838654177021602,0.3580709094913015,0.5494441193680515,0.6331114808652246
6_183_183779,0.7296893667861409,0.5616671392117947,0.8208062862999659,0.6444478574719705
6_183_183795,0.05636847710330138,0.0936152274717079,4.068844854945681e-05,0.18265570934256056
6_183_183803,0.9210517306309699,0.7435211959190354,0.973528552650796,0.8872122151974233
6_183_183804,0.7924326253792611,0.44966309948474037,0.9357043959847698,0.8339057740911153
6_183_183829,0.9241808827511508,0.8430593607305936,0.9539089610124515,0.9066437571592211
6_183_183831,0.9248812351543944,0.8212014134275618,0.9782689548908134,0.9416138804736988
6_183_183834,0.9659787084463192,0.8624922950482844,0.9929825469988088,0.968361395400022
6_183_183879,0.39279329235064103,0.19845065034429993,1.003824571617864e-05,0.4450274759327356
6_184_184105,0.9242624880453174,0.8776927185330248,0.9648963832637302,0.9316454771299137
6_184_184112,0.9277943018159048,0.8466145612097528,0.8802015536426622,0.7977154096376428
6_184_184173,0.8948340965694545,0.6877064620928772,0.9236774121082781,0.7288960125977166
6_184_184198,0.9337700455144838,0.8161120840630472,0.9868784217908692,0.9611694249468736
6_184_184204,0.7366067732052662,0.48332306270220304,0.9268846257768171,0.8710915219082188
6_184_184209,0.0068012011582597506,0.0,7.300868803387604e-05,0.05939649346002465
6_184_184223,0.7920468068226895,0.6493897246664775,0.9268498433357436,0.9110528749807307
6_184_184238,0.9055385112223479,0.7818927522037218,0.9110549299011721,0.8487290762554247
6_184_184306,0.8786788750817528,0.7640801001251565,0.9241296518607443,0.8552005438477226
6_184_184310,0.8687074434033638,0.7016085790884719,0.96684350132626,0.8833746898263027
6_184_184311,0.8951273806579273,0.7686542305129913,0.9603725838582889,0.9222934515607214
6_184_184312,0.9456531717616818,0.8675164156044805,0.9676842817119119,0.9068474877723433
6_184_184313,0.7390931606020195,0.5779548850779193,0.863630851321853,0.8650191698616436
6_184_184314,0.8853113690253338,0.7869619112012621,0.8645952685852936,0.7733534222987516
6_184_184315,0.7756265946270449,0.7353775743707094,0.9102803738317757,0.9264268880008197
6_184_184317,0.8901762008206614,0.7028363553686126,0.7695765953163792,0.5966178252726672
6_184_184318,0.9001673173452315,0.830110497237569,0.8215164654869331,0.7090197506143624
6_184_184320,0.9198878278005154,0.7767809462779024,0.8977465471286649,0.735957678543644
6_184_184326,0.9271811623792025,0.8714675177870869,0.9589620234710985,0.9060634204590686
6_184_184327,0.8596981848881384,0.6980203260639424,0.9294329432943295,0.8361734253666955
6_184_184334,0.8955034832172261,0.7366599021129283,0.8359110210760061,0.6984023048716606
6_184_184339,0.9195652173913044,0.8227650727650727,0.9210648148148148,0.8257901680720473
6_184_184356,0.9294390940328122,0.8121526023244062,0.9720136867371432,0.9251095382541288
6_184_184358,0.8891882183908046,0.7055427752940666,0.9073707454503921,0.7658635601447357
6_184_184364,0.9113312221719565,0.7446869718436477,0.9026988993315576,0.7605609714383444
6_184_184366,0.90416576732139,0.7728534602419195,0.9538191558141683,0.9069224786103189
6_184_184376,0.9684385069058431,0.8457114835948645,0.9660429257709593,0.7639867627019661
6_184_184478,0.09971837461923098,0.2493843375472008,0.11701705672352242,0.25857747817820415
6_184_184487,0.8706279131456288,0.8606285379660356,0.9205977146205684,0.9126160880125732
6_184_184513,0.8159276902406254,0.8001654680837523,0.9042462239954403,0.9267253826162287
6_184_184775,0.9496940404398723,0.7949113699078622,0.9699128142272381,0.8695246513455117
6_184_184950,0.8986555697823303,0.7203568386605101,0.9615384615384616,0.8919634383896908
6_184_184954,0.8702266693894221,0.7335270662972224,0.9598025128035076,0.9046604317114557
6_184_184979,0.8136435422364315,0.5611180642469754,0.9593514711995935,0.8951470067304286
6_184_184995,0.9311530384120317,0.686755296731926,0.983347876672484,0.9306041834994164
6_185_185021,0.8446435064291145,0.6959421901056142,0.6449170470994321,0.554475167966508
6_185_185044,0.941302758998721,0.8181163396899438,0.9624356692799769,0.8906388879013047
6_185_185045,0.7325524012363315,0.4205156851791962,0.8331850269917541,0.6221362282113626
6_185_185046,0.1625212457807675,0.048453309006468735,0.12841997749174855,0.0
6_185_185054,0.9095195828248086,0.8252547581819162,0.9342588811759902,0.8672502230151651
6_185_185092,0.8068833652007649,0.7109365257513406,0.9163919181672162,0.8021737185794794
6_185_185101,0.9381711409395973,0.848820294482881,0.9740807360009436,0.9365748936009943
6_185_185118,0.8788819237488439,0.5638755094479437,0.9537598823313109,0.7908452203534171
6_185_185147,0.9163285584168254,0.780912632164719,0.9566700188011018,0.8807591240875913
6_185_185156,0.10963026655202064,0.2459884717245677,0.12709572742022715,0.26638273708120386
6_185_185166,0.8044728231519426,0.5207143466030176,0.9660714285714286,0.9028676153514446
6_185_185178,0.9668020062096967,0.8198989469707701,0.9904455586037272,0.9470439615967661
6_185_185184,0.34602786218872095,0.13744328306115325,0.9350942544305226,0.8442079553384508
6_185_185235,0.741467415305028,0.6766363921077356,0.7610365324250318,0.7159706726171502
6_185_185261,0.7519385164345022,0.41301757066462946,0.9888066492750106,0.9528191302309226
6_185_185267,0.7981622800186887,0.6342091705306543,0.9348374008729329,0.9030404346463274
6_185_185311,0.08864469965726655,0.15601318810308815,0.08622132672039677,0.19946250541829216
6_185_185320,0.7858528419206547,0.4991261483307192,0.9824937956938762,0.9355208154383554
6_185_185321,0.806950202159783,0.6398512175078933,0.8900657000453104,0.7764804003336113
6_185_185363,0.9458448245935469,0.8121901327878515,0.9868980600218703,0.9386343350193395
6_185_185435,0.5173630664113826,0.313334587173218,0.5520260062587676,0.337809394399595
6_185_185436,0.7645250212044106,0.42369477911646586,0.8178784373053306,0.6122060077227822
6_185_185479,0.7472978753743048,0.2661772702555737,0.9398394704808277,0.6269802858710032
6_185_185538,0.9365974729241877,0.8302339143394026,0.9732439882140481,0.9222396081366079
6_185_185581,0.9015223415967503,0.7511050144795001,0.9588477366255144,0.8941087121623088
6_185_185592,0.27722753757376806,0.037583846207039626,0.0030349744676751132,0.3691299498047964
6_185_185621,0.4018781544232881,0.15586760905439487,0.5180161357719135,0.3768746976294146
6_185_185660,0.8807228146350807,0.7474591534799948,0.9428814400113387,0.8653895935801191
6_185_185714,0.8700922685332485,0.6970872280184618,0.9686584969092289,0.9212956644374687
6_185_185883,0.1074415612266781,0.0,0.3181472132067156,0.3141503954246906
6_185_185884,0.1863911805504855,0.1582786644472731,0.24612686349020754,0.25761321835614787
6_185_185897,0.8352824231084084,0.6733289840460234,0.9437173662439818,0.8899804905239688
6_185_185915,0.9678560896490711,0.875715359269322,0.9929481139244354,0.964608850864775
6_185_185917,0.9353652476395561,0.8009301433571463,0.9876094323637391,0.9602109550415122
6_185_185947,0.9101901766996107,0.8742069343941836,0.9678753954733512,0.9534723231149208
6_185_185951,0.44766606608513443,0.0,0.004971017038468294,0.49812944783550395
6_185_185952,0.9118708053691276,0.875,0.9636265418204736,0.9602265830467328
6_186_186022,0.42234278122232066,0.18722152801443953,0.7878131142583539,0.5933649289099526
6_186_186041,0.09739983344128805,0.04965266931441236,0.19034873651893253,0.24651278457260417
6_186_186067,0.9263291813367259,0.6564868479714668,0.9728024369016536,0.9125663069325041
6_186_186109,0.06610407876230662,0.21584699453551912,0.06821337930373989,0.21298649524094285
6_186_186111,0.9034840808156627,0.7557346559206448,0.9243476179075891,0.8258394485212364
6_186_186114,0.24923210257325296,0.12921145334658116,0.2881807682056446,0.20698987087296064
6_186_186120,0.9551242097765115,0.7630842988413903,0.9845886694161059,0.8387198735677598
6_186_186212,0.9244970559371933,0.8472792607802875,0.9447510182630403,0.8802469135802469
6_186_186216,0.9221622277498028,0.8242901128977078,0.9676728334956183,0.8663798897701304
6_186_186294,0.8449364107395195,0.6165883120002745,0.9569515887782277,0.9137598804514531
6_186_186299,0.39009432460821863,0.22935543436251987,0.42460708122444724,0.34833364714742987
6_186_186302,0.9060752632842785,0.6399561883899233,0.9951634233893822,0.9841571998771876
6_186_186329,0.9614812365680278,0.841651653113892,0.9746476115896633,0.8840142720739735
6_186_186340,0.8586009459795868,0.7770196033076967,0.9327820942333738,0.8804813508064516
6_186_186480,0.5965778289357181,0.34857677902621725,0.6626181509838641,0.4965603502188868
6_186_186611,0.8615213389837764,0.773459608346225,0.9074406639809737,0.855100538530084
6_186_186617,0.5375384615384615,0.19105857787389538,0.20221863697236195,0.09028620369709514
6_186_186637,0.8173007026896051,0.36262909711574626,0.9202000514838378,0.697088238550393
6_186_186717,0.4633278861866769,0.32745662058086666,0.5353898957766523,0.44573855274776103
6_186_186720,0.960049989585503,0.8738714991762768,0.9927301051538362,0.9713925115692049
6_186_186736,0.95180851442188,0.8648067544181656,0.9677514792899409,0.9002424114671164
6_186_186738,0.47528800141785316,0.32077405805435405,0.5158776254474235,0.3442158133506157
6_186_186799,0.6396836917905031,0.4039905734485467,0.8756030323914542,0.7647436191174449
6_186_186801,0.9265310481072134,0.8093457325346659,0.9635098679539968,0.8795931872801366
6_186_186803,0.7395681117064459,0.47074157303370784,0.8592650735507879,0.6689882562145741
6_186_186851,0.9240710467017187,0.7026724769580811,0.9771360946745562,0.8588564924262324
6_186_186911,0.9436078396116155,0.7657244400363666,0.9640569645496563,0.8590324499977116
6_186_186937,0.8889780631353665,0.8230893433799785,0.9180704441041347,0.8621504529342261
6_186_186942,0.9311862927854678,0.8194858214719188,0.9586281981491562,0.8921795465062471
6_186_186978,0.8828567981662444,0.7672713717693836,0.8905187358314441,0.7524249599022378
6_187_187026,0.6681814876754163,0.5669338378055458,0.8680558960529542,0.8170559216200366
6_187_187033,0.9218754675204213,0.8184103512014788,0.9840118621667795,0.9579821717990276
6_187_187035,0.8038181214217324,0.5036666758219122,0.9586892227611499,0.8586684625745622
6_187_187039,0.9256405036787158,0.801086089697338,0.975157017598408,0.9261771907992453
6_187_187042,0.8806262870591312,0.6842128121606948,0.930155372383106,0.8120135046422208
6_187_187060,0.8568614014048312,0.7896566869189664,0.889251893939394,0.8386366253406518
6_187_187068,0.8889588695985542,0.6576132845482691,0.6727701399308,0.5435567905522751
6_187_187069,0.9114836692147325,0.7236317747077577,0.9293028018244438,0.7810858143607706
6_187_187085,0.8721923335574984,0.7272290758661446,0.9399188397084242,0.8822389926954276
6_187_187089,0.0,0.0,0.0,0.0
6_187_187092,0.9131242158092848,0.84464366204237,0.8320867614061331,0.7294147669275264
6_187_187105,0.7791411042944786,0.5539780337530137,0.9416065324724648,0.8826491422719126
6_187_187173,0.7481671554252199,0.65319323072049,0.8781299247067064,0.8236311737738949
6_187_187187,0.847926267281106,0.8265669515669516,0.9088771310993533,0.9292668388635009
6_187_187192,0.7779287248831037,0.7415748198389148,0.8456697840976254,0.7778507462686567
6_187_187262,0.8518958283859732,0.7170345852851252,0.8803642676575397,0.7393644881568993
6_187_187270,0.9082675529705027,0.8677701674277016,0.9657620416966212,0.9588279668082741
6_187_187278,0.9284776670096143,0.7976477256624628,0.9888419208652272,0.9672651574290918
6_187_187296,0.662483455071327,0.47276395427034296,0.6809301610091273,0.4559536135845931
6_187_187445,0.9221170160363418,0.8038557130382212,0.931109287054409,0.8057019126669073
6_187_187483,0.9216651046547953,0.8010564274467977,0.9740798124031657,0.9349512960211326
6_187_187579,0.5537270087124879,0.36490189023883984,0.5866943350714767,0.530782355738301
6_187_187587,0.8627606958807457,0.8280742111316698,0.9656978774591595,0.963679016340398
7_187_187609,0.5694321206743567,0.2405452946350044,0.13530512390305607,0.007965903901770764
7_187_187644,0.8676481522789798,0.8277986388171791,0.9380690673447625,0.9236132922922294
7_187_187772,0.9548221723806473,0.871762814788355,0.9376461204169761,0.8071481757259866
7_187_187858,0.8959865789134082,0.7779772591262717,0.9890722091279195,0.9659286079004781
7_187_187877,0.8014088322947711,0.6485298510647378,0.941032887975334,0.8540849846349475
7_187_187891,0.9059747679124018,0.8685922642453707,0.9589415279556125,0.9465873135452765
7_187_187936,0.8859813084112149,0.8391766195167594,0.9464262465824762,0.9210757602390578
7_187_187965,0.9600678525582248,0.725182034460385,0.9560523006098574,0.5623639632819154
7_187_187975,0.8479229458786529,0.8286445012787724,0.8911705834383572,0.8890545240999232
7_188_188008,0.1455307648930171,0.03474570423021186,0.02549164899370587,0.4231439114391144
7_188_188009,0.4069545769210288,0.1816248766713163,0.9225022880748015,0.7347153564024876
7_188_188016,0.8817465576908917,0.8137694194603434,0.9169393608855493,0.8343236630548759
7_188_188041,0.6110000571134845,0.46965146965146964,0.8138577081482677,0.7954840103716508
7_188_188045,0.6059729644765797,0.44390851940169085,0.8837574923847892,0.8323797243935853
7_188_188053,0.7204466692337312,0.37270854788877444,0.9361984177891811,0.861042600896861
7_188_188076,0.9200199327270462,0.8385636872506401,0.9651804106585156,0.9324822154471545
7_188_188077,0.8638764268271907,0.8073425558672729,0.9158272047463074,0.8900112808942673
7_188_188080,0.9421289984268485,0.8006526362103101,0.929163443474417,0.7689676281012567
7_188_188150,0.6303877072765566,0.2463204920290077,0.9335328538884173,0.8085917312661499
7_188_188152,0.12054733397783893,0.0,0.21762771027723704,0.0
7_188_188170,0.3980832782551223,0.2864945614116988,1.4743173910479448e-05,0.3136143410852713
7_188_188171,0.8895711500974659,0.905589946184714,0.8497934660157717,0.8239386716485215
7_188_188172,0.8628735886650432,0.8790630158820516,0.8582354947142787,0.8446312684365782
7_188_188221,0.8882047958522359,0.8244446365286542,0.9500698324022346,0.9233125986445084
7_188_188270,0.10322005854651903,0.09816500074593465,0.1272746452871987,0.1617203908318875
7_188_188335,0.7523022751895991,0.596277145811789,0.8806771263418662,0.7629672688248972
7_188_188357,0.37433489153615823,0.36928296197017924,0.0,0.10961772254491423
7_188_188375,0.7829348746241644,0.6348454828500116,0.8400338002535019,0.6954494642418955
7_188_188376,0.7602584250043652,0.4760799390664104,0.9388397935077435,0.8571151796958248
7_188_188443,0.8468755531952558,0.8210512809546213,0.9280556117972599,0.931313598519889
7_188_188465,0.7136334936130944,0.6350922470616956,0.8932250015993858,0.8046279563133496
7_188_188612,0.851718088948509,0.867937206035062,0.8959364567744906,0.9078701013622571
7_188_188629,0.8580072766893009,0.5209571349338404,0.9769326406465078,0.8918985593053088
7_188_188631,0.9215598386373823,0.7520667483159829,0.9767766906784217,0.9303461635643898
7_188_188644,0.9293219132273306,0.7312322722975102,0.9760237007096434,0.936164677571461
7_188_188671,0.6596741660201707,0.48281722054380666,0.7030189959294437,0.653393587994543
7_188_188715,0.9160023062088709,0.6880514705882353,0.9703058623619372,0.8800847118996243
7_188_188770,0.9558570563294972,0.8169832051483283,0.983223905934044,0.9163306451612904
7_188_188794,0.7424031998222321,0.5411249014972419,0.9654686921081882,0.9371458690209514
7_188_188816,0.7879399631352585,0.4436564223798266,0.960008789277082,0.9563525371995422
7_188_188817,0.8642806267806268,0.6603809075946391,0.9469573187741601,0.8460300150594589
7_188_188821,0.9094546610843182,0.7356691470665221,0.9657155874480323,0.9068774569894745
7_188_188829,0.9281546543740526,0.6850958710739913,0.9523411371237458,0.8124885215794306
7_188_188858,0.91732806375328,0.7475767571682315,0.9604408719154761,0.845079587546301
7_188_188878,0.8496164908916587,0.6870328680774426,0.9200281172272088,0.8804214541986466
7_188_188879,0.944738476094734,0.8101681016810168,0.9816964010124082,0.9364950021729683
7_188_188898,0.9123042625768849,0.7194050033806626,0.9771749244010235,0.9181748269674442
7_188_188900,0.9214960748037402,0.865894708496028,0.9724970741568252,0.9563648293963255
7_188_188931,0.8056582343830666,0.3644630989856593,0.9412478204836631,0.7423111111111111
7_188_188996,0.9648936546696394,0.7324969292858396,0.9838509316770186,0.8581867128160754
7_189_189052,0.5509022353891732,0.22358467883630176,0.8939668901151809,0.5385668800712109
7_189_189055,0.8060552977937695,0.5314659755449229,0.9186970796613099,0.7880607032327828
7_189_189091,0.7925230967557115,0.5583787950664136,0.9715197423356794,0.9077354057473341
7_189_189111,0.6348180839285985,0.4467651178219525,0.7224633224984626,0.5810503322107946
7_189_189150,0.8216276477146043,0.714013671875,0.920963781461019,0.8802197802197802
7_189_189216,0.6743407766430096,0.21688951968327483,0.9809661384203594,0.929297526930663
7_189_189231,0.8695994667636188,0.6647085115892982,0.9248300954211575,0.8477103301384451
7_189_189257,0.5345740973093546,0.5137984965440694,0.5449952121915939,0.5636044255676157
7_189_189291,0.33627004046509246,0.3824712342181653,0.0,0.0
7_189_189358,0.9042859099000411,0.747485485321776,0.9774668905055027,0.9459136212624585
7_189_189395,0.9584328328004209,0.8107419127988749,0.9746585417104434,0.8052297557840618
7_189_189445,0.7193161520796122,0.7475409836065574,0.9005067567567567,0.9239206371384658
7_189_189447,0.4561164429238308,0.1514017563448713,0.47433908308235223,0.16429424485975275
7_189_189451,0.9344868953457636,0.7617423154266015,0.9808105091439856,0.9237482953438535
7_189_189454,0.8989322979859258,0.7990981396297387,0.8323580578839158,0.767934611757309
7_189_189457,0.8893070215695273,0.5558164524216977,0.9629124236252545,0.7596923630475848
7_189_189629,0.916164641739306,0.8019603920784156,0.9642549216841501,0.8829064724654284
7_189_189652,0.9163027910713661,0.6972482801751094,0.9709965015235301,0.8279941172709252
7_189_189653,0.3923049687241827,0.3046390473827834,0.42730925763742206,0.41324921135646686
7_189_189654,0.9186788967037242,0.6727592666174718,0.9728524133124238,0.8696242109610053
7_189_189656,0.9459695141093167,0.7960782104017581,0.9785834986408052,0.9277115508837864
7_189_189668,0.9266968802698144,0.6910510972993785,0.9790670702384656,0.8355319028477609
7_189_189749,0.8301006629020378,0.8623537508602891,0.9146700294241278,0.9047931713722915
7_189_189839,0.89822152241811,0.7024259721726721,0.9565458528604309,0.8307805085072727
7_190_190013,0.9174008112561794,0.45656706045865186,0.9615292137533061,0.7288727663576515
7_190_190099,0.8727330420561888,0.7171370967741936,0.8977655423103651,0.7769759975538908
7_190_190101,0.8332382799133112,0.7984912561435593,0.9452045606975185,0.9456200889701908
7_190_190106,0.725422138836773,0.5174597740499829,0.8911203738789946,0.7991125453812021
7_190_190188,0.9253507197538552,0.7636587550380654,0.986107822243271,0.9533193036158408
7_190_190198,0.8471491808860807,0.6090848251631253,0.9110206096507466,0.7299926815618408
7_190_190257,0.9104376233140343,0.7829402743813985,0.9573644762070769,0.9074965924579736
7_190_190266,0.9158405826421202,0.8231429169282276,0.9542926135138632,0.9109729961423061
7_190_190268,0.7843514575827055,0.5906789606035205,0.9583995896383688,0.9294725858470878
7_190_190361,0.5936313791649093,0.48223298496048944,0.807749775874091,0.8333150082462891
7_190_190363,0.6133333333333333,0.6513617318435754,0.7462298491939677,0.7809176841276093
7_190_190595,0.9036813264015737,0.8521551159439277,0.8272187547571929,0.7763307246549973
7_190_190605,0.9211406335501915,0.802917125334172,0.9431713441184884,0.8452602952602952
7_190_190623,0.9611080429032351,0.8689720653640498,0.9920687575392039,0.9539562376853676
7_190_190712,0.641200230813618,0.5055605055605056,0.9282574568288854,0.7728301160159823
7_190_190778,0.5056129096922922,0.4043193902037359,0.5409982174688057,0.5241665022686921
7_190_190781,0.8758655150260547,0.7370325693606755,0.9671579621916052,0.9455530707035954
7_190_190783,0.43378292446199673,0.20948523423770948,0.8770937075599818,0.8178739286701686
7_190_190869,0.8829363240337381,0.753525155645297,0.9472813727517057,0.907836043693583
7_190_190902,0.9678064031026159,0.8399131464666404,0.9699113240240547,0.8362266622993777
7_190_190969,0.7733114997219305,0.4270045123221104,0.9752572460922159,0.848108643702279
7_190_190978,0.2933608447627139,0.30720761267922586,0.002007920901764201,0.3221573903316504
7_190_190999,0.019322958920274358,0.0,0.020730894005674433,0.0
7_191_191004,0.8369316738633478,0.6811847432346048,0.9064849396129407,0.8297960690227922
7_191_191005,0.8895316549426139,0.7680638911204575,0.9455796282985933,0.8970678381691868
7_191_191007,0.8104263365996218,0.5919493168986769,0.9613407361710878,0.9421469779479161
7_191_191008,0.8809016250218417,0.6952786253412558,0.9068678661249758,0.8471220003356268
7_191_191009,0.737356205852674,0.54672229304284,0.9209057233787239,0.8664179444014741
7_191_191025,0.8102794066919627,0.615203893270683,0.920381831532571,0.8185360894611996
7_191_191094,0.7005242841504868,0.1013586629794397,0.7440170155465785,0.23422322491696435
7_191_191137,0.894991652754591,0.6448230668414154,0.9282734728506787,0.6710230659879856
7_191_191154,0.9317796610169492,0.8196267793370555,0.9098067868160415,0.7870383745004574
7_191_191174,0.7679450055324057,0.6739012682343712,0.8675024853639678,0.8557590667102304
7_191_191197,0.8194569764580428,0.425367492650147,0.9221620621037531,0.6629686916635554
7_191_191272,0.6191051454138703,0.3086866227441994,0.6927925531914894,0.4675863916421109
7_191_191278,0.8476532567049808,0.6182915347085509,0.933982624093852,0.9095128820277459
7_191_191307,0.8433520619563095,0.4242389387316923,0.9198828305668328,0.7339405560882071
7_191_191341,0.7217133273126048,0.26546152417507585,0.9354686156491832,0.7010034106074836
7_191_191373,0.45056428719795055,0.43865568026990204,0.4718273359988153,0.45821272402537416
7_191_191513,0.9139388401161842,0.7888888888888889,0.9630805035438486,0.9130547850208044
7_191_191527,0.47084601086200273,0.0026613987433807993,0.52962820198339,0.03212623721446625
7_191_191528,0.8323889599707549,0.6246298788694482,0.8939431808714488,0.8474083438685208
7_191_191563,0.5326610185809184,0.17144402379664683,0.5769363121393404,0.31943410275502604
7_191_191567,0.8597719628540604,0.5106704574081405,0.8873348873348873,0.6942325515078064
7_191_191576,0.8254906333630687,0.7482749210557094,0.8838965693804404,0.7886079390973355
7_192_192101,0.8650708791777325,0.8222267268028176,0.9591891787737485,0.9428509461584341
7_192_192173,0.5515354211006385,0.15850079024610522,0.4330090199655417,0.03509338500457506
7_192_192202,0.8681839511966213,0.7747471936172187,0.9085717279681442,0.8559566257998339
7_192_192350,0.9191092609489051,0.7229854128310438,0.969369038884813,0.8854990184114183
7_192_192365,0.9382376717865805,0.8315460992907802,0.9709643384680312,0.918147132466913
7_192_192428,0.8203614300626305,0.6629254605343419,0.8927454083698333,0.779002937545234
7_192_192549,0.9356115582530676,0.81218993621545,0.94111450542505,0.8440047162557031
7_192_192563,0.23082659175055711,0.0,0.24404800102675994,0.0
7_192_192564,0.28098363867933773,0.20949179887066416,0.00012884226026136573,0.1908165011982198
7_192_192682,0.8321782178217821,0.61873168574114,0.9440072836053847,0.8871624887783993
7_192_192719,0.9497157498598767,0.7904374364191251,0.9775448472881569,0.9211755012359242
7_192_192727,0.7966116271069832,0.46855531686358753,0.9603842290306379,0.841861578989383
7_192_192856,0.9117535708139735,0.795459506657935,0.9501987632508834,0.8969297248123721
7_192_192869,0.9095904095904096,0.7664856477889838,0.9780836804926644,0.9509523006910501
7_192_192893,0.9711011068079501,0.7944103324158374,0.9820303666612825,0.7936298156347056
7_192_192895,0.8805710780973149,0.6123778501628665,0.9523630343166767,0.812248743718593
7_192_192907,0.8970716510903427,0.8538017263264788,0.9675683010674869,0.9557124518613607
7_192_192928,0.41869777158774374,0.21995192307692307,0.3107474168489328,0.4745275399773865
7_193_193017,0.7956341892943442,0.6261532153352013,0.8981233243967829,0.8406691185193973
7_193_193020,0.1288597619813445,0.10966087733342615,0.0007891473450828604,0.14515780191990948
7_193_193048,0.6198382622963629,0.5293464255564936,0.6039107950872656,0.5257114100100649
7_193_193104,0.29512076881398464,0.10051963048498845,0.2717922446406053,0.1551070170685451
7_193_193139,0.12362847222222222,0.0,0.13687123993311165,0.013291768010688225
7_193_193494,0.9300534227854392,0.7993233048328837,0.9370624774049364,0.8121977921722471
7_193_193944,0.9238793414253095,0.8207563072427937,0.9777101812325861,0.9425398067603769
7_193_193945,0.7545535537517323,0.5510115680578912,0.8112974518980759,0.7949526813880127
7_193_193972,0.9621223857474825,0.8878023876845743,0.992144140279379,0.967685695750892
7_193_193991,0.3670487685155776,0.33057126572844053,0.9222416557353156,0.9513274336283186
7_194_194027,0.09558303358807528,0.0,0.09980648383203629,0.0
7_194_194034,0.23422896259839363,0.10345464622205801,0.27748024916438774,0.10939878234398782
7_194_194103,0.8284781188765513,0.7886795743938602,0.944686140459913,0.950787784477728
7_194_194181,0.3871614196134204,0.2810056757311208,0.3022512184429717,0.25258158926500635
7_194_194183,0.9398200560090568,0.8503209242618742,0.9667573568502361,0.9332124375248795
7_194_194203,0.00033893709327548807,0.034141137021795456,0.0006099627245001694,0.03958587088915956
7_194_194215,0.9387405791900174,0.7892552560769828,0.9291743333625397,0.7761212072369746
7_194_194229,0.7822780136606978,0.5843095866314864,0.8893780957622455,0.7195361061282383
7_194_194243,0.8758139534883721,0.7727496595880291,0.9420646189008554,0.8942591331971863
7_194_194244,0.8552457841324933,0.7802569977089352,0.939035957575235,0.9191399262585332
7_194_194269,0.8132581983251155,0.7820627802690583,0.9467285382830627,0.9262542209358418
7_194_194271,0.8688615299488173,0.8583058400102832,0.9541199938622066,0.9573133629768312
7_194_194272,0.8434707216219821,0.7726022966197639,0.9715503875968993,0.9609452736318408
7_194_194797,0.07808103545301069,0.39880496399571014,0.8576668584579977,0.7741163675910822
7_194_194808,0.43394663882187734,0.12382617040235794,0.9603656070533042,0.9282633371169126
7_194_194833,0.865538907684872,0.8205369127516778,0.8836911246395386,0.8247338247338247
7_194_194854,0.25429868870860756,0.004885038754640787,0.005681640155827336,0.5911002790990212
7_194_194859,0.8835989375830013,0.5799570166361537,0.9788502448919012,0.9145198463508323
7_194_194899,0.39115132369604777,0.07181599725369035,0.5970304697305525,0.3493310358808028
7_194_194908,0.9443068377992945,0.8088253941417642,0.9709144172421008,0.9262432004111877
7_194_194993,0.4256280346210682,0.1317914774224551,0.2790365267749283,0.045976366763892
7_195_195096,0.8874867864693446,0.6223238129724347,0.8975912251774321,0.7002866004475679
7_195_195176,0.14394274970715334,0.21855300164872465,0.1432592258431484,0.18844527565457797
7_195_195198,0.8298588893005086,0.358398138509583,0.9929311493951084,0.9664626682986536
7_195_195319,0.2844715876367825,0.041716036772216546,0.00037929072634174094,0.550821722043587
7_195_195335,0.7052082510076662,0.5148283480625425,0.9261863890580874,0.8386395676691729
7_195_195396,0.9178774883185048,0.8412363680183166,0.9660947433180669,0.9339491332405415
7_195_195416,0.9529715949156526,0.7791609822646658,0.9636029206844657,0.8253051870785774
7_195_195452,0.738971052964227,0.4302083836967558,0.8201116729877792,0.5955801104972376
7_195_195501,0.42443344222131485,0.10155896507753692,0.4502843216896832,0.16242597508678783
7_195_195610,0.8390252176863056,0.8431227681320035,0.821700467020664,0.8701439281561961
7_195_195611,0.8879167941266443,0.8128558969886626,0.9671831653021179,0.910351201478743
7_195_195659,0.7983870967741935,0.5607941374411127,0.974702605029363,0.957856514084507
7_195_195718,0.5001442834881976,0.2871432056599171,0.6295178505704822,0.5838860230901498
7_195_195808,0.9422443952222245,0.7027332400731734,0.9811897943243947,0.865560352077143
7_195_195809,0.9630476270368895,0.7924128751210068,0.9652797270744715,0.7430954796528013
7_195_195812,0.9600016031421587,0.8141626794258373,0.97848394571334,0.8739170417695175
7_195_195813,0.936661852692387,0.7546462513199578,0.9731343283582089,0.8353420023258272
7_195_195882,0.9026841286307054,0.8350284433718325,0.9665881345041765,0.962148051463733
7_195_195886,0.18674741464796712,0.32707535596118814,0.8555839727195226,0.9030833188983197
7_195_195985,0.8050584996558844,0.8481422235148695,0.9015568068896985,0.9530060882800608
7_196_196096,0.1606361829025845,0.07969911017337859,0.004497126639650961,0.31897832987761243
7_196_196240,0.5939413035649982,0.2406033085955472,0.6978227634561653,0.33732706692261866
7_196_196386,0.8890225322748777,0.8729612781537779,0.9564559216384684,0.9539909995262909
7_196_196416,0.8325439361834726,0.7477159949914205,0.8943119266055046,0.9001075620820278
7_196_196513,0.7957000982211067,0.44272967487458353,0.8772280829392506,0.6575265079089171
7_196_196614,0.8680032957978577,0.6926605504587156,0.9160923709345907,0.8128538906076703
7_196_196631,0.9014705882352941,0.5410776480229461,0.9875090777051562,0.8705962059620597
7_196_196740,0.19530575289037472,0.09097440318574625,0.20103374012921751,0.08357625110488406
7_196_196751,0.7297141207045914,0.3800462921213214,0.9614282565571964,0.8556336344949568
7_196_196775,0.9272904589044807,0.84862539114886,0.6008405780413381,0.6331660523160278
7_196_196776,0.7254425636387131,0.466884176182708,0.8491372728660864,0.5817807024498534
7_196_196820,0.9367654770350721,0.7736463421038811,0.9588136793971791,0.8609584096840469
7_196_196827,0.9649433776464795,0.8879259615899,0.9893757401454915,0.9622154950106514
7_196_196847,0.768019884009942,0.46145374449339205,0.9690835335355047,0.8959490668497597
7_196_196980,0.8544923172297746,0.8317795275590552,0.9480968858131488,0.9332435616899512
7_197_197004,0.9542465918687417,0.8545010300388061,0.9675411989117858,0.9032450429856383
7_197_197020,0.9432399468443377,0.6162836249673544,0.9853690644099671,0.9320466235666085
7_197_197036,0.8143694573876447,0.43729857819905216,0.9439738059352425,0.7768052516411379
7_197_197085,0.8338379411999044,0.7435887562572199,0.9201208786252312,0.8688040407499358
7_197_197087,0.9347918825035042,0.8190852224834746,0.9796134923952539,0.9375237913970308
7_197_197089,0.8728978491940715,0.7383268482490273,0.9860623229461757,0.9658705387433845
7_197_197102,0.8985965269990145,0.6947052315473368,0.9180143592718834,0.8282497760118421
7_197_197113,0.9377287249491723,0.841015854374633,0.9898242368177613,0.9761847486167909
7_197_197114,0.7203011056222065,0.4405951465905348,0.971056721056721,0.9117729963356197
7_197_197134,0.8476792055560793,0.606177805280528,0.8613174039392961,0.6411529223378702
7_197_197135,0.9526740775609226,0.8359884596086302,0.9796526991317478,0.9255537190082644
7_197_197182,0.8196297086757016,0.5157348839036656,0.8774254335600506,0.6551168412570507
7_197_197186,0.9682119205298013,0.8319054919289386,0.9858262747858165,0.8997514887232148
7_197_197349,0.8926335648743675,0.5930918281381634,0.731125226860254,0.324901185770751
7_197_197350,0.29177900369156745,0.26388816305199897,0.2704726664023611,0.5909349300792057
7_197_197374,0.9327468660655377,0.8366980464711324,0.8553914739481749,0.7187908802093067
7_197_197381,0.5562497458901975,0.394071580682833,0.5898902368573079,0.5054232100079851
7_197_197390,0.8475768343162753,0.5790563108623041,0.9402713434811383,0.8298557222509628
7_197_197411,0.2524270025113385,0.0,0.32283008942661756,0.333728264278496
7_197_197500,0.28985274258890104,0.3389559400901556,0.2675271739130435,0.291575208524564
7_197_197514,0.7890929588050166,0.5143098060612072,0.9925886398671884,0.9790166266559972
7_197_197520,0.6276812951886815,0.3657549702369373,0.8400437057148533,0.6829114271594091
7_197_197546,0.6445755787562415,0.2123220857535583,0.7820496458426393,0.44815532345013476
7_197_197589,0.9161130571325039,0.7844459686023472,0.9461893540785693,0.876296383926811
7_197_197633,0.8888368096242482,0.8499306351408408,0.8940644824889198,0.8589264173703257
7_197_197636,0.8906659258671323,0.6345435818205227,0.9653842821245993,0.8334284084426697
7_197_197678,0.8868194842406877,0.8528312086130005,0.9517481214680494,0.9405492884002095
7_197_197679,0.9149737032071775,0.8776362038664324,0.9532443272347674,0.8956974657504267
7_197_197680,0.8697118682826435,0.8518924849149753,0.9554216867469879,0.9525568561128667
7_197_197682,0.8907353331563579,0.8723700433520264,0.9364506332015358,0.9342105263157895
7_197_197687,0.9073087577242702,0.8650198310053457,0.9570430138076027,0.9255390384357841
7_197_197710,0.8736603301259486,0.8334700056771589,0.7136403897254208,0.6733984538862587
7_197_197734,0.9456253199492533,0.7675324100703509,0.9857225903964655,0.9348988258805896
7_197_197741,0.9552249584747599,0.8457280541807762,0.9766707990533078,0.9089330503569362
7_197_197748,0.3690955104668003,0.2347117171828705,0.9197181471641446,0.7734132726896837
7_197_197852,0.966565139138862,0.8982706002034588,0.9913177075889666,0.9697565911518354
7_197_197860,0.9262907108120056,0.7779313323256316,0.9671152510099581,0.8987423411802644
7_197_197876,0.9121437801809155,0.6209974110914294,0.9642982278200897,0.8560945618975844
7_197_197897,0.8685750186515884,0.8406785693101607,0.9516368398079441,0.951059235848171
7_197_197974,0.35924879977407514,0.21324008904679453,0.5303482587064676,0.40100278865384076
7_197_197995,0.943799722647982,0.8599703849950642,0.9376934108234584,0.8538066554754616
7_197_197996,0.9236862952204912,0.7540398599515217,0.9763080604808007,0.8742106161461001
7_198_198044,0.9456703511848921,0.8070443169332194,0.9887992447000258,0.9385283664604449
7_198_198073,0.6130750114114724,0.4273313718682042,0.011013341830273618,0.5785524030110017
7_198_198095,0.46871952784192966,0.37496800614282055,0.7151620006291286,0.6930788047388364
7_198_198179,0.8301004332414337,0.3533972609357262,0.9560483335546408,0.7571584189231249
7_198_198183,0.9303005008347245,0.7096614040313772,0.9747296464391775,0.8320958845990666
7_198_198209,0.23863931446377565,0.0,0.2784751115928347,0.012528084838680686
7_198_198394,0.9304433282376064,0.8633449026413318,0.9787271142109851,0.9569663132802209
7_198_198400,0.870057590862895,0.8301747779460521,0.9483599290780141,0.9531059683313033
7_198_198450,0.8925931800158604,0.6274898878119515,0.9491301824066419,0.7539737387698687
7_198_198494,0.8851983465080862,0.6913234706117553,0.9728481115253688,0.9216300940438872
7_198_198520,0.900183430143687,0.6561355513391872,0.9853610564765384,0.9191031110186245
7_198_198545,0.6722105143247707,0.515266984206568,0.9382351735726874,0.7257522837184309
7_198_198568,0.8515791472393932,0.6442641616851694,0.9090539257786014,0.7693507923881784
7_198_198603,0.5293431114672427,0.17277332051613858,0.9813602178423236,0.8625745950554135
7_198_198638,0.8953962980541054,0.7702224358694227,0.9097640960541628,0.8828041557432761
7_198_198640,0.40203357594820965,0.3005883546358288,0.4342061787543367,0.3994428750784683
7_198_198642,0.831392235609103,0.8976413944417357,0.9317838816782372,0.9664514045850824
7_198_198659,0.2006010348645412,0.15482706088134063,0.1558773064212119,0.0
7_198_198720,0.4995706516553764,0.7125739075674352,0.6553626277189244,0.8870044243948989
7_198_198728,0.652459300812538,0.24141499670712202,0.7401915759086733,0.39621204911011704
7_198_198748,0.6389077202592401,0.5050267168018998,0.7633076447826228,0.6296711107282087
7_198_198769,0.9301486440485646,0.7007334725797834,0.9673772455089821,0.8533326177954277
7_198_198781,0.960455836359061,0.7977959051374858,0.9835603221137789,0.9440380166322766
7_198_198918,0.9186454733932273,0.7303509979353062,0.9598111502928919,0.8523836875358989
7_198_198953,0.9214309097943514,0.8246023688663282,0.9797619805256794,0.9563608936139645
7_198_198958,0.4125353911064231,0.17670564585325194,9.886209726053129e-06,0.47018999781611703
7_198_198970,0.9162838834070546,0.5677834816682361,0.9659847215604298,0.7565475753796493
7_198_198998,0.7985434403528567,0.4107059373539037,0.9721632834024765,0.9004778479145773
7_199_199045,0.8705768782663693,0.7130499565415339,0.9627655581412807,0.9163339127166815
7_199_199048,0.9042200336786242,0.6251208897485493,0.9241042260146878,0.703099145834265
7_199_199051,0.9676407357273669,0.832958311172933,0.9965965143045051,0.9817492190986167
7_199_199059,0.6146840148698884,0.33228982351073,0.9599629102228698,0.7126691164189076
7_199_199073,0.22705625,0.0,0.09405344469780431,0.2590018501826462
7_199_199143,0.5012214122218162,0.0352427597955707,0.6937236723152974,0.18104071308118524
7_199_199241,0.8592459884717246,0.8728215767634855,0.938896132116471,0.9432392758114501
7_199_199273,0.8116650559945426,0.6638922781941782,0.9710809871393813,0.9469235970250169
7_199_199281,0.20839840594539286,0.059094802802192,0.10927110245224683,0.0
7_199_199309,0.9582586427656851,0.8030832803560076,0.992051720859479,0.9722944770431311
7_199_199366,0.910367566247405,0.8546511627906976,0.9601530544926772,0.9360144312393888
7_199_199393,0.34129821958456974,0.0,0.3463972516047374,0.25185979971387695
7_199_199395,0.2784340858809762,0.023819207890589254,0.0,0.44997242816003924
7_199_199412,0.39421014492753625,0.0,0.399047877529763,0.0
7_199_199422,0.2919047151139123,0.11391496263993406,0.4694716644966765,0.42882916053019143
7_199_199442,0.7464651940190631,0.767599645704163,0.9540191961607678,0.9553175538181429
7_199_199464,0.5532712511938873,0.26203607853785194,0.9457682482516018,0.8383062530773018
7_199_199546,0.5675979262672811,0.31166263353597357,0.04232515894641235,0.37250849762066623
7_199_199569,0.8409770910552404,0.6783522410265947,0.9168633621820089,0.8261299086194122
7_199_199642,0.8825842194620678,0.876559924652696,0.9518344123994507,0.9532571781414017
7_199_199643,0.9162851243379119,0.8722025403957487,0.9458065126845892,0.9234611953612846
7_199_199669,0.9251829973031976,0.7218294864151265,0.971830985915493,0.8954265292381002
7_199_199691,0.888933030646992,0.8016702647426429,0.9701097237987136,0.9439007666895219
7_199_199692,0.850702048177251,0.8216760502381983,0.9460776961151942,0.938529600093137
7_199_199936,0.6541935483870968,0.4678033371132351,0.9823692700127541,0.9767409373472096
7_199_199947,0.8778095627298733,0.8573288206196303,0.9288389513108615,0.907791947653068
7_199_199952,0.6301521876981611,0.09677798337592151,0.5967124521504166,0.06894627067359949
7_200_200012,0.8142979615164794,0.3943733092876465,0.9317201070628721,0.7538226947350587
7_200_200055,0.7581471043543841,0.6073071810776729,0.8537693006357856,0.7640562623586912
7_200_200346,0.9486581503010895,0.7597997313469288,0.9798335409557855,0.900979519145147
7_200_200378,0.7907726514730405,0.8208627045204682,0.8041891891891891,0.9382733608306073
7_200_200384,0.9194886959839741,0.747277338505147,0.6688870670219307,0.46068148148148147
7_200_200407,0.6023627158250032,0.46282882195958824,0.8587090067101408,0.7045636509207366
7_200_200443,0.753114111823905,0.22245591794398986,0.7416794297832233,0.17217969492093646
7_200_200555,0.571562591615362,0.792995370965668,0.44072400204822226,0.5303931001305752
7_200_200585,0.6848633484482242,0.36260672591043736,0.9499562335875954,0.7854860546980774
7_200_200654,0.8103250015130424,0.7290968274789875,0.9065490329148287,0.8938517850511909
7_200_200663,0.9181773921012687,0.7735010515455736,0.971611071682044,0.9277798686906703
7_200_200704,0.7392445532049258,0.3609828496042216,0.9815040095335038,0.9279677482028366
7_200_200707,0.4891610958692376,0.2884760560606558,0.9287140954917253,0.7794447451859872
7_200_200717,0.8947999563937643,0.6147941072062478,0.974085547480043,0.9041249859503203
7_200_200731,0.9532177805730776,0.7968737442738889,0.9172582245630104,0.6878110405022586
7_200_200745,0.9073227657298454,0.7382386786705476,0.9671767810026385,0.9121815058688806
7_200_200846,0.8866477084848886,0.7624132824070465,0.9172656593809594,0.8098964508734487
7_200_200848,0.7999124582808995,0.7896592743648568,0.8904037061548643,0.8632207501399515
7_200_200910,0.7693219535324799,0.765596469872185,0.934728523342602,0.9457530949105915
7_200_200932,0.5856513291949011,0.4910678997707691,0.900071151869713,0.8318022876785397
7_200_200933,0.8894498442955553,0.814537980005606,0.9529735054700057,0.8948231774979495
7_200_200940,0.9066171102409238,0.848117558725732,0.9729361091170137,0.9487338210467079
7_200_200941,0.9320074005550416,0.8430314775048448,0.9904184866845146,0.982852460935214
7_200_200973,0.9101320812672781,0.7446393762183235,0.9425645799394927,0.8403047091412742
7_201_201035,0.03518646408839779,0.5944716058668672,0.0009734643424913683,0.7032538659793814
7_201_201080,0.9475409836065574,0.876632723783121,0.9506003884866678,0.8754844696762923
7_201_201121,0.9001816784291804,0.670865501828525,0.9451509454826938,0.8202829886676484
7_201_201126,0.9403398519866044,0.8353092331951176,0.9655172413793104,0.9005894148386705
7_201_201151,0.8809232785955962,0.6936333724488623,0.9372086161109472,0.8788360435261034
7_201_201161,0.9135081591157916,0.8302798576814827,0.9506424407086659,0.925771384649171
7_201_201213,0.4259716080986735,0.26312958106381545,0.5345316303731616,0.5382720105124835
7_201_201231,0.8586445366528354,0.8085361287907151,0.9186243386243387,0.8750200545483716
7_201_201292,0.8196759152393703,0.6239225410319991,0.9796043466146559,0.9468839677297093
7_201_201326,0.8565371834536496,0.8726774291806275,0.897870088636063,0.8116254036598493
7_201_201366,0.9359242442346756,0.8189750794941951,0.9733807963709677,0.9182917316692668
7_201_201394,0.8623981268854969,0.8303268065431364,0.922095332671301,0.9453144964041909
7_201_201412,0.1046633341878151,0.09547208759648178,0.13236122851507467,0.4234024649804484
7_201_201516,0.9068417998628475,0.8520679320679321,0.9644646924829157,0.9441921103541089
7_201_201545,0.9415279408717275,0.7941705649514214,0.9946514268967286,0.9776083188908146
7_201_201725,0.9045651318378591,0.8641010544345127,0.9635501450916555,0.9557874656342927
7_201_201727,0.8949185667752443,0.8801551453260016,0.9337946778911322,0.8684074457083765
7_201_201743,0.8471279073581996,0.6576931826799121,0.9266107950176842,0.818788682581786
7_201_201758,0.9450822809031765,0.8408199766114054,0.9664058216617655,0.8984126984126984
7_201_201820,0.8832532347504621,0.8886277442444314,0.8880456956344349,0.8922737306843267
7_201_201903,0.46872006484415296,0.5933411214953271,0.5900144023043687,0.6458345900947096
7_201_201983,0.8967579151112954,0.6688311688311688,0.9513635508745533,0.8041553970985985
7_202_202033,0.4307596367463071,0.34431894807821983,0.4867811272454429,0.4218564720390836
7_202_202075,0.8339922765722693,0.7703389830508475,0.9196949776492243,0.8829638581517429
7_202_202157,0.7719996682425148,0.5671685857691172,0.6606399770411824,0.5735374855121088
7_202_202166,0.8590848939327105,0.8048240384287807,0.5461227823403966,0.5187943634392811
7_202_202183,0.4523733962007526,0.36063961260057,0.38839128564164743,0.4986745576721534
7_202_202200,0.9611383993065588,0.8487730965107959,0.9829099997863749,0.9375909752547307
7_202_202235,0.6425629578394693,0.46949778881686555,0.7187449562606927,0.5721306376360809
7_202_202260,0.9203511203511203,0.7977952130300924,0.9275923718712753,0.9013955848769348
7_202_202280,0.8194174757281554,0.5471905662867954,0.9805080038378023,0.9201259203927009
7_202_202289,0.9553642446076825,0.8942324548588793,0.9780417741856955,0.9250483558994197
7_202_202293,0.9629248702125576,0.864805768783438,0.9845954396400518,0.9348357450136879
7_202_202296,0.9492982409593802,0.773082058128787,0.9766359048707726,0.8940434955425586
7_202_202308,0.9067033037254777,0.7955278434745217,0.9679478285000693,0.9176537585421413
7_202_202335,0.8602389781623403,0.435607828494975,0.9423028470647519,0.815114709851552
7_202_202345,0.8610980318297391,0.8209941137998692,0.9440017001381362,0.934135927766501
7_202_202363,0.16661925892213753,0.0,0.2061108112547814,0.028846551225358515
7_202_202422,0.8758683006720506,0.6666666666666666,0.9811822847367421,0.962055162581565
7_202_202435,0.4360414645355666,0.10733766233766234,0.451087702986825,0.10650402201524133
7_202_202443,0.13123321477825362,0.27255556531670033,0.22210252835688485,0.24230607082630692
7_202_202446,0.8672522373218429,0.7832783278327833,0.7287829541350668,0.5692616959064327
7_202_202466,0.8799587250630589,0.7941797178718205,0.9419847328244275,0.9108385422809293
7_202_202489,0.6147359607678966,0.3912703922249219,0.9427878787878788,0.9096308323363528
7_202_202553,0.7882837673656965,0.8220324088720166,0.8381228416378885,0.851195968486053
7_202_202565,0.7861880451822969,0.6865079365079365,0.8238440058687112,0.8127007064868337
7_202_202576,0.9563667679353156,0.8434038765822784,0.9878531425015556,0.9386903488123262
7_202_202578,0.9244720143953026,0.7879004576659039,0.9695949341642376,0.889297124600639
7_202_202587,0.9070205748390137,0.7910596777853415,0.9490764494612622,0.8730593607305936
7_202_202607,0.7462517037710131,0.7088481556913329,0.6386141772474957,0.5979675938934158
7_202_202613,0.21449649575802288,0.28192371475953565,0.2636427649336932,0.3300375288683603
7_202_202637,0.7608737123235406,0.5430711610486891,0.9806864312953623,0.9631330526852915
7_202_202638,0.4361983078991065,0.2942482744823447,0.89223007733413,0.739359141855188
7_202_202708,0.34530175706646293,0.1880138954839677,0.029082652529115245,0.2554449933894649
7_202_202722,0.9348201839977697,0.8456234623850836,0.9625729621916522,0.8894192267033988
7_202_202723,0.8870786241988355,0.8797424861658649,0.9414551067113737,0.9377281107724724
7_202_202729,0.5736928708150039,0.4144590829673703,0.6093068173689105,0.49565590987206415
7_202_202783,0.1263073679297959,0.0,0.0025247834090486886,0.5773346851413765
7_202_202789,0.5613894302418893,0.41483796296296294,0.3873495803417939,0.4413149019753178
7_202_202818,0.945076500588466,0.8073805828591136,0.974077118005616,0.832853504595283
7_202_202920,0.7944149963141082,0.4062113587347232,0.9712754289025476,0.8668683108422522
7_202_202969,0.5797201915805394,0.28374025489006116,0.0901932712956335,0.011525378950497012
7_203_203002,0.8048679654798202,0.530309891958336,0.9606056717567047,0.9153314070571754
7_203_203015,0.8914780292942743,0.848704268292683,0.9132189707366297,0.8586326767091541
7_203_203031,0.7333259102549827,0.5172845299546379,0.5936312771983145,0.5224150943396226
7_203_203068,0.7662798807938621,0.8265042451088963,0.7783750680457268,0.8317390695721152
7_203_203069,0.518693343346028,0.3589177443661725,0.5575407608695652,0.44622099304265156
7_203_203099,0.9494869771112865,0.7534328358208955,0.9893729225262081,0.9387077802050076
7_203_203100,0.4953614989202178,0.3119301032565528,0.5209848728677181,0.41197822141560797
7_203_203101,0.943618695889084,0.7274023694602896,0.9913202229197361,0.95334179357022
7_203_203146,0.5497457202206145,0.3955421899876172,0.8611781747947851,0.7716955941255007
7_203_203209,0.9245866927274208,0.8260981248394554,0.9638024798781815,0.8447497546614328
7_203_203246,0.9406988776566106,0.7183446110134958,0.9774175234971298,0.9063512493897297
7_203_203252,0.8323138324542227,0.6701808655029828,0.9447673022429278,0.8503120862492907
7_203_203283,0.9244417351129364,0.7786822577018214,0.9253751658896792,0.8091117782094296
7_203_203446,0.952755415387169,0.7482081529042856,0.9923295088307336,0.9678113553113553
7_203_203453,0.7899189918991899,0.8363492794630519,0.8887208297320657,0.9287255516113315
7_203_203526,0.8691052190181279,0.7175810052086856,0.9579958425919289,0.8915002252590479
7_203_203706,0.46713447510307643,0.48882225553889724,0.48355139405592945,0.5277023076658527
7_203_203760,0.8335160151016928,0.6759180322692684,0.9637137644435435,0.8589509775313685
7_203_203763,0.8979778764179525,0.8082725672617551,0.9479539442974949,0.9046272670850286
7_203_203765,0.8887506404157213,0.748881153654898,0.9072746599798305,0.8248874252301902
7_203_203849,0.699239932438439,0.42243905297702766,0.7517926356589147,0.517161424169387
7_203_203851,0.6733678343949044,0.3905173578279076,0.7195483685771696,0.4827984299238051
7_203_203897,0.7879678403105074,0.616802137846565,0.9567361111111111,0.9142429426860564
7_203_203899,0.7867628122585629,0.6280446712236449,0.8662957645369705,0.7881462140992167
7_203_203906,0.9254462723136156,0.8564167059686633,0.9142589557480684,0.74117772676312
7_204_204017,0.3503117919140091,0.245869461648404,0.00032432860024522405,0.5785369329427599
7_204_204029,0.8735763097949886,0.6764882261224163,0.9468997031453253,0.8536288814066592
7_204_204044,0.9625110447258804,0.7576711250983478,0.9899368159275913,0.9299838047531166
7_204_204115,0.8410803244266952,0.5772678026199153,0.9833471699956048,0.9445843828715366
7_204_204119,0.0,0.08554817275747509,0.0,0.07644226708336853
7_204_204201,0.8887506222000996,0.8092030403713987,0.9367541109827862,0.8675390266299358
7_204_204208,0.9539312907721205,0.8646476698483998,0.9897232868634966,0.9696868630720771
7_204_204227,0.9348458990061239,0.7628205128205128,0.976636008034676,0.9213234189574884
7_204_204229,0.5344705160894684,0.33539300953668943,0.604879664385074,0.4431609153116033
7_204_204239,0.9157510938259601,0.7134476388033578,0.9917755328714233,0.9716290066276501
7_204_204261,0.31396937776390965,0.11787868632707775,0.46925809286655923,0.5751203961201926
7_204_204300,0.2883407654185592,0.08203087452179095,0.8867876145906789,0.715177031551182
7_204_204312,0.11003773769250498,0.14240395605420914,0.07688566137882188,0.019745258356972023
7_204_204391,0.3911933077619938,0.17374356842159971,0.421321075499024,0.42335005895094735
7_204_204406,0.5105344101654747,0.037911179522262126,0.9774248310535079,0.7477518211504647
7_204_204419,0.8699301595437945,0.7890275034921247,0.957842215633813,0.9283572989177379
7_204_204588,0.8024603316099126,0.5342470681343982,0.9158530712315572,0.8142443190483453
7_204_204589,0.15405310562638905,0.20100079895715067,0.164541072504519,0.1971282826374457
7_204_204599,0.9473445301861099,0.783898868928809,0.9728876589120471,0.9073014929807621
7_204_204609,0.9260569938536041,0.7869836035540899,0.970470817249002,0.9096857984914332
7_204_204661,0.9404859912362236,0.8163729147905142,0.9517254696422167,0.8403070175438596
7_204_204729,0.8798989006973416,0.5693458200404788,0.9907981803143093,0.9570436984327935
7_204_204731,0.6295171366444621,0.4351647687800163,0.6570769514670604,0.46863769516504095
7_204_204745,0.9329458219900424,0.7503509786109506,0.9880245783762583,0.9418394751904196
7_204_204777,0.7418514985292949,0.4603320397712921,0.8266625066856838,0.624470809595986
7_204_204789,0.9271297305715621,0.7026807473598701,0.9649470571716471,0.8596670064559973
7_204_204802,0.31967885437474064,0.031431513903192584,0.3580759515627202,0.35782691204377953
7_204_204804,0.9498185776487663,0.8706413236701764,0.9701912474810843,0.9301286976565502
7_204_204911,0.9658082191780822,0.8720111331337241,0.9586216222307363,0.8454644900706832
7_204_204934,0.0,0.0,0.0,0.0
7_204_204940,0.9292538977641924,0.7242749840008084,0.9885591999670769,0.9203775595645886
7_204_204947,0.7235156109005595,0.6513987205208767,0.9263025143848034,0.9169547066481124
7_205_205028,0.8841438987260636,0.8258239465999165,0.9351313238145602,0.8759695541862994
7_205_205039,0.9315898856944925,0.8156273545184595,0.9660388442192606,0.9223440173905
7_205_205040,0.6526991423286058,0.24753088543996696,0.9735604423541375,0.9040045766590389
7_205_205157,0.9615033368458026,0.8517756388981081,0.9770926066659429,0.8782781456953642
7_205_205159,0.9618447034842984,0.859392378387871,0.9874839007958786,0.9094205017250453
7_205_205162,0.9441852951273197,0.6881759567387687,0.9746741549221151,0.8251686098185811
7_205_205166,0.9355082085948817,0.7633916697696685,0.9546581317267564,0.8202870189171559
7_205_205174,0.6432114216845131,0.5135260115606937,0.6652880141392038,0.5373124800510692
7_205_205250,0.8632050606220348,0.5393249288328589,0.9374714619537482,0.7782356605491398
7_205_205266,0.8700324918770307,0.7460974402807143,0.9758785493393309,0.9661529734329205
7_205_205299,0.8749937258445013,0.6906056628539283,0.8164741062933261,0.501638937174075
7_205_205328,0.9505646462318507,0.7918718545375832,0.9887970703736719,0.9458759854100482
7_205_205332,0.7319336906889021,0.5132463424278371,0.9569022676037661,0.84650101156819
7_205_205363,0.9201644837039293,0.75,0.9645685974119105,0.8902035754882711
7_205_205373,0.9245246709260257,0.7563051310721829,0.971293440263212,0.9038554051267954
7_205_205377,0.9554837841474902,0.8419842941965141,0.9757967821989236,0.9109407106700746
7_205_205420,0.46763106083358363,0.21876966645689114,0.5092664809656453,0.39597792599112974
7_205_205422,0.819890483942578,0.7772580812805322,0.9293516560958421,0.9196782598844454
7_205_205457,0.8500655651717808,0.5772097602137684,0.9301902835195122,0.7228694308739405
7_205_205463,0.5575278569577611,0.36133745434110703,0.46656930598768176,0.3646351531573488
7_205_205479,0.8168551270899778,0.7109946837198552,0.9277636741287791,0.9313091090094574
7_205_205500,0.54638130104196,0.28278828006559203,0.8925904088050315,0.6911902530459232
7_205_205509,0.9202210499874404,0.7764828303850156,0.9788922478946231,0.9374710871241326
7_205_205544,0.9423164614683083,0.8135860979462876,0.9513740615744886,0.8422043291854021
7_205_205569,0.4849474912485414,0.29502302778190465,0.586589800443459,0.46876693359022215
7_205_205643,0.4567000621187264,0.2941540299016785,0.545128273295228,0.5335411813073866
7_205_205687,0.7447364125999674,0.6059004843681197,0.8234575049861674,0.7403964134025484
7_205_205702,0.93915810868635,0.787618028745523,0.9593968796515795,0.8376117132534703
7_205_205703,0.9368191721132898,0.8347756087744013,0.9581580312373926,0.8997853036913914
7_205_205721,0.7206868795277703,0.5602486540489537,0.9145013292170483,0.7838215670076889
7_205_205756,0.9426184978948798,0.8062166285278414,0.9795525333460139,0.9264862648626486
7_205_205773,0.7343199436222692,0.70609375,0.8508432402543544,0.88361631113046
7_205_205900,0.9108555523000293,0.768515328970031,0.9149799180816798,0.7369283408028529
7_205_205968,0.9427930233473759,0.8237597112620053,0.946106048053024,0.8353079833757211
7_205_205976,0.8845426613093831,0.5235872438863186,0.9811216429699842,0.9142444484564001
7_206_206016,0.19554104477611942,0.0,0.19699091259362284,0.0
7_206_206022,0.8803129625713682,0.6582927292286275,0.8689311340974746,0.6177755460708009
7_206_206025,0.8752588622243879,0.8234845596645063,0.948940620169137,0.9314959490740741
7_206_206026,0.9492925193077401,0.8363751070253707,0.8283003859411366,0.6392004818188662
7_206_206027,0.9208448117539026,0.7292244478685157,0.7448979591836735,0.448395807588448
7_206_206051,0.8706215711099053,0.4898637947418435,0.958625525946704,0.8192661935678696
7_206_206054,0.7407103344475068,0.2962819750148721,0.9783115068067706,0.9202316178305795
7_206_206284,0.9214795886952774,0.6408827785817656,0.9820430178254292,0.9080332409972299
7_206_206305,0.16449589966232514,0.0,0.18633879781420765,0.0
7_206_206320,0.7693017394630842,0.5458842063804648,0.8231607295874648,0.6237947708254915
7_206_206323,0.8973527642222073,0.70986724413897,0.9306998066041114,0.8040748398809824
7_206_206330,0.7485872803863146,0.7625303836805022,0.8091041760215537,0.8144187095319396
7_206_206416,0.5870169522420707,0.7326428726472138,0.6054777584936164,0.7565188151499403
7_206_206481,0.5299638448136977,0.19267878787878787,0.5036803364879074,0.2006318335513488
7_206_206495,0.6063761991010934,0.05406436493446331,0.4233711474751531,0.21401567037422606
7_206_206548,0.9693163700257053,0.8823382619003057,0.9965118229079323,0.9852200424178155
7_206_206592,0.915611953055656,0.751698500192283,0.967949168012357,0.8840244353942984
7_206_206596,0.9079737067733639,0.7231978806135966,0.9595079603668825,0.8105541583557367
7_206_206605,0.040350549290802236,0.0,0.02139284703217892,0.3022939467012923
7_206_206606,0.05158983670129899,0.04199249026835234,0.02865075168089446,0.26006030383857126
7_206_206631,0.8960108624403034,0.7933124235819468,0.7555045871559632,0.6053469742302866
7_206_206703,0.38647557246562875,0.17182686090297059,0.4762703880350939,0.2547875173074875
9_100075,0.9155478014614782,0.7876067024976289,0.7033464137780685,0.6933949018751365
9_100080,0.8561697964098898,0.5825121141177111,0.8758136348064406,0.6693798676582537
9_100098,0.9297297297297298,0.795777802665472,0.944020892127543,0.8612756657272675
9_100633,0.8972107648956589,0.7004998529844163,0.9325999043353481,0.7916132576451199
9_100999,0.25245296938399114,0.20440238105434458,0.29957818267033803,0.2744117102093756
9_101_0136,0.9294493892806227,0.7958271236959762,0.984344181459566,0.9553971596738485
9_102_0208,0.7903134093721778,0.5547223079977062,0.8619052875593333,0.6706347293845486
9_102_0260,0.79061888795753,0.5159160984930733,0.8542092126162922,0.6276188653974936
9_104022,0.5719594594594595,0.4355813016944952,0.4523654749006862,0.4786864672662623
9_105025,0.8935903953697548,0.6762684515627801,0.9359143819554001,0.8050920694010503
9_105053,0.34085951777397866,0.33184380236632305,0.4076609379551413,0.35162082268650735
9_106020,0.8295351645034712,0.43567275747508305,0.9112970962323014,0.7428717424629535
9_106024,0.9076024511681348,0.8560962443124855,0.9307965711896299,0.9061818181818182
9_106025,0.7269372693726938,0.5433100986059164,0.9628469113697403,0.9109847187007469
9_108005,0.9142736349149566,0.7982112436115844,0.878724054761015,0.7240555533060695
9_108028,0.8692145862552595,0.7845155755723554,0.9391534391534392,0.9500264410364886
9_108041,0.8459404823468573,0.565051990869896,0.956274690188863,0.8794972505891595
9_108070,0.8583553963557078,0.7483181638306292,0.9072494669509595,0.8370227306492349
9_108073,0.8597213240049386,0.7742058104805865,0.8648456670541134,0.7766968325791855
9_108076,0.038687482856359146,0.019138154864106537,0.07303509362036102,0.10317376299464334
9_108082,0.9146260972873078,0.7741272202292414,0.9574911660777385,0.8822845449048882
9_108_0873,0.8960712839206156,0.7969038817005545,0.9516908212560387,0.9057356608478803
9_108_0881,0.9133282462164568,0.811655810764484,0.9546629480987688,0.9178036971830986
9_108_0883,0.8788640361899975,0.7878434119386722,0.9409107669616519,0.8802799300174956
9_108_0892,0.8678452651846665,0.805056767855705,0.9443461160275319,0.9249325089262388
9_109034,0.7270061895971333,0.6822770952438876,0.8388824551244933,0.8464983398965331
9_109053,0.8546039361064166,0.7937503134874856,0.9489751417357174,0.9041361482119776
9_109256,0.7865329512893983,0.7790111985916182,0.8598204264870931,0.9058915682873608
9_109272,0.7614678899082569,0.4663156993665468,0.9556784151117254,0.8767045454545455
9_109_0936,0.9091690445903668,0.7730666783109907,0.977084349098001,0.9402118705557975
9_109_0946,0.9353671365453398,0.8679069333706346,0.9750892857142858,0.9240713152962661
9_109_0947,0.9294395383404739,0.8576737451737452,0.9807270521256242,0.9585182127747395
9_109_0952,0.9018989378822014,0.8371967331251501,0.9581346423562412,0.9245550683518184
9_110_1002,0.9234112173424,0.8113000231320842,0.9886083575223178,0.9635817533320818
9_110_1003,0.9142552001220566,0.7806705569559063,0.9726829534003323,0.9221733830753888
9_110_1027,0.9259312320916906,0.8351327609169996,0.9196332389708646,0.8295532449725777
9_110_1028,0.9301533219761499,0.8723148246452207,0.983611354989757,0.9686849180203718
9_110_1030,0.8839502968562437,0.7713262931805979,0.9449892031576339,0.8915048449235319
9_110_1059,0.894563697672506,0.7884407484407484,0.9327488023140197,0.8759272341928647
9_110_1065,0.905156123459012,0.8384838138047284,0.9461907559733647,0.9127954732134709
9_110_1072,0.8664882943143812,0.8176110929140736,0.9462843594872935,0.9221711998116096
9_110_1082,0.8785497994925935,0.7561459909228442,0.970382877743805,0.9363152729714375
9_110_1099,0.8935967626755534,0.7897317914875582,0.9684987909286975,0.9436018646182128
9_111_1123,0.8746582463706727,0.8215191608966889,0.9622755524861878,0.9502529822358459
9_111_1124,0.8740982822526006,0.8263050221078334,0.9318701618578465,0.9029058151354762
9_111_1136,0.9163069719803936,0.8017322538128413,0.956758877771238,0.892812794913823
9_111_1139,0.8727523375689283,0.8337404500805572,0.9479096652775911,0.9304959000390473
9_111_1149,0.8806122448979592,0.7724070005303432,0.9517628339335064,0.9248964638419879
9_111_1150,0.9290387882731447,0.827624076029567,0.9309794988610478,0.8335663743061734
9_111_1152,0.8651139904871248,0.8155913184703971,0.9264224983649444,0.9010877268665455
9_111_1153,0.9043404255319148,0.8463437573477546,0.9697745901639344,0.9441490475193636
9_111_1162,0.8862109605185622,0.8076028830504534,0.9226251276813074,0.8804224595739603
9_111_1197,0.9129788746043026,0.8333333333333334,0.9747735191637631,0.9577865355706334
9_112082,0.9130537787254205,0.8470863278205906,0.9069500531349628,0.8188095742427451
9_112268,0.8072118991923026,0.5269368907131863,0.9356040447046301,0.840517515417382
9_112449,0.9052054189368282,0.6614190093708165,0.991041387976813,0.9677105080027836
9_112515,0.9115376199556126,0.7335725075528701,0.9410869491697386,0.8149057738572574
9_112517,0.8918092595447304,0.57322467032517,0.9507563210776195,0.6699024783036593
9_112535,0.6801097621819391,0.7366748271270884,0.8983258928571428,0.9017249092807078
9_112_1276,0.8834520154177827,0.8505317620005749,0.957189424121695,0.9386585365853658
9_112_1278,0.9230085546050438,0.8460504201680672,0.9503491078355314,0.9162648477008115
9_112_1289,0.9023430448752663,0.8184373456907358,0.9614613236855558,0.9275320970042796
9_113009,0.821441213653603,0.8501861504095309,0.8843086665884836,0.9076588603249676
9_113016,0.8603252032520325,0.8281952472703917,0.9241466957153232,0.9046152106944013
9_113044,0.8860125960870711,0.7861850317040292,0.9557913351016799,0.9122635690789473
9_113418,0.8923241481179647,0.8301743425218456,0.9600226180378852,0.9397492923574605
9_113783,0.904710964822053,0.8663105599342572,0.9171337608179005,0.8139127447612504
9_113905,0.6075476766048885,0.3308847825534403,0.7891371340523883,0.7248662170292264
9_113_1342,0.8112276925836248,0.5856535781064083,0.9241082198862657,0.8256924900014813
9_114_1426,0.9176313073554434,0.7533273782938812,0.9554599861658296,0.8731092038503485
9_114_1427,0.8945574491478835,0.8030737027652308,0.9844597476994332,0.9625606796116505
9_114_1428,0.9020788985008379,0.8475136660201023,0.9356605065023956,0.9070905763952425
9_114_1429,0.9061285283539797,0.8465955069168818,0.956537186167693,0.9238046027266584
9_114_1431,0.8809110499221836,0.7777020238266111,0.979550922213312,0.9588343582311699
9_114_1435,0.8987265737626141,0.8247968545216252,0.9459690126050421,0.9188439562877906
9_114_1439,0.9152583544435576,0.8551203218704927,0.9488534842167957,0.9243056383359161
9_114_1443,0.9207293834833338,0.8259893244984355,0.9856158320687911,0.9675948151704272
9_114_1446,0.8716146726088447,0.8503096587165635,0.974286549138015,0.9738655944859276
9_114_1447,0.9025762835739083,0.8277733500322593,0.9460912180855269,0.8967254408060453
9_114_1450,0.8721786647659777,0.8479245283018868,0.9506426276329882,0.9563427800269906
9_114_1451,0.908739102700404,0.8615656963021243,0.9425718996153142,0.9150943396226415
9_114_1454,0.9001554817834181,0.8074886358311074,0.9663163691432243,0.939034975746745
9_114_1460,0.9094410476144624,0.7952751266643101,0.9429241594996091,0.8818510214250125
9_114_1462,0.9020036429872496,0.7498393109654197,0.8713625994547377,0.6755928282244071
9_114_1464,0.8718745376534991,0.8375270479134467,0.9654398936612113,0.9593161940100715
9_114_1467,0.9326671918404578,0.8593005144664181,0.9636123348017621,0.9185276073619631
9_114_1480,0.9261583403207919,0.8355513307984791,0.9690647065632596,0.9368539325842696
9_115476,0.942562901579295,0.7669650751547303,0.9691745201248149,0.8235954392390855
9_115479,0.879792944785276,0.5783498294934708,0.9697590361445784,0.870159901599016
9_115_1510,0.9192745376955903,0.832227389100789,0.9567417564479269,0.9089848308051341
9_115_1541,0.8899263360390373,0.8029373081981587,0.9446749654218534,0.9097761853799264
9_115_1571,0.9100561510974987,0.8557938399082164,0.9479338842975207,0.911474800074391
9_115_1579,0.867539231138217,0.7671612813756761,0.9156339003925795,0.8676184295911745
9_115_1580,0.9041518608565551,0.7683437553783489,0.9663165336834663,0.91322704644275
9_115_1581,0.8773614122019201,0.8406506131266281,0.9338713876594636,0.9212324267507555
9_116593,0.924482163406214,0.8394639805737926,0.9452344931921332,0.9422564102564103
9_116758,0.9023859319646592,0.7644879007054202,0.9736421725239617,0.9418402777777778
9_117003,0.8367045185710906,0.6818466799658022,0.935032552985178,0.8738192951599244
9_117011,0.12365629171643364,0.0,0.17006200177147918,0.0
9_117200,0.3756824665142728,0.08394462968576337,0.6707140092879257,0.37583463164923214
9_117435,0.47798961066780915,0.27474207107374854,0.5566442322742213,0.4348848330278154
9_117821,0.30314898044712923,0.06174466603670364,0.2492106450157871,0.008940444192955156
9_117838,0.9416234642425964,0.800301261532668,0.9466115051221434,0.8469995237339261
9_117_1751,0.697098503049344,0.6299326275264677,0.8878704168759417,0.8780893536121673
9_117_1752,0.7878362103572862,0.8160318988037949,0.9560317067129056,0.9618877475063272
9_117_1753,0.7625418060200669,0.7867872143518189,0.9460373106297734,0.9109915449654112
9_117_1754,0.8320820820820821,0.8265658920961647,0.9318602993585174,0.9436790572740664
9_117_1757,0.9010025693989622,0.7765315899227865,0.9443308087788158,0.8818925861759962
9_117_1776,0.798574416556583,0.42404953817414465,0.9367236782207192,0.8029234155426378
9_117_1788,0.9135758721159146,0.8365547495982278,0.9731397922697088,0.9475968268782081
9_117_1790,0.8747218288488772,0.7919135920474096,0.9467449069973428,0.8938121490030398
9_118020,0.27894149727317796,0.17037882527147089,0.0005144637817497648,0.3514241386376277
9_118035,0.10960540406952797,0.03872246832502091,0.1418040358107148,0.18389975318017848
9_118_1828,0.7482331060136391,0.4979297365119197,0.9708825459317585,0.9389486573952593
9_118_1869,0.8699747523791027,0.7710509583068399,0.9263453035695028,0.8788557806912992
9_118_1871,0.8657735150085002,0.7861284820920977,0.9563358346311766,0.9310939376212322
9_118_1873,0.8712634100614519,0.7824376285433247,0.9587096774193549,0.9276620941478338
9_118_1875,0.8899196812153665,0.7496038034865293,0.9595454856595249,0.9079513705353772
9_118_1877,0.8836132020845396,0.7982729457847414,0.9544092465753424,0.9250562567263477
9_118_1878,0.8883144529765072,0.790099916100984,0.9424749163879599,0.8886326194398682
9_118_1880,0.9365119945459969,0.8262892376681614,0.940756795809627,0.8342237061769616
9_118_1883,0.8817318838309471,0.6819395583435764,0.961038961038961,0.8918315871168024
9_118_1896,0.8883069427527406,0.7808038529900808,0.9451301314730346,0.9390685328185329
9_118_1900,0.2297716947495543,0.05170414156908227,0.27356374719650356,0.05978884978699759
9_119082,0.8735394478337297,0.7820889858647188,0.9349330357142858,0.8932738155625444
9_119_1936,0.9098685841805108,0.6901903483137193,0.9923821400493399,0.9740344650445991
9_11_11346,0.8190283693062874,0.6615052920423363,0.889892405560355,0.7727014755959137
9_12003,0.8091067250584918,0.6732331437855402,0.9566250314963465,0.9253550828009676
9_12074,0.5094281224703585,0.2097138239473904,0.6183051654368008,0.31869128603822483
9_12084,0.3748695470674181,0.01582267451991775,0.38153236085540293,0.0408440192686071
9_120_2051,0.819074220252191,0.49797808984633485,0.8807059592548208,0.6666385740171085
9_120_2056,0.7153814302896465,0.24329066216128403,0.8018475954738331,0.378400030519208
9_122048,0.3626679683013667,0.4342900713468765,0.35670749074337793,0.41805696846388607
9_123074,0.7002448091395412,0.5697695966396936,0.808297896793472,0.7734545181401637
9_124084,0.9100619651814694,0.7111118094400101,0.9798205324487539,0.9381650750341064
9_124_2500,0.0,0.0,0.0,0.0
9_125_2501,0.0,0.0,0.0,0.0
9_125_2537,0.19209149531573183,0.04847765061541784,0.3228859958632437,0.04698748182559665
9_126007,0.13627043234355354,0.012474089428486823,0.00026115886407248863,0.38955931291808127
9_126039,0.9016501650165016,0.7872532092185272,0.9636642322603913,0.9097058599984799
9_126_2647,0.0,0.0,0.0,0.0
9_126_2677,0.0,0.0,0.0,0.0
9_127_2790,0.8009947559063632,0.6329589797278005,0.9514381529730427,0.9214050493962679
9_130026,0.5574251149030588,0.27143814202769095,0.8603289532493072,0.6760729889488564
9_131260,0.8056103026539594,0.5317412515810396,0.5679703652653343,0.45081873680607065
9_134008,0.8696336940507037,0.7873076572885368,0.8969095677956438,0.8267536387090493
9_134035,0.9116166324818199,0.82025819265144,0.928103257033377,0.8459715639810427
9_134052,0.8887351351351351,0.8718382935793039,0.8913233200128612,0.8694653984913087
9_135037,0.7881404174573055,0.7573927411543502,0.8289988492520138,0.824047315007729
9_135534,0.2470427661510464,0.0,0.24030415191503057,0.00016606698034874067
9_138078,0.8881896370883156,0.7815520381005743,0.9196727697701598,0.8009287925696594
9_140055,0.08740955137481911,0.21046558298213927,0.007373020207536865,0.24902634593356243
9_140061,0.9094438398870621,0.6999645836612624,0.962302958237591,0.8683738346920467
9_140075,0.3082220211803523,0.05113724037897725,0.1649748459500491,0.11216771125999568
9_140827,0.34316372164048864,0.17469837747885175,0.07245566266833468,0.234162279905609
9_143090,0.11171294104542037,0.15298722228617476,0.12520874955176475,0.4495505104373
9_145014,0.922700545087772,0.7907962277665035,0.9401427786930258,0.8090285984400851
9_145053,0.919834344031948,0.8260144524735964,0.962819703189138,0.9285186098102046
9_147021,0.43560325684678014,0.7197764753986643,0.8557642820380854,0.8683098086981443
9_147062,0.8294655753490612,0.6908518900850416,0.8198103266596417,0.6777501098579171
9_147091,0.21803340673027735,0.05023551226581982,0.0002730109204368175,0.4087792743599078
9_15001,0.8894050946887673,0.6572765178480626,0.646689460894996,0.42916224814422055
9_15002,0.8258426966292135,0.7387960248258005,0.5062230732407851,0.5499038702666555
9_15004,0.9184735886904193,0.728743310128365,0.8573852319948856,0.5887041263630765
9_15015,0.8629559350621969,0.7829387852702057,0.8120121076947586,0.7405756495160468
9_15036,0.910208791605063,0.7910690460306872,0.5452067780542719,0.4430143698124246
9_15041,0.8290736180691177,0.7645222142717751,0.9144710971293748,0.8688592266409798
9_15049,0.7345143194567464,0.41286714322752693,0.7981629392971246,0.679726397096459
9_15056,0.8720447572640317,0.7697334700153767,0.9315573977657585,0.8792310906811533
9_15063,0.8870230190921539,0.7924488835433771,0.6744808727604181,0.6567438612824392
9_15074,0.9041203503672571,0.7629376516614669,0.9793109381048647,0.9491321250615999
9_15087,0.8439627373701183,0.7493249095633566,0.6691051954209849,0.5757467266775778
9_15088,0.49414544499868734,0.3157172540871133,0.8584286319356205,0.7660256410256411
9_15105,0.8904803144360802,0.782608695652174,0.5431915839383612,0.5315242118947027
9_15120,0.4056651492159838,0.23410576351752824,0.9539045105961903,0.8605163511187608
9_15122,0.8661691542288558,0.8541191794203843,0.9289617486338798,0.9315972222222222
9_15130,0.8622131442989307,0.4708687926681006,0.9706892790925946,0.8171861345761724
9_15151,0.7461855489302,0.5165569279569375,0.9218178652272332,0.7558834039511971
9_15200,0.0690368762085694,0.1536982830180436,0.007177546064847879,0.11111554739279725
9_15207,0.8956007364751047,0.6960714285714286,0.8948832760944224,0.7193148817637646
9_15213,0.9159690060562878,0.7612038110601401,0.9599962437787586,0.9078733978550876
9_152_5246,0.7373279440681669,0.36514432765944255,0.9448336871903751,0.7839263498382683
9_15319,0.8268526763629168,0.8335916671833343,0.958548614372945,0.9564898231564898
9_153_5325,0.3387504621072089,0.30046682699108784,0.9607607874505621,0.8185495174402306
9_153_5328,0.6521960696881868,0.33453150242326335,0.7400603925515853,0.5355105458732402
9_153_5366,0.1336989872111651,0.012566844919786097,0.12461721458760408,0.01995347924782109
9_153_5398,0.8480308705027806,0.7055150884495317,0.9608123942195027,0.8634087940792338
9_154_5439,0.0,0.0,0.0,0.05952757328033964
9_155060,0.3764303498226995,0.1388256237074269,0.6430748500112291,0.4235988437449815
9_156065,0.5194959364441604,0.1879749478079332,0.9484672742336371,0.9201825978696915
9_156079,0.5938045552352726,0.5142620232172471,0.5874595670564817,0.45013075573504585
9_157_5727,0.8729093537063803,0.7660126947489901,0.9475693274952285,0.9017170546718635
9_158_5813,0.8863580786026201,0.6228782287822878,0.9740437158469946,0.8968312453942521
9_158_5816,0.0,0.0,0.0,0.0
9_158_5839,0.00017687375635640063,0.019854037510790238,0.0007074950254256025,0.024459078080903106
9_158_5896,0.8495835929975639,0.6326656015730613,0.9227002231589387,0.7642761817798693
9_159008,0.8916359033857189,0.6652650140730442,0.8977238239757208,0.6927794200893138
9_159029,0.7470796878694727,0.60737302266889,0.8211316272540762,0.7202983484283431
9_159045,0.7488648015233631,0.5519429543373021,0.8097159324825031,0.6572920552032824
9_159091,0.8626976744186047,0.6684992012028944,0.8361454372623575,0.6578339991122947
9_160068,0.8880329068916234,0.7668270186458872,0.9178173968064912,0.8443499442632426
9_16052,0.28877634077959663,0.1934496644295302,0.4395573609749265,0.26396296079235776
9_160_6083,0.0,0.0,0.0,0.0
9_161062,0.211404064424345,0.052619270346117866,0.1889312227503044,0.14149727608224474
9_161_6109,0.5000068320010931,0.21580808857450406,0.9849949893014815,0.7853215284249767
9_161_6143,0.30513864584735495,0.13747825366581062,0.4934319461309195,0.2887593449626201
9_161_6144,0.7420648464163823,0.3946181674017543,0.8452343992548897,0.5507588532883643
9_161_6145,0.15985430999595304,0.11963352041061064,0.9019762279822426,0.752911267836641
9_161_6146,0.2184894556154978,0.07893054963783554,0.2124556562869531,0.06691995947315096
9_161_6155,0.0,0.0,0.0,0.0
9_162_6230,0.1332236013369388,0.0,0.14114130144664497,0.0
9_163014,0.4139490477865434,0.27945223011454534,0.52482174985007,0.3152204657594519
9_163062,0.3372746656328746,0.3998661637668816,0.3210811121984917,0.49028860620982084
9_163085,0.8649265759312321,0.5300619793928388,0.9167756539235412,0.6986289094004839
9_164074,0.8958843200627721,0.5320473476545374,0.9358865365873889,0.649063599201445
9_164_6484,0.37806521790536546,0.12421138573443183,0.5016434533803117,0.19712597461627215
9_164_6488,0.13708165031736871,0.16996863354869843,0.4393939393939394,0.14582611707655005
9_164_6496,0.8034286194484517,0.3240839404153528,0.9680311890838207,0.850794750747109
9_166081,0.36217954909877714,0.03981025360335705,0.7160175510019451,0.39340586078366013
9_166_6649,0.8813072863623739,0.7752023692003949,0.9550465210355987,0.8870646976685144
9_166_6650,0.7755746140651801,0.7206536719826737,0.9074980675083741,0.8987670026421372
9_166_6654,0.7997933350555412,0.6618977625347052,0.8539079620160701,0.8181611460623057
9_170054,0.19972227967028097,0.28971157985363755,0.23383935571235123,0.2818746162766901
9_17015,0.024760294542946763,0.13518852030442108,0.017672332261464047,0.07593796898449225
9_17050,0.21591759221960063,0.2046431129147768,0.2007350367518376,0.2010032029975222
9_17054,0.1681680381117367,0.08851777084480333,0.14697715511801085,0.1326463010673537
9_17077,0.26450836924927335,0.058968410802760836,0.21879371460390326,0.13961003594640717
9_17118,0.5912671232876713,0.6286008230452675,0.6026096218711167,0.6506688836822614
9_17162,0.8784257942152679,0.8075433705080545,0.9580529857022708,0.9298333751988612
9_17188,0.9683451755740913,0.8439554291575365,0.9686924493554327,0.7873534338358459
9_172032,0.218607778741485,0.1423758865248227,0.004565309563485412,0.5104030501089325
9_17208,0.40785340314136126,0.2852344894968246,0.48718605843157353,0.4103174603174603
9_17209,0.9174255476249077,0.7648283038501561,0.9537952358141358,0.8726517341040463
9_17212,0.1976353092179844,0.0,0.270336131203342,0.37662715862430474
9_17215,0.899172788800833,0.8206262763784887,0.9737675833227728,0.9218851251840943
9_17216,0.8441140024783147,0.6083684358326313,0.969307102059655,0.8935800654686352
9_17234,0.31883638098808775,0.029594003206378092,0.1763126407326104,0.0
9_17238,0.9491128389154705,0.835923716710073,0.9541660185617256,0.818804780876494
9_17249,0.9468953617141826,0.806786830972963,0.9619388245342444,0.868454481298518
9_17261,0.9557470656656445,0.7932557445538645,0.99011781545915,0.9045964398927091
9_17262,0.7475805032553229,0.6166571183042109,0.9281457325986732,0.9163895872192036
9_17282,0.754993232990198,0.21563690800217747,0.888545116144159,0.5237333608502734
9_17304,0.19795513505264764,0.07405682347461574,0.3099308490203611,0.1358373898171293
9_17317,0.8625751997845021,0.6608921381648655,0.9035118306351183,0.7139270417958943
9_17326,0.884605870712401,0.7994741454864154,0.4479708876502833,0.2692878594359488
9_17332,0.9242018284826049,0.803461887235291,0.5258520036128919,0.3525815958956446
9_17335,0.336355030264781,0.4937514806917792,0.3540230595653921,0.5276767309324603
9_17336,0.9244866920152092,0.7910257294612678,0.9820967698117308,0.9351827749061025
9_175_7528,0.0,0.0,0.0,0.0
9_175_7541,0.002397109963199298,0.0,0.009419629292008508,0.0
9_175_7551,0.6420536051340129,0.2447096017541176,0.8661123511270893,0.676911544227886
9_175_7583,0.39992767440331384,0.18506807202459377,0.4661379699372864,0.19690741828146407
9_175_7584,0.15339445370510685,0.08944744072453445,0.34827246552507957,0.1818228340412466
9_176019,0.04436274509803922,0.10834307422559906,0.02369816027439975,0.07564994507506408
9_176035,0.30695415434256523,0.2010359769561536,2.8281342798156058e-05,0.2806470716578874
9_178_7847,0.7702353977844915,0.5002858273602744,0.8167380150975458,0.5889882352941177
9_178_7848,0.6053536887746491,0.14769054164275142,0.6295616249713105,0.21677786619330355
9_179_7945,0.6089531265683027,0.2550099956116827,0.8917274939172749,0.7639095507289497
9_179_7946,0.9096952908587258,0.8504749426793318,0.9710913273982195,0.9571881606765328
9_180_8015,0.8305665293771539,0.37862044899383507,0.9174920575593347,0.5842753953975457
9_180_8023,0.780320756556498,0.504031092409983,0.8556013024407308,0.6588364902803937
9_180_8024,0.8568563162970106,0.5169880624426079,0.9457929496526288,0.7488786404700234
9_180_8028,0.9736003091638085,0.8364498571967451,0.9923669797526703,0.962385099177552
9_180_8044,0.8539112473347548,0.632577003178779,0.9835757319927856,0.9376115354415019
9_180_8048,0.9281961471103327,0.772319643571143,0.9440841416647868,0.8096620601556149
9_181018,0.9039409537816271,0.4228787943292605,0.9442591851555437,0.5725164282953228
9_181079,0.9526338277482757,0.7649682921495736,0.9467686184141615,0.7133114017491776
9_181091,0.5632510778827631,0.43043561696411436,0.6017803570550337,0.49308524013075183
9_182_8259,0.7512677041440812,0.25368490441661173,0.8851105549678784,0.6307269694888649
9_183087,0.9577857427319793,0.7833859095688749,0.9609995865680555,0.7156430446194225
9_183_8309,0.7721792577082841,0.5394967317469134,0.8659190268009884,0.662635321828147
9_183_8314,0.20826128159285637,0.17631700949174048,0.0,0.44591734045875697
9_183_8315,0.3638715060492282,0.21310937105329628,0.2648534269199009,0.0981225216476491
9_183_8318,0.6125683386610103,0.19540770028519575,0.9345946193265008,0.7665770145857039
9_183_8320,0.3155885095235981,0.07975239093410193,0.34744975304415865,0.11579574658274051
9_183_8321,0.2920242675347736,0.3104389604717187,0.5203959208158369,0.4288440567066521
9_183_8322,0.8244404250508705,0.37558901682905227,0.8777173383244624,0.5533349289931386
9_183_8336,0.9079831759515071,0.5999020767881187,0.9731506485457524,0.8723879821187234
9_183_8358,0.6007744979868181,0.27477140346881,0.5279531674681163,0.04019610924290518
9_183_8395,0.6444559611065868,0.24928296985767628,0.9895464692110851,0.9512502361907161
9_184_8457,0.0,0.0,0.0,0.0
9_184_8471,0.33052749719416386,0.073615036262726,0.985668380462725,0.9505369164858398
9_184_8494,0.0,0.0,0.0,0.0
9_187003,0.8412941961307538,0.7456640737539614,0.8698578342407743,0.8029596468320587
9_187029,0.9372060774146871,0.8043311122501281,0.9806938736500048,0.9501924383065429
9_187039,0.47979441305712495,0.46712189233032786,0.5777597169766219,0.5942115768463074
9_187083,0.9037279427505428,0.5830273785796706,0.9060967507197772,0.6235322425409047
9_188063,0.1838870513896431,0.13827288827288828,0.011755081370095151,0.3093758363317375
9_188091,0.04706384796070895,0.013760223264467615,0.041429350175755185,0.0
9_189011,0.9449866514945949,0.7497983220393676,0.9741336126417415,0.9078902666893155
9_19021,0.9227133614845233,0.7675489067894131,0.9211301005805871,0.7799223389675651
9_196015,0.6939387449132577,0.6064496639226644,0.8345241497570735,0.8741465634956759
9_198023,0.21149263431542462,0.3038614556517669,0.21966375662384202,0.358999318602161
9_198054,0.9055214576552122,0.39413531325602735,0.9308586605196563,0.5146733582851309
9_202012,0.773428809788654,0.620633683937151,0.86003408606732,0.7754941008491771
9_207056,0.9214394480872619,0.8521121859558772,0.9283295525528488,0.8723367519596671
9_208001,0.8171867440735365,0.6795386674904748,0.9697014158902502,0.9376260162601626
9_209070,0.7744911804613297,0.49622458857696033,0.926425048744122,0.8553183497151443
9_210088,0.12748694860864984,0.0,0.05401000714796283,0.21478558665872544
9_21077,0.7279684129116294,0.3404839540072078,0.8853921322976698,0.6792655975519919
9_216053,0.37120341487440484,0.28510905382080654,0.34127850209637584,0.2669717772692601
9_22001,0.9640863955932449,0.8132857044720753,0.9890031793529082,0.9281329746879096
9_22010,0.468162071705066,0.2109648747970259,0.952499039502637,0.864828395423878
9_22013,0.12597050328900408,0.007524991760957926,0.34494544086291234,0.247840938386182
9_22029,0.21241976645271055,0.07244291286401333,0.36672471533824513,0.3145270139986888
9_22038,0.48922736572138964,0.19808682855040471,0.9373291312272175,0.5895451809818588
9_22072,0.36669869275337,0.36334838045458145,0.31092362080746266,0.3179869881362419
9_22104,0.8415341986291381,0.6357811191611752,0.9285133244395275,0.7751120703968122
9_22267,0.35616713539574124,0.2080784644589749,0.4260209536027368,0.2543806213494822
9_22323,0.881167014521071,0.8035886876497037,0.9634303246239113,0.9422103741189228
9_227040,0.2545219119506956,0.11622937195773478,0.4136056807223635,0.3179819573951937
9_229036,0.9580681788175649,0.840702947845805,0.672661182322556,0.5907837865432393
9_23001,0.40535007506482873,0.468627574876785,0.2233468286099865,0.3409244917715392
9_23002,0.9029927256749499,0.7398873527905786,0.9773044318059878,0.9304005722460658
9_23003,0.9050221655432076,0.8171220857357734,0.9608890647671811,0.922361723786902
9_23025,0.9502128975475154,0.7697467125584679,0.7492936985628301,0.7070234895407269
9_23051,0.9529933766317279,0.7747487646438288,0.9648249543719927,0.8687838365797845
9_23074,0.9017263534275658,0.8282703402802308,0.9613550201785496,0.9140722291407223
9_23080,0.8992617289830912,0.8032025715816418,0.9405263830330906,0.8868440686396418
9_23104,0.9434551545223283,0.8286095221710894,0.9283153183804863,0.768550796812749
9_23117,0.9080806594053576,0.6101321585903083,0.8041198996434702,0.5348854932743969
9_23118,0.959532544154911,0.8694343409005393,0.9911918524635288,0.9729693652806514
9_23131,0.9592145409028086,0.7495820795720495,0.9760188597442012,0.8993717747363698
9_23267,0.8519738459269456,0.7564137430876621,0.8629676566201995,0.7794271742926999
9_236017,0.8181029245856114,0.7529788501638368,0.9005125113053964,0.8725523153206152
9_236037,0.7874465049928673,0.5807500343422318,0.8677307487106527,0.6879276408285687
9_239007,0.9018892228424217,0.761438679245283,0.9491302357518883,0.8827527612574342
9_239096,0.42880468059051635,0.2816567169713375,0.4696520606392418,0.3496704657175108
9_24004,0.379176240066044,0.08229207636220616,0.6728306745833035,0.5665900568525463
9_246016,0.7983974758168306,0.5846267857878051,0.6245880691371309,0.6156612065521374
9_249061,0.10282976699407456,0.07327947336923997,0.001385334241236,0.36985700795899096
9_25098,0.6567929978872936,0.40207457503198685,0.7042698047702782,0.3858356940509915
9_253874181_300410d0fb,0.9290304073436604,0.7768664563617245,0.9172592503314451,0.8519259975148419
9_260081,0.6399320125351888,0.3221760400191268,0.6564265888155348,0.42489503402345447
9_268002,0.7947725072604066,0.7564382365779135,0.8822739480752014,0.8241403184860374
9_26926127.forsythia1,0.45449727802668977,0.42056782334384857,0.5124227942203963,0.5027051975691684
9_26995738.ibiris1,0.8517954574292602,0.704855905380643,0.9391442748806291,0.8659756483954194
9_271008,0.8973425783578578,0.7864922991536006,0.9590033268644302,0.8601109954908082
9_27551937.vinca,0.23302464895166386,0.005988376659074845,0.313163639054349,0.15208888149134486
9_28010,0.8455210237659964,0.7326850462939016,0.7130567136523063,0.7240110835085037
9_28011,0.8903140203449801,0.8565934535509786,0.8377703320134023,0.8078112915699923
9_28015,0.9009131247937218,0.7902759526938239,0.5027388922702374,0.4042004128950294
9_28026,0.8162216193060117,0.7765277910191629,0.893684917702385,0.8944920946574352
9_28052,0.8956607495069033,0.9118192431838472,0.9434833995917051,0.9445506692160612
9_28058,0.5274020639214507,0.5431908181757165,0.2553282182438193,0.3050252667040988
9_28080,0.8737088638001441,0.8578541901540774,0.918918918918919,0.8873808692181029
9_28081,0.7347207009857613,0.5109298125428162,0.938987451319775,0.8742550073277968
9_28092,0.8431892650959588,0.739282769991756,0.9202996660348407,0.8247502918666494
9_28097,0.8522442633806466,0.7363614940497231,0.8960955561263807,0.8031293570875291
9_28106,0.764416954702565,0.5883687817033016,0.9343597578891697,0.8127998366846994
9_28112,0.9040703975031428,0.8136850401001344,0.973264540337711,0.9600342276136307
9_28117,0.6263385008790155,0.6443123938879457,0.0,0.045930145405486435
9_28153,0.8557290214664065,0.8589427950760319,0.9088605590308021,0.9318345139102762
9_28162,0.9233820388514086,0.8334791119996668,0.9527767825152276,0.8969067723591246
9_28173,0.5580304359433998,0.36222087194288316,0.8663793103448276,0.7831878999418267
9_28176,0.939951530383269,0.9061116664286735,0.9332832879797316,0.8791178112786153
9_28180,0.7001095290251916,0.7130137821685572,0.7387114537444934,0.7546852785317306
9_28184,0.8432722765459303,0.7667956026058632,0.9216250799744082,0.9063093587966528
9_28187,0.8419149302565869,0.7717187917669073,0.8959034237086879,0.858864527370408
9_28195,0.8001124148106513,0.5670298987862101,0.423101215853466,0.3802248586011864
9_28198,0.8196887578840607,0.5691796787687199,0.620547686496695,0.5761069340016708
9_28210,0.8791424871708791,0.828077801517719,0.8939829605963792,0.8650633180802384
9_28244,0.8405276485483776,0.6217082078554494,0.8959348508110273,0.694578961528114
9_28247337.003,0.6952961480556678,0.6133231887733536,0.8040216216216216,0.6935137596773144
9_28278,0.647754661052165,0.5760618808522188,0.657903146152282,0.625605759911386
9_28313,0.8416799060578849,0.7622730329522529,0.9278223318938926,0.8932708898200641
9_28316,0.8575209061077591,0.8055753093443322,0.9290754694414544,0.9391907514450867
9_28321,0.896246516964432,0.8874446404781623,0.8220648494566186,0.8383438536428801
9_28334,0.8246949327817994,0.5310263699637291,0.8915502328675982,0.6627614252517429
9_28579914.05,0.8960649756775538,0.6429094571088528,0.9705896327267544,0.8635982327610313
9_291000,0.869200316706255,0.7994035664293104,0.8904239702961748,0.8188247074284999
9_293029,0.8930848455125061,0.6859302325581396,0.7507036999355648,0.6628384192758324
9_299086,0.8225712998133007,0.8277983348751157,0.9046223224351747,0.8469459396208753
9_299091,0.26884570452347156,0.16230246424550723,0.0014593253017181691,0.4456793429744688
9_3,0.5035250316856781,0.30990359333917616,0.45663775850567045,0.343252427184466
9_300091,0.03852551086533892,0.07112249856429739,0.018525572909357017,0.1706398440269408
9_304034,0.7802982686703617,0.6485910719473226,0.8737776050773913,0.7894366197183098
9_304074,0.7351895132608475,0.7917363107575048,0.9207164493612537,0.9516761636942204
9_306005,0.2967727625596096,0.07609039548022599,0.18413346952672796,0.2847481507573089
9_309004,0.5870897944464479,0.44063732693943847,0.6154835390946503,0.4488974730403992
9_317080,0.8802109313760422,0.7964967198374904,0.946366987751219,0.9262728561059071
9_326038,0.8464458025088453,0.7887478996465612,0.9175796634443251,0.887567366660472
9_35008,0.756789308053926,0.5650035637918746,0.9622746890073622,0.9383170453103186
9_35010,0.831392277123102,0.5162728809292624,0.9189736294999453,0.7725155617463979
9_35058,0.376499940596412,0.19937084935337296,0.6832270828753573,0.5502645502645502
9_35070,0.8146266829865361,0.7945949998125866,0.9090775558166863,0.7489253370059681
9_353013,0.5850420218155808,0.33807674551231565,0.6486262689829919,0.5124486571879937
9_36008,0.6402233240281655,0.564436161609058,0.8300312233891569,0.7440521412291575
9_36011,0.8764276868033577,0.712448255470136,0.9607653554526487,0.914235982910491
9_361084,0.9205446577629383,0.769832812787066,0.3348313971565053,0.2579997170745509
9_36253,0.03525619501712444,0.05893072785157537,0.0005220114842526536,0.09352890949011954
9_36254,0.0,0.0,0.0,0.0
9_36302,0.06075247806160514,0.19099560906797003,0.001429635744920766,0.35689601974699164
9_37073,0.8279336974948202,0.6878046748052165,0.8971232515175508,0.8271644971510631
9_376020,0.8906634436914577,0.7206299851291064,0.9137007874015748,0.7355157183684073
9_376043,0.9358774846148404,0.8545924589044437,0.96865378194903,0.9219003241491086
9_38082,0.5941137222922381,0.5295552005381317,0.7645422662958036,0.641712669987882
9_388016,0.9121983544094097,0.8088101071239852,0.954924578527063,0.8719407795346964
9_41004,0.8661667280088333,0.8719336347776552,0.9113280660258668,0.9201832106922961
9_41025,0.877473164528556,0.7832062832062832,0.9049254966887417,0.8477102893274574
9_41069,0.5136584826365849,0.3148608500576002,0.5923987701968993,0.43155687323739966
9_42044,0.8975075704635453,0.6707352655125463,0.9406013355912707,0.781774823684611
9_42049,0.687595098902859,0.43702474028060406,0.7398655329246588,0.5489283699943598
9_42078,0.9243950039032006,0.8623777439687025,0.9653516579045411,0.9283781924893393
9_43070,0.5736798163222709,0.44576710314403756,0.7565125866152091,0.7801830259673898
9_43074,0.809850863422292,0.7740387732607145,0.883323649041255,0.8497581402064833
9_45096,0.6942618051404662,0.3293244512004292,0.7319213313161876,0.43595011706244924
9_46076,0.7332856632105827,0.5291109715618552,0.8765989465763732,0.7729424908230037
9_46829866.bigbruiserweb,0.9208826695371367,0.8073972602739726,0.9474673309732966,0.88547986363899
9_49752508.babygrizweb,0.8995403808273145,0.7800751879699248,0.9495942664218444,0.8918901199763981
9_50017878.bearssittinginbrooksfalls640,0.9441476204610666,0.8854281888571928,0.9538692790131136,0.8894517282479142
9_50314,0.2539946737683089,0.13589330108177114,0.000197667523225934,0.2692813465711092
9_52_52999,0.8867778208607987,0.7839234745043585,0.9610479145122371,0.9201766304347826
9_53915802.20051221_11miamibeachvigilancia,0.37560019206145967,0.25650195058517555,0.0,0.1206083871908256
9_53915806.20051221_19miamibeachlifeguard,0.7940689830724195,0.7425413118267441,0.8786127167630058,0.8387055917927934
9_53915807.20051221_22miamibeachcouple,0.8607594936708861,0.8003089996137505,0.8683658170914542,0.8471874588328283
9_53915808.20051221_24miamibeach,0.8968985750209556,0.678620240807029,0.7782566468374408,0.5403283796740173
9_53915809.20051221_27lifeguard,0.8795356343380707,0.7894579065700724,0.8357501712719799,0.7326842690089422
9_54363879.teenagegrizimg_6010640,0.8904692184340793,0.7460323665077008,0.9441609126388472,0.8761646124921663
9_54375701.bearfishimg_6001640,0.8876979936642028,0.7825670498084292,0.9055958248767759,0.7927395035954535
9_55075,0.9221374682172482,0.7866475462077757,0.973584400517603,0.937741642028656
9_58060,0.8317601001569921,0.4059181132351864,0.9210498731682774,0.672272945699183
9_59078,0.0,0.0,0.0,0.0
9_61060,0.5086666021109713,0.538034798688745,0.777449713969367,0.6182230016074821
9_61086,0.7000911577028259,0.6943896991196952,0.9163126593033135,0.9236954967834168
9_62096,0.7790985997666278,0.8418056120374136,0.7679638301307928,0.8270611893134157
9_65010,0.056695298516157046,0.030663738972995878,0.003743009379541151,0.24324625204096778
9_65019,0.9666993143976493,0.8866657338743529,0.9703504043126685,0.8542830540037244
9_65074,0.8735112428959724,0.7212307120282581,0.6192197329213112,0.5061447310548239
9_66053,0.87387627609325,0.7721407389596858,0.9079471048915136,0.8728462990481546
9_66075,0.8779303062302006,0.644907740234843,0.9278071722516167,0.7967926186291739
9_66136,0.1717447738762126,0.5271317829457365,0.17534944783380957,0.7071231502382744
9_66175,0.11203580669976922,0.11247681733881232,0.016681015927679725,0.09629392093087177
9_67444,0.11571655249816169,0.11683516483516483,0.4021323997453851,0.33847164963852544
9_69015,0.8593753518430949,0.579391486296436,0.8885760665550652,0.6804862166268721
9_69020,0.8817422977690089,0.8261054905081278,0.9273082527487084,0.8865186475112465
9_69040,0.8055142503097893,0.6830653865818327,0.8990745463819865,0.8468445519964338
9_71046,0.16373621506709773,0.1126654170047282,0.003379094355617303,0.43524743745178
9_76053,0.1336188958475015,0.03879706997460154,0.12677928231600438,0.003892241756319426
9_78004,0.3475060395054711,0.22028711872131254,0.00041053009698773543,0.4103369375028041
9_8023,0.7885629154251662,0.6679203742775892,0.9191113642836799,0.86898947139911
9_8049,0.7937505532442242,0.6610988126383578,0.9209508015478165,0.8758649437265528
9_8143,0.7836743450162238,0.36874833098081106,0.7377996778167346,0.440420611719534
9_85048,0.8932005494505495,0.7646749421418052,0.9260876426955652,0.8214835164835165
9_86000,0.18998993240327916,0.17900379449497078,0.18146233382570162,0.18876599975146016
9_86016,0.6474171989809105,0.30516177451634424,0.9767799214614991,0.9395467891289618
9_87046,0.7978474496958353,0.7516962697144236,0.8124170867604139,0.746250900097054
9_90076,0.21318454935622316,0.0826712570621469,0.23626284037175935,0.2823881714392663
9_92059,0.35560772981759076,0.1415918354837721,0.0,0.14340398383781103
9_94079,0.8892206995295562,0.80268162434208,0.9094814085641416,0.8544746493251163
9_95_95660,0.9181345258738706,0.8409207598836215,0.9238698694912049,0.85136649711182
9_97017,0.21841848615727563,0.0,0.7798799016061352,0.684859749915512
9_98350,0.8697282762524766,0.8256398666591332,0.9468913976784863,0.9354958524204532
9_c_121,0.8880285152409046,0.8655031622768393,0.8918955123911587,0.8646385941644562
9_c_141,0.9090871642774757,0.6697382769901854,0.8490955391640324,0.5717411545623836
9_c_146,0.9060696071288461,0.7479631053036127,0.9741489946831265,0.934947313419838
9_c_39,0.743982292723416,0.6329155672823219,0.8341762617023566,0.7941366210307504
9_c_51,0.8793945606946874,0.7093490106108402,0.8856589147286822,0.6094385679414158
9_image_0003,0.6048231678733267,0.31265028750653423,0.9573616318230921,0.873181685053207
9_image_0004,0.8900762538932445,0.8273387955376568,0.9457005518960299,0.9121203037569944
9_image_0008,0.8031353919239905,0.4741913939509589,0.9723199443306143,0.9033037872683319
9_image_0012,0.003527419809989653,0.05907618114686158,0.004844323205719123,0.06408615106559229
9_image_0014,0.9033496732026144,0.6479356088835893,0.9604721142890531,0.83920435603956
9_image_0015,0.30984245299000507,0.30378693300041615,0.441497124216671,0.30780157963520655
9_image_0016,0.8090820476622634,0.5470076049818142,0.9337185988913786,0.7838881154284267
9_image_0018,0.8451449122064735,0.7760732185661364,0.9065971824533272,0.8529246607393542
9_image_0025,0.6532916666666667,0.4601072652880681,0.9265840962125291,0.7701224846894138
9_image_0026,0.5753049432912476,0.3125739728343572,0.6161703977396218,0.38475063001816795
9_image_0027,0.4366713576772091,0.3916108215438074,0.9730030408662761,0.8998849987222081
9_image_0035,0.6334311940243041,0.3856053082010861,0.961601817665436,0.8870731484024535
9_image_0036,0.8680741306839893,0.7759962573895292,0.9332691690728264,0.869459849932423
9_image_0039,0.8893225823018849,0.7553162326218915,0.9716975813271692,0.8932873583807264
9_image_0044,0.9158552833862867,0.8340074219238628,0.9757608993693446,0.9240176243143602
9_image_0050,0.7404709772554627,0.648879803078977,0.9671358737263679,0.8864958938380377
9_image_0054,0.8408212068790069,0.5139971817754815,0.9603071470761961,0.835705641675791
9_image_0057,0.8821742707080934,0.7507220396374863,0.9327014864312014,0.8188359788359788
9_image_0058,0.3769520732364028,0.26699904877488767,0.3697962367163888,0.20885894495412843
9_image_0067,0.9085885451634561,0.7429419640258456,0.9685170764267438,0.8856187729417934
9_image_0068,0.7883819401493887,0.5879137877694132,0.9705116058739933,0.9305287019134609
9_image_0072,0.8606688336730759,0.6834014623754966,0.9188018979833926,0.8027407593663566
9_image_0074,0.15264375845959044,0.21955434849700636,0.7509511523155639,0.5421220005782018
9_image_0083,0.9304809934385337,0.7686754966887417,0.9772674953959485,0.8846018940722553
9_image_0084,0.43587985187217115,0.18770042852683258,0.979236603257491,0.9046521997621879
9_image_0086,0.9356949702541915,0.7988096778367189,0.9776841625868155,0.8800273597811218
9_image_0089,0.8909499054820416,0.7093099151486382,0.959650475456181,0.8206896551724138
9_image_0098,0.0,0.0,0.0,0.0
9_image_0101,0.943307158095411,0.834332784184514,0.9736350127031302,0.9201032678850465
9_image_0103,0.8475847736834102,0.6169732349377685,0.9751527255639098,0.9142920747996438
9_image_0104,0.8832881933995386,0.7335615553546053,0.9366325981710597,0.8030121284819406
9_image_0320,0.7280286343612334,0.3452546296296296,0.9299055311170404,0.8035043804755945
9_pushpin,0.11177017079968556,0.11183964031472461,0.36785560807907175,0.45223544548086203
9_ss07002,0.7768425519875513,0.7518648125978451,0.8881644934804414,0.8752886836027713
9_ss07003,0.8692174444670878,0.8031537077374752,0.9086472555793168,0.828191785913399
9_ss07033,0.6580974341362901,0.7655736070965813,0.6328373266078184,0.7795463310310977
9_ss07036,0.7943116845037385,0.681195098752308,0.7091640590075995,0.708688906128782
9_ss07043,0.05369889402982508,0.10111618379710799,0.0005855812613996352,0.39227708564346747
9_ss07080,0.5203650498563461,0.37119625477393126,0.0,0.3237725769524294
9_ss07084,0.8243516822520004,0.707840616966581,0.8259412356161323,0.8030606938563257
9_ss07085,0.27046201765011246,0.24135126681263686,0.0,0.13201380061739604
9_ss07087,0.8458669299544731,0.8063821386266556,0.8648512672158983,0.6961319267612465
