subdir,unrefined_iou,unrefined_boundary_iou,refined_iou,refined_boundary_iou
0_0_147,0.6884686832838883,0.4503634882808965,0.8768591190911371,0.7703094094376942
0_0_155,0.8599559955995599,0.6691209424418977,0.9177159405691262,0.7966645285439384
0_0_272,0.8964350700940568,0.6740801382635193,0.9285467081968959,0.7834489593657086
0_0_280,0.7538080895008605,0.49931633077700494,0.793384869987078,0.5564605360216376
0_0_284,0.8609688721196604,0.7568229624304391,0.6826926668908065,0.7466445813947824
0_0_307,0.8436188264713763,0.6509732605913653,0.9407189604476904,0.7444034069495742
0_0_355,0.8326526690049488,0.5014199890770071,0.9533661918431457,0.8586688578471652
0_0_431,0.9077438621287073,0.6052339413164155,0.9665758851200792,0.8614720949042869
0_0_547,0.9046411668115522,0.738216367373067,0.9073760989276398,0.7390480129597077
0_0_579,0.6182730527443407,0.1799402598337352,0.8097031687342341,0.4557043332180444
0_0_610,0.14997543505805083,0.0,0.35028007923153925,0.24466684224387675
0_0_735,0.8081605573063526,0.5484296535875394,0.8252003847386983,0.5586093999052255
0_0_77,0.4901175625032086,0.16389576700860747,0.49808315617049453,0.3033314101331282
0_0_775,0.9226724684978697,0.8148335604438388,0.9798061389337641,0.9467960515308683
0_0_818,0.9152669987258195,0.856479914922415,0.9683924042803241,0.9016208804661867
0_0_840,0.8034842839901348,0.7031941808981658,0.930743346589171,0.9078531485533674
0_0_899,0.8565093443142223,0.8852053438891638,0.9610482430017868,0.9700384462415484
0_0_951,0.8658252728495319,0.7784143088293174,0.9594093804284887,0.9514857489387507
0_10_10134,0.0,0.0,0.0,0.0
0_10_10135,0.9071822308690013,0.8079898002549937,0.8499603768600863,0.7480114801148011
0_10_10176,0.8770446609079213,0.6232725938608291,0.9805609982468805,0.8211714890613974
0_10_10283,0.5264602779068294,0.14052213393870602,0.557516555299194,0.21016605399923946
0_10_10343,0.7404477679174738,0.48282331629682346,0.7542240300375469,0.4626195752798272
0_10_10392,0.5626298324655353,0.36099394828534753,0.6587590077163447,0.5097505335197586
0_10_10396,0.7733015697451823,0.4610936955764542,0.9628297691272957,0.8780808080808081
0_10_10484,0.8835324958295033,0.752821270310192,0.9805362011511664,0.9677907012618394
0_10_10507,0.8599860063748737,0.8091369289419411,0.6054954954954955,0.6189203285956448
0_10_10536,0.9548105798105798,0.823091570019041,0.960433718928388,0.870723992502343
0_10_10545,0.7131391086243488,0.48910338910338913,0.9447162935970849,0.74397368271794
0_10_10600,0.9422862601496577,0.7469971563176435,0.9787442315760033,0.921549302715222
0_10_10938,0.38691057632537074,0.17392118068552484,0.46243143937376857,0.24893672199170125
0_11_11060,0.2166644670274075,0.0662390276839973,0.20515100158364127,0.11151489980272038
0_11_11111,0.38313580726636876,0.37798290598290596,0.4132846510321584,0.476003028009084
0_11_11136,0.826787858000343,0.6499560700811411,0.8939881246907472,0.721884840305893
0_11_11164,0.6880733944954128,0.5357908569057335,0.8133728641647812,0.6660012775471096
0_11_11179,0.4750266935579547,0.4486748708471586,0.7430914826498423,0.7415928655477798
0_11_11219,0.00950501429779693,0.1297596123982856,0.019266574921071804,0.1398863423468432
0_11_11263,0.08326899746332855,0.0,0.08773841170232856,0.0
0_11_11281,0.7959147529370093,0.5442916752171831,0.8644118348842759,0.6619802572539635
0_11_11297,0.8787326191018919,0.6754400670578374,0.9887516914749662,0.9657275953859805
0_11_11298,0.00013984058173682003,0.0006650594396874221,0.0,0.0
0_11_11309,0.23266946756079826,0.1036415529039579,0.0,0.15431735594393495
0_11_11313,0.06885824534115043,0.05375792614696009,0.14966760495897466,0.0633445136559655
0_11_11325,0.05492589363557106,0.28030250945342045,0.05617163555307885,0.30429914912673534
0_11_11328,0.8028962188254224,0.4691974447463103,0.8341155700998967,0.5657686212361331
0_11_11346,0.8789644012944984,0.7551700680272109,0.9098968284294994,0.8027157685198351
0_11_11425,0.909939276044268,0.6921102404755471,0.9774843838727996,0.8819454977501391
0_11_11435,0.0,0.0,0.0,0.0
0_11_11459,0.8830742372599552,0.8150299068020587,0.9357798165137615,0.9041299001880515
0_11_11480,0.4915513926831736,0.2009464595866791,0.5805954825462012,0.3838268792710706
0_11_11517,0.944447708002898,0.7659222848425781,0.9925172042119227,0.9582873855300379
0_11_11533,0.862211614956245,0.5813149619529994,0.9176659283586649,0.7434247059417437
0_11_11557,0.9528173003232148,0.8212578616352201,0.9884850166481687,0.9570636170649867
0_11_11561,0.3162735338671283,0.018743038981702466,9.779233797032003e-05,0.29281926329367924
0_11_11571,0.5770480146096287,0.11028011006843999,0.6033049472830495,0.15010273602249377
0_11_11650,0.8616299340057278,0.5974291115311909,0.8898201473569062,0.7233588037137458
0_11_11830,0.928891394919024,0.7401510092968309,0.9829615965118229,0.9332495962677193
0_11_11852,0.8499172246794001,0.5495965286236297,0.9887095837928833,0.9392234942757591
0_11_11875,0.9326009501187649,0.7384232992921598,0.9814198876017892,0.9221692345316703
0_11_11881,0.19261388766032728,0.07370701461689783,0.27139178521676727,0.29811419591409116
0_11_11924,0.9385327589532566,0.8325683496308122,0.967373791621912,0.9000944154981292
0_11_11945,0.12610272899661967,0.02057791159982034,0.17948417006543235,0.0568386660657954
0_11_11981,0.7956942763271658,0.7215526179367548,0.8738738738738738,0.8198688433096135
0_11_11987,0.20411433715957686,0.0027345393352965924,0.472875169465012,0.17002081887578072
0_12_12000,0.5892241615144718,0.29246487867177523,0.618478624278633,0.4047765843527923
0_12_12048,0.8767716412796311,0.6042294627051338,0.9903146840742186,0.949012854419091
0_12_12072,0.9024621811507058,0.8475695027129831,0.9541615583707942,0.9204847085978073
0_12_12144,0.44902266425723864,0.36134132834281785,0.4885743083658027,0.42870769448173535
0_12_12171,0.23884986882198614,0.16202383453906882,0.25998613749550753,0.25089849863776015
0_12_12226,0.7739225979733855,0.5353725279521875,0.7978643216080402,0.5748361555607305
0_12_12322,0.9301956521739131,0.7387036521877359,0.989912873316871,0.9509479520658201
0_12_12344,0.597084394484939,0.4577746030715283,0.665941957373917,0.5564617780084525
0_12_12372,0.9209118866158578,0.8074504497333439,0.9551218824855573,0.8879605647923803
0_12_12424,0.8948893164377806,0.5614354002558406,0.935979963015847,0.7751303373691241
0_12_12429,0.9477451016842027,0.7768916155419223,0.984049415536182,0.9262261109831913
0_12_12435,0.9398298341188712,0.8103456587764547,0.976963517603951,0.9212745047328402
0_12_12484,0.7229421228855938,0.37168784828528006,0.9795394127662117,0.919582916726182
0_12_12518,0.5474887935605147,0.04697808812906333,0.562046143378487,0.06230407523510972
0_12_12597,0.2990353143841516,0.22578069825283262,0.28783372873993385,0.2194170515541131
0_12_12619,0.6674209910261413,0.5090465541776784,0.8485746398283437,0.7756398163868452
0_12_12649,0.8873427373236752,0.7600421380479091,0.9283798836585667,0.8453421913927018
0_12_12693,0.9343015397662523,0.7914026530519214,0.9833192448577064,0.9432301305456909
0_12_12705,0.846520367760553,0.4390847247990105,0.9301446051167964,0.7179910044977511
0_12_12750,0.8799745369419689,0.5642355451501052,0.9572784453412089,0.8334513472217047
0_12_12771,0.5405369660097871,0.2647776899006224,0.700361328985635,0.4678788441022311
0_12_12793,0.9415357766143106,0.8567125645438899,0.9750159387950271,0.9470258816406841
0_12_12816,0.3132996292551399,0.23980245533114358,0.30216346784992254,0.2626477259161991
0_12_12833,0.3008401909861449,0.3062895343671328,0.3147559694426791,0.36837266974516847
0_12_12845,0.9559496717151901,0.878956157042445,0.9754738015607581,0.9261105351303932
0_12_12884,0.43113340172498954,0.08656100295586587,0.0014742797943977368,0.39567585593597154
0_12_12891,0.3568672092890887,0.17577954787094974,0.2911185584715788,0.014465662637806147
0_12_12892,0.852584798875679,0.5892883489893277,0.9013291190534078,0.6834036643341702
0_12_12921,0.16621547289062416,0.19392242470260693,0.13904453763285374,0.20530159588855829
0_12_12923,0.8347806084306171,0.6203433376153218,0.910922655104253,0.6948381224808218
0_12_12974,0.8835443037974684,0.7189707139322506,0.8798311406205173,0.7280782297309705
0_13_13027,0.8942694691113524,0.7042778533814568,0.9282033180374162,0.870153544135175
0_13_13036,0.8060641337707694,0.6761826333607832,0.8890796093518792,0.834473393018811
0_13_13173,0.7486838213546289,0.5488313195800137,0.9085805636106774,0.8301174068402246
0_13_13198,0.964297475301866,0.8579378068739771,0.9935485704541579,0.9736687433877983
0_13_13223,0.9447521462198837,0.8600170710888916,0.9850092475421006,0.9608443546810868
0_13_13235,0.42037390422803983,0.0,0.4389731294952829,0.0
0_13_13264,0.6348970603298166,0.3810769318246432,0.9697456062916299,0.9233593823557104
0_13_13295,0.9324027603513174,0.9205212093862816,0.9586687691924641,0.9637912673056444
0_13_13308,0.23851800325834263,0.10769500369952101,0.5520608312451395,0.22629098254519087
0_13_13331,0.6935031109824917,0.23327475102519038,0.28783105821957766,0.30608818591499515
0_13_13339,0.09725224557323574,0.0,0.0977128205932396,0.0
0_13_13347,0.9453969690115358,0.8676882517712967,0.9563942489595157,0.8931950818743272
0_13_13349,0.9147204529370134,0.8570150467669785,0.9620108540417024,0.9368178717598908
0_13_13356,0.9244483159117306,0.8154814865512285,0.9653714640969848,0.9223856801217479
0_13_13361,0.7388075738401662,0.6231212248911364,0.8219133720145729,0.7343720231164927
0_13_13368,0.9581960104076322,0.8166904114320253,0.9770444479595065,0.9196216392525978
0_13_13386,0.9753140096618358,0.8937248009924532,0.9925314076565437,0.9671379235916253
0_13_13400,0.16640227912849234,0.0,0.12306169844297422,0.0
0_13_13420,0.6991426044830635,0.4763214176596395,0.8284162217851456,0.5543079407015998
0_13_13422,0.9031150207868892,0.8217157433593967,0.8496064528719183,0.7692837861122279
0_13_13450,0.9333598391977559,0.7645365572826712,0.9782705203392602,0.9232730160056835
0_13_13453,0.9422535211267605,0.7439249680261475,0.9886386691012375,0.9680422522603169
0_13_13460,0.6365391454554692,0.5219897996895557,0.7134566766260629,0.6247498845621056
0_13_13515,0.9503051252507148,0.7872291484565488,0.9912444155086096,0.9596848460042976
0_13_13553,0.9846259710627818,0.9223576863140526,0.9787699433865157,0.8937633820782652
0_13_13700,0.783687024518925,0.6570586308548968,0.802503409312293,0.6440854813154538
0_13_13845,0.3302278735993957,0.08941355674028942,0.34352791356858237,0.2390810580608527
0_13_13885,0.9574714913363281,0.8198328511732562,0.9882744047005463,0.9441387064323332
0_14_14093,0.7955264103485448,0.40254771885556145,0.8048498845265589,0.43492644197088814
0_14_14181,0.8841843775876346,0.7622587968217934,0.9148100375234521,0.8288138610336439
0_14_14532,0.28372047628342767,0.12011666435189779,0.311960210439373,0.16823637272878814
0_14_14597,0.8678334861036647,0.5819234030004792,0.9048095281389217,0.697602533172497
0_14_14651,0.0,0.0,0.0,0.0
0_14_14747,0.7094907407407407,0.5362367243337118,0.8395562506108885,0.7505099127029452
0_14_14830,0.6930898970900806,0.41176696493720955,0.8677754437356665,0.7150929796742107
0_14_14831,0.5363801462870091,0.19077370588114795,0.9303132678132678,0.7737598516458044
0_14_14901,0.6937002930096274,0.18490105719707237,0.6919441198528001,0.25042147234338624
0_14_14926,0.15540793207364553,0.07359081419624217,0.010613651501549333,0.1018017336008176
0_14_14991,0.6984554869410939,0.6176609031286283,0.6729522059313119,0.6786206896551724
0_15_15022,0.9646054885735527,0.9019030457522085,0.9586973788721207,0.8747469526639962
0_15_15030,0.925607396258869,0.7657405556666,0.9708493674388189,0.8950047450608231
0_15_15264,0.7676407697790449,0.6502103903678706,0.8141952983725136,0.749222848261123
0_15_15345,0.7419760977782943,0.6531248033230537,0.7430418892324993,0.660843144701861
0_15_15522,0.9624432033320712,0.8223164072051512,0.9381745372857352,0.7319240515116804
0_15_15620,0.970940324414916,0.9156092206366631,0.987226839027393,0.9604816441084605
0_15_15622,0.9328615550691175,0.8320543211860661,0.9841097638800256,0.9569260044111924
0_15_15644,0.9119859720572431,0.7611857488209884,0.9641997593261131,0.881824637620619
0_15_15663,0.38939074376218713,0.16168423064974788,0.4465387251542152,0.2887419793894614
0_15_15742,0.10650721368685365,0.2343164947776391,0.004732883208594315,0.18067853481219126
0_15_15763,0.8922602355580482,0.7414069814096563,0.9324299238908483,0.8449414270500533
0_15_15844,0.5377906976744186,0.35294117647058826,0.5509483753917203,0.37837636728923285
0_15_15857,0.37765154374575377,0.11732857102361312,0.430196550685992,0.21721205874774543
0_15_15859,0.8099290456526202,0.4854665986741458,0.9902591022653904,0.9594391587381071
0_15_15876,0.9381808566895822,0.8881565501737175,0.9370664298795716,0.8906386252885355
0_15_15880,0.9215783105755697,0.7490981963927855,0.9227246126052773,0.7635475996745321
0_15_15935,0.6315046224075929,0.2993248677764508,0.6783354296951122,0.3579877189450372
0_15_15980,0.6428468686171284,0.4072432872643656,0.9523084949134858,0.920751808879565
0_16_16030,0.39100398366194344,0.21629128877882267,0.4406365444728616,0.2629900717443293
0_16_16079,0.2903061224489796,0.0,0.26129574069800243,0.0
0_16_16196,0.5533941678961077,0.23056442195406773,0.9114622712838348,0.6744260587363275
0_16_16223,0.8846557043160511,0.6638577956651155,0.9780124596062232,0.9393500723805721
0_16_16283,0.17504166666666668,0.0,0.1847941794892097,0.0
0_16_16403,0.9047671172896941,0.7269111102359104,0.9567097020851102,0.8874371445058116
0_16_16431,0.9000850011591067,0.8943402363656077,0.9625230048519324,0.9626036437475323
0_16_16627,0.829146104381636,0.7670038743004736,0.9321796888655829,0.9150350716681915
0_16_16629,0.807570271380044,0.6445652587157359,0.8842265957007881,0.7580691114819488
0_16_16704,0.810977577028553,0.5700410577899431,0.8655604176595468,0.6872751690728572
0_16_16768,0.9202258578253946,0.7539543057996485,0.8949642803616925,0.6831813648667902
0_16_16801,0.9051198762567672,0.750057400009184,0.9468541230431748,0.8572842928567893
0_16_16905,0.9246419531575406,0.7231608275535005,0.9780092592592593,0.9136719534230074
0_16_16940,0.7226050352575274,0.3980276631273827,0.9892997552110377,0.930768813412186
0_16_16947,0.23949966428766817,0.17969547131308375,0.3162868094969245,0.28319860170417305
0_16_16968,0.6102863383502269,0.4176298819807763,0.9163914120561519,0.798710566464885
0_16_16989,0.7948601662887377,0.4442279397144789,0.8344712164280211,0.5472225807839594
0_17_17022,0.8743325087434957,0.5595420095631526,0.9214443119829486,0.6964133522727273
0_17_17057,0.9574736576440154,0.8141490545050055,0.9871296479321781,0.9446971163150765
0_17_17202,0.480229763788758,0.22080245007206095,0.8147400827907557,0.5966289877832764
0_17_17251,0.8926886281979135,0.6617983963344788,0.9674477936312955,0.8462678062678063
0_17_17275,0.8134904252278573,0.6784381994528724,0.9256376525615727,0.9219923459845193
0_17_17350,0.9030276675544926,0.7659028052153299,0.9353470510689517,0.8410227904391329
0_17_17352,0.756146211338348,0.3894419131090925,0.840045346577413,0.5542084483421265
0_17_17369,0.8908398211031969,0.6938073394495413,0.9768460864351275,0.9290589683338928
0_17_17388,0.8068803309813256,0.33857519788918206,0.9800238730515377,0.9108992954828015
0_17_17407,0.4838966270076328,0.3299721835883171,0.5283259659311594,0.3525584407937349
0_17_17525,0.6306367550419216,0.5927497253683852,0.7089815212720241,0.6698728959120577
0_17_17526,0.15043512801068862,0.49715454714524826,0.0,0.12681002341108125
0_17_17553,0.9174757281553398,0.7129723225030085,0.9785256080408905,0.9307140808718096
0_17_17569,0.9473872488083207,0.6714351017774073,0.9884078120449784,0.9193099962087704
0_17_17637,0.8708967035992017,0.7017521638167616,0.936887753126573,0.8410790144435004
0_17_17660,0.8403184015813233,0.5720370246160038,0.961107967050242,0.8737055205170131
0_17_17674,0.75325259308112,0.6433992685516536,0.7701702208441435,0.6789651385103527
0_18_18160,0.9185551290814449,0.7472028710154106,0.9846631888024174,0.9526231592764264
0_18_18219,0.833006215243703,0.7632544378698225,0.8797704946535686,0.8238124238733252
0_18_18254,0.9089766970618034,0.8021532560369627,0.9379077999061793,0.8703018678357766
0_18_18310,0.5782443278069371,0.3693200973965162,0.6195781696854147,0.45403271291596164
0_18_18314,0.7825437928408225,0.650484693877551,0.9519938942949818,0.8974119315434944
0_18_18358,0.8944193061840121,0.8383312637057783,0.9415853620523051,0.8768258238063215
0_18_18530,0.9385582970488631,0.835647576221772,0.9781892305078987,0.9366815671838022
0_18_18562,0.8876486823144372,0.6932614177640796,0.961158586907329,0.8930176220060173
0_18_18565,0.8889286627461007,0.7820680286326349,0.9542110029431741,0.9192837938333047
0_18_18636,0.795554272517321,0.7824706015805195,0.7208819528956976,0.6231934528991816
0_18_18653,0.9394294801709572,0.6708235484654628,0.9921193298261182,0.9540651054112899
0_18_18661,0.3895561592169364,0.2730288668677294,0.4842034317167008,0.3487331741860418
0_18_18690,0.10770301037186947,0.1390007860090391,0.010611267581371714,0.39778320762066643
0_18_18699,0.8388357668949477,0.6998155450960437,0.920886673463993,0.8959152503818282
0_18_18720,0.48642664186705636,0.36204233840590627,0.5211818757921419,0.423554202762819
0_18_18723,0.7816958495460441,0.5683475833187925,0.8383655838145193,0.6253907542937002
0_18_18725,0.7804878048780488,0.7745638546937542,0.9302325581395349,0.904704875962361
0_18_18732,0.920340170722385,0.8505350811566861,0.965866338326835,0.9219563641157471
0_18_18734,0.6969710547540102,0.5219535475660197,0.9650371676956029,0.9452192908754831
0_18_18763,0.8641098484848485,0.815424739195231,0.9505892528922045,0.9249411764705883
0_18_18804,0.8359807304211966,0.5677571171503715,0.7102936879018118,0.5047691398666329
0_18_18816,0.8690708705357143,0.7779757265337935,0.6530762952310623,0.5204727146332986
0_18_18852,0.49249916124806287,0.3698048164692173,0.9098702226455531,0.7372887373952564
0_18_18880,0.9791981597108117,0.927397497260827,0.9946990538817688,0.9826455152671756
0_18_18927,0.8474853653930887,0.6619445896497648,0.9459807995414816,0.8965747034519526
0_18_18928,0.8123951285520974,0.8160899948866541,0.9396745771432247,0.9367874098164555
0_18_18930,0.881687294771407,0.6801509533898306,0.9596787593464414,0.9049402950128775
0_18_18957,0.7809948032665182,0.6287960536457531,0.9488636363636364,0.9294645719781981
0_18_18961,0.7353121910817815,0.4902974668835696,0.8193892713103071,0.6086480921433627
0_19_19011,0.7294459749005203,0.3946515911833831,0.8453917633872076,0.599119530416222
0_19_19025,0.8401880141010576,0.8265874019731849,0.922077922077922,0.886050996357403
0_19_19029,0.4605714285714286,0.08643930166463662,0.6820440872232659,0.5729425898910152
0_19_19068,0.8814521853767366,0.7940568194187438,0.9229278794402583,0.8515432789085216
0_19_19090,0.18774511129743326,0.1586295016799962,0.2765304631568694,0.3627190312970497
0_19_19102,0.6352659809134604,0.28777864904223144,0.8196826170387743,0.49453636145651353
0_19_19136,0.8025846575186146,0.5337140937342516,0.8946501791883253,0.802530144297292
0_19_19137,0.8261324233584677,0.7051534056918212,0.8775498031730884,0.7942294481337302
0_19_19193,0.8341778273027353,0.5592793490895002,0.8881326781326782,0.7608923273806061
0_19_19200,0.827492890560499,0.6290340195489543,0.9085900123635973,0.8052938673798091
0_19_19214,0.9248821632349293,0.8220946915351507,0.9323398068335237,0.8430294990840755
0_19_19249,0.8219180993263488,0.4767746942093788,0.9334819217434374,0.7023294575181555
0_19_19429,0.8948247078464107,0.7940638553587291,0.9292641186537365,0.8908997692899256
0_19_19593,0.82446780131249,0.5186804829356403,0.887625875952514,0.6816419255023305
0_19_19602,0.8859686670661758,0.6547286512370312,0.9738274906867895,0.9057984269251875
0_19_19686,0.9156853758285151,0.6675838947401714,0.975807825543756,0.9104493580599144
0_19_19773,0.7708853040634182,0.6746123285915674,0.7162293488824101,0.720813704496788
0_19_19820,0.629854820697357,0.622341523848854,0.6651697699890471,0.6824452636282395
0_19_19930,0.7082115025439557,0.27639900876576545,0.7028191378592253,0.3927746618277796
0_1_1004,0.8128494991350526,0.5600490196078431,0.8649642934429778,0.7475774048688253
0_1_1039,0.2723623951561723,0.24046552596562903,0.3338942408817467,0.28883195069072404
0_1_1288,0.9221352888529607,0.6249086719496432,0.9725611663850823,0.7694305694305694
0_1_1339,0.7381594275253786,0.46841827900323724,0.9034646377878677,0.8129758199664832
0_1_1409,0.9317615559108996,0.6976039503956007,0.9673784571743755,0.8471508379888268
0_1_1427,0.9235615507280475,0.7591741202039622,0.9436225620567376,0.8252732837778749
0_1_1459,0.6899190581309786,0.34450971531857205,0.917677158009754,0.8354472731696931
0_1_1611,0.6889663017204607,0.7953461314717859,0.7003242241778601,0.520323463973986
0_1_1626,0.8380756448805191,0.7443001296291589,0.9725906277630415,0.9572232645403377
0_1_1650,0.9492562894044194,0.8339913047823697,0.9528526645768025,0.8471549636803875
0_1_1664,0.9413139890672809,0.850192821121329,0.9144689950106913,0.7763319769092457
0_1_1696,0.8588283157038242,0.7529390966145143,0.9486290897971664,0.9074736536788166
0_1_1728,0.2882994109139652,0.7459069342659211,0.24200351493848857,0.555742131657174
0_1_1865,0.9307402366244373,0.7762342380850609,0.9686572088419664,0.913913763262849
0_1_1934,0.8638543537059344,0.7910510679299824,0.933997733827771,0.8747063277867309
0_20_20053,0.9077517162471396,0.7599139133553864,0.9204058624577227,0.7791169547926304
0_20_20085,0.8141099087629959,0.4231985940246046,0.9625407166123778,0.8445052919804118
0_20_20144,0.9456837555528875,0.801179296789692,0.9706620919420204,0.8875351885181596
0_20_20368,0.40066025575637304,0.0074531355868403225,0.5255090115027373,0.4808980964839683
0_20_20573,0.0,0.0,0.0,0.0
0_20_20656,0.8826559668651307,0.5663666238034005,0.9402322138237357,0.7585341097280838
0_20_20724,0.7842697014362595,0.4518274509803922,0.8306479892217116,0.5767980615802849
0_20_20772,0.9341533475731015,0.8406686227438428,0.99057344854674,0.9768667642752562
0_20_20783,0.8789268973770819,0.7369174487036743,0.9372308354866494,0.8735312967314677
0_20_20937,0.9406137301055996,0.7712178577062628,0.9870351804593511,0.9464070308461141
0_21_21001,0.40352242656051945,0.20697818308987706,0.5010671159786577,0.3884432475792127
0_21_21087,0.7250116543724463,0.5155268667131891,0.7899111751290361,0.567472515300047
0_21_21093,0.9674128760816068,0.848760025813589,0.9870291945416232,0.9381962087160446
0_21_21135,0.7538408224558161,0.8345231369729341,0.906679764243615,0.931169051524235
0_21_21147,0.956560015406201,0.8771999566332984,0.98011803128402,0.9479567663606752
0_21_21244,0.8289404466051118,0.498869715921935,0.9736112915097199,0.8826545419367321
0_21_21299,0.8302853740483987,0.4675428225784279,0.9754963244486673,0.9024196432118876
0_21_21313,0.8664232707647129,0.7047935688765383,0.8778179100759745,0.7505210918114144
0_21_21332,0.12020972800898834,0.11212250106337729,0.0002172878339507067,0.21564431192439945
0_21_21394,0.19915282954930533,0.0,0.26303932684848125,0.15399786990651257
0_21_21413,0.8657089970539927,0.6253233587359295,0.9626363288943763,0.8648960263537163
0_21_21422,0.3594831618334892,0.21738995756280396,0.6065820046470636,0.3647318185234361
0_21_21703,0.698983321150907,0.48183888755694076,0.9800320241122727,0.9621779960368743
0_21_21781,0.6293435155017617,0.10761823845935996,0.9773707385718825,0.5220445910101082
0_21_21938,0.953745092704163,0.8377428689541133,0.9854523227383863,0.9370332405915947
0_21_21974,0.9153418384036637,0.786381197681906,0.9754016778046353,0.9517362637362637
0_22_22047,0.9375415747645556,0.7834092980856883,0.9785337591918591,0.9233713901947616
0_22_22147,0.9035968752682634,0.7895441303834344,0.977924739195231,0.9380168963983992
0_22_22218,0.335578863591143,0.24449612753178135,0.43271036727103673,0.2752696911482193
0_22_22219,0.827625789171609,0.5082578825242277,0.8616294106779974,0.5322395545543418
0_22_22234,0.7362942401110341,0.5791158943342525,0.8092360811394044,0.6581684592572921
0_22_22396,0.5802110701432892,0.22353906205804153,0.5770333981734859,0.25924297924297923
0_22_22502,0.556236599823433,0.21655826621897672,0.9229214273158728,0.8484790142472083
0_22_22838,0.9354046084962324,0.8529188779378317,0.9486093624814009,0.877394183021991
0_22_22933,0.38156647851345227,0.24446993281992463,0.4545062712814103,0.29077916723924696
0_23_23003,0.8323974329589732,0.45795209903121636,0.9765638172314955,0.9203805424995752
0_23_23069,0.951809288631399,0.7484546096785588,0.9887302630269,0.9316850005140331
0_23_23355,0.9163028619305905,0.8191623748906812,0.9613082614637825,0.9218928164196123
0_23_23577,0.9553681560730019,0.8525873982699493,0.9855235014867755,0.9440511046047378
0_23_23645,0.4453465033939968,0.36383412333127246,0.49823257734086746,0.42822250425037717
0_23_23666,0.6746422058904791,0.25153452685421995,0.8724517906336088,0.3541790543160725
0_23_23683,0.20655009177857211,0.09878924960085152,0.18649541742003867,0.16391509433962265
0_23_23697,0.22830607152758525,0.1152970743041396,0.3345659618893366,0.0774897555136056
0_23_23732,0.8336352013637333,0.5297944051230199,0.9839153104755886,0.9544898790925146
0_23_23748,0.1617213555675094,0.21170735337898183,0.17006633311448688,0.2480329302054495
0_23_23817,0.8037738522576988,0.5975095837524809,0.8609045533258634,0.6973885425244088
0_23_23934,0.22937501955345133,0.19932634944195474,0.2620262988184114,0.14386407869128398
0_24_24071,0.8807059869214653,0.6974994776067424,0.9616991643454039,0.910015123508654
0_24_24101,0.9168536315842347,0.7765167437298585,0.9576351899537903,0.8782902920833955
0_24_24177,0.798032021347565,0.3477472140979601,0.9891409936164307,0.9549847921595134
0_24_24196,0.47752391455491355,0.08085861448603889,0.7258908409979622,0.5347930413917217
0_24_24209,0.2947646125599387,0.36683326669332267,0.33703741882280175,0.4473867434088377
0_24_24234,0.5760137927776859,0.2458206287456629,0.5943520194381772,0.3260153991470361
0_24_24237,0.8926895940305124,0.6878356164383561,0.8953352086263479,0.7093831692530174
0_24_24256,0.8184246209475284,0.7037479630635524,0.9562577684291041,0.9101882068934687
0_24_24368,0.6111642997712887,0.2538500682968637,0.9059463817778673,0.8040289880079372
0_24_24390,0.3090738393653476,0.06649220448932955,0.30499651405995815,0.19459407771013293
0_24_24431,0.004102163402842213,0.20062066447608617,0.015409372409421173,0.20229956494717216
0_24_24440,0.8203666615313511,0.8165282720442862,0.8800514327700221,0.8803684266895149
0_24_24442,0.890348866819455,0.8240957227341493,0.9210889612899663,0.9066098906416336
0_24_24453,0.8639382901221341,0.8068314715489777,0.9210109111256178,0.9026578779502445
0_24_24455,0.9036673742771393,0.8320774066972845,0.967311673833413,0.9363889689631979
0_24_24456,0.8700758944705457,0.5608928766823503,0.984556249571007,0.9597111033762618
0_24_24492,0.9401246174833168,0.752156210323541,0.9899315738025416,0.9167571480275063
0_24_24500,0.7944163154470625,0.5522831667116995,0.9217040684800212,0.7086157583356189
0_24_24532,0.5405231616039508,0.06590397016548831,0.7992789435307461,0.7124191995598955
0_24_24552,0.7246542284038716,0.396903149450983,0.9115450700502247,0.7348074179743224
0_24_24558,0.4162503823019676,0.310237487321185,0.9554371518527488,0.9402108173492311
0_24_24670,0.6713453147407927,0.38066306630663066,0.7336138101439114,0.5762518968133535
0_24_24759,0.820531173478998,0.6917550330413401,0.5794133672357428,0.5388730256261973
0_24_24771,0.8623085885486018,0.8614002659143237,0.961108773898004,0.9637452711223203
0_24_24829,0.5207787345563459,0.2556519520285787,0.7140657084188912,0.39749526415491476
0_24_24861,0.8966050116494698,0.5850700293593878,0.9852178971863761,0.9317596566523605
0_24_24866,0.8276006401575773,0.5483745123537062,0.8948631141204383,0.6781894782326888
0_24_24906,0.9169519796330436,0.8481352718078382,0.9601720269259536,0.8914888553977949
0_24_24918,0.919692691575284,0.8386875813411877,0.976992024842967,0.9541150764748726
0_24_24926,0.7425587211297995,0.4525152876786378,0.7737098344693282,0.5101343268277677
0_24_24951,0.6162452107279693,0.21576075197730604,0.9030744495849329,0.7587618316705039
0_24_24965,0.846645003135511,0.7146398909135986,0.9070028011204482,0.8454843283946996
0_24_24971,0.8795284646348476,0.8531186143816288,0.9359257622624835,0.9119000657462196
0_24_24973,0.8275479843649729,0.7090050236185049,0.9630614053022558,0.9637436361041062
0_25_25000,0.9759952033234116,0.8406089253440845,0.9889661789397937,0.8632981601731602
0_25_25057,0.9280931903543629,0.8443882055205697,0.9835350244356528,0.9629255352744268
0_25_25064,0.4500370812240028,0.24264076888240327,0.7883666874539373,0.4701528072377819
0_2_2225,0.8143778511876671,0.7677112547250335,0.9300595238095238,0.8898262082963339
0_2_2268,0.9237685691946833,0.7344552421584893,0.9483576501961589,0.8327438305484409
0_2_2276,0.8944444444444445,0.8673846478724527,0.9507248446761408,0.932235242095954
0_2_2301,0.9303525738323432,0.8118357758138495,0.9378474437255081,0.8384263202725724
0_2_2304,0.0,0.035053808379479676,0.0,0.02025329436496949
0_2_2310,0.7148574118913102,0.28004994366111396,0.8409954106662446,0.615831279101616
0_2_2397,0.5615797517426473,0.3147662448364042,0.5814116274547929,0.41847255056474914
0_2_2546,0.8514723156061403,0.6984951391663338,0.9204959559150298,0.8667897763041927
0_2_2551,0.3565269964775774,0.2807889190003011,0.386748053281611,0.32168518342670843
0_2_2580,0.9240191236319096,0.7965433123994394,0.9716282202390975,0.893709211511715
0_2_2721,0.428734722588587,0.2351775859629263,0.6517379974382757,0.36059616599957867
0_2_2741,0.41778694549161866,0.2206075044669446,0.8098349761878392,0.7366969947615108
0_2_2756,0.9172721041809458,0.8544905008635578,0.8931456094849944,0.852715595186132
0_2_2950,0.6783435717791203,0.14895499856849118,0.9688029925187033,0.868298551179455
0_3_3142,0.846427066401782,0.7931325937665082,0.952664772333495,0.930488291265455
0_3_3183,0.46379089606916046,0.14726857142857142,0.1329268292682927,0.35214061634988003
0_3_3276,0.45487780448717946,0.5338887037654115,0.5601376720901127,0.5403878454725912
0_3_3294,0.8358320510002198,0.6429157268812795,0.9504319210201563,0.8982781780437172
0_3_3308,0.5443371884071326,0.3178789276744067,0.5412634315022395,0.38275619616804357
0_3_3317,0.845389203242086,0.6859535835304648,0.9555264307557886,0.9321469202015277
0_3_3327,0.7889151740452855,0.5854330307048863,0.9810872699516581,0.9670684894605698
0_3_3344,0.5834780966767371,0.4818828181437968,0.6177884131995415,0.5261374982170874
0_3_3345,0.8758689175769613,0.848168663317446,0.9441931540342299,0.9359579100145138
0_3_3360,0.8693113247946432,0.7485810937793648,0.9561659339224307,0.9108595684471171
0_3_3362,0.8904354631337693,0.818213058419244,0.9313424009461857,0.9042734005098944
0_3_3374,0.8608155395272442,0.7662208725106582,0.9148953077198141,0.8670067180890769
0_3_3429,0.8853367240361473,0.7906220742744201,0.9562650723472669,0.9051182360460162
0_3_3433,0.06760424377004688,0.299067563436258,0.027189377173569396,0.24777381098937173
0_3_3434,0.11126307961969512,0.0,0.11437814816331546,0.0
0_3_3467,0.9525695713995531,0.7983663128467217,0.9797315861777449,0.9138601339641201
0_3_3473,0.6102575342465754,0.2518147023888082,0.7115862754848334,0.5136609262158477
0_3_3514,0.5295287827924904,0.4114037958115183,0.9310050067163268,0.9147422680412371
0_3_3524,0.60300953570838,0.2756677706568024,0.9650156180276662,0.8660634495084897
0_3_3551,0.8614780535689244,0.6600029344875651,0.8512504157972723,0.6072131147540983
0_3_3559,0.8407279243650745,0.7188955626379014,0.9563851809551003,0.9323066153307665
0_3_3610,0.3717325470194453,0.3316304810557684,0.4747183126829464,0.47638603696098564
0_3_3654,0.8462607377463366,0.8166692108075103,0.9428733835441239,0.9345238095238095
0_3_3692,0.927081106503057,0.6766528421566236,0.980624870870733,0.9028732394366197
0_3_3732,0.8442890442890443,0.7181921331316188,0.9292109798646433,0.8793774319066148
0_3_3797,0.5794622118992317,0.5720922229869236,0.9717841535246058,0.9284452296819788
0_3_3835,0.40621424170407533,0.638636738735765,0.41997459877612286,0.6820518767636939
0_3_3914,0.23408875516419614,0.004940260437642637,0.24157740808264966,0.009789346080830721
0_3_3965,0.4594935893305844,0.15750122283558102,0.5446013055564232,0.3923992512273514
0_4_4038,0.45719020438225005,0.07553109870631498,0.5084416554609293,0.2359336500114309
0_4_4240,0.7688436042229315,0.42712259917429546,0.7930640001694808,0.48618528954119183
0_4_4283,0.9518879834729714,0.7985497502881291,0.9918223458596129,0.9631282541706514
0_4_4316,0.9087776568734132,0.7297174662714018,0.9582113388341762,0.8655087953685148
0_4_4328,0.7349800277166382,0.4072591680350301,0.7888341980399982,0.459150386687681
0_4_4430,0.7679055361982191,0.4775991498988791,0.8759976057462091,0.6580193371264871
0_4_4666,0.9187261465306888,0.8738303949571555,0.9600378020791144,0.9392938261408218
0_4_4828,0.9041619173777764,0.8112992367751557,0.9643130852020926,0.9480905412240769
0_4_4838,0.9565302718084584,0.8466539873501703,0.967161447742985,0.8276073619631902
0_4_4870,0.9473824643791025,0.8717353837995493,0.9849426252448923,0.9620413327709827
0_4_4976,0.4047627927793525,0.3277575903180276,0.4440430197347812,0.48481304718859636
0_5_5010,0.8849574570557072,0.7365208940719145,0.9697076684084169,0.903026400515132
0_5_5031,0.9503205128205128,0.8505426896511695,0.9548362971580522,0.8612923716579084
0_5_5091,0.8978561188583344,0.7465784059397084,0.9681695732312491,0.8706736136955713
0_5_5108,0.7638458130261409,0.8430421432067998,0.9106055751361743,0.9496800885168615
0_5_5131,0.7873242951010563,0.8652682733313498,0.8692962103634957,0.7928354713365625
0_5_5189,0.9020326139289527,0.7685374354043986,0.9508578075021809,0.8624206155349292
0_5_5255,0.9080076933902519,0.8040654746019037,0.9078716029537348,0.7562113707993943
0_5_5268,0.8973414702581369,0.83189430591738,0.9716901300100008,0.9516308671439936
0_5_5291,0.9506512520193862,0.7755812027168811,0.9229671143068626,0.6230017203037804
0_5_5303,0.8957202695319614,0.7388066648049892,0.9729632299927902,0.9305548237525686
0_5_5318,0.812599352369738,0.4199315108247722,0.9690565128328714,0.8699353971395496
0_5_5335,0.600950729976435,0.33653323180680955,0.6445117864739649,0.5002116626098
0_5_5416,0.9266415151861591,0.7866071428571428,0.9903755580128599,0.9662866249846758
0_5_5463,0.9316028502075013,0.7586563663953648,0.9540946443751771,0.8370532458059811
0_5_5528,0.9580864336976732,0.7908507765023632,0.9733124018838305,0.8734313373969165
0_5_5566,0.3946804533559464,0.05129196468844642,0.0,0.293117903930131
0_5_5586,0.9335573422936917,0.7530464452336189,0.970771604285986,0.8936577465307174
0_5_5634,0.8118894148454023,0.3926260688623728,0.8900671925211803,0.603427112485884
0_5_5673,0.4741768618113146,0.18485257708755345,0.8337367425075914,0.6106013087079413
0_5_5706,0.947132486913266,0.8913666375981064,0.9450052106595206,0.882589367273613
0_5_5785,0.8401885175664096,0.762000276663439,0.9426838810641628,0.9477796979487565
0_5_5880,0.8536833684822922,0.7759624524714829,0.9646076242454312,0.948470744680851
0_5_5887,0.9710467706013363,0.9120657452372058,0.9652598048974717,0.8134778573322726
0_5_5948,0.19618967147484256,0.29513812154696134,0.1995832971612119,0.29614742909146063
0_5_5953,0.36748808087770696,0.008807217622246524,0.7689024978300704,0.5228534814181973
0_6_6048,0.033516324761629586,0.017753134776305416,0.053840063341250986,0.10979293437814648
0_6_6087,0.3048022955161758,0.2713097253920342,0.0,0.26211003236245956
0_6_6112,0.5907589887195203,0.570951871657754,0.6209933868017448,0.702845100105374
0_6_6227,0.18684652996540596,0.21172327782261022,0.12599052206339342,0.16698992203841034
0_6_6287,0.19469330228567927,0.039266428583751706,0.1709686584779473,0.18278132899673144
0_6_6377,0.9114090498904216,0.674657256428977,0.955912320317233,0.8122620628596724
0_6_6378,0.48568693154619436,0.24376436781609195,0.9385233846455535,0.8938855013550135
0_6_6574,0.6468318404832993,0.2963504814598074,0.9232140615191463,0.7405039056517078
0_6_6618,0.0,0.0,0.0,0.0
0_6_6646,0.8970064724919093,0.8154009936124911,0.9455218617771509,0.8884199614985933
0_6_6693,0.9234582100996823,0.7456353934621561,0.9838158452196017,0.9257400620242459
0_6_6744,0.3303051575339637,0.19220514664030436,0.34317216525805483,0.22681418808981452
0_6_6772,0.9434101163619093,0.7875720164609054,0.954635256458349,0.8604609929078014
0_6_6791,0.9392349035725577,0.8546596286858391,0.9827482447342026,0.9542301021391405
0_6_6818,0.9265833260736998,0.7124758687258688,0.9704707393996028,0.8860084574370288
0_6_6823,0.9710091220068415,0.8796039837350462,0.9768270944741533,0.9021965593190071
0_6_6825,0.9359047657940949,0.7479119789481713,0.9351572598018095,0.66193621325717
0_6_6826,0.9284120579159744,0.785534364879453,0.9758039971593792,0.9237207833228048
0_6_6830,0.45191945803537825,0.27624543181381034,0.8952751073839231,0.8821769646761017
0_6_6833,0.8921571980709375,0.7495684983743427,0.9457968313140727,0.8754768272898672
0_6_6847,0.9496252437677686,0.8076278479865924,0.9520351333447827,0.8115185664141881
0_6_6876,0.6966244470032119,0.324843028077242,0.9539748953974896,0.8789232659443762
0_6_6913,0.9327256228345158,0.6659782608695652,0.9782195521572911,0.8232080509344835
0_6_6917,0.6470236802085596,0.41936706462004925,0.9800553088075086,0.9544920728126834
0_6_6923,0.6481752775336133,0.3752558329922227,0.7272253064570215,0.5003911051514136
0_6_6975,0.9070224814350141,0.7206271635104866,0.9745435844690151,0.9124095905233783
0_7_7129,0.7429189109962991,0.3418446868983222,0.9843673668783586,0.8910519609231204
0_7_7167,0.5288537871231705,0.22253592884284715,0.9748243782039111,0.8725501113585746
0_7_7270,0.951222932232928,0.7891767564987198,0.9802575107296138,0.9103160069493356
0_7_7478,0.6221985667306632,0.01767439208643348,0.7261495919004505,0.14228851876183482
0_7_7540,0.33601800900450224,0.3251179863660199,0.4137130162576997,0.3824320614877848
0_7_7586,0.922077922077922,0.7980995297805643,0.9861852173553377,0.9664040271394179
0_7_7609,0.8972366621067032,0.833530106257379,0.8921829694064738,0.8668802911622755
0_7_7677,0.8586016514389017,0.7736326870015496,0.9644900706832716,0.9435117519257358
0_7_7697,0.3278914519342442,0.14994264994264994,0.43543337438771,0.3015727150996403
0_7_7702,0.6486928868727494,0.5185369382403472,0.5091118357951275,0.32804953016597876
0_7_7796,0.7941724941724941,0.4637195882164357,0.8946281767333608,0.6168474948189687
0_7_7804,0.8696544161861979,0.6573390110367602,0.9523307977374683,0.7765613696648179
0_7_7817,0.10276992839697584,0.0,0.0,0.40187267679856964
0_7_7819,0.2878613738838299,0.4578159645232816,0.986864752242051,0.9666701385272367
0_7_7821,0.0,0.0,0.0,0.0
0_7_7904,0.9514050764050764,0.8443330845505918,0.968258247127405,0.8056455121078834
0_7_7917,0.603931963772918,0.36957130848977304,0.9538518518518518,0.8491027732463295
0_7_7923,0.8436524453694069,0.8181527133023851,0.9561231172233137,0.9493454002284509
0_7_7954,0.8313943779571389,0.6582317073170731,0.8857826281955449,0.7483915275066869
0_7_7981,0.2824353402810008,0.14169758165741542,0.25456070988164403,0.26317847645862663
0_7_7986,0.9105341403844112,0.6669117286673528,0.9878116021939116,0.9511273686735429
0_8_8006,0.704367417677643,0.41143756558237143,0.7433725662743372,0.518456656088191
0_8_8040,0.080725,0.0,0.08110076688657446,0.0
0_8_8108,0.18214494082347057,0.13279456332078243,0.0,0.11594096302834167
0_8_8109,0.31233892291729426,0.1109302837035408,0.3246168590797584,0.1551377282575054
0_8_8151,0.8711608537220198,0.6121530609163118,0.9697358676869908,0.9183018552565603
0_8_8238,0.9146010046940625,0.8538767395626242,0.9419975723946593,0.9059464233146894
0_8_8241,0.917526773869997,0.626217485963103,0.9458807488594053,0.7598733301787209
0_8_8248,0.9118034751348113,0.8108436445444319,0.9515448252574709,0.8970307183144548
0_8_8454,0.9197431781701445,0.7793424687212263,0.9668802896140111,0.919111863996612
0_8_8471,0.9263079324150099,0.747315022165349,0.9664392313812474,0.8723766307430516
0_8_8648,0.011101202725568207,0.24269560911191812,0.0017401186121666253,0.20447979224151924
0_8_8711,0.905777916212428,0.8125,0.9272973861581456,0.8369876072449952
0_8_8814,0.2974959009005142,0.0,0.3726183820050751,0.07115743927623168
0_8_8859,0.17636859719627423,0.11876331477470059,0.21019118733076228,0.32166592822330525
0_8_8860,0.7712934173111164,0.5821116297416343,0.9050126032991928,0.7402240773286467
0_8_8885,0.6553818251765546,0.44372635033318825,0.7136181779311609,0.5362635812050233
0_8_8976,0.93574166190981,0.8048195921213178,0.9697690891061057,0.9086378737541528
0_9_9002,0.13560690571049136,0.17186749879980798,0.12277056277056277,0.13342340820807297
0_9_9003,0.9365251691817754,0.8325036000822876,0.9762352670173149,0.9234303215926493
0_9_9012,0.9527694188452135,0.8384575713095569,0.9841122181693555,0.9183959734312471
0_9_9033,0.6608986186605496,0.5483749529426528,0.6917574036084372,0.5676669434230814
0_9_9127,0.9415486307837583,0.8642796661424943,0.993032404320576,0.9838226482923906
0_9_9132,0.18210659898477158,0.40975,0.2489263296993723,0.42896058568145057
0_9_9135,0.37022388586764604,0.3824905214436949,0.38257696358159243,0.3972518067706352
0_9_9187,0.8447152098837493,0.6083600485542656,0.9060973355515065,0.7273868068509411
0_9_9228,0.2253141347139082,0.29369833927352695,0.23756183544663673,0.3338592615967182
0_9_9264,0.8868399295445559,0.7235359663241302,0.9682092395618352,0.9128411910669976
0_9_9353,0.8295405052264808,0.7456702747710241,0.9426928666203324,0.9250308374069167
0_9_9398,0.8483874159081916,0.7671204100495757,0.8959531119173877,0.8508261279000086
0_9_9419,0.8685674740484429,0.5552199358127242,0.9517955455455456,0.8193566915565766
0_9_9453,0.8904172750326597,0.8095498326388415,0.9595410114747132,0.9300059066745422
0_9_9459,0.8625864194222627,0.7282184655396619,0.9001463057790783,0.796878626131353
0_9_9496,0.4076061439399021,0.32015257840025624,0.44546254214924497,0.40622108789280587
0_9_9638,0.898401719786896,0.6848684715085512,0.9616804583068109,0.8756180539804944
0_9_9659,0.2363047955280965,0.32821374290056793,0.3192091149238199,0.3748913987836664
0_9_9699,0.6332781456953642,0.6383114224628121,0.807115923813207,0.7870940795656259
0_9_9799,0.6716584515433144,0.04460835967685283,0.6665126155383463,0.04614860645966964
0_9_9837,0.9536517220670027,0.8401813934313591,0.9900068259385666,0.9650259708137522
0_9_9880,0.102677716954408,0.0,0.13441156573375762,0.0
0_9_9938,0.879951628861446,0.6766054289389491,0.9314821351531553,0.7741968698517299
0_9_9990,0.9049923430321593,0.8257826229410539,0.965237035538472,0.9472877432271789
10_00000006_004,0.9441342233072748,0.8051833740831296,0.9718474913471234,0.9037298903576186
10_00000010_010,0.7503694841297769,0.42423847107168483,0.8815478783154902,0.7379527837543105
10_00000013_001,0.29069868615679106,0.07930842529224925,0.3038792611366075,0.09226594301221167
10_00000013_008,0.8952138711757541,0.6893969864793787,0.8587465437788019,0.581935770218432
10_00000014_010,0.866874270144025,0.7963214546974605,0.9603291213635028,0.94448267951365
10_00000014_016,0.8955677867902665,0.7815875745687108,0.960283462901264,0.9177469046096611
10_00000023_007,0.9187558031569174,0.8922893819603842,0.9525602409638554,0.9415910492467624
10_00000024_023,0.9043977812995245,0.8207774798927614,0.9383075211773766,0.9022832728442137
10_00000027_009,0.8855497406129305,0.695303910790011,0.9249094489146025,0.8006722552950228
10_00000027_010,0.937110881455902,0.7641866913123845,0.96577826006405,0.8796870386772956
10_00000033_020,0.9472706667506139,0.8521750865985874,0.9737958244287358,0.9216548883792764
10_00000034_013,0.9078919824157421,0.8370673800367832,0.9636446262213133,0.9550295857988166
10_00000034_014,0.8403415498630579,0.6956282217762563,0.8247413323652205,0.6965262006897132
10_00000043_019,0.9539032516553498,0.8664037152490617,0.9575249082328264,0.8709429121231559
10_00000067_018,0.8616447430680421,0.7424390243902439,0.9422081352350766,0.8958844907180041
10_00000069_002,0.7633406742334407,0.6502859563651768,0.8579338196977593,0.8464694352008023
10_00000069_018,0.9041107597641227,0.8037391380672343,0.9768522822348238,0.9568458218909376
10_00000076_017,0.9317498020585907,0.8386003480809746,0.9789912463526469,0.9495403872481909
10_00000083_002,0.8583540418067535,0.7427428106348345,0.9299600984803463,0.876
10_00000085_008,0.936493374108053,0.7962665348003461,0.9684133797683648,0.9011590050787863
10_00000087_005,0.8392107349443579,0.5318073348404924,0.9521913717953118,0.884064601729423
10_00000089_017,0.9144086599878976,0.887787492342819,0.9721898660454281,0.9660791678705576
10_00000093_007,0.8919397954439795,0.7274273404134699,0.9556382280301372,0.887141872999149
10_00000094_012,0.8873887388738874,0.7982447188488622,0.9350734450936493,0.8878077311639283
10_00000094_022,0.9458932853717026,0.8739174035919409,0.9864992150706436,0.9672320740169622
10_00000098_007,0.7997174143412222,0.7233215913800248,0.903197097282125,0.8741242545307162
10_00000098_010,0.9112535247372469,0.8099391243268556,0.9446084864391951,0.8896164062017419
10_100814280_70659ccbfa,0.9317493029458116,0.8093479578900954,0.9513502109704641,0.8633907463694698
10_108765872_c1d462aa15,0.8911951513138777,0.8202897439828299,0.8555141715116279,0.7810044183614961
10_111078578_967ba44a4e,0.8377570540411287,0.8600458139363039,0.8966987620357634,0.9008054892601431
10_114197289_0b92e3abcc,0.9066750265264782,0.8639702741949261,0.9426204199258954,0.9226153435860965
10_115003816_5268a2536a,0.8482462419470294,0.7118734312010344,0.9082143182024925,0.8544871794871794
10_118134441_c58fc0719f,0.7599500185116623,0.5637575556843587,0.918785229494996,0.7707324691550835
10_132474673_88eaf528f5,0.7461019437840861,0.4565107073987618,0.7896927614141188,0.5646163023263974
10_134815623_dcbd7ad8e0,0.9227970139175451,0.6699480817207201,0.921298941851071,0.6946914374361497
10_135418000_4666dec3c4,0.8850601748402525,0.8213780341787308,0.9455718374845132,0.9112167594310452
10_137117726_7d0ef6a2f1,0.9437171466831891,0.7558742881248681,0.9670216564790892,0.8518653819809123
10_137385456_396ee799c5,0.833614417192695,0.7880105251115433,0.9068945197407189,0.8815868805016279
10_139375137_1d54fa7e20,0.8838315217391305,0.7926095431816256,0.916597853014038,0.8605816999367717
10_142031788_e469594839,0.7618585918854416,0.6685797429472152,0.9041982615128538,0.8932785503581964
10_144439584_97e8823d39,0.5023149029009222,0.3553269750333648,0.5235222351821314,0.4166961443226035
10_152108976_efb920fd16,0.4405460544543234,0.18662616427608683,0.4465387908450794,0.2135477884317971
10_152109747_5678ebbb1c,0.5081184928111055,0.24038956266078648,0.548038645614349,0.2773850968808243
10_1557631_c5d89caa41,0.5887682497476426,0.40036212960061285,0.6356599674090169,0.49746879468253663
10_156234186_1b16bc540f,0.8941657773034507,0.8430250702174139,0.9352973302920294,0.8983417250437828
10_15955708.montblanc1,0.9052715337179232,0.6471662427444075,0.7741300926735444,0.5812167749556999
10_161208056_248b2c2ab6,0.8413129102844639,0.7833043478260869,0.93238540320175,0.9035442392452555
10_161577795_24ddf05710,0.2502859543873573,0.09773187874606529,0.339562876148242,0.18779478294349794
10_162330937_390a32901a,0.4889122329065996,0.17486073491081924,0.5418193465727098,0.35886467425862767
10_163690182_59efbae927,0.6122483034820336,0.3268679533728263,0.773797559224695,0.5049280829992926
10_167944629_67a359c464,0.8775237777406975,0.806853920399089,0.9586519927874153,0.9346207538389949
10_169329862_b3b297c7a9,0.9340773216420885,0.7316232171777859,0.9671328671328672,0.8189054208719176
10_178480338_a73f99f0ba,0.6481249412575582,0.321776691579755,0.9716192064815918,0.8653180144027266
10_184503160_143a47edb1,0.018546664475846204,0.11667650724922915,0.0,0.2521278465439755
10_188491483_a44e3d6e02,0.8312431091510474,0.8466439688715953,0.9334877036090706,0.9165154264972777
10_192447210_936a00b749,0.07882550648865652,0.3625321946590755,0.005123463196927809,0.4245954096549184
10_197325318_cceafb4122,0.8594252134790193,0.6207484480195855,0.9834533637800807,0.9459921663816406
10_200477093_158e8132c2,0.9366796861254795,0.687994780339278,0.9779227017440142,0.8096896490918709
10_201960469_f9110392d6,0.8948215535339398,0.693447380479609,0.9805877595039094,0.9376854599406528
10_206775277_55350e13b2,0.25815012731772047,0.13182199832073888,0.4112864237682943,0.22487916560671584
10_206775389_ad06667dc2,0.8928608672075417,0.5803765535912055,0.9330611344074156,0.7611505821985396
10_215268421_d9e8d9a11d,0.46658605401047965,0.18933087217351177,0.575772462179899,0.3777917091137058
10_217098809_9fddf98ceb,0.45844511619119593,0.08802015043820302,0.5652441081497903,0.23467247663456253
10_224830165_1fc5dcfecf,0.9212686189076907,0.6592396985201078,0.9828622970535177,0.8656291631343103
10_229961305_0a965550ec,0.1826122616362518,0.2650165368611971,0.22342142424853742,0.32684195319271886
10_230453144_086f387b70,0.8245271381578947,0.6389228886168911,0.9225799007730472,0.877428709521508
10_23411894_f0827bc59c,0.8719048318402115,0.8504422771603538,0.9611216295619247,0.9562082777036048
10_234794066_610aa191d1,0.23468257756563246,0.00843555314785435,0.23546258249284024,0.012190980711763107
10_236916255_307bc2272c,0.9253439898278916,0.8177077363896849,0.9647992305842751,0.9206387758819601
10_240787824_95ef80a11f,0.7251381661872596,0.5099032258064516,0.9818714358621607,0.9180757880931191
10_245737491_33814f1975,0.09350200944858503,0.0,0.09823404939981083,0.0
10_245741115_52f74157d9,0.34645470603078476,0.02900044941443942,0.3660899448954198,0.03854843658475356
10_246111556_0fc2277e24,0.8661217681401168,0.7189445289804952,0.9519248617143705,0.914389866705943
10_247193222_122354a299,0.35407794703149104,0.011013496307613954,0.34374186833203224,0.02890154597233523
10_252237817_b4d44ff2f7,0.022626879253796424,0.05221534694417789,0.022907703108966858,0.0
10_256056095_92cb6f9946,0.8827284652383035,0.8021197007481297,0.9283882609934466,0.8819718684829392
10_256246201_af99191b82,0.376023976023976,0.05247249850630865,0.39207166453379366,0.06962413059930088
10_257305705_33f7249c08,0.46510117411941043,0.25506121589507563,0.4896769662921348,0.32849938923168476
10_257430398_b468551510,0.900051981055793,0.7674268733665103,0.9350926798617656,0.8320836413560038
10_257476956_dd7b951ab3,0.4801248995879868,0.1882073749543629,0.4914368030731473,0.3111656905346684
10_259829970_8ad028f44f,0.10725023668085018,0.0,0.13041278194537564,0.0
10_259830185_a6b7dd03eb,0.6653966916832593,0.373402681253643,0.7511500737783179,0.37255730026490574
10_259871222_13311d0e2f,0.25408311172489356,0.22406827363929366,0.2637550308719382,0.2368346142897808
10_259872599_ece5e7f0f4,0.28321177389945296,0.021413820492454327,0.2993900676019881,0.12729594939788347
10_260120621_66276c1d6d,0.8120261437908497,0.6542241984554178,0.871988058852797,0.7724946037619488
10_260372546_03d18a4e9e,0.45695513907049573,0.2443206357432841,0.4674973096583266,0.25476766599680106
10_260372597_3269d98a53,0.10232970661327573,0.0837573783838795,0.1095440401529821,0.1940543238040921
10_260610820_773d74b04a,0.48150405046956773,0.09826807228915663,0.47985282560548687,0.1347782652130478
10_261185388_23b72d8b06,0.47311537422318295,0.44060437651962486,0.9659527732015376,0.9672547635850388
10_261412567_6cfa782a7e,0.36069500178582686,0.16928216283405842,0.3894290842174614,0.3561909884068364
10_261717707_bb5b8e0b80,0.9411508993098952,0.8403139385706739,0.9722701645380278,0.9236827149468214
10_261964240_8eea8f76d8,0.8250256937307296,0.4004388143732406,0.8916024798046215,0.5921942845602343
10_262725611_c3ce2b827e,0.9115552492533885,0.8712769774952581,0.9555596761233698,0.9414944866716626
10_263409221_258fe30291,0.15228299464884057,0.02382675499638145,0.00022582335194117753,0.411325924798295
10_263808439_8c5342f1eb,0.48457969432314413,0.3627787645549635,0.9359921659396421,0.6687034659820282
10_264482836_a97bd01e84,0.19389474213583444,0.013133469463523296,0.20471228512643524,0.0485093312856809
10_264484124_5edf738e12,0.29114311621936717,0.18558901313042267,0.30612575559294575,0.30940494403736213
10_264977419_e80d1f1333,0.904215121611211,0.7360426720853441,0.9675029868578255,0.8992123267981372
10_264977628_cde9f779bc,0.9461044006498552,0.8422857745884339,0.9477806788511749,0.8500564910959273
10_265627532_6350797cbb,0.9521606036876201,0.8722348563158983,0.9590465228530056,0.8804615788093365
10_265870892_766e28e379,0.9431648220161531,0.8278086582545543,0.9813429627719027,0.9187945614325982
10_265917413_40738f7de1,0.9333916338726134,0.9054454858227547,0.9654054054054054,0.9520345252774353
10_266085492_354fea0ae0,0.944871730000506,0.8262885306156545,0.9844157225679485,0.9351851851851852
10_266284290_829ababfdb,0.9570532307095272,0.7387478131792398,0.9810981502708291,0.8481479412257668
10_266448508_94af676059,0.7647542457799131,0.5109845402766476,0.7980434658604757,0.6498385240729054
10_266501049_f8f3228c06,0.9092098481544622,0.8276528989556023,0.9609727064025168,0.9228322123250318
10_266505582_b6bea7d285,0.9121638851896977,0.7372863383806252,0.9660104583205168,0.9071853504368842
10_266618383_e120335223,0.893913676042677,0.8235087101882809,0.9473578729374039,0.9099499722067815
10_266623585_51b4e13abb,0.9101912557706483,0.8390423136185848,0.9611017661900757,0.9353953604390122
10_266684747_d96b086291,0.9279163314561545,0.8550896564310809,0.9501628802301476,0.8804416120635491
10_266685287_18eb05146e,0.9252257616354074,0.8501158045660085,0.9628622240820169,0.9295362449347141
10_266685774_034585ce2d,0.9169966929326746,0.8282496694478639,0.9648674406515335,0.9323657749952571
10_266691786_6d0cd9edb2,0.8646323795726186,0.7096168294515401,0.9183819464767665,0.8514218862491001
10_266773213_3f861ca816,0.9272653575932265,0.8419810136119343,0.9784172661870504,0.9452149057802244
10_266774009_d85fd2d1cb,0.14133374786258354,0.0,0.1435699848408287,0.009048372669097915
10_266774040_f40061481f,0.9475670745132576,0.7997908078508583,0.9659974620115186,0.8089555765595463
10_266809441_93200a116b,0.8854889042995839,0.818638195573782,0.956353330184223,0.9382853743772771
10_266939706_4c0698df47,0.9185116331474283,0.7585890375032782,0.9774507115214676,0.9289087987534693
10_266943402_f88493c435,0.9198478658966052,0.8330018416206262,0.9763130013621916,0.9500675836845035
10_266985450_6d8e8f730d,0.8897130271425795,0.6976978732734049,0.9300906555090656,0.8133250430457242
10_266996498_e98c27d9fa,0.9247089184971792,0.8195014553324875,0.9557158221041311,0.8958446813477551
10_266996502_b334ade588,0.7816990168893371,0.5401750198886237,0.6917171941925794,0.5008146992546368
10_267001913_e22cf985d5,0.8492694330800701,0.6134246054382962,0.8766949152542373,0.7311180672606148
10_267014693_4f1ee75c4a,0.8395346872095316,0.5271397849462366,0.9588845654993515,0.8517069899983237
10_267183829_e8538b16ff,0.9639467711986796,0.8774569490346147,0.9689014324511422,0.8507498596519368
10_267183852_ce52f4236d,0.8870139398385913,0.8153261096061679,0.913222889738455,0.8747162468922278
10_267283020_efc5754cec,0.9361221325905879,0.7619515068224207,0.9737184996257381,0.8938784269542357
10_267294594_3ac14453d8,0.8812609672751901,0.8133422204190454,0.9700870882241576,0.9469285937012785
10_267300600_05f6c6fee6,0.9444821181118613,0.8030770648118292,0.971880709795299,0.913380180696974
10_267300813_22fcf61089,0.9327892295350703,0.8066923936224231,0.9772152839726435,0.9375372124492557
10_267303537_2872e24990,0.9300026716537537,0.8234615384615385,0.9291872791519434,0.8608190370780299
10_267303541_20c1da051c,0.8253176904110331,0.5252284342573951,0.9005624027761159,0.6292952524801757
10_267311260_f18be257e2,0.878881477343673,0.7538631753641896,0.953083930436035,0.922174881757417
10_267393563_c72e472e3c,0.8695070162481536,0.8776424744276669,0.921923606507216,0.9212678245590322
10_267412727_1727822888,0.783625730994152,0.3287621506070262,0.9631785684008252,0.8301815191954968
10_267451067_221b5decc7,0.8148860940786824,0.6674815612828375,0.8348399821550165,0.7090709366682159
10_267463817_50230632ce,0.8461254417893127,0.7483798379837984,0.9482790130977764,0.9143957631198845
10_267466377_0af5d33261,0.6632085696991878,0.2585006616420229,0.7305982603045206,0.5176341262328621
10_267466379_f8bbb5fcc8,0.8778836855919326,0.5212624205276583,0.9289292886587042,0.7023584698493566
10_267496810_ea8700bc19,0.8599092284417549,0.7567498071483671,0.9669507740476605,0.9554211784559133
10_267551886_bddb4ac4b6,0.9642207398423287,0.8003266841558184,0.7572640830397394,0.48659847584828025
10_267558735_68fd4bd891,0.9032498851630685,0.8410680855256676,0.9258394344862408,0.9068758169934641
10_267561242_d29d940853,0.8338894681960375,0.7871338694221074,0.9027301737383288,0.8636936584517756
10_267640333_d68dd4aa2e,0.8963632307005801,0.6263313229821634,0.9615164391405238,0.8150871724943995
10_267661663_55aa54cc71,0.7556108155749315,0.3718526951876341,0.9240354009781849,0.7605897637319475
10_267687096_fc062d2623,0.8655129643848561,0.8158010027746677,0.9319997402091317,0.8981169474727453
10_267687692_468e936114,0.8463779060359242,0.6094438614900315,0.9310596833130329,0.8251640606011504
10_267687863_2b911db6b9,0.8915656810470189,0.6837323943661971,0.9454360293723535,0.8516827852998066
10_267688089_a88a46dd9d,0.8526670528144911,0.6600744674357566,0.9732045205978855,0.9470623322397853
10_267688590_6ab2c60659,0.9480839095277159,0.7448764816661128,0.8496829654920132,0.5211029825548678
10_267688716_d3bfd5e5ec,0.9517591902904964,0.8434400680079343,0.905759882601119,0.7242476468248707
10_267688742_7cf79bd0bd,0.10031325644311548,0.16819023719902013,0.0972854109796785,0.13360839754869244
10_267688939_7a331af52c,0.9445729619690941,0.8404651162790697,0.9583758813518113,0.8797290825750838
10_267689043_8ed546e74e,0.940136635354398,0.8322418136020151,0.9546507483962936,0.86778086081177
10_267689095_cc345739aa,0.7565993495197035,0.5559049435537914,0.792942053597316,0.5175838926174496
10_267689217_5f9b7de27c,0.9603155040670446,0.8482631550425405,0.9527306491094792,0.816597866294966
10_267689464_3dd591c84a,0.6182880251628847,0.4492908530318602,0.8259598331975267,0.5082468251040734
10_267690183_224c509150,0.9271751412429379,0.8010281221651043,0.9696787390205751,0.9160515856922703
10_267690371_4874327dcc,0.37254149477117915,0.12325632563256325,0.42024940827357193,0.23622118976040812
10_267692916_7a63f7888f,0.8654881796330666,0.8314854299928927,0.9561188334696102,0.9546529769993457
10_267692977_62b9a260bb,0.8736959201467184,0.8602959909210922,0.9399064769674659,0.9288873038516405
10_267693197_b9d8dd822d,0.8709569552529183,0.8437822434039208,0.9422331569546022,0.9153639904891991
10_267693240_8ce8970324,0.8838301899547083,0.8358698197143526,0.9105134830233997,0.8503075871496925
10_267693798_74248c315b,0.9235068792995622,0.8812237325356859,0.9529573819760404,0.8934025203854707
10_267693828_c8c86c50e0,0.9019371642519941,0.8642631666389766,0.9576177777777778,0.9213823882817417
10_267744690_ac99310c04,0.4155245882759415,0.034626075446724025,0.44069097888675623,0.0519462905194629
10_267767008_59aabbd596,0.9233610341643582,0.7393055446938297,0.9532554705329574,0.8506901414469467
10_267778234_50c3b2c18d,0.8961485102728414,0.7683694379391101,0.9625971384995279,0.9013927576601671
10_267779210_3d38f9a927,0.6879554475976065,0.48519339738851935,0.7021667278736687,0.5349639385387269
10_267780676_e2346e581a,0.9038180680158565,0.8788232795242141,0.9703607260473309,0.9625
10_267781157_7f33392f45,0.9409958456258655,0.8646596148630322,0.976832751507458,0.9387406616862326
10_267781192_ae29cb453b,0.8765957446808511,0.7349027635619243,0.9047712418300654,0.8008146367521367
10_267781224_2039c2b3fb,0.8651381909547738,0.7175673965320846,0.8995595301655098,0.7909702337351002
10_267781270_9648a04e83,0.9441473389195527,0.8217960922979283,0.9703184025903939,0.8816389173100176
10_267781788_2765356aeb,0.8615899581589959,0.783273381294964,0.9434515366430261,0.9122467102607572
10_267782373_d2cbfb0560,0.921321998612075,0.820178887359937,0.9419156660150796,0.8585442716275287
10_267782444_2e0050ebd9,0.9012630804447351,0.5672244403570947,0.9279528922757188,0.7450953678474115
10_267782578_6f209f0815,0.8535308389733112,0.8009606147934678,0.966991420677621,0.9569230769230769
10_267787440_0399594cbe,0.2617074740929952,0.1205109218807849,0.5620802664804169,0.3899210686095932
10_267787613_cd71b51421,0.6984804721838503,0.5199497844004148,0.8060898626067583,0.6655392709507704
10_267795560_bcae5fb9db,0.927341758984761,0.8297284223619653,0.9611854473073095,0.9067481982965713
10_267800563_c521d904fa,0.05428156748911466,0.0,0.0003319566894154633,0.23677498059221472
10_267803933_d803fdcaea,0.7479998626515125,0.42803781954009573,0.8624416155325579,0.7211412489688971
10_267849716_999316bd5f,0.901241333954457,0.6786868842364532,0.9394284344856509,0.7809741881765195
10_267907104_92b81c94cd,0.6672835092736679,0.5524399284810955,0.8670580321653519,0.7899578382522039
10_267920434_fbb13ef558,0.9255772831287705,0.8338932862593247,0.9563602599814299,0.9074791593284021
10_267921452_ed232ffb29,0.9151703438470855,0.8180823495537,0.9268847006651885,0.8441066853016539
10_267923236_a7d4c3971f,0.8444496268656716,0.8221832389761582,0.9530579399141631,0.9363134276838109
10_267935839_30e321dbe5,0.8657909765848086,0.3187782805429864,0.9531110544434528,0.6431703483080996
10_267942018_4013a57095,0.9465476014135472,0.8127704833859019,0.9520344029110156,0.8543092406221409
10_267960073_30075b5290,0.68663790054467,0.42446223111555775,0.8245409878458754,0.611969313014198
10_267974667_352a19b37e,0.6177638006839277,0.43127440184202626,0.6629666666666667,0.5374251497005988
10_267974673_5cd8c01d05,0.6296884071995356,0.4240685012254522,0.7231592310482409,0.5276559865092749
10_267975486_b9cd08a46f,0.6712601788053072,0.483573883161512,0.7267693865283007,0.5724355999071711
10_267976432_b4e9429cff,0.9157766554209171,0.6874231547217705,0.9630102855682616,0.8416873449131513
10_267976435_62994d7dbe,0.803487340476353,0.5303141988390306,0.814810803004044,0.5301865110934323
10_267987584_e90efadcf1,0.8319284802043423,0.588985962501227,0.8755472897051416,0.7123174142753548
10_268001653_da15cc1bb1,0.886818724307121,0.6390283400809716,0.969335604770017,0.904026274175891
10_268001846_db119074c8,0.9066833816500822,0.684367881548975,0.9686950603981171,0.8748295752490823
10_268008679_05d9f1e40f,0.9249882144144643,0.6787741203178207,0.9719656315064075,0.8453272749600884
10_268012766_eba8915621,0.5531011712915651,0.5876359412944778,0.700778041927815,0.676056338028169
10_268012886_472fbedb54,0.2660181958962447,0.2058282208588957,0.470128958680586,0.36312422419555046
10_268014269_0353776d28,0.7776170674380763,0.5809379727685325,0.9226948823148348,0.7780713342140027
10_268014760_9676395938,0.4931571690230701,0.41637742053343074,0.5545053560176434,0.4537811244052294
10_268014977_b47bfb117d,0.11798770215633424,0.11171916519440973,0.0028634676593354553,0.1873797141804185
10_268015474_2bd515353c,0.8836223642849574,0.7961018009416257,0.7425572519083969,0.6138044617457703
10_268023025_784a1ec774,0.9421953341896988,0.829036716543477,0.958165867150698,0.8370686588402704
10_268026286_c48d28c944,0.9087323793535321,0.7243134198340287,0.9506905048421294,0.8522284935772674
10_268032800_bfc9cd4caf,0.9088329452852154,0.7662112757360016,0.9737130768628065,0.9411919692259051
10_268033410_d278ddd024,0.8381991814461118,0.7262767710049424,0.9361635872949969,0.8862363419337067
10_268037364_97cb639b9e,0.9141497045305318,0.8561632997520966,0.9614367174181412,0.9377301640441915
10_268050666_fd8484795a,0.9157108646332242,0.7864093820177992,0.9465324161765195,0.8681634251403211
10_268051804_e75c8bd959,0.908391821788221,0.8156784131673349,0.9630666842382709,0.9307093684525591
10_268067924_c212238b2b,0.9172200537334617,0.7277843966969311,0.9719867914144193,0.9004928857063145
10_268077139_f4250e6df3,0.5179421266543927,0.38940625504656295,0.5553173080540195,0.49225364280366296
10_268087093_7d2ebb8690,0.06672281489799738,0.18622471709881494,0.082109791452352,0.2172696923215736
10_268090450_7103d5475d,0.8175192243396857,0.7279601117746973,0.8695652173913043,0.8217741468219479
10_268092274_58b19335ec,0.8778484048932598,0.8524590163934426,0.9015141793917618,0.8922123704732401
10_268095200_956217bde8,0.8772931742616858,0.6598380698799109,0.9435805930835245,0.8413153559880422
10_268096162_0b812ff56c,0.9305054945054945,0.8101882480303122,0.9593948675112535,0.8802691721686136
10_268101001_cb023c75dc,0.7194416749750748,0.35024234153686884,0.7742117117117117,0.42955210983630165
10_268113688_6486df5217,0.9014930808448652,0.7374907201187825,0.9717891120507399,0.931430969366345
10_268118418_3053caa1d7,0.9006029955261622,0.9096751979800298,0.9426683716965046,0.9400948991696323
10_268121720_f0d8c64b88,0.1076057231183861,0.14324435802250898,0.11430075821398483,0.13735273050608837
10_268122508_c361b4db6c,0.766245487364621,0.5456108809505198,0.9036190476190477,0.8632521634131616
10_268127478_dfb1265d0a,0.8656561600749515,0.6000654940119761,0.8464940959267664,0.6853067047075606
10_268129990_04e858de05,0.5791940274106973,0.33799080842663703,0.6553390491036633,0.5101719721917307
10_268131111_8fbe13baef,0.9224115334207077,0.6856660333544438,0.9691851014205951,0.8742046010768477
10_268132722_ee1448d776,0.8845685965307502,0.802340651140871,0.9372751142662648,0.9174308154118179
10_268136909_f2dc3bee43,0.892670249007832,0.7821220657276995,0.9520189479313902,0.9061931887043995
10_268139713_919734cac6,0.8883641479099679,0.7667694485164029,0.9495327102803738,0.9137344560307813
10_268139718_1a9192a52e,0.5839374929566883,0.3972268223538328,0.8879038495864818,0.7702180513386696
10_268142756_1007aab622,0.8663284052138921,0.8985298196948682,0.9655377302436126,0.9741760509403926
10_268145469_9c89086dd8,0.9080379303761217,0.8060098391171386,0.982793451758969,0.9648588410104012
10_268146459_503a3645fe,0.9568932672943994,0.8572759383612157,0.9724200293884933,0.9148578966302914
10_268148358_2c990817e2,0.9481079961331308,0.8090585054080629,0.9741210583544763,0.8552099914289213
10_268150486_bc129aa419,0.8484979937100098,0.8962891874600128,0.966159265316392,0.9671843349088454
10_268155424_8f0e352947,0.8800795680591077,0.7899798898312494,0.9496477414007459,0.9124800450746549
10_268155490_7dbe72fa01,0.9161982219032812,0.7696734979291054,0.9233676254461474,0.8186411819629813
10_268158274_128ba8610b,0.909764445339239,0.7906789705384355,0.9748488300762422,0.9446764581671437
10_268167124_b277130727,0.9415168355671788,0.8912035333087964,0.9654643392881495,0.9353043609933374
10_268167939_2e6847d767,0.8752348035164175,0.7318864363666202,0.9046501451927285,0.8029977667067514
10_268168007_aba64bbe7a,0.8678898332788493,0.7525755925956947,0.9535843691235151,0.9227779809802488
10_268168010_d3852a2e6e,0.6555846246729724,0.5148845061143822,0.7299088649544325,0.6401437146737939
10_268168390_affe478866,0.38114049526317717,0.44637085729937004,0.6759150709912727,0.633528966982321
10_268169446_590c2cc58e,0.8648405689810164,0.8360017889087656,0.9036137333894534,0.8500824522262102
10_268171006_3b22a27896,0.8990755741923186,0.8750947400333485,0.9622504912607301,0.9474447847815574
10_268171623_00e193c516,0.8474803149606299,0.8203074607611266,0.9194486709030699,0.9290141168369104
10_268172530_e440f57dcb,0.7595672795789747,0.46499729892910485,0.882857737971256,0.7634833167006552
10_268173785_ddf856ecf5,0.8963665652407374,0.8474692724635469,0.8259768098996395,0.7807466218795328
10_268179190_1a6efc3d39,0.8951803617226792,0.7358547008547008,0.9642740323459931,0.9167447965497844
10_268180917_4556a9bb75,0.927073144223454,0.8355296601884801,0.9576038970924037,0.9264310642223916
10_268181570_6369b8852f,0.8779745434421693,0.8523290868423612,0.9598993672333613,0.9562983339388592
10_268184826_e9accb1339,0.9091640733984333,0.84453915823122,0.9501258561142657,0.9024051546964394
10_268185248_9471d517d0,0.8830748085607697,0.8452850845602006,0.9125694741342454,0.863714556886938
10_268186388_89489d8fdd,0.9187480339729475,0.6879777243939725,0.9623693149962073,0.829771994747523
10_268199200_cf412367d9,0.9526550030693677,0.8141485545473729,0.9704348288892437,0.8638980701567331
10_268204981_fe60d55f2d,0.906162777715753,0.8515528589058001,0.941939393939394,0.9162414965986394
10_268207227_f985bd3500,0.8307490718497489,0.413437446787808,0.8759728847602309,0.5472201305220884
10_268210168_c2c0833ec7,0.45010806181951635,0.2997113962117721,0.49865204477952935,0.4214010215782341
10_268211018_3b6c9d60fe,0.9499877018939084,0.7964523969591973,0.9663091230672677,0.8676510652209448
10_268211019_270132655c,0.6066942568794017,0.3304068317021685,0.6643708715965845,0.37254500818330605
10_268212162_6982292e19,0.808296136678467,0.6598309546903145,0.951981351981352,0.9109780111585166
10_268213254_f293aaba36,0.7481321274085726,0.6643017447332223,0.8651592281283296,0.8714239794278367
10_268213338_b07e31403f,0.9061586873454709,0.8497414288450489,0.9609942168081703,0.9347692935892201
10_268214583_21290bd084,0.7568423509017569,0.5576582520226396,0.9543805744036188,0.9067077872012336
10_268214893_d72f1df309,0.6708810317345312,0.26740994129819673,0.8747786975453371,0.6736451653464102
10_268217148_13cbed044f,0.18668866409065255,0.2089711793380655,0.9023714539007093,0.9108184125677437
10_268217391_a99ec26edb,0.9404340325070372,0.8721927607929673,0.9449746257700041,0.8848430493273542
10_268217543_52a2013e8c,0.9263316234041733,0.8357235401867489,0.9480535479632063,0.8819849281956491
10_268227714_a9172f0585,0.9461582678674075,0.9016955797314515,0.9778415672055195,0.9597123769697588
10_268231155_a6210a13b7,0.8712569785146337,0.8510004013071146,0.9102255917159763,0.9138549892318737
10_268231902_1586ec90e2,0.9228692713484998,0.7153674832962138,0.9354551572914179,0.755023663589107
10_268231974_e051f78f99,0.9303414096916299,0.7340816594459761,0.9616840113528855,0.7739092111062142
10_268232243_8022b3ca0a,0.8301479898702121,0.39128503202399023,0.9479782127031019,0.8002838892831795
10_268232438_d4c7878070,0.47931444208403845,0.4534008944960058,0.5990086741016108,0.5397854739203589
10_268232457_4d016499a5,0.5086697432680676,0.24162526614620297,0.5390404972322036,0.28374526429731195
10_268232543_47709ca249,0.9049409405645894,0.7672711571675302,0.9506679324608395,0.8864764790036186
10_268233109_174ef0fd9b,0.9089112663093498,0.7397959183673469,0.9550598030018762,0.8841814991225871
10_268239670_5f96290ab3,0.9460908834321197,0.7481256796199851,0.9741516401175171,0.800403791150244
10_268242883_22851fd122,0.4751353205195115,0.13106754188979097,0.9356517137985773,0.8142000734064679
10_268246654_5600cde952,0.9027988109260194,0.8033059748608161,0.9427070755856073,0.891308249087755
10_268252475_3716432836_m,0.9218366093366094,0.8437403400309119,0.9683813892529489,0.9358385297013456
10_268253251_48e9b94730,0.6228367148843486,0.505206593161822,0.7068281878093468,0.5974196780860525
10_268256903_3b133255f4,0.8571099154496541,0.6395154752253326,0.9529576970335264,0.8859237536656891
10_268257348_58c33fa2d3,0.3182482983630534,0.09527065527065527,0.3763637573177222,0.1806257625936901
10_268257878_a7f3698218,0.9105525592754655,0.726577139287945,0.9659686823865928,0.8921750202569741
10_268260683_84238c97a4,0.7269647696476965,0.6946159122085048,0.8112942122186495,0.7784779910245393
10_268262004_d06aebbcd6,0.935249699047897,0.8529733175484928,0.9775423728813559,0.9459774016779011
10_268262571_a713359657,0.6572110932397524,0.5043686119353775,0.8226093591047813,0.6483110984956003
10_268262591_b9821c9af8,0.8631564513917455,0.7877565982404692,0.885490432424288,0.7925451807228916
10_268262614_2621f16475,0.8105085784313726,0.8281768382069284,0.854647989812625,0.8636513700891383
10_268262624_e2c6dfa278,0.8421777732421676,0.671513353115727,0.9334014068527343,0.8292604155452686
10_268263570_c28d1e707b,0.8446340368208352,0.8578345070422535,0.9021640664318068,0.9192065236250072
10_268272471_95133f344c,0.8886018043966284,0.7793531805525808,0.9460926360333012,0.8892062468328189
10_268273406_d54a0783ee,0.14824551794647095,0.1442484059743209,0.14743193631638254,0.18853672614118297
10_268276931_3412319482,0.7409298085688241,0.45334119496855346,0.8412377268670038,0.6431440293673073
10_268278759_66f39a7eb8,0.621758627412751,0.3987522744996101,0.8187109103544128,0.5692027281279398
10_268283312_da35ac9f4c,0.9573495100326644,0.8265462005150365,0.9862289676574698,0.9298048048048048
10_268283436_b55b7f7190,0.9468549796156086,0.8724387479292005,0.9898318042813455,0.9742780202432909
10_268283665_4ef68e1d4d,0.8936466654281999,0.8062908652320193,0.9232969664715274,0.8569260084617124
10_268283673_7b0903063a,0.10035192161604886,0.04906416734889761,0.12790973402363356,0.06302760898821419
10_268283692_95ce1b1fb3,0.6983088704530951,0.4420391061452514,0.7685098406747891,0.5408679824810876
10_268283809_06f7e47848,0.5877337915537638,0.452354874041621,0.9212794682729255,0.7646836400302496
10_268283974_7a8c597b0e,0.4891008174386921,0.2855815524959878,0.6029853043009925,0.4096473788845872
10_268284017_749118c309,0.4993077988001846,0.36906047516198703,0.6008505226342356,0.4347900190891737
10_268284434_26bb088f22,0.710778024028928,0.5242900062354742,0.8170080443452985,0.6650676506765067
10_268284540_ff074283d2,0.8610505217237517,0.6545154978889919,0.9182413946681937,0.7770000380416175
10_268284552_7906464eeb,0.8459126693518858,0.6725063321674104,0.8910556864268888,0.7679456231736755
10_268284576_f631047f15,0.9325739083265527,0.8401108417041911,0.9839745444026613,0.9533389428593284
10_268284865_e4bc4109fe,0.4521820140324318,0.2968183648811921,0.5197061684500051,0.3557760260940473
10_268284889_853fac59b5,0.9422235756602625,0.8395976122042892,0.9888606262608544,0.9668158969525604
10_268285156_43e66d3ffd,0.863536179909597,0.7319010515167562,0.9186604886267902,0.795585342755154
10_268289886_b23a2eb6a4,0.8718311029839582,0.8319043198077658,0.9489976938087635,0.9405430175277809
10_268302285_c68ec99f56,0.7000035553027341,0.6511763238839471,0.7380281690140845,0.6772382280049566
10_268304754_2c3987b247,0.9303014626346235,0.835643937017753,0.975305574878267,0.9343041644702161
10_268307429_6d09236528,0.7764370158988994,0.5558712121212122,0.872690411463853,0.6668946648426812
10_268330988_399015a7aa,0.913074529408764,0.7707520516615095,0.9471602768318137,0.8582116655771047
10_2719989.izfennel_p320001972,0.9161034482758621,0.8227124183006536,0.9621599883006727,0.9220131489458173
10_28113685.growl,0.8980688349151124,0.6319220600485314,0.9295099852948152,0.7794533099183019
10_28242550.img_5000,0.9188877976089681,0.7703767296232704,0.967888408587308,0.9096710309164925
10_28664556.moe,0.5084513798747108,0.331306990881459,0.5355099034965249,0.40455873758036237
10_29187800.img_5050,0.9375272886042788,0.6228534018230347,0.9590484568305602,0.8015568351460866
10_29421652.pict1700,0.8876936796343774,0.8781685817033593,0.9322900809839859,0.9327731092436975
10_29475162.fuzhou620fupeixi1,0.9301796039502636,0.6886924967809903,0.9715805759887083,0.8098909704234685
10_29566017.littledave,0.3895622062824635,0.34910300925925924,0.40899230920922897,0.38355560454094567
10_29665117_112d6360cd,0.8591427749544539,0.839092114499649,0.9267834121186076,0.9068161138224833
10_29912710.xcountry,0.8835713366782452,0.7650148294611963,0.8892962403853066,0.7802191464821222
10_29912713.stream5sm,0.882363581549593,0.7993956043956044,0.8468310998899463,0.7282569282569282
10_30169653.kazi,0.9237070786313439,0.6081678100642937,0.960206135759723,0.731516360144767
10_30169659.rosco1,0.5533531796490493,0.4048204623708805,0.5914131224275684,0.4670994579604185
10_30589357.1kid,0.9200807919607012,0.6964991802488186,0.9649698521957206,0.8043076308030583
10_33152466.catlamp,0.895108351787409,0.650503397488349,0.9211347220768346,0.7270105957964218
10_34312677.foalhead,0.5327779466185173,0.5059528730880529,0.5474442863916548,0.5210829493087558
10_34312982.naavah,0.44945727337496333,0.43065836368621,0.45279108923714545,0.4442334322453017
10_36687635.gpzoo_przewalski,0.8791697294270013,0.8394050441905583,0.9643460164133977,0.9476113547195938
10_38136691.kleinekater,0.7798951688269473,0.5969884853852967,0.8629649490566957,0.7479277265530409
10_38139938.pbdogs10,0.8778679026651217,0.7148478278326508,0.9360137557620546,0.8624705574456949
10_38173560.pbcats02,0.9031577204817283,0.7725933202357563,0.9408992821596864,0.8532714096151883
10_38173647.pbcats06,0.8587947785658938,0.7365395190721392,0.9407925721590527,0.9272619751626257
10_38527623_0542f07e1c,0.6975505857294995,0.6661352532784778,0.8832741699728545,0.8805867235002821
10_39452112.img_0488,0.41570065129234424,0.31082095152333783,0.4217415812438673,0.29235182416872046
10_39459084.img_0498,0.9473558780772622,0.8240009338884782,0.9832911011314885,0.9416600921812066
10_39881820.b91u0017,0.6868811156032109,0.47547974413646055,0.8102075632641456,0.5728255759285379
10_39898384.img_0501,0.8039905559927781,0.5587061840980336,0.8199274555346973,0.6384137131616846
10_40677597.img_1543,0.4545096554335479,0.2347922142231364,0.49511239021485637,0.25159287698088545
10_40682501.img_1575,0.6595184007269423,0.27639842983316976,0.6975052992010435,0.31566499134180853
10_40837312.dsc_0800,0.553468661713927,0.4435129740518962,0.7652299891343716,0.7979817122281707
10_40837349.dsc_0822,0.7760391645505914,0.5109513552826652,0.8646102887899804,0.6601370344342937
10_41100185.dsc_5762a,0.8902297435175738,0.7390849554302347,0.9659746912872271,0.8968748391082737
10_41105485.05_0226_aabbspoth2,0.32991410224334916,0.022495297805642633,0.3682329287363169,0.13363952055561779
10_41491048.streakedspiderhunter,0.5048956690747736,0.42257611852625393,0.5400753974758237,0.4666252411943618
10_42230402.p1010014_x,0.546484365359461,0.2649640657084189,0.7488985291127228,0.548030621064329
10_43047581.ds20050506_0127awfcat,0.7538412965691433,0.4879676688506521,0.8378912278535712,0.6365655584091067
10_43047908.nandaihe,0.8979218744170429,0.7905926622765758,0.9377352446544406,0.8574856046065259
10_43097193.p5050256,0.08545163611370642,0.042073838620304546,0.09139920912267795,0.052201825659544586
10_43137038.copyofds20050507_0056awfairliegallop,0.8570213670670777,0.689707336940711,0.9408762977300722,0.9010530371131373
10_43642598.pasqueflowerpasque6,0.3437353945712745,0.20104602042868958,0.5852304275402554,0.3301232856364807
10_43642599.pasqueflowerpasque7,0.0861769896757285,0.02905704544298,0.00041761365917906794,0.2777651601181013
10_43642600.pasqueflowerpasque8,0.1171528778445393,0.0,0.11671576096157102,0.02063596285526686
10_43642601.pasqueflowerpasqueflowerearlyeve,0.16521529150756878,0.00039646158039497484,0.20375609574507686,0.028339399871532132
10_43642602.pasqueflowerpasqueflowerearlyeve2,0.06862408368742824,0.022667877087287833,0.0,0.06575775209909386
10_43900979.may25_05_129,0.9140257295262002,0.7783695206882425,0.9505159340972579,0.8792801981640682
10_44399460.pinkflower,0.9368217537732318,0.8347750178557257,0.9780103324943701,0.9348203221809169
10_44859864.1,0.9236621451001975,0.7996373526745241,0.9443303204601479,0.8599781067060112
10_44859870.4,0.9233539835758536,0.8033728687916976,0.9033632175937392,0.7680559780955278
10_44859872.5,0.9439908941047178,0.8365582544256895,0.96428130021011,0.8995921898171033
10_44859874.6,0.9387580459128623,0.8262793914246196,0.9635512195121951,0.8962390280764982
10_44859876.7,0.9180781034038467,0.7471649206177773,0.9636862370083298,0.9002653948228778
10_44859877.10,0.8897777340192483,0.705171102661597,0.9336227792131689,0.8362079314898555
10_44859879.11,0.9290840016884762,0.8069601622293452,0.930951207491375,0.7953782597469662
10_45873784.happychap,0.929497051421703,0.805377269881027,0.9629600316580926,0.9182657274714598
10_46084071.commontern1,0.33512551379917793,0.31132013128620833,0.32291072447233315,0.3353284946743331
10_46084290.commontern2,0.6392715287754585,0.48791330925257015,0.9564348778758781,0.8869138193387743
10_46084614.commontern5,0.85977212971078,0.7151180809520857,0.9611599297012302,0.9225135491431082
10_46642384.roadingjuly02006,0.8672248062015504,0.793443894290998,0.9471516336218934,0.9242977621356
10_46642386.roadingjuly02008,0.790196288748257,0.6598741282531043,0.9100578229856919,0.8046314164415284
10_46642387.roadingjuly02009,0.8327670943694957,0.7069145602673909,0.8825484557642753,0.7779768548434471
10_46642874.roadingjuly09001,0.8514280339843873,0.7666480758505299,0.9208607755432677,0.8722623584959327
10_4869984_22f1e00917,0.5255689545743041,0.5691765120789984,0.8823802882380288,0.7992604802423486
10_49513253.0509180001.fsn,0.8677872637278676,0.591910712582276,0.9546355428319754,0.8652526254858183
10_49513256.0509180004.fsd,0.7903662582086521,0.5221626246339136,0.9289752079463781,0.7833050613436428
10_49513257.0509180005.fsdp,0.8672193651356623,0.6629836896733151,0.9738538863786363,0.9335701410242816
10_49513258.0509180006.fsdm,0.8129633300297324,0.5272829092436386,0.972513026435298,0.9181700722591759
10_49930782.initiationjunior1123,0.9221571598214652,0.8139989706639218,0.9717777387023036,0.9262463501676219
10_49930784.initiationjunior1125,0.8936044154791232,0.707181126857933,0.9241697989585848,0.7970662307250475
10_49930787.initiationjunior1127,0.8947062487025119,0.7429838943003183,0.9355794656697365,0.8601933924254633
10_49930789.initiationjunior1130,0.7539198833151013,0.6059851503078595,0.8851506553168491,0.8802138498007768
10_49930792.initiationjunior1134,0.8185001129433025,0.6796126835496914,0.8816793893129771,0.7849439054793778
10_49930794.initiationjunior1140,0.8596313830031714,0.7312409812409812,0.8466531440162272,0.7694522222660409
10_49930795.initiationjunior1141,0.8214788598394033,0.6662063390481323,0.8471713214541472,0.7306035237661564
10_49930796.initiationjunior1142,0.9081903554305187,0.7855573236341593,0.8660154111752074,0.7519343408778654
10_49930797.initiationjunior1143,0.8822191272051997,0.8229648960350198,0.9111727254056274,0.8799009319116783
10_49930798.initiationjunior1144,0.7905009759271308,0.7503409710856519,0.8370996001617323,0.8276021973318114
10_49930799.initiationjunior1145,0.8982786300392437,0.7830893337317,0.8897474284058531,0.8161951550059292
10_49930800.initiationjunior1146,0.8512454889534372,0.7273342085372161,0.9239821251241311,0.874106335771222
10_49930801.initiationjunior1147,0.8034110496235145,0.6932874354561102,0.8722278738555442,0.8176439384665606
10_49930803.initiationjunior1149,0.8524627615827469,0.7470034590942,0.8400039775269726,0.7657837881091462
10_49930804.initiationjunior1150,0.8684145067409582,0.7168475921763665,0.9117614998909963,0.8194533366165969
10_49930805.initiationjunior1151,0.7847765867758641,0.6497370038937086,0.7639740353407861,0.6776309117338832
10_49930806.initiationjunior1152,0.8143416863929475,0.7327995747649579,0.8077123728371446,0.7206539333117514
10_49930807.initiationjunior1153,0.8333495051426354,0.6866207851794139,0.8945550254976148,0.879254493010872
10_52202391.dscn0138,0.8416368660598179,0.7822466884569069,0.9096203121360354,0.8613711550644049
10_52202392.dscn0140,0.8614888423988842,0.8156047577132282,0.923200577389935,0.8654965503292357
10_52202419.dscn0189,0.8925962562775833,0.8570783035310826,0.9273477812177503,0.8539606306676356
10_52202423.dscn0194,0.9072342161232992,0.8456903254470732,0.9276462988056597,0.8222199556314863
10_52202425.dscn0197,0.7251908396946565,0.6723358546300855,0.8895806766184082,0.8157894736842105
10_52202426.dscn0202,0.85385671778439,0.814104818853324,0.9498338653983973,0.9081952530228392
10_52202427.dscn0203,0.7560101223112611,0.7883880825057296,0.9123085050184891,0.9007367716008038
10_52202429.dscn0205,0.7562378067563404,0.6749048010154558,0.9277566539923955,0.8962357380289282
10_52202430.dscn0206,0.8688073884262225,0.7797254487856389,0.9157457738486351,0.8225137059998975
10_52202431.dscn0209,0.8518362415353059,0.8279769510813222,0.9110560331304511,0.8215031549637347
10_52202441.dscn0222,0.7816356754977785,0.8071023674558186,0.9327509142624949,0.946503630110814
10_52202442.dscn0223,0.8053435114503816,0.8512439351708475,0.9214002642007926,0.9381228781075457
10_52202444.dscn0225,0.9107263107263107,0.8802936630602782,0.9385184804400349,0.9087301587301587
10_52202445.dscn0226,0.8271872740419378,0.8635723470699896,0.7929779490473132,0.7864233660412004
10_52202446.dscn0227,0.8367073533789818,0.8057997446653292,0.9051997993646548,0.899500673694222
10_52202447.dscn0228,0.8771779979501195,0.8245011329581171,0.9125353440150801,0.8676952892069171
10_52202449.dscn0230,0.9144832095651768,0.8290567023778417,0.8510894064613073,0.6896964473810208
10_52202451.dscn0240,0.7897782963827304,0.7255482206540709,0.6498764600179695,0.6077067538429436
10_52202452.dscn0241,0.8664871967439028,0.8188687056875227,0.9033062562348582,0.842091817183149
10_52202453.dscn0243,0.873907703105808,0.8290984135173481,0.9362912837863816,0.8645590256688936
10_52202457.dscn0251,0.8956691540553735,0.821473403420681,0.9142748091603053,0.8319337310483718
10_52202459.dscn0256,0.8807248312951735,0.756628171763175,0.8787073254091824,0.7655038019181537
10_52202465.dscn0265,0.8400051820183961,0.7769715333705446,0.7723898690738185,0.7722789582761118
10_52202466.dscn0266,0.8492381098968754,0.7568524096385543,0.8882967563257941,0.8109843081312411
10_52202467.dscn0267,0.8888431574305453,0.8381648897112814,0.9108609186553759,0.8030851213013602
10_52202479.dscn0285,0.7305347091932458,0.6833930704898447,0.8597785977859779,0.8161309348274846
10_52202492.dscn0308,0.8400343642611684,0.7881199731903485,0.9025270758122743,0.8859492803289925
10_52523077.horse_of_horse_shoes_079,0.8679468009758401,0.8328754031776371,0.8621448051376792,0.863683535803675
10_54628916.jan8_06_536,0.8243782039111449,0.6330541413477856,0.9188557435440784,0.8254327481803169
10_54628917.jan8_06_537,0.4371481520332879,0.29380030454644335,0.4918674330439036,0.4273270397227163
10_54628920.jan8_06_540,0.9111760737575894,0.789338981555026,0.9416659867830628,0.8570359981299672
10_54628932.jan8_06_552,0.8887172925031991,0.702980774883885,0.920609858390487,0.8004882934769
10_54628934.jan8_06_554,0.8802948947413278,0.6565288868013152,0.9195125407396911,0.8085106382978723
10_54628935.jan8_06_555,0.8686684213353386,0.6929205851619644,0.8850782893199346,0.7682008925597815
10_54646369.1ethansillykid,0.9139326463737218,0.8425653721182114,0.960898327223697,0.922174281221017
10_55488101.bitsy,0.8960446719404375,0.6077908217716115,0.9609472266686994,0.8411514419288754
10_55651847.carlystreetweballey2,0.9174385082500154,0.8552683671738024,0.9473615888881677,0.9034846266471449
10_55651852.carlystreetweballey6,0.9153121491677649,0.7257280059102382,0.9761742324849121,0.9336202838119577
10_55651903.carlystreetwebstreet9,0.9172348227624609,0.6782001470124961,0.9252494028382745,0.7087036635595058
10_55657233.dsc_3867_y_jp,0.31927825261158593,0.15361136692540456,0.4533909754120508,0.23553807870725937
10_55768607.bitsy111,0.9328755678554644,0.6843622110784483,0.9775040320338134,0.8919566229791763
10_55768641.checkers22,0.8754308222550468,0.7558800470403764,0.9653718091009988,0.9281424047177023
10_55974006.arabfillycanter,0.6319153370539332,0.5477394408090422,0.9326892109500805,0.8963899943149517
10_57572381.cutesofss,0.22661607546907092,0.24247212315471084,0.2636966669396446,0.2522411671647038
10_58229768.20060405022_object_of_fancy,0.6371093304978545,0.24827417037530225,0.8535398492671058,0.5543097004197574
10_59242003.img_4193,0.8876245723635282,0.8277603733776613,0.9523267165636186,0.9199175915464877
10_59271034.127_2729,0.8615813156203128,0.48094050587816173,0.9671519451920724,0.7602847214437843
10_59271038.138_3822,0.8362399311801048,0.8054854635216676,0.9592361366140286,0.9582627631260585
10_59271039.140_4028,0.9492787930435881,0.8318561136163375,0.9758203228367293,0.913112331081081
10_59271042.140_4092,0.9186166963265957,0.7694149449700715,0.948732206405694,0.8531268851799718
10_59271063.img_0605,0.9311652035115723,0.8285425194315412,0.9860187553282183,0.9688206944034622
10_59271070.img_1436,0.8163109367836585,0.6439609346025467,0.6463638589618022,0.6796061019035478
10_59271073.img_1750,0.945261053621825,0.8744842273392786,0.9644818747711461,0.9024488426702448
10_59271075.img_1787,0.8953153817779417,0.8264105472072583,0.9304672600127145,0.8977280975538942
10_59271089.img_3385,0.8860529817346074,0.8350499211770888,0.9461062063512979,0.9160013306719893
10_59271094.img_3692,0.9349653394059141,0.7420918200275067,0.9722056291507081,0.8320289378493917
10_59271105.img_9130,0.9245504541803127,0.7924609307916881,0.9798850574712644,0.9437081505425998
10_60607682.rosebreastedgrosbeak,0.8633432690552953,0.6979826086956522,0.9230188938037924,0.8334877615628137
10_60607759.rosebreastedgrosbeakfemale,0.6576920946207966,0.5346847387149655,0.8293267484929915,0.7883279092268449
10_60666278.easterncottontail,0.8881434572700483,0.665087036081265,0.9630697609783213,0.8917564655172414
10_60866179.americanrobin,0.652395030443811,0.270774122067537,0.8860457524546117,0.6449785546653719
10_60866226.cedarwaxwing,0.6083725369877957,0.4209925249169435,0.9328455994758681,0.8720527338798276
10_60866705.butterfly,0.8927277240009928,0.6766143407509632,0.9713669780553866,0.8472738935214882
10_60866769.turkeyvulture2,0.7783039173482565,0.6320540374577832,0.939385775862069,0.9012465477345675
10_61749596.jpvis3ea.redtailedhawkjuvenile,0.9217570350034318,0.8508537490720118,0.8943082810846023,0.8142289635247382
10_63193989.iibp3dda.fritillary,0.8886947289256564,0.583180658835363,0.9525929869564165,0.8192897571663319
10_63359627.mq7fmcxg._mg_4055editfromrawsized,0.8412984670874661,0.7123342307308804,0.9074313738846128,0.8170096169344007
10_63451013.9howa94v.turkeyvulture,0.895292725120641,0.8280861097768656,0.9670924117205109,0.9304981203007519
10_63827110.laoeb6po,0.8747439496244594,0.8469346325619164,0.9572215163066498,0.940261510813658
10_64229307.utd1927n,0.826181592039801,0.7980669004074671,0.9543973941368078,0.9572972405833595
10_64386031.3qqfbtes.housefinch,0.788785852922148,0.6405631165838555,0.8693034799598669,0.8595628894935486
10_65345059.baxlulsq.img_7128_editsrgb,0.4692916194552856,0.2469041818920016,0.48140374535093633,0.21992563429571305
10_66471406.msmbvpwh,0.7128365364037152,0.4652310924369748,0.9418963742422509,0.8977948897444872
10_66830581.uvuxhte2.sept10_06_701,0.8836791489061895,0.6470683249878857,0.9327685159879748,0.7980390970162803
10_66830582.bxg9hxcr.sept10_06_702,0.8786971492119164,0.6077872388311639,0.9261056167195372,0.7531987602320591
10_66830583.sdhhngr2.sept10_06_703,0.7851416354890433,0.5811009474028095,0.8556374228923921,0.7789143113503814
10_66830584.jsnb9pmi.sept10_06_704,0.8472422376522992,0.6663483434951885,0.9483578708946773,0.8911649596136231
10_66830586.6whtssec.sept10_06_705,0.8778406726046782,0.6731064090769703,0.9361870604126881,0.8242019694666578
10_66830587.j2qal6cp.sept10_06_706,0.8643025149267234,0.665433966492968,0.9306045402612886,0.8449494334105032
10_66830612.jwrzvoka.sept10_06_728,0.8161996103701483,0.6096038415366146,0.9181655442843747,0.8221212981360583
10_66830630.sejklgec.sept10_06_746,0.773927014000459,0.5910687797642282,0.7877346683354193,0.581126896997094
10_66830631.ag3y7hqi.sept10_06_747,0.8708602652095688,0.6912062582943354,0.9318837364100289,0.8422332131779696
10_66830632.ncrvs2io.sept10_06_748,0.8698116705957143,0.6399644444444444,0.9188432558001013,0.8176402695558286
10_66830633.6hispsw2.sept10_06_749,0.9098939262391,0.7340360610263523,0.8756761186690707,0.6754899872177248
10_67151572.bn0308dt,0.8999489969398163,0.7488181818181818,0.9419711248317163,0.883771050521251
10_67444,0.8929805082654824,0.8442467628171386,0.9613693885706673,0.9446989163221986
10_68285988.3ddkraxw.toughtimeskid,0.9468065428216579,0.7641136281912981,0.9822622534121678,0.8358491682945599
10_73754853_140eb787dd,0.8858113404755683,0.8652165176328745,0.9298181818181818,0.9260726760857099
10_75671582_152bf239ef,0.8911015330896394,0.7063360048389535,0.9574594146225857,0.8855487446469057
10_8168705.izcenoadj_p7070026640,0.9456231960693591,0.7612341378452351,0.9257251413214715,0.6492050973392554
10_93082635_7f4aa15eed,0.903971771841829,0.7824954128440367,0.926658062891498,0.8545088963921241
10_95071511_4720e4e540,0.21004412691741964,0.08426226970119213,0.2343508229005486,0.10385802469135802
10_96835757_c609dbaa80,0.8902582159624414,0.6631248063045114,0.9593896211125043,0.8711027198040516
10_97146107_ddc8084759,0.8880043804228793,0.7798388852601785,0.9605719838955991,0.9301851939563303
10_97320358_cc615b9019,0.9183276942145991,0.7730347045126954,0.9559505409582689,0.8848251333728512
10_98048098_af08c0f2df,0.9529840426699445,0.7925753118977584,0.943384995764749,0.7060544570808363
10_98053912_88fec4b17c,0.9009666803784451,0.5921637839745852,0.9541116005873715,0.736167439165701
10_99533452_3c0e47e42d,0.7919477234401349,0.7059081849812519,0.9005475802871097,0.8619679210363973
1_25_25164,0.6125737463126844,0.5529536404486173,0.6299646912873366,0.5991230351900709
1_25_25191,0.7292591063873697,0.4282598387861546,0.7492511994062607,0.5310207751644503
1_25_25226,0.8655747571146075,0.7395799069592595,0.9061556329849013,0.8061229259172704
1_25_25246,0.9467313288069835,0.8508962520369364,0.9631233808290155,0.8944966891102332
1_25_25257,0.9248377177997951,0.8229953820319059,0.9363746034582905,0.8522788784237306
1_25_25389,0.9255383934008747,0.7912598791259879,0.9761763660068745,0.9357899195256247
1_25_25406,0.8530547163477677,0.7362532904357999,0.9221936432114642,0.8331511555277952
1_25_25451,0.9553959238222519,0.7659745120755725,0.968589105698092,0.8262426836725779
1_25_25580,0.0001278118609406953,0.06576113963889349,0.0,0.0
1_25_25895,0.8968175275867584,0.7446263847817451,0.9607653184790507,0.8590977443609022
1_25_25953,0.9032591826176927,0.8741112239715592,0.9532908704883227,0.9401530512132906
1_25_25954,0.8563050870983413,0.7566593745978638,0.8765654928539856,0.7731907278704898
1_26_26013,0.7793231684641131,0.48865253031637423,0.8027178429622334,0.5115941539811658
1_26_26026,0.11138968481375358,0.2264828303850156,0.13985554826001312,0.19839443677455643
1_26_26104,0.832997311827957,0.8669026169026169,0.9162808641975309,0.9319234417722225
1_26_26113,0.8017995678203266,0.5230285520054385,0.9226509776777989,0.801776366096112
1_26_26169,0.9174935685409776,0.8040834377533721,0.9705669798304973,0.9300103511426069
1_26_26213,0.4330835562496885,0.4841094313327476,0.4512645391669122,0.5318155283129014
1_26_26230,0.9742963356346256,0.8985544435890856,0.9909138449470519,0.9635381800330254
1_26_26233,0.9401836578522235,0.8117437016464987,0.9743271954674221,0.917963224893918
1_26_26236,0.805413559037962,0.7988726042841037,0.9517678315961577,0.9476690620969228
1_26_26256,0.9039913334913166,0.8590042603476693,0.9342480790340285,0.9046963536831322
1_26_26335,0.7717238962859145,0.6614409087372598,0.8266801172118942,0.7299149533481959
1_26_26366,0.5223122934046907,0.15198771185337534,0.7750812438508095,0.5038955505508552
1_26_26450,0.9530048604450803,0.8233269728771978,0.9722751747433196,0.8979218917950555
1_26_26532,0.8767907634307257,0.6007492724007678,0.9596131224676513,0.8825776972466223
1_26_26640,0.890503953358358,0.7575650452488688,0.920515574650913,0.8582037996545768
1_26_26643,0.8212939378502292,0.6129853133633852,0.8774198863168301,0.7165804949283656
1_26_26739,0.8781113290089003,0.8375565072567214,0.9623664886515354,0.954017148301048
1_26_26745,0.8939321754948244,0.8297400628916589,0.929547722367902,0.8817261960272312
1_26_26763,0.9130365304100483,0.7295888542478566,0.9724595436727309,0.9118296529968454
1_26_26828,0.8691712738035405,0.4579086559890649,0.9239071121081671,0.6507101170596769
1_26_26833,0.9404788881335449,0.8845875542691751,0.9720820189274448,0.9501421800947867
1_26_26847,0.78835904628331,0.7031550682479302,0.874749498997996,0.8313521142050697
1_26_26853,0.5283899887934255,0.710299256019586,0.559923337275211,0.7206729084263757
1_26_26945,0.7649524874231414,0.8422860973770218,0.7445020822678454,0.8998208038228518
1_26_26980,0.9258160237388724,0.8811668167717402,0.9732220990607315,0.9409001754929287
1_26_26982,0.8727675965915723,0.6925693479614813,0.9296830970650714,0.835020547258695
1_27_27003,0.7620655777968808,0.2346723044397463,0.9912887231042169,0.9074689307247447
1_27_27033,0.8104350220264317,0.7989737126395391,0.9470995385629531,0.955475691324748
1_27_27034,0.8116703539823009,0.7601078167115903,0.6630331753554503,0.6780738662926601
1_27_27051,0.886096256684492,0.8563854134879463,0.9551365702200423,0.9356421817021107
1_27_27075,0.8871103622577927,0.6078947368421053,0.9446973835974019,0.7873492259473834
1_27_27491,0.8865200116290338,0.7481998925308974,0.9647262497294958,0.9206119744609084
1_27_27543,0.08728578885438508,0.021806548493454772,0.009300744408221614,0.5407536444485193
1_27_27705,0.594923818103482,0.365314348137266,0.9394273842757904,0.8118425937383987
1_27_27775,0.26375338753387534,0.42192717130848095,0.37146682534959835,0.581089823339139
1_28_28003,0.45257421808480447,0.2181544319156503,0.46861801394754937,0.24518646012621917
1_28_28351,0.8238294211625906,0.7082062072593371,0.8714695866996061,0.7984293193717278
1_28_28373,0.0,0.007122375358431228,0.0,0.18069927023200086
1_28_28391,0.5403145121982504,0.15600474424003835,0.7011345925019692,0.503456702787871
1_28_28395,0.8233801387244121,0.7770410516605166,0.90145640249669,0.8949913215968262
1_28_28407,0.6341793922968677,0.36798088410991636,0.8090533865620136,0.6847159049888095
1_28_28547,0.5987973063103768,0.21721695656702428,0.5447719207132347,0.19366951898313534
1_28_28717,0.5514925936171818,0.48869334085096955,0.5794755151190795,0.43386632624359
1_28_28763,0.830504560674287,0.8449559918754231,0.9207700366684127,0.92173721340388
1_28_28970,0.5129047125244844,0.35194822232912054,0.5721651011881833,0.3744376010134102
1_29_29028,0.9256415880675587,0.7188666602852494,0.9846389716071586,0.9158824151422227
1_29_29099,0.7434086434540773,0.2175350560427707,0.9801260033429459,0.9013055783803524
1_29_29138,0.19528526645768024,0.10590219224283305,0.19698867590308092,0.11272686281140795
1_29_29297,0.8701406865503658,0.6518491902574237,0.882719870482358,0.6725017479348473
1_29_29329,0.7647700914176558,0.6056227856255464,0.8638165565487758,0.7475035663338089
1_29_29710,0.24291671121565273,0.20976551361073945,0.5964815071339521,0.6250240492528699
1_29_29762,0.9563670282595177,0.8506658774785439,0.9867387387387387,0.9512459371614301
1_29_29788,0.8816942207149923,0.8410968592278265,0.9388563220621918,0.9278613648576034
1_30_30022,0.8824585015702109,0.8491560454702033,0.9441051927791397,0.9331301541771244
1_30_30051,0.7568269013766644,0.7525493989222053,0.8769781628503227,0.8793885540297024
1_30_30065,0.9608797906522243,0.8728928397203101,0.9884044049538577,0.9618933012434817
1_30_30226,0.39975298926705577,0.056601128517856515,0.41414072300148247,0.1390416112043521
1_30_30277,0.8316267387944358,0.6735052452069661,0.8984668950412759,0.8111073975044564
1_30_30286,0.7869184455391351,0.7501710278775441,0.8766346711331573,0.8884682979586319
1_30_30561,0.3144405389572349,0.2949733611304146,0.39124040626867046,0.48406887668632637
1_30_30736,0.4006583327169169,0.27593081523789,0.43601675197766404,0.4872595235061791
1_30_30757,0.8269502972459255,0.6107140020649671,0.9318843301098488,0.7215774081520746
1_30_30895,0.8362506630294764,0.5900125891733109,0.8782650563736308,0.6687201408096555
1_30_30927,0.24557245737801292,0.33066351666714683,0.2145285785648678,0.2755707399756343
1_31_31077,0.9044386852606031,0.8014721000041121,0.965037459864431,0.9351867865790384
1_31_31255,0.8424622005340916,0.7113246436554708,0.8802567373301747,0.8060596970151492
1_31_31439,0.8204681071360453,0.3871027690020442,0.9450004735894926,0.8028568123987971
1_31_31447,0.6564162073300455,0.6018726787675891,0.7893024936754608,0.6992027334851936
1_31_31675,0.7143858419484843,0.6787823195551224,0.8142504626773597,0.8000233890773009
1_31_31682,0.9418341857975496,0.8504976041282712,0.9184819923849947,0.8048151965837137
1_31_31720,0.8777666555444333,0.8363551474593417,0.9440715883668904,0.9173853469815427
1_31_31764,0.3804957114878098,0.2599992056241808,0.41180380167486375,0.30780153691947876
1_31_31773,0.8575550331267365,0.673084298534939,0.9503514220333442,0.8430925221799747
1_31_31980,0.9275932715117533,0.7861438537406784,0.9793059718699562,0.9434898139946856
1_32_32148,0.4110147276106954,0.0,0.4235562813885239,0.0
1_32_32150,0.9339748794116243,0.8088612931662259,0.9636612437281435,0.8212648945921174
1_32_32165,0.884095757288457,0.7377609250638234,0.9618226139133695,0.8000679896315812
1_32_32185,0.8424853610930384,0.8233790947397037,0.9306871817742595,0.8804416403785489
1_32_32195,0.3995266703076643,0.45121347201584944,0.3940743075528939,0.4392519573242465
1_32_32226,0.014863359890345242,0.13840981258950252,0.0,0.0
1_32_32258,0.844872141960572,0.573441960038059,0.9134983551744593,0.7042761633679752
1_32_32331,0.5788438285703319,0.1200273544353263,0.6452617053367992,0.06920546080248081
1_32_32486,0.9025967498743508,0.7499413741890096,0.9715119460149553,0.9215854495538778
1_32_32606,0.8422047244094488,0.8403828559363784,0.9496034167175107,0.9640293323041297
1_32_32691,0.6064516129032258,0.4731905323496339,0.8686509470429068,0.7461445733050671
1_32_32951,0.9285071414595969,0.8137762877171594,0.97643362136685,0.9352935796597769
1_33_33259,0.37697846007378316,0.32628803245436105,0.3693428905617371,0.32567529373763476
1_33_33347,0.9387659979413878,0.769864758550931,0.9810929545081294,0.8980541284032526
1_33_33527,0.7601902889442825,0.5525520944564787,0.8019840825019616,0.6061463693539165
1_33_33554,0.416993951208325,0.07344659845199013,0.9721452234466905,0.9052228901553595
1_33_33625,0.7467094512285706,0.4047186932849365,0.9471216359982663,0.8809736606908154
1_34_34086,0.9612459441920831,0.879560908404071,0.9681208053691275,0.8757388440193115
1_34_34236,0.0,0.0,0.0,0.0
1_34_34261,0.7765874561745227,0.5758706467661692,0.8456101507280933,0.7105940776163325
1_34_34288,0.8164182297981599,0.6053201117538268,0.861493388843915,0.6892353873092637
1_34_34382,0.7856973715368222,0.7297107224905058,0.8355414936391801,0.7715606254302291
1_34_34467,0.6224443352085496,0.29930590824445574,0.7089279717931498,0.40831709274332223
1_34_34578,0.9104357181280258,0.7847974017939994,0.9731493099121706,0.9381354393609296
1_34_34999,0.5498214730548867,0.5182657988662608,0.5805449699319338,0.6025622622550779
1_35_35222,0.926187730198296,0.7239103669047032,0.9845481628599801,0.9624245410866084
1_35_35516,0.6615906327980037,0.40786633278646056,0.924027790309483,0.7890610299190868
1_35_35795,0.8314650424415214,0.8417205902890927,0.8671184891867194,0.8454522800897084
1_36_36235,0.9376139188069594,0.8555620838229534,0.9367613335685306,0.8542534205829864
1_36_36237,0.3256693566145516,0.05508680344785723,0.35949192877827796,0.12868694826108112
1_36_36285,0.8529255210252631,0.589627465303141,0.9550281651121987,0.8627697841726619
1_36_36321,0.14664487852797825,0.0,0.11178964219014022,0.18825310978907517
1_36_36429,0.1401930220836678,0.15106754791030058,0.07406019486410792,0.0
1_36_36543,0.8249245364381199,0.8423996913580247,0.8959116826398156,0.9279401767505099
1_36_36717,0.8414605278731211,0.75820431885365,0.9350604490500863,0.9068291868425447
1_36_36781,0.6693917653819773,0.42993038210129136,0.7833132859486058,0.5438734534404167
1_37_37003,0.6921612418994618,0.47298212703871606,0.9413777487042722,0.8312072732398337
1_37_37328,0.7663965210515912,0.4909509410118698,0.84729890896241,0.629663101872772
1_37_37335,0.9719900712772983,0.8808359936153233,0.9802696021269649,0.8974652656740202
1_37_37446,0.9767078208509348,0.8883414526129318,0.9953715853513062,0.9763141006942418
1_37_37488,0.848031113271755,0.7784962671212745,0.9258516303158509,0.9229039110333624
1_37_37508,0.6964158345221113,0.6712007504690432,0.7892255098432158,0.8632888428145652
1_37_37702,0.6669035172308786,0.1515728692583756,0.8319179962257677,0.5408257182302281
1_37_37703,0.19196774364687783,0.0,0.20594663509698571,0.000987152286657237
1_37_37791,0.8331756386634132,0.7225076256220903,0.8887213004860064,0.9110502113428399
1_37_37952,0.18603191463679597,0.12526337056599418,0.0,0.17370386782300437
1_38_38060,0.13968068819712764,0.006181318681318681,0.17184627113323467,0.05516134044647019
1_38_38093,0.799826411819091,0.49592103353171724,0.9803259604190919,0.8836984207845135
1_38_38130,0.8752310138823226,0.6847536814714058,0.9110013780431787,0.746629213483146
1_38_38131,0.678198117125848,0.3068742105048694,0.9734252711578629,0.8963385222538917
1_38_38229,0.8639434406912805,0.7981849046748498,0.9605693572628414,0.9501250446588068
1_38_38399,0.34057403987605245,0.14217623079335215,0.35372987183700294,0.15329694976076555
1_38_38642,0.05013927576601671,0.0,0.05865161745439887,0.0
1_38_38661,0.8967679078239505,0.6950264280710692,0.9664021224527137,0.8979359430604982
1_38_38763,0.4259471050750536,0.13767939265026105,0.9089947789306722,0.6176146687957712
1_39_39114,0.944428707542554,0.7959359311498925,0.9602034466899332,0.851442663378545
1_39_39185,0.8716603997625173,0.805900100569896,0.9761478163493841,0.9754189944134078
1_39_39354,0.9083956492182189,0.6629791765262659,0.9694488892196629,0.7842741935483871
1_39_39391,0.8891075122344988,0.6980862221616836,0.9762643062524666,0.932199290551435
1_39_39603,0.8406764770481001,0.7418633631432341,0.9630451612903226,0.938515960582835
1_39_39648,0.770150622596917,0.44019747753307364,0.8875163970266725,0.6083284668253897
1_39_39670,0.8805660132415942,0.839147545357524,0.9342186388427792,0.9128801179858136
1_39_39738,0.5977920579996705,0.5163008736415938,0.912484237074401,0.7993796388611942
1_39_39739,0.3615843953297085,0.14054040989945862,0.5161841963364094,0.3123212149581318
1_39_39748,0.9162634450026197,0.6573877518324188,0.9803738317757009,0.9209923664122137
1_39_39917,0.2234944606053104,0.0,0.2779017685357632,0.0
1_39_39949,0.571970802919708,0.5570222758139239,0.9132260321903429,0.9359337105901374
1_40_40642,0.12848788336210715,0.1038931788931789,0.00039469732721266463,0.4393063583815029
1_40_40818,0.7510893583627615,0.3891222854188211,0.9476990733469451,0.7932508344866889
1_41_41001,0.8131200799700112,0.5586313175993836,0.970135310249224,0.9300054456344164
1_41_41022,0.8413954251045339,0.5296485108666488,0.9846266115300414,0.9382142165407709
1_41_41023,0.8481394569225612,0.5240282685512367,0.9766553067185979,0.9199299209242862
1_41_41677,0.8608642972536349,0.7912364130434782,0.9597932222860425,0.937888198757764
1_41_41686,0.7920023522493385,0.5145342989338161,0.8864764678625803,0.6230522709691678
1_42_42334,0.392187635159349,0.0287517894410045,0.3686533703492897,0.0
1_42_42429,0.6678492664685013,0.18315018315018314,0.8711113372166968,0.6281230956733699
1_42_42470,0.8980285686332061,0.6360223905169575,0.9002609077523185,0.570479641131815
1_42_42484,0.06267849493074397,0.13382467028704423,0.00013453397431297984,0.4941219120617329
1_42_42881,0.2490803580210485,0.2419286501143971,0.2767193772316973,0.3558237567119988
1_42_42923,0.8513077543495794,0.7107242639157533,0.8595647469039317,0.7339151173505339
1_43_43183,0.9540140632414478,0.8236575353941527,0.9728713403169487,0.8389816896884035
1_43_43206,0.8232397833579518,0.5074401835463782,0.966632526548434,0.825972704924981
1_43_43215,0.5083625048619215,0.38278388278388276,0.8898697539797396,0.8668724676828092
1_43_43257,0.9358000961076406,0.8333546571136131,0.9106587787024968,0.7772981208735399
1_43_43268,0.10085635085635086,0.10854878220030893,0.000344723212484025,0.5159686525659392
1_43_43412,0.9247698766591046,0.7846947826788162,0.9870351225236804,0.9552093476144109
1_43_43637,0.8932783305023053,0.6544990427568602,0.9612320764737121,0.8918304586174622
1_43_43730,0.4692534554098072,0.20507821566169987,0.7226439886123075,0.4125181087844067
1_43_43894,0.48108791623222485,0.2273407371504436,0.48272484416740874,0.1980782296418519
1_43_43899,0.6928200537153089,0.4743717242306142,0.9451120011867675,0.8966603951081844
1_44_44044,0.9172407148706585,0.7449064849926088,0.9681522129339967,0.9200518877585854
1_44_44073,0.8688203622124328,0.7751188193112649,0.9494180354617644,0.9222579164754474
1_44_44108,0.9037232980634857,0.6973785659213569,0.9765833469476665,0.8850981383202763
1_44_44112,0.13495522924329384,0.032012708804698406,0.013345459767363937,0.5653073897743738
1_44_44118,0.907654506364536,0.7394492508968137,0.9479047072330654,0.8502776833276663
1_44_44224,0.9589431666983463,0.8482819297130847,0.9881473119796811,0.9560778976023453
1_44_44321,0.7525125628140703,0.6755297994432135,0.9341736694677871,0.9176351692774128
1_44_44344,0.8757213079717888,0.7689720985185858,0.9878963931251513,0.9757172131147541
1_44_44379,0.9086913624540317,0.7441475721730498,0.9894547828925889,0.9681760234194249
1_44_44553,0.38591527155545075,0.29130943917025637,0.3260003767390544,0.2558073069655928
1_45_45131,0.8416375581416393,0.40265996122152203,0.9785026418953469,0.8913480885311871
1_45_45191,0.731625098675087,0.30219381083829727,0.9263959390862944,0.8459770966905088
1_45_45246,0.9463723038767254,0.8103501491820707,0.9773776051168681,0.9194887240138103
1_45_45286,0.9537112561174551,0.918009339110681,0.9755394463521133,0.9570280606763784
1_45_45287,0.3959485588380772,0.4279225806451613,0.42943266756524934,0.46693386773547096
1_45_45328,0.8199681147867677,0.5564801218252026,0.8529817899369984,0.6084735925710969
1_45_45329,0.8598629424011104,0.635570837693726,0.9713859910581222,0.9235452448090233
1_45_45358,0.8807942621862133,0.5055864918268367,0.9623110580747812,0.8337460380348652
1_45_45397,0.8927565974688874,0.7258373911760366,0.9464718065400659,0.7291764620781945
1_45_45405,0.10769072377226398,0.0,0.12889243242636242,0.04838975805120974
1_45_45431,0.0,0.0,0.0,0.0
1_45_45577,0.6911870245442802,0.5213755815415566,0.7891309792136239,0.655963623644631
1_45_45595,0.7435505573182278,0.3414557842046719,0.7341724375594867,0.3168747140709757
1_45_45691,0.9663030856005309,0.831286595160371,0.9962063570310993,0.9810872027180068
1_45_45762,0.029193453527753554,0.0,0.03252482573968842,0.0
1_45_45771,0.44587006645870064,0.08264541680584053,0.9667901087086369,0.9105466593042518
1_45_45777,0.9385584777844193,0.7247213643077749,0.9792480726581476,0.9127320261437909
1_45_45784,0.8724559023066486,0.7774946686238126,0.9535148281813902,0.8675916866791189
1_46_46108,0.8423258250392875,0.7274792101696157,0.8959568733153639,0.848754028771323
1_46_46151,0.1843156508737084,0.0,0.17368166424770198,0.0737543432317226
1_46_46171,0.9665506470325748,0.8222326454033771,0.9945892042621558,0.9703153988868275
1_46_46312,0.1316213148935047,0.24648692810457518,9.580772757757004e-05,0.09892719331722002
1_46_46443,0.9240765535165787,0.7586589082848434,0.9493332235758972,0.8126806149578083
1_46_46662,0.9781520651085869,0.8780149008713222,0.9897952377776296,0.8855034515591526
1_46_46672,0.9632777468421206,0.8624211314297936,0.9868556857507134,0.9470232374060044
1_46_46825,0.0,0.0,0.0,0.0
1_46_46856,0.6642900180759188,0.4831274584224691,0.7673255813953488,0.5853974544623123
1_46_46857,0.790155673535499,0.7187415389613906,0.9598536098480648,0.9640878165111875
1_46_46992,0.9232951813022987,0.8436752817943755,0.9695269470324805,0.9180492709904474
1_47_47122,0.44493183165382333,0.10008299705217366,0.4487335868551338,0.243288542118191
1_47_47184,0.8498972352980176,0.6022175041283322,0.9001088444928198,0.7139935579528606
1_47_47211,0.901788539204556,0.6310964050598008,0.9299103504482478,0.7071898389657518
1_47_47334,0.9392135142619773,0.8098059907460021,0.980774818401937,0.9385113268608414
1_47_47340,0.22530831775111876,0.012960059035144359,0.006405342845216863,0.4887753481230476
1_47_47611,0.6566149853152107,0.30525533890436396,0.98348973400127,0.9345787753942322
1_47_47764,0.9202255982265111,0.7194525904203324,0.9868198477586693,0.9520050922978994
1_47_47779,0.8887997930677703,0.7093227241400915,0.9748268815983653,0.945727439458023
1_47_47781,0.8834052906519094,0.5799110751818917,0.9817508453652515,0.9339403031400342
1_47_47818,0.30225278557179236,0.21439343163538874,0.3103668475977616,0.26100511999084697
1_47_47851,0.9395460069784765,0.8095371042492602,0.9872195162566088,0.9594148770619358
1_47_47854,0.9536206427869435,0.8254227173264372,0.9785613233213625,0.9149423373162913
1_47_47956,0.9169641676583367,0.8065581236479563,0.9422236435348044,0.8481428113992956
1_47_47964,0.4484322155956941,0.012766134397870926,0.460009630959156,0.026080286371771927
1_48_48039,0.7860648898051342,0.5807215204279048,0.9596290234588107,0.9315265045834994
1_48_48060,0.749861704802615,0.5478266985511324,0.9078141200867188,0.7963116109824677
1_48_48156,0.5624140473960098,0.30517982920900083,0.6024045707876197,0.39473325518632607
1_48_48173,0.9533549102460367,0.8242756994850797,0.9794386422976501,0.9175050301810865
1_48_48240,0.9232860520094562,0.8151198705692013,0.9653417044924277,0.922178580780309
1_48_48251,0.5021735288920304,0.0786487622325842,0.9847483121698675,0.9365071410674016
1_48_48311,0.4850949628406276,0.4709985420656928,0.8933456990493855,0.898736695513777
1_48_48383,0.7583137214775402,0.8635176316935133,0.9072899132461478,0.943227899432279
1_48_48386,0.8433457500846596,0.779269202087994,0.9431534622582658,0.932831100120766
1_48_48388,0.8876927351020976,0.7500292340674333,0.9555282460923998,0.9031060242016513
1_48_48451,0.32500118056320737,0.013882285822953314,0.43761840900866383,0.15159804203858335
1_48_48466,0.9499854843392148,0.8599069716235929,0.9609783731547202,0.8909463848213777
1_48_48572,0.930964732759031,0.8065181518151815,0.9642992783896696,0.9025711396793298
1_48_48594,0.7991589269342687,0.5087324306069281,0.8529506265395738,0.6744087689000106
1_48_48668,0.9351308971911645,0.8139078156312626,0.9807330146313197,0.9439844988550291
1_48_48755,0.8643168554358608,0.6146130254374887,0.9369833099360474,0.8083068428977748
1_48_48840,0.49647378054243624,0.2861306422820504,0.5217098801146378,0.39215619924201406
1_48_48924,0.6776417462213795,0.20809216992464782,0.7184574046235248,0.21552708877284596
1_48_48941,0.7240012067405077,0.7169428944226979,0.8977405857740586,0.9143874359486258
1_49_49039,0.8889405050270431,0.6848674635028448,0.9750063945627946,0.9410194294754536
1_49_49123,0.7443047371595601,0.393135918721348,0.7939838178599202,0.47206367492276274
1_49_49284,0.23361528120098587,0.10857262628379795,0.24947371571669444,0.15821090571844107
1_49_49419,0.31477546394673467,0.2037229149131907,0.34433209911706064,0.3056578709015156
1_49_49481,0.22858137702274267,0.3251361388520079,0.23748843306600864,0.4219936263942263
1_49_49500,0.5371294354945726,0.45225807636503884,0.5628560259131018,0.4835543867672841
1_49_49503,0.5988118958010479,0.39255493811568576,0.8133112685525159,0.594754324662439
1_49_49609,0.8694747612551159,0.4763898677500933,0.9594651065608023,0.8804536261196186
1_49_49612,0.6906095551894563,0.5639937967524175,0.9772727272727273,0.9772675086107921
1_49_49674,0.9558296324040879,0.8008080808080809,0.9884579999442415,0.9448070464482605
1_49_49859,0.9299484116209612,0.8146302393877369,0.9565430714235649,0.8924791086350975
1_49_49900,0.1367347621676789,0.0,0.003822677107096615,0.3990800865800866
1_49_49937,0.8685593450997634,0.5167226706026442,0.9816487455197133,0.8738051607151701
1_50_50413,0.7851055711015009,0.5307000044332136,0.9324490213462456,0.7532143043048254
1_50_50473,0.2981429484862806,0.12235644195685288,0.25633425757720624,0.18394492346768265
1_50_50477,0.9001040413564392,0.6262202325436796,0.9437552547142294,0.7800283923686853
1_50_50516,0.9540172877993481,0.847476540705047,0.9877623674256472,0.9633816798102907
1_50_50665,0.8626499074719411,0.646324457135268,0.9218566705769435,0.8190313146444111
1_50_50833,0.19295177886878742,0.029154006478668105,0.16239292048756557,0.0374551318732768
1_50_50836,0.9496284062758051,0.8583193128486674,0.9805354414402445,0.8981138727304777
1_50_50878,0.29274869631821376,0.009663828408119973,0.28083543029693003,0.013545566256108364
1_50_50979,0.8646239072102484,0.7042518837459634,0.8148048932940442,0.6284435865941393
1_51_51078,0.8326206475259621,0.8066174408823255,0.9191931846654974,0.9364712192832478
1_51_51116,0.8936676717981272,0.7279483562981447,0.9414108535832538,0.870088161209068
1_51_51123,0.9367784697184894,0.7998638143335414,0.9854921881012854,0.9551817288801572
1_51_51134,0.7349577856150475,0.5558929588157145,0.8100280636108512,0.6850176422690673
1_51_51286,0.36004067703800763,0.11414982164090369,0.3614390437777843,0.04549100205524086
1_51_51295,0.8354456220335812,0.4455136729611451,0.9384584178498986,0.7936866257123825
1_51_51366,0.7840264650283554,0.6271886818882196,0.8639469189331231,0.8138893268169636
1_51_51642,0.9160090865614539,0.836475115778488,0.9478071300333419,0.9047619047619048
1_51_51689,0.5910794223095465,0.3265515320334262,0.7326928984333547,0.5076854823977661
1_51_51725,0.6746160064672595,0.900215672178289,0.8786343024806615,0.9696829437630178
1_51_51784,0.9529666725238681,0.8675649519839203,0.954,0.9033435103135007
1_51_51872,0.9475057626234071,0.7695620304196444,0.9803230677710154,0.9023989166183014
1_51_51875,0.8970146617205441,0.8713287578062202,0.941884916841904,0.92728805863657
1_51_51972,0.5209129983696458,0.10701051876643557,0.5349779610408076,0.22291114692305591
1_52_52012,0.5009476939447345,0.24410245672808487,0.5133511806699615,0.3083770186116877
1_52_52036,0.9751734309280603,0.9095479913520036,0.99613996811278,0.9848604321085003
1_52_52052,0.8001087957151226,0.3133423426713905,0.9835954588063743,0.864997504574946
1_52_52082,0.1968988051506129,0.18181034977887542,0.17795342443599904,0.20886257008811077
1_52_52303,0.8318868531018965,0.830175048624618,0.9464312660328957,0.94625074985003
1_52_52465,0.8353637709210976,0.7625580783729289,0.9276415780083261,0.9170840289371174
1_52_52759,0.8810077159059218,0.6858169502725922,0.9487927740142436,0.8744828206511963
1_52_52878,0.4332790587740953,0.23912797921608495,0.4346318320107227,0.2064528519300941
1_52_52930,0.8283201082610567,0.7485743666448537,0.9403417318273964,0.9099894847528917
1_52_52964,0.9068247821878025,0.8102227941767876,0.9161320674022753,0.8248820283132048
1_52_52999,0.8825036887473791,0.7754518770276533,0.9443827424177702,0.8884876983793769
1_53_53009,0.8047510162601627,0.6881549136222034,0.9284635521546516,0.9234891453158616
1_53_53174,0.532574974146846,0.40198104850616057,0.5685481953492796,0.4249614791987673
1_53_53496,0.5539195637355147,0.24602354885354266,0.7572024382418993,0.6130823819808701
1_53_53497,0.20616474269161675,0.11627638712654285,0.0,0.03745075214899714
1_53_53538,0.4413264498147151,0.30138864780420066,0.9152849379963773,0.8911489565843128
1_53_53692,0.798175598631699,0.8715608919382505,0.9233144621718992,0.8811794044301012
1_53_53725,0.7490161984076141,0.5873080360770293,0.7288263237168346,0.4735445205479452
1_53_53766,0.7666508038319091,0.520662316705255,0.7955244878220347,0.5876601118527873
1_53_53905,0.8876756838446426,0.8023463491507616,0.9625754693573733,0.9390662291169452
1_53_53918,0.755786929441294,0.8020340077486009,0.8206831119544592,0.8745496804183615
1_53_53989,0.8873992775771048,0.8211376980870004,0.9092791411042945,0.831297812374178
1_54_54098,0.885280065060486,0.8381404577988804,0.8331279138309844,0.8135797224582272
1_54_54381,0.1037474394505362,0.08454992043174428,0.1140724424865394,0.1382219792849234
1_54_54383,0.9173538300809672,0.7797977880096834,0.9505087151983594,0.8634526418310202
1_54_54722,0.342806506740933,0.09683917693894191,0.9477076492764198,0.8855380397532556
1_54_54860,0.14220522484573034,0.023457466228550567,0.0034519700035710033,0.11090428985758193
1_55_55005,0.9316634637308231,0.8038103269827883,0.9768343779216732,0.9458745346090717
1_55_55083,0.9622055210290504,0.8089742314197592,0.9863272129555261,0.9444091822701788
1_55_55207,0.32374619008035466,0.16118350779747917,0.0002690124552766793,0.19482051794820518
1_55_55230,0.8571233872433218,0.8564296316286601,0.8875451625853071,0.9150988411724608
1_55_55344,0.19920315340571215,0.24053085850756276,0.17168626422462152,0.2155757326798589
1_55_55346,0.42412981744421907,0.21054733521036761,0.8428184281842819,0.49776091081593926
1_55_55407,0.22525643454491326,0.21200219935590292,0.2570971485931177,0.29331518745342017
1_55_55469,0.9340869537950173,0.6587959176416202,0.959488064610675,0.7609410273674205
1_55_55491,0.8157979928779541,0.7179971133562785,0.9822861616754747,0.9831683883551253
1_55_55512,0.8028369415318609,0.41371443555788645,0.9883045674310563,0.9587403866140095
1_55_55530,0.6063737718271139,0.24715592237341066,0.6866316942410792,0.4936790505675955
1_55_55589,0.29600893211967527,0.14334382039205465,0.29091111979021367,0.1334473299846817
1_55_55601,0.8940908777494312,0.7459468782338737,0.960847917923959,0.9069197410596442
1_55_55613,0.7136367793664827,0.524099413571628,0.8908106836098365,0.8127200622660391
1_55_55623,0.6737042225335201,0.3237960632907029,0.7202995453329767,0.4352714009869127
1_55_55677,0.11752793366447362,0.21809008634141266,0.0,0.14912442736810994
1_55_55731,0.6231068488193251,0.3425527091362503,0.8848692692486205,0.8034771937001431
1_55_55762,0.8594892563842952,0.8254182784172998,0.9240726910629823,0.9005513981882631
1_55_55825,0.17032449556208795,0.07589859775886351,0.19525825571549535,0.24495422572549574
1_55_55826,0.7663947215906558,0.6996463638698461,0.9442378150327523,0.9366427468434917
1_55_55874,0.4732126944144101,0.5334442941849579,0.48281109244515863,0.5395617493352892
1_55_55915,0.8988282113641388,0.7006958892316522,0.933723332636906,0.8429189100995268
1_55_55923,0.29435123452267564,0.18369943051549442,0.0,0.02814678977333305
1_55_55970,0.7497340425531915,0.4371797218155198,0.8957770359773221,0.6878043616345543
1_55_55978,0.1985546774332102,0.0,0.20563377149084763,0.00040929927963326783
1_55_55982,0.8191139834639131,0.4655592807071015,0.8913641364136413,0.6612377850162866
1_56_56041,0.9378088015626795,0.7503147293327738,0.9840801168878607,0.9343328904915543
1_56_56043,0.8829924405228428,0.6853963083604777,0.908119823515752,0.7412938034770287
1_56_56048,0.14096799005975977,0.23399191170275507,0.2862251322085117,0.41109191430545955
1_56_56055,0.8271191449539477,0.7011893962302187,0.9813997292365648,0.9717066254189224
1_56_56060,0.6706309041835358,0.29252642174131854,0.9326686217008797,0.7238289667687422
1_56_56083,0.21057424740703262,0.38754129306276547,0.23081060728309397,0.40130416626513765
1_56_56150,0.9311753614079196,0.7287513554091251,0.9518308631211857,0.9079154840744245
1_56_56155,0.9329777250950758,0.7533538871760687,0.9666485549432068,0.89099019562288
1_56_56159,0.3716031998082512,0.45874457165416505,0.4003658098442042,0.5444629455344
1_56_56172,0.9409940296192914,0.7947694150529048,0.9637025060630557,0.8235477826358526
1_56_56174,0.9480190556594102,0.8404804353945763,0.9416891341149916,0.7821184409127231
1_56_56243,0.9228886849642668,0.712105095202638,0.9414607948442535,0.7701870373509634
1_56_56265,0.8995926192187874,0.8401540154015401,0.9642554301741569,0.9476781825672415
1_56_56371,0.9108646354879992,0.72587499034227,0.949527192435079,0.8565940065515428
1_56_56543,0.0660987844387863,0.0009373326191751473,0.0,0.11265934620724473
1_56_56546,0.29052318847877534,0.28084290343201007,0.44045887865567945,0.34346354166666665
1_56_56638,0.8288062543850857,0.7486059844498547,0.9697649698830755,0.9626893239748799
1_56_56702,0.564176568337144,0.45997647793005786,0.5828315416868036,0.4817977127315692
1_56_56734,0.9514358415121774,0.8218267772723218,0.9889878993468685,0.9570229596758634
1_57_57054,0.7167912794353993,0.7196243623434843,0.7934089849214985,0.8503955328059563
1_57_57302,0.899735041268752,0.6015585509688289,0.9862924144330332,0.9197799916977999
1_57_57303,0.5220148190367626,0.3816777515554602,0.5183737294761532,0.5115434371579262
1_57_57320,0.9192520630941189,0.8174885020667171,0.51411890192556,0.5850689980286278
1_57_57441,0.9543692870201097,0.8440520311023908,0.9786370597243491,0.9227727204894792
1_57_57642,0.7430340557275542,0.3952962191128312,0.9564699205448354,0.8509984639016898
1_57_57798,0.815351500941692,0.5956688596491229,0.8044817036831022,0.643561883352067
1_57_57840,0.933634554800199,0.8540699750089253,0.9621484272321037,0.9071743673090318
1_57_57848,0.8599413980745082,0.6562222741069343,0.9117024629654644,0.7446178155243927
1_57_57910,0.7394713912285797,0.8464260075889652,0.8385026737967914,0.9156552722413985
1_57_57941,0.8480878888619802,0.5253378933868262,0.9862428105083165,0.9489355581127733
1_57_57942,0.960624685138539,0.8364460486003273,0.9855351170568561,0.9369871566179094
1_58_58095,0.45206124516616963,0.31027034103554363,0.5536140500872787,0.5556549564738671
1_58_58150,0.9001038992788167,0.6732415685161535,0.9266162835005716,0.7420391916717698
1_58_58417,0.8756030878095851,0.7287433839849753,0.9442010194044532,0.8804801425423172
1_58_58478,0.9032375926113874,0.6222396499772981,0.9468844887311294,0.8162846695799518
1_58_58671,0.8090380607656027,0.7986460218513305,0.9418680600914435,0.9579367516119128
1_58_58696,0.8784942313831,0.6917558914955233,0.95220293054998,0.8534085378074269
1_58_58820,0.15231561568869917,0.0,0.001588578322943897,0.4097498246434417
1_58_58837,0.6674105778049526,0.45894076397859385,0.9517330597314538,0.9265374491505145
1_58_58843,0.8929507556745302,0.710394726873248,0.9452123723545952,0.8573460100763856
1_58_58854,0.8094508071061413,0.8019202087994034,0.8808668132811243,0.9096159103335156
1_58_58924,0.7609058845368479,0.4466061769324725,0.8348447712418301,0.6080359371100574
1_58_58944,0.9515168584533676,0.8630574917457157,0.9871778702652709,0.9529942756494936
1_59_59047,0.8534709713177221,0.8333677685950414,0.9351617116078974,0.9415411387242373
1_59_59085,0.856751327795179,0.5925164354600481,0.8926204469533218,0.6746735499544488
1_59_59137,0.6280799236684066,0.5115053960124383,0.6780989710926016,0.5644742865862964
1_59_59160,0.13663613534423946,0.22162446500729263,0.38050750652741516,0.26949666177375825
1_59_59204,0.31360864504247815,0.34001823154056515,0.35691675231243575,0.3742270800174655
1_59_59208,0.8532577769347496,0.5854819145958386,0.9778870453796286,0.9428518311953895
1_59_59240,0.8424478398521228,0.6071866568555311,0.887563025210084,0.7025522191110682
1_59_59253,0.9472333974695353,0.7827009334464784,0.984102282436226,0.9327479545000997
1_59_59300,0.8688509683872336,0.6104977375565611,0.9216667204596068,0.7372685753572656
1_59_59420,0.9445607911576498,0.8500402252614642,0.9490619877360209,0.8213231186657091
1_59_59421,0.9425407620542332,0.8505806303987186,0.9641552511415525,0.89953146313979
1_59_59466,0.8674240477047243,0.6662426863393539,0.9445918066607721,0.8134556574923547
1_59_59468,0.8024852371119081,0.6128302785051178,0.9506054950301662,0.913719056121218
1_59_59495,0.6155085790122287,0.4640375676841248,0.7561746459089312,0.542936143572621
1_59_59550,0.576196556734622,0.46013213350039867,0.9610165679586176,0.9541499160348074
1_59_59563,0.8433744362470346,0.6029197912805452,0.8921731304665748,0.7456546580862453
1_59_59625,0.13634906747286446,0.1972884525479196,0.0,0.5393984588615461
1_59_59743,0.5131723140314732,0.3290212471245888,0.7534798614590368,0.6123500441974997
1_59_59823,0.3805263885051119,0.20419070374271028,0.8195534097767049,0.8569412020196536
1_59_59909,0.8441488284151529,0.5421243855524684,0.960241103512229,0.8781222320637733
1_60_60087,0.8375306440829062,0.7146374096869146,0.9001383576137381,0.8725254605790136
1_60_60097,0.3558631599762705,0.005284600850259801,0.3818212679283714,0.017405632115038944
1_60_60281,0.9640666771504953,0.8713801384376324,0.9948235102307003,0.9793751895662723
1_60_60387,0.9265376703139441,0.7624106230847804,0.9632034632034632,0.86032151602257
1_60_60441,0.6038106722942418,0.4301523426271917,0.7143314046462943,0.632824251862601
1_60_60473,0.6664573222951755,0.4088100028743892,0.9057948316366484,0.6056141747959387
1_60_60686,0.8440819423368741,0.8174001011633789,0.9142905779215252,0.8967857142857143
1_60_60730,0.9070597070972587,0.7621975406584689,0.9226463650010722,0.8262932290149403
1_60_60758,0.3592464715030468,0.0,0.38033156951879965,0.0
1_60_60884,0.6324718174319494,0.3823476662332422,0.9639826035552929,0.928754604373572
1_60_60933,0.9198058891265011,0.7318864153924803,0.9261554131477316,0.7542518987931597
1_60_60982,0.6252964719833976,0.2542184998152482,0.6854266380590857,0.4070480578901256
1_61_61011,0.9048991354466859,0.7079183088498746,0.9778133520098051,0.9236530662914839
1_61_61018,0.9229083718568795,0.7385025719184607,0.9765832275925712,0.9247901872175597
1_61_61059,0.7227963359862395,0.30963990997749435,0.732967002469958,0.44951895544611153
1_61_61098,0.07625440576610827,0.14651131941987974,0.0002900792883388126,0.12989446419222397
1_61_61141,0.0734757855056318,0.0,0.07371343631517946,0.24855072463768116
1_61_61147,0.6989696830047072,0.3099980280023664,0.8959728324475739,0.5945787603015271
1_61_61192,0.890599354802196,0.7129975808225203,0.9182169606185069,0.7327650323245037
1_61_61260,0.13388886232126632,0.013781968785829608,0.1047324234322968,0.07410839735732863
1_61_61269,0.8668476785229432,0.7778867150942556,0.9201959446890308,0.8358461138549519
1_61_61280,2.0530929845812718e-05,0.0,4.1061859691625436e-05,0.0
1_61_61292,0.37326607818411095,0.1263081695966908,0.737425724044355,0.49790943515304514
1_61_61299,0.36089514124809047,0.1299162498890237,0.37459152261425527,0.30465052368011236
1_61_61562,0.9050879622506026,0.6449769273104441,0.9798186194928064,0.9228511530398323
1_61_61579,0.8807017543859649,0.7430531732418525,0.9062796690627967,0.9046811397557666
1_61_61603,0.4805540082037778,0.26007149731885054,0.5456803264147596,0.3367367022585248
1_61_61640,0.6359540636042402,0.5216838279830406,0.6764047816914914,0.5503452004658127
1_61_61668,0.9505782575173477,0.874150999114086,0.95917225950783,0.9018546365914787
1_61_61767,0.9227963759213759,0.8218916336836358,0.9799108056135183,0.9506044905008636
1_61_61845,0.8433046232281488,0.43912128309270404,0.9103174274717544,0.557839902760896
1_61_61911,0.8075886238037472,0.4216702089975204,0.8472529301286166,0.5253541076487253
1_62_62065,0.9570828037931371,0.8813789359391965,0.9810110600474724,0.9465632710609799
1_62_62066,0.8804347826086957,0.6858092512233405,0.9382694128787878,0.8216126296562072
1_62_62467,0.839795153634774,0.4314984816223952,0.9724307240814944,0.8755172212832916
1_62_62514,0.8353026987600292,0.8371116708648195,0.965628174737555,0.9688741110187494
1_62_62798,0.9703805536461914,0.7374975291559597,0.9834799296337758,0.7859404686510449
1_62_62852,0.9731045505483806,0.8962096689986426,0.9785763908447399,0.9217740217314111
1_62_62861,0.545286309121321,0.39502965412271035,0.87602523659306,0.8238238238238238
1_63_63034,0.6144464179988158,0.0,0.6823779032319176,0.11658212349134162
1_63_63150,0.22786338497910247,0.10851028941543002,0.25979580042381045,0.15623916610811936
1_63_63372,0.922118119457922,0.8553237991162636,0.9472563545224681,0.8946036689212203
1_63_63377,0.28554944079531336,0.21341392084226946,0.2795641274579415,0.23933335717606666
1_63_63398,0.907701740319766,0.750734073790374,0.9728388746803069,0.9229366804571909
1_63_63410,0.8238535721314701,0.6803578879050577,0.9218039804068664,0.8435790635820746
1_63_63411,0.12279549797543585,0.0,0.12694982309984837,0.15819408626841416
1_63_63499,0.41165641545245674,0.3089838639337113,0.44247257306167603,0.37166574868203633
1_63_63566,0.8521059307773953,0.537638182137217,0.9698451752280365,0.891132713894409
1_63_63567,0.42076006936867616,0.1083863668505162,0.39484404974888454,0.04392440346739363
1_63_63592,0.9487000928505107,0.8025506867233486,0.9727948904519363,0.906485563931162
1_63_63633,0.895866454689984,0.7788684306791854,0.9760389367278173,0.9556700332135837
1_63_63720,0.619318043926708,0.08930302367030424,0.6022421524663677,0.13651147959183674
1_64_64053,0.9179960448253132,0.7751937984496124,0.9536069695789213,0.8700084068936528
1_64_64272,0.27858333333333335,0.0,0.3201318234944722,0.049379237474685214
1_64_64480,0.45730701531035856,0.11888969954234928,0.4369686355675848,0.10770942502332927
1_64_64709,0.6586069210292813,0.565571488236113,0.9138000809388911,0.9081884552760124
1_64_64723,0.8261703500016974,0.5672802284988893,0.9544796234461118,0.8320883909119203
1_64_64815,0.1266856344382902,0.018499985703256797,0.13570263658602882,0.0
1_64_64878,0.5806219923866983,0.07031541778426646,0.6111741135556059,0.04113822871149952
1_64_64891,0.9061737857988991,0.7277207805270569,0.9408761284593755,0.8390509778775248
1_64_64938,0.4095977071755618,0.3678621054721101,0.4662775616083009,0.5056279914177257
1_65_65200,0.9556790942010507,0.8328710124826629,0.9782017068724074,0.9125915917476485
1_65_65241,0.8412698412698413,0.8164130225390098,0.934006656719844,0.936962149303855
1_65_65292,0.4291603179665261,0.26943359108172354,0.4286593011426814,0.28555665894295484
1_65_65437,0.9414231924121824,0.78707453683757,0.9724635877007345,0.8984023505646864
1_65_65742,0.664096523166988,0.6737833230006199,0.7125137384204742,0.7063735377168213
1_65_65743,0.9143277198609997,0.8575833381813951,0.9824345814659534,0.9674731015610424
1_65_65815,0.9107496153000659,0.8012525765022991,0.9584253707794257,0.9165886458421993
1_65_65819,0.8505109058754176,0.7191904413557669,0.8519025458527237,0.6956699848428987
1_65_65838,0.9052423156703753,0.6852849740932643,0.8972573907975262,0.6725856697819315
1_65_65856,0.5436984910383262,0.440603595890411,0.9527003930951974,0.8880314722348313
1_65_65859,0.8961625282167043,0.6698641731490065,0.9641591420382755,0.897291846730049
1_65_65864,0.5845437322387117,0.4982006543075245,0.7153284671532847,0.7695228661053327
1_65_65984,0.26690810522573766,0.17804685224483002,0.05925947039876864,0.3050510504614176
1_65_65994,0.7740784780023782,0.5759230306674684,0.8190187178048656,0.6217874566212342
1_66_66017,0.8754586618783667,0.5240143624017918,0.9828260725416087,0.9258340461933277
1_66_66053,0.9026966171661395,0.757713742014408,0.9591717017657065,0.8907958687727825
1_66_66111,0.9619053622457556,0.812461155997514,0.9924495362793235,0.961588431339321
1_66_66201,0.5102873976479321,0.15137811391368758,0.5558634364593131,0.34119993352168854
1_66_66209,0.9040541459764642,0.650156259213397,0.9683857163936845,0.825587175344849
1_66_66254,0.955188449156125,0.865327107706836,0.9721490783876848,0.9131768758746905
1_66_66552,0.5811616533797817,0.2385250664010624,0.7853755776375004,0.3879941042476216
1_66_66598,0.32665807920436163,0.4633476902288658,0.3319139088174034,0.43991861034703644
1_66_66640,0.12661745944960817,0.0,0.134398916683795,0.0
1_66_66667,0.4255213208787269,0.1730788856005715,0.48188602442333783,0.2619138585364611
1_66_66696,0.8650888405084627,0.5575653990409724,0.961523376215877,0.8800857881788936
1_66_66821,0.912392692053709,0.8699407281964437,0.9741694484183755,0.9355010345846881
1_66_66889,0.17794152697227297,0.08499196871289895,0.12948777244608892,0.03631682102916875
1_66_66903,0.8675718668333144,0.76549822347139,0.9564998108687429,0.9210587550901687
1_66_66940,0.7868346267351624,0.5811378590492298,0.945385939361843,0.897462266719095
1_66_66941,0.9154057287634598,0.820703095719961,0.979953097813753,0.9562221321443048
1_66_66979,0.8486943729312247,0.8311404876223732,0.9517540204982918,0.9507849241571174
1_66_66988,0.9272482907730965,0.7887942163697392,0.9758769230769231,0.9309272521673577
1_67_67033,0.8500762970498474,0.8535200460387493,0.934429715743957,0.9362599910739644
1_67_67050,0.8943248532289628,0.6811812467260345,0.9582644006617537,0.908729171847799
1_67_67163,0.7933668131408245,0.8411620795107033,0.9600155279503105,0.9759052453468697
1_67_67165,0.78287253005651,0.6437954382352024,0.9280461695988085,0.9120379075627092
1_67_67202,0.632257347630424,0.6813123744539744,0.8737886839637387,0.9321314102564102
1_67_67219,0.5825034387895461,0.16262587565674255,0.970146464528487,0.8502011896431071
1_67_67339,0.7690066996795806,0.5828992801545034,0.9256746682570449,0.840129603287498
2_67_67381,0.2903027250853338,0.24681591064955422,0.6909975669099757,0.7806865714697822
2_67_67412,0.5316272555760038,0.3471898197242842,0.543782525010099,0.31925271489048407
2_67_67426,0.8826106492922938,0.8276059097216554,0.8814337095373931,0.8229025844930418
2_67_67911,0.8198304088657543,0.35264731750219874,0.8812797896236235,0.6360333215171925
2_67_67978,0.9181383840969201,0.7912974324017269,0.9426229508196722,0.8644581826665111
2_68_68009,0.7857931542142068,0.784173071448904,0.8251949117767747,0.8271849319177014
2_68_68042,0.9215051083977075,0.79296373826727,0.983968688006005,0.9518341783477483
2_68_68315,0.29259514105753454,0.022346066443025645,0.2600410896601477,0.06378784024421266
2_68_68340,0.8798711194322288,0.6971373328320533,0.972133484051703,0.9318585697653042
2_68_68343,0.4333742879481738,0.13386469619605076,0.8597046709070022,0.4752122778334476
2_68_68401,0.925,0.7771470215948756,0.9646913707149098,0.8924538301602185
2_68_68592,0.9467463014794082,0.8105176019518996,0.9812728221178926,0.9310344827586207
2_68_68593,0.657619213020394,0.303292317924842,0.7614697348386912,0.44338078874161346
2_68_68614,0.5329500221141088,0.5886191433431266,0.5628815291550424,0.604790951083738
2_68_68615,0.9110262452262939,0.6687144482366325,0.9819839907244309,0.8759277532283667
2_68_68619,0.9456815429050591,0.8267254038179148,0.9771263096245201,0.9246147438567264
2_68_68620,0.9191645952137252,0.5962604576151598,0.9243673059650235,0.6179608498005381
2_68_68707,0.23627894640873903,0.06381027724837283,0.001170164577985807,0.14453468865746508
2_68_68825,0.07923964117898334,0.25357396329717125,0.6699227136109919,0.5948071095093783
2_68_68857,0.9437126585374376,0.7930167597765363,0.9914558366622281,0.9699215554165262
2_68_68928,0.8115184678522572,0.4716981132075472,0.9677825237574915,0.8962174691813297
2_68_68931,0.8284641068447413,0.6240144256267015,0.9106770833333333,0.7914522172355581
2_68_68932,0.4554870923191331,0.22812655292363757,0.9634812286689419,0.8388546695521891
2_69_69141,0.8083618025052871,0.8420747369293231,0.9134615384615384,0.9094380796508456
2_69_69152,0.9570730744560122,0.8893406730889528,0.9854863612969634,0.9583794698104605
2_69_69224,0.767812367395749,0.7905272647419154,0.9661307714929909,0.9668853644676344
2_69_69370,0.7997498294291563,0.8079614546288861,0.934154175588865,0.9547140347452664
2_69_69372,0.9184617256906413,0.8585879103022425,0.9420017911211566,0.9062526620666156
2_69_69490,0.9553756394537691,0.7970298788503215,0.980226238345632,0.9270003941663382
2_69_69494,0.8072215201299874,0.6093950343862921,0.8784103868760418,0.7820831696993499
2_69_69499,0.7959224227008982,0.36153002467781736,0.8954419522562526,0.5800183470936535
2_69_69606,0.8299441786283892,0.5985926755157525,0.9020304568527919,0.7610271092421937
2_69_69612,0.917078462094733,0.8207751327955931,0.8916706217370669,0.7569031498380925
2_69_69648,0.8152661962796665,0.8456044482791679,0.9088379857182602,0.9274298924515026
2_69_69666,0.2828013237963062,0.15045846817691477,0.000960979187213919,0.17095742509129674
2_69_69781,0.8738372646750691,0.7536961531643326,0.9477489434529007,0.9151190654485547
2_69_69802,0.9702860973638031,0.8614548454408696,0.984986323574106,0.853764635105743
2_69_69903,0.92146529562982,0.7449539949812707,0.8684764213511412,0.637105830222465
2_69_69989,0.5709122451930028,0.3624652746661887,0.9727782225780625,0.9449349815379676
2_70_70132,0.9157591287636131,0.7273720048821224,0.9696219731159315,0.9160417688695774
2_70_70211,0.8518038453229639,0.8747261616511011,0.9555694618272841,0.9635292643188369
2_70_70242,0.6366057582091565,0.304080430139206,0.6785752794450635,0.3620885357548241
2_70_70269,0.8847660276231705,0.6775839744077995,0.9538898266073347,0.8894157814871017
2_70_70304,0.17582282432854318,0.0,0.009802646714612945,0.3097246631517282
2_70_70320,0.911217729038154,0.882090824550527,0.9732720715379675,0.9553612325629814
2_70_70531,0.5913253984264676,0.32998570282805034,0.6852026390197926,0.5
2_70_70577,0.7495778101649432,0.594323704953537,0.8307430664573522,0.7048653856447037
2_70_70587,0.6916490619360074,0.42005546830621177,0.7162240772519706,0.4936879604330232
2_70_70604,0.8953410504161484,0.8550920452626246,0.939331407346265,0.9324193690130943
2_70_70612,0.8776061263334957,0.6748910644558882,0.8533032022309838,0.676743292917101
2_70_70640,0.9562037121696992,0.8299927771758757,0.97785437718387,0.8522509160704939
2_70_70669,0.9184015388911296,0.8803679201485608,0.9767007766407786,0.9608010746122848
2_70_70693,0.956774021825925,0.863360067539046,0.9877916516032148,0.9603849597135183
2_70_70761,0.88551201011378,0.7885225760212962,0.9691598132918426,0.9232748914267331
2_70_70783,0.89140380447869,0.8203625709577,0.9451180049186694,0.9205494419729962
2_70_70803,0.9212063188128291,0.8492650500889429,0.93864906043677,0.8886660937649193
2_70_70863,0.3578439195659113,0.2595839524517088,0.47393228953192884,0.3170633966498357
2_70_70895,0.38551422910662825,0.3641600092624754,0.43844804457744296,0.40899801000376484
2_70_70915,0.945808488249737,0.871338311315336,0.9855889145496536,0.8779501748251748
2_70_70926,0.6288235884063785,0.6677163198247535,0.624459108610991,0.5033627803831752
2_70_70943,0.789219300401409,0.38622216074145804,0.8170380866503499,0.4471016012866233
2_71_71085,0.3298535294773919,0.0,0.35241651476808183,0.07616068215165693
2_71_71115,0.9623339498907012,0.8743892396376612,0.9849267126373055,0.9489667049368542
2_71_71150,0.8457578253706755,0.7630191404839293,0.9398566897685893,0.929279576999339
2_71_71279,0.7654864658563796,0.788929719797887,0.9329737504494786,0.9436889893004817
2_71_71449,0.6866726835138387,0.47923611260457216,0.9110230032861837,0.8642843444352106
2_71_71631,0.9516535922866918,0.8611979028756024,0.9720485736868578,0.9179442413661411
2_71_71632,0.9328859060402684,0.8551433014885581,0.9467436030837629,0.9042848248146261
2_71_71768,0.9351145038167938,0.9042788953290146,0.9732894609503533,0.9659410112359551
2_71_71771,0.7060447990181037,0.3661570836170081,0.8633705631249634,0.6934070121951219
2_71_71951,0.9492794950762329,0.8216646431943883,0.9874960051134548,0.9510845829087203
2_72_72069,0.9025665606344503,0.7653443113772455,0.9713623023762189,0.9279387119942543
2_72_72074,0.912189429668887,0.861972580859843,0.915965947668042,0.8570807048074831
2_72_72102,0.5550363914098302,0.5188507898068138,0.674632755974567,0.5887068461088356
2_72_72152,0.7585457271364318,0.6003317609247836,0.9292725173210161,0.8869143780290791
2_72_72319,0.908434627013019,0.8980243646484464,0.9565042557469339,0.9486618814469744
2_72_72352,0.929357691862037,0.7804226522616645,0.6827689243027888,0.3938663642377847
2_72_72377,0.8986578604538431,0.6793505834601725,0.9512359550561797,0.8731992873504708
2_72_72453,0.8899412239895261,0.6310753277410108,0.9006109157973604,0.6717944487977894
2_72_72562,0.8978701782614219,0.7016011644832606,0.9550566955883028,0.8290862859985628
2_72_72593,0.9531602708803611,0.8753167764825139,0.9311650226606238,0.805694663041923
2_72_72714,0.2733412750749856,0.0798761210400671,0.2613120337333766,0.19791634747969972
2_72_72747,0.8190351808015672,0.5642126483984171,0.9387601753287413,0.7746834302194583
2_72_72778,0.3608661209400581,0.41065714418216387,0.37597422268733993,0.4642978661352258
2_72_72940,0.39454374412041393,0.5408171236622139,0.4823352291736367,0.5430913095281077
2_73_73034,0.918989737244341,0.7646896297660711,0.8148986842618983,0.678764566989108
2_73_73091,0.9449422976044763,0.7820093134768776,0.9656994467652704,0.8890611374866777
2_73_73097,0.0,0.08467959073774906,0.0003899987000043333,0.16667775633774704
2_73_73123,0.771605476584983,0.6104662473250762,0.9063600352112676,0.8953306717583753
2_73_73225,0.8244033872209392,0.7315097375575653,0.9409317051108096,0.9147914199236742
2_73_73260,0.8782287072977422,0.617982587811468,0.9768286001278422,0.8873972220931853
2_73_73453,0.7261291526689063,0.38036452004860266,0.7587076076993584,0.5103102906520032
2_73_73493,0.778500237304224,0.41667359667359666,0.9768423591846581,0.8895839394821065
2_73_73494,0.5042887531736774,0.317188315075639,0.5346009285872209,0.37049122497574744
2_73_73629,0.8706611570247934,0.8373308251032032,0.8944191343963553,0.9122401847575058
2_73_73776,0.8378181818181818,0.7281524401170778,0.9446143671984789,0.9099754883755478
2_73_73838,0.9413319994283265,0.7943543343201435,0.8935170377660229,0.6695851817262044
2_73_73901,0.519379337436166,0.19325237650420352,0.8291948051948052,0.6820284542201275
2_74_74023,0.8653745141296355,0.7208619000979432,0.9540567534222432,0.9111381618989653
2_74_74056,0.3472854511970534,0.04931448933985626,0.34920352670963917,0.1762790027381467
2_74_74096,0.9469431195553628,0.8325445941026575,0.9829629629629629,0.9429864253393665
2_74_74102,0.8226731679334576,0.6692992874109264,0.9491180461329715,0.8062458764020233
2_74_74124,0.7922166029357346,0.6134669589727529,0.8706123845364352,0.7738618683623081
2_74_74166,0.8235601001669449,0.7253918994191135,0.9087647973215354,0.8916142743292305
2_74_74171,0.8516172057352451,0.6629410825482995,0.9420593368237348,0.8664543524416136
2_74_74172,0.8563333475352563,0.5884500497842682,0.9411918639229214,0.818970458975045
2_74_74193,0.92054619159377,0.651886763201141,0.960161311844856,0.8142552372958416
2_74_74275,0.7034449912684553,0.5690773312371032,0.7522951474026345,0.6176196877261917
2_74_74293,0.48148932703275216,0.4644847122723229,0.5680008252527337,0.5929110981987217
2_74_74294,0.19175234772280167,0.2644698045211314,0.24141887846737178,0.4084672166739036
2_74_74361,0.8551495016611296,0.6529787343597138,0.902635037597225,0.8107334047109208
2_74_74385,0.9052457877366684,0.7308154506437768,0.9335845501648611,0.8988210075026796
2_74_74448,0.7862875916826376,0.325213546808602,0.8864435088207662,0.5753210932493801
2_74_74478,0.1147100461409396,0.09973315543695797,0.08191700280303549,0.07589250737771278
2_74_74515,0.0,0.0,0.0,0.0
2_74_74560,0.8011299435028248,0.711323518076004,0.9416186419443748,0.9237031427489587
2_74_74641,0.5578206380208334,0.274603052849582,0.6791200079278565,0.5179569710316788
2_74_74722,0.23836206896551723,0.0,0.2590325703400681,0.0
2_74_74783,0.6155274313828635,0.2767158087622855,0.6290720735927082,0.3613324479858344
2_74_74876,0.075071474684128,0.0,0.0826647709962425,0.0
2_74_74879,0.42671226054911854,0.272457280592261,0.42850915431560593,0.2562003968253968
2_74_74953,0.7745713551419026,0.5739621489621489,0.8497424155695478,0.7129160758895415
2_74_74979,0.874058913822089,0.8658753398870529,0.9284665579119087,0.9173269795533884
2_75_75089,0.8951783992285439,0.6711409395973155,0.9734003172924378,0.8932214425233307
2_75_75104,0.3777828227648736,0.4870699742569623,0.4278272477168764,0.7071977486740989
2_75_75154,0.42238702323082766,0.41755552477259084,0.5217647154976544,0.5182762100055334
2_75_75169,0.35631194729657545,0.24936670099935973,0.48064878753814033,0.2829383886255924
2_75_75231,0.20865530303030302,0.03470530930345835,0.2308966790054843,0.08263118994826311
2_75_75252,0.8469177072067643,0.8039123996570805,0.9411340034431055,0.9124376039933444
2_75_75273,0.8137224464452033,0.8093121331281701,0.6401618518867037,0.5645805592543276
2_75_75278,0.26380946120642434,0.3403224640300774,0.2763651618617009,0.3824489486069992
2_75_75430,0.3355000609936741,0.25246045192362604,0.9708507454986328,0.8811149032992036
2_75_75449,0.5843596059113301,0.5432416267942584,0.9247877072381723,0.9506517690875232
2_75_75568,0.5093769890022055,0.28522501377146553,0.590276652390323,0.37277432375248204
2_75_75665,0.8958448498249493,0.7959550331091833,0.9544291091593475,0.9151785714285714
2_75_75699,0.5836244199989573,0.25179170932641254,0.9065029801619073,0.7747103642626031
2_75_75707,0.9603783421464214,0.8276285285694804,0.9859269597580833,0.9434131736526946
2_75_75723,0.9607712895852463,0.8108083012210409,0.9679067989295559,0.8433933792322927
2_75_75734,0.89793627493308,0.5042798845426495,0.9432511764431812,0.6970631186110661
2_75_75742,0.9033098060714041,0.800600772421685,0.9515337872465042,0.9012611504152569
2_75_75751,0.8796869796869797,0.6091174131990459,0.8800413268883067,0.6978908856128269
2_75_75805,0.9372417945151446,0.8052937998919633,0.9556818930131483,0.8582901170543784
2_75_75818,0.24526362399974697,0.28229227857189476,0.2689380716330378,0.3437720506703404
2_75_75920,0.09801284392229516,0.17248221458645888,0.004465427027764048,0.5187791688273206
2_75_75971,0.7704855553014711,0.7883125269048644,0.8289726818006926,0.7244690674053555
2_75_75986,0.8933194335852662,0.8112699647065861,0.9348347793981909,0.9203019573785824
2_75_75991,0.9026985613348089,0.7814743477499563,0.9345797271075246,0.8565581952485526
2_76_76026,0.7619958318009072,0.35363484087102176,0.9615716614981298,0.8775813400683405
2_76_76032,0.9540311831623323,0.8470191809227579,0.9920168748985884,0.9718033522058411
2_76_76096,0.879464734882785,0.4385657274156488,0.9898799313893654,0.887634684453566
2_76_76123,0.8791880230504155,0.7571255481190861,0.9523010166914769,0.916544967749787
2_76_76149,0.8795284957283444,0.6733093597043253,0.9233341489274937,0.796690685882039
2_76_76170,0.341503563546905,0.3994666896047482,0.37362286444196074,0.40133114026699307
2_76_76184,0.1461913007444242,0.06847171605133894,0.13584826332849606,0.0
2_76_76186,0.6966647779449405,0.3127884995823625,0.7525816827492805,0.5210080075365049
2_76_76256,0.9644370929391088,0.8422969665926812,0.9781774580335731,0.8602068590092542
2_76_76257,0.10393501478697713,0.0,0.1204894157113226,0.01996337653944203
2_76_76272,0.09419375,0.0,0.09202415358557334,0.3619324272919044
2_76_76273,0.8697117184575065,0.7806860995439223,0.9314720812182741,0.8846720448965275
2_76_76326,0.8667440199928597,0.8642745709828393,0.9417341497136086,0.9291686019507663
2_76_76343,0.8197290152015863,0.8698725607327757,0.8871620344110418,0.9405714520807191
2_76_76407,0.8764209498570332,0.7345200644517763,0.9576795238463323,0.9055144728502007
2_76_76631,0.8288830653729018,0.8325272341002576,0.8353156450137237,0.900136092730771
2_76_76635,0.920515670148922,0.8110066810100781,0.9765369483812865,0.943503853389162
2_76_76639,0.8655163743792822,0.6152554131522255,0.6115738129209941,0.39772023744491786
2_76_76750,0.8894203175817869,0.8893374697207939,0.9710094061490945,0.9762471375331148
2_76_76795,0.8616863327342346,0.7458337458337458,0.9058237804367836,0.8068359242413957
2_76_76819,0.9387069938796125,0.8201763913629057,0.9537786354581673,0.863961922030825
2_76_76831,0.748475778738499,0.7454267278653629,0.9174424972617744,0.9056761268781303
2_76_76847,0.4148761361981821,0.2515860735009671,0.3909936579197585,0.12953114669273005
2_76_76874,0.8304866755839078,0.3698442215651008,0.9453940372572959,0.7435897435897436
2_76_76880,0.7714870559903673,0.4956913694816386,0.9069554426190758,0.7683633815378734
2_76_76889,0.646608179908563,0.4225481209899175,0.8150077689425098,0.7563559322033898
2_76_76897,0.33969313935924955,0.031053459119496855,0.4043144190322033,0.08719237365880898
2_76_76940,0.8049193128578865,0.8542513058618688,0.9087703158540325,0.9471988685471832
2_76_76952,0.7355671711655485,0.6288655258874764,0.9681508806567257,0.9572633374395907
2_76_76957,0.8173710740597131,0.5531221719457013,0.8605530218990098,0.6375711574952562
2_76_76961,0.2873179847898876,0.04849948700410397,0.33848657445077296,0.19119499185064454
2_77_77008,0.35309199318568996,0.0002248538450007495,0.33100358272572433,0.0
2_77_77023,0.3757734629804615,0.0,0.99319714855128,0.7896116663935769
2_77_77055,0.6309654768870685,0.12057633973710818,0.8183473984578957,0.4447230347773599
2_77_77058,0.21647836956865724,0.0,0.000500990051768972,0.6434248554913294
2_77_77109,0.9055823569951758,0.7473804481105786,0.9832766060086297,0.9334013319733605
2_77_77133,0.8923741809563641,0.6772202415793115,0.9432423373431157,0.826672889563036
2_77_77153,0.8627567140600316,0.7475375388521648,0.8798280984719864,0.8125365875624803
2_77_77162,0.933462154534591,0.8169642857142857,0.9781900157531642,0.9334863277451476
2_77_77167,0.882937580571381,0.7448695095753919,0.946864701367884,0.8941859311439627
2_77_77181,0.7562565172054223,0.6177389378781288,0.7983210073955627,0.6585336295697839
2_77_77435,0.9105143377332726,0.9241245136186771,0.9460932178651358,0.9473761792452831
2_77_77513,0.28824521247566526,0.2686491456107536,0.2769486033607,0.08341149063625088
2_77_77529,0.18999130564193345,0.1017958938751018,0.18434657314089825,0.2287829541350668
2_77_77552,0.424339564344199,0.3619896892852167,0.9428520082666906,0.8504908682060001
2_77_77563,0.8766590637558379,0.7200860580892102,0.9517180448434777,0.8939650153854684
2_77_77691,0.8117474118787728,0.5591917931115185,0.8873452981206587,0.7875085524386668
2_77_77805,0.8407769007062734,0.8280321639268544,0.9590955436933966,0.9566008491138217
2_78_78096,0.32550001508341125,0.28618034712253687,0.37911971830985913,0.31476206434316356
2_78_78222,0.9132104245527083,0.8379197009731263,0.9199000545679084,0.8637953008071632
2_78_78261,0.8615288870449124,0.6944495328814801,0.9483256659890874,0.8742950819672131
2_78_78416,0.8709677419354839,0.719828304717453,0.9286420974523868,0.8451693739651854
2_78_78470,0.8913420987348053,0.8658051689860835,0.9068379395354872,0.8891724079271923
2_78_78523,0.849956634865568,0.662021612538749,0.9134889788818525,0.8048328948650492
2_78_78545,0.1402319564193071,0.0,0.14205087839761518,0.0
2_78_78560,0.9134793557276571,0.7733973828060294,0.9571905347419136,0.8874568305621818
2_78_78606,0.8636447336115886,0.700584556824361,0.9290003649513952,0.8430185633575464
2_78_78635,0.7491089709562447,0.6018112308849336,0.8835813492063492,0.837532935020596
2_78_78641,0.7506910145452897,0.5865936758288033,0.8032561201891423,0.7464007336084365
2_78_78656,0.7813172507239831,0.41800076599004216,0.8477570598567761,0.5893368194184362
2_78_78661,0.19538853121724808,0.19641212657015508,0.19530069241854417,0.15023310023310024
2_78_78701,0.2779588416053636,0.35065627685105627,0.28579919698201095,0.3372196343466437
2_78_78705,0.5439217788814267,0.25706010137581464,0.9740754958413308,0.932435673416247
2_78_78706,0.8181853597724882,0.6819530910670334,0.9398865273775217,0.9014764222322196
2_78_78716,0.778618412500325,0.4217785961171948,0.8057653268371904,0.4998051372896368
2_78_78784,0.9331352154531947,0.8534332952683581,0.9473018549747049,0.8860939243330966
2_78_78817,0.15959781011013358,0.11480505439556726,0.22046299628163607,0.1866478608368594
2_78_78867,0.9337792642140468,0.8796248582912501,0.9635002339728591,0.9258388544560804
2_78_78986,0.7610419649741161,0.6023383301799835,0.8524914315844978,0.7725922324852806
2_78_78993,0.8648566988950276,0.546017832854768,0.965110773294789,0.8224910664313084
2_79_79121,0.7144483229625133,0.5665268366139615,0.9225156715651012,0.9155784275812833
2_79_79244,0.9000556792873051,0.8427947598253275,0.9581056466302368,0.9317298221968794
2_79_79248,0.6227967097532315,0.5526092568688917,0.7020374776918501,0.6913057195655113
2_79_79255,0.5788894626939398,0.39622335245103346,0.936096559045487,0.7286215168850342
2_79_79293,0.8320424339230282,0.6558939426337173,0.9410467927748543,0.8776072840715348
2_79_79319,0.9258868628683853,0.7035636483209339,0.9498142434355519,0.7940341529458007
2_79_79323,0.9349638116145851,0.7960798700277764,0.9840344098563826,0.9476256180292054
2_79_79327,0.326714188730482,0.33489324363849077,0.8837248042645344,0.9199440271026661
2_79_79407,0.7873022978215458,0.40787017834923267,0.9420283063079952,0.8127992114897212
2_79_79409,0.8993012170854736,0.8262534109884739,0.9455036781264075,0.9068637893570789
2_79_79424,0.8847974252177205,0.6531852812449344,0.9530672579453068,0.8771029609690444
2_79_79584,0.9388807785888078,0.8301008533747091,0.9817928124149197,0.9473811833171678
2_79_79609,0.8373282712911425,0.5421945104249142,0.8710550045085663,0.6998024015807873
2_79_79621,0.8462532299741602,0.7411177354466579,0.9518513756749807,0.9304555026044553
2_79_79705,0.9283693224125094,0.8396830565505264,0.9707168062358456,0.9168249582685777
2_79_79799,0.9096488639716731,0.860728952772074,0.836356668369954,0.77025815281514
2_79_79889,0.8790763264586638,0.8533070702882024,0.7971350950852062,0.7170748898678414
2_79_79959,0.8839025932953827,0.7928668500778945,0.9397932995768884,0.9283524121013901
2_80_80006,0.9838462988958495,0.8186618265819652,0.9921075584487417,0.8531415014923088
2_80_80028,0.9656668655421164,0.9108675272229033,0.9819960861056751,0.9523915626856804
2_80_80209,0.2647253166559641,0.16602218521550144,0.009135096626416933,0.3730371505170433
2_80_80262,0.24651787444964418,0.0272674326256155,0.2402480712326546,0.08557183557183558
2_80_80272,0.19009462108942118,0.055294305538303196,0.2744340824123906,0.12108800476607152
2_80_80321,0.6990866751345793,0.47706708268330733,0.8244061650045331,0.6152310400084062
2_80_80333,0.5256227811315667,0.10556450848421652,0.5577091668393452,0.10911627342754898
2_80_80334,0.18976302584381557,0.0,0.18697188800929762,0.0
2_80_80398,0.81064465132619,0.4953743265836894,0.8753042795445622,0.5744529583695395
2_80_80504,0.7215060774773872,0.5190499272903538,0.7583209629245435,0.6517622667588113
2_80_80528,0.8801741284197095,0.5394751250136877,0.9549177752173458,0.7238623326959847
2_80_80552,0.9363046224894349,0.8018555334658715,0.9654300556245116,0.8897872340425532
2_80_80562,0.8974573736165121,0.7684239020098802,0.9240409207161125,0.8276056338028169
2_80_80567,0.9112987012987013,0.8347874859778138,0.9580572395319329,0.9324377716317661
2_80_80595,0.9378113910892864,0.8502202643171806,0.979245856773605,0.949715319533869
2_80_80715,0.9671331540320007,0.8452792093937623,0.9743746043654609,0.8708223807735637
2_80_80829,0.8424682194588307,0.5734816149116968,0.842788038698329,0.6000643759555806
2_80_80834,0.9786448851055455,0.7918991025951977,0.9749729414703189,0.6935553633217993
2_80_80887,0.957948948723718,0.8413690889722569,0.9839133033602744,0.9414595815735193
2_80_80949,0.9192372771052975,0.687949564187188,0.9527313573115099,0.8103332587787967
2_81_81003,0.7966224844775199,0.4244378376114903,0.8961501049505964,0.6120818291215403
2_81_81295,0.9413741598207618,0.8068745417690948,0.964959325097921,0.8750669762457581
2_81_81304,0.8179465328409558,0.5349555490629826,0.8851841708886758,0.6810317132498049
2_81_81442,0.7802556556924775,0.4386520737327189,0.8453912247699426,0.5833214540270848
2_81_81531,0.8284726853816771,0.6191971548560402,0.8950203696845224,0.7805016110772446
2_81_81637,0.5585656822635542,0.2833519063917854,0.8255526992287918,0.5042127702771292
2_81_81639,0.6823747027217476,0.4647060669784376,0.8239020723719532,0.6358612666327347
2_81_81675,0.8848674969566439,0.7014694064975319,0.9425472285654972,0.8708854458341111
2_81_81676,0.8450127154563436,0.7376710306132493,0.9538162372386971,0.9409944515578318
2_81_81718,0.8584958217270195,0.7916832132523969,0.9541047693510555,0.9182648122051345
2_81_81784,0.8896604349484929,0.6599305582647369,0.9611958751299559,0.8573954557510388
2_81_81827,0.8514047567722929,0.8651242812514148,0.9297429620563036,0.9421832302603192
2_81_81838,0.7347737860470434,0.5928104575163399,0.9540247383444339,0.8937293288343968
2_81_81862,0.7092637822749477,0.49458753266144084,0.8945849209098257,0.7737985771669167
2_81_81973,0.6494148673149827,0.7696885101381135,0.8649900727994706,0.9283440860215054
2_81_81988,0.7555190230155002,0.5565921787709497,0.794544439793498,0.5703616352201258
2_81_81996,0.9365201852002274,0.8656394885964501,0.9471606824548001,0.8604023776863283
2_82_82045,0.6738176922742867,0.6192217781464444,0.7170048309178744,0.7568707810993249
2_82_82074,0.8447956403269755,0.8372093023255814,0.9243444791917248,0.9321858864027539
2_82_82130,0.8277921619395081,0.5116069340993353,0.9606365452697255,0.8878353149258131
2_82_82198,0.7405578780452645,0.5227292110874201,0.8245987963891676,0.6197219472302329
2_82_82204,0.9508818373698709,0.844973872000899,0.9775891594073413,0.9116365899191039
2_82_82220,0.8430416447021613,0.7302132766050292,0.9506312844938384,0.9172321938225407
2_82_82287,0.9654705085145248,0.873292331138083,0.9883266122919256,0.958236395619361
2_82_82301,0.5239255605557411,0.2622000491866634,0.7061151469153204,0.6678528266416006
2_82_82346,0.7329466357308585,0.5921364714468162,0.5500246080292484,0.5400037212763978
2_82_82348,0.9205332409972299,0.7956469165659008,0.9681022485900534,0.9159148681652793
2_82_82372,0.8925551375418493,0.7131660808790854,0.9365137749659764,0.8106367966131592
2_82_82411,0.8496818915582566,0.7684006211180124,0.8225027442371021,0.7432622937225309
2_82_82528,0.8804556887113478,0.8586594387034842,0.9699893695314417,0.9600896317829457
2_82_82695,0.6336580533311318,0.43616627148784826,0.7458092343887854,0.5213369263564333
2_82_82757,0.7660753421825249,0.5365645494564729,0.8396880808813528,0.6424230638339249
2_82_82947,0.9150469469529334,0.7425068646788103,0.9439837320878213,0.8498952470936203
2_83_83048,0.8799458088720603,0.6861886620799454,0.9334955393349554,0.8345558774579301
2_83_83133,0.6644209175489253,0.3286965023776721,0.9557231794580352,0.7882134204743929
2_83_83230,0.7907904485097168,0.7259314390788494,0.877397214184779,0.8255040125269133
2_83_83262,0.8069100710610144,0.7450523042126096,0.8541263940520446,0.8486575085857009
2_83_83356,0.8787018415552664,0.7008416596938525,0.9361491432015844,0.8475684949868639
2_83_83493,0.879058618435389,0.6380253085455397,0.9608464737123801,0.8828548790150545
2_83_83591,0.8536878216123499,0.625968422084927,0.941667073111252,0.8881758764111706
2_83_83593,0.014007704237330531,0.11372033314546935,0.04345659324230041,0.13133754803520517
2_83_83604,0.6535960748334596,0.5464898239195061,0.6960346638655462,0.6163160355306218
2_83_83713,0.9204401874872631,0.8414483087184373,0.958032955715757,0.9230119703968609
2_83_83714,0.9145596291613991,0.8162549886743609,0.9632444696539989,0.9420654911838791
2_83_83786,0.10761341557931393,0.03816046966731898,0.11236876822278638,0.03447814331985973
2_83_83792,0.946047678795483,0.7863695937090432,0.9824861170439982,0.9208664374085932
2_83_83872,0.9652772157021449,0.8942714340638216,0.9873607808784883,0.9104994646343768
2_83_83877,0.9391236083357123,0.779303330790745,0.987778958554729,0.924422959079458
2_84_84012,0.9283989050507219,0.8406245967221577,0.9256579696935171,0.8065479746684192
2_84_84202,0.8601439408675355,0.7113447218572054,0.9057710893276266,0.8116888163519079
2_84_84204,0.6688607356028972,0.3754986192083461,0.6641937389249852,0.5645335692519414
2_84_84233,0.9260187915024936,0.7930033550721906,0.9808582986457173,0.9538863701343789
2_84_84240,0.9206366304903993,0.8211526139233349,0.9489115821390772,0.8857824352858372
2_84_84305,0.7980039716889862,0.5515843379921049,0.9003531932140583,0.7300512337318179
2_84_84342,0.8704887048870489,0.7926316657051018,0.9386533176285826,0.905215779719354
2_84_84343,0.6874260419862384,0.40180553500073996,0.8791171668261922,0.6434298805432827
2_84_84392,0.18437444385121907,0.3765099963074326,0.3108375863104173,0.3734352234545509
2_84_84466,0.9036540947009752,0.7949690556997404,0.9597273071581871,0.8982808022922636
2_84_84496,0.8150789947336844,0.768739949162214,0.9265720402822932,0.8979614949037372
2_84_84564,0.6170880187149427,0.5552773547404558,0.8741370601111298,0.858303606817281
2_84_84574,0.8021758220314177,0.38925612739837745,0.9471244329100382,0.8402406417112299
2_84_84979,0.32605385329619313,0.20557313214894135,0.32933872636628725,0.19694916155093145
2_85_85029,0.8956859746383738,0.8523761936486787,0.9489691074731146,0.9465747018938508
2_85_85032,0.8364770190160905,0.863929327984856,0.9425622022233986,0.9599124300656775
2_85_85111,0.0,0.0,0.0,0.0
2_85_85210,0.15864740056606585,0.21879315690087653,0.2141254738144968,0.31815218403650924
2_85_85288,0.6095492456189673,0.33998089994944103,0.6981897881321536,0.4566856439452223
2_85_85416,0.916341415336093,0.8313590625398039,0.9303132973606056,0.846243886125162
2_85_85496,0.2328872211799041,0.0,0.0037033869312350326,0.44204683650877796
2_85_85551,0.2980656092624841,0.28234735373564074,0.2672730378341447,0.31850431447746885
2_85_85617,0.8000808921245739,0.7345030243232809,0.9236483108349404,0.9037244527440605
2_85_85861,0.901012891344383,0.8367702125415326,0.9567789811472122,0.9676276276276277
2_85_85878,0.7582062940180084,0.359664713755952,0.9650746268656717,0.8737714326709233
2_85_85925,0.8439883992182082,0.5821957236842106,0.9770632052511247,0.9426973458274052
2_85_85947,0.9072352360671064,0.7998031040074125,0.9593175123659201,0.9049666604349723
2_85_85964,0.9337391063770922,0.7895936703768272,0.9847330489777909,0.9465028931072987
2_86_86008,0.9500959692898272,0.8206745142002989,0.9866901815977294,0.9282796849168531
2_86_86011,0.8990825688073395,0.8317951603826674,0.9193672839506173,0.8849310479593546
2_86_86020,0.9303538668965364,0.7279572391354868,0.9691311514009889,0.872313279026401
2_86_86173,0.884247089748404,0.8014724549378015,0.9112592438287679,0.8657246805990354
2_86_86179,0.857601576905958,0.60251583469903,0.9574025601491628,0.874915938130464
2_86_86180,0.856877834272365,0.6179054054054054,0.9292891138475485,0.7958003208088271
2_86_86185,0.713280801859735,0.396275271387312,0.9010472816879717,0.7892092933391296
2_86_86190,0.8809394882902396,0.8459210985686023,0.9445271779597915,0.8978551336146273
2_86_86206,0.9267385194022607,0.7886448404475757,0.95642715464841,0.8598225773684567
2_86_86299,0.7485974222896133,0.8253743574461745,0.9587183015529782,0.9631807721810278
2_86_86300,0.7688537707541508,0.6736495071946152,0.9432673019057172,0.9372411889205853
2_86_86311,0.7439468537128212,0.6492346515257164,0.8472197860024557,0.812285703973725
2_86_86324,0.9280781897375969,0.8442397999634079,0.9380481847451981,0.8647906657515443
2_86_86425,0.9004242281404666,0.8096563981042654,0.9674364296834458,0.9319046411361908
2_86_86449,0.9108249366883991,0.7476956443159226,0.9514897738278357,0.8571646574088204
2_86_86516,0.607893175074184,0.21956779713946661,0.9077073257310201,0.7550896551724138
2_86_86534,0.799071799071799,0.5853645940921297,0.891372621466839,0.7332076361065284
2_86_86575,0.20490712167967567,0.20373337831379495,0.21864439823238888,0.23403744599135862
2_86_86600,0.8912601166523488,0.876743175443448,0.9680498540976309,0.9655890684885853
2_86_86610,0.8862419510814444,0.823406682059699,0.9736780442083887,0.916173932724135
2_86_86682,0.8235716565592084,0.8357936860827034,0.8445858697657259,0.8774221329123009
2_86_86808,0.28226919856053234,0.17406170966110268,0.0043348155605895345,0.2752991026919242
2_86_86828,0.04328978970183352,0.1564282249836932,0.0,0.522373107747106
2_86_86832,0.41232664017474147,0.3850872256612268,0.40181107954545453,0.4526023270309578
2_86_86904,0.9095115326182036,0.7302949590608662,0.6553886903720733,0.43270186516985326
2_86_86945,0.8162459162459162,0.667420814479638,0.863557531611642,0.7086405490809011
2_86_86999,0.9309152765583846,0.8279937992507428,0.9913333723721965,0.9763016658534885
2_87_87077,0.8502818871603578,0.6647793830534947,0.9251580513201934,0.8217083995397513
2_87_87675,0.8739081919273539,0.7404832410626153,0.9404466501240695,0.8654521612888119
2_87_87881,0.9506800179345389,0.8299603308007799,0.9837371455282019,0.9432785025524674
2_87_87900,0.6122376071745343,0.5187659357470679,0.6424089029211079,0.6442733546194253
2_87_87983,0.8355497139322715,0.7187560738581147,0.9641988651715753,0.9517040069752455
2_88_88065,0.7672377025874325,0.6238575667655787,0.7967740731060747,0.695745595186936
2_88_88159,0.9492433699722924,0.8442820089601509,0.9722063944286167,0.9092051220101474
2_88_88163,0.9050700724296061,0.7239350691796492,0.9586727414975379,0.8425150406983603
2_88_88168,0.3028533930713009,0.07801075593691462,0.33639078229535463,0.21092573117698887
2_88_88198,0.8544788212709731,0.6227778580719757,0.9066022091683297,0.719260109917152
2_88_88294,0.8539443597560976,0.6239364950132302,0.9682749990799013,0.9148297078629911
2_88_88308,0.8966064649718164,0.6445038948776458,0.9871167686909305,0.9530518629470137
2_88_88416,0.693462783171521,0.8501818438614456,0.5461187932118164,0.6332192528944878
2_88_88528,0.8767619569519286,0.7428308070462925,0.9265326466190397,0.8460410557184751
2_88_88618,0.9537265097609925,0.7584664885204777,0.9756443268526612,0.8101646611779607
2_88_88645,0.8582548949521427,0.6301101461554756,0.9500246515171888,0.8806408218172924
2_88_88911,0.7616301798279906,0.5143054383677227,0.9845559845559846,0.9697090739631183
2_89_89063,0.5174509612092159,0.22490486438721263,0.9585254513339297,0.8607376489946623
2_89_89079,0.957189106836793,0.8498331479421579,0.9728280300321773,0.9034815580834195
2_89_89090,0.8863419024582325,0.7120652807460657,0.9359380398479789,0.8406414323584372
2_89_89100,0.5924213196628174,0.42071015424164526,0.6502292912288848,0.5007889306954727
2_89_89169,0.8569512260556956,0.7547489823609227,0.9222638726725251,0.8793672060187571
2_89_89210,0.9214585043418153,0.8488618867296409,0.9116348254543765,0.8356578726264493
2_89_89214,0.32368516880819853,0.0,0.30092202904439863,0.06623194923299855
2_89_89218,0.8993230297611444,0.849815216006117,0.9629425388772471,0.932788374205268
2_89_89250,0.9402828706128863,0.7892085716725007,0.9798066332150288,0.8755429335115269
2_89_89272,0.5810321111094676,0.3240992044922789,0.6144682456112779,0.443573817486861
2_89_89273,0.8325106698830952,0.6328142837572492,0.9715195394277739,0.9242950726288807
2_89_89281,0.8199485567304944,0.4877126654064272,0.8919236187196744,0.6783061201402768
2_89_89283,0.9498576204036152,0.8618774842179098,0.9860601614086574,0.9489506172839506
2_89_89299,0.8426582969432315,0.6315534568349679,0.9665352232761377,0.9377291381668946
2_89_89301,0.9177503250975293,0.788704390348756,0.9650295036445679,0.9099428571428572
2_89_89348,0.8643760292516817,0.694951907559228,0.9321975724671596,0.8741543099519753
2_89_89429,0.888846665399962,0.8355426677713339,0.9401824590503836,0.9092685044497504
2_89_89433,0.8122721749696233,0.8501732238621802,0.8228760386637273,0.866844789895555
2_89_89460,0.9066671948659034,0.6353971548625525,0.9530289541735555,0.8085500901364924
2_89_89464,0.8784351334369522,0.7526412819967383,0.9285557827102804,0.8651973733866707
2_89_89493,0.94359135067377,0.8171416327405185,0.9588812184966031,0.7887667346395957
2_89_89660,0.5767731878409976,0.24282771441491233,0.662601087100623,0.45056583910869374
2_89_89673,0.9131725508476656,0.7134126197555335,0.9597889519545927,0.8024422333689664
2_89_89688,0.21732638635105928,0.07905749636098981,0.20061130234396846,0.09635941604055953
2_89_89851,0.9295901787326232,0.8661479279594335,0.987223823246878,0.9682524817381533
2_89_89895,0.8510988129611806,0.7828282828282829,0.9421180057388809,0.9191691213036992
2_89_89905,0.20225569601090002,0.3017495534657514,0.0,0.19279971571980634
2_89_89940,0.0,0.0,0.0,0.0
2_89_89952,0.8646933470716344,0.6214129591764789,0.9349144216747256,0.8041736227045075
2_89_89954,0.8651969033995288,0.6420368450434644,0.93405192044937,0.7975801030696841
2_89_89955,0.9108448481334751,0.6929242807385848,0.9615384615384616,0.8022687884039704
2_89_89991,0.8577885569396979,0.8351851851851851,0.9511883675907238,0.9459805505594
2_89_89997,0.8880837359098228,0.8296129086196806,0.9555686044235663,0.9360244053408789
2_90_90039,0.8032293713163065,0.7421558466032224,0.9206627253485147,0.8797023778552474
2_90_90079,0.331451252236136,0.2264497262319562,0.9049185721335746,0.9001779007709033
2_90_90119,0.6500526216369377,0.14424799904431967,0.9501346295065916,0.757726917057903
2_90_90135,0.7772168568920106,0.6782470573860628,0.8327996184506371,0.7831710507193722
2_90_90287,0.8926382529059528,0.7359378372544787,0.9226194873310187,0.8025383442461207
2_90_90306,0.8671607225567393,0.6994593389443174,0.9115683268213067,0.8007800597233226
2_90_90342,0.7570713442676326,0.5614048719841486,0.8967104230950265,0.8408914728682171
2_90_90354,0.870166379804934,0.7825772200772201,0.9619337647506662,0.9562765957446808
2_90_90390,0.8781888765647282,0.8490559937928359,0.9265551265551265,0.9232128896291513
2_90_90392,0.9430850185233253,0.7563182369591589,0.9830360047038808,0.9224220555900096
2_90_90393,0.11854143479655166,0.02692797960484385,0.1210059940156056,0.01956609311158428
2_90_90407,0.8237322893363161,0.8152912944940675,0.9416639758906469,0.9437674350315666
2_90_90434,0.9208695897045985,0.694150992012368,0.957938070520852,0.8553965414430531
2_90_90503,0.8345409598499701,0.6448945531785768,0.8709141274238227,0.7271807838179519
2_90_90567,0.8945150911597978,0.878956372968349,0.9385659877463156,0.9366420274551215
2_90_90626,0.899272626829942,0.7447175152833053,0.8881667047718588,0.7531300028734452
2_90_90635,0.20358237255997427,0.1285700617136296,0.27440199257483905,0.3206384836014466
2_90_90658,0.8521117436780088,0.7515030799306555,0.9399150017097357,0.915223191175885
2_90_90674,0.9432909218640231,0.8131382113821138,0.9079025785688745,0.6583160141549177
2_90_90726,0.8542191753200927,0.8066223607598659,0.9712657049790601,0.9759665621734587
2_90_90771,0.6995870441315488,0.45901289386047306,0.7256162158344516,0.7062587794599656
2_90_90800,0.7836620790258134,0.5824536944831706,0.8186805357651753,0.6498266204321153
2_90_90859,0.37451005183967634,0.11771486842980336,0.33653551005559285,0.10927477486889116
2_90_90887,0.199536126942822,0.0,0.20629002544082814,0.0
2_91_91016,0.4143689755660166,0.07445108599159614,0.37197435750014374,0.0421360528084114
2_91_91042,0.9082197614991482,0.8377404431458485,0.9477274029919184,0.9014342235410485
2_91_91073,0.8568392216134517,0.7838488748400693,0.8986409966024915,0.8685250927868323
2_91_91116,0.8552332391648867,0.6104790132899894,0.9192406095887872,0.781354051054384
2_91_91198,0.2528807658833768,0.13937616539039446,0.0008099388194974363,0.5451738514789175
2_91_91391,0.9258308818927208,0.7958586540625703,0.9507242542496197,0.8836369226039505
2_91_91457,0.9467000926481007,0.8714744994885284,0.9873764779802364,0.9720446669233731
2_91_91491,0.8094028995003686,0.7466423478693417,0.9329988193624558,0.9085181295941689
2_91_91603,0.3946979729041459,0.15686029043565347,0.6020029966091003,0.35639985895627646
2_91_91635,0.10890318076236255,0.08963700234192037,0.12473010608004506,0.08956599097667917
2_91_91646,0.6973522621211377,0.3225473048179361,0.9714246177264236,0.9788773148148148
2_91_91670,0.6782155982033483,0.2842301312458167,0.9503587470104415,0.8268317853457172
2_91_91717,0.83911249149081,0.49277671553006164,0.9761639394092912,0.9131915677068949
2_91_91732,0.8593723301247366,0.71225913228514,0.9627676886024865,0.9191231533800803
2_91_91853,0.8902654867256637,0.6818613960470353,0.9652724740554383,0.9194521441382684
2_91_91953,0.021148431873240357,0.01645376284365454,0.032913272326206125,0.007992007992007992
2_92_92067,0.6311689617046939,0.48434367676539514,0.8118187787261983,0.6486201505290332
2_92_92133,0.9605323718932188,0.8190573201222335,0.9854436689930209,0.9608384186786946
2_92_92143,0.8306413426632293,0.5802622169249106,0.8795229084236481,0.6901768373709496
2_92_92154,0.8462182236635631,0.8265685148916053,0.9335964708613884,0.9264056733482886
2_92_92179,0.9208589442583164,0.7917671702424781,0.9271833817288363,0.8501001627644923
2_92_92216,0.14055764945963392,0.18558781707261135,0.0920814412489241,0.18180751517995952
2_92_92253,0.37006050129645635,0.42905921466439034,0.37831810661103515,0.5601952974431453
2_92_92269,0.9475814511293225,0.8675121951219512,0.911914380147946,0.7731052222288688
2_92_92287,0.47417116422513494,0.26971523161679123,0.43052011776251226,0.3614819224692602
2_92_92300,0.9139495493315589,0.6717408769926847,0.9505335244465679,0.7230871424419811
2_92_92306,0.17350875839185123,0.21947166491532466,0.008519367431735167,0.2449551467510963
2_92_92312,0.5050640264693254,0.19995069793239453,0.8962683856909388,0.8418765058817972
2_92_92517,0.9529643842372124,0.7991232342912811,0.9826619483898072,0.9244167634329146
2_92_92558,0.9441746450210443,0.7854505494505495,0.9871201791975068,0.9420860685630926
2_92_92577,0.6031031843588376,0.33110797278212867,0.6425654515846173,0.36703108535300316
2_92_92678,0.4669816756943644,0.3414085593111425,0.50227173710089,0.41794019933554816
2_92_92683,0.8704299744161096,0.8160143412010756,0.9302198800654189,0.9065077319587629
2_92_92684,0.47868826041414875,0.31828028661889685,0.14188368284823835,0.1292288072549506
2_92_92712,0.6573331127471255,0.6043443974478457,0.6870798456000347,0.6721952632722532
2_92_92797,0.815445321307779,0.7228825805248683,0.94228331220391,0.9219850586979722
2_92_92836,0.8112975168097997,0.6679832140212293,0.8783210699916634,0.7367396214658463
2_92_92852,0.89364340046242,0.7563420932705454,0.9392034291837829,0.8663989497258475
2_92_92860,0.3432208860068124,0.02051376339567136,0.3200121619824031,0.20100071056371388
2_92_92935,0.9511323482171539,0.7566160946629351,0.9928159103358193,0.9616279069767442
2_92_92937,0.8850248893805309,0.8446471003789096,0.6257623084932322,0.521465915946109
2_92_92976,0.9661071659134925,0.8591319804473412,0.9904911207627664,0.9586980449709104
2_93_93105,0.746326071922545,0.7133595818342271,0.7859701064896615,0.7665447053390644
2_93_93142,0.9032042723631508,0.8101031166724597,0.9711413748378729,0.9432429000719516
2_93_93275,0.7734252993232691,0.5454823621978406,0.9482560995578844,0.9205429000136407
2_93_93311,0.20233286586441163,0.0,0.2322358021359448,0.0007003414164405147
2_93_93335,0.7426080115387137,0.564090655768159,0.8489656309239265,0.723840206185567
2_93_93337,0.9258523095536447,0.7834564611844496,0.9813239644970414,0.9373998932194341
2_93_93365,0.8356844413188268,0.8012370143517684,0.9524923605805958,0.9178203821237134
2_93_93375,0.5754669048022294,0.3641631114197837,0.6734299868862014,0.45845025706151044
2_93_93399,0.7740574742947535,0.6990645822655048,0.8045553350344958,0.757903883430252
2_93_93506,0.7733852535342419,0.8361264474519959,0.8977971819805517,0.9377586839209934
2_93_93515,0.9435244999858953,0.7937453855078578,0.9773642590469471,0.9105206381649917
2_93_93571,0.6343925296429411,0.21646966278179147,0.9492757398916215,0.7536548946070771
2_93_93663,0.5619141769185706,0.4029424908047162,0.6077370214471838,0.4366294782066385
2_93_93686,0.8777499727994778,0.7383224390476645,0.8662849934500995,0.8075282426287911
2_93_93781,0.3035898898434993,0.021301370926423327,0.24660945780283214,0.01211889880242378
2_93_93790,0.9280298397945457,0.846967817266292,0.9808999676270638,0.964470533714374
2_93_93798,0.19526824391869377,0.05540217191238726,0.19055025718690735,0.07677066673032394
2_93_93890,0.9662047342093296,0.8215088938867308,0.9706370515010984,0.8343628341552037
2_93_93933,0.9164457990988604,0.8467861997540294,0.9741797432239657,0.958924308383654
2_93_93961,0.9338636784853799,0.5345670960378281,0.9823583608983945,0.7282519836499158
2_93_93978,0.8552651829962754,0.5604197067611701,0.9572744760554824,0.8547307132459971
2_93_93981,0.8867654706188247,0.8302940866448825,0.9687455503346148,0.9366354306113343
2_93_93988,0.8690131295074893,0.7908713692946058,0.9684597254956329,0.9210192488003971
2_94_94015,0.920804294908133,0.7738263147289945,0.9826115015058081,0.9519946660740082
2_94_94088,0.14846848078763844,0.3596217105263158,0.1812761525061509,0.38482919755075734
2_94_94130,0.935048115086273,0.7886331122382625,0.9776584919850762,0.926917980094172
3_100_100061,0.9519009577983186,0.8151901901901902,0.9560697664303424,0.8662069879997348
3_100_100070,0.9149912216118253,0.7802542892156863,0.9742299668671003,0.9398963730569948
3_100_100074,0.7113870381586918,0.7102756039469207,0.8926264800861141,0.8816770398741536
3_100_100139,0.8337621799468511,0.5786068903264631,0.9790575916230366,0.9331377069796688
3_100_100159,0.9281093616501892,0.7204269049391908,0.9790964437824985,0.8357052957691935
3_100_100170,0.9297819218277028,0.8055670037726278,0.9730970975638187,0.9247276437481486
3_100_100376,0.41108840061318347,0.5478394384733494,0.44339696143358004,0.72708781309932
3_100_100391,0.8251990308065075,0.6047673711931933,0.89265556407219,0.756185855570069
3_100_100396,0.9359850839030454,0.8223408799658266,0.95380467345716,0.8685759465870158
3_100_100461,0.7370910090734122,0.44402096236303,0.9097819137600341,0.8350750662349131
3_100_100465,0.9182097132578563,0.792837316363144,0.9567844925883694,0.8738028584057758
3_100_100486,0.9026190354159193,0.7605894402960418,0.9453056768558952,0.84106614017769
3_100_100517,0.9195964153662969,0.7888701517706577,0.9585001334400854,0.8920856779814849
3_100_100631,0.8572681660292621,0.6430215242994449,0.9211892022367945,0.8224634023220596
3_100_100633,0.9317264162486235,0.7970823077384883,0.961197625397918,0.8782652483162334
3_100_100791,0.6596984924623116,0.3867457392906495,0.8171471296834759,0.6828421539885821
3_100_100991,0.9196278333168366,0.893431138218083,0.9709075577105513,0.9562074829931972
3_101_101034,0.8477189870923244,0.540220037875372,0.971937321937322,0.896350846339855
3_101_101035,0.834705734826952,0.5285853941127485,0.9677513997212782,0.8914479478597851
3_101_101060,0.8995011264885742,0.7880060773974439,0.9775418896394421,0.9576434738445911
3_101_101115,0.9237829752515637,0.7313097794261175,0.9722171978439388,0.9105512343591478
3_101_101314,0.17236625435606787,0.10472488194317618,0.18550748546211904,0.10651329164414935
3_101_101372,0.6299627853290612,0.3951443643995689,0.9838424640242363,0.9579470053170454
3_101_101389,0.3237168102299973,0.102863575599803,0.33326476739003735,0.1284161106992834
3_101_101394,0.20727634271593498,0.07481409830119098,0.0025021826593341315,0.572548492586122
3_101_101403,0.8854476028850233,0.7756006045130023,0.9531095429664315,0.9399932003626473
3_101_101415,0.9104702022963368,0.8383696884797546,0.976797289334119,0.9621104815864022
3_101_101434,0.618867741779263,0.4379936297485563,0.6493786290428523,0.4926110910869677
3_101_101449,0.5284404771435434,0.2462128817794436,0.7177873284347706,0.46303001985749326
3_101_101455,0.01722448979591837,0.7671118530884808,0.003679312370528399,0.5443842914840594
3_101_101466,0.9515707021672234,0.7091366303436715,0.9890989374913758,0.9325153374233128
3_101_101469,0.13138868927070405,0.2898205720376621,0.08853872755422436,0.17298630466603837
3_101_101470,0.5127711686494052,0.3724362825023599,0.34651079778689986,0.22214406884852497
3_101_101513,0.6585955144702978,0.17786657967705105,0.7434767689245763,0.29962009711424764
3_101_101693,0.12392002699015739,0.0,0.12899679340357306,0.0
3_101_101770,0.5557448685054522,0.3879386873409481,0.6015802359225462,0.5088912133891214
3_101_101797,0.4572235673930589,0.6353188024552173,0.6512050497322112,0.7917757009345794
3_101_101875,0.903954802259887,0.655498482372169,0.9005115255115255,0.6274103139013453
3_101_101902,0.9175114039533705,0.683991374823407,0.9857080275982916,0.9492655630683143
3_102_102105,0.5072618351841028,0.3885320528810177,0.5305554701669177,0.4869970483144322
3_102_102136,0.7389911293525752,0.3340174966352624,0.9266369907234361,0.7792983100661278
3_102_102292,0.8697222643800273,0.6208711508972605,0.9226426507157739,0.7411440677966101
3_102_102440,0.9104293821608309,0.7922327566546118,0.9537688727437847,0.8992563007850158
3_102_102445,0.7585034013605442,0.8116969428444838,0.9291380222104707,0.9575456323337679
3_102_102510,0.8295475702848631,0.7314481185860889,0.9483547613859229,0.9565793262309242
3_102_102736,0.9505070447814772,0.6651049009038892,0.9902059560908175,0.9395708249944408
3_102_102751,0.5929059067972692,0.7325815399677285,0.4245690525210932,0.24957536771349065
3_102_102768,0.7951451773091079,0.5418420279925614,0.9560104685763453,0.8902147971360382
3_102_102820,0.543501326259947,0.43775722441031995,0.9255144782371153,0.8996537531848174
3_102_102824,0.8572783718523629,0.6732663514578409,0.9167915679543587,0.8134352287302266
3_102_102831,0.9389647895146063,0.8917391545237964,0.9734393404004711,0.9651755541554499
3_102_102948,0.8729134446162872,0.8200683043531023,0.9400165065141779,0.9478033593419687
3_102_102983,0.7579171617026507,0.8444623069414939,0.9228899462143153,0.967741935483871
3_103_103048,0.8900115277683597,0.6880663361258335,0.8653110227357995,0.6816275781364279
3_103_103161,0.915018315018315,0.8427192982456141,0.961682427107959,0.9313915857605178
3_103_103198,0.9095562380380113,0.8042316847394869,0.9641988844925394,0.895044209147473
3_103_103222,0.6978849389763361,0.43727128869548015,0.7337092731829574,0.4522127466316799
3_103_103262,0.20717001790285114,0.15747336316391436,0.18869614467670343,0.1579158880382583
3_103_103279,0.8143883251624672,0.6630006415543946,0.8983346243222309,0.7906051366854426
3_103_103291,0.9318582732725165,0.8480354505169867,0.9786606616267224,0.9399063317316465
3_103_103299,0.9584474404887298,0.854593572778828,0.9824734363018951,0.9473042205415955
3_103_103319,0.9164782149856777,0.8614888546193747,0.9256916996047431,0.8890337534405331
3_103_103439,0.8450272479564033,0.8044069385841538,0.7152819890842935,0.6725880127347391
3_103_103474,0.9081793921807394,0.6742812671671855,0.9306121362196128,0.7464273520948154
3_103_103561,0.7854915916105057,0.6538812061655506,0.8445951717893082,0.7332193593031302
3_103_103660,0.012958403524685759,0.0,0.01441753171856978,0.0
3_103_103713,0.24638681162933815,0.41151762581455603,0.25820195158345277,0.401534892022131
3_103_103778,0.8696400486661325,0.7121895402840412,0.9698979763628405,0.929725422009708
3_103_103795,0.2759368712273642,0.033709503928825366,0.20299898161046015,0.2786258325631792
3_103_103946,0.35157954899719424,0.32008252695202394,0.4181559141450119,0.29854745451981385
3_103_103951,0.8664959765910754,0.8102120294244916,0.9349120433017591,0.9186002994011976
3_103_103967,0.35269358999502165,0.17920184190330007,0.41293620332867575,0.21962203867985453
3_103_103969,0.6124579355813474,0.37241582988777316,0.9401897207781768,0.8950241846654854
3_103_103970,0.9606776499844576,0.9126562627665659,0.9396367736479684,0.80769071738681
3_104_104060,0.8284324986599281,0.600489396411093,0.856655290102389,0.6442045223059686
3_104_104066,0.552900118657081,0.5765177249368522,0.5694881976292693,0.5799393239724004
3_104_104094,0.8785026459616553,0.8214446782922429,0.9423489580849745,0.9173346094030387
3_104_104344,0.8385912008041444,0.6984982529179986,0.9103736608309381,0.809669091762497
3_104_104351,0.353939654079154,0.34417708636231464,0.3608245361484325,0.3356920899609267
3_104_104400,0.8562274589446409,0.5184712073987021,0.9679330637735698,0.8532608695652174
3_104_104428,0.9018150857231317,0.8015873015873016,0.9364371801221727,0.8790465725636041
3_104_104455,0.9656175162504277,0.9125147960830733,0.9674129023711749,0.9128668905014622
3_104_104464,0.9374222958972234,0.8160354156419085,0.9859979370809696,0.9523054808153035
3_104_104507,0.9554980595084088,0.7602626562169031,0.9889674919993262,0.9118491184911849
3_104_104547,0.8571235347159604,0.6963110495323865,0.9062924839774713,0.7719974011509189
3_104_104577,0.7266803840877915,0.48736383442265796,0.924746041230953,0.7420801680943915
3_104_104580,0.10972478621596961,0.0,0.11727751065953007,0.008062200428511475
3_104_104584,0.20727443609022556,0.0,0.00179687575473612,0.4766166747298823
3_104_104639,0.816243691947634,0.671280276816609,0.2888967312188451,0.49143383481731656
3_104_104650,0.8811081663077688,0.780840905590636,0.9276829105176334,0.909407120803533
3_104_104668,0.8622859140160783,0.8421005811884711,0.9282986179470016,0.920485555660111
3_104_104715,0.9557508043701163,0.83370915208132,0.9920233391188744,0.9762024727723732
3_104_104800,0.6093574190380721,0.30889114468262974,0.954053081127074,0.8723683061064035
3_104_104837,0.9404532304725168,0.93491183375793,0.9206349206349206,0.9256622769105608
3_104_104845,0.23999830838196734,0.05393968103584399,0.224710310411909,0.04970994198839768
3_104_104849,0.8387444429475953,0.7951252279051915,0.9343338157994973,0.9169707078077765
3_104_104873,0.45646077023052195,0.3566846145033795,0.5709271466484034,0.40099843618428965
3_104_104957,0.8976476925839468,0.8541154019986943,0.958492053067122,0.9641764271393901
3_104_104961,0.8932443703085905,0.8409494737801266,0.9247378860867101,0.9105386416861827
3_105_105166,0.8040412024800534,0.4885195785091713,0.8907740951950766,0.7805833998127016
3_105_105268,0.2220910700503927,0.003730106100795756,0.21356625747560593,0.034065158438277794
3_105_105297,0.6712754642886362,0.6355927848296418,0.22015596880623875,0.3232342479674797
3_105_105346,0.557804535716924,0.5608536739066504,0.5580841744429632,0.5996281375890921
3_105_105395,0.19790629457197448,0.07463536301035623,0.24574599672383246,0.10384221893827442
3_105_105409,0.9298423995932893,0.8559630401897053,0.9620433789954338,0.9179757153774306
3_105_105413,0.8665801908644492,0.7738945821255052,0.9269429272936814,0.8813308365631668
3_105_105455,0.7228475813811986,0.7553741215378256,0.8959603658536586,0.9638395792241946
3_105_105499,0.853212384736487,0.6812522490104355,0.9380182952893904,0.8838349678728441
3_105_105656,0.9012515788265013,0.772100901890766,0.9468515309069901,0.8923173803526449
3_105_105695,0.7748860683213439,0.6070369421154761,0.8402800933644549,0.7448663022603044
3_105_105736,0.9264104271715345,0.8207114982184266,0.9632203733766234,0.9083333333333333
3_105_105778,0.3220989206294161,0.39473800967212386,0.3279253474164746,0.42110073514802304
3_105_105937,0.34248770715716625,0.3018616542436354,0.9800874210781932,0.9225416036308624
3_106_106116,0.7957811328836064,0.6234196980465637,0.9548247669634953,0.8625696156936632
3_106_106139,0.9230821684282304,0.7034994419276476,0.9682180170965149,0.8172851103804603
3_106_106188,0.08787864956562752,0.3353665298879894,0.0,0.09055210605806344
3_106_106205,0.8468573328899235,0.8351103628881407,0.8235401459854015,0.8625725338491296
3_106_106215,0.9470187982931612,0.8017843464155364,0.9578131002689205,0.842469893523039
3_106_106219,0.8820985724705637,0.7930608365019012,0.9143103944716383,0.8609934539853678
3_106_106258,0.8927518796992481,0.879001987193641,0.9403702500811952,0.9326493388052896
3_106_106263,0.9200364411868232,0.8673025579192145,0.9277958983065994,0.8040254963331886
3_106_106276,0.7285929987682283,0.4119473236192479,0.74670656194157,0.4719512195121951
3_106_106307,0.7057777777777777,0.6849428676741615,0.872960372960373,0.9373076923076923
3_106_106331,0.8989135746776437,0.7255556835195209,0.9523085145746824,0.8621107476069308
3_106_106354,0.5132214826297073,0.28181259745782733,0.9498464257163294,0.8723601877199844
3_106_106394,0.8471129867638596,0.7318785183125999,0.8953017194173694,0.8684336963484945
3_106_106509,0.9409034946491145,0.9087597150259067,0.9572960739938995,0.9389281262982966
3_106_106740,0.6120733325292486,0.4198461346009507,0.6353190894416412,0.4542189781021898
3_106_106954,0.9639360229661147,0.832852193995381,0.9843861645539471,0.929320987654321
3_107_107016,0.9321101269220445,0.7508565834557024,0.6961144443083955,0.4663459010359152
3_107_107056,0.5956755093011177,0.3423586262864731,0.6420761619689033,0.5045541290770298
3_107_107058,0.8229597813354158,0.6248987564914955,0.8921549155908639,0.7285006970148536
3_107_107068,0.9248886644323033,0.6930192224309871,0.9555726512164632,0.7764876632801161
3_107_107069,0.9521255029161338,0.8369274903551291,0.9690108819230144,0.8749554140127389
3_107_107071,0.8926735431660642,0.7612430111012074,0.9409054919743756,0.8706087994542974
3_107_107090,0.9784863618901268,0.9013371150729336,0.9869088966069998,0.9442009932807479
3_107_107210,0.9324146086323737,0.7883094785306776,0.9509834014119425,0.8329451690178333
3_107_107211,0.9378207658902488,0.8394832768433843,0.9788245063664883,0.9436860640617138
3_107_107270,0.8880866425992779,0.7224304281955187,0.9671776486586723,0.9561532021766429
3_107_107390,0.8182845154522714,0.853880651656599,0.937409864436112,0.9560824132492114
3_107_107466,0.44191314754658917,0.3252153805989632,0.4679750034045,0.4463139771482235
3_107_107486,0.7936691498803217,0.6336004996356823,0.8517481280584871,0.7434190536695854
3_107_107505,0.7903056979521726,0.479164888926814,0.9491738684149531,0.8699232905077886
3_107_107615,0.9252333333333334,0.8252902155887231,0.9753713700998553,0.9402912834954019
3_107_107623,0.812059186189889,0.6318827255082236,0.9361767757494182,0.8409191039414377
3_107_107692,0.939309970116816,0.8053622867272324,0.970870478678099,0.9065182529950004
3_107_107694,0.8785239928680327,0.36916278514272066,0.9343655147447857,0.5509982344153198
3_107_107745,0.7700190308885961,0.6718720171051125,0.9139060682138265,0.8753125442279568
3_107_107883,0.7762793410118093,0.6253609097872842,0.8761289253459276,0.7860032362459547
3_107_107888,0.5771708521390271,0.4587086092715232,0.6134621215402608,0.460778362336436
3_107_107891,0.8968506889118005,0.7039672601777479,0.9634033591863989,0.9200408934601444
3_107_107892,0.5449701214174247,0.422371831342057,0.6165364299122539,0.5540341337176925
3_107_107913,0.8863113424616197,0.7682535913569987,0.9731411037787399,0.936445951165086
3_107_107934,0.9349724141625154,0.7342184368737475,0.9798581237001794,0.9144236998645385
3_107_107985,0.6168680822227242,0.1728535456096174,0.9754748791727549,0.9504394237328946
3_108_108132,0.751810595198706,0.5617029958853335,0.8615910960980468,0.7849998207435557
3_108_108164,0.9411618298571357,0.7463321063818756,0.9544538075789691,0.7884585309909816
3_108_108198,0.7620004099200656,0.5486256819135543,0.8442004118050789,0.7870580235720761
3_108_108227,0.895203585391437,0.7591713221601489,0.9318240420813779,0.8744013043921329
3_108_108284,0.07056739256541712,0.16629461912962137,0.0001621862709321656,0.11181007846711272
3_108_108347,0.6270966200170268,0.5093808323237615,0.6503189979253435,0.5975196904794805
3_108_108360,0.15436757813623164,0.0,0.1740204408119959,0.20412729488383244
3_108_108436,0.28360965035526475,0.11020912201145819,0.9837883360235806,0.9587987093571606
3_108_108450,0.9755918324497401,0.8986699729486023,0.9807557920765468,0.9151008249312558
3_108_108487,0.8817919612951247,0.8053107015371166,0.9668707238026647,0.9481504411081876
3_108_108559,0.8537063241536954,0.5991548742138365,0.9232422108153276,0.7110757973317565
3_108_108588,0.8485068111812087,0.5837174447869242,0.940922055890084,0.7659617052505171
3_108_108638,0.8793736965804893,0.6751602133619863,0.957233309882623,0.9216032887975334
3_108_108679,0.9348941469489415,0.8104938958773981,0.9575398800324803,0.8749952112783971
3_108_108707,0.8468664511315593,0.719278350515464,0.930615967447734,0.8456475705374006
3_108_108793,0.7572766547885592,0.41012173913043476,0.7945306231612731,0.5186151113126961
3_108_108853,0.026085378578233454,0.08849987222080245,0.00336527346058006,0.08618277062179326
3_108_108866,0.5366305739278856,0.1951908251476881,0.4457326800364631,0.42633820540121964
3_108_108926,0.19942110731779725,0.16118977647163593,0.21900632439448756,0.23484242521196608
3_109_109071,0.9196819415969413,0.7560093684513293,0.9789549239161642,0.9000681837552204
3_109_109104,0.9376064494152379,0.8121965573046932,0.9728582531236922,0.874040632054176
3_109_109147,0.35133246616428193,0.03154996066089693,0.0016530614140175892,0.36413955468730436
3_109_109164,0.8996882654197284,0.7437211093990755,0.9431715132096004,0.8535922005104816
3_109_109182,0.7998241576375061,0.3849814565624077,0.8749444888533617,0.6570684039087948
3_109_109191,0.9193880872301182,0.7547296166080697,0.9585179570895522,0.868063063063063
3_109_109233,0.8771725032425421,0.7106598984771574,0.7727999247837533,0.6871127147227234
3_109_109239,0.9183021991014424,0.6583854779753423,0.9603068192448005,0.8397378229019407
3_109_109241,0.3348963323887382,0.24823452409659305,0.3599214058636524,0.34196910340749503
3_109_109254,0.5357442587930114,0.24215799614643546,0.8729803122878479,0.7754898911353033
3_109_109297,0.24954356988073098,0.1854892179458845,0.3083889621157362,0.22832722832722832
3_109_109356,0.9247489239598279,0.7371791140345771,0.9742828500925355,0.904373811464276
3_109_109377,0.6960045721411129,0.5216100908922278,0.7622798477741393,0.5320044677377782
3_109_109424,0.7489878542510121,0.8461705359080061,0.8518930957683741,0.8993931651229639
3_109_109435,0.941888045540797,0.8458714004857176,0.9541560232384655,0.8683138274815778
3_109_109506,0.8749522150957821,0.7511382747446573,0.9278552330022918,0.8548084650415215
3_109_109647,0.8543788187372708,0.838898756660746,0.9497217612027726,0.9462414578587699
3_109_109655,0.4889299060746856,0.0958411214953271,0.4383928960083576,0.05178806729384366
3_109_109674,0.6607878208061229,0.3998017660839791,0.9208335940922461,0.8256923590256924
3_109_109799,0.8492138499871122,0.7450366564991705,0.9167313664596274,0.8917522831050229
3_109_109851,0.893311282616685,0.708343271478319,0.9862751486519508,0.9611396074933095
3_109_109921,0.6221968438538206,0.4724648985959438,0.9581379956979759,0.9017776632745073
3_109_109932,0.870402078290134,0.8602688340106284,0.9580326116011761,0.953776152406872
3_110_110340,0.13596036843790615,0.09060061079063454,0.0,0.02504693954187007
3_110_110554,0.8382742588611708,0.5724025311288018,0.8928053301810757,0.6422018348623854
3_110_110864,0.9480545884266436,0.8415325955547289,0.9663172457830043,0.8109964113242657
3_111_111113,0.5445512981890808,0.7165020343710738,0.5217694994179278,0.6341382141879589
3_111_111124,0.3762262888141325,0.34762838102704824,0.3823846485554118,0.31687358916478553
3_111_111223,0.8560391267366033,0.7667878676301376,0.9140300415468201,0.8896559221612219
3_111_111246,0.9059997585610237,0.7023488255872063,0.9163224918258476,0.7633536173089925
3_111_111383,0.9137657630446273,0.5105338992951439,0.9493170234454638,0.8385870633724359
3_111_111461,0.8085722160970231,0.7319949012109624,0.8758990053557766,0.8123172200240839
3_111_111687,0.7411260558321567,0.47451026669813545,0.7770823553956084,0.5678050812161599
3_111_111694,0.9400386847195358,0.7661045780637527,0.9725862207572956,0.9330856662686303
3_111_111750,0.9413183605626951,0.7240126676602087,0.9723735575479387,0.8642156605653747
3_111_111870,0.9416034312108215,0.8913237924865832,0.9306318681318682,0.8653314152926856
3_111_111873,0.9408161371159856,0.8305346203005862,0.9793071835505206,0.9491525423728814
3_111_111877,0.4386528326745718,0.15101662281630227,0.9153951196342694,0.8980486629727776
3_111_111955,0.9653651540980058,0.8550872968091511,0.9842451378200644,0.9340867479007513
3_111_111956,0.8162872565125557,0.5179302643007817,0.8787676850522862,0.6460005535566011
3_111_111962,0.873375812093953,0.8322171403680715,0.942471815404067,0.8737200478195333
3_111_111965,0.847876544758798,0.8299207109871918,0.9183488792983433,0.9168864824841502
3_111_111980,0.8853412332675006,0.9072531943296676,0.9499204114117791,0.962611794768341
3_111_111984,0.7651664540076557,0.4559257697174188,0.8903019586507073,0.7812963879267689
3_111_111987,0.0,0.0,0.0,0.0
3_112_112024,0.9651355314820947,0.8571289537712895,0.9918643403254264,0.9597503900156006
3_112_112102,0.44861869870284543,0.2893224284625368,0.5544615042278593,0.36607033601722916
3_112_112121,0.9375124616182159,0.845310400429992,0.9489206827309237,0.8714199660478615
3_112_112122,0.9211195928753181,0.7691956905888389,0.9597775937536969,0.8830433023067584
3_112_112125,0.27297162029399225,0.042838465604050184,0.7392514370432023,0.3444252163164401
3_112_112131,0.9131455399061033,0.6513480632628232,0.9545682566686297,0.8010401444167454
3_112_112135,0.1209944161894939,0.0,0.17034700315457413,0.0
3_112_112198,0.8248500534056363,0.32160430018606573,0.9815835661137616,0.9348951658379043
3_112_112202,0.0,0.0,0.0,0.0
3_112_112244,0.3136357577642511,0.26067304327539953,0.31450014861785397,0.23572538784128566
3_112_112493,0.9265174848047099,0.8097506304286916,0.9626461860708675,0.9027905807424789
3_112_112621,0.606970767748153,0.4527765942337736,0.7473635338595211,0.6538753577477951
3_112_112691,0.5917951567347317,0.5630574950723282,0.6634327530768378,0.6309661436829067
3_112_112751,0.7369601132877036,0.6640929064657878,0.9009514896272033,0.9304154556334416
3_112_112855,0.31022028535609814,0.0,0.3197870752851945,0.0
3_112_112861,0.7294584589550814,0.43538070902838044,0.7339121355093201,0.40815357683292286
3_112_112981,0.4845040169604999,0.30710669559590426,0.5007397307960083,0.28945158581486985
3_113_113361,0.001039041429013574,0.009943339628930119,0.013971791130565504,0.024875621890547265
3_113_113371,0.8832342177493138,0.8617052446527981,0.9539775624681285,0.9221747572815534
3_113_113388,0.8444345295004992,0.5021659015969483,0.9684601113172542,0.8644559277296554
3_113_113414,0.8482934397163121,0.8320958612070867,0.912309231923943,0.8624713958810069
3_113_113455,0.25393968103584397,0.08993829636846429,0.27349475991506267,0.22212867322422325
3_113_113865,0.09463250260848742,0.09918301901198748,0.00494726445377262,0.3861664376115362
3_113_113879,0.0,0.0,0.0,0.0
3_114_114100,0.6120953489374542,0.610957839518166,0.9069297595797697,0.8804819523153111
3_114_114110,0.573416943317349,0.3889746812713234,0.5758522375108467,0.3960226053365763
3_114_114352,0.9091115655532833,0.9041902431564459,0.9174447174447175,0.8603738749134549
3_114_114436,0.18064397184656594,0.04378268574145308,0.1984659635666347,0.0
3_114_114749,0.4641930257797631,0.391289021189926,0.45963467803367963,0.3540081469525786
3_114_114781,0.0,0.0,0.0,0.0
3_114_114842,0.872396694214876,0.5989277626288303,0.9615872803794508,0.8878877798759104
3_114_114960,0.9442132165023731,0.8456845684568457,0.9697663765460376,0.9197747316969503
3_114_114993,0.8561905536135274,0.7036015709868806,0.9313430110472016,0.80949849370902
3_115_115015,0.6136670206354218,0.35263967196309587,0.9350637605137018,0.7854854332762089
3_115_115077,0.9421722254169063,0.8459267723658525,0.9756327562144016,0.9359455537206626
3_115_115125,0.4397708427559174,0.2990371908627525,0.40496221303293883,0.30874247125387844
3_115_115151,0.7435061592835329,0.561190053285968,0.7954780935464772,0.6882488258410812
3_115_115358,0.9388338833883388,0.7980298134056083,0.9518888096935139,0.8402153432032301
3_115_115396,0.9173529237514071,0.8137254901960784,0.9404154983431048,0.8394179894179894
3_115_115537,0.9704764541541869,0.8797058022337237,0.979071204242393,0.9155260070394994
3_115_115554,0.93291015625,0.8479661699556987,0.9924646781789639,0.9853040161543639
3_115_115555,0.9355527277205369,0.823776705720193,0.9870078911801892,0.9660118024949578
3_115_115573,0.9179068131392392,0.8639540070377162,0.9683672877125776,0.948358770646038
3_115_115657,0.7437980378678998,0.5390812435285501,0.8373577279012872,0.7127159444916454
3_115_115743,0.8927188802858844,0.7948052870949404,0.9440113682501015,0.9160383049313829
3_115_115809,0.9620660694288914,0.8406622131861748,0.9778042820572492,0.9028014616321559
3_115_115912,0.6703341483292583,0.4674766355140187,0.75208199871877,0.4811854466185706
3_115_115926,0.8359138337260181,0.876577840112202,0.9251221896383187,0.9426552156020755
3_115_115927,0.7940615271315234,0.4887100960290683,0.7961826626436587,0.5095888044229441
3_115_115958,0.9320290751623879,0.8565481641828324,0.956432387998356,0.9036113049546406
3_115_115965,0.9200693851702966,0.7125980023627967,0.9798625777090336,0.9251090495791607
3_116_116231,0.923445671121441,0.8694399580950718,0.9521049420378279,0.9209308594276473
3_116_116237,0.8994644466832812,0.7838266384778013,0.9445805091986103,0.8754796385691298
3_116_116355,0.7563658279343076,0.7950195377177296,0.8585434173669467,0.9079754601226994
3_116_116365,0.7959170814693466,0.3007729360367425,0.9316458519179304,0.7216478818499805
3_116_116448,0.34455480781674647,0.3349097915571904,0.4094465203176086,0.4510898998104522
3_116_116499,0.7149040711277492,0.4945736434108527,0.9889921722113503,0.9780705482362941
3_116_116634,0.22551448170731708,0.08023483365949119,0.23811442385173248,0.049006395858734945
3_116_116747,0.904045643153527,0.7988412388997185,0.9716295960054471,0.9460215437719455
3_116_116977,0.0,0.0,0.0,0.0
3_117_117086,0.6566313435890976,0.3037832036490475,0.9452715256708766,0.7660170909255324
3_117_117101,0.8845049777072009,0.7183125599232982,0.9467896060352053,0.8072168696600618
3_117_117104,0.8144839782980127,0.6135208681682568,0.9561735897619218,0.9153753026634383
3_117_117128,0.3451340675125688,0.05206045730525772,0.358050946120054,0.06783625730994151
3_117_117165,0.9520301070709213,0.7891512696373876,0.9806637486841376,0.834555070984504
3_117_117200,0.2940419094215727,0.04422776269233934,0.32834699209104246,0.13535696455317026
3_117_117213,0.9501251933132042,0.8327137546468402,0.9741836342681521,0.9125409570446117
3_117_117218,0.22167910266578186,0.17115171326834394,0.003565304372677908,0.4226503960608007
3_117_117248,0.920434554489059,0.844390989175308,0.9629448253346392,0.8985053631088448
3_117_117328,0.5949442477583298,0.310001482433167,0.8329950436629691,0.526457786251304
3_117_117382,0.5476755447941889,0.37129194584225306,0.9310849178353265,0.7584731503293111
3_117_117393,0.7606037838945428,0.5992632009823987,0.8919768403639371,0.886474031635322
3_117_117435,0.49864082895976314,0.31519193926062583,0.5535785379597586,0.4213969522466408
3_117_117491,0.8710586534987353,0.6918482080112438,0.9642544818539571,0.903792526491913
3_117_117677,0.7364608603546656,0.5481976044472463,0.8263263751928297,0.7352814782982381
3_117_117679,0.3278973718808515,0.19407831375030957,0.33721411348428426,0.3528045137736475
3_117_117809,0.42725745946539845,0.4388048671048117,0.4468502616396082,0.4663765304249797
3_117_117819,0.32857473793942205,0.13912384296201724,0.312857360413119,0.19219232970807099
3_117_117907,0.9253408613129918,0.7162458263772955,0.9254261363636364,0.7307672110486793
3_117_117923,0.9625796366909031,0.8257076189509993,0.9895426761911775,0.9503012880756261
3_118_118110,0.8777235994135097,0.7521605686131977,0.9406588531075535,0.8754267705506434
3_118_118188,0.8565981272323583,0.7859963512920582,0.9322804563065002,0.8987653094179315
3_118_118210,0.903141252340337,0.7370150328562427,0.9319307493070387,0.8560142115843111
3_118_118272,0.9523414836303357,0.8068844551633414,0.975093883541244,0.8716225359736569
3_118_118274,0.8257912270960578,0.5117300637188646,0.936250362213851,0.8094414754270146
3_118_118283,0.9550662472595558,0.8391955674122717,0.96300685350872,0.8126426887233804
3_118_118374,0.7260036006443258,0.33496245612476117,0.7895734923973382,0.4414485727007372
3_118_118420,0.9233683264310251,0.8081332370463983,0.9716505383671801,0.9242759502384816
3_118_118428,0.8691827587651322,0.8034751615059034,0.8958592418589655,0.8747398896227269
3_118_118489,0.9205809641532756,0.8319439355075119,0.941815976110489,0.859606936416185
3_118_118555,0.9363594951633216,0.7781902993954972,0.972413597573077,0.8977507222451506
3_118_118577,0.9545718027437257,0.8395846902417532,0.9862359613530902,0.9526186579378069
3_118_118582,0.9291636673864939,0.808878224355129,0.9579309169412566,0.8926624599425155
3_118_118639,0.7868898186889819,0.7113502301160304,0.8738390900553062,0.8157616733572787
3_118_118675,0.8231654075395771,0.6097047682039565,0.8603894158761857,0.7621174126618804
3_118_118775,0.3126719564298793,0.057328145265888454,0.3155442874676366,0.0
3_118_118791,0.6144345812427634,0.20410216148580682,0.9538003468245918,0.8365078587866621
3_118_118960,0.7234075640706643,0.45367696750015357,0.955022613169578,0.8990111508520934
3_118_118966,0.2521431456740623,0.0,0.29227786134757017,0.1523142425491004
3_119_119029,0.6240038307623901,0.3427752316730936,0.8081400636653024,0.49908202252766337
3_119_119047,0.9352158503282785,0.7537809029521737,0.9787188040523844,0.9198468568605657
3_119_119057,0.9028843823220489,0.6686590593491517,0.9805059589739046,0.931637519872814
3_119_119076,0.7911829448481742,0.6767158873393492,0.9040159798149706,0.8502007130924776
3_119_119106,0.44039472076255654,0.20129593810444874,0.43754873629650015,0.3180523277607017
3_119_119338,0.5982207030938044,0.3505641197497766,0.6315398259988174,0.4470453379988537
3_119_119619,0.04453020134228188,0.0,0.000908511993207387,0.35909495360366084
3_119_119650,0.6829750056977892,0.16692417219546185,0.6443049224506178,0.11969042476601872
3_119_119710,0.9485666782869862,0.7990336156284096,0.9378861520718346,0.75327961987398
3_119_119732,0.9743849407279442,0.8973453641951092,0.9823108884272271,0.9316529972661199
3_119_119915,0.915372027288377,0.6601974659943218,0.9831750714483267,0.9284342464368746
3_119_119930,0.5454113090890561,0.3589048864244983,0.5969002368651734,0.4796160728810802
3_119_119956,0.9369087495858947,0.8414708218474045,0.9655651636812848,0.9150575385215526
3_120_120015,0.05391081871345029,0.0,0.0016999637833802672,0.5217255809812127
3_120_120175,0.20092639258885928,0.14126063582102188,0.2952425206419559,0.4067681395005172
3_120_120191,0.8016085790884718,0.5273483947681332,0.8653318077803204,0.6772980253627793
3_120_120197,0.2761889884886208,0.09658121833872159,0.3167973400106728,0.003610898347740453
3_120_120282,0.9614326028638122,0.8245863495346433,0.9906960779000235,0.9537478586971619
3_120_120394,0.5929212524875117,0.3777550666229584,0.8751141135658207,0.7418537677990508
3_120_120451,0.936261040235525,0.7671449951580245,0.9519568360181743,0.81077114649115
3_120_120534,0.26136691517977645,0.0,0.2762138023292414,0.0
3_120_120553,0.32988574130855947,0.045924013279232755,0.20385381802704639,0.40988532313983467
3_120_120641,0.919666201067297,0.875136816636903,0.9609041633029639,0.9402649633309675
3_120_120771,0.9225493192081763,0.8132729635685239,0.9760017374307742,0.9421178379840418
3_120_120781,0.7833185411463601,0.3836549375709421,0.9238296871324394,0.6621042031850222
3_120_120849,0.8844886599916829,0.6600298423948522,0.9518761627294745,0.8453755748594788
3_121_121090,0.9213658934766342,0.8580067449703453,0.8977372906259183,0.8424486553954386
3_121_121194,0.5620232309086416,0.45746082043255004,0.2511106459191031,0.38450899031811897
3_121_121200,0.8102674995995515,0.5890120132560066,0.912736299408058,0.855897652186138
3_121_121217,0.9711857572655935,0.8736747280160765,0.9857060995797784,0.8666931690187504
3_121_121302,0.8379912130827435,0.7664312873438349,0.8959236186348862,0.8729822998998108
3_121_121834,0.8141461342395921,0.9025530073561229,0.8416331143603871,0.9321459770729708
3_121_121982,0.9067952694842962,0.8327954059605147,0.9189452624018879,0.8768339605090694
3_122_122004,0.2589207370576192,0.23022682345268908,0.0001728638351570468,0.09294012511170688
3_122_122407,0.8271823204419889,0.7638223770134959,0.9045017126080575,0.869729822749957
3_122_122545,0.8208007283289619,0.5889999324734958,0.8494325405080554,0.617354008578027
3_122_122582,0.8798261114325479,0.4819955559614038,0.9262818381326062,0.6504434272636247
3_122_122822,0.6529114920725815,0.5188944320201846,0.798834897591197,0.582343136727781
3_122_122851,0.4306208702898982,0.2691992795153103,0.5569827821809238,0.34059713067080266
3_122_122857,0.9018570457249703,0.6248033877797943,0.9369644905210606,0.756849912739965
3_122_122869,0.9647370288490407,0.8625992338866374,0.9755562431436527,0.841090390406255
3_122_122904,0.32976314872866597,0.28599430452309627,0.3659595707511854,0.31854523818377894
3_122_122910,0.374113475177305,0.10726675021340744,0.6384090161237249,0.4095895202060348
3_122_122940,0.13215104517869183,0.10329710238916703,5.803493703209332e-05,0.33209495131203315
3_122_122956,0.9193495292645993,0.7354647415237849,0.9690539968983505,0.9319949214410411
3_122_122977,0.6381685889000697,0.41686487895474245,0.8770079506733733,0.7746868003620254
3_123_123046,0.6770973062122045,0.34459459459459457,0.9001897990540174,0.7054263565891473
3_123_123059,0.4142808777164138,0.11045235455183182,0.40145167425745626,0.0742529638788103
3_123_123241,0.9546600390555654,0.8532469746037157,0.9829776235137729,0.9398277398277398
3_123_123287,0.8261592997178615,0.7809823457437511,0.8926744761590497,0.8782706204834289
3_123_123301,0.7903219837157661,0.5492470850178708,0.878123448618236,0.6759971575987889
3_123_123318,0.5932996417960181,0.1420246017342206,0.9854534487158666,0.9376366574769465
3_123_123374,0.6222948449571543,0.2841949648066018,0.7236502728405243,0.4122581138617648
3_123_123424,0.8874353513842409,0.7638724911452184,0.8202358210921546,0.8196615348454578
3_123_123495,0.31437569470174137,0.16885859395883454,0.7093554081197881,0.41663277755185035
3_123_123510,0.9097229348383786,0.8346940567114388,0.91811628489521,0.8507658893461363
3_123_123516,0.4241368950071015,0.40065705744813096,0.4214928951921636,0.45703076348237637
3_123_123538,0.9204029320501866,0.8151789759855007,0.9280626444643615,0.8320243924974591
3_123_123573,0.8713295764014345,0.6328542403491609,0.9196099802633517,0.7797059938503011
3_94_94137,0.7278647200924273,0.47364864864864864,0.7782959845296326,0.5183660147128977
3_94_94173,0.8291020948524258,0.6812292621267183,0.9110006973500697,0.8305489260143198
3_94_94174,0.9669750889679716,0.9141082307967985,0.9812703881537954,0.9498787878787879
3_94_94199,0.31198800663918186,0.5284803702651131,0.3191095636916919,0.5072161301733287
3_94_94218,0.9191067196851026,0.8012644693412673,0.9723138901984314,0.9288147307103717
3_94_94263,0.8939711231125317,0.7720089222153671,0.952647576387778,0.8742529400424137
3_94_94291,0.844638403990025,0.7914518233211157,0.9354089219330854,0.9217461275397304
3_94_94324,0.948249027237354,0.7789250728091077,0.9840256185883711,0.92706429639475
3_94_94359,0.32212641465855724,0.15585434173669468,0.6857881923311017,0.6210812401544135
3_94_94371,0.8543459693844031,0.6987776277450075,0.9186254798025955,0.8212861917609632
3_94_94374,0.8325456116277888,0.6994000786782061,0.9401186836899839,0.8948677891569751
3_94_94490,0.8524413007171627,0.8063736769443166,0.8326390452600766,0.7443947977339823
3_94_94592,0.3492990104230418,0.13289117299812486,0.3448923431631401,0.04888524141704281
3_94_94612,0.22834853312822767,0.2306165194426737,0.23083153643239457,0.22833996413184637
3_94_94620,0.6095682360598829,0.3704635972598375,0.8736038186157518,0.7080332690942286
3_94_94650,0.9250904010519395,0.7403200826019618,0.9705959454736106,0.8263352240283224
3_94_94683,0.08941236068895643,0.1800452017572818,0.0,0.008168704014831123
3_94_94693,0.8976773187840997,0.7817089452603472,0.9788390537399152,0.9408348021150457
3_94_94781,0.7407869413358044,0.3151771319011722,0.965968338231112,0.9058799228862572
3_94_94816,0.197426942479329,0.13867327636814297,0.18424181622264332,0.15220910623946038
3_94_94826,0.6226787372330548,0.3304830550208175,0.6695507173420588,0.48499271491015056
3_94_94844,0.9192291922919229,0.8360706538580726,0.957783967811823,0.9198722128047986
3_94_94894,0.8829193603266418,0.6120172577080922,0.9606945239458119,0.8574428816903201
3_94_94902,0.9424323440595488,0.7089065894279507,0.9494579049680354,0.7670035252643949
3_94_94917,0.6320928759107766,0.21932665881429134,0.8574480835873786,0.5809935205183585
3_94_94937,0.43165390009709786,0.2099091789462664,0.4560481059725773,0.29942159194339235
3_94_94953,0.8242862996858352,0.49843336582648656,0.9607511737089202,0.8725917663759887
3_94_94985,0.8938132295719844,0.5518099441288323,0.9820943176424904,0.9000173180165099
3_95_95010,0.808417730808748,0.7988184438040346,0.8095857640491879,0.8164248420688263
3_95_95044,0.8250111957008509,0.5680310299071144,0.9100185528756958,0.8051057622173596
3_95_95049,0.4479915672175583,0.21530105004468275,0.8472022955523673,0.9058124734832415
3_95_95116,0.170252650088751,0.17291780689610767,0.17578627683121428,0.2406688376753507
3_95_95325,0.9234723488931266,0.8524736415247364,0.9826801178466208,0.9511406196799456
3_95_95340,0.3072839782300753,0.42618692454091867,0.3232968035093788,0.48149738360391786
3_95_95343,0.6795693322913954,0.09871409190113845,0.9809491371480472,0.6903040089868707
3_95_95361,0.5063746600181324,0.0728424925896903,0.9038928583999155,0.4990146070020867
3_95_95422,0.9061577114647155,0.7578748063572207,0.9638617401668653,0.9068054850177755
3_95_95440,0.15874629768798904,0.17018670271183578,0.17079484316313065,0.21707051228305524
3_95_95489,0.944304398113823,0.8421941313375622,0.8831278289371001,0.6269244657453305
3_95_95581,0.9004153481012658,0.7861793220578869,0.937984496124031,0.8687869117053666
3_95_95588,0.4803364879074658,0.17088841506751953,0.4563905994721629,0.1757472198100787
3_95_95597,0.38196259362543983,0.12979715682418386,0.5046640875081008,0.3422515635858235
3_95_95620,0.9479645108835193,0.8104866686490236,0.9698645531436683,0.8915638069978578
3_95_95622,0.945438282647585,0.8085886722376973,0.9754971232461895,0.8852313995716548
3_95_95642,0.17922642634218186,0.058998399268236905,0.1663337228148204,0.06371509059924182
3_95_95651,0.8409379766141332,0.8589051001744012,0.9131438464867985,0.914253015230214
3_95_95660,0.9335466867469879,0.873880266075388,0.9720182575907919,0.9476216916527855
3_95_95680,0.8118876551273677,0.8757777301008367,0.9284233496999454,0.9588743350683521
3_95_95681,0.8120980358074048,0.7904931317323847,0.925914876690533,0.8714107365792759
3_95_95684,0.22171155147718508,0.17908407382091593,0.21652566630621461,0.17830718574472207
3_95_95689,0.9034446261907053,0.7115414771836287,0.9608641202254227,0.8295938421225024
3_95_95695,0.9540035763957878,0.8594310303609849,0.9186022610483042,0.7816742081447964
3_95_95850,0.931704009615681,0.8099756379022952,0.9798794075239219,0.911002661934339
3_95_95854,0.41956902722582873,0.1472902097902098,0.796165636708676,0.4855764855764856
3_95_95901,0.2384261841547489,0.05292593352100073,0.2541158011102262,0.002933076595839957
3_95_95922,0.30654012525017754,0.1331383800485544,0.29494574921027333,0.18380756166824433
3_96_96013,0.8510479455842505,0.6008864007464427,0.9078161055558842,0.7771680884811591
3_96_96016,0.7108685182212233,0.4378289724616676,0.7144070964891411,0.45972495088408644
3_96_96054,0.8346931207120342,0.806136245449818,0.9069329708250549,0.8947981084030556
3_96_96082,0.14886394885191806,0.31388660640920296,0.14667699563289038,0.29399747641651147
3_96_96207,0.870442949049767,0.6622628353334067,0.8719504390343804,0.6246686825699033
3_96_96221,0.8220871975269161,0.7839908705575481,0.9237711329041574,0.9256395270422155
3_96_96340,0.9540463079251602,0.8131239185411953,0.9769833002923289,0.8515635221771556
3_96_96362,0.84698510715583,0.7849063717481463,0.897518430069567,0.8999933594528189
3_96_96469,0.8997833739507176,0.6902897086070406,0.9568215980429721,0.8633143815826265
3_96_96537,0.3470549027352622,0.286062486151119,0.3573900274532337,0.3180994027303754
3_96_96563,0.8642450315075133,0.6506613756613756,0.7546165472826444,0.5380051119766309
3_96_96597,0.9250146455770357,0.7765359297860669,0.9788895315211105,0.8832352116624614
3_96_96682,0.8500381183012691,0.6296861377506539,0.9633475236216384,0.9198641983216962
3_96_96769,0.8912427076882965,0.6410990269032627,0.9605427602213891,0.8557414887478362
3_96_96778,0.6641057414291615,0.5287325615909766,0.7608675018982536,0.6235671419045502
3_96_96962,0.7297197640117994,0.8007244626901715,0.900046008741661,0.945255677086225
3_97_97137,0.8883228646322766,0.7058397858021564,0.9730762929386707,0.9234422798261149
3_97_97280,0.6856279088269223,0.7133335055674684,0.7388730541547907,0.7134423003334609
3_97_97290,0.951168294390187,0.8144590823544682,0.9910941920162051,0.9617622020431328
3_97_97313,0.6735037204788095,0.3332683307332293,0.7755234783478848,0.644622827069268
3_97_97359,0.7888630540001899,0.48837471359350937,0.9359649122807018,0.7684516509969569
3_97_97407,0.18675742964293593,0.29567657186583346,0.1482101994115724,0.2660516409522295
3_97_97676,0.7199675118657834,0.6818257123923128,0.7902358419708577,0.8377450223799969
3_97_97700,0.6445596096832178,0.38760509248138364,0.6680475809772997,0.4023465703971119
3_97_97709,0.13298307063631057,0.17127010945419818,0.14225370005716825,0.20025381658019484
3_97_97710,0.634066853594445,0.5203367481488995,0.6704290407572455,0.46507391093789635
3_97_97769,0.29744682780826265,0.1562188291260646,0.2815500087275266,0.19187241388759488
3_97_97770,0.27250165453342157,0.23560960778352083,0.27636796193497226,0.22219603838550464
3_97_97847,0.8133092224231465,0.48240821678321677,0.8741925319048369,0.5806173170223532
3_97_97863,0.8191803971271652,0.5441018219599986,0.8473987153463282,0.5918835535163357
3_97_97915,0.34387794577517006,0.05714677499528634,0.4533936982000073,0.1555150277210388
3_97_97923,0.8906203722689268,0.6601882292270999,0.9421221864951769,0.7879991637047878
3_97_97970,0.9431244860311604,0.8010549519760668,0.9693901088761764,0.8885552218885552
3_97_97974,0.9442045212198763,0.8071670790944918,0.9748990110043182,0.9133223204742008
3_97_97976,0.9250340533177661,0.7495431843099037,0.9774033335933641,0.9192137769362546
3_97_97991,0.8061675882603148,0.6559316180279744,0.8885677120971238,0.7677784478359697
3_97_97994,0.6487503527862273,0.37755480086446436,0.7109800362976406,0.6005852986744706
3_98_98011,0.4668639053254438,0.2945522895939333,0.538714865589339,0.38258663518965486
3_98_98012,0.5622344570983232,0.1950489849048848,0.5935070165112605,0.20800071222957534
3_98_98020,0.9080546365750598,0.6421767217781671,0.964797350802678,0.8647899043128554
3_98_98084,0.6010072138287736,0.4633271827560178,0.6821315806430827,0.6060645942460057
3_98_98087,0.9150674869158021,0.7076612903225806,0.463766663325649,0.2886067261496225
3_98_98109,0.16863702780303882,0.021576622494053687,0.18307671828548608,0.0
3_98_98252,0.9178776734387831,0.7362432564982835,0.9559083570385177,0.8964819657571421
3_98_98257,0.4139507256856567,0.22707126668345504,0.475104228707564,0.29963261470110786
3_98_98321,0.0,0.0,0.0,0.0
3_98_98428,0.9697684707270314,0.836999327634233,0.9883049817739976,0.8346198207789903
3_98_98431,0.9487306043125521,0.8176006818666098,0.9784918456321654,0.9240664845173042
3_98_98589,0.9302409493645512,0.8371295836904064,0.9650957661290323,0.915977832049596
3_98_98592,0.8951130385897281,0.7128717628405323,0.9608209748013428,0.8914302092290054
3_98_98614,0.622722325597725,0.41358839050131924,0.6215104640582347,0.4501734375918631
3_98_98996,0.36881258317153515,0.23931409975592965,0.50864325278471,0.27597784405624204
3_99_99041,0.9512086073612553,0.7309924787442773,0.9826500082690602,0.9045863309352518
3_99_99079,0.10106517632854946,0.07579860897396443,7.759757895553658e-05,0.1070625662778367
3_99_99198,0.5760964330389295,0.41801683658361183,0.8904023205952831,0.9300674193162325
3_99_99223,0.8889183597687126,0.8342424775646665,0.9651306134429116,0.9598788796366389
3_99_99257,0.7633697210276768,0.8206086804135756,0.9310951671855964,0.9629534839081195
3_99_99263,0.9325483560130673,0.7781912311923637,0.9685840598681124,0.879565772669221
3_99_99279,0.7602246841996273,0.4075876049811758,0.9248150369926015,0.7450381088714357
3_99_99358,0.8558841401660928,0.8350023163821674,0.9254302103250478,0.9247531626041345
3_99_99416,0.9391973541944921,0.7536059675875499,0.9672106552868026,0.8607161838958278
3_99_99456,0.896988677427126,0.7148055041016141,0.8327157226045526,0.671774647887324
3_99_99483,0.877725620835857,0.8684747145187602,0.9493331096384532,0.9042665180506533
3_99_99610,0.9312292722037975,0.8036269703199957,0.969196877173997,0.9046335020911292
3_99_99711,0.42076014053018207,0.593963687809479,0.4570745490110846,0.727127091491634
3_99_99780,0.8885514924408838,0.8866284227334555,0.9410896309314587,0.9037336142322098
3_99_99802,0.7736394306375086,0.23787528868360278,0.9879901156059375,0.8147038878842676
4_123_123574,0.8610843207495178,0.5283229615445987,0.9421432493920138,0.8016208353536053
4_123_123581,0.8338732068486812,0.6538949225425877,0.8901566656813479,0.7860711491001023
4_123_123636,0.8223061248951217,0.6154457139365797,0.9581059048699228,0.8766184310738766
4_123_123637,0.8460520511689458,0.850336071695295,0.930390066474351,0.9301033187226049
4_123_123716,0.5404975241688281,0.5980221653878943,0.5737390754975256,0.6148879605013293
4_123_123733,0.35444483485593814,0.3615912510550846,0.35893511619477225,0.3918797890337347
4_123_123812,0.9517820299030553,0.8239643472095615,0.9722542327807818,0.8978567694720334
4_123_123856,0.9618772717553987,0.8523404448892326,0.9758942629676447,0.8919642452016879
4_123_123861,0.5622923238696109,0.5958151978596814,0.5688701379770541,0.6531522232773214
4_123_123878,0.9387507580351728,0.7777038099139697,0.9644271075919888,0.8651059688581315
4_123_123913,0.8849485522852357,0.7512663571127057,0.9303867403314917,0.8457251206619169
4_123_123977,0.3535959601444357,0.3400582495376177,0.00019003879958824928,0.10000662441760329
4_124_124056,0.7982589686536284,0.587829338772735,0.8776711731356301,0.703544371264324
4_124_124057,0.8109303893477162,0.6148102280177752,0.8776288851665736,0.7020317811684719
4_124_124127,0.3250073157476694,0.2664560369499306,0.762844453416776,0.941194589902271
4_124_124187,0.9410721823554242,0.8471504062730837,0.9753596164091636,0.9432776880272842
4_124_124229,0.953085988651244,0.6089561091340451,0.9813356133233887,0.8514922261273604
4_124_124232,0.6670424934856685,0.43746515067031927,0.8496288829835975,0.6965666132739049
4_124_124323,0.6130420746798666,0.5556658298791524,0.613048988813578,0.5763168933900641
4_124_124375,0.6158022842164389,0.5583472372166062,0.6216285599679101,0.49101796407185627
4_124_124377,0.18700526733955214,0.0,0.18929840935718967,0.0
4_124_124385,0.9606491727263147,0.8258432349559218,0.9743125667807846,0.8772044415414761
4_124_124475,0.9451481173864895,0.8190549790240671,0.9609389127997396,0.8740049252620125
4_124_124483,0.9440606039350472,0.8495532795816082,0.9782672648378319,0.9239937036204182
4_124_124492,0.7118336359135171,0.39048896839594516,0.9545437226138312,0.8787851190747233
4_124_124515,0.9205645881722351,0.8582316109038012,0.9684781771995997,0.9453311258278145
4_124_124600,0.9507424065060687,0.7700686045689228,0.977507540268241,0.8170271198077583
4_124_124643,0.9347949630604493,0.8089483051198212,0.9564777647839692,0.8808563054835832
4_124_124760,0.8275372231283211,0.534782270000779,0.8908910610568069,0.6772333005454708
4_124_124876,0.19794961282582615,0.056645401382243485,0.20125443691513392,0.0446718044113739
4_124_124880,0.8713844425723112,0.7928508876681792,0.9083239016359708,0.8583204113278381
4_124_124969,0.9145359455420886,0.7611101274787535,0.9454840976981198,0.9099135602377093
4_125_125046,0.8390669006296356,0.5030893994979726,0.9361994243557085,0.6760456495724001
4_125_125138,0.9343876295905816,0.817326192085695,0.9522554188635032,0.8335043612108773
4_125_125153,0.3902802796986073,0.2902421879992332,0.4396532159230176,0.6183135930217643
4_125_125225,0.3648432066285645,0.41408773575075547,0.8849104859335039,0.9302270011947431
4_125_125345,0.41771248765138486,0.39826602783481635,0.43960043363791235,0.38306128474419
4_125_125437,0.2452179333991376,0.15648447779239713,0.0005359655195515755,0.2947302318279345
4_125_125471,0.8487386161415262,0.8942311089129897,0.9241326045627376,0.9517475799896549
4_125_125512,0.8983233902489199,0.6701967912747965,0.9167131852182651,0.75
4_125_125513,0.9209347814896793,0.7393995929443691,0.9244037714919578,0.7668889067394972
4_125_125518,0.8575212224108659,0.6853045651887909,0.9345350328079041,0.8653454901665285
4_125_125648,0.9049325879644854,0.6576972681439793,0.9756697064690795,0.9076090726225983
4_125_125649,0.8587297369120382,0.5839680121858339,0.8974615802878975,0.6425624229018674
4_125_125685,0.9567008764701476,0.9244087001307397,0.9810560570255298,0.9683081223281815
4_125_125796,0.9838257768721345,0.8521830115095596,0.9733892653544154,0.6843935203476886
4_125_125888,0.9519238273628347,0.8168290043290043,0.9807982388193567,0.8935699979280337
4_125_125921,0.4314656979181221,0.07663281586344874,0.45449971886005147,0.17321054834658853
4_125_125923,0.5601525762376637,0.459243654649859,0.5756961284388327,0.5226652641267545
4_125_125926,0.3939336252300273,0.37849698299506307,0.41289630672297073,0.42570085885593906
4_125_125929,0.944706184683913,0.8580003334630134,0.9677073083460059,0.9210450095580143
4_125_125931,0.8069064093818017,0.5511268137069941,0.9650613060691087,0.9148580968280468
4_125_125956,0.9290302977689036,0.7841856123741583,0.9850443131462334,0.9496562430694168
4_125_125980,0.8932986849358218,0.889602053915276,0.9277735141127313,0.9208416833667334
4_126_126005,0.9544020067972164,0.858377577478701,0.9619463505926388,0.8852915138484887
4_126_126023,0.9561161161161161,0.8622573595577838,0.9837062966204109,0.9137953201337105
4_126_126025,0.08210064534841563,0.11400777056084468,0.08307071439907497,0.28479571332886805
4_126_126037,0.2748804134030097,0.11040644906702746,0.33964035319311214,0.20885255269114963
4_126_126053,0.5075649493615148,0.16116434572228677,0.6076470713118061,0.23755872827623956
4_126_126054,0.9481052685265466,0.8113214260300292,0.9706365176869307,0.9211678832116789
4_126_126155,0.33292199206698986,0.00014285204099853576,0.22538489079842464,0.0
4_126_126297,0.8753745422261681,0.5337945423598528,0.9713349024882313,0.8973839925256929
4_126_126373,0.8719289508632138,0.4690478482718783,0.9868514401929717,0.9366577585716722
4_126_126638,0.5702973351673073,0.22758620689655173,0.5297841589125527,0.17043193692939887
4_126_126682,0.9322762348191319,0.7085588981018296,0.8061139319746817,0.5552821430568761
4_126_126746,0.3255199178818004,0.14654227462061237,0.33272031993461193,0.2003382013835511
4_126_126766,0.8287957136627001,0.6004004654057418,0.898745829018525,0.7597707139134966
4_126_126785,0.9146798620482831,0.8989222839547493,0.9515347334410339,0.9338893826485267
4_126_126800,0.5536458333333333,0.3167707138913662,0.6042242224400677,0.4113079137946078
4_126_126806,0.866046928375427,0.633496943878496,0.915742727706247,0.7378000396746677
4_126_126887,0.831898713020224,0.49721642310368824,0.9389056224899598,0.802989898989899
4_126_126893,0.3564109120232874,0.2684984333574355,0.4092246849995401,0.32856395581402503
4_126_126942,0.5264560996812518,0.25566583953680727,0.9826984868041634,0.9342281131655157
4_126_126969,0.8289244354932415,0.7054299769599601,0.9543383157127233,0.9403607666290869
4_127_127026,0.8554601342155896,0.8105684237692754,0.930444030842861,0.9182336279561819
4_127_127080,0.9438075017692852,0.8629071249615402,0.9672393276810948,0.8698066904895165
4_127_127117,0.9069767441860465,0.7515099223468508,0.9219035997559487,0.7800208210745485
4_127_127358,0.8988534784298484,0.7619613165931456,0.8715257531584062,0.7064276539900598
4_127_127386,0.48389139260307645,0.43586573247240923,0.48876382986868805,0.42589823557055584
4_127_127394,0.24722791114773568,0.09101941747572816,0.36822566827657277,0.029364670122398025
4_127_127435,0.9639876108982098,0.8731266496667114,0.9845103986135182,0.9427639244931252
4_127_127445,0.8846944105868013,0.6827841392069603,0.9595982915849013,0.8987260402057036
4_127_127517,0.8392006925407589,0.7725952602230484,0.9517676974817488,0.9298312639286851
4_127_127592,0.4295971195432175,0.1459842899382003,0.8559993150978126,0.5925080370870801
4_127_127620,0.7782177273160958,0.3763726776711099,0.9632866071970386,0.877854855923159
4_127_127625,0.9391888903630976,0.7990763873116814,0.951809157861031,0.8314438671075421
4_127_127671,0.8645381613183001,0.739972337482711,0.9483658170914543,0.9122903190439645
4_127_127716,0.34251514771158303,0.23835535230352303,0.7939890469039838,0.5337739535270399
4_127_127749,0.010970015291536466,0.0,0.01974602752476564,0.0
4_127_127769,0.004962610469068661,0.05645668301269961,0.0042958450768251655,0.0513067039594441
4_127_127785,0.09068037306025375,0.20586455505800585,0.007580634777570334,0.4325766831715002
4_127_127788,0.5761832165676014,0.19903450459006014,0.9824255671077504,0.9340909090909091
4_127_127854,0.857425056316063,0.5563077447098395,0.9154382356302136,0.6952787438086205
4_127_127894,0.8925334239746204,0.825472399940485,0.931915687371759,0.8751700851685733
4_127_127915,0.7883723074086593,0.4668193025713279,0.9285426509907336,0.8369125993189558
4_128_128052,0.07860805449509693,0.3393435757268499,0.005512275310009649,0.45476207162379984
4_128_128083,0.9251325942955999,0.7045475811733882,0.9423434886077142,0.8160725483575322
4_128_128107,0.7294771968854282,0.47812822910003444,0.8574224210232038,0.7486387841799796
4_128_128152,0.9293240435154626,0.7668275030156816,0.9670077583318297,0.870990975723425
4_128_128173,0.29942334460131237,0.21115060940220545,0.7551106427818757,0.48667391895567036
4_128_128189,0.8800128199991988,0.6776227167412038,0.9669745438161749,0.9071441644805076
4_128_128245,0.4799498893585135,0.3305906365607858,0.5018021675216199,0.42365284048462015
4_128_128295,0.6284725384825576,0.5450059962309406,0.9356559505263655,0.8966911461341694
4_128_128324,0.9309491191386065,0.7432586576630014,0.9657853810264385,0.8687798395432397
4_128_128372,0.8362010567673757,0.690409450395435,0.8477713178294574,0.7286239656757585
4_128_128373,0.9385578153889916,0.8327062228654124,0.9824798857056921,0.9502872062663186
4_128_128411,0.9265108182044267,0.7408542246982358,0.9663738421932642,0.8932900542678907
4_128_128425,0.910446482132145,0.6170369010464476,0.8981434406830174,0.5735938641344047
4_128_128485,0.7464678870227087,0.12787813255311029,0.7344668818657258,0.092692453435159
4_128_128511,0.9599473433605019,0.8594541361845808,0.9383575551881183,0.8029794473309118
4_128_128521,0.9168147310612179,0.7301511673236021,0.9494440583738707,0.8338141686129047
4_128_128599,0.7632940937690278,0.5468646238497297,0.8539131437799181,0.6558044806517311
4_128_128631,0.8751239552344525,0.8239663411593601,0.9072668112798264,0.8765519494663472
4_128_128633,0.4784042467626478,0.3794365379029916,0.5255507000802639,0.4823854613891666
4_128_128655,0.7404482246523558,0.46943448395040394,0.7723396716664698,0.5516348773841961
4_128_128684,0.9186028226599049,0.7332810098433565,0.9720993893451253,0.912999511820908
4_128_128692,0.944499645138396,0.8429450307607663,0.9786925479696564,0.9411138890366508
4_128_128762,0.5346487786040833,0.1367908694192682,0.5464234685339889,0.18400118290699394
4_128_128805,0.8252580752580753,0.7423244169192252,0.9429192178550266,0.9414804681562547
4_128_128828,0.8483677987658392,0.7017396875462028,0.9458000550812449,0.8806111571716214
4_128_128830,0.6973222239689776,0.34736617729343744,0.744596147915557,0.4077478845126648
4_128_128849,0.7208549222797928,0.45151268361837543,0.8245568804382856,0.6020768578694546
4_128_128867,0.8997901129817354,0.7128410532994924,0.9780516170539183,0.9255973931933381
4_129_129015,0.8886693981075017,0.5042657080002146,0.9312030462076772,0.6192982456140351
4_129_129095,0.9390973132372215,0.8257885081957512,0.9791233541233542,0.9464023025263831
4_129_129141,0.9264357180035857,0.7718078094458839,0.9702633032590683,0.9091344083448969
4_129_129196,0.868787143588488,0.5951672989507502,0.953895594524153,0.8371523208857026
4_129_129283,0.7446949816956621,0.28522824768497973,0.9408041935690085,0.7782816937227144
4_129_129409,0.8448303329616058,0.6553716355632996,0.9134191287535496,0.8499132619489143
4_129_129425,0.6782728674620566,0.5095957396925345,0.6626462986699165,0.5492885307731871
4_129_129438,0.9006632277081799,0.825636192271442,0.9330166270783848,0.8883572567783095
4_129_129551,0.9331434639891871,0.7540861196382643,0.9634164625918337,0.8306718061674009
4_129_129588,0.9277112627036057,0.8227610043712514,0.9731107335450986,0.918640786591268
4_129_129806,0.9588579001264984,0.8884438127234354,0.9867000469410108,0.964292130794107
4_129_129868,0.8056755978104293,0.4727265309452899,0.8418431405373734,0.5267644888925321
4_129_129870,0.6568864502929415,0.44384850861436487,0.6580329016450822,0.561130311038829
4_129_129872,0.1965626609558405,0.1026358759038955,0.21208949943989153,0.09682545106615636
4_129_129938,0.5556946835707205,0.4559045226130653,0.8584529874942103,0.7819337946512063
4_130_130020,0.8805244755244755,0.785066912129151,0.9399474781802735,0.8942922958791912
4_130_130039,0.8681636006074034,0.5806765636407886,0.9184535324087949,0.7685156215080677
4_130_130042,0.821388452033251,0.7036337300837584,0.8990154001514769,0.8375401874273206
4_130_130043,0.9152635668954798,0.794536959386606,0.9551808921671935,0.8926010430247718
4_130_130048,0.9312065162056677,0.8258533230160777,0.9399692516714935,0.852655949676743
4_130_130070,0.8929891304347826,0.7595986544484399,0.9091478340069449,0.7626486360456983
4_130_130110,0.9369538443493051,0.7865468900562619,0.9324710604739798,0.7886248687851894
4_130_130290,0.9581873721379929,0.8374869422474257,0.9577358709191507,0.8500025790478155
4_130_130292,0.8348321095619173,0.6944379069585,0.9431252115877545,0.9100034764470711
4_130_130314,0.5346636752553615,0.4432276291146875,0.5620551371028605,0.4616266095714846
4_130_130330,0.5840918742268422,0.05971938829171838,0.5808348030570253,0.09770054322029428
4_130_130344,0.8750570619921483,0.8143754361479414,0.9480467378767363,0.9357393081302
4_130_130456,0.4812187164819449,0.12154361345877851,0.5315198911934716,0.2614334982756035
4_130_130556,0.9040488777739086,0.7173256516284905,0.974407121496627,0.8811655789952952
4_130_130602,0.7769998703487618,0.8317654285067727,0.8555883019723419,0.9078701582490396
4_130_130704,0.7004208311415044,0.6113141862489121,0.8105399288716456,0.671264367816092
4_130_130762,0.2614784694756537,0.0022642611934847712,0.2667662039443221,0.01447262423956221
4_130_130822,0.7692130518234165,0.634547808396523,0.9024435394298408,0.8536097212294496
4_130_130855,0.0038258575197889183,0.09307795698924731,0.004479140005119018,0.1167937976741278
4_130_130889,0.8279606125276124,0.508807927134421,0.8745369817182459,0.6723576381592772
4_130_130901,0.9812552068869759,0.9190635762822303,0.9843827378846834,0.9145659590598939
4_130_130925,0.47480968593397344,0.38416388537230983,0.5143562698811318,0.4775325863251772
4_131_131042,0.5515436944008373,0.3116030888542737,0.5833043175487466,0.38310276082885275
4_131_131044,0.20126126430757266,0.26722277100940256,0.2686281738168748,0.44294380850421367
4_131_131164,0.81756090852834,0.5973399180649868,0.9032860248050122,0.7752590456389793
4_131_131261,0.24711750460837822,0.19289899123386636,0.2500322420177976,0.20624619752585682
4_131_131262,0.9274985883681536,0.862656952410479,0.9629808563319041,0.935972996142306
4_131_131328,0.902619468339191,0.5969083458433075,0.9737462562926146,0.8411037107516651
4_131_131454,0.7388496325607687,0.10566788556678856,0.986344817107912,0.922071448352257
4_131_131495,0.8819294138433676,0.6258131525720221,0.9688264974771444,0.8975796930342385
4_131_131498,0.5731844976796688,0.46510623596476075,0.7254505778711711,0.6657142857142857
4_131_131588,0.5828343107293301,0.27792262405382673,0.5956676790230584,0.33781549652816045
4_131_131610,0.8550037907505686,0.8299673014041162,0.8901822973863387,0.869393228293664
4_131_131627,0.8480775308121774,0.4662541806020067,0.8954905318541683,0.6455647636586863
4_131_131654,0.8567003753769153,0.5277147994683762,0.949482697110239,0.8404834087794344
4_131_131686,0.9416754478398314,0.9000490677134445,0.9677721980023177,0.9374748085449416
4_131_131961,0.900636764397173,0.8473997522134591,0.886436764204868,0.8411836649464547
4_131_131974,0.1478199267516775,0.0,0.15427216293506313,0.0020296578576754205
4_132_132100,0.5295732568936977,0.3985024958402662,0.9583889630618603,0.8985805535841022
4_132_132238,0.7922527630256926,0.49972387894853104,0.9887993845318369,0.9550963924413056
4_132_132307,0.8012003000750187,0.7301489380452983,0.9005813953488372,0.8801600468429784
4_132_132365,0.10593534615315038,0.1409467455621302,0.12006896268626083,0.14455534372546822
4_132_132370,0.9571250111537432,0.8105965581255331,0.9854211788816694,0.9288774635818338
4_132_132381,0.9086650056432207,0.7411458897433121,0.9350927246790299,0.7924295181399528
4_132_132400,0.8900649506855906,0.6270962047661077,0.9522509870425819,0.7758797842281018
4_132_132405,0.9293986990322068,0.8665455120101138,0.9431989292287101,0.9008659059642308
4_132_132455,0.9318817662084905,0.8339443522556246,0.9786272357461097,0.9418623952195203
4_132_132457,0.9372509960159362,0.798361153262519,0.9401295761455,0.8122574684323991
4_132_132481,0.3044837467797493,0.18426835691324167,0.36545544694715965,0.29163632580880056
4_132_132501,0.6025924480860103,0.24864073609368464,0.8264570459226948,0.7249812202654202
4_132_132513,0.8765337423312883,0.7986971896519636,0.8742232871705317,0.7932715566968107
4_132_132515,0.922266139657444,0.7813347236704901,0.9508026929052305,0.8570085186414427
4_132_132555,0.8585318424890618,0.7288604333989999,0.9232715341740128,0.8287726903278244
4_132_132581,0.7462393078360043,0.6638408350332476,0.9489912932682099,0.948954508209159
4_132_132583,0.5743735275219534,0.3832805650267901,0.5949669430962663,0.42481006552237005
4_132_132584,0.9277740654848473,0.7424125116135026,0.9828134543693001,0.9333731955240454
4_132_132615,0.7500864496369115,0.8522031219126655,0.6975184101684656,0.8546548983801697
4_132_132690,0.06794302806483311,0.23862210562336034,0.044885078630410774,0.32558139534883723
4_132_132784,0.8832212398297187,0.5859245283018868,0.92925729962767,0.6543710021321961
4_132_132826,0.8705345669493704,0.789643198631171,0.926800056361843,0.8978362703546732
4_132_132900,0.916752967418147,0.8216549372732439,0.9262060419604324,0.8429458360094199
4_133_133027,0.9580665411173885,0.829620253164557,0.9817708333333334,0.9286682021406314
4_133_133075,0.028176295721856016,0.10214257325577195,0.01724907063197026,0.15016164393742334
4_133_133086,0.8969182727186702,0.7250233064014916,0.9464249268657732,0.8381639654560511
4_133_133160,0.812165596575709,0.4906960414289476,0.8803206997084548,0.6146239136949355
4_133_133166,0.09989565217391304,0.25769870641360815,0.06323201839476898,0.17980244525799544
4_133_133167,0.9211207640527013,0.8352530327165788,0.9490167516387472,0.8990767271569564
4_133_133201,0.8548186385214546,0.6277098614506927,0.9326854944832473,0.7822424242424243
4_133_133219,0.9275079099199702,0.7954535244170897,0.9696487740225315,0.9149212144504227
4_133_133232,0.7807881773399015,0.8779878244152515,0.762407301768397,0.7187000532765051
4_133_133244,0.907381193124368,0.8262355835276828,0.936560031738017,0.8714614352354783
4_133_133309,0.511179752463607,0.08190517974169843,0.49227366286750024,0.09523336643495531
4_133_133388,0.9103922662204871,0.9311744463072443,0.9481878129803163,0.9487007646144942
4_133_133414,0.7465315785454267,0.6451246705858504,0.7797678364620647,0.646173575227247
4_133_133490,0.22724905746839133,0.19168250766186912,0.32961323249093033,0.33032843059729033
4_133_133491,0.040483066940971674,0.29804508065377633,0.0005153029356652092,0.3463613978100278
4_133_133603,0.8052259927385003,0.5763582460011032,0.9500502617075115,0.8905300510090929
4_133_133636,0.9005867887317085,0.7249634828458442,0.9798648685025169,0.9272588055130169
4_133_133660,0.9429522031972734,0.6917429120072291,0.9240719588806396,0.8103539635438746
4_133_133693,0.3987459386876716,0.31908032633581634,0.40535824774161616,0.31479404722213805
4_133_133698,0.9549677419354838,0.8720771184784732,0.9571549836929812,0.8279222833997848
4_133_133759,0.7907529722589168,0.5645462890558597,0.8474930659270322,0.7557351591727254
4_133_133761,0.647649906459141,0.36740022379709064,0.7470465601111883,0.5836073867948394
4_133_133770,0.8853132915334468,0.5873468567985539,0.8808186110102326,0.6140481899296412
4_133_133812,0.1381441998359932,0.2333442730554644,0.15874446196590825,0.2419739984080658
4_133_133920,0.9312433816829611,0.7675819015524005,0.9343380259618147,0.7628610948555621
4_133_133974,0.8398491611513006,0.8026117831136788,0.9015864935946382,0.8945796530469594
4_133_133988,0.9066187098726007,0.7617872565435798,0.9352607502287282,0.8306080619448872
4_134_134054,0.9116840134128816,0.8182023283097193,0.9810030395136778,0.9608998919343746
4_134_134095,0.9539534568765095,0.7668753949560522,0.9537518357071261,0.7088613935781195
4_134_134121,0.9491632641324975,0.8342580073663108,0.9777972186189628,0.9169556840077071
4_134_134170,0.9590654613315237,0.8365043695380774,0.9860134573221441,0.9401120896717374
4_134_134183,0.031268770095042926,0.034875444839857654,0.0005746167676880016,0.121392544275475
4_134_134206,0.46078351523049355,0.3989143192488263,0.3271325624266801,0.32544452273386665
4_134_134216,0.894391464450949,0.8523268534881764,0.773863941919871,0.5654605972817209
4_134_134310,0.1736635836337984,0.005301676943467989,0.19035672554814764,0.016418151477633633
4_134_134338,0.9206126356094448,0.8200565574645182,0.952814176115147,0.8803389381702634
4_134_134339,0.883011845542712,0.7147092663067528,0.9211796039680396,0.8050943310862779
4_134_134356,0.603204327923429,0.8612841399137517,0.8490528414755733,0.9598577045497098
4_134_134378,0.9406828057107387,0.7762208463293143,0.972051967101472,0.888744631978428
4_134_134424,0.946192232588414,0.7939109113199837,0.9527709650563644,0.8232724549652619
4_134_134559,0.7894341974653154,0.27027249696195754,0.907511635458383,0.6032822694220101
4_134_134592,0.9488658116385911,0.7963751044912227,0.9767910949523122,0.9221415963914493
4_134_134647,0.8480187973939977,0.5803653290076874,0.9079376063200992,0.6364559819413093
4_134_134652,0.9371302733278639,0.8433761508352169,0.9742937596511945,0.9111298482293423
4_134_134659,0.7130954924161504,0.5858881011688063,0.8743504083147736,0.7649283356316076
4_134_134664,0.93280862078073,0.8600065189048239,0.9604984978301991,0.8889872227446208
4_134_134679,0.769789029535865,0.5522778387991004,0.8485372624386077,0.6387675692845232
4_134_134689,0.8613815484469171,0.7674015679819812,0.9034294983200093,0.8827077144657485
4_134_134692,0.9022610135058876,0.867098919368246,0.8692120227457352,0.8164308534915564
4_134_134693,0.8317577090996596,0.5511133603238867,0.973361747469366,0.9332021642892278
4_134_134720,0.9154375614552606,0.8212227481178115,0.9728477838059166,0.9521544704939644
4_134_134777,0.8904159527541832,0.788781712473573,0.872064647757731,0.7662144702842377
4_134_134797,0.9447120648127874,0.8560238878310542,0.9668504057571582,0.9257943925233645
4_134_134940,0.9465530208072198,0.7706011551289351,0.966661457519404,0.8670431625655506
4_134_134943,0.7024009771044709,0.24693449670683412,0.9661740509612676,0.826970767265349
4_134_134970,0.9647259348562639,0.8227885425442292,0.9856528285652828,0.9376544649102355
4_135_135051,0.9461349059184728,0.8128743985073161,0.9786137101393928,0.9086845145411623
4_135_135123,0.6214372993094825,0.27565221092054304,0.6760116006076509,0.44066758536211914
4_135_135127,0.9164008120649652,0.8056453350570998,0.9436278342455043,0.8981707317073171
4_135_135138,0.9570401916422677,0.8740940632228219,0.9831258644536652,0.9509167613175401
4_135_135150,0.8818440599564115,0.661940010107316,0.9713466334164589,0.916811874798322
4_135_135184,0.8014773073408468,0.6698762480209377,0.9399662424159482,0.898124663746061
4_135_135259,0.9179341284604442,0.80309513621452,0.9350031889603989,0.8274400935125658
4_135_135266,0.7975220470732141,0.44811114580081174,0.9050239062011965,0.6941604981788274
4_135_135294,0.790008431703204,0.6483784900980798,0.9211199759144965,0.870247896702209
4_135_135296,0.4671523549940138,0.5132283108464611,0.3590699365865854,0.5212144504227517
4_135_135297,0.8022182826492114,0.6795046439628483,0.9204760616716257,0.8501503832346948
4_135_135395,0.9444800286951398,0.7949686106814666,0.9599925269563361,0.8481460244648318
4_135_135402,0.9057470051190036,0.7822564579321336,0.9413946587537092,0.8708504801097394
4_135_135492,0.3599153407158245,0.147071329860742,0.977633779264214,0.9585889570552147
4_135_135531,0.79802532732346,0.6311086672623548,0.7780373831775701,0.619879392805157
4_135_135659,0.9314521259001043,0.7503992484734617,0.9431460434341817,0.7945198764766433
4_135_135701,0.830516463537809,0.842359014317717,0.9052995391705069,0.9011678310979652
4_135_135739,0.7836175859984759,0.3842552713381521,0.9688112399109842,0.900640204865557
4_135_135773,0.8751131221719457,0.7899128401360545,0.9090135497807161,0.8578297804135278
4_135_135774,0.8800174520069808,0.8046434297250757,0.9402635195214615,0.9293565518093121
4_135_135781,0.8679951914185315,0.7656832098659702,0.9354937017472572,0.9079145789755314
4_135_135795,0.8717321112384127,0.5659008081128188,0.9678387198652489,0.8882836181522646
4_135_135809,0.6597420090141429,0.469532643596147,0.8829353083434099,0.8414375107641081
4_135_135945,0.29989023051591657,0.147475712693104,0.3091185179561157,0.14881478302577436
4_135_135964,0.5474268983897,0.2308228487784477,0.8934918648310388,0.7096752136752137
4_136_136025,0.9706835518771502,0.9252086385933618,0.9808881394041596,0.9478951446280992
4_136_136057,0.8540974529346622,0.4890476535867121,0.9586450783259294,0.84648537711647
4_136_136065,0.9492632212054818,0.819260993144959,0.9765820642978004,0.9264610666212302
4_136_136256,0.9510287073095082,0.7844439311698811,0.9596173900535798,0.6951079136690648
4_136_136419,0.6874447842337751,0.4898823353069025,0.7171614149981212,0.5516606552449654
4_136_136517,0.8419258046917621,0.8654712481229573,0.9350927619545336,0.9464826021180031
4_136_136550,0.9671672645467259,0.863938368727836,0.9860549844008459,0.9462746436801229
4_136_136593,0.7841719393391584,0.8589094997189433,0.9505219593551176,0.9755819440075495
4_136_136640,0.9293427286501046,0.7915430532222897,0.9537764350453172,0.8391799047584427
4_136_136642,0.8868990672088017,0.7858324560084223,0.9344727507255723,0.9129666011787819
4_136_136687,0.9623754457293299,0.8856390757531442,0.959754014349163,0.8689924644152944
4_136_136759,0.8815939278937381,0.880262399077278,0.9482977821726233,0.9424812605170567
4_136_136792,0.9095845584748175,0.7220455838548814,0.9581473358276351,0.8328590961161819
4_136_136917,0.31103294249022895,0.16791009313818667,0.3771392617449664,0.3828624625597021
4_137_137087,0.8964884230473145,0.8298329588746703,0.9627373935821874,0.9385395961920703
4_137_137110,0.5973913943618233,0.50052360788599,0.750350324049746,0.5999316372869768
4_137_137215,0.2620795665867633,0.0,0.17799273777916602,0.22727395960417515
4_137_137256,0.02054240032382109,0.10666404753719982,0.05943469282395457,0.1501761995120629
4_137_137270,0.34523316164426815,0.35692229601116704,0.35053733031674206,0.42168778553572966
4_137_137280,0.8955437448896157,0.8112329465765651,0.9537727408291082,0.9100338842403707
4_137_137324,0.758968511534076,0.6081343943412909,0.8743665126697466,0.7111859540636042
4_137_137444,0.7493631770159102,0.34347826086956523,0.77391951031149,0.3871277936202666
4_137_137457,0.14379441624365483,0.0,0.14530276217588675,0.010154103452395175
4_137_137461,0.8227567383145684,0.7827157598499062,0.9541513007076647,0.9460509554140127
4_137_137616,0.9598022235879099,0.849454430446471,0.9912311265969802,0.9643321462890735
4_137_137626,0.8621500936284631,0.7155062808320195,0.960910815939279,0.9313617303023615
4_137_137663,0.8433023040866178,0.509845121496594,0.9720314790525423,0.9088801810254429
4_137_137833,0.909070191431176,0.8034038006563382,0.9847069521368934,0.9703396851698426
4_137_137858,0.620497932130043,0.3646558715775932,0.891444342226311,0.6896677287209831
4_138_138052,0.714828681642841,0.4745474425950674,0.927358121330724,0.9333293109689875
4_138_138100,0.8902557947640837,0.7953007658561975,0.9525769800757451,0.8991182778616252
4_138_138232,0.36723114397817935,0.46258429410485097,0.3762763122436147,0.4643286669553086
4_138_138332,0.821889924058561,0.5699689498686341,0.888565371024735,0.6882517759601505
4_138_138371,0.9414000958969793,0.7852395755172045,0.9794441227562247,0.9314759928867813
4_138_138637,0.008282208588957056,0.0654949677031696,5.049484952534841e-05,0.03823875908109169
4_138_138720,0.7304043741185108,0.23834212693281284,0.9167179537677556,0.7430277185501066
4_138_138730,0.857023474891742,0.721164293475153,0.9491737606409615,0.9300509337860781
4_138_138754,0.8070895237124436,0.29424373111587426,0.952507679673956,0.781419794737029
4_138_138762,0.9019898888954206,0.5683488486036257,0.9720255014372662,0.8566118540665023
4_138_138864,0.9038587311968607,0.7839124662363228,0.9671673365771102,0.8863026376677464
4_138_138867,0.7562349708004122,0.628050192156318,0.947085754534249,0.9426695842450766
4_138_138880,0.9109574997803228,0.7323091053312737,0.8408404782031156,0.6405983068220644
4_138_138906,0.9374716467563889,0.6816053511705685,0.9536111978353626,0.6907996465650541
4_138_138911,0.6914073788652345,0.6249157448158281,0.774448123620309,0.8473684210526315
4_138_138914,0.8974266631744369,0.7293617021276596,0.973675634572908,0.9275017707173935
4_138_138932,0.8456459795677254,0.8334837939369231,0.9541243577814637,0.9512912096595758
4_138_138935,0.8052048260381593,0.7242032078199215,0.838648658873378,0.8275885512271398
4_138_138939,0.8669788122747331,0.7677754895458829,0.8594494047619048,0.8140700329865517
4_139_139018,0.9512276045122761,0.6456339128736082,0.9755196936542669,0.742919921875
4_139_139056,0.1519020550940096,0.16820080288714975,0.0001178967224711153,0.5906185892378097
4_139_139062,0.9591232227488151,0.817704280155642,0.970766269630952,0.9006060027675717
4_139_139102,0.8523334192787948,0.7483955468238376,0.907362928606924,0.8640844092739136
4_139_139123,0.3961744966442953,0.0,0.9117004998469856,0.6187410014397696
4_139_139219,0.7539758269720102,0.4971429812935885,0.8963978197329963,0.8501502642578327
4_139_139232,0.18436487787796552,0.21575109956607727,0.4604795737122558,0.31766175167190397
4_139_139240,0.4146609637040259,0.4043465405085748,0.4205680897552353,0.3908101892800283
4_139_139244,0.8236624412307326,0.8262161935862011,0.9055374592833876,0.9145730909746966
4_139_139245,0.9112327656123277,0.8687710718387611,0.9636109777913522,0.9464930174172289
4_139_139246,0.8830318462912133,0.8006987454343338,0.9566350539346992,0.9279537931500371
4_139_139249,0.7188355312266733,0.5057315936626281,0.8724634116344853,0.7233201581027668
4_139_139256,0.8984242995795513,0.8354465270121278,0.9576913254447944,0.9316409490625519
4_139_139261,0.6081964830693213,0.4026541614827575,0.7271247150765223,0.69367420517863
4_139_139325,0.6856576338400528,0.25981823818303446,0.9675335681060621,0.898875390906904
4_139_139369,0.9369806094182825,0.7642252177024932,0.9628961482203803,0.899349475966751
4_139_139387,0.9470368076684886,0.8434367927578403,0.9737049994357296,0.9239927127907469
4_139_139403,0.9523728813559322,0.8231113857562181,0.9716450312347703,0.8308479857556198
4_139_139410,0.9062809449710001,0.8140210028314397,0.9661713320278001,0.9269750618694079
4_139_139482,0.38434803788396865,0.037245298990265435,0.3862757152991251,0.1887853470437018
4_139_139513,0.31339698182938097,0.05311125993652273,0.306596256062577,0.40030960730420495
4_139_139556,0.5802066570678411,0.18904627524041753,0.9730451675570665,0.8885064065786957
4_139_139680,0.8047349050034815,0.7492486707251291,0.9342756183745583,0.9346150726048511
4_139_139734,0.37022797001825314,0.24613346917982679,0.8577405857740585,0.7760806185828368
4_139_139824,0.13634380685868722,0.099158261374356,0.13488989010063582,0.0
4_139_139965,0.5896473906911143,0.43250730179759717,0.640435721664006,0.4994244865814503
4_140_140016,0.8735115704336104,0.6612399643175736,0.9203623922959959,0.7906976744186046
4_140_140067,0.2606006971799825,0.1285253356069345,0.40796989909355225,0.39596387557141266
4_140_140136,0.18029716037294052,0.17981400179389131,0.22574650504709212,0.17495474897589788
4_140_140140,0.9021386479507383,0.7395431745636944,0.9276689503218921,0.7919035314384152
4_140_140266,0.7361702127659574,0.7997136721546171,0.8633811603243917,0.9004871980926713
4_140_140285,0.8293360976299298,0.7485824798909938,0.9323764984142343,0.902392797915186
4_140_140318,0.8785357189843441,0.7965344989072745,0.9400182982616652,0.8761184422272288
4_140_140326,0.13932878105477262,0.12023815938358748,0.3659564684242796,0.4425842032696474
4_140_140347,0.8674963684189863,0.7389791675505961,0.9264050719671008,0.8613269844122007
4_140_140448,0.44378743861994496,0.24527715420480056,0.9612068965517241,0.8967558252790889
4_140_140686,0.9383351588170865,0.7396712572190137,0.9801398709477995,0.9298429319371728
4_140_140696,0.2796275035081005,0.06043246986245318,0.006033317430025446,0.27253465864504317
4_140_140699,0.22171397441436702,0.0,0.21111970714770925,0.1028256880733945
4_140_140700,0.6675625676288875,0.25483219117905465,0.8698140200286123,0.7280509655584312
4_140_140705,0.9662576687116564,0.8861345336968237,0.9805448993971659,0.9335950278050377
4_140_140735,0.30403468985969545,0.23587792712824415,0.8989079813714469,0.8573042942264228
4_140_140766,0.9288179266553168,0.8089579996900346,0.9629052672573265,0.9276827783365981
4_140_140875,0.9180137824434855,0.7609550818772299,0.9558463922851731,0.8724763483858383
4_140_140899,0.9205049888006516,0.7782990854020667,0.9444871138419525,0.8396304031390418
4_140_140907,0.8828205904376504,0.4485531651659908,0.9771333356968128,0.8582480785870616
4_141_141015,0.8281299776999044,0.7975809320526503,0.9501936912008855,0.9403626595030221
4_141_141033,0.27029446497276294,0.0,0.27892667584037745,0.0
4_141_141115,0.8553891480481218,0.7422718201441779,0.9468336483931947,0.9334165626300458
4_141_141132,0.191725616701925,0.1957555433204865,0.11653567253685101,0.3827482091054408
4_141_141180,0.9597126878528452,0.8198482549317148,0.9818801726745305,0.8456101407792511
4_141_141190,0.7499755930879625,0.7163496110348434,0.8824761461484757,0.8902160289021603
4_141_141284,0.8795439349685048,0.7752290133653702,0.947887486089259,0.9212109375
4_141_141406,0.8631327173113091,0.6552617445423814,0.9067362073898022,0.7767013474330547
4_141_141410,0.9238665751834063,0.7187454412837345,0.9667445223000779,0.874588171752633
4_141_141412,0.9706914435788219,0.8588768409127691,0.9855450667150767,0.8663582492982639
4_141_141471,0.8256997019629337,0.7027012527160064,0.9601863102470636,0.935516855727752
4_141_141472,0.24580049646928398,0.275169475517871,0.3837895055194314,0.42057243988770904
4_141_141474,0.6566835999696717,0.3739509902651897,0.7394252502421699,0.6691397218675592
4_141_141480,0.8021917534027222,0.6760391711848023,0.9227214227214228,0.8691510365251728
4_141_141483,0.21171817782334848,0.01585160202360877,0.0,0.2693234221212747
4_141_141568,0.7893230945304857,0.43646884579616296,0.8051891025029114,0.4682701788984364
4_141_141591,0.690816526336401,0.4134684318692348,0.8702496826068556,0.6690979458172075
4_141_141718,0.8383176156134954,0.5508300243984117,0.9502973912019316,0.8771744489048524
4_141_141727,0.3544796883695047,0.17998926505377413,0.9659522214780085,0.8657925751325869
4_141_141728,0.9159198052116251,0.8208704145864988,0.982847823641885,0.9649091127964368
4_141_141743,0.732250793976027,0.6707700144324645,0.8777389434063718,0.8725813544415127
4_141_141747,0.7127762231014185,0.49633577614923385,0.855781672744383,0.6946087254649868
4_141_141769,0.9120363244574419,0.8646211646837821,0.9584717607973422,0.9374916432678165
4_141_141771,0.7981935483870968,0.6902682592520071,0.9510356822853528,0.9074679168442487
4_141_141791,0.2260632408303127,0.0,0.23146137139311201,0.019251626898047724
4_141_141857,0.9519119351100811,0.8577310717797444,0.9854406794349597,0.955797481636936
4_141_141883,0.45001541148669477,0.17275416926485612,0.33958469696538507,0.018787755629860892
4_141_141892,0.9191705562038117,0.7474224843066387,0.9814057760780693,0.9369385316634952
4_141_141894,0.0,0.0,0.0,0.0
4_141_141903,0.7930991888664718,0.690504140359783,0.8936640933910751,0.8231092882650355
4_141_141904,0.9597365247240004,0.8758251219745528,0.9739144316730524,0.9094972067039107
4_141_141905,0.9409569589829544,0.8454498582108791,0.9599814175736661,0.8985226019845645
4_141_141906,0.9278221081412867,0.7635363261222958,0.9745846135489067,0.9181631376753328
4_141_141907,0.8653480295938396,0.6738392215764383,0.9780250060276238,0.9465217071916551
4_141_141914,0.7405990081611933,0.40737140857664944,0.8012447755769581,0.5872610108110987
4_141_141919,0.38310294591919575,0.17429181494661922,0.4232080225263054,0.23822942350592932
4_141_141959,0.6259879125987913,0.29009112810306903,0.7391439688715953,0.4914366998577525
4_141_141975,0.5356055550921678,0.3502914496602628,0.5440550313456148,0.34019314430286013
4_142_142009,0.9520772089411503,0.9085588487972509,0.9702998846597463,0.9517374517374517
4_142_142011,0.4254752687553067,0.23982584289878017,0.4465353042787043,0.27298359278922585
4_142_142037,0.8118036735922914,0.5653727077875684,0.8505881822688962,0.6278047176789677
4_142_142071,0.952522801953137,0.7116701875680174,0.9773707929811104,0.8526458091927385
4_142_142102,0.9343645706415215,0.6809080146188294,0.9231177538762397,0.7709309375516729
4_142_142115,0.9198498802924746,0.8278677333915845,0.9485300893926827,0.8806268576060524
4_142_142131,0.9557801642451043,0.8167464870269986,0.9828697480439803,0.962819750148721
4_142_142233,0.19809471830112382,0.14941254125412542,0.2111984762648955,0.15890979524073048
4_142_142237,0.7769757311761045,0.6596494242997079,0.8325493885230479,0.7947489268243986
4_142_142258,0.5635820523990291,0.17150578052299004,0.9895279878304195,0.8333004147738495
4_142_142301,0.9245321399511798,0.8006248894653069,0.9525031534078553,0.8539509536784741
4_142_142305,0.3695678228145449,0.15280987915208347,0.796902165323218,0.5343025662251656
4_142_142344,0.0,0.0,0.0,0.0
4_142_142364,0.5870579636813403,0.2528188026044148,0.9542038587773382,0.7639601039544848
4_142_142405,0.7954367934224049,0.33379125372060314,0.7900429632273208,0.34237907302912685
4_142_142457,0.6612228461486834,0.41699241502498124,0.7030634947800787,0.5332741792369121
4_142_142469,0.8631676684748082,0.47812832328961363,0.9748011347833343,0.8510945890128047
4_142_142509,0.9134200593151793,0.7959224706450057,0.9663807264099288,0.9285466978274042
4_142_142520,0.7660723130262507,0.5731278723979454,0.8261615044247788,0.6938527323369033
4_142_142527,0.9164198053322048,0.8815864484078508,0.9540399455288243,0.9395102806927736
4_142_142529,0.6595365418894831,0.5744823214537259,0.7465223176484819,0.6740031274433151
4_142_142537,0.30963783685831886,0.4256865635821305,0.3160855193004905,0.4609430227626184
4_142_142541,0.8503563394393089,0.6172213394858846,0.9141653386889039,0.7772873563218391
4_142_142588,0.0020477815699658703,0.050245220698628766,0.06012250161186331,0.3011254257367096
4_142_142598,0.29498221708017314,0.27921409636675504,0.2685597108299736,0.36734200048395255
4_142_142625,0.7606630725785748,0.45531597820518793,0.8674956041195679,0.6935813234725978
4_142_142627,0.8799864391456662,0.8606509124547977,0.9571535955900776,0.9230636536139383
4_142_142628,0.8482749775554701,0.8032283533643302,0.9414655297008239,0.9593842729970327
4_142_142635,0.8734115563427053,0.6646409162624906,0.9617107141099464,0.872832
4_142_142638,0.6040819856438641,0.5244279159043878,0.8291697528785941,0.8378878512716788
4_142_142642,0.9073115745247733,0.8266771488469602,0.9584617077464789,0.9368094486474718
4_142_142643,0.8963033815337872,0.8469052127977673,0.9543793397490559,0.933326382734713
4_142_142644,0.9110734702519585,0.8802086351782092,0.9314688460673315,0.8877342518535817
4_142_142647,0.7569377061905685,0.693069838627393,0.4554555639885793,0.36227229264226346
4_142_142656,0.884648207851318,0.4641727900244934,0.9759488318004017,0.887927433311452
4_142_142658,0.8613997459550632,0.4480903472500111,0.9697444174114133,0.8596627900506372
4_142_142667,0.8630895091434071,0.5982783357245337,0.9780378237479895,0.933201424614167
4_142_142677,0.8561857718730483,0.7316747198519584,0.952108142903122,0.9226472374013358
4_142_142715,0.31333165955310066,0.21689381240434372,0.41014441704825644,0.37934943751635125
4_142_142738,0.6001591788566567,0.39710074604233636,0.9390053038866185,0.7677266985225463
4_142_142742,0.8577752037397096,0.7991073010025151,0.9224537579021307,0.9215401380312387
4_142_142758,0.9037421321793863,0.6359253306960069,0.9375,0.7827985570533511
4_142_142765,0.23989516129032257,0.0,0.0010886719046694741,0.39608702457348566
4_142_142789,0.688859752438943,0.5438765670202508,0.7153485551694382,0.6005019048194957
4_142_142848,0.35759149655755523,0.1894662682506134,0.39904432696217973,0.24291143739917426
4_142_142887,0.9013615090058148,0.7848876328892478,0.9657178313813697,0.9382159485625601
4_142_142894,0.9169668555292073,0.5684216051650832,0.9877021762228956,0.8097313399900701
4_142_142916,0.731003955547184,0.3119553768074308,0.8625964562920052,0.6679840550577493
4_142_142947,0.3038395638629284,0.0,0.4618079471771608,0.2638710335680033
4_142_142948,0.8609176388647048,0.7261321249113721,0.918345498783455,0.9061290679246674
4_143_143056,0.8652407962715416,0.6519835596854896,0.9808572617561382,0.9450898169660565
4_143_143078,0.9293470714027828,0.7208990271720899,0.9762974346849509,0.9126304228445908
4_143_143191,0.9252486531288852,0.8347112023525495,0.9774328489652135,0.9242520320516516
4_143_143196,0.9016596653123063,0.7990472700622939,0.9648952821047925,0.9256217923410975
4_143_143198,0.867090689768615,0.8588613899318059,0.9388834235120511,0.9371335504885994
4_143_143199,0.8759550561797753,0.7161375813792706,0.9025779376498801,0.7797885683569252
4_143_143253,0.8046915865287892,0.4895889390238854,0.9302946549866492,0.7312775330396476
4_143_143262,0.7548452395606801,0.36298029176138247,0.8056792220725206,0.45773584905660375
4_143_143495,0.04096681687832855,0.43476456383942047,0.010030857490547176,0.4896238651102464
4_143_143505,0.7772265532719111,0.3631291501316255,0.9713320212410412,0.9151710304054054
4_143_143609,0.4813461637420882,0.20473742196107234,0.7628775535781426,0.5110674086781873
4_143_143630,0.9596392333709132,0.8948892501524081,0.972972972972973,0.9331764705882353
4_143_143648,0.7743247922437673,0.49141159757200054,0.9253169997850849,0.7940752246754688
4_143_143691,0.891091665471238,0.629451354574885,0.9432432432432433,0.7651986356340289
4_143_143733,0.8886147660818714,0.7617723124969502,0.9091352723013859,0.8126777312445065
4_143_143735,0.48214702450408403,0.5221214492887067,0.46493623690897434,0.5323734236777715
4_143_143747,0.7935319090187416,0.656199764226771,0.9175275408290111,0.8488184161097279
4_143_143757,0.5702539550374688,0.49314268298877434,0.7068376952518879,0.6543536450952606
4_143_143776,0.9333483160496998,0.8270326471199834,0.9736932012299283,0.9270618216969111
4_143_143828,0.9839873520350252,0.9074936979604308,0.9898374819995885,0.9288258983890955
4_143_143913,0.9286168723756203,0.8088571085206105,0.9563672349421979,0.8829978321461753
4_143_143962,0.16127905109971574,0.0930836269237901,0.16823816182306034,0.08786763218576803
4_144_144039,0.8068,0.46262850791886634,0.9109162536535773,0.7820559721968172
4_144_144110,0.37581159649797524,0.45356133408705485,0.40346620450606585,0.5530819229440763
4_144_144178,0.9666559305656796,0.8535731222412724,0.989576398864791,0.956558872627043
4_144_144346,0.47712454568154705,0.2421691221988362,0.9738640932850824,0.9292704272416262
4_144_144363,0.6986359761295823,0.49640797328746333,0.8095468070853261,0.6417826951765291
4_144_144374,0.8972148541114059,0.8105622125582705,0.9413438092657817,0.8984001593202336
4_144_144408,0.8677709152161707,0.6524792765636774,0.9131001669830958,0.8432950191570882
4_144_144439,0.5686471498322249,0.5689618644067796,0.5904269957872007,0.5993712647251874
4_144_144500,0.9692257607384286,0.8499029640084685,0.9873174932477394,0.9112664321421959
4_144_144604,0.9424154156397042,0.8819095477386935,0.958186101295642,0.9029458501405696
4_144_144643,0.30749288594822016,0.2001067235859125,0.3540017590149516,0.30820328301645766
4_144_144682,0.8970295513703874,0.8049779701630981,0.9361878682267032,0.8696221168002617
4_144_144722,0.31675323011422435,0.13917849845444544,0.36632657719346295,0.21603886680547668
4_144_144785,0.9366430827037614,0.7368477179013223,0.9883530288512722,0.9550140994007754
4_144_144868,0.8310718418007784,0.6371068890230873,0.9703368526897939,0.9396864943423648
4_144_144961,0.9770173300839426,0.872112518628912,0.9835805450155226,0.8478413478413478
5_145_145114,0.3928241983671334,0.3861576850676356,0.3978696303346724,0.3841769897494756
5_145_145174,0.8143830703012912,0.6295535050509468,0.8526170118123857,0.7931402699470357
5_145_145275,0.9421199688759991,0.7900382661062668,0.9704446205155608,0.8743868088742602
5_145_145322,0.8712928097543482,0.8358288602191041,0.9431649777706572,0.9292391629794737
5_145_145349,0.9022231973087611,0.7520185089003258,0.9829908721701717,0.9559155990957046
5_145_145398,0.8476794922649742,0.5096671519994582,0.973032644693266,0.8664971990773431
5_145_145486,0.8769379066591694,0.8348201917216158,0.9221609316171964,0.9063812171033178
5_145_145523,0.9327977273736073,0.8279014977281651,0.9740655630070816,0.9106685301653855
5_145_145612,0.15838304104011144,0.0,0.16635871655145892,0.0
5_145_145707,0.891860465116279,0.6193736186728478,0.9617850329924633,0.791365317727599
5_145_145717,0.4126943963252039,0.14865022788360407,0.4339193974251387,0.19013799448022078
5_145_145732,0.9138332176823544,0.8336708860759494,0.9434115484891226,0.8831981664315938
5_145_145766,0.5136176215277778,0.2012090715309082,0.707089979394032,0.5046508664627931
5_145_145770,0.9066539584202061,0.8250280303974088,0.9246389607113578,0.8865503080082136
5_145_145834,0.9347767616998386,0.8346729916106645,0.9711761807559653,0.9305040770941438
5_145_145839,0.8491774639685544,0.6535294117647059,0.8835396607060981,0.7527433312516728
5_145_145845,0.8851627355382791,0.861345239088709,0.9547785884562595,0.9526102269181044
5_146_146158,0.9427938362372847,0.9310419368785128,0.9604244031830239,0.9566123390637791
5_146_146174,0.21690337476843774,0.11174203317502925,0.23606497976930974,0.12860568446293816
5_146_146290,0.930747644818601,0.7718622861892471,0.9679936933385889,0.8886293562552555
5_146_146319,0.8831702397848659,0.8465902950394467,0.9634126197555335,0.9496087819689362
5_146_146327,0.686389273172289,0.4323762453910724,0.9362584476756093,0.8442641424385846
5_146_146330,0.4799822311066689,0.422038870553722,0.4453504510756419,0.39251683161031603
5_146_146332,0.9092693404436544,0.786620009782895,0.9059529963812781,0.7847116642506099
5_146_146373,0.9409485300311684,0.7433612440191387,0.9742458778603357,0.8489858635525507
5_146_146431,0.9597634776181457,0.8607813334428789,0.9749982124556094,0.9137077320242075
5_146_146464,0.26866292368475775,0.0,0.30020489639002135,0.0
5_146_146546,0.9473725306473022,0.8446645655110311,0.9706910569105691,0.9007272112294943
5_146_146551,0.9404495144971821,0.8350669818754926,0.9335694050991501,0.7878437883490941
5_146_146552,0.9461547558043281,0.8587650415230778,0.9619911721432075,0.8940292605773033
5_146_146553,0.940738813735692,0.84,0.9804266549373213,0.9048439594103006
5_146_146579,0.8982382653689787,0.8047343394666115,0.9452180767209669,0.913196016296967
5_146_146593,0.585258832107112,0.3203595855624027,0.6180498917231487,0.45798445537491084
5_146_146599,0.9574148692423166,0.8526969992115394,0.9687330660019507,0.8879891406103726
5_146_146660,0.8612734470732397,0.6419929639905042,0.9769830701921248,0.8832969158577211
5_146_146821,0.8810793600254716,0.8130283083342326,0.948376425524506,0.9244381593028589
5_146_146838,0.7284730545003961,0.46883558253868746,0.7658661901038758,0.5052488070892979
5_146_146987,0.9046020761245674,0.7516510953608248,0.9490450611757685,0.8855808523058961
5_147_147030,0.7514505879102324,0.8110305485951911,0.7371274673092597,0.8229815289623776
5_147_147073,0.9139418585481123,0.8052769634315692,0.9394476744186047,0.8698380502646341
5_147_147132,0.41092234744692513,0.4084206586826347,0.4175219630415026,0.4077980402830702
5_147_147338,0.8981344596972897,0.7270546997509455,0.956468797564688,0.8389160890009211
5_147_147342,0.9410180065220474,0.8362886952041562,0.9715480242711262,0.9359594563464639
5_147_147349,0.93667060076571,0.8368501529051988,0.9837108756546097,0.959995116392642
5_147_147364,0.9387621234128286,0.8464807591546836,0.9207532555550176,0.809099843903567
5_147_147367,0.8200722087655957,0.6122920517560074,0.8802741812642803,0.7602909665050186
5_147_147389,0.44251192858242266,0.2682156553124295,0.5044931420463503,0.3653483992467043
5_147_147394,0.6894998690756743,0.35567586916640564,0.7484416995482358,0.43874719494245107
5_147_147401,0.8974671453509436,0.7889563210530814,0.9535768916082672,0.8673421849522478
5_147_147693,0.939171041386888,0.8487755515077919,0.989703034215623,0.9695904910636821
5_147_147694,0.6810858070694034,0.4564831993403422,0.652075957515288,0.5931937702265372
5_147_147712,0.5094604810630663,0.3088443396226415,0.9327569834612646,0.7386918051765484
5_147_147898,0.7449878009971359,0.4571273796625909,0.7643470319634703,0.4664398844142068
5_147_147978,0.6590265606040178,0.5483579391382947,0.837067086461613,0.8816733067729083
5_148_148004,0.8616545556176635,0.7027828191167574,0.9312185358160975,0.8508324382384532
5_148_148059,0.09533338669655007,0.20455375624010716,0.10194599228461208,0.20680816620199657
5_148_148067,0.1681311475409836,0.23712065762062948,0.14650136743503492,0.10425219501962782
5_148_148183,0.9450501526384649,0.8753054906859284,0.9686554852900743,0.9278682959945689
5_148_148271,0.18376999265882807,0.19547555817842038,0.19528602304554116,0.0
5_148_148348,0.8755480607082631,0.8341010165184244,0.9739031770045385,0.9596564289432588
5_148_148420,0.7317145984675092,0.8681975308641975,0.8357673924588422,0.8598196446892381
5_148_148437,0.9629229418518268,0.8924597083653109,0.9721162516473607,0.9186983877310263
5_148_148438,0.9524049104447575,0.8761520737327189,0.9903290234416062,0.9752720079129574
5_148_148493,0.9472680259420966,0.7907966275313214,0.9648909070771957,0.8495750708215297
5_148_148498,0.9428715724428864,0.87046758637529,0.9642446289214315,0.913529755446123
5_148_148588,0.907301422129726,0.6897532243322839,0.9042147822798802,0.6571414780132259
5_148_148593,0.9399396735273243,0.8783051632322297,0.9461219932070907,0.8854411903192391
5_148_148599,0.2836296617519514,0.15691771302033028,0.7455801900374316,0.6839346284304656
5_148_148658,0.38686276638083866,0.005055117083034375,0.406814160975517,0.014968035406933857
5_148_148662,0.9002982961727084,0.8380514705882353,0.9706833251137048,0.9546995528914657
5_148_148710,0.45274784173350435,0.14100770421773276,0.671343085106383,0.47147307954434814
5_148_148763,0.9348443546388608,0.7349588233178695,0.9832174053704302,0.9287954830614805
5_148_148788,0.779753676008546,0.5027901785714286,0.9447556203483465,0.8731316077287641
5_148_148954,0.8584855705586444,0.6749215207534007,0.9769797421731123,0.939437321050666
5_149_149055,0.8606482213438735,0.7187591776798825,0.9698636163660361,0.9298809217853166
5_149_149100,0.37490589445333955,0.16521278474306905,0.39794607097727613,0.035271278741428
5_149_149153,0.9478311543528934,0.8042704626334519,0.968740157480315,0.8781606851549756
5_149_149167,0.9494364722547268,0.849747219413549,0.976297678008619,0.890695617999607
5_149_149223,0.5867123303683097,0.45822143788843706,0.6137694772903083,0.5828119466414827
5_149_149420,0.9419142899805883,0.8516814819419407,0.9596344647519582,0.9012867294027271
5_149_149500,0.805962032825786,0.8301534098233854,0.828669967180286,0.8499106811823789
5_149_149560,0.8974886431816234,0.7818500782324214,0.9568787537537538,0.8500629043853343
5_149_149561,0.6581211501533704,0.46671098554096724,0.6533477892955363,0.47655289308385124
5_149_149641,0.6063747408388079,0.3587605748649475,0.7449982725588116,0.4941765427053535
5_149_149774,0.9322272656127719,0.7680613195561955,0.9335810624827966,0.7866625772247294
5_149_149828,0.8678275146906326,0.7605639609184978,0.9217557251908397,0.8746907034287734
5_149_149842,0.9328797083839612,0.8403781310211946,0.9586306010368013,0.9016649974962444
5_149_149844,0.4032087040708128,0.15144236783507217,0.41284707440518426,0.22129493263513883
5_149_149848,0.8785597700309387,0.6130540710468406,0.9382690193203833,0.7626633100394983
5_149_149858,0.7648401826484018,0.4209735761142787,0.8752563810391978,0.6571343572198877
5_150_150008,0.7720264317180616,0.6848789635185817,0.6826410586289285,0.7228277657649707
5_150_150052,0.4593681486539913,0.24649859943977592,0.4772335481936741,0.2575700934579439
5_150_150104,0.9617326241774091,0.8726914925825008,0.9817317550563892,0.8710027492403415
5_150_150118,0.8789694079329999,0.8260948408740593,0.9688670714377987,0.958632648005945
5_150_150186,0.8501905247682199,0.6526123846382852,0.9639408935183583,0.882820082943616
5_150_150197,0.933792199278925,0.7646532438478747,0.9613829757159416,0.9188963646794972
5_150_150207,0.9306768856359311,0.7420734942955691,0.9778950012559658,0.9111580788572261
5_150_150259,0.5835443037974684,0.46646411186252407,0.6031240285980728,0.5081233737386558
5_150_150306,0.914527205493925,0.8078460769615192,0.9467176258992805,0.8740482642921668
5_150_150467,0.3229568257465099,0.1800597962047715,0.13276546155767044,0.23159967409016838
5_150_150486,0.8135437881873727,0.8425614717848929,0.8933141968664036,0.9329689659504963
5_150_150513,0.9357984208482547,0.7921343677781446,0.9670719920882875,0.8980784211893015
5_150_150590,0.940629839958699,0.8554110255729581,0.977037617554859,0.946627896069787
5_150_150624,0.16766939911258177,0.44730477777180633,0.11979828309658544,0.3731767380185641
5_150_150633,0.9415378768685078,0.8574669482906986,0.9594298972489228,0.9054174427079116
5_150_150723,0.9258365508365508,0.8366936790923825,0.9550313931783472,0.8970427909512129
5_150_150724,0.9092197777273758,0.760538235196879,0.932577074375629,0.8693391982405279
5_150_150725,0.860827386782333,0.7626245276537272,0.8721355864213007,0.857043296454395
5_150_150853,0.8740003017956843,0.8367260900987714,0.9103653005689784,0.8983154296875
5_150_150946,0.870996336130481,0.7835573940020683,0.9460622104566512,0.9312353677791692
5_150_150979,0.40143222306776716,0.23635463509220678,0.5019721417735484,0.4491789354473386
5_150_150996,0.7027012483857081,0.30966638152266895,0.9301798320193745,0.7122896157510321
5_151_151129,0.6686514592418652,0.36366137129495907,0.7021595680863827,0.5344434404715804
5_151_151131,0.15364117895557794,0.06336601128210745,0.24361933868712812,0.06689216772613285
5_151_151134,0.8720246429571549,0.7926865377023292,0.9283996299722479,0.8891770309605715
5_151_151210,0.9158223289315727,0.7011628409631263,0.9788998911296594,0.9100583090379009
5_151_151223,0.9002281684297864,0.6651746144300655,0.9216376485879072,0.7680396269356062
5_151_151224,0.9327880411789592,0.7821628056038824,0.9702914128747163,0.8995263384527056
5_151_151237,0.8241239395057175,0.7586354859472216,0.9074823053589485,0.9085954354490746
5_151_151238,0.25937856519696667,0.16924926529521775,0.2214158170612292,0.2477212414907119
5_151_151244,0.6331330868761552,0.39493525651532535,0.8167962870045158,0.6420340120832401
5_151_151256,0.9645186773501863,0.8185234305923961,0.9745153510806047,0.8484734868773434
5_151_151334,0.9394006588950836,0.8062557403816716,0.980498484338161,0.9299221357063404
5_151_151463,0.8794424052110076,0.4807766042734149,0.926727193724701,0.6726530612244898
5_151_151526,0.5145859367651604,0.10270703999324296,0.38403529883674287,0.020167773505767213
5_151_151533,0.7689984411535464,0.81021409455843,0.9251009668339248,0.9310806697108067
5_151_151548,0.8591685634303953,0.7589798033416749,0.926434877010542,0.8841324659331246
5_151_151641,0.8720866465588155,0.6467399196476112,0.9087866731119623,0.7299143502706111
5_151_151669,0.8966764748444359,0.6921973216725882,0.9487646293888167,0.8571107110711071
5_151_151683,0.5403660763579224,0.25696393867415246,0.5592556898213359,0.29718004338394793
5_151_151771,0.8135775862068966,0.5944589521788803,0.8550839552238806,0.7430939226519337
5_151_151933,0.9058865164562935,0.636632623842703,0.9618803285910492,0.8338548501059857
5_151_151965,0.8117970576103396,0.4367302583916928,0.9773887918290552,0.9158472444546079
5_152_152074,0.8173215232038762,0.8067506027323869,0.8243133723547952,0.8191915605822386
5_152_152103,0.8576243811663916,0.6547672842295527,0.9520747391409852,0.8483433510506184
5_152_152125,0.9297964486790818,0.8264242961649302,0.8907098877218399,0.7366844376745367
5_152_152191,0.7339884991024431,0.35337581344902386,0.9713425696849745,0.9235402375773799
5_152_152323,0.9100613218260277,0.7441908146528158,0.9554095845419893,0.8772302619527386
5_152_152335,0.7352769800640946,0.5407248322147651,0.9212498309211417,0.9183571538343323
5_152_152353,0.9437069813176008,0.7893716626435521,0.9578033995007726,0.8279206302021404
5_152_152356,0.8789896355274899,0.6912269606071557,0.9526622708388917,0.8801982651796778
5_152_152357,0.9376347898017666,0.8135672079281626,0.9694246299846023,0.8678047209313027
5_152_152370,0.11497899159663866,0.0,0.09435222994113591,0.25542916235780766
5_152_152379,0.8952132474309142,0.8360466284795498,0.9613706440165222,0.9456410256410256
5_152_152424,0.8965024982155603,0.7610434628033064,0.9119536515193316,0.7965521837650509
5_152_152463,0.7716427041908841,0.7401531296866367,0.9623042721824859,0.9642202719645095
5_152_152639,0.8267518238699795,0.41394709721745104,0.9078460182192183,0.6334179786693753
5_152_152659,0.8182392320323355,0.7211895910780669,0.9702271332105586,0.9608147661430022
5_152_152697,0.9611877224199288,0.7687651331719129,0.9834360554699538,0.834481274214378
5_152_152703,0.8418080950661458,0.7004810413129599,0.9112641381524959,0.8006041169451074
5_152_152765,0.9525835105717503,0.8525459506770324,0.9846400209157162,0.94873046875
5_152_152787,0.9399028322372018,0.5593478529375437,0.9690872210953347,0.8262223461609964
5_152_152955,0.8539103146420018,0.7719204590951555,0.9556878306878307,0.9438995684582189
5_153_153003,0.09814687714481812,0.1591686534673992,0.07388854101440201,0.1781561194988757
5_153_153355,0.40339825463792406,0.20243197912784197,0.9488854181456765,0.9599704169363039
5_153_153455,0.8290423861852433,0.8111928104575163,0.9427216344399854,0.9385067188751446
5_153_153554,0.5327446105895886,0.2854695806261075,0.799089836507669,0.6420242675347736
5_153_153651,0.004881416103742419,0.05309979257893524,0.008974801518812565,0.03611738148984198
5_153_153790,0.6934677932224947,0.7067238173931006,0.9140605454090568,0.9376061675160068
5_153_153805,0.5119613450350065,0.3908017888125901,0.6095773687798227,0.4976664630421503
5_153_153857,0.1741557508428674,0.1514304470279313,0.1917398674680228,0.25317846958174905
5_153_153860,0.8769601930036188,0.8568154591384968,0.9403484212163633,0.9380362767459541
5_153_153872,0.8748102226720648,0.7131365257645899,0.9043661786044057,0.7952498605244281
5_153_153947,0.7495283853092024,0.2052130193172797,0.9685674494177724,0.6193727870510876
5_153_153969,0.2494596290614977,0.030641185357966443,0.26989486813970065,0.09961184329301317
5_154_154001,0.6156623735050598,0.15883585564610012,0.9148589645852103,0.67502110252581
5_154_154018,0.5196192515360268,0.38633447833464385,0.5604837676480385,0.5224648543531986
5_154_154148,0.8836706504113867,0.6886951996877846,0.9418801196203355,0.8064312736443884
5_154_154155,0.5982101881597063,0.6299842673466066,0.7319453480806767,0.7304758800521512
5_154_154276,0.8901917808219179,0.7414902327757632,0.9537561799107681,0.9106786427145709
5_154_154290,0.9190084165018627,0.7962915925831852,0.96852871754524,0.9360425240054869
5_154_154292,0.8160546408351945,0.5415770749442902,0.9369843169364489,0.813624618275781
5_154_154297,0.5675399571593344,0.46359143327841845,0.9002849002849003,0.6965529970928891
5_154_154324,0.8828964576107352,0.8015944374512978,0.9536683225066871,0.8538188869027782
5_154_154523,0.8737964546027175,0.7311551324929252,0.9546277665995976,0.9264757864969954
5_154_154579,0.23922549000969565,0.0,0.2703425606651413,6.633499170812604e-05
5_154_154580,0.36778846153846156,0.0,0.36939309336550913,0.06886702634084417
5_154_154588,0.6687966557181249,0.6442225085910653,0.7174829711320143,0.7305358948432761
5_154_154657,0.5995942555122524,0.3579918268677334,0.6634490302743614,0.3205480653935016
5_154_154732,4.2258282623394185e-05,0.014661081492764662,0.0003380662609871535,0.01624012638230648
5_154_154733,0.0,0.0,0.0,0.0
5_154_154914,0.8693242647521884,0.7895355434870714,0.9399288256227758,0.9340315115246155
5_155_155012,0.9490231712857792,0.7190673185408049,0.9845806067816776,0.7959121968918184
5_155_155026,0.9628962175366933,0.8084708813453753,0.9949383894121063,0.9727086649988629
5_155_155028,0.86990095007075,0.6146381793655629,0.8889538770053476,0.6809611663591775
5_155_155096,0.31136811023622046,0.0,0.005845438698431145,0.25204848649014694
5_155_155113,0.8588615350339757,0.6387898240608655,0.9217364341085271,0.7639282341831917
5_155_155118,0.9005100947318788,0.8249453807740325,0.9133793481738812,0.8450612244897959
5_155_155145,0.9444582094482986,0.8617273967756608,0.9800449205252246,0.9315843344287023
5_155_155196,0.9082025026024516,0.6791980899685451,0.9732558675704339,0.9022559691011236
5_155_155204,0.35463392857142856,0.0,0.4189511892253319,0.09334867377716968
5_155_155206,0.8392438540602272,0.8122600796356787,0.9103577371048253,0.8549540347293156
5_155_155260,0.7612818085320022,0.4802576683021261,0.8278357297246499,0.5906763579075512
5_155_155261,0.9390928398058253,0.7698979591836734,0.9681664732566726,0.8729140685313854
5_155_155333,0.8505056426791734,0.8288504216600089,0.9193223750419323,0.9146986586057057
5_155_155335,0.8526827012025902,0.7638746978343759,0.9516279069767442,0.9114212084658405
5_155_155340,0.9001324503311259,0.8125977893302377,0.9372761926764468,0.858837012307539
5_155_155413,0.293551763001127,0.19061748195669606,0.28207185347526614,0.18631779334926485
5_155_155420,0.8266812259959334,0.7679033649698016,0.930410577592206,0.9072472662352153
5_155_155451,0.7586662124180223,0.5911265328122894,0.8590600775193798,0.7253294289897511
5_155_155459,0.8970808627093243,0.6251192012116452,0.9698259050455625,0.881081815710791
5_155_155509,0.49808722264728383,0.5802996670366259,0.6617948717948718,0.6995805098418845
5_155_155514,0.9092942345924453,0.8552403584335858,0.9634974079418523,0.9364740215748606
5_155_155658,0.9478399670459812,0.7854436464400837,0.9886391235124268,0.9465224111282844
5_155_155745,0.8656895860766016,0.8368558642385573,0.8972547057719967,0.8729327076404392
5_155_155855,0.7546622758349143,0.4264574718235628,0.8272574771899677,0.5955227435103596
5_155_155885,0.3250348085825469,0.3834996518913901,0.3341405536963797,0.40890250019800933
5_155_155983,0.9075897815623843,0.7980593189307946,0.9502214138858137,0.8877546059987361
5_156_156109,0.9608749304362554,0.8458174904942966,0.9877282100286677,0.9502193977908913
5_156_156160,0.5560551299565947,0.4579347777728345,0.5774114218052646,0.46369221887757206
5_156_156251,0.817247857226723,0.7450480590515639,0.9497563319376758,0.9409032857308719
5_156_156260,0.83651945917389,0.5139239642345232,0.9002199603208833,0.6519228591916066
5_156_156392,0.9137423502982416,0.8335035005834306,0.9746437552388936,0.9597215120166778
5_156_156402,0.8776783463574489,0.8184360938830111,0.9083632910533813,0.8870532848277338
5_156_156422,0.9348057858472701,0.8197357500168241,0.986009011145364,0.96056236481615
5_156_156485,0.7441421534778806,0.43263831625240506,0.7386415998525482,0.5012600806451613
5_156_156556,0.11597542242703533,0.19145752143413874,0.12377219840783833,0.17110104296530543
5_156_156576,0.8929213386972524,0.6267812545908623,0.9614519906323185,0.8819136714262268
5_156_156589,0.7814145723618425,0.6053528282014745,0.900749063670412,0.8231839930404524
5_156_156747,0.9719542693819221,0.8914986489295365,0.9687602164989647,0.8796919447720808
5_156_156884,0.9429016232056595,0.6104663212435233,0.9269860375541646,0.64000364000364
5_156_156914,0.9223139763997432,0.7842475565884562,0.9800324442960064,0.9449573124175747
5_156_156935,0.9159900836690424,0.6746308822459816,0.9309111991496763,0.7867790557654777
5_157_157051,0.33076774068573644,0.12821610232267197,0.35441656052738396,0.27175958099564385
5_157_157137,0.930892386678376,0.8677572476560355,0.9548541607091793,0.8788888888888889
5_157_157174,0.8591532726497361,0.5822765088960209,0.8997111406042626,0.6968355416991426
5_157_157199,0.5922416791209617,0.0,0.7695344116951199,0.5229273140261215
5_157_157291,0.9302597484674209,0.5991977784634372,0.9816866728224068,0.8743187150333874
5_157_157343,0.29655552727581236,0.15116104868913857,0.32051822104898575,0.28569589051175454
5_157_157357,0.97630900257902,0.7095043981978116,0.9771889911212225,0.615289307396853
5_157_157397,0.9598611468243764,0.864811769005848,0.9520719187190808,0.8212040306605805
5_157_157409,0.9489856447977222,0.8203303270672607,0.97831557364317,0.9068378956854793
5_157_157410,0.7462772651006712,0.44175907898078387,0.9699986174478087,0.9408054711246201
5_157_157450,0.9204957240179736,0.8035982008995503,0.95794775682324,0.898659013310901
5_157_157466,0.9522744220730798,0.86676662739638,0.9482678266273109,0.8461922181576322
5_157_157483,0.8432968832795414,0.7726239855725879,0.8697226215194591,0.8120570049766249
5_157_157542,0.42207237154525595,0.2458615265536441,0.8868884540117417,0.7530559540889527
5_157_157619,0.16773762323595984,0.20380464406410118,0.0,0.3921101853426288
5_157_157620,0.8904230317273796,0.8883537112510806,0.9725923518578702,0.9712140175219024
5_157_157631,0.20399321906197024,0.1879432624113475,0.17347634930260764,0.17633689839572192
5_157_157653,0.902061555766732,0.6811159112543018,0.975783806608255,0.9140404710565599
5_157_157860,0.6439895534466269,0.5857751154734411,0.6749394555846169,0.6610436347278452
5_158_158013,0.91655221406583,0.837866927592955,0.9683725690890481,0.9528766566800386
5_158_158057,0.9198721054161418,0.7085476850019786,0.9634490183011227,0.886543122996325
5_158_158124,0.3142512077294686,0.3628913292902803,0.9387806096951524,0.9385623592054065
5_158_158155,0.3753330501602502,0.4835506056251283,0.6340547703180212,0.6310315033896052
5_158_158233,0.321639520315017,0.2554125728197548,0.8279484999392688,0.8484697016302676
5_158_158271,0.9675060313630881,0.9028784021930684,0.9825642217830989,0.9523777807379779
5_158_158297,0.9127202323330107,0.806349649049412,0.9631874020941545,0.945718024523821
5_158_158331,0.8726424141678921,0.8285742861429214,0.9353502737610557,0.9079184799915083
5_158_158352,0.0,0.0,0.0,0.0
5_158_158364,0.9078819417067465,0.6247647270834168,0.9164312683540764,0.6311428803509057
5_158_158449,0.8981927710843374,0.7818265379817477,0.9680687073331865,0.9425295857988165
5_158_158540,0.5712306200058506,0.4328425992506528,0.5860537419498112,0.42531049542786953
5_158_158683,0.9220227794099891,0.7056489629164048,0.979976519697365,0.9144223395136916
5_158_158727,0.898174041783188,0.7046347767588429,0.801577888928995,0.5973609430830262
5_158_158836,0.16618273468244726,0.22529728576761052,0.1547147958691246,0.09966495210230758
5_159_159008,0.8706712920698679,0.646755584649374,0.9823260327141669,0.947132525211368
5_159_159009,0.5457661532415645,0.15326258648690738,0.5758794317252186,0.16502425547651678
5_159_159069,0.8984176164656412,0.8783246713543259,0.888967468175389,0.8943390405676385
5_159_159091,0.8854949362953283,0.7620008406893652,0.9481560662747194,0.8916811886636705
5_159_159148,0.8948311156601843,0.8592010478061559,0.9823638173801735,0.9778070531009323
5_159_159161,0.9195982123102792,0.8189646335212711,0.9506992513066818,0.889165167707121
5_159_159257,0.8398297686599738,0.5271382199743339,0.8493883617240197,0.5644454517981263
5_159_159364,0.8498542274052479,0.8619069985908877,0.9660782808902533,0.9397541809389482
5_159_159443,0.3914192177359141,0.5499447889238087,0.3155695512626416,0.4199039533487694
5_159_159505,0.9720432342548326,0.8481590424992392,0.978023541125849,0.8797239083610731
5_159_159649,0.9144611545281408,0.8458653330951955,0.9606058451255066,0.7912580447441006
5_159_159663,0.7517960374922826,0.32908060373192943,0.9801141663246652,0.9001238331110688
5_159_159681,0.8629998789395101,0.674589336514637,0.8689046915404507,0.7636112038936871
5_159_159803,0.0,0.0,0.0,0.0
5_159_159913,0.8658378658378658,0.6011036657469452,0.9929458519622454,0.9791593695271453
5_159_159925,0.602506209076541,0.3773083886541943,0.9137868315751182,0.9248031496062992
5_159_159927,0.9512510179438938,0.8351292582749457,0.9692840713890587,0.8923531178060254
5_159_159951,0.7555628005542424,0.7576351630210483,0.8760338814150473,0.8724257533058747
5_160_160012,0.9162131813077654,0.6614560071460474,0.9784785253111257,0.9317857753949695
5_160_160069,0.24581249946396563,0.0,0.0010969823842912122,0.41053230702515175
5_160_160098,0.2760143132397468,0.27283866187952355,0.2397544510527624,0.06389045056621959
5_160_160104,0.9365798034678203,0.795796902981144,0.9809306958872919,0.8928002636059091
5_160_160115,0.641335636154289,0.16367867609032927,0.6348603381636095,0.1685254316378908
5_160_160128,0.715713028169014,0.7617908122095773,0.9147737277689734,0.9307566328201768
5_160_160129,0.8837394419139433,0.8507712127015076,0.947912077152788,0.9478912770514809
5_160_160230,0.8993826287760969,0.7734469110308037,0.9731852583942365,0.9464682637688319
5_160_160233,0.9044627789236828,0.8008582406067561,0.4280509083444524,0.45598422166634595
5_160_160300,0.9523063533507398,0.8503449184937827,0.9774167146624633,0.9332493702770781
5_160_160330,0.9327297668038409,0.8169453734671126,0.983781414377557,0.95666125262449
5_160_160343,0.7348015566470871,0.3935166476324343,0.9849201480279433,0.9381064677001585
5_160_160348,0.8932568251479079,0.7015054419692809,0.9625285487554678,0.8934782608695652
5_160_160350,0.9109997868258367,0.74707986951489,0.9648000612838976,0.8983472029588534
5_160_160390,0.9491600845477807,0.732440159201749,0.9737092176116566,0.8362489587052243
5_160_160391,0.6333910863715118,0.6539492353775815,0.6488263659187822,0.6096978557504873
5_160_160395,0.9036534763687886,0.7993683581579958,0.967090364526262,0.9350105786036244
5_160_160397,0.9547174822388952,0.8104877711759017,0.9670009927087255,0.8899049796384939
5_160_160431,0.9372305751235411,0.7570832887843473,0.9571423316043115,0.8838868916671138
5_160_160446,0.2397049969897652,0.26665924400155877,0.2602690050768115,0.33404975552092847
5_160_160462,0.0,0.01709837019790454,0.0,0.025681605639882022
5_160_160469,0.8973139134889848,0.8094431505399111,0.9567047982205275,0.9176598837209302
5_160_160480,0.9382864208306059,0.7950885419880299,0.9647762097536983,0.8765134748079677
5_160_160595,0.9414746718117505,0.7799514301133297,0.9722111474364086,0.8940287769784173
5_160_160618,0.9548643222881376,0.8193253556958447,0.994263862332696,0.9773999796396213
5_160_160680,0.7375617378686832,0.3662743895426841,0.9267644099468162,0.7534677763551003
5_160_160682,0.9570446735395189,0.8000107723796187,0.9739256507260494,0.8732048058116793
5_160_160777,0.9000050072605278,0.5777000437254045,0.9837353243220739,0.9289440546860946
5_160_160822,0.7790396686727497,0.5697626276566381,0.9286309689199381,0.8456993050642919
5_160_160866,0.9472934472934473,0.8891569407315641,0.9766892521912103,0.9495415959252971
5_160_160877,0.915126484254001,0.7564455388180765,0.9772398441847524,0.9336426145306934
5_160_160955,0.8844232779649205,0.8710826531992605,0.8844249102389501,0.8731996230986674
5_161_161112,0.778715177080587,0.8507290513104466,0.9210863986313088,0.9532011046949536
5_161_161126,0.7353084283937936,0.5235509285312324,0.8225914839024986,0.6618057044820931
5_161_161211,0.8669506208489749,0.775497195308516,0.944337965181281,0.9056550951847704
5_161_161406,0.9743942108650652,0.8833804896051175,0.9917875084618948,0.9605799339424356
5_161_161511,0.35003871633829475,0.017799269509748444,0.3083043638878101,0.0
5_161_161761,0.9273645095702167,0.7052478979414323,0.960157023883773,0.8561189119323189
5_161_161901,0.9567918667043208,0.8386564160776018,0.9867621591476122,0.9434978564361878
5_161_161904,0.9103065212919152,0.7903284158057644,0.9782827342149376,0.9517732343621131
5_161_161922,0.9215090483745193,0.7694424841213832,0.9896334047605259,0.9648702295794165
5_161_161927,0.8749109369433559,0.6301896716084284,0.9758309662630189,0.9364786695589299
5_161_161952,0.6742775999639363,0.48090088302410955,0.7356501076706022,0.5742826780021254
5_161_161972,0.43558300969389313,0.15623439060939062,0.5915345361764169,0.2778657570958704
5_161_161983,0.8973704748754278,0.7476084538375973,0.9407273781528848,0.8624387609458781
5_161_161998,0.4653228791600767,0.4349331051649035,0.4904767067837652,0.4780279975654291
5_162_162074,0.8489669159589301,0.5675334055615746,0.9409044935702933,0.8248711138884549
5_162_162079,0.9436190619475684,0.8354683081018134,0.9899798011802448,0.9700803453651516
5_162_162119,0.7534487662660884,0.20461403067638922,0.9890935644963724,0.9267015706806283
5_162_162125,0.6682157676348548,0.47735855362096047,0.7412810506101716,0.5637764506377645
5_162_162126,0.7602714600146735,0.4624929142785161,0.9088226985970308,0.6345379957022856
5_162_162166,0.9370681780921376,0.7992109972344233,0.9901421423414901,0.9543219461697723
5_162_162198,0.9030470914127424,0.6496570924152917,0.9809805307460001,0.9254658385093167
5_162_162224,0.15703529411764705,0.27498792387208965,0.0036382536382536385,0.3363501789495381
5_162_162225,0.8111579369857516,0.840797724702738,0.94216714331109,0.9651614377094121
5_162_162283,0.8641672219689265,0.7016921019871825,0.8936924426253472,0.7589045051983058
5_162_162325,0.9490560282005219,0.8718227243102324,0.9870465404353211,0.9641200545702592
5_162_162349,0.872930399529601,0.6346865133062697,0.9468033186920449,0.8544598536410624
5_162_162354,0.9239548342709134,0.8474611745991879,0.975181151559856,0.9364654441618704
5_162_162366,0.2598338894707358,0.20400323052408706,0.23314170801547573,0.18929447079581127
5_162_162402,0.8846302864125414,0.7430453879941434,0.9495272253015976,0.9045746830791843
5_162_162408,0.6618260407977553,0.5206169199364935,0.7055924402264674,0.5581708741352979
5_162_162434,0.9260760470951553,0.7930283224400871,0.975960752248569,0.9278356912385207
5_162_162516,0.7592280985750495,0.47154067746101125,0.7940591373541912,0.5394331700489853
5_162_162517,0.1622578558540156,0.0,0.16463009179699306,0.0
5_162_162550,0.9057770978148801,0.7221838286109191,0.9609802945151882,0.8839554897769007
5_162_162556,0.8204146199317293,0.857400873655914,0.9354933726067747,0.9684583799925345
5_162_162567,0.4892581875912222,0.46957276832233413,0.501577872656395,0.503447104771608
5_162_162596,0.923715435147935,0.8169731258840169,0.9421545794291285,0.8782907943791225
5_162_162652,0.8922773478986497,0.8620707121872151,0.9696317749275962,0.9547959129085754
5_162_162691,0.8450019389672762,0.5660745325815068,0.8775451402228198,0.6578280542986426
5_162_162733,0.7513625498007969,0.5299315635105663,0.8260546432616082,0.6191456934547103
5_162_162776,0.8921335619106989,0.6537430216712823,0.9165828539244478,0.740984823873393
5_162_162830,0.723258077072791,0.47642835776248876,0.7781665500349895,0.5549727297112031
5_162_162831,0.7735096557514693,0.5559430398140076,0.9118528027385537,0.8582460957611121
5_162_162862,0.9574834619625138,0.7919928140639035,0.9853413798028853,0.8851853480497779
5_162_162913,0.924512693242335,0.8343629988311905,0.9654545454545455,0.9290671685684038
5_162_162941,0.8988111849081878,0.7710936948386641,0.9437589495171069,0.8795242265032107
5_162_162967,0.9181132075471699,0.7800026818039602,0.9690436521159613,0.9145022689968137
5_163_163052,0.0,5.238070294903357e-05,0.0,0.0
5_163_163074,0.7934601267934601,0.4555825024701338,0.8117601144789905,0.5711700202278293
5_163_163078,0.32128423888639424,0.1563508235693666,0.35083898305084743,0.16451025810721376
5_163_163079,0.8613698521542669,0.536420408264014,0.8897597809767729,0.770136186770428
5_163_163129,0.8275996028834117,0.7184533189837414,0.9172742151465556,0.8618379471621792
5_163_163211,0.7599368435504908,0.5093766892594287,0.8577958154379606,0.6128187516098567
5_163_163223,0.8256406206814861,0.7071847189060126,0.8806782234594458,0.7589172097327729
5_163_163229,0.9304499621012012,0.7354016114295208,0.969928791377983,0.8747845530348908
5_163_163256,0.8935308182784272,0.8177134024159844,0.9684767433316188,0.9509252313078269
5_163_163374,0.8863814756671899,0.7882464156294312,0.9714015847195256,0.9425268096514745
5_163_163434,0.9353253865979382,0.775222650538349,0.9798428425008541,0.8900463740842799
5_163_163456,0.9302938463565688,0.7183608302288451,0.9748390708088441,0.8590400617181904
5_163_163463,0.9024473147518695,0.8402547065337763,0.9508327878391156,0.9204697401313877
5_163_163464,0.9111477890103844,0.8612194850072455,0.9712791810884454,0.9623721881390593
5_163_163465,0.3826808721506442,0.206393854157215,0.44325844722512714,0.2672503714005753
5_163_163466,0.3288630098801375,0.38239745530102864,0.3595632917911216,0.4143331751305173
5_163_163539,0.8574103613288023,0.8304681862557833,0.9256068911511355,0.9196091797318792
5_163_163578,0.9379650903604129,0.7723444868627891,0.9739149258577768,0.8850800624313544
5_163_163588,0.9120699940345993,0.7939182030091121,0.9819295165503361,0.9755803679010362
5_163_163594,0.3930131004366812,0.13198865427040657,0.5269146293162424,0.2791124011763358
5_163_163607,0.3392527855697985,0.0414785718473354,0.3257710716662016,0.027042306605106946
5_163_163674,0.9443073559269093,0.8189854147227815,0.978034986189662,0.9254773364362405
5_163_163675,0.8903354662129674,0.7662500505602071,0.9489621100442248,0.8919884927207741
5_163_163692,0.7845968009040076,0.6004097927800427,0.8691674691412064,0.7531155653417474
5_163_163696,0.037411394066684166,0.15565528130973158,0.0005498757688077878,0.0038039012811539514
5_163_163713,0.8785674314493565,0.8470670391061452,0.94968231194917,0.9380563390600388
5_163_163729,0.8391772771792361,0.7040778839088905,0.9630938767023599,0.924079674627177
5_163_163896,0.9217019712355833,0.8801818557553214,0.730797438028651,0.5791899189918992
5_163_163956,0.9221889463653689,0.7080586642138076,0.9466144725271608,0.7920310981535471
5_163_163957,0.9300272862576484,0.6943959145276173,0.9412167805212326,0.7419745045128873
5_163_163966,0.7094509198146328,0.5385879419764279,0.9390113625327765,0.9250103863730785
5_163_163989,0.9554364270209827,0.8618321572580645,0.9843637485855364,0.954762997443126
5_164_164002,0.9523863636363636,0.8551114850652083,0.9873635500711913,0.9576286433969053
5_164_164088,0.9326750259023534,0.7857094526016645,0.986463315585236,0.9506561874397568
5_164_164187,0.9417192065200677,0.7984112514650346,0.9833157424697573,0.8991002999000334
5_164_164212,0.37156232668906797,0.16654275092936802,0.916218728529281,0.7839933536416505
5_164_164224,0.9615749680882401,0.8437050594848999,0.9735664904432696,0.8919474116680361
5_164_164225,0.8240490255617512,0.4150224374955481,0.9591579861111111,0.8028729910396815
5_164_164379,0.7261512815169827,0.46606125356125355,0.8347725408847508,0.6829446656374422
5_164_164390,0.2621117743749459,0.058081858619475825,0.28190276808560133,0.0754704923794613
5_164_164391,0.868421052631579,0.7487631748763175,0.9629726890756303,0.923034689293736
5_164_164392,0.8849208616650477,0.7894590691991559,0.959156949554156,0.9270972441422848
5_164_164407,0.8659031015609163,0.878611643877993,0.9233966078849826,0.9408975774501527
5_164_164441,0.416215206426303,0.20670334831913037,0.6000570125427594,0.3305847731709449
5_164_164442,0.5339255858059042,0.21023910579179078,0.9635623828464317,0.9028428616057482
5_164_164467,0.8178580262181548,0.8709095801937567,0.8825447680073231,0.9287502845435921
5_164_164472,0.8990735738439682,0.6671572890881113,0.8509602033623139,0.5668026201952787
5_164_164570,0.9291917919179192,0.725519162586527,0.9916473541908073,0.9609306834706738
5_164_164571,0.7909058431248015,0.5775228535579853,0.8439255916907884,0.6812887053966381
5_164_164581,0.9308770610666524,0.7589564744780107,0.9910540199564171,0.9625969662532734
5_164_164583,0.17599123348668932,0.0012077294685990338,0.0005515593041160113,0.23745547073791348
5_164_164617,0.8614729848964551,0.7749464574500634,0.8294514520387211,0.8073535233570863
5_164_164621,0.7002210281620365,0.3809342843779233,0.8644174299731735,0.680819118321725
5_164_164643,0.39463641811128747,0.10604097162866359,0.6755033677916652,0.3969062558240666
5_164_164666,0.8855364225111703,0.8435879091396888,0.9264528838787348,0.9162376513148741
5_164_164713,0.9349562081401339,0.767652618703436,0.9783195978524775,0.926319603816886
5_164_164750,0.9470656885628543,0.7975765926406224,0.978460935970237,0.9169708430449888
5_164_164763,0.9344209666121878,0.8019538188277087,0.9794554609311866,0.9137069620940589
5_164_164832,0.3967977416580288,0.13139793895185176,0.5808939526730937,0.3375758905712823
5_164_164923,0.7868289390088945,0.5672214494699985,0.8177880031505202,0.626744517231558
5_164_164983,0.8538223140495868,0.5784628177714422,0.9427586867043171,0.834867464876462
5_165_165000,0.9250271428152235,0.7449580670926518,0.9587567618273349,0.8520476266752096
5_165_165017,0.8699573630698589,0.8888526423711436,0.7746217395340202,0.8766259361450532
5_165_165110,0.8780409901517168,0.7129960765251206,0.973008022196755,0.9370111673428416
5_165_165210,0.0,0.0,0.0,0.0
5_165_165306,0.5830021792077938,0.3180415263748597,0.5550805656034199,0.3460750853242321
5_165_165503,0.3954821308159137,0.13885012177434802,0.5665475658776239,0.4126184013737329
5_165_165607,0.8154561242210645,0.6745012298442198,0.9148769776815256,0.848903024095736
5_165_165655,0.8304128750846056,0.7455181460428509,0.9563977863491531,0.9493014643999327
5_165_165714,0.08175421936375016,0.14195554742522637,0.15162835670021535,0.09333205503091895
5_165_165717,0.8945479535736103,0.655890045072617,0.9305113093341829,0.7370137571157496
5_165_165737,0.9048890372100784,0.7821894498014748,0.9428978030774704,0.8535494134022669
5_165_165911,0.9047040561517177,0.8156648888356205,0.9444033712849327,0.884761845308696
5_165_165988,0.3295680710475803,0.1144135506551614,0.9554101949338059,0.8299804344554257
5_166_166065,0.9247664172164903,0.8575154730327144,0.9789658610702245,0.9578122787976028
5_166_166071,0.8230187738827047,0.6045879589110508,0.9040481191521864,0.7841098169717138
5_166_166189,0.9614700149713284,0.8517391745259102,0.995364393850487,0.9833162356244263
5_166_166191,0.32305862200228397,0.08886859293700874,0.27377820027500044,0.40633978763272954
5_166_166319,0.7461378737541529,0.5910926318314477,0.8370342491531803,0.6855182407091714
5_166_166408,0.9158339738662568,0.7119672525884903,0.976749013909072,0.8976682618877915
5_166_166487,0.9583333333333334,0.8612399505256648,0.9881486690521003,0.9512558964641374
5_166_166543,0.6769029953283869,0.5056962669107924,0.9579932311367708,0.9298963903743316
5_166_166575,0.7132949408632113,0.29614684890609694,0.8535561759322597,0.4256586017601441
5_166_166633,0.9591959453655184,0.8849354721987698,0.9905664595162517,0.9725131720942043
5_166_166643,0.8665275049115914,0.8461538461538461,0.9688634459648143,0.9647896610840037
5_166_166666,0.9023856275532083,0.7263839255613243,0.9756121497620099,0.9239458673526452
5_166_166681,0.9460157898480286,0.8445737078278212,0.9786795730950608,0.9415547703180212
5_166_166694,0.9168263803197774,0.6846943712703618,0.9787579835766423,0.8940044769798536
5_166_166776,0.47285019162037634,0.2962233578461922,0.8445146986368862,0.6713778482539902
5_166_166827,0.9875849096039293,0.8947227191413238,0.9686598285557826,0.6453291699193339
5_166_166915,0.8235395708302751,0.8413550351989615,0.9067809504488512,0.9314513908014321
5_166_166949,0.8702984167261385,0.7681171229900043,0.91753647254181,0.8638193262555043
5_166_166997,0.0,0.0,0.0,0.0
5_167_167128,0.7951896754008604,0.5821197557185704,0.8874510706884642,0.8136334345944951
5_167_167168,0.16546806747619,0.0751605790432365,0.15777356580762322,0.09055986030775946
5_167_167181,0.8879419838570902,0.8190153705676457,0.9323695282427714,0.9271691711100339
5_167_167245,0.9504146217634117,0.8393887320486069,0.9731629675479706,0.9200728976828951
5_167_167302,0.9127505474145191,0.8855586930213796,0.9771376591873863,0.9698993791479341
5_167_167321,0.9499644977565603,0.7822217214961694,0.975548181197504,0.8841548630783759
5_167_167349,0.8849619597474775,0.900556648390742,0.9627031240630809,0.9648245652847219
5_167_167368,0.7986527132168336,0.6463249097472924,0.8139274460272403,0.6807182581942965
5_167_167534,0.18487960107604487,0.1921793534932221,0.20358312113495816,0.21969768096892311
5_167_167613,0.8673001046783155,0.7784433199077421,0.9624428034249989,0.9464777947932619
5_167_167664,0.8983032009484292,0.8184858619641229,0.9375175456186083,0.8911252476796329
5_167_167742,0.8440199730522311,0.7761123007375684,0.9549318950543926,0.9447300771208226
5_167_167757,0.9554333913846283,0.8217205138186064,0.9785086858911485,0.9251568636302081
5_167_167828,0.6079257127910018,0.3193717277486911,0.9574441789569086,0.9051562654047126
5_167_167846,0.7981454257604885,0.678908259502715,0.8151347170297796,0.8683886838868389
5_167_167878,0.8629606825578326,0.8269871489766778,0.9785207503158713,0.9732933819697759
5_167_167879,0.9274852331280633,0.8222362869198312,0.9830455539196002,0.9602841459476913
5_167_167881,0.9139180672268907,0.8172268028292805,0.9787861599546228,0.9676330512784945
5_167_167975,0.8049500579438221,0.5802282541640963,0.9531352917929127,0.8806747424431111
5_167_167984,0.9364759263927401,0.7810535684485732,0.9690136111577886,0.8931003849570625
5_167_167989,0.8849209189150504,0.7861229377328366,0.9629307619348719,0.9295202148508384
5_167_167993,0.2956739415039779,0.08858412401443272,0.341378104232249,0.2196030534351145
5_168_168039,0.5922449508026929,0.6243239995192885,0.9238085498056863,0.9263071448124829
5_168_168042,0.8597475455820477,0.7822327044025157,0.9637381357994645,0.9085297787116685
5_168_168077,0.9363329583802025,0.7718938269449053,0.9892917752228888,0.9532178217821782
5_168_168126,0.8534921275736779,0.4871933038761361,0.9758218254521783,0.9025964710945344
5_168_168130,0.4391748539347847,0.7488437744008649,0.4709274738110012,0.7922558922558922
5_168_168177,0.8761277849383171,0.8517502761589152,0.960088350113006,0.9622802387429453
5_168_168178,0.9319982065461067,0.7554251865352851,0.9738582776845903,0.9040514389162869
5_168_168234,0.37921815589353614,0.5875813936755765,0.5238685166831847,0.7310131477184841
5_168_168242,0.5680156840778603,0.13164238172333154,0.8815488748241913,0.6704811581860762
5_168_168277,0.8803617707727297,0.7700061399918133,0.9569809984657146,0.9259259259259259
5_168_168383,0.17961834216339206,0.10113182965556551,0.19095041833973078,0.13114694427255852
5_168_168405,0.9410845882729895,0.7382033096926714,0.9637656762898746,0.8275357935067554
5_168_168407,0.34866019052982306,0.00016726323888535777,0.35959189204886455,0.02332477297397474
5_168_168420,0.9145995970788214,0.7722783063403297,0.9414468425259792,0.8636937003784225
5_168_168519,0.9291271266136616,0.8052097930920782,0.98177178271965,0.9643900141309468
5_168_168533,0.9522374447330333,0.8380597014925373,0.9763016672811438,0.9364790502188136
5_168_168608,0.8926777352064709,0.7638454421289157,0.9528130671506352,0.9222697777164158
5_168_168643,0.867519735166794,0.8262138244439129,0.9152133843754431,0.8937882853237483
5_168_168671,0.3881933615504567,0.4545224967380782,0.4700942680680464,0.4881123136436737
5_168_168673,0.8299125880857946,0.6428243733578012,0.8945811950943724,0.7796991804016933
5_168_168694,0.8366598430569772,0.6838495115360632,0.9158621995078554,0.8728682170542635
5_168_168728,0.1435557203884562,0.14913279689337788,0.13437717287734027,0.15830365180633293
5_168_168878,0.9444640462917225,0.8290816326530612,0.970250790615577,0.921251677442967
5_168_168888,0.7048445436355241,0.37158271000198584,0.7543157108473733,0.4926073103497655
5_168_168927,0.8481997516898883,0.6958469840046252,0.9587020648967551,0.912906740627012
5_168_168995,0.8576441867561795,0.8656147721166528,0.9375267436884895,0.9446035299630343
5_169_169035,0.9383326604763828,0.8630367196033947,0.9900884198516828,0.9740699487636445
5_169_169042,0.9249694559566873,0.7710036371493392,0.9394193325775126,0.8172122375170683
5_169_169043,0.9535707401696222,0.8518099120522402,0.9920108531805849,0.9736799871609694
5_169_169114,0.8404002125840516,0.6008688150841087,0.8988084873510609,0.7432931331528427
5_169_169115,0.8796952224052719,0.6795263992748697,0.9471799462846912,0.8593551662858594
6_169_169128,0.837026473599532,0.620253164556962,0.8993701945045993,0.7498105050391622
6_169_169139,0.7989511279895113,0.45617734214725325,0.8799416557690373,0.6843697987592676
6_169_169149,0.9567963781394847,0.8097285800157211,0.9955071324272717,0.9803991995484632
6_169_169167,0.5961711711711711,0.29682902909447534,0.7841797841797842,0.5218178824304298
6_169_169288,0.706592512208356,0.5678929265739494,0.7749885198224399,0.6837599446558285
6_169_169361,0.8317103853142618,0.4872420678943865,0.9446051528832896,0.826647564469914
6_169_169367,0.8830326307975341,0.6611453984389182,0.9676167682042356,0.9044575895214957
6_169_169368,0.849003124295423,0.5965390439108804,0.9552574355950318,0.880653979060292
6_169_169397,0.03731980273141123,0.2478377390668778,0.06284720544901212,0.1996899024484786
6_169_169476,0.761888745148771,0.5159916177127349,0.8593502254002798,0.6145743049536636
6_169_169491,0.19002073073084053,0.10509326508496461,0.14345082893577638,0.2506739582531002
6_169_169526,0.46477893691008443,0.1318768985302691,0.5446524764872026,0.31428108808290156
6_169_169536,0.9107242964457899,0.732489360167352,0.9680205059351256,0.8987761958086706
6_169_169538,0.8633943266531126,0.8480405976881872,0.8627040141155713,0.8442940720377811
6_169_169616,0.5363312673084532,0.3226358965113134,0.7065558526095548,0.4270431427569274
6_169_169631,0.4533984767926426,0.2440272447533105,0.5588320011521567,0.313
6_169_169647,0.9067472088884094,0.8247324864266512,0.9782749104574012,0.9568369968598345
6_169_169667,0.6871957795330671,0.5297975936582029,0.7322503008423586,0.6478486285283821
6_169_169686,0.912117218875502,0.8525570960133464,0.9558258642765685,0.936611956748384
6_169_169688,0.9100212089077413,0.7839837122497455,0.9864732065437308,0.970437217986619
6_169_169901,0.05073818760291368,0.08565613490986625,0.0014232309239615157,0.5494883856263033
6_169_169936,0.6274218391115195,0.393015192941906,0.6943820915715999,0.5480629539951574
6_170_170047,0.8976960293271382,0.680704547027476,0.926053489285962,0.7771468093626006
6_170_170061,0.9323304992369741,0.7278191873046406,0.9523809523809523,0.7948818281421193
6_170_170079,0.44988447573990537,0.33749184605348986,0.8746252997601919,0.9026535553688788
6_170_170155,0.7444947965295016,0.49611708482676226,0.8597818297635162,0.6042737705769331
6_170_170160,0.9101256159344854,0.7404886960493263,0.9500715360064566,0.8667360491624542
6_170_170170,0.8854362256366858,0.7531506936287737,0.9393904509741848,0.8272464320905247
6_170_170247,0.8456222564954324,0.7022653721682848,0.9360076724651101,0.871546772428884
6_170_170273,0.9050187843175032,0.8137602593981154,0.9705635428691364,0.9517725789502793
6_170_170375,0.8910913999228692,0.8210548946538627,0.9462869809872965,0.8899197006314805
6_170_170471,0.2827902001200198,0.14340884984633795,0.3140015716181226,0.24810956141824902
6_170_170474,0.5957126739375705,0.5787196726103478,0.8933654038885548,0.9114524080394387
6_170_170540,0.4821815659412122,0.2651849499920622,0.978270549470122,0.9044168054059348
6_170_170554,0.8641136504014824,0.6181991589716912,0.954846257906475,0.8455789575851693
6_170_170601,0.7534034120282612,0.5782634770440461,0.9549814839602017,0.9168196763311841
6_170_170674,0.24059342076972695,0.3849211666443343,0.25317533062720965,0.38705281090289606
6_170_170722,0.07850736268254427,0.31112771787480875,0.0,0.2009235936188077
6_170_170744,0.8783324661014356,0.6602217799260733,0.9498678089756032,0.7761419739358627
6_170_170745,0.8563244545576228,0.5957879355801913,0.9765776886282981,0.8786583786583787
6_170_170862,0.39241144585906973,0.09903745354045554,0.5281157607459631,0.3107597200224799
6_170_170880,0.8100570575374607,0.6119368323269856,0.9359180781863851,0.8842156742878102
6_170_170883,0.29660509600642476,0.10535432171612387,0.2664619583759809,0.12872338023079877
6_170_170933,0.6961422390284696,0.5754687170844744,0.4708274195404503,0.4584560714452705
6_171_171024,0.9121390327394013,0.8953634499636219,0.9658160350409446,0.9578822378990012
6_171_171096,0.6982335346238501,0.2950287743357414,0.7885976659651808,0.4747410358565737
6_171_171145,0.9143690883477561,0.8133643102113065,0.9571074469231599,0.8990239367882873
6_171_171163,0.8068882432145135,0.703971119133574,0.8325823492852703,0.6983219716832721
6_171_171169,0.9149749223787915,0.8200645508337816,0.9077512334458582,0.8693208121156009
6_171_171234,0.8700168166979919,0.7953929539295393,0.9604836001343333,0.9380338155830573
6_171_171274,0.056456251981075595,0.013088936980158006,0.0,0.32208419252627873
6_171_171354,0.9438064989005619,0.8405949256342957,0.9644228308164833,0.9067164179104478
6_171_171506,0.8720254635477189,0.8030045672441777,0.9400405359756784,0.9198296687548623
6_171_171556,0.9264502394890899,0.8745053702656869,0.945616235320944,0.9026505554472812
6_171_171590,0.6580181016477141,0.17343128500689992,0.9527855891103232,0.8156207572786243
6_171_171592,0.9256613963681903,0.7157433874877881,0.9832839832839833,0.9346557283376189
6_171_171620,0.9230952255062655,0.7376800606520091,0.9762487199908977,0.931487607050614
6_171_171631,0.9314699314699315,0.8430969816038578,0.876482617586912,0.697693176318761
6_171_171739,0.7751686706117372,0.5841176470588235,0.9539721071921557,0.8230874316939891
6_171_171771,0.9128679796784744,0.7801975648977717,0.9729577886812241,0.9072697431936667
6_171_171866,0.6410465836759984,0.28228038920104154,0.6844627277247864,0.4199651481204879
6_171_171885,0.6757654385054489,0.4911486680034374,0.8887651399136851,0.8490173217854764
6_171_171936,0.8745145029336419,0.7277142989313966,0.9575779715968765,0.9063978093104307
6_171_171964,0.9381997707837433,0.8406002839180694,0.9740999265246143,0.9276214175390424
6_172_172009,0.9082163847906921,0.7496271748135874,0.9239903191650279,0.8026879891119428
6_172_172101,0.9440164675794529,0.77142702351284,0.9560507886641796,0.854543574899204
6_172_172328,0.9068162926018287,0.77987187819144,0.9636167632394556,0.9046458273587611
6_172_172511,0.9365901801134962,0.8586914653607,0.9598822800495663,0.9074884858133849
6_172_172514,0.8463389056813275,0.8316030474085185,0.919153099014744,0.9304402780703602
6_172_172558,0.9587596792035398,0.8643395014885296,0.9808593610246503,0.8938322699315974
6_172_172573,0.8554319547860411,0.5756450915381289,0.9702954898911353,0.9035854831657193
6_172_172668,0.4341999529216958,0.04004068799704087,0.008824952635593429,0.6143584455758201
6_172_172678,0.9245945037398101,0.7364919174778959,0.9712728177520414,0.8656750056344377
6_172_172688,0.9266293429053601,0.8054612773835236,0.9741036986612208,0.9163078903955257
6_172_172693,0.8492606488633856,0.7236428209030948,0.8929328407921032,0.8145100972326104
6_172_172700,0.8941058026725243,0.6282037339133587,0.9768703021742421,0.9270346117867165
6_172_172745,0.1251837042725311,0.2717484250388287,0.02822754801370586,0.60984029569705
6_172_172802,0.9272418113477716,0.923422000379099,0.9711236062136662,0.9616056976367756
6_172_172842,0.9602582586347396,0.9229822161422708,0.9876438837224426,0.9746484874307627
6_172_172922,0.9539700036743829,0.8182707355242567,0.9842796890794381,0.887398241615109
6_172_172926,0.7822591572196378,0.6432906271072151,0.7905400651924114,0.5932276039434204
6_172_172963,0.9202108568864962,0.720910653523696,0.9604128747964364,0.871523087048391
6_173_173010,0.7598148365170514,0.6271534410425779,0.8964007782101168,0.7817928039702233
6_173_173092,0.007827345575689947,0.1588618443606445,0.0003081274541561653,0.2898478245338287
6_173_173102,0.9044228399287964,0.8847882540950859,0.9431943932128366,0.9356123293338849
6_173_173107,0.9142615748563704,0.659327316145222,0.9904477391753338,0.9665665552218508
6_173_173119,0.9416276303973204,0.7822746861532697,0.9664587770003042,0.7727948247224408
6_173_173175,0.6827901555565518,0.3494919617670419,0.8231025263272767,0.5522079323680187
6_173_173190,0.8448782173086888,0.7599605800366043,0.9309131199895718,0.8583308873887096
6_173_173247,0.6269940261274863,0.6124116069251402,0.9524600373676562,0.9333149627996693
6_173_173323,0.9630541871921182,0.8258180881216182,0.9777134506211006,0.8111447751440622
6_173_173461,0.8581326029162974,0.6911443229979924,0.9192155451601295,0.8284545016851228
6_173_173567,0.8514403618760416,0.8701894532304205,0.9543808834178131,0.9735713059893599
6_173_173657,0.9394988516779214,0.7392828118650955,0.9655657315929905,0.8890714872637634
6_173_173675,0.9764802127006852,0.8560339897050413,0.9795998022429809,0.7679113432625114
6_173_173705,0.9051497705022419,0.625930426857056,0.8940393678957582,0.6229532654507478
6_173_173708,0.9177482733984282,0.7250557289344628,0.982096041946416,0.9342739866598255
6_173_173709,0.8863599370625577,0.6828696397168237,0.9253396237139772,0.7593155893536122
6_173_173740,0.48311485917528624,0.5016939911990342,0.4938685510180397,0.5304258866323128
6_173_173794,0.9056763285024154,0.6933231635766252,0.9824847789640871,0.912740081079285
6_173_173847,0.9043314046930248,0.7367406481192039,0.969284176297403,0.9195238637658047
6_174_174049,0.8495297059173711,0.4846192468619247,0.9715209273811515,0.8926527692622114
6_174_174050,0.838555078683834,0.47944652055347947,0.9581799933087989,0.8408469605845221
6_174_174086,0.5662130455185359,0.22224166083508282,0.8181732179177901,0.6280235345391153
6_174_174161,0.687449150002141,0.44103072348860256,0.703823911247492,0.46831690506188395
6_174_174175,0.5999356723578761,0.326039719035828,0.6649897862739718,0.43422471141963137
6_174_174181,0.8671336529817201,0.7507759385161099,0.9400229263899124,0.854046300354624
6_174_174201,0.2809536529985308,0.26563999232393015,0.0020344894400310017,0.24080061585835258
6_174_174252,0.9194415882306415,0.8180668727170554,0.9619019240592542,0.9150584795321638
6_174_174253,0.6439571357604145,0.29125883632408917,0.9662454182395098,0.9126947603707843
6_174_174261,0.6857436600411241,0.5664754148929607,0.7467556796893627,0.6433888468332072
6_174_174321,0.8448585151322261,0.8290431458663738,0.9506057158155411,0.9544058485097547
6_174_174330,0.7963101386246263,0.7690642396394805,0.7717487991460594,0.7430900688813323
6_174_174336,0.7872827655436351,0.4563773250664305,0.9584753641152773,0.8690209890057589
6_174_174349,0.9166198539443062,0.7595523400406964,0.9689563502272532,0.8568967497415872
6_174_174394,0.8453683442742523,0.7246062197092084,0.9623737220978767,0.9290514873473205
6_174_174395,0.7468620345570086,0.6051265561119022,0.9493584493584494,0.9032355792535143
6_174_174475,0.8922974767596281,0.6196010905438369,0.9934427202326203,0.9713437537865018
6_174_174476,0.9062313412582098,0.739253046024802,0.9849988188046302,0.9578650569874111
6_174_174480,0.8633131001993115,0.553307424175648,0.9324698219926054,0.7555200729927007
6_174_174534,0.8208220764183712,0.6093071607656088,0.9875975195039007,0.9528854195706719
6_174_174563,0.8988114173342202,0.713032485442844,0.9683472684981455,0.8802158421551263
6_174_174684,0.37965181805250087,0.10316145281018027,0.38962322421247686,0.11382739108938088
6_174_174747,0.9390695607082006,0.8156674208144796,0.9723146806594354,0.8514273238360351
6_174_174769,0.9502059544293238,0.8581394359606959,0.9292723921058339,0.7627429970916884
6_174_174805,0.8664144933306789,0.8265442213161605,0.9531118307235061,0.9464226011367436
6_174_174861,0.8643362892692651,0.6418305458555412,0.9583024823662367,0.9049548450085428
6_174_174938,0.7105399579820468,0.5807844936965149,0.8420189564133679,0.7293892568064754
6_174_174960,0.15652518492426912,0.2874471161570182,0.22125772216062095,0.5367692839847803
6_174_174967,0.8698779183417549,0.6607520755331271,0.9148080153119019,0.8146562123039807
6_174_174973,0.8142441362780346,0.8339447987808319,0.9236618309154577,0.9373170731707318
6_174_174986,0.39995838643397746,0.3222428809081123,0.42008156377443395,0.40277024695617886
6_174_174998,0.8443061132362375,0.4696539040294265,0.9716072475501829,0.8928920182967569
6_175_175009,0.8860891363088843,0.7428658397382238,0.966104747496578,0.9384706780955614
6_175_175026,0.7005582922824302,0.445545148895293,0.9206210746685276,0.8055045871559633
6_175_175085,0.927607986488675,0.7129091980139696,0.9923922231614539,0.9662152322702782
6_175_175104,0.9676234388062727,0.8466967989598168,0.9811531953663933,0.804944901269788
6_175_175106,0.9301876809113262,0.8600984518798601,0.963849858170064,0.9107906370026814
6_175_175174,0.8156893149140119,0.693937684157733,0.9110204081632653,0.8676553275231937
6_175_175203,0.952426536344514,0.7081462722075131,0.9888354742953214,0.904721103590095
6_175_175269,0.8780674427501777,0.7773519341816137,0.9324123146549157,0.8715746868675819
6_175_175275,0.9257142857142857,0.6876294194340057,0.9146285887893058,0.6528725824800911
6_175_175335,0.0855993083715856,0.21188384137700017,0.021941559399161523,0.2764097297026479
6_175_175466,0.7897665580890336,0.6171532389424884,0.8903325978589524,0.736901620806634
6_175_175479,0.920496217251974,0.7152941982797025,0.9894251723768354,0.9498689251865295
6_175_175480,0.9552899936265137,0.8411447532144338,0.9828847618101765,0.9082412447083402
6_175_175481,0.9097956730769231,0.7411656539814518,0.9418394669655645,0.8085400025093054
6_175_175506,0.7014859755561418,0.4305744253029727,0.8126625252817105,0.5742389794113932
6_175_175528,0.19967898367597842,0.24958350877835345,0.20022350745408882,0.270155195930254
6_175_175578,0.923618012119795,0.7765855915782167,0.9684740171618265,0.8927300457549567
6_175_175647,0.7624428689675028,0.5873514458728668,0.8321957450205564,0.727061777236762
6_175_175670,0.5691895512391159,0.5410179139460908,0.9595309266498045,0.9714045416316233
6_175_175676,0.8567001994991299,0.806251043231514,0.9249398036673459,0.9153557382910261
6_175_175726,0.8174450171145297,0.5756911395112561,0.8164011601025598,0.6010252275083515
6_175_175807,0.9078028141296861,0.8651043391851606,0.9635170038743005,0.9391903835955453
6_175_175967,0.9157699080414792,0.8206828661727371,0.9621618804398812,0.923815303138964
6_175_175973,0.9297465943514303,0.7325293753865182,0.9756601607347876,0.8950652952733156
6_176_176020,0.884212987316617,0.8009910907269756,0.940494200706001,0.8923630637723541
6_176_176068,0.7464312864262185,0.26252271309630354,0.9388112270569448,0.7613901250264886
6_176_176075,0.7599154135338346,0.6731037521110214,0.899868172178598,0.8568297085876386
6_176_176121,0.9233035176743786,0.7547981234006256,0.9959980455571326,0.9833149900946511
6_176_176144,0.003364509059480816,0.035615163450831794,0.020953556549915136,0.041612656629108916
6_176_176160,0.7975304400931333,0.5621964621220178,0.8251227121877546,0.6478065241844769
6_176_176305,0.3062280157252224,0.06632717055916514,0.36002598879233333,0.1709104938271605
6_176_176314,0.6574181365606626,0.22532575385407164,0.9181606554403362,0.7802568218298556
6_176_176357,0.8829168197966434,0.7111041264424588,0.9292559735802629,0.8107670319199619
6_176_176381,0.8890249127746832,0.8131540452346123,0.9676028827372534,0.9486003861003861
6_176_176386,0.9614863800976224,0.865841362312346,0.9766987763603229,0.9151019935095039
6_176_176392,0.5954378401848435,0.2546514047866805,0.9621019432292196,0.8839586651357457
6_176_176411,0.12869829399392382,0.09717942021415513,0.13774757119626402,0.1992677617257075
6_176_176526,0.7991382719646983,0.5241166318466709,0.8461999600346366,0.6066776827371695
6_176_176617,0.92011378136963,0.7402950483576236,0.9608484262602712,0.862807787745753
6_176_176649,0.4598774438284214,0.4953533131701952,0.47158713594535623,0.519835005347049
6_176_176713,0.5931198102016607,0.5298580446314791,0.6790721827938376,0.5709470135889603
6_176_176761,0.8680393606734543,0.7148986619996612,0.9532662676684069,0.9049496276828735
6_176_176798,0.9571915227156251,0.818656911418866,0.9731912646391848,0.8062162824914174
6_176_176817,0.8192645365572827,0.5511420456818272,0.893876216172022,0.6817256063691909
6_176_176923,0.9155467534304711,0.8773475655807864,0.9857735018678676,0.97847295864263
6_176_176938,0.8228666289912404,0.5407909410654542,0.9211947758787488,0.7859594551110157
6_176_176943,0.7938355837587672,0.46413199426111906,0.9160789067665859,0.7746650426309378
6_176_176982,0.8574672965116279,0.6199466284303182,0.9532266811279827,0.7837973757600695
6_177_177018,0.5872072803153258,0.4316348534462104,0.9319422596465254,0.7956693125978724
6_177_177044,0.8349177711470405,0.7405246252676659,0.9544905356423681,0.9296630454796538
6_177_177110,0.9063513255769597,0.7784939306047911,0.9499769124211175,0.8829569953477817
6_177_177129,0.3177491082596007,0.0015647184955521428,0.3481543517707818,0.019585489198748866
6_177_177213,0.7648683302100799,0.7449027975343765,0.9145804503711159,0.9182928645910919
6_177_177225,0.6659552604537191,0.5683809269043001,0.7089461844609795,0.6216198214999334
6_177_177229,0.9301297360098109,0.8444841024146847,0.9747578114340292,0.9416564039408867
6_177_177279,0.8875723082664676,0.6707536963577353,0.985857101624203,0.950821107948325
6_177_177302,0.9252619892225622,0.7921287584577812,0.9617858275891904,0.9037058774209776
6_177_177307,0.8668822932521563,0.7311473057329411,0.9691558441558441,0.9371612956604476
6_177_177397,0.8860050308712555,0.6788979690913505,0.8673878958921292,0.7577286815544783
6_177_177406,0.8648187840997662,0.6251029484434195,0.953714718287012,0.7572785009117776
6_177_177408,0.8521576345221523,0.6190502213235696,0.9473712620101479,0.7476000498690937
6_177_177411,0.8478956671284574,0.6163851260186735,0.9430434314042462,0.7405016141047926
6_177_177415,0.9602317144059813,0.7959026271390697,0.976401791639018,0.8702013617267854
6_177_177585,0.9681503922939486,0.8802451333813986,0.979532280631621,0.8286674132138858
6_177_177589,0.6896374509437488,0.5551960411115341,0.8514046900394706,0.8449930734217297
6_177_177722,0.8851020321220125,0.750163505559189,0.9156799925709245,0.8223296570478924
6_177_177913,0.922333893864143,0.8041187509021797,0.9562198569765508,0.9027433941292377
6_178_178076,0.8495642868062987,0.7404718188393702,0.9580855777078232,0.9681392912617852
6_178_178122,0.8156273338312173,0.7377738825591587,0.9262465753424658,0.9109756097560976
6_178_178143,0.8933524268917696,0.8064397348825791,0.9143102672177436,0.8478099480326652
6_178_178145,0.8916037520018303,0.8046228710462288,0.9411438649533888,0.8930342030146727
6_178_178184,0.6842680421383923,0.5792288055891441,0.8164335664335665,0.807673754128168
6_178_178187,0.7763641065425394,0.39562993956299397,0.9039181286549708,0.7181433027608362
6_178_178230,0.83777933405488,0.6629105576541392,0.874495336210497,0.6858051355891529
6_178_178275,0.8139954853273138,0.6143989806031431,0.95077484047402,0.88686230248307
6_178_178277,0.5206775275902494,0.328723176730591,0.5828998996258783,0.43612055121933
6_178_178279,0.6901920083030617,0.5854542033212589,0.9578635014836795,0.9198399223866117
6_178_178280,0.6503538684252855,0.4246575342465753,0.8064462071276952,0.5992068680001743
6_178_178281,0.7543457687901579,0.470276117865238,0.92431688618046,0.8597012861291661
6_178_178282,0.62607861936721,0.4108447962212364,0.7473519708282688,0.4944512515315946
6_178_178399,0.7445005409304003,0.5879399434532514,0.8466652521394724,0.7544989363537055
6_178_178407,0.8995287464655984,0.8417537942664418,0.935083581171162,0.9206676136363636
6_178_178412,0.8962102143075584,0.7533904466854234,0.7872714307543421,0.6416562617962194
6_178_178463,0.6333950513381585,0.6082763261186498,0.8038071418646658,0.7717167287875466
6_178_178466,0.9079927135598095,0.6943681592039801,0.8887261057625226,0.6689004108784974
6_178_178467,0.890513162683489,0.8333782981708304,0.9258158277183247,0.8919763419261243
6_178_178470,0.6578548355198102,0.5270054694621695,0.7067356024701996,0.6378749334437673
6_178_178511,0.4851995154708283,0.41446194121613583,0.4901036418597956,0.44246353322528365
6_178_178685,0.9488953816187401,0.8296246252586243,0.9786669525366494,0.9270361229526587
6_178_178773,0.5868555352002094,0.4248683043863767,0.8489862380502153,0.7233696283953966
6_178_178822,0.47592419608696207,0.14933098935442915,0.7471382416500845,0.5307273991086396
6_178_178865,0.8464609554743537,0.6209610604805302,0.8788147622427254,0.7030882754851052
6_178_178879,0.9530817858553932,0.7596626844694307,0.9793427712545927,0.9092940637176254
6_178_178884,0.9229043504623313,0.7778762425830316,0.9715944297687767,0.8848901098901099
6_178_178885,0.8976566135104268,0.6827443231511775,0.9754166283031028,0.9268929503916449
6_178_178886,0.5919743834309852,0.5689856355369574,0.7253319885695075,0.6782008422697868
6_178_178980,0.038988969312952385,0.05339195979899498,0.04107986940207592,0.06915295183451609
6_179_179030,0.9228535949770013,0.6388018250347154,0.970002576465825,0.8517241379310345
6_179_179051,0.09289888085569971,0.14697196066849658,0.10052100118165216,0.16911917098445595
6_179_179071,0.45601223213674436,0.3877303507057912,0.48739166625862995,0.49992833596101477
6_179_179090,0.9657663412111811,0.8511309836927933,0.9901011844066201,0.9527166165056233
6_179_179159,0.9428235178737803,0.8312147912754586,0.9866763065482338,0.9613025011798018
6_179_179207,0.849252195932579,0.7411419315650941,0.9008949723611477,0.8490439674513612
6_179_179253,0.2030730523856591,0.3072562358276644,0.20880913539967375,0.28970279195436804
6_179_179254,0.007516691976822119,0.0,0.007802867509775602,0.0
6_179_179287,0.23421986727712332,0.05078393073958718,0.4870576191868968,0.2901255514082117
6_179_179313,0.05510929360790614,0.09276977707634641,0.06639886578449905,0.13309375601617146
6_179_179324,0.8543012019797314,0.6137406171809842,0.9899481016115815,0.9781506338553319
6_179_179346,0.25542454227647093,0.27430234096019046,0.27980567055412625,0.34564240516002814
6_179_179391,0.939373876856143,0.8680659670164917,0.9736263736263736,0.9385588434605828
6_179_179398,0.48788163796845607,0.2504220596510974,0.9686867225918426,0.9297489221405022
6_179_179416,0.9113432320441989,0.7198709846140435,0.9452324069313818,0.8454364987766031
6_179_179431,0.9082551050033872,0.8353826179929739,0.9436369232873901,0.9088588706510642
6_179_179434,0.8974018427824355,0.7411500059197285,0.9491283393824002,0.8942901558758035
6_179_179438,0.8969610636277303,0.7635933806146572,0.9777135917550136,0.93950193593805
6_179_179605,0.25193496244176095,0.10945645821157218,0.24932718547097016,0.04278484538954406
6_179_179654,0.9139479685391166,0.5552874785311197,0.9908782242943293,0.8734016696607841
6_179_179687,0.9503281887528827,0.8876017740120474,0.9930581380934672,0.9800335101926836
6_179_179688,0.8178183709289475,0.5953112203112203,0.9262815777810607,0.8237404637812523
6_179_179783,0.7643410528953578,0.4741142840643317,0.8950524737631185,0.7142906682387211
6_179_179931,0.9113261577959909,0.6873043874125079,0.9763082067518053,0.8816046350525851
6_179_179932,0.888872208669544,0.7565008428679029,0.9633469387755103,0.9238159573669594
6_180_180004,0.6903420729209341,0.4089621687234473,0.8485583400700619,0.7702746539792388
6_180_180008,0.907384403036577,0.8245405740243651,0.941401780828732,0.8754034861200775
6_180_180009,0.8307658058771149,0.6419419602117175,0.9294426431990119,0.8861407049326513
6_180_180080,0.754418747801618,0.31648135829452945,0.9451084052754422,0.7417647595583539
6_180_180098,0.9676985697748236,0.8424548087486268,0.9877130476649013,0.9348077327169574
6_180_180161,0.7407962653711857,0.36121655185341395,0.9716391359593393,0.8907870223909452
6_180_180163,0.7560700932474436,0.4803893704703709,0.8765740396365762,0.649299744560909
6_180_180170,0.9328383169442772,0.8866583963008909,0.977354244320979,0.9515395381385584
6_180_180223,0.9469767110604658,0.7741480436558023,0.9804908747640025,0.9165592783505154
6_180_180224,0.246169813185727,0.051458059490774546,0.003278560045978213,0.2919216475256378
6_180_180251,0.9409742397830718,0.672296587006798,0.9797473533473124,0.8470489744663039
6_180_180282,0.8656982818667286,0.5269984336786568,0.9401165110525895,0.771590834910895
6_180_180315,0.9527073181838882,0.8229175809707715,0.9829442591710338,0.9250965606032738
6_180_180375,0.8745423735905107,0.5183143874153174,0.9701166872213263,0.8659596013430688
6_180_180377,0.8749585161694753,0.7966919595314164,0.9484154149720131,0.9174614557188957
6_180_180405,0.9456612143055171,0.6433144808451606,0.9565671264076933,0.7435979173307832
6_180_180414,0.9247618061309031,0.7364468602488914,0.9507081521133043,0.8476890756302521
6_180_180459,0.9320100211986896,0.8790510221040385,0.9634655109562963,0.9419452232046582
6_180_180464,0.8813161398836639,0.7453335018750263,0.9147397219203238,0.8164038135970775
6_180_180488,0.9608634556163482,0.8121661086972006,0.9888192235228712,0.8971895612274161
6_180_180577,0.9219776781057683,0.8922256320327342,0.9847081147449492,0.9750499001996008
6_180_180703,0.934545824709036,0.8544149686018198,0.9687233134073442,0.9298668810863933
6_180_180705,0.9385935708208486,0.8624687129495455,0.9697262231146465,0.9357165396925574
6_180_180781,0.8948099565029264,0.7005224780386978,0.9798967124322963,0.9238045674401518
6_180_180885,0.8932814316768616,0.810973264089248,0.9631829644158028,0.935609243697479
6_180_180942,0.861612857346039,0.7940949440370514,0.9210799584631361,0.8822041430231763
6_181_181006,0.7445607970719805,0.3829745376875949,0.9791155204304691,0.9394061196804502
6_181_181152,0.7024365925095033,0.3325212464589235,0.8849326964828484,0.5861092519178294
6_181_181182,0.8967824461281118,0.7769691016252902,0.9783149470041099,0.9558989629325393
6_181_181247,0.9006461759376388,0.6263984696539331,0.964859178324905,0.9017329657345412
6_181_181344,0.8139224712816762,0.6948775055679287,0.828088304368248,0.7761376673040153
6_181_181363,0.8757822277847309,0.7885997634428169,0.945370802238806,0.8956401657131584
6_181_181382,0.12660510748809695,0.40896745604421786,0.1380239600843139,0.47340881797907014
6_181_181415,0.4228181122563803,0.02322777178396903,0.36220009446602597,0.0
6_181_181419,0.4043048476423733,0.014624550540963253,0.34701955399839024,0.0
6_181_181443,0.5397233350971351,0.3720533193249721,0.9919971225609208,0.9781674602252932
6_181_181487,0.9001724562700173,0.819997187456054,0.9334432858054905,0.8854320259510469
6_181_181586,0.7239830053230454,0.23550113015364368,0.7798999385587642,0.4414597567072155
6_181_181594,0.6754730348023733,0.4902599093702797,0.9482639488685438,0.9728313884172116
6_181_181625,0.6102860069335014,0.03848297588755604,0.681174637208634,0.18701285022119232
6_181_181781,0.921499636010677,0.8107667210440457,0.9670391545391546,0.9035373263888888
6_181_181787,0.8860439489207234,0.7546450863695747,0.7960837756419452,0.767773660698826
6_181_181837,0.21264778733944487,0.13605394063700874,0.31355205215700477,0.3662110687878109
6_181_181841,0.9208441222164682,0.7131329850514664,0.9794818826419519,0.9222918631094348
6_181_181842,0.8971671034568826,0.8240829652391012,0.9489582630975659,0.9258101773218289
6_181_181845,0.9392294291617712,0.8671682824482708,0.9753629376601196,0.9248318073751833
6_181_181907,0.8414915788880752,0.846839546191248,0.9299883313885647,0.9321851453175457
6_181_181909,0.7951573086821787,0.7492633590825835,0.8867502793989818,0.8737423203632803
6_181_181932,0.8465729676181042,0.8819878279795252,0.9391556877744723,0.9435016111707841
6_181_181933,0.8967389069375334,0.8661378120021243,0.9547229791099001,0.9382959957664491
6_181_181934,0.865077926785067,0.8557606225466565,0.9285312036041571,0.9241936081176165
6_181_181937,0.8732634556193328,0.8431200701139352,0.9398975211189586,0.9313324727481354
6_181_181938,0.8521251002405774,0.8247104024034434,0.9207246505831034,0.9156362062569556
6_181_181941,0.5320716435781876,0.32503712083716324,0.5515746943849713,0.3694849829004842
6_181_181950,0.9007127339253725,0.8774971261689501,0.9200985715479074,0.898177610645068
6_181_181951,0.8584773971867282,0.7956560491626401,0.9255402160864346,0.8971764527768666
6_181_181954,0.8875272057592499,0.8492101755480559,0.9287653143569804,0.9193778199952506
6_181_181956,0.8658124221391706,0.877964047667138,0.9589681088767013,0.959703305283248
6_181_181957,0.8699919549477072,0.8746928746928747,0.9250523795270877,0.9155700185953368
6_181_181987,0.41147987491173205,0.2067235159068547,0.4464946000366099,0.25536758782529506
6_182_182027,0.8224681484236958,0.7689740337761164,0.9736606142120601,0.9691547927461139
6_182_182070,0.9631015711988123,0.8381471013993245,0.9813227091633466,0.8334088408517248
6_182_182072,0.9579505635003315,0.8502748451269523,0.9755729648192302,0.8922505307855626
6_182_182190,0.5977320551788637,0.5393126177024482,0.9780684878799538,0.9506915983606558
6_182_182191,0.8737605033650592,0.6639497594869054,0.9813968083198853,0.9552796966706487
6_182_182214,0.8150695638580585,0.8414167686658507,0.878421052631579,0.8896851598357356
6_182_182221,0.8565286413546765,0.8444018841554946,0.8627510651247717,0.8486784481426143
6_182_182225,0.7790432047674226,0.559890622915833,0.7889098137685708,0.6387058118633913
6_182_182274,0.7201259484850049,0.4234270685818329,0.7261093045211371,0.47477550196751084
6_182_182357,0.8244083092116465,0.6329826593314674,0.9406071919827078,0.9055641486559927
6_182_182417,0.9303831770635738,0.7887580015908489,0.9722174973067982,0.9159936724669053
6_182_182421,0.9385628436261347,0.774864229553376,0.9836010484575576,0.9301368043564883
6_182_182422,0.8145444714787781,0.579059189658268,0.9028140703517588,0.7016040774209688
6_182_182424,0.7275085102934025,0.47284937376400793,0.803140421713773,0.590195293384937
6_182_182431,0.6287959325167553,0.47675985592825815,0.7217112184069269,0.5216006819948349
6_182_182480,0.7307383627608347,0.3024930274916045,0.9686421861656703,0.8505913091309131
6_182_182481,0.08738851903027257,0.18433316807139316,0.000435997222536212,0.23169681309216192
6_182_182498,0.8179549784014382,0.6410060362173038,0.8896901072705602,0.8061391369983646
6_182_182531,0.9559481496968429,0.7988118811881189,0.9863364831106767,0.901833234772324
6_182_182532,0.8825235678027556,0.6790119760479042,0.9315008118765947,0.8456439393939394
6_182_182566,0.8563991145363614,0.6011041741912182,0.9865366317792579,0.9606539944171208
6_182_182687,0.49964461911531066,0.07961963344212905,0.5020118716184273,0.21029221618825963
6_182_182722,0.8166629403036647,0.5700539518326937,0.9214498695490123,0.7247794757112684
6_182_182727,0.4494946544371093,0.3847191903155388,0.49859305909151813,0.48466111771700354
6_182_182767,0.5158943174669742,0.47597972731815263,0.5325515743756786,0.534100026745119
6_182_182867,0.956064478081384,0.8320936550029105,0.9668063818280151,0.863691113490364
6_182_182890,0.8971692950599472,0.5941745765866369,0.9682617586912066,0.8456183456183456
6_182_182903,0.15212670360940542,0.08031663287962158,0.1623513367160707,0.09674295774647887
6_182_182962,0.8051978322941553,0.543836344314559,0.9495107077010353,0.8994652406417112
6_183_183016,0.9338542684117992,0.8372745270567532,0.9778386454183267,0.9491236325138219
6_183_183024,0.921808214086601,0.8053723182979735,0.8611015235935112,0.7524644627198954
6_183_183025,0.8574091332712023,0.7421862729700016,0.9384153715232678,0.8234045836870129
6_183_183027,0.8685828343313373,0.8124484487024934,0.9413832498462079,0.9040749350471763
6_183_183051,0.09516839713976429,0.17027348394768133,1.5463120457708367e-05,0.1587163102171709
6_183_183077,0.89288906367309,0.7171299948948809,0.9585974949744859,0.8923239330417735
6_183_183192,0.8133384022158258,0.6587042705876449,0.865373412559711,0.7800021584286639
6_183_183264,0.7545630808317176,0.7246058760300967,0.8710312366281557,0.9087011595050181
6_183_183280,0.90558675168935,0.7751746136501128,0.9640247040658775,0.9122498483929654
6_183_183414,0.934808552958727,0.8480019463536281,0.9642239798858101,0.8927757590687935
6_183_183464,0.9228466793436158,0.7528671410927483,0.9847982626585896,0.9255139871924503
6_183_183467,0.7976535444201004,0.6227453378171813,0.9191520828198176,0.7794269045984901
6_183_183470,0.7839605631641539,0.36811005158668125,0.9870274456653274,0.9413935315823746
6_183_183522,0.8718680848026269,0.7760110980685092,0.9139325143834551,0.8335965151102641
6_183_183532,0.8901074234407568,0.733451171011931,0.9415315626077958,0.8580867706359617
6_183_183539,0.9069470572426767,0.783934576582085,0.9658479014531238,0.9131869945535567
6_183_183614,0.8112578977599081,0.7757054041128647,0.9461527948612819,0.9452271926734765
6_183_183629,0.395152251074164,0.1372954634782069,0.4131578342866331,0.21651943880202182
6_183_183630,0.9097197959611487,0.8440710209258085,0.9566911434137569,0.9122503328894807
6_183_183665,0.10966723905880169,0.21800563014291902,0.1583103593290033,0.18867629424951776
6_183_183704,0.42369492511269446,0.30339272638515985,0.616435397656714,0.5835407263677395
6_183_183720,0.895543592044265,0.6546548956661317,0.9327048965697826,0.8497704999379729
6_183_183730,0.3838654177021602,0.3580709094913015,0.5496505532906232,0.6293490927251539
6_183_183779,0.7296893667861409,0.5616671392117947,0.8195424781018794,0.6444285275759746
6_183_183795,0.05636847710330138,0.0936152274717079,0.03679441532983958,0.22071224475573212
6_183_183803,0.9210517306309699,0.7435211959190354,0.9733528016061325,0.8871198568872988
6_183_183804,0.7924326253792611,0.44966309948474037,0.9345685912041615,0.830710692635109
6_183_183829,0.9241808827511508,0.8430593607305936,0.9535482289496262,0.9055900621118013
6_183_183831,0.9248812351543944,0.8212014134275618,0.9783209351753454,0.9422454739450679
6_183_183834,0.9659787084463192,0.8624922950482844,0.9929300253793961,0.9680897887323944
6_183_183879,0.39279329235064103,0.19845065034429993,0.40145321526375755,0.5785274070446105
6_184_184105,0.9242624880453174,0.8776927185330248,0.9721655150753769,0.9399800671809826
6_184_184112,0.9277943018159048,0.8466145612097528,0.9657689403473446,0.9184547499567399
6_184_184173,0.8948340965694545,0.6877064620928772,0.9236862062185771,0.728811652887914
6_184_184198,0.9337700455144838,0.8161120840630472,0.9871017378711079,0.9619992271029242
6_184_184204,0.7366067732052662,0.48332306270220304,0.9261922785768357,0.8715886686728235
6_184_184209,0.0068012011582597506,0.0,0.007427941162116524,0.0
6_184_184223,0.7920468068226895,0.6493897246664775,0.9288899602265879,0.9193287660688169
6_184_184238,0.9055385112223479,0.7818927522037218,0.911457136290508,0.8508390304536979
6_184_184306,0.8786788750817528,0.7640801001251565,0.9233532934131736,0.8534512070724244
6_184_184310,0.8687074434033638,0.7016085790884719,0.9699238158330573,0.9304894890286942
6_184_184311,0.8951273806579273,0.7686542305129913,0.9606944519329271,0.9253149370125975
6_184_184312,0.9456531717616818,0.8675164156044805,0.9747328905573203,0.9351539736045249
6_184_184313,0.7390931606020195,0.5779548850779193,0.7483341559723593,0.7201800450112528
6_184_184314,0.8853113690253338,0.7869619112012621,0.8680620569747225,0.7848317705460562
6_184_184315,0.7756265946270449,0.7353775743707094,0.9109461966604824,0.9366694352159468
6_184_184317,0.8901762008206614,0.7028363553686126,0.9206885137371731,0.8152279027786732
6_184_184318,0.9001673173452315,0.830110497237569,0.8430798078049924,0.7292653478220489
6_184_184320,0.9198878278005154,0.7767809462779024,0.9553585753248837,0.8781380164358887
6_184_184326,0.9271811623792025,0.8714675177870869,0.9599854227405248,0.9136844926953491
6_184_184327,0.8596981848881384,0.6980203260639424,0.928314121037464,0.8353461289626914
6_184_184334,0.8955034832172261,0.7366599021129283,0.908289994566483,0.7810889457630684
6_184_184339,0.9195652173913044,0.8227650727650727,0.9277449959504802,0.8418222813204602
6_184_184356,0.9294390940328122,0.8121526023244062,0.971908677664845,0.9236420002695781
6_184_184358,0.8891882183908046,0.7055427752940666,0.9079908675799087,0.7676252935702574
6_184_184364,0.9113312221719565,0.7446869718436477,0.9427170623108287,0.8257998238919871
6_184_184366,0.90416576732139,0.7728534602419195,0.9546022490628905,0.9094494317886981
6_184_184376,0.9684385069058431,0.8457114835948645,0.9645686832878092,0.7641061561210989
6_184_184478,0.09971837461923098,0.2493843375472008,0.17464830888955402,0.2836032209538979
6_184_184487,0.8706279131456288,0.8606285379660356,0.9042095339590933,0.8994664420106712
6_184_184513,0.8159276902406254,0.8001654680837523,0.9051957295373666,0.926461027233981
6_184_184775,0.9496940404398723,0.7949113699078622,0.9695631056733816,0.8684830633284242
6_184_184950,0.8986555697823303,0.7203568386605101,0.9619595536959553,0.8928981958118847
6_184_184954,0.8702266693894221,0.7335270662972224,0.9605641063406731,0.9077963688145247
6_184_184979,0.8136435422364315,0.5611180642469754,0.9596375236950391,0.8964049195837275
6_184_184995,0.9311530384120317,0.686755296731926,0.9830557777616173,0.9302158596239286
6_185_185021,0.8446435064291145,0.6959421901056142,0.8831779159265838,0.7394346087949742
6_185_185044,0.941302758998721,0.8181163396899438,0.9668626274745051,0.9008453933228256
6_185_185045,0.7325524012363315,0.4205156851791962,0.8393689494442452,0.6203760894928282
6_185_185046,0.1625212457807675,0.048453309006468735,0.06356260213882278,0.1914290969284532
6_185_185054,0.9095195828248086,0.8252547581819162,0.9337806301050176,0.8667595430482028
6_185_185092,0.8068833652007649,0.7109365257513406,0.9196534737557329,0.8394061446234545
6_185_185101,0.9381711409395973,0.848820294482881,0.9741493788178357,0.9365408544172542
6_185_185118,0.8788819237488439,0.5638755094479437,0.9559900527024252,0.8054377002337865
6_185_185147,0.9163285584168254,0.780912632164719,0.9571703561116458,0.8826590271281571
6_185_185156,0.10963026655202064,0.2459884717245677,0.12984905845911796,0.2717163120567376
6_185_185166,0.8044728231519426,0.5207143466030176,0.9666795965865012,0.9030067895247332
6_185_185178,0.9668020062096967,0.8198989469707701,0.990746873048612,0.9486997875139128
6_185_185184,0.34602786218872095,0.13744328306115325,0.008692345303417177,0.14116388180097128
6_185_185235,0.741467415305028,0.6766363921077356,0.7602374283046552,0.7138984852511294
6_185_185261,0.7519385164345022,0.41301757066462946,0.9883583447021373,0.9234264939786412
6_185_185267,0.7981622800186887,0.6342091705306543,0.9343819120176947,0.9039518450667364
6_185_185311,0.08864469965726655,0.15601318810308815,0.09681341928605934,0.1615258855585831
6_185_185320,0.7858528419206547,0.4991261483307192,0.9824073453521882,0.9238504123827816
6_185_185321,0.806950202159783,0.6398512175078933,0.8896688366827059,0.7763176160288742
6_185_185363,0.9458448245935469,0.8121901327878515,0.986547266907087,0.9366108476585655
6_185_185435,0.5173630664113826,0.313334587173218,0.5536827866080487,0.34248818728522334
6_185_185436,0.7645250212044106,0.42369477911646586,0.830755634114008,0.6279210314262691
6_185_185479,0.7472978753743048,0.2661772702555737,0.9424806525831416,0.6462736005299768
6_185_185538,0.9365974729241877,0.8302339143394026,0.9737017310252996,0.9245604470492027
6_185_185581,0.9015223415967503,0.7511050144795001,0.9615542932411295,0.9076148725442442
6_185_185592,0.27722753757376806,0.037583846207039626,0.31852991158818594,0.2496733449477352
6_185_185621,0.4018781544232881,0.15586760905439487,0.4054740688826592,0.2254553593911754
6_185_185660,0.8807228146350807,0.7474591534799948,0.9446374140497625,0.8912030875698695
6_185_185714,0.8700922685332485,0.6970872280184618,0.9678539143012114,0.9193159594305726
6_185_185883,0.1074415612266781,0.0,0.11494963139666892,0.06618113912231559
6_185_185884,0.1863911805504855,0.1582786644472731,0.24195710455764075,0.25121253575425945
6_185_185897,0.8352824231084084,0.6733289840460234,0.9432302591514987,0.8901734104046243
6_185_185915,0.9678560896490711,0.875715359269322,0.9927353414997416,0.9637012427710102
6_185_185917,0.9353652476395561,0.8009301433571463,0.9875022065313327,0.9601649785945494
6_185_185947,0.9101901766996107,0.8742069343941836,0.9676961162290492,0.9529950234298377
6_185_185951,0.44766606608513443,0.0,0.004953967558088557,0.5380336740829825
6_185_185952,0.9118708053691276,0.875,0.9651763648618288,0.9638646951590034
6_186_186022,0.42234278122232066,0.18722152801443953,0.0004570383912248629,0.10872615842831777
6_186_186041,0.09739983344128805,0.04965266931441236,0.2221688850098189,0.2657364565259302
6_186_186067,0.9263291813367259,0.6564868479714668,0.9744380098387198,0.9185071887427347
6_186_186109,0.06610407876230662,0.21584699453551912,0.06819433469817782,0.2134624020757447
6_186_186111,0.9034840808156627,0.7557346559206448,0.9214854837055022,0.8159296750133191
6_186_186114,0.24923210257325296,0.12921145334658116,0.2896345098974481,0.20969010539562688
6_186_186120,0.9551242097765115,0.7630842988413903,0.9841540560654924,0.8387326169405815
6_186_186212,0.9244970559371933,0.8472792607802875,0.9448058348117485,0.881778530043617
6_186_186216,0.9221622277498028,0.8242901128977078,0.9680726800778715,0.8675420875420875
6_186_186294,0.8449364107395195,0.6165883120002745,0.9569009561345887,0.913390470199717
6_186_186299,0.39009432460821863,0.22935543436251987,0.42452873882636283,0.34620015048908953
6_186_186302,0.9060752632842785,0.6399561883899233,0.9950876662636033,0.9837917485265226
6_186_186329,0.9614812365680278,0.841651653113892,0.9740609323381867,0.881762521328917
6_186_186340,0.8586009459795868,0.7770196033076967,0.9371894960965224,0.8891129032258065
6_186_186480,0.5965778289357181,0.34857677902621725,0.6381901184079128,0.4343391578785313
6_186_186611,0.8615213389837764,0.773459608346225,0.9045635384975427,0.8572032595325954
6_186_186617,0.5375384615384615,0.19105857787389538,0.6699633059584135,0.49381047859820415
6_186_186637,0.8173007026896051,0.36262909711574626,0.9181494011154796,0.6876472320376914
6_186_186717,0.4633278861866769,0.32745662058086666,0.6038290368628768,0.46697412246989495
6_186_186720,0.960049989585503,0.8738714991762768,0.9925990045444709,0.9709078163336838
6_186_186736,0.95180851442188,0.8648067544181656,0.9677574413015345,0.9013490725126475
6_186_186738,0.47528800141785316,0.32077405805435405,0.5129503068061281,0.3337033327016271
6_186_186799,0.6396836917905031,0.4039905734485467,0.8200294700472537,0.7100039094739585
6_186_186801,0.9265310481072134,0.8093457325346659,0.9632657696019985,0.8794669264762169
6_186_186803,0.7395681117064459,0.47074157303370784,0.8643979512110426,0.6861586199253814
6_186_186851,0.9240710467017187,0.7026724769580811,0.9763751596272998,0.858073542914608
6_186_186911,0.9436078396116155,0.7657244400363666,0.964119772844605,0.8590582528714593
6_186_186937,0.8889780631353665,0.8230893433799785,0.9264723169154814,0.8821406417413861
6_186_186942,0.9311862927854678,0.8194858214719188,0.963770841168359,0.9055691483164394
6_186_186978,0.8828567981662444,0.7672713717693836,0.920120572720422,0.8053534940743768
6_187_187026,0.6681814876754163,0.5669338378055458,0.8651690844694581,0.8152517886626307
6_187_187033,0.9218754675204213,0.8184103512014788,0.9854038169664482,0.9605711504137595
6_187_187035,0.8038181214217324,0.5036666758219122,0.9593270868824532,0.8782668500687758
6_187_187039,0.9256405036787158,0.801086089697338,0.976473870187837,0.9306381610673525
6_187_187042,0.8806262870591312,0.6842128121606948,0.9296057347670251,0.8200056248242242
6_187_187060,0.8568614014048312,0.7896566869189664,0.887153270851084,0.8365281398558503
6_187_187068,0.8889588695985542,0.6576132845482691,0.9215815092423926,0.8038062283737024
6_187_187069,0.9114836692147325,0.7236317747077577,0.9294227188081937,0.7832598547717843
6_187_187085,0.8721923335574984,0.7272290758661446,0.939058586009646,0.881137158711649
6_187_187089,0.0,0.0,0.0,0.0
6_187_187092,0.9131242158092848,0.84464366204237,0.8227739265946585,0.7171755564001858
6_187_187105,0.7791411042944786,0.5539780337530137,0.9425374549592263,0.8835125448028673
6_187_187173,0.7481671554252199,0.65319323072049,0.8799228983221623,0.8203703703703704
6_187_187187,0.847926267281106,0.8265669515669516,0.9079596149330829,0.9283870540737309
6_187_187192,0.7779287248831037,0.7415748198389148,0.8474139132859334,0.7804120633024784
6_187_187262,0.8518958283859732,0.7170345852851252,0.8859867581850209,0.754900515843773
6_187_187270,0.9082675529705027,0.8677701674277016,0.9682298192231967,0.9607804180243186
6_187_187278,0.9284776670096143,0.7976477256624628,0.9889959258272094,0.9685174585002863
6_187_187296,0.662483455071327,0.47276395427034296,0.6807724859582981,0.45553163299105665
6_187_187445,0.9221170160363418,0.8038557130382212,0.9430927593870628,0.8657169715814592
6_187_187483,0.9216651046547953,0.8010564274467977,0.9738660635758261,0.9341070348165668
6_187_187579,0.5537270087124879,0.36490189023883984,0.5840979672501412,0.49169984857831867
6_187_187587,0.8627606958807457,0.8280742111316698,0.9658813026433257,0.9634918496564732
7_187_187609,0.5694321206743567,0.2405452946350044,0.5613226526207982,0.2574156154108421
7_187_187644,0.8676481522789798,0.8277986388171791,0.9380589055705965,0.9232943837165473
7_187_187772,0.9548221723806473,0.871762814788355,0.9382770381780173,0.8079374275782155
7_187_187858,0.8959865789134082,0.7779772591262717,0.9882974168688454,0.9493278651173388
7_187_187877,0.8014088322947711,0.6485298510647378,0.9239891503185517,0.7944699098033418
7_187_187891,0.9059747679124018,0.8685922642453707,0.9597063343008366,0.9474755086661643
7_187_187936,0.8859813084112149,0.8391766195167594,0.9461343059988276,0.9203513909224011
7_187_187965,0.9600678525582248,0.725182034460385,0.9809182923649465,0.7584575502268308
7_187_187975,0.8479229458786529,0.8286445012787724,0.8863890337480445,0.8827938055894171
7_188_188008,0.1455307648930171,0.03474570423021186,0.11934723797888123,0.053383819529625086
7_188_188009,0.4069545769210288,0.1816248766713163,0.936587658963828,0.7962753551487738
7_188_188016,0.8817465576908917,0.8137694194603434,0.9237575757575758,0.8419230769230769
7_188_188041,0.6110000571134845,0.46965146965146964,0.8128861429832304,0.7902331341194206
7_188_188045,0.6059729644765797,0.44390851940169085,0.8808988764044944,0.8283425056652638
7_188_188053,0.7204466692337312,0.37270854788877444,0.8078936770036247,0.551367666478023
7_188_188076,0.9200199327270462,0.8385636872506401,0.9650539413594547,0.9310169921379661
7_188_188077,0.8638764268271907,0.8073425558672729,0.9173829695133263,0.8900056407363724
7_188_188080,0.9421289984268485,0.8006526362103101,0.9371044216561915,0.7907264521764449
7_188_188150,0.6303877072765566,0.2463204920290077,0.9313973624617025,0.8023173479240425
7_188_188152,0.12054733397783893,0.0,0.21768616128382462,0.0
7_188_188170,0.3980832782551223,0.2864945614116988,0.9578370905997448,0.9024063317801749
7_188_188171,0.8895711500974659,0.905589946184714,0.8485466051700097,0.8221978941945455
7_188_188172,0.8628735886650432,0.8790630158820516,0.8530960507069723,0.8249815661406872
7_188_188221,0.8882047958522359,0.8244446365286542,0.9501688205844685,0.9236627043090639
7_188_188270,0.10322005854651903,0.09816500074593465,0.12718559089951548,0.16089120211843128
7_188_188335,0.7523022751895991,0.596277145811789,0.8925605230606114,0.7882569466265655
7_188_188357,0.37433489153615823,0.36928296197017924,0.40509767793447193,0.39185424979296846
7_188_188375,0.7829348746241644,0.6348454828500116,0.8390409859742594,0.7050045097985623
7_188_188376,0.7602584250043652,0.4760799390664104,0.9292238431236743,0.8430157746747367
7_188_188443,0.8468755531952558,0.8210512809546213,0.9283255719781333,0.932348583070939
7_188_188465,0.7136334936130944,0.6350922470616956,0.7796591350691168,0.7313601925936416
7_188_188612,0.851718088948509,0.867937206035062,0.8952271420356527,0.9062197873026103
7_188_188629,0.8580072766893009,0.5209571349338404,0.9774095381949843,0.894060677932602
7_188_188631,0.9215598386373823,0.7520667483159829,0.9759139784946237,0.9281326264411344
7_188_188644,0.9293219132273306,0.7312322722975102,0.9766059047706507,0.9376894248003911
7_188_188671,0.6596741660201707,0.48281722054380666,0.7012368207623683,0.6046720191322172
7_188_188715,0.9160023062088709,0.6880514705882353,0.9708281986996983,0.8815905272421793
7_188_188770,0.9558570563294972,0.8169832051483283,0.9834702489450423,0.9171335723890632
7_188_188794,0.7424031998222321,0.5411249014972419,0.9677181059318903,0.9396012895585236
7_188_188816,0.7879399631352585,0.4436564223798266,0.9596570297900406,0.9564221933908266
7_188_188817,0.8642806267806268,0.6603809075946391,0.9469301565799434,0.8456905503634475
7_188_188821,0.9094546610843182,0.7356691470665221,0.9654602921495486,0.905433360070925
7_188_188829,0.9281546543740526,0.6850958710739913,0.9520959401474309,0.8114113893879946
7_188_188858,0.91732806375328,0.7475767571682315,0.9680661087573095,0.8676708451273757
7_188_188878,0.8496164908916587,0.6870328680774426,0.9183784076743808,0.8810668602013971
7_188_188879,0.944738476094734,0.8101681016810168,0.9812484579323958,0.9346383904295813
7_188_188898,0.9123042625768849,0.7194050033806626,0.9777337951509154,0.9204767286550909
7_188_188900,0.9214960748037402,0.865894708496028,0.9720714969677625,0.9563220545505671
7_188_188931,0.8056582343830666,0.3644630989856593,0.9411467286884417,0.7425804158521414
7_188_188996,0.9648936546696394,0.7324969292858396,0.9838845240270419,0.8584615384615385
7_189_189052,0.5509022353891732,0.22358467883630176,0.6591946417479136,0.320802454378835
7_189_189055,0.8060552977937695,0.5314659755449229,0.9195558576931793,0.817362694881669
7_189_189091,0.7925230967557115,0.5583787950664136,0.8439053284915914,0.6280639542117705
7_189_189111,0.6348180839285985,0.4467651178219525,0.7228486750960139,0.5955204216073782
7_189_189150,0.8216276477146043,0.714013671875,0.9224065438422139,0.8812813033188398
7_189_189216,0.6743407766430096,0.21688951968327483,0.73514726330426,0.5154159394997091
7_189_189231,0.8695994667636188,0.6647085115892982,0.9269597421301694,0.8474564970998066
7_189_189257,0.5345740973093546,0.5137984965440694,0.5450158807720499,0.5640057674662472
7_189_189291,0.33627004046509246,0.3824712342181653,0.41709348966368404,0.41611286826113225
7_189_189358,0.9042859099000411,0.747485485321776,0.9772210416433658,0.9440531561461794
7_189_189395,0.9584328328004209,0.8107419127988749,0.9746170494421215,0.8085097785679651
7_189_189445,0.7193161520796122,0.7475409836065574,0.9014394580863675,0.9257651096015127
7_189_189447,0.4561164429238308,0.1514017563448713,0.491894321209592,0.21967180768851327
7_189_189451,0.9344868953457636,0.7617423154266015,0.9811871832316811,0.9256285324498148
7_189_189454,0.8989322979859258,0.7990981396297387,0.9286070762522655,0.8764277363072219
7_189_189457,0.8893070215695273,0.5558164524216977,0.9630421938349326,0.7619499412668294
7_189_189629,0.916164641739306,0.8019603920784156,0.9645346748113547,0.8838847035702587
7_189_189652,0.9163027910713661,0.6972482801751094,0.9701396995142524,0.8270359969364309
7_189_189653,0.3923049687241827,0.3046390473827834,0.42682581740539705,0.41264837708713
7_189_189654,0.9186788967037242,0.6727592666174718,0.9725755305432624,0.8690293666705979
7_189_189656,0.9459695141093167,0.7960782104017581,0.9761974728181017,0.9189725627553998
7_189_189668,0.9266968802698144,0.6910510972993785,0.9787234042553191,0.8343617322388904
7_189_189749,0.8301006629020378,0.8623537508602891,0.9165151727031184,0.9165847263192396
7_189_189839,0.89822152241811,0.7024259721726721,0.9561746361746362,0.8304980133472206
7_190_190013,0.9174008112561794,0.45656706045865186,0.9811812739093888,0.8174529906224187
7_190_190099,0.8727330420561888,0.7171370967741936,0.898826548341397,0.7800146636524714
7_190_190101,0.8332382799133112,0.7984912561435593,0.9465337259100642,0.9457428701897131
7_190_190106,0.725422138836773,0.5174597740499829,0.894384858044164,0.8038740920096852
7_190_190188,0.9253507197538552,0.7636587550380654,0.9863440817776374,0.9538147486603725
7_190_190198,0.8471491808860807,0.6090848251631253,0.9126461386464679,0.7709512506846814
7_190_190257,0.9104376233140343,0.7829402743813985,0.9563431276980922,0.9044223826714801
7_190_190266,0.9158405826421202,0.8231429169282276,0.9548612609502438,0.9117483176889117
7_190_190268,0.7843514575827055,0.5906789606035205,0.9603366001334086,0.9303230090594318
7_190_190361,0.5936313791649093,0.48223298496048944,0.7806235011990408,0.7735185897083859
7_190_190363,0.6133333333333333,0.6513617318435754,0.7336832303394565,0.7644270706083557
7_190_190595,0.9036813264015737,0.8521551159439277,0.9527062931754346,0.9100835804799138
7_190_190605,0.9211406335501915,0.802917125334172,0.9481978367622044,0.8552933400723145
7_190_190623,0.9611080429032351,0.8689720653640498,0.9923399378750867,0.9569445166658
7_190_190712,0.641200230813618,0.5055605055605056,0.5265814797286639,0.45893781966738506
7_190_190778,0.5056129096922922,0.4043193902037359,0.5411680361771356,0.5081376997435392
7_190_190781,0.8758655150260547,0.7370325693606755,0.9717735486966256,0.9440577468419695
7_190_190783,0.43378292446199673,0.20948523423770948,0.8004126547455296,0.6032479066226846
7_190_190869,0.8829363240337381,0.753525155645297,0.946911196911197,0.9083725503968533
7_190_190902,0.9678064031026159,0.8399131464666404,0.9707303153217424,0.837439115773698
7_190_190969,0.7733114997219305,0.4270045123221104,0.9755733584668552,0.8493909191583611
7_190_190978,0.2933608447627139,0.30720761267922586,0.0011655399780212462,0.16889549281822686
7_190_190999,0.019322958920274358,0.0,0.020676670537435597,0.0
7_191_191004,0.8369316738633478,0.6811847432346048,0.907198990977006,0.831602750473026
7_191_191005,0.8895316549426139,0.7680638911204575,0.9450978378100765,0.8949946425838053
7_191_191007,0.8104263365996218,0.5919493168986769,0.9599079519304525,0.93935790725327
7_191_191008,0.8809016250218417,0.6952786253412558,0.9437878904151639,0.8851119671506582
7_191_191009,0.737356205852674,0.54672229304284,0.9135378783998361,0.855054094427595
7_191_191025,0.8102794066919627,0.615203893270683,0.8746640119462419,0.6665591001290798
7_191_191094,0.7005242841504868,0.1013586629794397,0.7209692008837878,0.1957488410230534
7_191_191137,0.894991652754591,0.6448230668414154,0.9368751987000601,0.7215914700365288
7_191_191154,0.9317796610169492,0.8196267793370555,0.909540406906055,0.788465250965251
7_191_191174,0.7679450055324057,0.6739012682343712,0.8647755815223327,0.8510506439430618
7_191_191197,0.8194569764580428,0.425367492650147,0.886249611508236,0.6221439355812783
7_191_191272,0.6191051454138703,0.3086866227441994,0.6978249283013122,0.5032640949554896
7_191_191278,0.8476532567049808,0.6182915347085509,0.9499324141659908,0.9191833712381657
7_191_191307,0.8433520619563095,0.4242389387316923,0.9253060910187633,0.7619543188913841
7_191_191341,0.7217133273126048,0.26546152417507585,0.9360920034393809,0.7058239412144383
7_191_191373,0.45056428719795055,0.43865568026990204,0.4720669356928659,0.45857204460050516
7_191_191513,0.9139388401161842,0.7888888888888889,0.9636599838488817,0.9158655927946653
7_191_191527,0.47084601086200273,0.0026613987433807993,0.5267854030880764,0.029567925997593034
7_191_191528,0.8323889599707549,0.6246298788694482,0.8928757150286012,0.8510264169461029
7_191_191563,0.5326610185809184,0.17144402379664683,0.725611783481846,0.4465882352941177
7_191_191567,0.8597719628540604,0.5106704574081405,0.8905332993110487,0.7002681572685727
7_191_191576,0.8254906333630687,0.7482749210557094,0.8834430315036105,0.7894569416041809
7_192_192101,0.8650708791777325,0.8222267268028176,0.9590672576604355,0.9424972914409534
7_192_192173,0.5515354211006385,0.15850079024610522,0.43534002229654406,0.036753610691959475
7_192_192202,0.8681839511966213,0.7747471936172187,0.9089194004821297,0.8576800976800977
7_192_192350,0.9191092609489051,0.7229854128310438,0.9693032072644999,0.8851989389920425
7_192_192365,0.9382376717865805,0.8315460992907802,0.9707296499367356,0.9168948684367186
7_192_192428,0.8203614300626305,0.6629254605343419,0.8934374884852058,0.7811100209035451
7_192_192549,0.9356115582530676,0.81218993621545,0.9789787682049482,0.9265026305999894
7_192_192563,0.23082659175055711,0.0,0.24074409014451337,0.0
7_192_192564,0.28098363867933773,0.20949179887066416,0.31077684834389885,0.4065634581172641
7_192_192682,0.8321782178217821,0.61873168574114,0.9488970826056019,0.9007495835646863
7_192_192719,0.9497157498598767,0.7904374364191251,0.9838249486006797,0.9397676639083387
7_192_192727,0.7966116271069832,0.46855531686358753,0.957302573943515,0.8193450528935905
7_192_192856,0.9117535708139735,0.795459506657935,0.9505709023941068,0.8964137993727558
7_192_192869,0.9095904095904096,0.7664856477889838,0.9778562695285966,0.9508426966292135
7_192_192893,0.9711011068079501,0.7944103324158374,0.982130958870919,0.7941176470588235
7_192_192895,0.8805710780973149,0.6123778501628665,0.9532020631753323,0.8137575452716298
7_192_192907,0.8970716510903427,0.8538017263264788,0.966996699669967,0.9553116027698024
7_192_192928,0.41869777158774374,0.21995192307692307,0.5996543778801844,0.4142502071251036
7_193_193017,0.7956341892943442,0.6261532153352013,0.9001587931718936,0.842833359758998
7_193_193020,0.1288597619813445,0.10966087733342615,0.14033127806303305,0.09435420372692543
7_193_193048,0.6198382622963629,0.5293464255564936,0.603894792129611,0.526392827737627
7_193_193104,0.29512076881398464,0.10051963048498845,0.35606439701137127,0.19699505173189383
7_193_193139,0.12362847222222222,0.0,0.13587360949455246,0.008121791716475634
7_193_193494,0.9300534227854392,0.7993233048328837,0.9420237548395564,0.8235023465537867
7_193_193944,0.9238793414253095,0.8207563072427937,0.9771337954318746,0.9365890083632019
7_193_193945,0.7545535537517323,0.5510115680578912,0.9055630327501122,0.8732713856244876
7_193_193972,0.9621223857474825,0.8878023876845743,0.9942133040426501,0.9731379731379731
7_193_193991,0.3670487685155776,0.33057126572844053,0.9166907723459647,0.9182045611109096
7_194_194027,0.09558303358807528,0.0,0.09968513919341598,0.0
7_194_194034,0.23422896259839363,0.10345464622205801,0.27754563239567703,0.09857887128010692
7_194_194103,0.8284781188765513,0.7886795743938602,0.9454630205096333,0.951454421636346
7_194_194181,0.3871614196134204,0.2810056757311208,0.5214886908160985,0.4567105778009652
7_194_194183,0.9398200560090568,0.8503209242618742,0.9664267834793492,0.9329378956221505
7_194_194203,0.00033893709327548807,0.034141137021795456,0.0004404987801572242,0.038145271813613525
7_194_194215,0.9387405791900174,0.7892552560769828,0.9738015445140609,0.8764933000227118
7_194_194229,0.7822780136606978,0.5843095866314864,0.8889734805227762,0.7212492702860479
7_194_194243,0.8758139534883721,0.7727496595880291,0.9504560530679934,0.9190867343638833
7_194_194244,0.8552457841324933,0.7802569977089352,0.9422894985808893,0.9224137931034483
7_194_194269,0.8132581983251155,0.7820627802690583,0.9459935155164428,0.9239221808574517
7_194_194271,0.8688615299488173,0.8583058400102832,0.949939135727328,0.953530560982417
7_194_194272,0.8434707216219821,0.7726022966197639,0.9665688696726374,0.9617747440273038
7_194_194797,0.07808103545301069,0.39880496399571014,0.045026784421601275,0.21068929923156327
7_194_194808,0.43394663882187734,0.12382617040235794,0.95628063971711,0.9216173480912582
7_194_194833,0.865538907684872,0.8205369127516778,0.8845455516394318,0.8235615316360658
7_194_194854,0.25429868870860756,0.004885038754640787,0.006192437054034514,0.5936068590220412
7_194_194859,0.8835989375830013,0.5799570166361537,0.9787507730364873,0.9139316983257386
7_194_194899,0.39115132369604777,0.07181599725369035,0.527135014939893,0.2720924908424908
7_194_194908,0.9443068377992945,0.8088253941417642,0.9703726968174204,0.9252760421124712
7_194_194993,0.4256280346210682,0.1317914774224551,0.4851982661743458,0.1878016923164291
7_195_195096,0.8874867864693446,0.6223238129724347,0.9158878504672897,0.7664870641670749
7_195_195176,0.14394274970715334,0.21855300164872465,0.1432955225051226,0.19896399456521738
7_195_195198,0.8298588893005086,0.358398138509583,0.9928898943583736,0.966366395770097
7_195_195319,0.2844715876367825,0.041716036772216546,0.2318819318115134,0.0
7_195_195335,0.7052082510076662,0.5148283480625425,0.8964597995308168,0.7647592612362549
7_195_195396,0.9178774883185048,0.8412363680183166,0.9651937457511897,0.932633973710819
7_195_195416,0.9529715949156526,0.7791609822646658,0.963805276848755,0.826305353602115
7_195_195452,0.738971052964227,0.4302083836967558,0.7532586656367674,0.4872857792831505
7_195_195501,0.42443344222131485,0.10155896507753692,0.44846278317152105,0.1601225740551583
7_195_195610,0.8390252176863056,0.8431227681320035,0.8220843196212654,0.8701283079390537
7_195_195611,0.8879167941266443,0.8128558969886626,0.9672982266873441,0.911428882122662
7_195_195659,0.7983870967741935,0.5607941374411127,0.8446686380240042,0.7180786465094853
7_195_195718,0.5001442834881976,0.2871432056599171,0.5034697718183957,0.40362212432697014
7_195_195808,0.9422443952222245,0.7027332400731734,0.9810357561802147,0.8635294117647059
7_195_195809,0.9630476270368895,0.7924128751210068,0.9650422127696328,0.7421408450704226
7_195_195812,0.9600016031421587,0.8141626794258373,0.9782122905027933,0.8728142208482272
7_195_195813,0.936661852692387,0.7546462513199578,0.9729377595613583,0.8352188623387609
7_195_195882,0.9026841286307054,0.8350284433718325,0.9661501106905663,0.9607697082557418
7_195_195886,0.18674741464796712,0.32707535596118814,0.8560885608856088,0.8926480716253443
7_195_195985,0.8050584996558844,0.8481422235148695,0.9019750795334041,0.9519351524146592
7_196_196096,0.1606361829025845,0.07969911017337859,0.008616111359570662,0.3265481276937142
7_196_196240,0.5939413035649982,0.2406033085955472,0.700086354263962,0.3482936266900632
7_196_196386,0.8890225322748777,0.8729612781537779,0.9593358785403534,0.9586219144024152
7_196_196416,0.8325439361834726,0.7477159949914205,0.9535745422842197,0.9568007899284128
7_196_196513,0.7957000982211067,0.44272967487458353,0.8725097200036167,0.6473548387096775
7_196_196614,0.8680032957978577,0.6926605504587156,0.9180190430564704,0.8193544516438684
7_196_196631,0.9014705882352941,0.5410776480229461,0.9872759492199983,0.8700982052150356
7_196_196740,0.19530575289037472,0.09097440318574625,0.2018424011763688,0.08663328197226502
7_196_196751,0.7297141207045914,0.3800462921213214,0.9611176940670727,0.8541387879946473
7_196_196775,0.9272904589044807,0.84862539114886,0.9402438326369412,0.8505081354325733
7_196_196776,0.7254425636387131,0.466884176182708,0.8125783961961436,0.5660843071464383
7_196_196820,0.9367654770350721,0.7736463421038811,0.9581094559377111,0.8562358527024789
7_196_196827,0.9649433776464795,0.8879259615899,0.9894797375008457,0.9633037818426664
7_196_196847,0.768019884009942,0.46145374449339205,0.7779076009726213,0.6006834369467661
7_196_196980,0.8544923172297746,0.8317795275590552,0.9482689412945309,0.9332659932659932
7_197_197004,0.9542465918687417,0.8545010300388061,0.9672254190642983,0.9025928869461554
7_197_197020,0.9432399468443377,0.6162836249673544,0.9852006468840498,0.9309824627569301
7_197_197036,0.8143694573876447,0.43729857819905216,0.9231515091243598,0.7392585181479628
7_197_197085,0.8338379411999044,0.7435887562572199,0.9219315713251267,0.8715635738831615
7_197_197087,0.9347918825035042,0.8190852224834746,0.9798720298382688,0.9381065651760229
7_197_197089,0.8728978491940715,0.7383268482490273,0.9855646759128219,0.9636610169491525
7_197_197102,0.8985965269990145,0.6947052315473368,0.9344315595534843,0.8594508555511341
7_197_197113,0.9377287249491723,0.841015854374633,0.9901325932778292,0.9770575966629231
7_197_197114,0.7203011056222065,0.4405951465905348,0.9704513125565757,0.909849123793459
7_197_197134,0.8476792055560793,0.606177805280528,0.860287482274075,0.6460200597524541
7_197_197135,0.9526740775609226,0.8359884596086302,0.9796881489032355,0.9244535428911048
7_197_197182,0.8196297086757016,0.5157348839036656,0.874849755210929,0.6480811311227066
7_197_197186,0.9682119205298013,0.8319054919289386,0.9860453828418881,0.9003799071338118
7_197_197349,0.8926335648743675,0.5930918281381634,0.7473690576992863,0.3357110609480813
7_197_197350,0.29177900369156745,0.26388816305199897,0.3037915845857589,0.5202153332095786
7_197_197374,0.9327468660655377,0.8366980464711324,0.9334292744069449,0.7555184930834886
7_197_197381,0.5562497458901975,0.394071580682833,0.5895212259386453,0.49914997166572217
7_197_197390,0.8475768343162753,0.5790563108623041,0.921482259759153,0.7816893550546753
7_197_197411,0.2524270025113385,0.0,0.26514588228296104,0.2495260194119811
7_197_197500,0.28985274258890104,0.3389559400901556,0.3100407055630936,0.33441015062468377
7_197_197514,0.7890929588050166,0.5143098060612072,0.8839026450556993,0.6170320404721754
7_197_197520,0.6276812951886815,0.3657549702369373,0.8354396789066906,0.679204699004495
7_197_197546,0.6445755787562415,0.2123220857535583,0.7871166589613191,0.3889113855706283
7_197_197589,0.9161130571325039,0.7844459686023472,0.9463254042539457,0.880530798177857
7_197_197633,0.8888368096242482,0.8499306351408408,0.8956793879857429,0.8606141199226306
7_197_197636,0.8906659258671323,0.6345435818205227,0.9656338028169014,0.8338325488518044
7_197_197678,0.8868194842406877,0.8528312086130005,0.9515978901644431,0.9389930522508804
7_197_197679,0.9149737032071775,0.8776362038664324,0.9533835413116376,0.8958315088886942
7_197_197680,0.8697118682826435,0.8518924849149753,0.9553526128868595,0.9528327097808659
7_197_197682,0.8907353331563579,0.8723700433520264,0.9365498250243819,0.9355911074174111
7_197_197687,0.9073087577242702,0.8650198310053457,0.9574685847500995,0.9261691008977623
7_197_197710,0.8736603301259486,0.8334700056771589,0.7178077332387371,0.6757162592347888
7_197_197734,0.9456253199492533,0.7675324100703509,0.9857651245551602,0.9337496877341993
7_197_197741,0.9552249584747599,0.8457280541807762,0.9762173128944995,0.908634990034077
7_197_197748,0.3690955104668003,0.2347117171828705,0.9463711529627928,0.8526494602443969
7_197_197852,0.966565139138862,0.8982706002034588,0.9910669620524548,0.9692031021692705
7_197_197860,0.9262907108120056,0.7779313323256316,0.9680527644664296,0.901000599437451
7_197_197876,0.9121437801809155,0.6209974110914294,0.9702012880970293,0.8767469879518073
7_197_197897,0.8685750186515884,0.8406785693101607,0.9511960887026366,0.9508668711272454
7_197_197974,0.35924879977407514,0.21324008904679453,0.43897565336278066,0.3215194008259642
7_197_197995,0.943799722647982,0.8599703849950642,0.9371626976638865,0.8524290998766955
7_197_197996,0.9236862952204912,0.7540398599515217,0.9753974097977217,0.8713350606845766
7_198_198044,0.9456703511848921,0.8070443169332194,0.9895909188263011,0.9390171699230314
7_198_198073,0.6130750114114724,0.4273313718682042,0.8344499756709212,0.7429470880251846
7_198_198095,0.46871952784192966,0.37496800614282055,0.6161773679571496,0.6542480065988452
7_198_198179,0.8301004332414337,0.3533972609357262,0.9587748723031181,0.7543730078519786
7_198_198183,0.9303005008347245,0.7096614040313772,0.9757956073509637,0.8331741483603948
7_198_198209,0.23863931446377565,0.0,0.27654132379662744,0.012607169988785588
7_198_198394,0.9304433282376064,0.8633449026413318,0.9785527462946818,0.956843557897378
7_198_198400,0.870057590862895,0.8301747779460521,0.9662853371466286,0.9167736508920271
7_198_198450,0.8925931800158604,0.6274898878119515,0.9464937526323178,0.7396505174741262
7_198_198494,0.8851983465080862,0.6913234706117553,0.9770760895932724,0.9333565742838882
7_198_198520,0.900183430143687,0.6561355513391872,0.9689518132141083,0.8823177122323701
7_198_198545,0.6722105143247707,0.515266984206568,0.7042934581742023,0.48618859096634875
7_198_198568,0.8515791472393932,0.6442641616851694,0.9082247759239609,0.7681013122877857
7_198_198603,0.5293431114672427,0.17277332051613858,0.9789504316616549,0.8310777491644293
7_198_198638,0.8953962980541054,0.7702224358694227,0.9441476701750674,0.8967090573730706
7_198_198640,0.40203357594820965,0.3005883546358288,0.43591209868474795,0.4005727012408527
7_198_198642,0.831392235609103,0.8976413944417357,0.9313201295278258,0.9665558317461342
7_198_198659,0.2006010348645412,0.15482706088134063,0.168712835056262,0.02283156548559392
7_198_198720,0.4995706516553764,0.7125739075674352,0.8984082804209794,0.9716411191925892
7_198_198728,0.652459300812538,0.24141499670712202,0.7407747866053841,0.39762766768292684
7_198_198748,0.6389077202592401,0.5050267168018998,0.8477578556224972,0.6984157885771299
7_198_198769,0.9301486440485646,0.7007334725797834,0.9671427886689354,0.8519174041297936
7_198_198781,0.960455836359061,0.7977959051374858,0.9834100356294537,0.9436910193112931
7_198_198918,0.9186454733932273,0.7303509979353062,0.9598181765202949,0.8518997033208919
7_198_198953,0.9214309097943514,0.8246023688663282,0.9796918767507002,0.9555746940826066
7_198_198958,0.4125353911064231,0.17670564585325194,0.9828792219039371,0.8671661593693905
7_198_198970,0.9162838834070546,0.5677834816682361,0.9656598263008224,0.755349552982559
7_198_198998,0.7985434403528567,0.4107059373539037,0.9720339519858111,0.9003657385559226
7_199_199045,0.8705768782663693,0.7130499565415339,0.9630950593182159,0.9183826986365773
7_199_199048,0.9042200336786242,0.6251208897485493,0.9276681708468885,0.7145622327256358
7_199_199051,0.9676407357273669,0.832958311172933,0.996415770609319,0.9800802139037433
7_199_199059,0.6146840148698884,0.33228982351073,0.9697379710910171,0.8774634943326867
7_199_199073,0.22705625,0.0,0.2292744805998031,0.0
7_199_199143,0.5012214122218162,0.0352427597955707,0.719748408317144,0.2239755809600599
7_199_199241,0.8592459884717246,0.8728215767634855,0.9391803706604019,0.9426211693110194
7_199_199273,0.8116650559945426,0.6638922781941782,0.9733009708737864,0.9519230769230769
7_199_199281,0.20839840594539286,0.059094802802192,0.22749151040897683,0.06738890006032576
7_199_199309,0.9582586427656851,0.8030832803560076,0.9922026549009166,0.9738609548012344
7_199_199366,0.910367566247405,0.8546511627906976,0.9605384716906428,0.9364388794567062
7_199_199393,0.34129821958456974,0.0,0.4104369711898897,0.23958065676550697
7_199_199395,0.2784340858809762,0.023819207890589254,0.0,0.35488468515159366
7_199_199412,0.39421014492753625,0.0,0.3980580393075088,0.0
7_199_199422,0.2919047151139123,0.11391496263993406,0.36334348846167314,0.1886692668738018
7_199_199442,0.7464651940190631,0.767599645704163,0.9632611677700245,0.9511962937107318
7_199_199464,0.5532712511938873,0.26203607853785194,0.9454697635488596,0.838350495147066
7_199_199546,0.5675979262672811,0.31166263353597357,0.7902301170771094,0.48834997622444126
7_199_199569,0.8409770910552404,0.6783522410265947,0.9173527715139755,0.8270169040461288
7_199_199642,0.8825842194620678,0.876559924652696,0.9520494214551873,0.9529164607019278
7_199_199643,0.9162851243379119,0.8722025403957487,0.9453865100416825,0.9214384385722562
7_199_199669,0.9251829973031976,0.7218294864151265,0.9725715227060567,0.8974730737365368
7_199_199691,0.888933030646992,0.8016702647426429,0.9699703488738881,0.9432469474208821
7_199_199692,0.850702048177251,0.8216760502381983,0.9529183170166654,0.9465315394024113
7_199_199936,0.6541935483870968,0.4678033371132351,0.9830381266886821,0.9774299489902872
7_199_199947,0.8778095627298733,0.8573288206196303,0.9287052734897832,0.9081619022174726
7_199_199952,0.6301521876981611,0.09677798337592151,0.6181863423585947,0.07869604342651455
7_200_200012,0.8142979615164794,0.3943733092876465,0.9307874158937989,0.7453297750667175
7_200_200055,0.7581471043543841,0.6073071810776729,0.8545578540577404,0.7654855692043461
7_200_200346,0.9486581503010895,0.7597997313469288,0.9798512313136419,0.9011086869406474
7_200_200378,0.7907726514730405,0.8208627045204682,0.9427153206332171,0.9606821749678892
7_200_200384,0.9194886959839741,0.747277338505147,0.9526712083183937,0.7882403992189195
7_200_200407,0.6023627158250032,0.46282882195958824,0.9357187434990638,0.8284982935153583
7_200_200443,0.753114111823905,0.22245591794398986,0.6587359719569937,0.049291369156761654
7_200_200555,0.571562591615362,0.792995370965668,0.4647678795483062,0.6668122050748123
7_200_200585,0.6848633484482242,0.36260672591043736,0.9498061773164936,0.7849561356005632
7_200_200654,0.8103250015130424,0.7290968274789875,0.8977906117789268,0.8801724591198276
7_200_200663,0.9181773921012687,0.7735010515455736,0.971724904309174,0.927899293212329
7_200_200704,0.7392445532049258,0.3609828496042216,0.9857906723437965,0.9442680603721976
7_200_200707,0.4891610958692376,0.2884760560606558,0.9382057565710442,0.800263627200124
7_200_200717,0.8947999563937643,0.6147941072062478,0.9746386529578305,0.9062271474377004
7_200_200731,0.9532177805730776,0.7968737442738889,0.9210717009916095,0.6936857449746816
7_200_200745,0.9073227657298454,0.7382386786705476,0.9594622868500889,0.8887614678899083
7_200_200846,0.8866477084848886,0.7624132824070465,0.9287494502272394,0.8352741387675886
7_200_200848,0.7999124582808995,0.7896592743648568,0.8897778365511769,0.8639420831387202
7_200_200910,0.7693219535324799,0.765596469872185,0.9342777858916314,0.946672391584371
7_200_200932,0.5856513291949011,0.4910678997707691,0.598459953896709,0.51092789919888
7_200_200933,0.8894498442955553,0.814537980005606,0.953619733637353,0.8951811297091312
7_200_200940,0.9066171102409238,0.848117558725732,0.9701802059496567,0.9453717754172989
7_200_200941,0.9320074005550416,0.8430314775048448,0.9889723958699164,0.9789535223618825
7_200_200973,0.9101320812672781,0.7446393762183235,0.9429023845007451,0.8427067460867156
7_201_201035,0.03518646408839779,0.5944716058668672,0.0009653927679489601,0.7266851031219804
7_201_201080,0.9475409836065574,0.876632723783121,0.9763112620759627,0.9350850077279753
7_201_201121,0.9001816784291804,0.670865501828525,0.9467075377626768,0.845133593900173
7_201_201126,0.9403398519866044,0.8353092331951176,0.9655473179241169,0.9006988757216652
7_201_201151,0.8809232785955962,0.6936333724488623,0.951619211514393,0.8958923687258211
7_201_201161,0.9135081591157916,0.8302798576814827,0.9548761915505669,0.9314502808060786
7_201_201213,0.4259716080986735,0.26312958106381545,0.5961906648181158,0.5445240278569481
7_201_201231,0.8586445366528354,0.8085361287907151,0.9228737453777074,0.8817955512727856
7_201_201292,0.8196759152393703,0.6239225410319991,0.9747144283020961,0.8536156923977749
7_201_201326,0.8565371834536496,0.8726774291806275,0.898543046357616,0.8128368853138734
7_201_201366,0.9359242442346756,0.8189750794941951,0.9733841501826886,0.9180276749171702
7_201_201394,0.8623981268854969,0.8303268065431364,0.9206244614526838,0.9480477223427332
7_201_201412,0.1046633341878151,0.09547208759648178,0.10677062534941299,0.22136343056723368
7_201_201516,0.9068417998628475,0.8520679320679321,0.9649012669786554,0.9429123116316165
7_201_201545,0.9415279408717275,0.7941705649514214,0.9826593780545197,0.9119378841798771
7_201_201725,0.9045651318378591,0.8641010544345127,0.9632196916112604,0.9554508219716097
7_201_201727,0.8949185667752443,0.8801551453260016,0.9479040637677034,0.949224405377456
7_201_201743,0.8471279073581996,0.6576931826799121,0.9391254315304948,0.8464741437206179
7_201_201758,0.9450822809031765,0.8408199766114054,0.9665336658354114,0.8999858637263217
7_201_201820,0.8832532347504621,0.8886277442444314,0.9192682926829269,0.9616955513853627
7_201_201903,0.46872006484415296,0.5933411214953271,0.5901371965844766,0.6442661518972069
7_201_201983,0.8967579151112954,0.6688311688311688,0.9512470375804085,0.8040926688379524
7_202_202033,0.4307596367463071,0.34431894807821983,0.46544303797468356,0.39665279455855373
7_202_202075,0.8339922765722693,0.7703389830508475,0.9285938316779927,0.9085723155729752
7_202_202157,0.7719996682425148,0.5671685857691172,0.8736164979661337,0.7895133595778541
7_202_202166,0.8590848939327105,0.8048240384287807,0.9306347994069815,0.8797570989890625
7_202_202183,0.4523733962007526,0.36063961260057,0.9078389830508474,0.9069069069069069
7_202_202200,0.9611383993065588,0.8487730965107959,0.9843422907677191,0.9434685404024273
7_202_202235,0.6425629578394693,0.46949778881686555,0.7051149573753552,0.5600424416427412
7_202_202260,0.9203511203511203,0.7977952130300924,0.9287522963110074,0.9042515365469599
7_202_202280,0.8194174757281554,0.5471905662867954,0.9804332458089275,0.9210989597225927
7_202_202289,0.9553642446076825,0.8942324548588793,0.9781455341932344,0.9266521423384169
7_202_202293,0.9629248702125576,0.864805768783438,0.9843912855581259,0.9340793588741204
7_202_202296,0.9492982409593802,0.773082058128787,0.9765529162484666,0.8937776768479618
7_202_202308,0.9067033037254777,0.7955278434745217,0.9690142797726328,0.9206813489332416
7_202_202335,0.8602389781623403,0.435607828494975,0.9420787401574803,0.8142464617139302
7_202_202345,0.8610980318297391,0.8209941137998692,0.9440314358538657,0.9348374439461884
7_202_202363,0.16661925892213753,0.0,0.20334764842746184,0.02278727548149751
7_202_202422,0.8758683006720506,0.6666666666666666,0.9812420785804816,0.962654236358651
7_202_202435,0.4360414645355666,0.10733766233766234,0.4470774257052504,0.10279275911785123
7_202_202443,0.13123321477825362,0.27255556531670033,0.18572107514389818,0.22615015291525536
7_202_202446,0.8672522373218429,0.7832783278327833,0.7456668271545498,0.626333803100463
7_202_202466,0.8799587250630589,0.7941797178718205,0.9413258826517653,0.9112922277344673
7_202_202489,0.6147359607678966,0.3912703922249219,0.9422517455391777,0.9082792207792207
7_202_202553,0.7882837673656965,0.8220324088720166,0.8441254389748013,0.856220112768539
7_202_202565,0.7861880451822969,0.6865079365079365,0.8216837821210544,0.8111445179394668
7_202_202576,0.9563667679353156,0.8434038765822784,0.9868745485791138,0.9271494903132839
7_202_202578,0.9244720143953026,0.7879004576659039,0.9699255682961175,0.8899192581341434
7_202_202587,0.9070205748390137,0.7910596777853415,0.9494807026541864,0.8742901145442294
7_202_202607,0.7462517037710131,0.7088481556913329,0.6387010335587597,0.5993911007025761
7_202_202613,0.21449649575802288,0.28192371475953565,0.2600475555297802,0.33048031780426146
7_202_202637,0.7608737123235406,0.5430711610486891,0.9804452096913049,0.9627598520596863
7_202_202638,0.4361983078991065,0.2942482744823447,0.5255461895750904,0.5006789025189624
7_202_202708,0.34530175706646293,0.1880138954839677,0.7855192810829257,0.7469153351907659
7_202_202722,0.9348201839977697,0.8456234623850836,0.9668456415221665,0.8959517045454546
7_202_202723,0.8870786241988355,0.8797424861658649,0.9415086298742809,0.93669790372963
7_202_202729,0.5736928708150039,0.4144590829673703,0.6040235177445633,0.4544940111289258
7_202_202783,0.1263073679297959,0.0,0.12760903623591247,0.042118071910818025
7_202_202789,0.5613894302418893,0.41483796296296294,0.7625873950002515,0.7427326118272818
7_202_202818,0.945076500588466,0.8073805828591136,0.9736238139279965,0.832548606879743
7_202_202920,0.7944149963141082,0.4062113587347232,0.9724747892213589,0.8691372857076844
7_202_202969,0.5797201915805394,0.28374025489006116,0.8217955651703623,0.7188517761114898
7_203_203002,0.8048679654798202,0.530309891958336,0.9728152849907034,0.9345132743362832
7_203_203015,0.8914780292942743,0.848704268292683,0.9129306616693095,0.8586144733453516
7_203_203031,0.7333259102549827,0.5172845299546379,0.858886918564998,0.7602382725241995
7_203_203068,0.7662798807938621,0.8265042451088963,0.7791243957241097,0.8352384521690246
7_203_203069,0.518693343346028,0.3589177443661725,0.8978307185744722,0.7846778487752929
7_203_203099,0.9494869771112865,0.7534328358208955,0.991121949664483,0.9510690441984281
7_203_203100,0.4953614989202178,0.3119301032565528,0.5204009736100436,0.41111885674451026
7_203_203101,0.943618695889084,0.7274023694602896,0.9925251557259224,0.9594491525423728
7_203_203146,0.5497457202206145,0.3955421899876172,0.8557545954806228,0.7755127800568002
7_203_203209,0.9245866927274208,0.8260981248394554,0.9653448125923993,0.8486012608353034
7_203_203246,0.9406988776566106,0.7183446110134958,0.9771728849185497,0.9043928792843858
7_203_203252,0.8323138324542227,0.6701808655029828,0.9642139988525531,0.8508762220992436
7_203_203283,0.9244417351129364,0.7786822577018214,0.9330827322293339,0.8210700842444882
7_203_203446,0.952755415387169,0.7482081529042856,0.9962844440626275,0.9843649109860714
7_203_203453,0.7899189918991899,0.8363492794630519,0.8876901499622397,0.928173719376392
7_203_203526,0.8691052190181279,0.7175810052086856,0.9532017949996439,0.8825018615040953
7_203_203706,0.46713447510307643,0.48882225553889724,0.4830412780728535,0.5281474603665876
7_203_203760,0.8335160151016928,0.6759180322692684,0.8815292345900816,0.7854485049833887
7_203_203763,0.8979778764179525,0.8082725672617551,0.9639227248040965,0.9547211485367201
7_203_203765,0.8887506404157213,0.748881153654898,0.9350453969594594,0.890330501725511
7_203_203849,0.699239932438439,0.42243905297702766,0.7403982930298719,0.4946497317287581
7_203_203851,0.6733678343949044,0.3905173578279076,0.7147586728781895,0.47261686526122826
7_203_203897,0.7879678403105074,0.616802137846565,0.955668754732567,0.9148936170212766
7_203_203899,0.7867628122585629,0.6280446712236449,0.8614572208377833,0.77695302361796
7_203_203906,0.9254462723136156,0.8564167059686633,0.9141572612747624,0.7409837814767393
7_204_204017,0.3503117919140091,0.245869461648404,0.37400381411221517,0.3668148148148148
7_204_204029,0.8735763097949886,0.6764882261224163,0.9471312706518474,0.8552002250773704
7_204_204044,0.9625110447258804,0.7576711250983478,0.9898662811709432,0.9163078978622328
7_204_204115,0.8410803244266952,0.5772678026199153,0.9836906098930612,0.9461309908280584
7_204_204119,0.0,0.08554817275747509,0.0,0.07786504518199476
7_204_204201,0.8887506222000996,0.8092030403713987,0.9434613488193722,0.8996631718772238
7_204_204208,0.9539312907721205,0.8646476698483998,0.9897454254490324,0.9698362113688579
7_204_204227,0.9348458990061239,0.7628205128205128,0.9765938569436816,0.920269763956538
7_204_204229,0.5344705160894684,0.33539300953668943,0.6039451209433027,0.4383332924104402
7_204_204239,0.9157510938259601,0.7134476388033578,0.9917477782479899,0.971665568432885
7_204_204261,0.31396937776390965,0.11787868632707775,0.3125727966869419,0.20756569902188005
7_204_204300,0.2883407654185592,0.08203087452179095,0.28841852373457044,0.15467952880066785
7_204_204312,0.11003773769250498,0.14240395605420914,0.10213663581927054,0.13385452558040065
7_204_204391,0.3911933077619938,0.17374356842159971,0.3920242018885979,0.3253782228851481
7_204_204406,0.5105344101654747,0.037911179522262126,0.9741953295007958,0.7352826129473891
7_204_204419,0.8699301595437945,0.7890275034921247,0.9575036075036075,0.9124233128834356
7_204_204588,0.8024603316099126,0.5342470681343982,0.9404669928749249,0.7611546080558438
7_204_204589,0.15405310562638905,0.20100079895715067,0.16414957297067148,0.19978562952187728
7_204_204599,0.9473445301861099,0.783898868928809,0.9722750865051903,0.905999405999406
7_204_204609,0.9260569938536041,0.7869836035540899,0.9702280753870021,0.9094993261119153
7_204_204661,0.9404859912362236,0.8163729147905142,0.9515596430423273,0.8381430921783983
7_204_204729,0.8798989006973416,0.5693458200404788,0.99079754601227,0.957833166004627
7_204_204731,0.6295171366444621,0.4351647687800163,0.6574518343544696,0.46002051777201136
7_204_204745,0.9329458219900424,0.7503509786109506,0.9882524550024745,0.9541875447387258
7_204_204777,0.7418514985292949,0.4603320397712921,0.8271756337933956,0.6238834038551951
7_204_204789,0.9271297305715621,0.7026807473598701,0.9648746347985409,0.8598603510096244
7_204_204802,0.31967885437474064,0.031431513903192584,0.31431038245144644,0.06519287164448455
7_204_204804,0.9498185776487663,0.8706413236701764,0.9698479087452472,0.9294450573168976
7_204_204911,0.9658082191780822,0.8720111331337241,0.9580356539180996,0.8429682573050242
7_204_204934,0.0,0.0,0.0,0.0
7_204_204940,0.9292538977641924,0.7242749840008084,0.9887411493495801,0.92209324452902
7_204_204947,0.7235156109005595,0.6513987205208767,0.922004051737572,0.9103516149235036
7_205_205028,0.8841438987260636,0.8258239465999165,0.9368281938325991,0.8885458020879282
7_205_205039,0.9315898856944925,0.8156273545184595,0.9662616101912699,0.9238632684212961
7_205_205040,0.6526991423286058,0.24753088543996696,0.9740838140481846,0.9310385476836025
7_205_205157,0.9615033368458026,0.8517756388981081,0.9774683544303797,0.8795651885729436
7_205_205159,0.9618447034842984,0.859392378387871,0.9879343311136018,0.9125
7_205_205162,0.9441852951273197,0.6881759567387687,0.9743242098127277,0.8091255945225526
7_205_205166,0.9355082085948817,0.7633916697696685,0.954715204770124,0.8196453823561406
7_205_205174,0.6432114216845131,0.5135260115606937,0.658496013687725,0.5657229524772498
7_205_205250,0.8632050606220348,0.5393249288328589,0.9367180368361703,0.7769914889547671
7_205_205266,0.8700324918770307,0.7460974402807143,0.9757620065234507,0.9665768448919775
7_205_205299,0.8749937258445013,0.6906056628539283,0.8680293870469271,0.5857771680100612
7_205_205328,0.9505646462318507,0.7918718545375832,0.9889863594736589,0.946321365509123
7_205_205332,0.7319336906889021,0.5132463424278371,0.9524059607431234,0.8566103118765095
7_205_205363,0.9201644837039293,0.75,0.961287192755498,0.8797688452490539
7_205_205373,0.9245246709260257,0.7563051310721829,0.9711336814836137,0.9020307354555434
7_205_205377,0.9554837841474902,0.8419842941965141,0.9771326584678881,0.9127749322084965
7_205_205420,0.46763106083358363,0.21876966645689114,0.508621007937973,0.3105268570253316
7_205_205422,0.819890483942578,0.7772580812805322,0.9275057047568895,0.916958932005883
7_205_205457,0.8500655651717808,0.5772097602137684,0.928198699822173,0.7251622566150774
7_205_205463,0.5575278569577611,0.36133745434110703,0.58872298546633,0.42029581931298265
7_205_205479,0.8168551270899778,0.7109946837198552,0.9271469740634006,0.9305474786076264
7_205_205500,0.54638130104196,0.28278828006559203,0.9142634070170302,0.7676802421574023
7_205_205509,0.9202210499874404,0.7764828303850156,0.9791655421816808,0.9377023901310717
7_205_205544,0.9423164614683083,0.8135860979462876,0.951711786181718,0.8427824267782427
7_205_205569,0.4849474912485414,0.29502302778190465,0.5352219531880549,0.37069416206796396
7_205_205643,0.4567000621187264,0.2941540299016785,0.5842537406743633,0.42613331287872974
7_205_205687,0.7447364125999674,0.6059004843681197,0.8348429369820775,0.757347721141559
7_205_205702,0.93915810868635,0.787618028745523,0.957759690991861,0.8349023132598514
7_205_205703,0.9368191721132898,0.8347756087744013,0.9573916051660517,0.8964038727524205
7_205_205721,0.7206868795277703,0.5602486540489537,0.9066564651874521,0.7810482339536651
7_205_205756,0.9426184978948798,0.8062166285278414,0.9792895187369222,0.9274613523598638
7_205_205773,0.7343199436222692,0.70609375,0.8501516404742211,0.8799970978741929
7_205_205900,0.9108555523000293,0.768515328970031,0.964334812836325,0.8976814779923589
7_205_205968,0.9427930233473759,0.8237597112620053,0.9565540596349219,0.8714521033958439
7_205_205976,0.8845426613093831,0.5235872438863186,0.9809879924162629,0.9139590854392299
7_206_206016,0.19554104477611942,0.0,0.1970297960334618,0.0
7_206_206022,0.8803129625713682,0.6582927292286275,0.8590487782042879,0.6075076862045026
7_206_206025,0.8752588622243879,0.8234845596645063,0.9495546264315579,0.9321432451026541
7_206_206026,0.9492925193077401,0.8363751070253707,0.9716611042801101,0.9045971098536221
7_206_206027,0.9208448117539026,0.7292244478685157,0.9478629389927395,0.7917457779554312
7_206_206051,0.8706215711099053,0.4898637947418435,0.9597117441729535,0.8215369059656218
7_206_206054,0.7407103344475068,0.2962819750148721,0.8378629603399433,0.5905852977895278
7_206_206284,0.9214795886952774,0.6408827785817656,0.9825280094763339,0.9103050992105824
7_206_206305,0.16449589966232514,0.0,0.18150526950782442,0.0
7_206_206320,0.7693017394630842,0.5458842063804648,0.824359131607997,0.6238021013739753
7_206_206323,0.8973527642222073,0.70986724413897,0.9181802151296068,0.7723214285714286
7_206_206330,0.7485872803863146,0.7625303836805022,0.8485849056603774,0.8505237579220438
7_206_206416,0.5870169522420707,0.7326428726472138,0.6051056756114938,0.755266532331929
7_206_206481,0.5299638448136977,0.19267878787878787,0.5042876753846428,0.19572319572319571
7_206_206495,0.6063761991010934,0.05406436493446331,0.7784290481208289,0.4178869469374902
7_206_206548,0.9693163700257053,0.8823382619003057,0.9968138981118154,0.9872049854150092
7_206_206592,0.915611953055656,0.751698500192283,0.9673516622247159,0.8822249988430746
7_206_206596,0.9079737067733639,0.7231978806135966,0.9612650159352782,0.8385720700493938
7_206_206605,0.040350549290802236,0.0,0.0014009049088465253,0.4592488032404566
7_206_206606,0.05158983670129899,0.04199249026835234,0.021195208535034267,0.30950540958268935
7_206_206631,0.8960108624403034,0.7933124235819468,0.9328169299311462,0.867759269210102
7_206_206703,0.38647557246562875,0.17182686090297059,0.47201153568853643,0.24972450623039755
9_100075,0.9155478014614782,0.7876067024976289,0.931295218408312,0.8655388471177945
9_100080,0.8561697964098898,0.5825121141177111,0.9099287451465631,0.746691403834261
9_100098,0.9297297297297298,0.795777802665472,0.9466054195288466,0.8614775725593667
9_100633,0.8972107648956589,0.7004998529844163,0.9343087616922681,0.8032353496569522
9_100999,0.25245296938399114,0.20440238105434458,0.2820548095971825,0.2663366786249489
9_101_0136,0.9294493892806227,0.7958271236959762,0.9843063144488723,0.9562705825190304
9_102_0208,0.7903134093721778,0.5547223079977062,0.857529140936164,0.6670990679350437
9_102_0260,0.79061888795753,0.5159160984930733,0.8535857326381017,0.6259607581037857
9_104022,0.5719594594594595,0.4355813016944952,0.7434944237918215,0.8162011868697349
9_105025,0.8935903953697548,0.6762684515627801,0.9356338508786897,0.803931987247609
9_105053,0.34085951777397866,0.33184380236632305,0.4004143449064152,0.35135135135135137
9_106020,0.8295351645034712,0.43567275747508305,0.9096770324167092,0.7369572962793302
9_106024,0.9076024511681348,0.8560962443124855,0.9410411875392013,0.9275268643451563
9_106025,0.7269372693726938,0.5433100986059164,0.9640388046387154,0.9230295566502463
9_108005,0.9142736349149566,0.7982112436115844,0.8764991676009921,0.7202457956015524
9_108028,0.8692145862552595,0.7845155755723554,0.9393258426966292,0.9485026773319231
9_108041,0.8459404823468573,0.565051990869896,0.9503424657534246,0.8595418665841201
9_108070,0.8583553963557078,0.7483181638306292,0.9115036392685958,0.8487707048948971
9_108073,0.8597213240049386,0.7742058104805865,0.870432537120723,0.7907769195820081
9_108076,0.038687482856359146,0.019138154864106537,0.0,0.021813379479939887
9_108082,0.9146260972873078,0.7741272202292414,0.9569117750935933,0.880839602489087
9_108_0873,0.8960712839206156,0.7969038817005545,0.9515023721665788,0.9053357712765957
9_108_0881,0.9133282462164568,0.811655810764484,0.9544340842578098,0.9171892764147137
9_108_0883,0.8788640361899975,0.7878434119386722,0.9403466715839941,0.8802699550074987
9_108_0892,0.8678452651846665,0.805056767855705,0.9439913530509974,0.9227621037965865
9_109034,0.7270061895971333,0.6822770952438876,0.838728323699422,0.8453170806974233
9_109053,0.8546039361064166,0.7937503134874856,0.949511299259167,0.9069028645272453
9_109256,0.7865329512893983,0.7790111985916182,0.8619884341637011,0.9037570479539999
9_109272,0.7614678899082569,0.4663156993665468,0.955712244803908,0.878320263091323
9_109_0936,0.9091690445903668,0.7730666783109907,0.9778694673668417,0.9405504764668892
9_109_0946,0.9353671365453398,0.8679069333706346,0.9748146825042422,0.9232025359012536
9_109_0947,0.9294395383404739,0.8576737451737452,0.9803015450683844,0.9578540108331184
9_109_0952,0.9018989378822014,0.8371967331251501,0.9583947239177717,0.9247936016511867
9_110_1002,0.9234112173424,0.8113000231320842,0.9886077335962318,0.9636443276390714
9_110_1003,0.9142552001220566,0.7806705569559063,0.9736002399978182,0.9227391801645575
9_110_1027,0.9259312320916906,0.8351327609169996,0.9181806791128931,0.8255697863479476
9_110_1028,0.9301533219761499,0.8723148246452207,0.9832427683597436,0.9670163214299239
9_110_1030,0.8839502968562437,0.7713262931805979,0.9451176303854876,0.8914405823050874
9_110_1059,0.894563697672506,0.7884407484407484,0.9331466257114464,0.8753200883002208
9_110_1065,0.905156123459012,0.8384838138047284,0.9458427186367643,0.9124463910940779
9_110_1072,0.8664882943143812,0.8176110929140736,0.9462803793716656,0.9222797927461139
9_110_1082,0.8785497994925935,0.7561459909228442,0.970376118312945,0.9362185611733719
9_110_1099,0.8935967626755534,0.7897317914875582,0.9686069326357096,0.9435833442795218
9_111_1123,0.8746582463706727,0.8215191608966889,0.9612610667242496,0.9479059135820675
9_111_1124,0.8740982822526006,0.8263050221078334,0.9317341549295775,0.9029793200140204
9_111_1136,0.9163069719803936,0.8017322538128413,0.9563920398791066,0.8927081263659845
9_111_1139,0.8727523375689283,0.8337404500805572,0.9477471418964358,0.9285435376805935
9_111_1149,0.8806122448979592,0.7724070005303432,0.9514412602647897,0.9235945214206084
9_111_1150,0.9290387882731447,0.827624076029567,0.9304374240583232,0.8317895360148881
9_111_1152,0.8651139904871248,0.8155913184703971,0.9262652705061082,0.9000647129518351
9_111_1153,0.9043404255319148,0.8463437573477546,0.9690644800596347,0.9427460164777718
9_111_1162,0.8862109605185622,0.8076028830504534,0.9223697650663942,0.8818263205013429
9_111_1197,0.9129788746043026,0.8333333333333334,0.975024417468955,0.9573604060913705
9_112082,0.9130537787254205,0.8470863278205906,0.9134085319311339,0.8202685690306336
9_112268,0.8072118991923026,0.5269368907131863,0.9555620406972117,0.8836717570062091
9_112449,0.9052054189368282,0.6614190093708165,0.9906255050913205,0.966395889745192
9_112515,0.9115376199556126,0.7335725075528701,0.9403050698413772,0.8119291240329424
9_112517,0.8918092595447304,0.57322467032517,0.9386112772551791,0.6632833186231244
9_112535,0.6801097621819391,0.7366748271270884,0.8951630796538718,0.9007099240430919
9_112_1276,0.8834520154177827,0.8505317620005749,0.9570289855072464,0.9385975609756098
9_112_1278,0.9230085546050438,0.8460504201680672,0.9494358545758462,0.9127572016460905
9_112_1289,0.9023430448752663,0.8184373456907358,0.9616141732283464,0.9292677952274118
9_113009,0.821441213653603,0.8501861504095309,0.8848044954343245,0.9088065906403753
9_113016,0.8603252032520325,0.8281952472703917,0.9229148503342052,0.9053003533568904
9_113044,0.8860125960870711,0.7861850317040292,0.9651850464288582,0.9448594900699226
9_113418,0.8923241481179647,0.8301743425218456,0.9599592806243638,0.9405838168488283
9_113783,0.904710964822053,0.8663105599342572,0.9474014056135011,0.8949169110459433
9_113905,0.6075476766048885,0.3308847825534403,0.7907698199923401,0.726190100135831
9_113_1342,0.8112276925836248,0.5856535781064083,0.9132265073329712,0.8170552866989295
9_114_1426,0.9176313073554434,0.7533273782938812,0.9551650467908405,0.8727677514092179
9_114_1427,0.8945574491478835,0.8030737027652308,0.9842730874733313,0.9363711486247196
9_114_1428,0.9020788985008379,0.8475136660201023,0.9355248997162704,0.9067075402635432
9_114_1429,0.9061285283539797,0.8465955069168818,0.9560543787543472,0.9233273774071868
9_114_1431,0.8809110499221836,0.7777020238266111,0.9797105324731757,0.9602900823206586
9_114_1435,0.8987265737626141,0.8247968545216252,0.9459690126050421,0.9188484579542934
9_114_1439,0.9152583544435576,0.8551203218704927,0.948283565418125,0.9231624508597069
9_114_1443,0.9207293834833338,0.8259893244984355,0.9860179678603063,0.9679071628651461
9_114_1446,0.8716146726088447,0.8503096587165635,0.9743839485730983,0.973937392303274
9_114_1447,0.9025762835739083,0.8277733500322593,0.9461137028544319,0.8967171818145467
9_114_1450,0.8721786647659777,0.8479245283018868,0.9499553969669937,0.9554402049346097
9_114_1451,0.908739102700404,0.8615656963021243,0.9419254373912247,0.9137648504711184
9_114_1454,0.9001554817834181,0.8074886358311074,0.9661678295997062,0.9385400714650332
9_114_1460,0.9094410476144624,0.7952751266643101,0.9420780981179292,0.8806545952336506
9_114_1462,0.9020036429872496,0.7498393109654197,0.9293659621802002,0.7858189081225033
9_114_1464,0.8718745376534991,0.8375270479134467,0.96520222572876,0.959122830263681
9_114_1467,0.9326671918404578,0.8593005144664181,0.9627622069451789,0.9174514420247204
9_114_1480,0.9261583403207919,0.8355513307984791,0.9688277858176556,0.9373010225102064
9_115476,0.942562901579295,0.7669650751547303,0.9537803403701293,0.751262219357611
9_115479,0.879792944785276,0.5783498294934708,0.9698065013614786,0.8709661550570641
9_115_1510,0.9192745376955903,0.832227389100789,0.9565619726743236,0.9083287062742921
9_115_1541,0.8899263360390373,0.8029373081981587,0.9447264523406655,0.9107092925715351
9_115_1571,0.9100561510974987,0.8557938399082164,0.9474177368682136,0.9098600715912789
9_115_1579,0.867539231138217,0.7671612813756761,0.9149345650500385,0.8679109317575845
9_115_1580,0.9041518608565551,0.7683437553783489,0.967086303655392,0.9160821484992101
9_115_1581,0.8773614122019201,0.8406506131266281,0.9328183317420363,0.9207329086491102
9_116593,0.924482163406214,0.8394639805737926,0.9454353083434099,0.9406570841889117
9_116758,0.9023859319646592,0.7644879007054202,0.9735494479680527,0.9414316702819957
9_117003,0.8367045185710906,0.6818466799658022,0.935669274980957,0.8751628876726609
9_117011,0.12365629171643364,0.0,0.12355212355212356,0.0
9_117200,0.3756824665142728,0.08394462968576337,0.5365972787533434,0.3535043715063781
9_117435,0.47798961066780915,0.27474207107374854,0.5528944592666128,0.4275514656300821
9_117821,0.30314898044712923,0.06174466603670364,0.24724142397870863,0.008462421113023522
9_117838,0.9416234642425964,0.800301261532668,0.9462580009847366,0.8468518445140072
9_117_1751,0.697098503049344,0.6299326275264677,0.8801144136301455,0.868363351605325
9_117_1752,0.7878362103572862,0.8160318988037949,0.9530458420857532,0.9596462544589774
9_117_1753,0.7625418060200669,0.7867872143518189,0.941701810965021,0.907408823304534
9_117_1754,0.8320820820820821,0.8265658920961647,0.9321550741163056,0.9424709755674926
9_117_1757,0.9010025693989622,0.7765315899227865,0.9431208888397545,0.8804716812578167
9_117_1776,0.798574416556583,0.42404953817414465,0.9441327953285438,0.8016212564737671
9_117_1788,0.9135758721159146,0.8365547495982278,0.972870528109029,0.9467623886998275
9_117_1790,0.8747218288488772,0.7919135920474096,0.9468874612317235,0.8936630602782071
9_118020,0.27894149727317796,0.17037882527147089,0.6980735441767069,0.5344382769134548
9_118035,0.10960540406952797,0.03872246832502091,0.14039933151552467,0.1981893809640323
9_118_1828,0.7482331060136391,0.4979297365119197,0.9493914157591288,0.8385510188148958
9_118_1869,0.8699747523791027,0.7710509583068399,0.9258859701170505,0.8783964152922109
9_118_1871,0.8657735150085002,0.7861284820920977,0.9565402158823696,0.9312702078521939
9_118_1873,0.8712634100614519,0.7824376285433247,0.9592675196619321,0.9281271596406357
9_118_1875,0.8899196812153665,0.7496038034865293,0.9594631607778691,0.9079513705353772
9_118_1877,0.8836132020845396,0.7982729457847414,0.9536501819738814,0.9240097799511002
9_118_1878,0.8883144529765072,0.790099916100984,0.9427065908330545,0.8890261987147801
9_118_1880,0.9365119945459969,0.8262892376681614,0.9400713543783589,0.8325
9_118_1883,0.8817318838309471,0.6819395583435764,0.9613488259835189,0.8944201843765163
9_118_1896,0.8883069427527406,0.7808038529900808,0.9439785306943979,0.937473620741634
9_118_1900,0.2297716947495543,0.05170414156908227,0.252257174075565,0.05313511922284368
9_119082,0.8735394478337297,0.7820889858647188,0.9361393323657474,0.8941152514762778
9_119_1936,0.9098685841805108,0.6901903483137193,0.9924351291993168,0.9740368900303525
9_11_11346,0.8190283693062874,0.6615052920423363,0.8900408419729815,0.7729530296580105
9_12003,0.8091067250584918,0.6732331437855402,0.9567972350230415,0.9251977050705535
9_12074,0.5094281224703585,0.2097138239473904,0.6243214874793822,0.3225351650873799
9_12084,0.3748695470674181,0.01582267451991775,0.37753375842083664,0.03366266760762174
9_120_2051,0.819074220252191,0.49797808984633485,0.8806919691489825,0.6674402903198582
9_120_2056,0.7153814302896465,0.24329066216128403,0.7993214513890419,0.37662188978781863
9_122048,0.3626679683013667,0.4342900713468765,0.3647661456969062,0.41438442527866043
9_123074,0.7002448091395412,0.5697695966396936,0.7900534045393859,0.7629646282973621
9_124084,0.9100619651814694,0.7111118094400101,0.9794261424017003,0.9364705882352942
9_124_2500,0.0,0.0,0.0,0.0
9_125_2501,0.0,0.0,0.0,0.0
9_125_2537,0.19209149531573183,0.04847765061541784,0.2613456624893539,0.048911840649206936
9_126007,0.13627043234355354,0.012474089428486823,0.00022670853217560843,0.39128234539995277
9_126039,0.9016501650165016,0.7872532092185272,0.9638771281866498,0.9099064852124991
9_126_2647,0.0,0.0,0.0,0.0
9_126_2677,0.0,0.0,0.0,0.0
9_127_2790,0.8009947559063632,0.6329589797278005,0.9466769211049157,0.9156646261477919
9_130026,0.5574251149030588,0.27143814202769095,0.8730262583965803,0.7035444087470204
9_131260,0.8056103026539594,0.5317412515810396,0.6605843597822973,0.4880996388659823
9_134008,0.8696336940507037,0.7873076572885368,0.9141528691313223,0.8651945113854326
9_134035,0.9116166324818199,0.82025819265144,0.9418651190714429,0.8960447690410699
9_134052,0.8887351351351351,0.8718382935793039,0.8909567135373587,0.8694035292401925
9_135037,0.7881404174573055,0.7573927411543502,0.831511839708561,0.827505359056806
9_135534,0.2470427661510464,0.0,0.24168731981184563,0.0
9_138078,0.8881896370883156,0.7815520381005743,0.9226635514018692,0.8075609377425865
9_140055,0.08740955137481911,0.21046558298213927,0.17239101717305153,0.25533832891993913
9_140061,0.9094438398870621,0.6999645836612624,0.9676121149930254,0.8995114861318584
9_140075,0.3082220211803523,0.05113724037897725,0.05589929592489866,0.12443932449324738
9_140827,0.34316372164048864,0.17469837747885175,0.3468651458765376,0.29692297641601884
9_143090,0.11171294104542037,0.15298722228617476,0.11073803918541675,0.190789330430049
9_145014,0.922700545087772,0.7907962277665035,0.9272377814387699,0.7471289511101389
9_145053,0.919834344031948,0.8260144524735964,0.9624505928853755,0.9258135912779736
9_147021,0.43560325684678014,0.7197764753986643,0.4208138759172782,0.7330012992637506
9_147062,0.8294655753490612,0.6908518900850416,0.819268035543953,0.6773878666601592
9_147091,0.21803340673027735,0.05023551226581982,0.19841165461075422,0.020078418988973973
9_15001,0.8894050946887673,0.6572765178480626,0.8422552106762633,0.5427102206117447
9_15002,0.8258426966292135,0.7387960248258005,0.9307592242194891,0.9153820924893408
9_15004,0.9184735886904193,0.728743310128365,0.8714289223513229,0.609451919921234
9_15015,0.8629559350621969,0.7829387852702057,0.8119372061518846,0.7395375501624307
9_15036,0.910208791605063,0.7910690460306872,0.9480130754991927,0.8190835537575852
9_15041,0.8290736180691177,0.7645222142717751,0.9162935565505159,0.8785986819285466
9_15049,0.7345143194567464,0.41286714322752693,0.9608702582084795,0.8606417112299465
9_15056,0.8720447572640317,0.7697334700153767,0.9316883248217627,0.8803160585637927
9_15063,0.8870230190921539,0.7924488835433771,0.9399457902761308,0.9099053187779953
9_15074,0.9041203503672571,0.7629376516614669,0.9791415792189919,0.9488639474404599
9_15087,0.8439627373701183,0.7493249095633566,0.6869276168509599,0.5908265449073834
9_15088,0.49414544499868734,0.3157172540871133,0.8851679695753222,0.7922195964370115
9_15105,0.8904803144360802,0.782608695652174,0.5515322401127848,0.5530200616449468
9_15120,0.4056651492159838,0.23410576351752824,0.489253631097305,0.3762844021541613
9_15122,0.8661691542288558,0.8541191794203843,0.9239725066629261,0.9239224510991865
9_15130,0.8622131442989307,0.4708687926681006,0.9705505412701443,0.8171278764928633
9_15151,0.7461855489302,0.5165569279569375,0.931988606638377,0.813313560718405
9_15200,0.0690368762085694,0.1536982830180436,0.007767505304637769,0.12550164173659248
9_15207,0.8956007364751047,0.6960714285714286,0.9013821279554938,0.7637823802910453
9_15213,0.9159690060562878,0.7612038110601401,0.9610426272701609,0.9126767941330539
9_152_5246,0.7373279440681669,0.36514432765944255,0.9112944465278014,0.6842585749684824
9_15319,0.8268526763629168,0.8335916671833343,0.9603493037526551,0.9565391815993581
9_153_5325,0.3387504621072089,0.30046682699108784,0.3807176983014574,0.3022154226367354
9_153_5328,0.6521960696881868,0.33453150242326335,0.7171421604486711,0.4885578252188604
9_153_5366,0.1336989872111651,0.012566844919786097,0.12395529151142885,0.01651700279699691
9_153_5398,0.8480308705027806,0.7055150884495317,0.9605622803592346,0.8607251411202779
9_154_5439,0.0,0.0,0.0,0.045812519688582874
9_155060,0.3764303498226995,0.1388256237074269,0.4230769230769231,0.240937036251855
9_156065,0.5194959364441604,0.1879749478079332,0.9542677893346542,0.929056394623805
9_156079,0.5938045552352726,0.5142620232172471,0.6020079325731285,0.46014888337468984
9_157_5727,0.8729093537063803,0.7660126947489901,0.9432782492184011,0.8931193622823579
9_158_5813,0.8863580786026201,0.6228782287822878,0.9741379310344828,0.8964501004688546
9_158_5816,0.0,0.0,0.0,0.0
9_158_5839,0.00017687375635640063,0.019854037510790238,0.0023877957108114083,0.03827189481098849
9_158_5896,0.8495835929975639,0.6326656015730613,0.8922726455248486,0.7219847736075865
9_159008,0.8916359033857189,0.6652650140730442,0.9008542220977455,0.6997239059376091
9_159029,0.7470796878694727,0.60737302266889,0.7968781881248724,0.6953241385938776
9_159045,0.7488648015233631,0.5519429543373021,0.8088669950738916,0.6552850356294537
9_159091,0.8626976744186047,0.6684992012028944,0.8324619771863118,0.6541479326456846
9_160068,0.8880329068916234,0.7668270186458872,0.9138363851151802,0.8376642095293003
9_16052,0.28877634077959663,0.1934496644295302,0.41885060529466545,0.2738721804511278
9_160_6083,0.0,0.0,0.0,0.0
9_161062,0.211404064424345,0.052619270346117866,0.18857785553611597,0.09633590187136343
9_161_6109,0.5000068320010931,0.21580808857450406,0.523257975490827,0.21589190771181893
9_161_6143,0.30513864584735495,0.13747825366581062,0.33769063180827885,0.17713254875010737
9_161_6144,0.7420648464163823,0.3946181674017543,0.8169586848366861,0.5321505254831055
9_161_6145,0.15985430999595304,0.11963352041061064,0.2101888136800855,0.14595458176423598
9_161_6146,0.2184894556154978,0.07893054963783554,0.21832396774981677,0.07872574148663493
9_161_6155,0.0,0.0,0.0,0.0
9_162_6230,0.1332236013369388,0.0,0.14031487705643023,0.0
9_163014,0.4139490477865434,0.27945223011454534,0.5551879487540475,0.41267852668504135
9_163062,0.3372746656328746,0.3998661637668816,0.35921663506179297,0.4806877140628709
9_163085,0.8649265759312321,0.5300619793928388,0.9216309571485783,0.7119891623391285
9_164074,0.8958843200627721,0.5320473476545374,0.9436698502144233,0.6793985398636562
9_164_6484,0.37806521790536546,0.12421138573443183,0.43581073092293504,0.1728257643217572
9_164_6488,0.13708165031736871,0.16996863354869843,0.2634915014164306,0.18590272052761747
9_164_6496,0.8034286194484517,0.3240839404153528,0.9637722732181425,0.8332107790129331
9_166081,0.36217954909877714,0.03981025360335705,0.24027022851444543,0.1984823823387818
9_166_6649,0.8813072863623739,0.7752023692003949,0.9560439560439561,0.8900016975046682
9_166_6650,0.7755746140651801,0.7206536719826737,0.9080072557657424,0.9253716250379209
9_166_6654,0.7997933350555412,0.6618977625347052,0.8506859978592974,0.7962744374769458
9_170054,0.19972227967028097,0.28971157985363755,0.233942853116302,0.28976256444428855
9_17015,0.024760294542946763,0.13518852030442108,0.015672995525456524,0.06668982285515804
9_17050,0.21591759221960063,0.2046431129147768,0.20148165431954734,0.20070166948947496
9_17054,0.1681680381117367,0.08851777084480333,0.15830424995089817,0.18655628752987816
9_17077,0.26450836924927335,0.058968410802760836,0.5062646828504307,0.3061000585137507
9_17118,0.5912671232876713,0.6286008230452675,0.6046656022707114,0.6535557904272988
9_17162,0.8784257942152679,0.8075433705080545,0.958635933059678,0.9304682918656279
9_17188,0.9683451755740913,0.8439554291575365,0.969015873015873,0.7892399229028744
9_172032,0.218607778741485,0.1423758865248227,0.21533495689821794,0.15622499846144378
9_17208,0.40785340314136126,0.2852344894968246,0.7141223556317896,0.6145541783286685
9_17209,0.9174255476249077,0.7648283038501561,0.9534924229228358,0.8719908521906596
9_17212,0.1976353092179844,0.0,0.238023528346109,0.22031806964628461
9_17215,0.899172788800833,0.8206262763784887,0.9732159817640726,0.9205769796879599
9_17216,0.8441140024783147,0.6083684358326313,0.9686274509803922,0.8918702442931518
9_17234,0.31883638098808775,0.029594003206378092,0.15403864371637443,0.1881109532960147
9_17238,0.9491128389154705,0.835923716710073,0.954020009330776,0.818804780876494
9_17249,0.9468953617141826,0.806786830972963,0.9618864600848747,0.8678074464084242
9_17261,0.9557470656656445,0.7932557445538645,0.9900704147871053,0.9070961432675264
9_17262,0.7475805032553229,0.6166571183042109,0.9259343148357871,0.9188708242336002
9_17282,0.754993232990198,0.21563690800217747,0.8880995529781321,0.5225434121708662
9_17304,0.19795513505264764,0.07405682347461574,0.2998517420311342,0.13496831264853446
9_17317,0.8625751997845021,0.6608921381648655,0.9069744154608722,0.7438113747954174
9_17326,0.884605870712401,0.7994741454864154,0.7644611279453666,0.6162117139287472
9_17332,0.9242018284826049,0.803461887235291,0.877583326004749,0.6584429824561403
9_17335,0.336355030264781,0.4937514806917792,0.3541067730068936,0.5292779816235558
9_17336,0.9244866920152092,0.7910257294612678,0.9815510115880176,0.9355175759385028
9_175_7528,0.0,0.0,0.0,0.0
9_175_7541,0.002397109963199298,0.0,0.006853708768020527,0.0
9_175_7551,0.6420536051340129,0.2447096017541176,0.8365272317536558,0.7118056922410739
9_175_7583,0.39992767440331384,0.18506807202459377,0.48485250688522413,0.1979441855996926
9_175_7584,0.15339445370510685,0.08944744072453445,0.23689195332626156,0.09049011348431538
9_176019,0.04436274509803922,0.10834307422559906,0.3399848326855626,0.31727015233866646
9_176035,0.30695415434256523,0.2010359769561536,0.0,0.029257916027339934
9_178_7847,0.7702353977844915,0.5002858273602744,0.8180722499104205,0.594172097855861
9_178_7848,0.6053536887746491,0.14769054164275142,0.6283061832194781,0.22047524880863617
9_179_7945,0.6089531265683027,0.2550099956116827,0.8946040966065424,0.7585570964886397
9_179_7946,0.9096952908587258,0.8504749426793318,0.9714800360252176,0.9582966742917474
9_180_8015,0.8305665293771539,0.37862044899383507,0.9166841455172574,0.5815166510632607
9_180_8023,0.780320756556498,0.504031092409983,0.8563461486650322,0.6591402055257263
9_180_8024,0.8568563162970106,0.5169880624426079,0.9593336812804454,0.8052670874906672
9_180_8028,0.9736003091638085,0.8364498571967451,0.9926392227812337,0.9635791638937625
9_180_8044,0.8539112473347548,0.632577003178779,0.9087718054176712,0.7654967281380131
9_180_8048,0.9281961471103327,0.772319643571143,0.9438772632410175,0.8090703211195633
9_181018,0.9039409537816271,0.4228787943292605,0.9517153188111827,0.6720585577444425
9_181079,0.9526338277482757,0.7649682921495736,0.948935368381383,0.7231597264376188
9_181091,0.5632510778827631,0.43043561696411436,0.6020865114905762,0.4935868417081636
9_182_8259,0.7512677041440812,0.25368490441661173,0.8846798524974857,0.6301376573752021
9_183087,0.9577857427319793,0.7833859095688749,0.971616919978026,0.7550616197183099
9_183_8309,0.7721792577082841,0.5394967317469134,0.8717987979941048,0.6666970345738623
9_183_8314,0.20826128159285637,0.17631700949174048,0.2405048208203835,0.014176739001706781
9_183_8315,0.3638715060492282,0.21310937105329628,0.680786803995973,0.5486764705882353
9_183_8318,0.6125683386610103,0.19540770028519575,0.9151616873671254,0.7339066714162129
9_183_8320,0.3155885095235981,0.07975239093410193,0.34751564945226915,0.11580203632566292
9_183_8321,0.2920242675347736,0.3104389604717187,0.5153178547585491,0.4228903313973352
9_183_8322,0.8244404250508705,0.37558901682905227,0.8949031924621318,0.5700717430295125
9_183_8336,0.9079831759515071,0.5999020767881187,0.9735169726091096,0.8731141400478618
9_183_8358,0.6007744979868181,0.27477140346881,0.6004137832631804,0.19764590485532124
9_183_8395,0.6444559611065868,0.24928296985767628,0.9891963969847879,0.9492977262707061
9_184_8457,0.0,0.0,0.0,0.0
9_184_8471,0.33052749719416386,0.073615036262726,0.22422837417084066,0.23026946602744255
9_184_8494,0.0,0.0,0.0,0.0
9_187003,0.8412941961307538,0.7456640737539614,0.8912896183091169,0.8337903527358843
9_187029,0.9372060774146871,0.8043311122501281,0.9807876123112216,0.9503713095453722
9_187039,0.47979441305712495,0.46712189233032786,0.5772709960007617,0.5974569515306123
9_187083,0.9037279427505428,0.5830273785796706,0.9061586358392465,0.6379937119276872
9_188063,0.1838870513896431,0.13827288827288828,0.0,0.15247913598429064
9_188091,0.04706384796070895,0.013760223264467615,0.04144726944486234,0.0
9_189011,0.9449866514945949,0.7497983220393676,0.9749248428532385,0.9094968740696636
9_19021,0.9227133614845233,0.7675489067894131,0.9367083452123977,0.8123864768266245
9_196015,0.6939387449132577,0.6064496639226644,0.8349514563106796,0.8758816837315131
9_198023,0.21149263431542462,0.3038614556517669,0.21990307932995,0.35405068151276636
9_198054,0.9055214576552122,0.39413531325602735,0.9309770424457999,0.5154959557258408
9_202012,0.773428809788654,0.620633683937151,0.7839889047270486,0.6627079143121668
9_207056,0.9214394480872619,0.8521121859558772,0.9291043549712408,0.8810046330163375
9_208001,0.8171867440735365,0.6795386674904748,0.9698525636323626,0.938008196188122
9_209070,0.7744911804613297,0.49622458857696033,0.9400966183574879,0.876125848241826
9_210088,0.12748694860864984,0.0,0.04323547877704001,0.24779610718338133
9_21077,0.7279684129116294,0.3404839540072078,0.8845324642767611,0.6786887102253425
9_216053,0.37120341487440484,0.28510905382080654,0.34100694643779783,0.2663031624863686
9_22001,0.9640863955932449,0.8132857044720753,0.9890393535837199,0.9293249672481556
9_22010,0.468162071705066,0.2109648747970259,0.9530267020830421,0.8675527848026818
9_22013,0.12597050328900408,0.007524991760957926,0.3368158755891801,0.24639608117564732
9_22029,0.21241976645271055,0.07244291286401333,0.3553583936493112,0.26802429985099147
9_22038,0.48922736572138964,0.19808682855040471,0.9170990237099024,0.5986379417786878
9_22072,0.36669869275337,0.36334838045458145,0.31224192733862105,0.318444742386516
9_22104,0.8415341986291381,0.6357811191611752,0.9007340200989195,0.7174881007216336
9_22267,0.35616713539574124,0.2080784644589749,0.3777477733560735,0.24030284545552405
9_22323,0.881167014521071,0.8035886876497037,0.9630362709683804,0.9418373792978973
9_227040,0.2545219119506956,0.11622937195773478,0.2567574334271379,0.11726800012760391
9_229036,0.9580681788175649,0.840702947845805,0.9769136307818256,0.7984403669724771
9_23001,0.40535007506482873,0.468627574876785,0.44135708485586683,0.504310879543481
9_23002,0.9029927256749499,0.7398873527905786,0.9782783588093322,0.9403513845708915
9_23003,0.9050221655432076,0.8171220857357734,0.9607920792079208,0.9228315460838876
9_23025,0.9502128975475154,0.7697467125584679,0.9676187678977899,0.8137556238585237
9_23051,0.9529933766317279,0.7747487646438288,0.9643662158578626,0.8517616404214342
9_23074,0.9017263534275658,0.8282703402802308,0.9622133904004891,0.9160543031510774
9_23080,0.8992617289830912,0.8032025715816418,0.9413532872857509,0.8891588785046729
9_23104,0.9434551545223283,0.8286095221710894,0.9406981304745718,0.8044099118017639
9_23117,0.9080806594053576,0.6101321585903083,0.9427210109275468,0.6988306828811974
9_23118,0.959532544154911,0.8694343409005393,0.9905237496067946,0.9698586289677247
9_23131,0.9592145409028086,0.7495820795720495,0.9842984379652941,0.9332574679943101
9_23267,0.8519738459269456,0.7564137430876621,0.8795333223267844,0.7986523271899684
9_236017,0.8181029245856114,0.7529788501638368,0.900719207363074,0.872956503467115
9_236037,0.7874465049928673,0.5807500343422318,0.8569384835479256,0.6876393831553974
9_239007,0.9018892228424217,0.761438679245283,0.9490730144197757,0.8834881590998299
9_239096,0.42880468059051635,0.2816567169713375,0.4690865275999699,0.3519409453156561
9_24004,0.379176240066044,0.08229207636220616,0.7069135027716766,0.5094887321305949
9_246016,0.7983974758168306,0.5846267857878051,0.8355594482154587,0.6914848816642803
9_249061,0.10282976699407456,0.07327947336923997,0.11189803333525578,0.05775588924094228
9_25098,0.6567929978872936,0.40207457503198685,0.6924463674058049,0.40033042246872785
9_253874181_300410d0fb,0.9290304073436604,0.7768664563617245,0.9004464824423797,0.7910096818810511
9_260081,0.6399320125351888,0.3221760400191268,0.6568990482927853,0.42540293306229127
9_268002,0.7947725072604066,0.7564382365779135,0.8812234873855771,0.820864553314121
9_26926127.forsythia1,0.45449727802668977,0.42056782334384857,0.5029810742807133,0.5020527253479304
9_26995738.ibiris1,0.8517954574292602,0.704855905380643,0.9291331297992413,0.8513958417895638
9_271008,0.8973425783578578,0.7864922991536006,0.9640606606190707,0.8791761041902605
9_27551937.vinca,0.23302464895166386,0.005988376659074845,0.2535771421736465,0.04397623328903135
9_28010,0.8455210237659964,0.7326850462939016,0.9244541765956077,0.8695934959349594
9_28011,0.8903140203449801,0.8565934535509786,0.913027634375949,0.8816132559508789
9_28015,0.9009131247937218,0.7902759526938239,0.5466153222537495,0.3493513550227535
9_28026,0.8162216193060117,0.7765277910191629,0.8984754565253812,0.904547359597653
9_28052,0.8956607495069033,0.9118192431838472,0.9421505376344086,0.9447713576745835
9_28058,0.5274020639214507,0.5431908181757165,0.3857673924588423,0.45344803663105315
9_28080,0.8737088638001441,0.8578541901540774,0.9152972611890448,0.8609572291261167
9_28081,0.7347207009857613,0.5109298125428162,0.9388489208633094,0.8747921353810036
9_28092,0.8431892650959588,0.739282769991756,0.9474296972953609,0.9412282632621616
9_28097,0.8522442633806466,0.7363614940497231,0.9000412005197604,0.8072285450630575
9_28106,0.764416954702565,0.5883687817033016,0.8665718687048228,0.7903742245347208
9_28112,0.9040703975031428,0.8136850401001344,0.9729539701884317,0.9603925515853045
9_28117,0.6263385008790155,0.6443123938879457,0.8855840455840456,0.8527155887230514
9_28153,0.8557290214664065,0.8589427950760319,0.9109372530425162,0.9367503844182471
9_28162,0.9233820388514086,0.8334791119996668,0.9527341790295993,0.897068319772698
9_28173,0.5580304359433998,0.36222087194288316,0.8663076405250757,0.7830841719504392
9_28176,0.939951530383269,0.9061116664286735,0.938928437617085,0.8933445898410018
9_28180,0.7001095290251916,0.7130137821685572,0.7368854710244438,0.7536626474782834
9_28184,0.8432722765459303,0.7667956026058632,0.9261182108626198,0.9092032754802493
9_28187,0.8419149302565869,0.7717187917669073,0.89850216791486,0.8606271777003485
9_28195,0.8001124148106513,0.5670298987862101,0.7158691964814011,0.5518358531317494
9_28198,0.8196887578840607,0.5691796787687199,0.8491473217639546,0.7435388331844204
9_28210,0.8791424871708791,0.828077801517719,0.8962400385088517,0.8678478485615486
9_28244,0.8405276485483776,0.6217082078554494,0.9288503540935866,0.822067293119127
9_28247337.003,0.6952961480556678,0.6133231887733536,0.8077190542420027,0.697593827644828
9_28278,0.647754661052165,0.5760618808522188,0.6590117291836024,0.638945895522388
9_28313,0.8416799060578849,0.7622730329522529,0.9277674992291088,0.8929209537305157
9_28316,0.8575209061077591,0.8055753093443322,0.9301852958756724,0.9399707174231332
9_28321,0.896246516964432,0.8874446404781623,0.9611685073031706,0.9610379870251622
9_28334,0.8246949327817994,0.5310263699637291,0.8424611825421542,0.6163080076123555
9_28579914.05,0.8960649756775538,0.6429094571088528,0.957193539352068,0.7855178735105408
9_291000,0.869200316706255,0.7994035664293104,0.8894072922066701,0.8179373319156921
9_293029,0.8930848455125061,0.6859302325581396,0.8759764651131868,0.7566907353522291
9_299086,0.8225712998133007,0.8277983348751157,0.9111044372700653,0.9008190618019359
9_299091,0.26884570452347156,0.16230246424550723,0.2205075480725185,0.47111795266499906
9_3,0.5035250316856781,0.30990359333917616,0.46208333333333335,0.3463367297428433
9_300091,0.03852551086533892,0.07112249856429739,0.018537263683118105,0.21535836177474402
9_304034,0.7802982686703617,0.6485910719473226,0.8731884057971014,0.7894565923360035
9_304074,0.7351895132608475,0.7917363107575048,0.9193739313428909,0.9521516924672246
9_306005,0.2967727625596096,0.07609039548022599,0.44857832959023686,0.2792296673563584
9_309004,0.5870897944464479,0.44063732693943847,0.6156615661566157,0.4488974730403992
9_317080,0.8802109313760422,0.7964967198374904,0.950401195720579,0.9350491049662185
9_326038,0.8464458025088453,0.7887478996465612,0.9171147917114791,0.8869850303105282
9_35008,0.756789308053926,0.5650035637918746,0.9599308451133937,0.9344815940560621
9_35010,0.831392277123102,0.5162728809292624,0.8929640718562875,0.7414952128743125
9_35058,0.376499940596412,0.19937084935337296,0.48976109215017066,0.30854545454545457
9_35070,0.8146266829865361,0.7945949998125866,0.9090909090909091,0.7514668209238906
9_353013,0.5850420218155808,0.33807674551231565,0.6474259485519929,0.505505568489272
9_36008,0.6402233240281655,0.564436161609058,0.8271882915845764,0.7331917069908336
9_36011,0.8764276868033577,0.712448255470136,0.9502698920431827,0.8595319512716393
9_361084,0.9205446577629383,0.769832812787066,0.8655752436045042,0.6685501186574754
9_36253,0.03525619501712444,0.05893072785157537,0.0010104363641612656,0.09798529323847671
9_36254,0.0,0.0,0.0,0.0
9_36302,0.06075247806160514,0.19099560906797003,0.0018759801263355366,0.17145022042615723
9_37073,0.8279336974948202,0.6878046748052165,0.8932188113037485,0.8220127529803161
9_376020,0.8906634436914577,0.7206299851291064,0.9146895961824157,0.7338120188886733
9_376043,0.9358774846148404,0.8545924589044437,0.968577258393619,0.9216470826580226
9_38082,0.5941137222922381,0.5295552005381317,0.7110269850514463,0.7268704746580853
9_388016,0.9121983544094097,0.8088101071239852,0.9546180699366902,0.870845921450151
9_41004,0.8661667280088333,0.8719336347776552,0.9104921170603939,0.9193215505272243
9_41025,0.877473164528556,0.7832062832062832,0.9095039444880426,0.8535929638591235
9_41069,0.5136584826365849,0.3148608500576002,0.5869466882067851,0.4235150820376872
9_42044,0.8975075704635453,0.6707352655125463,0.9504295259306396,0.8282147184322816
9_42049,0.687595098902859,0.43702474028060406,0.7387422741096831,0.5532653350332908
9_42078,0.9243950039032006,0.8623777439687025,0.9650787075393538,0.9249359209080923
9_43070,0.5736798163222709,0.44576710314403756,0.7985969274487168,0.8004407558493928
9_43074,0.809850863422292,0.7740387732607145,0.8815529466465186,0.847617674619765
9_45096,0.6942618051404662,0.3293244512004292,0.819831147835459,0.5896704320484453
9_46076,0.7332856632105827,0.5291109715618552,0.8735660847880299,0.7680606349711135
9_46829866.bigbruiserweb,0.9208826695371367,0.8073972602739726,0.9472740786079658,0.8852241219963032
9_49752508.babygrizweb,0.8995403808273145,0.7800751879699248,0.9492599171107164,0.8891288696904248
9_50017878.bearssittinginbrooksfalls640,0.9441476204610666,0.8854281888571928,0.953657145819294,0.8894451397580309
9_50314,0.2539946737683089,0.13589330108177114,0.0,0.2101341912542861
9_52_52999,0.8867778208607987,0.7839234745043585,0.962730785744955,0.9258188005104211
9_53915802.20051221_11miamibeachvigilancia,0.37560019206145967,0.25650195058517555,0.8399027792454824,0.7269462153183084
9_53915806.20051221_19miamibeachlifeguard,0.7940689830724195,0.7425413118267441,0.875928125928126,0.8356771823134423
9_53915807.20051221_22miamibeachcouple,0.8607594936708861,0.8003089996137505,0.8910920685532084,0.8577836411609499
9_53915808.20051221_24miamibeach,0.8968985750209556,0.678620240807029,0.7893555043087753,0.5511067508737507
9_53915809.20051221_27lifeguard,0.8795356343380707,0.7894579065700724,0.8288947308263802,0.7255645033949155
9_54363879.teenagegrizimg_6010640,0.8904692184340793,0.7460323665077008,0.9443484791588435,0.8751043231513937
9_54375701.bearfishimg_6001640,0.8876979936642028,0.7825670498084292,0.9053419175221855,0.7924276685800429
9_55075,0.9221374682172482,0.7866475462077757,0.9737605426391183,0.9383425288663898
9_58060,0.8317601001569921,0.4059181132351864,0.9237897561691512,0.6815074496056092
9_59078,0.0,0.0,0.0,0.0
9_61060,0.5086666021109713,0.538034798688745,0.7855301914580265,0.6672752501278025
9_61086,0.7000911577028259,0.6943896991196952,0.9182203389830509,0.9249463902787706
9_62096,0.7790985997666278,0.8418056120374136,0.8332795872299258,0.8352608090599357
9_65010,0.056695298516157046,0.030663738972995878,0.02120083804643993,0.2756844211691574
9_65019,0.9666993143976493,0.8866657338743529,0.9697493865400861,0.8534511393077792
9_65074,0.8735112428959724,0.7212307120282581,0.9052640227870289,0.7527824410868619
9_66053,0.87387627609325,0.7721407389596858,0.9093553492749283,0.8765551395096026
9_66075,0.8779303062302006,0.644907740234843,0.930054134049928,0.8042127261727988
9_66136,0.1717447738762126,0.5271317829457365,0.16962503371998922,0.35075403645518144
9_66175,0.11203580669976922,0.11247681733881232,0.02090497737556561,0.16418412858705714
9_67444,0.11571655249816169,0.11683516483516483,0.172572880449318,0.1573917286111988
9_69015,0.8593753518430949,0.579391486296436,0.8958249192245558,0.6984150171645607
9_69020,0.8817422977690089,0.8261054905081278,0.9274522145294332,0.8871763613142923
9_69040,0.8055142503097893,0.6830653865818327,0.8987756886751203,0.8465504073319755
9_71046,0.16373621506709773,0.1126654170047282,0.1565591791865152,0.2679923677777115
9_76053,0.1336188958475015,0.03879706997460154,0.006744343453877393,0.1916514729872373
9_78004,0.3475060395054711,0.22028711872131254,0.410476961478783,0.48722479583552225
9_8023,0.7885629154251662,0.6679203742775892,0.9194963214487832,0.8677248677248677
9_8049,0.7937505532442242,0.6610988126383578,0.9068181818181819,0.7901317759808326
9_8143,0.7836743450162238,0.36874833098081106,0.7909663204280768,0.4951103024789629
9_85048,0.8932005494505495,0.7646749421418052,0.934127025751298,0.8398848411028679
9_86000,0.18998993240327916,0.17900379449497078,0.18175112488013573,0.18872609883287808
9_86016,0.6474171989809105,0.30516177451634424,0.9762256853600273,0.9389858561540776
9_87046,0.7978474496958353,0.7516962697144236,0.8185821925076939,0.7527363964246511
9_90076,0.21318454935622316,0.0826712570621469,0.22383647572010526,0.10244782953244695
9_92059,0.35560772981759076,0.1415918354837721,0.07076788830715532,0.11531169844987176
9_94079,0.8892206995295562,0.80268162434208,0.9196125691840743,0.8678361675175617
9_95_95660,0.9181345258738706,0.8409207598836215,0.9239788199697428,0.8513431804439837
9_97017,0.21841848615727563,0.0,0.6664715126490617,0.5511388860430967
9_98350,0.8697282762524766,0.8256398666591332,0.9465189873417722,0.9315481686672823
9_c_121,0.8880285152409046,0.8655031622768393,0.8916566224722111,0.8646766169154229
9_c_141,0.9090871642774757,0.6697382769901854,0.9067441250982791,0.6838809831824062
9_c_146,0.9060696071288461,0.7479631053036127,0.9739688359303391,0.9345346913902672
9_c_39,0.743982292723416,0.6329155672823219,0.8325491873396065,0.7918183765260227
9_c_51,0.8793945606946874,0.7093490106108402,0.9407109411066412,0.8525352767870987
9_image_0003,0.6048231678733267,0.31265028750653423,0.8358647450110864,0.5633874239350912
9_image_0004,0.8900762538932445,0.8273387955376568,0.9481393975191967,0.9118890159614141
9_image_0008,0.8031353919239905,0.4741913939509589,0.9721803056684079,0.9007587457194656
9_image_0012,0.003527419809989653,0.05907618114686158,0.005737936224249836,0.07021372667068031
9_image_0014,0.9033496732026144,0.6479356088835893,0.9613133559639471,0.8404343730954623
9_image_0015,0.30984245299000507,0.30378693300041615,0.3299283231039959,0.31700305444091753
9_image_0016,0.8090820476622634,0.5470076049818142,0.9344113943972301,0.7851579813841575
9_image_0018,0.8451449122064735,0.7760732185661364,0.9037902536335138,0.8493016759776536
9_image_0025,0.6532916666666667,0.4601072652880681,0.8518233320499422,0.758202383008116
9_image_0026,0.5753049432912476,0.3125739728343572,0.6035382074241502,0.3545638945233266
9_image_0027,0.4366713576772091,0.3916108215438074,0.48867748554374185,0.4258904109589041
9_image_0035,0.6334311940243041,0.3856053082010861,0.961224026342682,0.8859063471739528
9_image_0036,0.8680741306839893,0.7759962573895292,0.9334724898308714,0.8693544628291774
9_image_0039,0.8893225823018849,0.7553162326218915,0.9688429798461797,0.8878467283072546
9_image_0044,0.9158552833862867,0.8340074219238628,0.972853397421892,0.9169197784527425
9_image_0050,0.7404709772554627,0.648879803078977,0.7815082154050718,0.7165236523652365
9_image_0054,0.8408212068790069,0.5139971817754815,0.9624407582938389,0.8382344445086372
9_image_0057,0.8821742707080934,0.7507220396374863,0.9346043460434604,0.8198326980093181
9_image_0058,0.3769520732364028,0.26699904877488767,0.36994980262196014,0.2086573261188949
9_image_0067,0.9085885451634561,0.7429419640258456,0.9638043896804005,0.8730764172037354
9_image_0068,0.7883819401493887,0.5879137877694132,0.844905273937532,0.7147474747474748
9_image_0072,0.8606688336730759,0.6834014623754966,0.9379314521012474,0.8114405434575582
9_image_0074,0.15264375845959044,0.21955434849700636,0.18530295000883237,0.25552608311229
9_image_0083,0.9304809934385337,0.7686754966887417,0.9774847402971323,0.884804265469342
9_image_0084,0.43587985187217115,0.18770042852683258,0.9033258659314148,0.5423434649103289
9_image_0086,0.9356949702541915,0.7988096778367189,0.9760567375886525,0.8789843696675995
9_image_0089,0.8909499054820416,0.7093099151486382,0.9594551179078584,0.8208059263043617
9_image_0098,0.0,0.0,0.0,0.0
9_image_0101,0.943307158095411,0.834332784184514,0.9794510705561144,0.9373272526257601
9_image_0103,0.8475847736834102,0.6169732349377685,0.9751410437235543,0.9155786350148368
9_image_0104,0.8832881933995386,0.7335615553546053,0.9299766056997023,0.8101537841649319
9_image_0320,0.7280286343612334,0.3452546296296296,0.926178838412881,0.7927295259733553
9_pushpin,0.11177017079968556,0.11183964031472461,0.25785846360732895,0.23885403596821414
9_ss07002,0.7768425519875513,0.7518648125978451,0.8847914759011072,0.8741079505477938
9_ss07003,0.8692174444670878,0.8031537077374752,0.9109480256311956,0.8396177564374147
9_ss07033,0.6580974341362901,0.7655736070965813,0.6336224283985478,0.7780694386112278
9_ss07036,0.7943116845037385,0.681195098752308,0.8695342416956096,0.844015787425649
9_ss07043,0.05369889402982508,0.10111618379710799,0.0005376189241861314,0.39225655064528747
9_ss07080,0.5203650498563461,0.37119625477393126,0.8822625268982478,0.8868194842406877
9_ss07084,0.8243516822520004,0.707840616966581,0.8232136866823214,0.7996435467102332
9_ss07085,0.27046201765011246,0.24135126681263686,0.0,0.05743318859393885
9_ss07087,0.8458669299544731,0.8063821386266556,0.8647254889629583,0.6958454574846428
