subdir,unrefined_iou,unrefined_boundary_iou,refined_iou,refined_boundary_iou
2007_000033_aeroplane,0.8254445421286974,0.7771054856075099,0.9133799993832681,0.9073791736545205
2007_000042_train,0.8664478311840563,0.5371434297548267,0.8683093083026037,0.5509704669638966
2007_000061_boat,0.707492795389049,0.7363608539291453,0.8244222145567437,0.807262917617763
2007_000123_train,0.8795516011445146,0.6072456153518977,0.933856278667819,0.7334833410144496
2007_000129_bicycle,0.7695380518283315,0.572445766270119,0.8136530883849586,0.6050982971064655
2007_000129_person,0.8757462354094271,0.7904447583787997,0.8917035047751241,0.8317634462930216
2007_000175_sheep,0.7846450546422996,0.5799722379714168,0.832090343848426,0.7012928473374721
2007_000323_person,0.9581836023415559,0.5723725681991088,0.9731261476439647,0.7249537967870997
2007_000332_horse,0.747556567144196,0.6700788402848423,0.7938904617105309,0.7108922489532942
2007_000346_bottle,0.8843559904787094,0.7905826824745744,0.9224806201550387,0.8706755493221131
2007_000346_person,0.9378326392649723,0.7382222364176435,0.9364017833726724,0.6971258613581482
2007_000452_chair,0.0,0.0,0.0,0.0
2007_000452_sofa,0.4206763981498168,0.371103749435326,0.6474809477211398,0.47265512830553164
2007_000464_cow,0.8729602061265388,0.7824139188414857,0.8954872850213141,0.8067630301751424
2007_000491_cow,0.9282477267141804,0.5652271907681212,0.9379306164508112,0.5992508579559722
2007_000529_boat,0.07225630538513975,0.21784987686047758,0.11784483483231066,0.2760932181199267
2007_000559_bottle,0.8843037974683544,0.8918476034412126,0.862053266560437,0.8240594179958602
2007_000572_bicycle,0.22033608268592356,0.4080006111224282,0.2159639949698855,0.3938710566538876
2007_000629_train,0.7297986699462512,0.5229227745739231,0.8064272554290374,0.6431166449155232
2007_000636_train,0.9618925071760863,0.8863730071467839,0.9511486402582888,0.8587595733041575
2007_000661_sofa,0.8423610621962386,0.7493914454619218,0.8335180055401662,0.7394218208667007
2007_000663_bus,0.8863195672321658,0.5584200630279919,0.9338283209257321,0.7498490820638471
2007_000663_car,0.627159501807955,0.5445263754963131,0.6622482131254062,0.588743864346274
2007_000676_sheep,0.9535001877664627,0.8635514600585269,0.9601323738450604,0.8940538817152878
2007_000727_bus,0.8571525240221951,0.7933976261127597,0.8671962187356397,0.8058247082140497
2007_000727_car,0.7064667630057804,0.6814291323125246,0.5777686740406937,0.49988690341551684
2007_000727_person,0.5572550640760645,0.88672,0.521889400921659,0.7961973601508485
2007_000762_bottle,0.8155832476875642,0.6847495779403489,0.8672277047890052,0.7451314048024201
2007_000762_diningtable,0.8763501150917783,0.49610411372078084,0.8772023176067163,0.5988091490924352
2007_000762_person,0.7671057284299858,0.6683073965428662,0.7732444008209155,0.70325087031836
2007_000783_horse,0.8657824933687003,0.7565950854241081,0.8674355387822966,0.7595951880847813
2007_000783_person,0.796181843153413,0.8303202479338843,0.7986987638256343,0.8669678714859438
2007_000799_horse,0.8634534334695947,0.7261613231360434,0.8602301166323013,0.7037251985926222
2007_000799_person,0.8947861275542623,0.7087378640776699,0.9014010565344358,0.749266862170088
2007_000804_chair,0.16110227874933758,0.3159790438768828,0.15105203298265568,0.23339445802770986
2007_000804_sofa,0.6729966152358345,0.4047003525264395,0.6600161310863013,0.43467995802728226
2007_000830_chair,0.6221388728601654,0.6872188664696054,0.6165028495911457,0.7266120303077162
2007_000830_diningtable,0.7064989517819706,0.5582074038538418,0.6991869918699187,0.5569405546132302
2007_000837_boat,0.8221778221778222,0.7108913813459268,0.8627450980392157,0.7173558618645324
2007_000847_person,0.9170066793604739,0.8725616591928251,0.9491421756017003,0.9220563847429519
2007_000925_sheep,0.908043886767291,0.8546146283076134,0.92193400098506,0.871890197773695
2007_000999_person,0.9547533810660302,0.7727097421129766,0.9626958412853402,0.7725447884779445
2007_001154_pottedplant,0.3632246376811594,0.8914904330312186,0.339171974522293,0.8757984386089425
2007_001154_sofa,0.9655942155578202,0.8375546739904384,0.966748046875,0.781289852432137
2007_001175_person,0.4006831687801226,0.46288629306520773,0.3861528765643288,0.4567486677859698
2007_001239_dog,0.8487981335216935,0.6962180938256186,0.8677132986399615,0.7366104758536681
2007_001284_person,0.9332869671053347,0.7501708861575764,0.9391315900183779,0.7571131593447878
2007_001288_aeroplane,0.7898581681476419,0.7958585661261965,0.79388853023456,0.7907376006782535
2007_001289_bird,0.8179045092838196,0.8575595197720952,0.8388971482632788,0.8906783130885765
2007_001299_cow,0.8600840550611696,0.8870598395728923,0.8947051957698158,0.9181766366660923
2007_001311_bicycle,0.4591889496232826,0.7492927864214993,0.4749923873325213,0.7795343715589115
2007_001311_person,0.7946563444108762,0.817155193888566,0.8209929078014184,0.8483694650862863
2007_001408_bottle,0.8440958521797709,0.8395392006988426,0.8658619024625784,0.8502320899278564
2007_001408_person,0.9163292034865341,0.6405490313411624,0.914829127832083,0.6660253076789738
2007_001408_pottedplant,0.3218510064328699,0.6567234848484849,0.38854771784232367,0.7769419174247726
2007_001423_person,0.8874304589707928,0.8002148502442643,0.9102297072125685,0.8334833483348335
2007_001430_diningtable,0.5756899169420381,0.21304192411785733,0.644028416960815,0.23352288112645544
2007_001430_person,0.968707015130674,0.7785629125592486,0.9612742805091213,0.7382187396534599
2007_001430_pottedplant,0.6185972060535506,0.7100044634317414,0.682181014368169,0.6184859734035055
2007_001457_chair,0.5324523251923721,0.68870437098543,0.43925996463066247,0.5812815080002922
2007_001457_sofa,0.9535407081416283,0.8970067950805863,0.9651197754836123,0.9247970940462001
2007_001458_sofa,0.07624321449030252,0.10242674583709824,0.19430426361875666,0.08232235701906412
2007_001526_person,0.9269946419873356,0.7627546350775346,0.9401026189627164,0.7886793419771434
2007_001568_aeroplane,0.7857759364750561,0.5830205463105596,0.9574907684192017,0.8484161563824776
2007_001585_person,0.9228807718814611,0.9315675003883797,0.9468032844410134,0.9570932343885687
2007_001585_sofa,0.30069101009416704,0.3354381859264041,0.45596098873381535,0.466222382579536
2007_001586_horse,0.7432432432432432,0.7746295323173936,0.7649379552198543,0.8152739418074378
2007_001586_person,0.8667959427207638,0.8786330935251798,0.8447495046702519,0.8728664746786542
2007_001587_bicycle,0.3389332213355733,0.6747681933127283,0.39433729995896594,0.7238470191226096
2007_001594_person,0.8039332538736591,0.8855402023718856,0.8184026723352567,0.8990876113004287
2007_001594_sheep,0.6606725146198831,0.8122134488028527,0.7334070796460177,0.9160976226605969
2007_001630_person,0.7765541924049761,0.8063597478613237,0.802552254431248,0.8428334318584876
2007_001677_chair,0.34191482548831253,0.44534133976472906,0.354245370657088,0.431841255191509
2007_001677_diningtable,0.14667327995465174,0.3258543895433543,0.21214881244307435,0.4094735981690371
2007_001678_person,0.8829983012457531,0.7645347110873567,0.8512317299114801,0.730426272292301
2007_001717_chair,0.016487455197132617,0.1307877888095017,0.49928353931578007,0.3911508783450993
2007_001717_person,0.872500251231032,0.8226889620047776,0.8695944767079584,0.7997839315636299
2007_001733_sheep,0.7353515625,0.9202104487115043,0.7505218169168075,0.9301797988690618
2007_001761_aeroplane,0.9266682010516438,0.7720055495606598,0.9588660864582214,0.8481155132492925
2007_001763_cat,0.9133684389332427,0.7473370414803504,0.9584243238703175,0.8783983619610966
2007_001763_dog,0.9239217611915869,0.7728143612811862,0.9116603857237863,0.7308592251630226
2007_001763_sofa,0.8223653378082151,0.7094488075092926,0.8278175180315218,0.682854448635456
2007_001774_cat,0.9390910596940748,0.8200213591141589,0.9570449638599455,0.8516314672030394
2007_001884_aeroplane,0.832066276803119,0.8258836009450793,0.8327456399504432,0.8602492306139953
2007_001884_bus,0.8763063484635782,0.9102193116052391,0.9032110789834119,0.9239690721649485
2007_001955_horse,0.6948338005606728,0.800552104899931,0.658321060382916,0.810140384353278
2007_002046_horse,0.9365164189196558,0.8057997452389565,0.9486594788461112,0.795964361374461
2007_002094_bird,0.901352551047052,0.8936424327800576,0.9150665079447233,0.9176155391828533
2007_002119_person,0.8069744867122108,0.6107545309039174,0.855239095755029,0.6986828740866944
2007_002260_motorbike,0.956248483912938,0.8709452610238216,0.9725532683279162,0.9173487143133338
2007_002266_aeroplane,0.9241229917564233,0.8954502491837085,0.9415335561210412,0.9026968247063941
2007_002268_cat,0.3254040866117719,0.5967928159076331,0.8746227709190673,0.9009526295184653
2007_002268_dog,0.8614232209737828,0.6501254967580005,0.8078783250604556,0.6202144718380437
2007_002268_sofa,0.8089723087282216,0.7210733957193771,0.8630664577011571,0.7376333127070215
2007_002284_pottedplant,0.7767459763754901,0.7265922700054437,0.7996389891696751,0.7697751625151581
2007_002376_aeroplane,0.7822348729385528,0.7372259201252936,0.8219643187851102,0.7840002033657024
2007_002378_person,0.5527336860670194,0.5583829209729617,0.5579450744637245,0.5791239660822972
2007_002378_pottedplant,0.5437693879095105,0.31711904363172605,0.5996263397685929,0.39001118151323144
2007_002387_cow,0.8630412890231621,0.8854568854568855,0.9101290963257199,0.939816987329892
2007_002387_person,0.7942723553477499,0.9375064346751776,0.7763833428408443,0.947565543071161
2007_002400_bird,0.9689052785466133,0.7929575631346004,0.978406546296065,0.7671515804597702
2007_002412_bird,0.7789772727272727,0.875588637399362,0.7664104080425783,0.8654263565891472
2007_002426_person,0.7244261296032967,0.61311242719397,0.8684028578013367,0.7807151946399356
2007_002426_sofa,0.10627558687878945,0.1937223747493039,0.08966717600510013,0.18752441492950744
2007_002445_cat,0.7630565310977682,0.4049624278505826,0.8171762248385872,0.5235509339495474
2007_002470_cat,0.9075235693790602,0.7170944518350418,0.9275520707577741,0.7716088960128231
2007_002539_bus,0.9820750447631977,0.5010295126973233,0.9857456787693922,0.7128913058634874
2007_002539_person,0.8216317419169007,0.8105631905146861,0.8278741631272046,0.8317091454272864
2007_002565_person,0.9020876826722338,0.9228986540689901,0.8869635301229095,0.9419804250066132
2007_002565_train,0.8401975654338273,0.6498613150595529,0.868333288866359,0.6983438604974462
2007_002597_cat,0.7747624995268915,0.6733706646339676,0.856923358331809,0.8036714564052606
2007_002597_dog,0.8289029149097766,0.657885124646151,0.8317730423088859,0.6838001667530478
2007_002618_sheep,0.9012515509521497,0.7794985364947112,0.9075634814000516,0.80155551775857
2007_002619_aeroplane,0.8924461029724188,0.784411787335539,0.9461558814635621,0.8980270540468855
2007_002624_diningtable,0.7027490768025663,0.50086887835703,0.856425889438269,0.652530612244898
2007_002624_person,0.856924360400445,0.7898932124494205,0.878945530726257,0.8279446744780196
2007_002643_car,0.937598640281656,0.8710481437754165,0.9410464259395726,0.8817518248175182
2007_002643_motorbike,0.4098573281452659,0.5649927219796216,0.46252022290131223,0.5802504886700934
2007_002643_person,0.8188446438586652,0.8715432649420161,0.8341618337475836,0.8753937116649169
2007_002648_sheep,0.7081364719655475,0.5147356012125295,0.7582777790082169,0.5737535796232724
2007_002719_boat,0.2657777578916754,0.2755213479640127,0.4753344481605351,0.32164733747141455
2007_002728_person,0.9592537924362139,0.7882859514422079,0.9617425862112332,0.7899100923180755
2007_002728_train,0.3573304157549234,0.5439900867410161,0.8995175162576043,0.8975027144408252
2007_002823_motorbike,0.8776841100683951,0.7565621271518663,0.8592609843192051,0.6553748541423571
2007_002823_person,0.825210244648318,0.8633371416136227,0.8546992302575311,0.885900169482259
2007_002824_person,0.8838684682066928,0.5921370359191066,0.8977052692291847,0.5458591014691928
2007_002852_dog,0.921833375396091,0.7807676049152369,0.9465768605270354,0.8276423968594919
2007_002903_cow,0.9467803488964417,0.7604851936629238,0.9652248101697808,0.8376983978087126
2007_003011_chair,0.3086350974930362,0.47635921303152107,0.42093100033014197,0.5020365535248041
2007_003011_sofa,0.9487455928203036,0.8428849319168038,0.9198357335733574,0.7087771694043471
2007_003020_person,0.9403678309542849,0.7869897268312058,0.9582540375381929,0.8584898817726844
2007_003020_pottedplant,0.17281158109025108,0.24793053075799384,0.13832442067736186,0.20771654076758916
2007_003022_horse,0.7289081619509682,0.7856887979636986,0.7608921395999819,0.8079790103477024
2007_003022_person,0.5944926442851755,0.8597438473129081,0.5862316242380782,0.8507426345264183
2007_003051_car,0.9478347271673428,0.8503515895810637,0.9564840785348953,0.8728851624494685
2007_003088_person,0.8682707721079348,0.5390271493212669,0.8805497723387329,0.6440730907387162
2007_003101_bus,0.9663015934372718,0.697004738267148,0.957656039129052,0.649203791210292
2007_003106_person,0.8476937228963161,0.6875135065047326,0.8301528752052195,0.7105304722579481
2007_003110_dog,0.626454615981381,0.6465320029204186,0.7229531471840984,0.725187472430525
2007_003131_boat,0.6916275214147555,0.7080366225839267,0.8696969696969697,0.8454780361757106
2007_003134_person,0.546763607323789,0.26920547224414626,0.5233413473020523,0.23382393779505692
2007_003137_bus,0.956446777576202,0.791384198200419,0.9316952557564518,0.7120662117032089
2007_003143_car,0.9603756298671553,0.8308638951815344,0.9642485309428436,0.8353490674007856
2007_003169_cat,0.6405203407277013,0.44092514923165277,0.6186419338593252,0.38011029744146096
2007_003188_bicycle,0.3466751152884852,0.544844807660558,0.3535300500542546,0.5544339856328957
2007_003188_person,0.8574293430305623,0.6783320722084099,0.8527623791542808,0.7494417907916678
2007_003194_dog,0.8454658749358551,0.7721033424566642,0.865562432655925,0.8061591139668584
2007_003195_bus,0.9255749305029063,0.8202008112241506,0.9422202576408184,0.8544359477566489
2007_003195_car,0.5396666666666666,0.6653259197917899,0.5671734408935775,0.676229034123771
2007_003201_cow,0.8527410622835683,0.7224412940550423,0.8738137126149119,0.779202044349188
2007_003349_bird,0.9169137573728678,0.7633777600954844,0.962131602716355,0.9125028781947963
2007_003367_motorbike,0.8506962806275339,0.8424012979989184,0.8787355329072378,0.9051251745997636
2007_003367_person,0.774728781110402,0.866331184148451,0.7799240025332489,0.8492298117317566
2007_003367_pottedplant,0.3686695278969957,0.450359602724609,0.3700008600670852,0.44950245911014525
2007_003373_dog,0.7438370293965962,0.5474303611256109,0.8004811383528689,0.6276076342654239
2007_003373_person,0.9144845169171933,0.8109152661474498,0.9566811062979007,0.8933845966068595
2007_003499_train,0.9540143142314621,0.8305962988348183,0.9593340644986383,0.8525283599307826
2007_003503_bus,0.8664379890663523,0.6571656595599134,0.9546006639855327,0.8561743341404359
2007_003503_car,0.782653694887187,0.8282682970688725,0.8131778187026806,0.8577199281867145
2007_003503_person,0.662663077241665,0.7380295211808472,0.6650465775617659,0.7356699097409448
2007_003506_pottedplant,0.02081657604324185,0.18300782534359178,0.6836816840096605,0.5047885269810404
2007_003530_person,0.8993032696949748,0.7195975137274577,0.9212929042439272,0.7932592268097689
2007_003530_sofa,0.7744418783679754,0.4950637364300034,0.881222800127375,0.5789230946615934
2007_003571_boat,0.9059299191374663,0.8515962036238136,0.9574468085106383,0.889851150202977
2007_003587_train,0.8294065926178471,0.5261522884690614,0.8412944937063189,0.5779237971454015
2007_003621_bicycle,0.2357470753739079,0.7889866405995438,0.2350767481523593,0.7890752463616785
2007_003621_bus,0.4824478178368121,0.4101548433561397,0.5267227655219467,0.4456610261514795
2007_003621_person,0.8094800661399963,0.746326164874552,0.8131014063656551,0.7486023444544635
2007_003682_bird,0.7804132712456344,0.8188904172397983,0.44673254172548366,0.5318153576258178
2007_003711_bus,0.9414420115597182,0.68460991827826,0.9394329168315713,0.6798038273883257
2007_003742_diningtable,0.7870582099731215,0.31642569329224934,0.8370802220181288,0.379824724967369
2007_003742_person,0.9318838254172015,0.6469024503005085,0.9299357945425362,0.6570943970054978
2007_003786_bus,0.8549586776859505,0.7528163725122042,0.9497114591920858,0.9031998390018112
2007_003841_cow,0.2654430968480555,0.1975354544005949,0.6194628260023355,0.32754952941682064
2007_003848_train,0.6865747570839904,0.4314350551113032,0.8475531070081398,0.6257545891339165
2007_003861_boat,0.7215415390385698,0.6526975097582378,0.7180468823547871,0.6414640996037071
2007_003872_dog,0.7855270057682223,0.9188363023084221,0.8043303929430633,0.9153903031583395
2007_003917_car,0.9062419766511108,0.5881600194997105,0.8792926478782369,0.6016409208390936
2007_003957_train,0.8322500848814085,0.6469659768502279,0.8514883306962026,0.7046033849918434
2007_003991_cat,0.9528040547472965,0.8750774702918273,0.9604619985562545,0.9049921659733103
2007_004033_motorbike,0.32358672075097117,0.20681010183991727,0.31923086179096577,0.20452801227935533
2007_004033_person,0.756937200083455,0.8061276770160877,0.7635919364691509,0.8163814444085674
2007_004052_aeroplane,0.9109818001733316,0.8952622821613101,0.9148604882909815,0.8991958518258119
2007_004112_dog,0.388422297500451,0.29034353934865587,0.3447278997819141,0.22691131498470948
2007_004112_person,0.4678113092872671,0.15781455055586563,0.5344251684562129,0.21059678653404743
2007_004121_person,0.747743541861189,0.7913424124513618,0.7344876214352868,0.6592311804441853
2007_004121_pottedplant,0.6918214901359893,0.706233538191396,0.6936481169196178,0.7978486646884273
2007_004143_bird,0.9240037071362373,0.8451096836747061,0.941495938901685,0.8793348142663211
2007_004189_dog,0.6853112441564833,0.6341164453524004,0.8210018200522275,0.7120558636270281
2007_004193_chair,0.9149201596806387,0.8323197219808862,0.9323440643863179,0.8593498949450006
2007_004241_boat,0.6204363411072267,0.4544966582401219,0.5864965384668961,0.5512738085670659
2007_004275_motorbike,0.9075177850413382,0.7844728956687551,0.9266780814495329,0.8245981830887491
2007_004275_person,0.8905951454249522,0.7380830924445956,0.9024773327621903,0.7519428571428571
2007_004281_person,0.9594360086767896,0.9127037285108283,0.956353472371533,0.8767723102585487
2007_004281_train,0.9404988351963068,0.7146988132792549,0.9507118673495963,0.7564233936771794
2007_004380_motorbike,0.8048588484835232,0.7198872229587169,0.8104280656581911,0.7337320127079051
2007_004380_person,0.7425339784879958,0.7713766945175338,0.8027262747011467,0.8183217273378335
2007_004392_chair,0.5309511826874685,0.5121102449888641,0.7348984929630091,0.680753538508034
2007_004392_person,0.9137288514571067,0.6770132974749739,0.9269304764419631,0.7106317642212485
2007_004392_pottedplant,0.3057259713701431,0.49053030303030304,0.3512456708747626,0.5125589165324265
2007_004405_chair,0.46766694843617923,0.5160918307139409,0.5030328462976386,0.5718264639701444
2007_004405_diningtable,0.6452322469479782,0.4047404353986861,0.671403396947996,0.45546988490334117
2007_004468_bottle,0.15260871064519466,0.2571444628656532,0.24502189681127687,0.33282476629032703
2007_004483_train,0.9592603463457587,0.813268966442053,0.9654910827172798,0.8472964742505245
2007_004510_chair,0.800854655483597,0.6217344257226773,0.8199921290830382,0.6610974862047824
2007_004538_horse,0.6689675770749677,0.7293089169043895,0.6758880340481257,0.7377962194559705
2007_004538_person,0.7862229102167183,0.8476811488021101,0.7945864661654135,0.835254096084421
2007_004558_pottedplant,0.6245875595747281,0.7018374920797755,0.6216264309864168,0.7156511350059738
2007_004644_dog,0.48743626257522166,0.348372403502572,0.7242149400665421,0.49279400879522794
2007_004649_train,0.8250719460156792,0.6766975110860483,0.8685889922117163,0.7387870463310264
2007_004712_chair,0.2829367382472432,0.5074826173044159,0.2650481091966883,0.4993965624869949
2007_004712_person,0.933820782409137,0.8377367808388303,0.9499631479813283,0.8267530331071355
2007_004712_pottedplant,0.5955434641792978,0.42728429625859,0.5991757163417506,0.43125740483181374
2007_004722_person,0.7863898112731705,0.7276709034695981,0.8079236851151599,0.7471746105153626
2007_004856_cat,0.8701367860499113,0.5264536716041601,0.9055591748099892,0.6563982037184707
2007_004866_cat,0.9322957635689403,0.637097651152675,0.937076182899572,0.6174006609791715
2007_004902_horse,0.9668874172185431,0.6318973641808288,0.9545917372560064,0.621768988181202
2007_004902_person,0.9597947682731937,0.7351052048726467,0.9660349952709093,0.7603629372596831
2007_004969_sheep,0.9105745584618824,0.915395614871306,0.9244502503810146,0.9575
2007_005058_sheep,0.7335473515248796,0.9210526315789473,0.7039024390243902,0.9071963529794855
2007_005074_boat,0.8201686577652846,0.6077614623913695,0.8255900621118012,0.6211266330748574
2007_005074_car,0.5071622144792877,0.6831023812727028,0.5922044493473065,0.7325361040318892
2007_005107_bicycle,0.35680043829612385,0.791638519852886,0.3699561093019963,0.8154584953121427
2007_005114_horse,0.29205148716456986,0.3287577733960261,0.27740492170022374,0.33512898330804247
2007_005114_person,0.6094104308390023,0.6411225550411036,0.5980884109916368,0.676737160120846
2007_005149_dog,0.9298894613995684,0.731415420023015,0.9282448067124421,0.6990357603826589
2007_005173_motorbike,0.8699826761018293,0.73193824167411,0.8914420640405436,0.7379041446185787
2007_005173_person,0.7043030824419303,0.6242215288990325,0.7285816416446373,0.6847389080528131
2007_005281_bicycle,0.37424924924924924,0.7565728012811958,0.36444602778767365,0.7547766504150745
2007_005281_person,0.7185761957730812,0.8708931248661383,0.7378895981975216,0.8795690650250096
2007_005294_bottle,0.32612181866777534,0.17759472133460596,0.5226516546848078,0.24361477307034315
2007_005296_car,0.3963645404569187,0.3757096636346987,0.5970145210229736,0.4663806313208704
2007_005296_person,0.8118741058655222,0.9253524381788768,0.780281690140845,0.8962759881197166
2007_005304_bottle,0.3545756569012383,0.3444966305901572,0.5226488675566222,0.490699276610403
2007_005304_person,0.9388441759544247,0.7851543136210917,0.942518292270368,0.7658328269529404
2007_005331_car,0.883681535855449,0.8813111868881311,0.8636281096785909,0.853993299470442
2007_005331_horse,0.7938644814763807,0.8171529958999688,0.8272202502599405,0.8469623299445017
2007_005331_person,0.8557326188125793,0.879869659666908,0.8605682605682605,0.9076503907650391
2007_005354_motorbike,0.8398201003286628,0.7280079455164585,0.9014605001106439,0.8065665318698247
2007_005354_person,0.890683779597256,0.8908773198361051,0.9064876957494408,0.8886025886864813
2007_005428_bottle,0.2372367873491469,0.1797058823529412,0.4602347238591657,0.2830025677329558
2007_005460_cat,0.9533872309097602,0.8822014989415871,0.9666259440248778,0.930498837413783
2007_005469_sheep,0.15005330490405117,0.09575987885368153,0.2488442478464762,0.12479247371333703
2007_005509_aeroplane,0.7482317531978931,0.7642455753374298,0.7994629804584555,0.8185388845247447
2007_005509_person,0.5397614314115308,0.8364179454140799,0.47964250248262164,0.797963408493258
2007_005547_car,0.8430322633252698,0.7410807518273581,0.8992422636710471,0.8491867915229176
2007_005547_cow,0.9350899742930592,0.9085632023776353,0.9329108142057783,0.9155025708695455
2007_005547_person,0.6854428232100441,0.6863562423749492,0.6707559681697612,0.672410358565737
2007_005600_aeroplane,0.5313257881972514,0.757518337408313,0.6597668810289389,0.794020133823618
2007_005608_motorbike,0.723159051656461,0.6816892936930744,0.7533765270928021,0.7261933448706434
2007_005608_person,0.8708171821849537,0.7572989337896538,0.8696306863211285,0.7657085302549005
2007_005626_train,0.8949305889905312,0.5373320318178986,0.9202488220219889,0.609083933671512
2007_005689_train,0.9673722456210119,0.7927393551562885,0.9594864168873092,0.7453756090802023
2007_005696_dog,0.9157792172146896,0.7224807384239835,0.9205045507967311,0.730058515552818
2007_005705_boat,0.32542771320360453,0.3681507518062878,0.32043383723338165,0.36900144188785766
2007_005759_motorbike,0.9099843091915104,0.9389365978439612,0.923153858976496,0.9522095287073431
2007_005759_person,0.6153846153846154,0.9090041361756284,0.6154336734693877,0.9204758922980588
2007_005803_diningtable,0.6978977572173098,0.6017740901885392,0.7844367559960125,0.6818071495440519
2007_005813_pottedplant,0.3318912541173,0.6024765620766271,0.28005052562953303,0.5332325897087826
2007_005828_aeroplane,0.9065963060686015,0.864740217626288,0.947827841969827,0.9194999631241242
2007_005844_chair,0.5561000303735952,0.5704648480459216,0.5833380982331752,0.5138401350518502
2007_005844_diningtable,0.17466124661246613,0.19382642409782286,0.32903139968068124,0.278131379848685
2007_005845_cat,0.8945875822120316,0.7718016678518327,0.918436754176611,0.7593586224107811
2007_005845_person,0.9623634095384107,0.7756697337350379,0.9713505725335557,0.7934093789607097
2007_005857_pottedplant,0.4937129968987877,0.7003973931012558,0.48788551945032804,0.6666251285086763
2007_005911_bus,0.9800770191141044,0.7859998050112118,0.9851267894746155,0.8260362909938406
2007_005915_sheep,0.8820307874481942,0.8023847458498227,0.92643391521197,0.8380752037864844
2007_005978_bus,0.8743927173246545,0.6627285866901276,0.9259192175330556,0.7865637387857292
2007_006028_person,0.8335650723025584,0.6216651931977742,0.8172012489355662,0.5984590981191933
2007_006035_car,0.7387717690192483,0.8760506494924135,0.6158629266270554,0.8834795245756993
2007_006046_boat,0.531966813079551,0.5188036850772175,0.5300958667295301,0.5538849458348898
2007_006076_person,0.9006578718368199,0.6749537494614664,0.9094075429214749,0.7064354527938344
2007_006086_bottle,0.7502911113986286,0.8102448920446312,0.728759422511818,0.7851993214588634
2007_006086_diningtable,0.8962766217153124,0.5910167638483965,0.8836403839192243,0.537992597430873
2007_006117_person,0.8123220569771349,0.4216737450393372,0.8326192743044536,0.4579452541770352
2007_006171_dog,0.7129612019779383,0.4282877924120307,0.6702370815219827,0.3843216293624695
2007_006171_person,0.8118642997030766,0.732834008097166,0.8031898324091957,0.7389855448801177
2007_006171_sofa,0.5425786534392452,0.49729758372191607,0.5276254180602007,0.48884259861997137
2007_006241_chair,0.6634490563525614,0.6648375894553059,0.6843258315076678,0.6763125648034688
2007_006241_diningtable,0.8832150931628596,0.6395453185761292,0.9032027495589756,0.7073136493378878
2007_006260_cat,0.9018553658022349,0.7651261835204675,0.9154419374870627,0.7819209823441673
2007_006277_car,0.8694103951242895,0.6076332441287547,0.9576157804459692,0.8479064412531055
2007_006348_chair,0.40088187418869636,0.3074393967069384,0.45757850864523586,0.3478546122556095
2007_006364_horse,0.9374298154021947,0.8058218052148403,0.9392920665324551,0.8350416561474375
2007_006364_person,0.8857513093245505,0.8429057306038632,0.9001086956521739,0.8923158911501182
2007_006373_person,0.7506129597197898,0.7955168900384043,0.783053839364519,0.8176539819537073
2007_006373_sofa,0.975565985643291,0.9036580178647384,0.9866250866250866,0.8684606888241792
2007_006444_dog,0.8725457935724471,0.8414914189025864,0.8846536294332118,0.8552465613550363
2007_006444_person,0.9216289972710098,0.7887323943661971,0.9426915647134578,0.83596823276182
2007_006449_bicycle,0.3210237697231622,0.4768694489542546,0.3404633074061549,0.5284085409528234
2007_006549_boat,0.7192393736017897,0.8790196078431373,0.8855388051367951,0.9636650868878357
2007_006553_chair,0.21904151119402984,0.10636200949243976,0.5184540389972145,0.2382002262771605
2007_006560_person,0.8980033277870216,0.5076182320531256,0.9144655501854557,0.674345958609918
2007_006647_motorbike,0.8859241430824135,0.7140181278473579,0.8810594428602764,0.7272086024202145
2007_006647_person,0.7974712188498855,0.7694192018964836,0.8534884385628948,0.8084594567505262
2007_006678_sheep,0.8057002977553825,0.39219089569872084,0.8260531108630516,0.43198364862445543
2007_006680_train,0.8521834210346477,0.5833107215860784,0.8689980700816147,0.6537564597675416
2007_006698_person,0.9522101563556076,0.7127197163228733,0.9540839411434673,0.6597446685566731
2007_006761_cow,0.9006468630283239,0.859288722508189,0.9267260721841144,0.8799676744628256
2007_006802_person,0.5700119000396668,0.4919831223628692,0.6352178610010804,0.5526905829596412
2007_006802_train,0.951448258915316,0.5907566252720522,0.9523760606496415,0.5692121797970033
2007_006837_sheep,0.46601941747572817,0.5122253940672707,0.7241222070223439,0.686806411837238
2007_006841_cow,0.8000874763084997,0.8408751579189158,0.7997565076236304,0.8455013632232656
2007_006841_person,0.7452845141860833,0.8315592635212888,0.7366174055829229,0.7525286083425619
2007_006864_person,0.6288445867839072,0.5909017822908808,0.6350963235785235,0.6056795386158476
2007_006866_horse,0.7995837857401376,0.8391215910803074,0.8507658363444505,0.8709652404862067
2007_006866_person,0.8438217730822233,0.9087908600444303,0.7803601662305679,0.74673398548438
2007_006946_aeroplane,0.9018970066417978,0.8788845748777843,0.9353788825735242,0.9174020472996823
2007_007007_person,0.8945681562718352,0.6446091012565001,0.9016796650010118,0.7074662363034061
2007_007084_bird,0.8332855586768331,0.7084725402605203,0.8633345191509546,0.7774050557086378
2007_007109_horse,0.9132825060940822,0.7387414393432794,0.9153649051155652,0.7229806471727946
2007_007109_person,0.9510161901481227,0.847316219369895,0.9592448098091124,0.8208816958203913
2007_007130_pottedplant,0.15312046444121916,0.7676290651497263,0.16434803112473473,0.8281502205961476
2007_007165_sheep,0.5907314349525404,0.3379945429740791,0.6599789218939068,0.47876004592422505
2007_007168_train,0.945057448353432,0.775885058096819,0.9537611449346453,0.8117404454220511
2007_007195_person,0.957499100827239,0.8033218220687387,0.9517451044678251,0.7811957465277778
2007_007195_train,0.49471354806983037,0.45427531386969766,0.8421429423696456,0.7937889758506675
2007_007203_chair,0.2642679900744417,0.5868959554231915,0.2959383964970557,0.6030165054069436
2007_007203_person,0.9027866605756053,0.8852067381316998,0.8987824822823914,0.8810945880058508
2007_007211_motorbike,0.952512725906187,0.8655101004180831,0.972171660599272,0.9229724873218065
2007_007235_bicycle,0.2774916119276027,0.6201036621633104,0.3635090340352024,0.6300459887583035
2007_007235_person,0.5609876239147835,0.4767321613236815,0.61330129245957,0.5210386825883684
2007_007341_aeroplane,0.884270233660684,0.8295814888072588,0.9176659714980883,0.8912678421494542
2007_007341_person,0.6088992974238876,0.655653659925947,0.6460265730759589,0.7141313158605782
2007_007414_car,0.9200475435816164,0.7896696696696697,0.9380346820809249,0.8477987421383648
2007_007414_person,0.8820293398533008,0.9308093994778068,0.8786231884057971,0.9413546851330881
2007_007417_dog,0.6566082216001179,0.5930094002383159,0.6530064214827788,0.5877892793564976
2007_007417_sofa,0.7318548840556892,0.39207199677626375,0.7637576185849306,0.4067824255994306
2007_007470_aeroplane,0.8780875088214538,0.9085305798252581,0.8987630599255434,0.9321583930399181
2007_007477_boat,0.8236344834069756,0.8357286938981341,0.8764224396087044,0.8429977770720863
2007_007493_bottle,0.7347985347985349,0.8469673405909798,0.7547987616099071,0.7756983240223464
2007_007493_chair,0.5458623009643417,0.4855597322820207,0.5085999630109118,0.461344810784473
2007_007493_person,0.9249098899857895,0.6593350299104339,0.9318064848172929,0.7278854254422915
2007_007498_diningtable,0.6080932999373826,0.237635264505303,0.6532242302630722,0.3421613312117371
2007_007498_person,0.8530524563831126,0.3899467392049741,0.8630243806139571,0.4627539025268464
2007_007524_cat,0.9281803912560774,0.7813643410852713,0.9627515227048867,0.8005716474644193
2007_007534_sheep,0.9443544589886054,0.6544981245003793,0.9537579970061878,0.7091676743661741
2007_007624_pottedplant,0.6979813520677702,0.6448720697090831,0.7924798011187073,0.7348008522764409
2007_007651_diningtable,0.8924167657900626,0.29954356563798623,0.9348039273603743,0.38396768893756844
2007_007651_person,0.874826585950309,0.8457014018233506,0.8569411186836127,0.821168762345233
2007_007688_motorbike,0.7728208988559564,0.3654878610844679,0.7811068780467821,0.39094195621610767
2007_007748_horse,0.6556127403379297,0.745262596008422,0.6758648471725666,0.7890292738956322
2007_007748_person,0.7997758685095255,0.8734443323242516,0.7728492219638705,0.8608823289570252
2007_007795_chair,0.0,0.0015402736250792787,0.0,0.0
2007_007795_person,0.8395370299161732,0.7962833349997858,0.8749747810999475,0.8368310071292299
2007_007795_pottedplant,0.39180576631259484,0.5760436810374246,0.37334772052872944,0.6227217496962333
2007_007810_diningtable,0.963629981446061,0.2884302179904786,0.9652868773226215,0.2818518167156816
2007_007810_person,0.9189875086516595,0.6213468163129237,0.9214262132717068,0.6285126036391965
2007_007815_car,0.8254941841988178,0.6842713460303873,0.8511842023684048,0.6455324357405141
2007_007818_car,0.3580039771314939,0.32800235066952105,0.24753274717387402,0.2495748299319728
2007_007836_bicycle,0.33456005352960855,0.563627035552093,0.40969267139479904,0.5928912040140184
2007_007836_person,0.825127274021859,0.8618273715354112,0.8380712486505938,0.8712298637557787
2007_007849_person,0.47030123037759863,0.6279377689506785,0.5873478306107585,0.7444602896007021
2007_007881_train,0.909255256435449,0.7569214208826696,0.8874401171921397,0.7059578221473819
2007_007996_chair,0.21881416837782341,0.36408095472440943,0.2678279804028307,0.37657624965980224
2007_007996_person,0.8996193726210788,0.8399472485313512,0.9023243458626644,0.880326345975201
2007_007996_sofa,0.19236379236379236,0.21655500324184138,0.3252099306316174,0.3357172687408645
2007_008051_bird,0.8769580080616358,0.5948033041111498,0.9012999895583168,0.7015584330005601
2007_008084_bird,0.6716101694915254,0.7326861152496756,0.7307874988125772,0.7503116310288618
2007_008106_chair,0.6019735495229906,0.6048707155742634,0.6278784287165594,0.6518763134193936
2007_008110_cat,0.8166533226581265,0.7237111060640472,0.8325547086304401,0.7604638321369409
2007_008110_chair,0.200397134402741,0.20610585760579128,0.20956138315154327,0.19072282299373933
2007_008110_person,0.7730136506825341,0.7737524805188519,0.7040554214991827,0.7792458607126875
2007_008204_bottle,0.8135172413793104,0.868162506638343,0.8579607415485279,0.9132236930070865
2007_008204_person,0.8763727959697734,0.7287725225225226,0.8630395862343346,0.7271053072158045
2007_008222_dog,0.924883998409121,0.8831414332359512,0.9378629812862981,0.9056805692138601
2007_008256_horse,0.7891933293875988,0.6395648439736616,0.8185635679119606,0.6464218985660581
2007_008256_person,0.7822810590631365,0.8483811748998665,0.7320473644003056,0.811649558367152
2007_008260_dog,0.8255862471835099,0.7171814156931776,0.9625703513469209,0.9209364629950985
2007_008260_sofa,0.9737735165233435,0.6358738890277998,0.9650511656230556,0.5836015585295612
2007_008339_train,0.9330631455092169,0.8765304456657779,0.9312508168866814,0.875013497462477
2007_008374_person,0.5330993467875598,0.6003575922124362,0.5771631614328243,0.6703826776717762
2007_008415_dog,0.8584392014519057,0.8384081805451525,0.8614781268966805,0.8412377850162867
2007_008430_person,0.9611142893465547,0.7337109650152618,0.9695436349079264,0.8689949896846448
2007_008543_chair,0.34939140978407873,0.2695886524822695,0.28993081666416004,0.26171710655484814
2007_008547_pottedplant,0.6599692750607846,0.455764379701384,0.7090098196471186,0.5703361572268502
2007_008596_horse,0.8516182687642941,0.7848274096514058,0.8414193108154213,0.774719932361023
2007_008596_person,0.6537944929482874,0.663842765164351,0.6462908923360466,0.6896193960574455
2007_008645_boat,0.3816776007497657,0.74804884767239,0.4452484322238302,0.8566284468871411
2007_008670_bird,0.48985287856568427,0.5014015529851468,0.5010728078958662,0.5132683148106146
2007_008708_person,0.949949264332826,0.8246484446338346,0.9634025459098498,0.9020319930825768
2007_008747_bus,0.9449506739965359,0.8407760168631431,0.9638131999288961,0.8933413317336533
2007_008747_car,0.5200418264203556,0.4270193670288144,0.4744866210329807,0.39869428185502026
2007_008802_horse,0.7107267188859878,0.7033820138355111,0.6071884692574347,0.5880888003415398
2007_008802_person,0.7302955665024631,0.7509363295880149,0.706277274253105,0.7300843486410497
2007_008815_cat,0.931474019088017,0.7115280858461723,0.9420667945926133,0.7408714703018501
2007_008897_chair,0.7947129645786076,0.8302510589936977,0.8204902908356032,0.8517379748814425
2007_008897_person,0.8948367230020051,0.7938287253426285,0.9117892219041062,0.8281045492404712
2007_008944_person,0.9674508379450582,0.8001367265028889,0.9737996289958442,0.8127522895959026
2007_008964_person,0.8247237981487011,0.2944293350839351,0.8766072997364428,0.4611828687967369
2007_008973_cow,0.9181485685458444,0.8737787582729278,0.9361984745907961,0.9098781270044901
2007_008980_dog,0.9091748413156376,0.790505737525605,0.9084269570509763,0.790333735106404
2007_009015_bus,0.8874215552523874,0.7976519337016574,0.9082482238010657,0.8178456451753241
2007_009015_car,0.8988529718456726,0.9102177022088034,0.8681251899118809,0.8025324571245391
2007_009068_chair,0.18306127681394752,0.29830660994764396,0.2705780026883846,0.30708661417322836
2007_009068_person,0.6799411344987514,0.708202656875494,0.6668307967770815,0.6991622631782446
2007_009068_pottedplant,0.5316384180790961,0.5254618473895583,0.7983539094650206,0.8852969814995132
2007_009068_sofa,0.522990975504942,0.33963869869637536,0.46993431025770593,0.3351630011497237
2007_009084_chair,0.3404050144648023,0.4288658543977693,0.4834402408692237,0.5148767873440827
2007_009084_dog,0.7665113729788984,0.7692920918367347,0.7338530066815144,0.7584798026518655
2007_009084_motorbike,0.8146137415450339,0.6782873886264427,0.819121584481444,0.6736158378872446
2007_009084_person,0.5205441421432537,0.8618525646389423,0.42640784982935154,0.8602203584936688
2007_009088_bird,0.017863607251260058,0.04096806682860359,0.04014090390131157,0.04828905898244034
2007_009221_cat,0.9086735530414822,0.8479501673892761,0.9362205389575649,0.8977279118159833
2007_009245_cow,0.8554607543116551,0.7236441244033169,0.869849738449034,0.73855282676776
2007_009251_horse,0.8447597472278526,0.8789863115057344,0.8926829268292683,0.919187779433681
2007_009251_person,0.5732747479968984,0.6207677165354331,0.697321879737241,0.8080829454083792
2007_009252_pottedplant,0.10634509550016187,0.5971014492753624,0.10644183901989197,0.6165786422774701
2007_009252_sofa,0.9277438202884575,0.4870317940707475,0.923825484452456,0.46975156457424616
2007_009258_bicycle,0.3747617232176897,0.4122527634290608,0.3792991035044825,0.41540773338342235
2007_009258_person,0.7950059774885525,0.65327699361683,0.8175395414558548,0.6869521118597406
2007_009320_person,0.9495476687543494,0.8784017527675276,0.9499636908805547,0.8550588235294118
2007_009320_sheep,0.7503176620076238,0.718454217434503,0.7223009155294524,0.6707963202150934
2007_009323_bird,0.8618024424176843,0.7789016835252529,0.887197343914487,0.7924733128279355
2007_009331_dog,0.8388555606829718,0.8681029952706253,0.8431742608070459,0.8939793003672516
2007_009331_person,0.8420771829983994,0.8266178266178266,0.8698366073067744,0.8544820212706095
2007_009346_cat,0.9217983903296432,0.8856128241678546,0.9550246638939937,0.9337105066005322
2007_009392_bus,0.7665795904609422,0.509092359227947,0.7417586912065439,0.5163372962758838
2007_009392_car,0.6726035621372823,0.7120989108036503,0.6548602912239276,0.6553091397849462
2007_009413_chair,0.4982009044993893,0.5883726697805151,0.5784652107996516,0.6199256659095602
2007_009413_diningtable,0.7320232794586825,0.34676684881602915,0.8260460906495858,0.41509786144738947
2007_009413_person,0.9676173397247991,0.8475737358922535,0.9520967760553138,0.7702109677209635
2007_009458_bottle,0.037721447796569316,0.07342072848847439,0.02254720473898556,0.06886766481014803
2007_009521_chair,0.0893236920459379,0.30501427641136103,0.12617332460161537,0.3409436834094368
2007_009521_diningtable,0.7575214186092847,0.653597259231062,0.8143164693218514,0.7134324211696069
2007_009521_sofa,0.3529912347885286,0.18242818200880687,0.6477873183619551,0.37907400656215823
2007_009562_dog,0.9431440274264583,0.7817439310292672,0.9727522545187135,0.8897392657932287
2007_009592_dog,0.8936451390484946,0.6888359473231421,0.8903956694011943,0.695938384569811
2007_009654_person,0.9465626637173293,0.7736260498010903,0.9472798260584948,0.7371598754568837
2007_009655_person,0.4180149187642631,0.3626901680856579,0.4503191237885115,0.3995853460436883
2007_009655_sofa,0.1811919182578945,0.27911464929738855,0.17379831915313573,0.22608010553702956
2007_009684_person,0.9393173198482933,0.8521945504250908,0.9386594600681248,0.8716036228023442
2007_009684_sofa,0.811489725391104,0.598627611634576,0.8694796170475603,0.7088047220855878
2007_009687_person,0.8949117303087119,0.5924730672488254,0.9166470671245119,0.6387538461538461
2007_009691_motorbike,0.8610255376731063,0.7220728428257149,0.8933812518718179,0.8002320251266235
2007_009691_person,0.9152041449264786,0.8388495010248311,0.942413931877218,0.8888359752364107
2007_009706_diningtable,0.8260521333915829,0.7421875,0.8740248161081804,0.8194751932638914
2007_009750_person,0.7880201530136219,0.8550032160249931,0.7721337864424969,0.812316192852687
2007_009750_pottedplant,0.7756334407768575,0.7101498349276221,0.8079277178665112,0.7661393758016246
2007_009756_motorbike,0.8670760697305864,0.7896124156109632,0.8862866254733904,0.8302573932092004
2007_009756_person,0.8834881663348817,0.8392323744834077,0.8776470588235294,0.8414663753338189
2007_009764_bus,0.9584751531654186,0.8078692331740431,0.9666637405082737,0.8323230063751258
2007_009794_cat,0.9807541753653445,0.7976052631578947,0.9812134103872145,0.8671907647304639
2007_009817_bird,0.9048459705181393,0.820541436816428,0.9351092896174863,0.8902828618968386
2007_009841_horse,0.8384629561371176,0.8550898203592814,0.8433441558441559,0.8870440251572327
2007_009841_person,0.6515106192043075,0.8364058269949722,0.6468189233278956,0.8079436902966315
2007_009897_cow,0.9347161391620528,0.9263580591187953,0.9433914793693392,0.9298688531915369
2007_009911_aeroplane,0.9360698443990706,0.9205915717826982,0.960028551034975,0.9495663211339116
2007_009923_cat,0.921225794322241,0.8402715511720251,0.953421619153239,0.9139643491416168
2007_009938_car,0.862703034017775,0.8012283640424344,0.8551641071966275,0.7940260216236027
2007_009938_motorbike,0.6708097165991903,0.6495925494761351,0.7142119530140699,0.6954900062638801
2008_000009_cow,0.5805369127516778,0.6604950495049505,0.5903216110610159,0.6539552165835534
2008_000073_cow,0.8678513731825525,0.8151868460388639,0.9302656546489564,0.8939694751209828
2008_000075_bus,0.9471639471639471,0.7907422952392373,0.9597888505449238,0.8483027199411242
2008_000080_dog,0.8526971972708978,0.876404874746107,0.9114342713145737,0.9240036106096375
2008_000120_boat,0.6343720914199041,0.44310526890725704,0.6937784418936358,0.46972792976879707
2008_000123_bird,0.7857142857142857,0.8279431712715071,0.823791348600509,0.8585507246376811
2008_000149_chair,0.8819128171763175,0.7890011223344556,0.9278702988860703,0.8648065476190476
2008_000149_sofa,0.9573759230637129,0.8679541454597346,0.9623348317667892,0.8949736716132121
2008_000182_cat,0.9282922226715191,0.8788962229556289,0.9534561573625155,0.9319879693412244
2008_000213_person,0.38721879595949815,0.00403097822636958,0.38543349244087916,0.09488817891373802
2008_000215_person,0.9471559592330129,0.6863112547119009,0.949905017320371,0.7123762376237623
2008_000223_person,0.5200428214583086,0.515608772680066,0.5698666346269374,0.5833078382181974
2008_000233_person,0.7901448219327808,0.6262799938865964,0.8810461096087359,0.7136690112016673
2008_000234_person,0.9472267572695583,0.4368562472010748,0.9533914866401364,0.6066474106016843
2008_000239_dog,0.8696957292945832,0.7204469062159731,0.8780487804878049,0.7367399427379046
2008_000254_person,0.5462207005530683,0.8512667235980643,0.5496006183973203,0.8785930954788387
2008_000270_dog,0.8429736629101551,0.5224622669428826,0.9153498871331829,0.6702862783810464
2008_000270_person,0.6458795953614607,0.4747561499294522,0.6394282577313299,0.4901376428659211
2008_000270_sofa,0.3689958807301311,0.3190341920118262,0.49574099339946165,0.44029175619133776
2008_000271_person,0.9184964928331808,0.6103014656895404,0.9305301645338209,0.7527251383531779
2008_000345_cat,0.9728630958430735,0.913109756097561,0.9776350410153227,0.8708001385521302
2008_000359_person,0.9639485971176224,0.5152493217326223,0.9709057293221042,0.5569468901497858
2008_000391_pottedplant,0.691804436670647,0.6967816652444228,0.7911997236720909,0.847552270860969
2008_000401_cat,0.9418181305034996,0.6447875208627551,0.9466124890657186,0.7176447012457834
2008_000464_cat,0.8779893963182925,0.7133707620189688,0.9045267297069562,0.7728405672539751
2008_000469_person,0.6957820082120194,0.8809523809523809,0.6815541031227306,0.8715391959265938
2008_000474_person,0.7985857532023416,0.7663368957416538,0.8568887834953759,0.8302145452052917
2008_000501_car,0.9778612219353829,0.9427526201305122,0.9723159509202454,0.8387124761408988
2008_000510_person,0.647169013233428,0.748316256503559,0.6793289015511238,0.791002444987775
2008_000533_bird,0.870234251562822,0.7823976554629545,0.8811140363031731,0.8237248479176416
2008_000573_diningtable,0.794063330480609,0.4778936680819642,0.8643809181887537,0.4944297305250767
2008_000573_person,0.866499062553264,0.7228373225524877,0.9126413155190134,0.7915624191182814
2008_000589_sofa,0.7716419206390553,0.5904461774026991,0.796771068776235,0.641319611426373
2008_000602_horse,0.8417530264548303,0.6153952079316992,0.8942249811888638,0.6891419323140949
2008_000630_person,0.8595775324051849,0.8618669444082802,0.879234884097909,0.9095402867029164
2008_000657_train,0.9349555902356319,0.7709512728788247,0.9503707481658755,0.8246522161112908
2008_000661_dog,0.8764229970645092,0.7861848847764341,0.9073031627286867,0.8292814210101372
2008_000661_person,0.8139205014019463,0.5974756482370696,0.8242926894522106,0.6282893593353496
2008_000662_person,0.7474095862022863,0.7646837599274384,0.7799801126947299,0.7817703967193058
2008_000666_person,0.8345588235294118,0.802899936265137,0.8204954954954955,0.7611057845957174
2008_000673_chair,0.5607937019474242,0.4023582217155885,0.6306543508287292,0.4981203007518797
2008_000673_person,0.8158677524747647,0.528620166793025,0.8153919466285442,0.5183351240248517
2008_000700_person,0.7805058788657248,0.8091115483578023,0.7934618861102741,0.8221245643279285
2008_000725_bicycle,0.4864181091877497,0.7465465070385475,0.582642070075523,0.8196572318878214
2008_000725_person,0.7266300078554595,0.7371639328350966,0.8564090019569471,0.9112371038200576
2008_000731_person,0.34410819624958033,0.40205158264947244,0.40955069395436366,0.42770871383962766
2008_000763_diningtable,0.25588143200083496,0.01085239370835909,0.20844552988081075,0.004940937796538071
2008_000763_person,0.8660010509721492,0.8207960722426793,0.8560926987291303,0.8269990344948652
2008_000765_horse,0.646760343481655,0.5821906067877957,0.6605325599789085,0.5722730410769762
2008_000782_motorbike,0.9185316157278774,0.7427756653992396,0.9362842807065778,0.7934441442179099
2008_000795_person,0.8803718284312715,0.4123936672967864,0.8895195959764598,0.49300646429516504
2008_000811_motorbike,0.7888440560433099,0.5771826345714438,0.8468821481849826,0.6594285714285715
2008_000811_person,0.509494509376748,0.5612822760062024,0.4899606299212598,0.5668572389440054
2008_000848_bird,0.668233082706767,0.8709624258404747,0.6419354838709678,0.8603021336240461
2008_000853_cat,0.7919263876521223,0.82905050104177,0.8288849347568209,0.8858867775138559
2008_000863_dog,0.8488252148997135,0.8313700918964076,0.8928808646820844,0.8904328313123031
2008_000911_bottle,0.2601958214478452,0.3263947059809013,0.7780466166626341,0.6735564904578989
2008_000919_cow,0.9763906938817114,0.8277842553007729,0.9854183051197092,0.8295711060948081
2008_000943_dog,0.9473470118290243,0.765499444698504,0.9606011507175451,0.850479233226837
2008_000992_person,0.9616415879622219,0.8212799614842327,0.9800020426922684,0.9113849765258216
2008_001013_boat,0.33826577263029567,0.1838004119687771,0.4103438303830992,0.20601461495222034
2008_001013_person,0.8343422114608555,0.9305790201197973,0.8316653322658126,0.9282242138842473
2008_001028_person,0.9176697706109471,0.9024323585679147,0.9467565682399443,0.9390142600027689
2008_001040_boat,0.9044936036576918,0.8362248711593689,0.9604413080210714,0.9281687199832951
2008_001070_dog,0.8133985928418477,0.710322039232141,0.9256350764471414,0.8593298671288273
2008_001074_person,0.9138304577326085,0.7532419687592101,0.9368244540073136,0.8072017440549277
2008_001076_person,0.8677828836616771,0.7879277911620078,0.8899365197908887,0.8512662655659717
2008_001078_cat,0.8379449186664519,0.6947841506665036,0.8017347459407546,0.6571129394166043
2008_001078_pottedplant,0.47955647955647956,0.4109947643979058,0.48072890302986476,0.3903932187426419
2008_001135_boat,0.7836916622968012,0.7026386695159342,0.8168718889179984,0.778147933565083
2008_001150_motorbike,0.7741228070175439,0.7360406091370558,0.7733828671328671,0.7373155447746109
2008_001170_person,0.9199679515712632,0.8181730583927539,0.935639533130259,0.8549153645833333
2008_001231_bicycle,0.28122087604846224,0.8976709381722945,0.2824053452115813,0.8749770852428964
2008_001231_person,0.772962226640159,0.8469086557638612,0.7996705785464279,0.8558906312826698
2008_001249_person,0.8969701556547844,0.7016981195773269,0.9533977974751544,0.867395893302629
2008_001260_boat,0.7526333924000788,0.5833892704084267,0.7896626543369324,0.6910089989647209
2008_001283_person,0.9350790896444909,0.6298072517335125,0.9497502714440825,0.7879543286246269
2008_001283_pottedplant,0.44957047406936046,0.4598428633784374,0.5346995346995347,0.4653826132222801
2008_001308_person,0.7235461542348047,0.41629872825389636,0.7211798936490419,0.4682020413504318
2008_001379_dog,0.9530929256411041,0.8911495036750776,0.9768057481406782,0.9487169426351723
2008_001404_bicycle,0.6079086781029264,0.5306609045525669,0.6150766343446982,0.552070543587454
2008_001404_person,0.843812415115443,0.7008083935328517,0.8662040816326531,0.76905311778291
2008_001433_cat,0.8676040241727416,0.5569716471989257,0.8896380098483913,0.6176027089230444
2008_001439_chair,0.6546704119316157,0.593965782645028,0.8225340486999587,0.7296211775445002
2008_001478_dog,0.4173386620001419,0.44723883221948646,0.3922842458896033,0.4393168880455408
2008_001491_person,0.8457312469081157,0.7428487835617672,0.8804821414594693,0.8054879297399377
2008_001504_person,0.9116348901993415,0.6650639461095382,0.9334148283973255,0.8434934497816594
2008_001513_cat,0.20656763096168881,0.3393160519537458,0.6937421972534332,0.6109948120506052
2008_001514_bird,0.7501728907330567,0.7924076078552652,0.8008614369501467,0.8498250079541839
2008_001531_person,0.8207604385351062,0.8358742949234488,0.8344000379272745,0.8469853934753233
2008_001546_aeroplane,0.9274258641866994,0.8873662890056333,0.9555249719314766,0.9322182242536224
2008_001547_person,0.905406190116718,0.8869724187266513,0.9146493784571462,0.8952380952380953
2008_001580_boat,0.6902471817147585,0.8268027341869645,0.7786174929463926,0.8385168581301952
2008_001629_person,0.9479224376731302,0.8088176808135902,0.9596953348143447,0.8240997602951871
2008_001640_cat,0.9236842985713808,0.8716138278164214,0.9420784809261978,0.8959580838323353
2008_001682_horse,0.907410450213605,0.8969366179869204,0.9293065631854226,0.9285677814654072
2008_001688_pottedplant,0.3472803347280335,0.49584512022630833,0.40981210855949896,0.5731163620151583
2008_001715_chair,0.20812294182217345,0.4174900624645088,0.2870480834068157,0.5223907385802746
2008_001821_person,0.9512516945323091,0.7950881748350103,0.9543787295388602,0.7630787733012627
2008_001874_person,0.9253250591016549,0.8544750760866353,0.9702104999373512,0.941455015066724
2008_001885_cat,0.971826522822533,0.8077149935118556,0.9822180627047262,0.8406229160946143
2008_001895_dog,0.056782197544788096,0.017246696557777618,0.13224598389219047,0.016939532853088846
2008_001895_person,0.5411401412885029,0.1507012376577594,0.5302676929689801,0.21919954924022328
2008_001966_bird,0.7534656312913431,0.6216582195225752,0.768346336598815,0.6610326822664861
2008_001971_aeroplane,0.900771284485316,0.9322852908962052,0.9136971883927228,0.9397356143079316
2008_001992_horse,0.9301726986556288,0.6763395666071024,0.9307341280169348,0.6740416963386784
2008_001992_person,0.9226766522394593,0.8045062443671945,0.9296154494449662,0.7906601442331939
2008_002043_bird,0.8593261641150607,0.6935478860551085,0.9061976081368056,0.8087915761323751
2008_002152_cat,0.8872816957738968,0.6097828822439314,0.9121491909680958,0.6715589243470285
2008_002205_bus,0.9596806340422539,0.7077529232333503,0.9750562305870593,0.770363228933243
2008_002212_car,0.45500531984395126,0.3029882738620603,0.6235424764019989,0.4604258489043392
2008_002212_person,0.8218296916479477,0.7819194515852613,0.8225196689486053,0.7784879474068663
2008_002239_dog,0.8497839532322291,0.6843030188916086,0.8714786183734329,0.7257229245070603
2008_002240_motorbike,0.7834188890280038,0.6799289295006028,0.8467328266649917,0.7329050198973965
2008_002241_person,0.6879839958699019,0.8230053454761433,0.739217223925287,0.6807732674272946
2008_002269_bicycle,0.35913602862863714,0.4329042709222653,0.375167340934167,0.5373016131306886
2008_002358_aeroplane,0.8991456034175863,0.8610900513857299,0.9239202413361783,0.8942392825521949
2008_002379_chair,0.4300837026095519,0.5606421256573485,0.4513327088478242,0.5550217341569434
2008_002379_diningtable,0.963544458910929,0.7511014413924395,0.9799660884309378,0.825847701902416
2008_002379_pottedplant,0.21888248584702089,0.3850803681824426,0.34390515005557615,0.5333724008325419
2008_002383_motorbike,0.8392421458477665,0.7410425957250499,0.8898636101684062,0.8267029972752044
2008_002429_bird,0.9012916438550601,0.8255680096940321,0.91489884511426,0.8579861251977768
2008_002467_bottle,0.8312386826111121,0.7066291862911183,0.9706334394554836,0.928092081181112
2008_002495_person,0.7089718584563945,0.8649805537017007,0.7479254124768134,0.885678391959799
2008_002504_boat,0.85951215109326,0.6362042143968322,0.9169098828072381,0.7587025069463956
2008_002521_chair,0.40840496657115566,0.6623285262047134,0.4020902090209021,0.6537090360619773
2008_002536_dog,0.8356571428571429,0.8860137569603669,0.8612941176470589,0.9116727635517127
2008_002536_sheep,0.8453652285348142,0.8600821535978875,0.8763661633710279,0.9097309914667279
2008_002588_person,0.969977134904066,0.7974879097259537,0.980161922960877,0.8777280918374157
2008_002623_cat,0.8611763057414089,0.7336054730317119,0.8757836990595611,0.7632114211152473
2008_002681_cat,0.9344090461518915,0.8259567387687188,0.9604506858262574,0.8844091133848085
2008_002775_bottle,0.7633489687078326,0.6047564501172749,0.8708559782608696,0.7044637065864733
2008_002775_diningtable,0.43647736444346613,0.31001413094677344,0.4208564398251864,0.3241879712034465
2008_002775_person,0.8300893158072127,0.6874926184008504,0.8493660185967878,0.7149086623453152
2008_002778_cow,0.8840372444011685,0.7957362288135593,0.9453993319161859,0.8893412981168466
2008_002835_horse,0.8728754969176701,0.7797330097087378,0.8744012620106124,0.7579664426461848
2008_002835_person,0.7009706907925738,0.6734645028483891,0.782082100591716,0.7570412240522366
2008_002859_dog,0.8981735574738755,0.8216505974760824,0.9146118805672869,0.8457570528211285
2008_002864_bottle,0.712641031545015,0.7995937711577522,0.6870358582643752,0.7863544376987569
2008_002864_diningtable,0.14530658718730116,0.12916815605372006,0.3288228236235169,0.19759758284408854
2008_002864_person,0.9124613116191337,0.8121533962961718,0.9319165790300332,0.8605476845717392
2008_002900_train,0.33813962072624926,0.2981640315524784,0.7092232566630157,0.32027329342765587
2008_002904_dog,0.8818834583455676,0.6932662627186464,0.9075389643715729,0.741102878659055
2008_002929_person,0.8225806451612904,0.729922811627525,0.8438600802818055,0.7973091547236034
2008_002929_sofa,0.2398945981554677,0.4239716497086703,0.33692958909766674,0.470092748153092
2008_002936_dog,0.9406703387694856,0.840522266262532,0.953877866529245,0.8711484593837535
2008_002942_person,0.9494795890781292,0.5301387469927166,0.9668139157239974,0.6395964917532254
2008_002958_car,0.8830122794663786,0.6621516693986714,0.8968307086614173,0.6678191229612267
2008_002958_dog,0.8942202835332607,0.8847799757771497,0.9485156458946242,0.9458698624628006
2008_003034_boat,0.1297452934662237,0.23589189875829655,0.28973094558352797,0.2922294452490822
2008_003034_person,0.8206961785849414,0.7161431738361521,0.8379400864731316,0.7407830666799166
2008_003076_bottle,0.4062854979174555,0.6075613530842361,0.4152777777777778,0.4317727511835876
2008_003076_person,0.9387088472274464,0.836915711225904,0.9519147653030455,0.8773398039021492
2008_003105_train,0.9282306497782933,0.8023278263507736,0.9628692147432777,0.8968017424199003
2008_003108_bicycle,0.532320370847283,0.736166717996099,0.5598591549295775,0.6632818846466287
2008_003108_person,0.8600338509088233,0.7443201637095086,0.8732634108488323,0.7911976640135638
2008_003110_bird,0.875164171263462,0.6804719947211116,0.917832127684005,0.7519233445321353
2008_003135_pottedplant,0.5620556745182013,0.6686387709337277,0.5510744066709429,0.5888708606829413
2008_003141_bus,0.9691891246367581,0.8595726122982992,0.9739305525922765,0.8793216938845877
2008_003141_car,0.8070551978427164,0.6715877437325906,0.9563135072163614,0.887964989059081
2008_003141_person,0.5649536045681656,0.8838679096223732,0.6156555772994129,0.9062348178137651
2008_003155_aeroplane,0.8527961213742372,0.7872492357128512,0.8916023868432542,0.8849841700587969
2008_003210_person,0.9090581732413893,0.5189913169092594,0.9197350920983111,0.5519950676615657
2008_003238_dog,0.9313111811641201,0.8198481155072193,0.947697123493747,0.8541987583438361
2008_003238_person,0.9059056397530207,0.605373533523798,0.9366987914945694,0.7397403454725492
2008_003270_bicycle,0.2660897782585181,0.38854084094066704,0.28941554937951114,0.4716876277113275
2008_003330_person,0.9099147751244621,0.5364348925410872,0.9323521817712368,0.6028899364623899
2008_003333_car,0.9187156839341132,0.7852543041135498,0.9221585482330468,0.8267845003399048
2008_003333_motorbike,0.5791633918435071,0.6765130759651308,0.606665524331734,0.6957062540424896
2008_003333_person,0.7675233644859814,0.7632763276327633,0.7851381726827978,0.7935419935585102
2008_003369_aeroplane,0.9544260651629073,0.8710605761363316,0.9685772773797339,0.9057834220010297
2008_003379_horse,0.8269288203086113,0.8882946463031373,0.8705906692872659,0.9265704584040747
2008_003379_person,0.7146596858638743,0.847183289628357,0.6670625494853524,0.8344065436825617
2008_003451_motorbike,0.8870975481022983,0.7899133874377685,0.8961573001843361,0.8208516390672524
2008_003451_person,0.7985971549040469,0.6570651304208673,0.8092715759289498,0.6976840232550752
2008_003461_horse,0.8273842500989316,0.7985214809428589,0.8499741475494598,0.8326868214190424
2008_003461_person,0.7507893905904641,0.7912319821613443,0.7244524183299693,0.756372417493963
2008_003477_chair,0.759830442300184,0.6583986868502645,0.7186743819042609,0.6222307104660045
2008_003477_diningtable,0.5706710228700679,0.24895614403811125,0.5734407699344604,0.16559314755802654
2008_003492_person,0.9430610298426853,0.6975239997276627,0.9533720930232558,0.7390417468301616
2008_003499_cat,0.9417453771451377,0.8040999090463864,0.9559105602725578,0.855316091954023
2008_003511_dog,0.8377626403146887,0.8327206954898185,0.87057774254286,0.8690237280132216
2008_003511_person,0.9412669668755308,0.7159753830373742,0.949273837086929,0.7986850046056602
2008_003546_person,0.8376556389895161,0.8734247455498605,0.8623368935152068,0.8939289637495423
2008_003576_dog,0.6650466267731843,0.6124778529727846,0.7452502992541665,0.635643680520928
2008_003577_car,0.36711365629520804,0.23595248020008336,0.5586387904347436,0.24461467330769393
2008_003676_person,0.9183025572318985,0.6396789391031233,0.9248362189985961,0.7143942533499102
2008_003676_pottedplant,0.4571444875599178,0.5260438659678581,0.3978974358974359,0.5229965245186331
2008_003709_sofa,0.969970485276958,0.9085999838800677,0.9739820164791959,0.9086385731235886
2008_003733_person,0.935963312890215,0.5393658191502643,0.9533349621304666,0.6132239833425402
2008_003733_sofa,0.8904448105436573,0.6914764079147641,0.9277637435342235,0.8312345466045655
2008_003777_bus,0.875536795742338,0.33702213279678067,0.8788611104295984,0.41774000796706945
2008_003782_horse,0.8189514515284918,0.7692387337250537,0.8414526129317981,0.7991584483892176
2008_003821_chair,0.46655906385554324,0.44897510980966326,0.5456935899980154,0.5003673583136987
2008_003846_car,0.160763174452021,0.22216148123499632,0.6233310147091258,0.39869763323433377
2008_003856_aeroplane,0.0011091744572967834,0.033749790373972834,0.0,0.0
2008_003856_person,0.9401672826298385,0.8889403443775523,0.9404691967258059,0.8658042014761943
2008_003858_boat,0.9543921175684703,0.877073054746478,0.9669653809458907,0.9131944444444444
2008_003874_person,0.910569435431538,0.7416054186482202,0.9254911061663004,0.8083043945336897
2008_003876_aeroplane,0.8769145084934559,0.8726987745796523,0.9090952816122361,0.8993739722470646
2008_003886_boat,0.9355240229026637,0.88987631034858,0.9623373853700149,0.9206523730987722
2008_003926_aeroplane,0.9156558111741858,0.8413061991601327,0.9507968435710971,0.8958875113395827
2008_003976_aeroplane,0.9061065290700037,0.8688670282859857,0.9231531568732708,0.8906626320014821
2008_004069_car,0.026014201430585287,0.04469287349603001,0.06493760768548008,0.0499725687570069
2008_004101_bicycle,0.37841165606402627,0.5909802017586449,0.39142799106236037,0.6424604869713798
2008_004101_person,0.8190929528641941,0.6793845328085163,0.842466107834006,0.7434322002681637
2008_004140_diningtable,0.8870436331255566,0.5891564485152903,0.8688856729377713,0.5317532467532468
2008_004140_person,0.8979617078118043,0.5174881807039048,0.9023481923043277,0.582048297934245
2008_004172_sofa,0.8125995611794055,0.3956103754761473,0.9158817605592086,0.4670378934453306
2008_004175_horse,0.8628745556119858,0.8958475929728497,0.8674928503336511,0.9062116649938664
2008_004212_train,0.9350354746850716,0.8337543053960964,0.9541072306935563,0.90053517188178
2008_004345_motorbike,0.8396574208757587,0.512873380914618,0.8513072103102479,0.5468675821567351
2008_004363_bicycle,0.39807186678352324,0.6873748052526152,0.4059164379383959,0.7013990857459482
2008_004367_train,0.9079020622830812,0.5210119525277696,0.9292073469485307,0.6012673248528574
2008_004396_horse,0.8136154379769187,0.6750883552333484,0.8361059175096281,0.7102139952527279
2008_004399_motorbike,0.8398864132809087,0.8287593558630075,0.8363294314381271,0.8388662181537444
2008_004399_person,0.7763347763347763,0.7731850004795243,0.7579779723242022,0.7739520958083832
2008_004453_sheep,0.8000182826497654,0.6095661979941456,0.8622853187117474,0.6759150986853761
2008_004477_pottedplant,0.41281501340482574,0.5994585429884052,0.4884981198849812,0.6506800677336538
2008_004552_car,0.9303999581195687,0.7924459851660755,0.9552484103890505,0.8540071672910897
2008_004562_sofa,0.11758920613455451,0.0843358075249552,0.19285736238743584,0.1278785996361539
2008_004575_diningtable,0.1722346547314578,0.19775394140090707,0.1982820615261686,0.247924936845904
2008_004575_person,0.8571328019145155,0.669576059850374,0.8832432432432432,0.7320606037534737
2008_004610_train,0.967071572140173,0.8679484025166075,0.971604850467622,0.8813306322635676
2008_004612_chair,0.2508140797022794,0.0502327339744347,0.3354261132426462,0.08205504587155964
2008_004624_horse,0.8685805902099304,0.875710961737332,0.8816436135177586,0.9140328290955906
2008_004654_bicycle,0.6345520421607378,0.7052460789616009,0.6314262691377921,0.6760368418250545
2008_004654_person,0.779007877368533,0.8212956947971417,0.8158888888888889,0.8400619268786471
2008_004659_bottle,0.7077352639923672,0.4142796269116046,0.7657324018741408,0.49019607843137253
2008_004687_horse,0.6619672952374137,0.6646927227266746,0.6636880584890333,0.6719757299962078
2008_004687_person,0.6037120642086782,0.754423161280889,0.6783460282916213,0.8352968001824124
2008_004701_cow,0.47648174490279754,0.12468742896112753,0.5800601363976969,0.17650476877454516
2008_004704_aeroplane,0.8191880231122224,0.7424561616222852,0.8364789676293191,0.7802201180521396
2008_004705_horse,0.7084842808418895,0.6150376967405417,0.7087595739061537,0.6176985914851981
2008_004758_bicycle,0.2847174759596281,0.4112237679792502,0.29706665815960315,0.42664449371766444
2008_004854_sheep,0.9414789174308212,0.6279463221440381,0.9573903109272239,0.6939477980370173
2008_004995_bicycle,0.4995919578603754,0.652445292994566,0.6002947295423023,0.7483207778231343
2008_005049_motorbike,0.8383622932057018,0.777095014978109,0.8448418441182551,0.7964560862865948
2008_005089_bottle,0.5722786139306966,0.6413882944077417,0.6329365079365079,0.66651497223992
2008_005089_person,0.7567778732713494,0.6437821490423139,0.7650471642262304,0.7005025910783573
2008_005097_cow,0.9506629619498711,0.3919497075002183,0.9521709265753227,0.47518754564163845
2008_005105_cow,0.9227615507169411,0.8523548041650527,0.9442053555903321,0.8903084419369128
2008_005145_diningtable,0.9941604871906273,0.8905801513438288,0.9892077056245165,0.32389602254932665
2008_005197_dog,0.45204592287312334,0.37815889601908115,0.5896774932691757,0.4898489761341396
2008_005197_person,0.7453072443849688,0.7347605224963716,0.7586795467751307,0.7323564292749603
2008_005217_pottedplant,0.5144786829886028,0.4012439024390244,0.5788864308309385,0.43526490479399066
2008_005242_pottedplant,0.16330026249054588,0.1032725706903976,0.3345613528928738,0.14811930718769173
2008_005245_car,0.5571452904104922,0.6145354867387761,0.5358603334381881,0.6133474576271186
2008_005245_motorbike,0.6435945648703303,0.6676900405256048,0.6433841613379242,0.7385206628069475
2008_005245_person,0.7200846479415159,0.6740309209052207,0.7248646558391338,0.7193653491996034
2008_005338_aeroplane,0.89918057510557,0.7298260470696164,0.9166091909980331,0.7474629468177856
2008_005338_person,0.6646909398814564,0.8415753627480012,0.6259811616954474,0.8178311187312474
2008_005398_boat,0.8522748204089151,0.8054978822356947,0.8655069210624766,0.8086327345309381
2008_005399_bottle,0.526110444177671,0.7330044704794204,0.5561361029692876,0.6039340383051098
2008_005399_person,0.8500747040570049,0.7288512781470528,0.8114046986056102,0.6813996829017274
2008_005422_motorbike,0.8562581999475203,0.6717638995973614,0.9035018477987873,0.767217174062037
2008_005445_person,0.8001715934794478,0.7265775058689621,0.7615552129976265,0.7144071398215045
2008_005525_horse,0.8920403152862126,0.8216515371376506,0.9343297249566668,0.8447837150127226
2008_005544_train,0.6081120130296582,0.26197815452656975,0.7109866119571793,0.3403447268477943
2008_005628_boat,0.4591844845401796,0.6550420954162769,0.6620648967551622,0.5993434422385493
2008_005633_sheep,0.8514018213445206,0.7720141881115052,0.8786894767411162,0.8221688636252267
2008_005637_motorbike,0.9080434080806575,0.801803371520669,0.9349166646028877,0.8528679413072476
2008_005642_horse,0.8594669806272075,0.8423120728929385,0.900003735385305,0.8906719274483246
2008_005676_bus,0.8887390424814565,0.8951115329852871,0.9172340141503137,0.9239173150986403
2008_005691_horse,0.862127902008261,0.6650646627053478,0.8648569270789628,0.7646995754170777
2008_005727_bicycle,0.1967234097017791,0.41629634854576664,0.20067678800073166,0.43503713515303466
2008_005738_bicycle,0.12217843067001075,0.4175515302935665,0.1785069235400361,0.4680618744313012
2008_005738_person,0.7699551860752094,0.7747088683189012,0.7971527914452535,0.8335089567966281
2008_005812_bottle,0.8238086197076134,0.841971196237876,0.8803096466851925,0.9173137037410507
2008_005812_person,0.883009587705977,0.6638569700635016,0.8984904961452087,0.6897948066097694
2008_005904_bottle,0.9344550695859678,0.6558502707368752,0.9831138487680544,0.8816722316242053
2008_005915_motorbike,0.6894023596335596,0.24510731174972716,0.7785170503491312,0.3673764122488625
2008_006008_chair,0.5230697166055117,0.5607640923473574,0.5369764028452072,0.5683563748079877
2008_006008_diningtable,0.6987772637144746,0.4951546631521823,0.6678090779904706,0.5049323938297468
2008_006055_train,0.9157748265771757,0.7499500128538376,0.9266575558040336,0.773880768788123
2008_006063_cow,0.9292621742210988,0.7118218238609357,0.941968952412587,0.7219118428040361
2008_006108_person,0.9044296788482835,0.7530723847978205,0.9159196787148595,0.7957175235595849
2008_006130_dog,0.7868734831697795,0.7109880906175311,0.8189152185360716,0.7296691435925111
2008_006143_bird,0.6543859649122807,0.8718632023095714,0.6484174508126604,0.8196104471004869
2008_006216_aeroplane,0.7785165761378535,0.6933617881612939,0.8119318181818181,0.739551303951714
2008_006216_person,0.7603899721448468,0.7175326765823192,0.7812880412729697,0.6399361334680178
2008_006219_horse,0.7962912462503409,0.8026077825097719,0.8152748270414556,0.843697774650365
2008_006229_boat,0.6111418411694982,0.6051085055757819,0.6727094352499573,0.7206831588375181
2008_006254_bicycle,0.3454691259021652,0.7403468759944839,0.33804543815362426,0.7574939238455306
2008_006254_car,0.9023318688746198,0.7024829359976259,0.9092803489217349,0.7044517561246333
2008_006254_person,0.7657229642898867,0.8099444614509993,0.7680320569902048,0.845379522989027
2008_006275_car,0.3820861678004535,0.3696748391584072,0.35990402559317514,0.37471264367816093
2008_006275_person,0.9030981284774912,0.6171019677996422,0.9123141733997465,0.6198947368421053
2008_006275_pottedplant,0.6825160970777613,0.7384271209774566,0.8268003646308113,0.8302396220047249
2008_006325_cat,0.8354017880759668,0.5878373587099885,0.8631320032795846,0.6558264383581848
2008_006327_sheep,0.8619100415226418,0.5708694242438279,0.9017281232801321,0.6069978053025907
2008_006341_cat,0.9440694062989297,0.8560600694198484,0.9499935425545654,0.8719052361980649
2008_006341_person,0.759158889930315,0.6363983576816576,0.8184328758089114,0.6861553784860558
2008_006408_diningtable,0.22234227634831974,0.24073580378565715,0.18116537850134298,0.20907713034691816
2008_006408_person,0.8853524599349994,0.6324829971449131,0.892997832438036,0.6482616630012634
2008_006480_cat,0.9401721891401502,0.7103169551934827,0.9372635102357622,0.6316618830547582
2008_006523_train,0.8397600313002652,0.25692423999450187,0.8265253729640301,0.24768883878241263
2008_006526_car,0.7080405932864949,0.8566983578219534,0.5638095238095238,0.8046998137268949
2008_006526_motorbike,0.4630395237307756,0.35942050087361677,0.49122241906909325,0.3689242446358196
2008_006526_person,0.9511560977205089,0.6997394702561875,0.9587589609443552,0.7534974514694719
2008_006528_cow,0.8434512829112862,0.850966020509853,0.86641762205333,0.8815553599947851
2008_006553_train,0.9402359944722015,0.8021323298839762,0.9610850855212986,0.8759802497821667
2008_006554_bus,0.6400898763502386,0.49047323738853366,0.6559529517953346,0.5055898729772055
2008_006554_person,0.7306432281262485,0.8549938347718865,0.74848930262943,0.8614685229532817
2008_006703_aeroplane,0.805334092634776,0.8387905530762674,0.826722541662606,0.8604252746145319
2008_006722_dog,0.6232762223150856,0.548891156097299,0.6401875463806247,0.5292121409567248
2008_006722_person,0.4809525717032527,0.4674447294730452,0.47163810882177204,0.4493341053850608
2008_006752_train,0.9405165180097586,0.7651640628497247,0.9482874412357287,0.8007848147472166
2008_006784_sofa,0.35066493350664935,0.5082026104658125,0.9297574626865671,0.8796614229817137
2008_006835_sheep,0.939070662634039,0.8801075552275004,0.951764477587115,0.9100233843537415
2008_006874_motorbike,0.8049428433424569,0.6222117941498514,0.8725660914991293,0.6868953103403941
2008_006874_person,0.8189949464080738,0.7476625900102869,0.8362251504303451,0.7866264140467764
2008_006981_dog,0.7397737694894527,0.557408236347359,0.8918228279386712,0.7986527408689204
2008_006986_car,0.9447600391772771,0.820299138654809,0.9585184602681556,0.8622810407006698
2008_007025_cow,0.960644694606447,0.8089418316831684,0.9670274120539509,0.8321270293744293
2008_007031_cow,0.9387889787163834,0.8699429242907504,0.9605715904950816,0.931248438410927
2008_007048_chair,0.43138321009134406,0.7743955265023234,0.330453675443588,0.5847941632828233
2008_007048_diningtable,0.6195351077923642,0.4615464506413252,0.6823920265780731,0.5141818181818182
2008_007120_bird,0.7220129171151776,0.5936676565310134,0.7481526235069945,0.6310465017427527
2008_007123_cow,0.9391052195526097,0.9126387904559414,0.9427501337613697,0.918179674605046
2008_007143_boat,0.4278962188254224,0.6565227430154699,0.7879496037390774,0.802435536694497
2008_007194_chair,0.1334464235227594,0.16573953648714293,0.2906419674225487,0.2534095835139551
2008_007219_bottle,0.6032187562090204,0.6033090407721096,0.5940670596192869,0.6134654818865345
2008_007219_person,0.9338291419965754,0.6463539504635395,0.9444999842150126,0.6945379107951527
2008_007273_cow,0.8206446579908514,0.7569370111156855,0.8593698779821526,0.8075999553272281
2008_007350_aeroplane,0.8933589282796929,0.8572045152722444,0.9277369471940184,0.9037411389614354
2008_007378_chair,0.262002246458205,0.5524825247684176,0.3842020957084696,0.6051771585827314
2008_007378_diningtable,0.0,0.04749409603778536,0.0,0.0677946680925827
2008_007378_dog,0.8958809575156351,0.9072532333876071,0.9306943830163644,0.9209601691489693
2008_007392_horse,0.8355671382477041,0.8766205229619863,0.8780943785456421,0.9192977168261623
2008_007392_person,0.8178678332949574,0.861285645239246,0.8456516670552576,0.8821545577182501
2008_007402_chair,0.5390463917525773,0.8528610354223434,0.4867032967032967,0.7160802367642223
2008_007402_diningtable,0.5907618299626939,0.5035729598399314,0.6480351822953611,0.5050376046544629
2008_007402_person,0.9404913951726377,0.8544455887401304,0.9447422680412371,0.8746179990289321
2008_007497_sheep,0.8926961226330027,0.9272963604852686,0.8699914015477214,0.9008417508417509
2008_007498_bird,0.4082423243354626,0.3787703484461187,0.6034980869836808,0.5003751563151313
2008_007507_aeroplane,0.732776617954071,0.920183186130193,0.740506329113924,0.9061290322580645
2008_007513_dog,0.8775793981867734,0.8163663312270848,0.9020537576051872,0.8446727932413465
2008_007527_chair,0.9054634461737403,0.7864424873231919,0.9139980422318557,0.8550462618313305
2008_007548_cat,0.7933534977508919,0.7078317030348633,0.799845231185916,0.7257513661202186
2008_007596_cow,0.8741466830036758,0.8920331651045422,0.9015028064457722,0.9111458237618304
2008_007677_sheep,0.8576116900227572,0.7331900004215673,0.8772756113036263,0.7349849046099822
2008_007737_person,0.8711533998607566,0.6347514403137726,0.883051750619064,0.6829505142789195
2008_007797_bus,0.9864065703551832,0.851459803514598,0.986898008592248,0.9039710940485703
2008_007804_bus,0.8395926161680458,0.8898203592814371,0.8030395136778116,0.8664632715325041
2008_007804_car,0.9449293907956675,0.8322056833558863,0.9408116988291916,0.6401000473196782
2008_007811_bottle,0.22539537586650615,0.2765957446808511,0.24491903502974224,0.2985952216250732
2008_007814_sheep,0.8901801278326554,0.7770349754683958,0.9237972824091076,0.8526172025771206
2008_007828_person,0.734060104163297,0.6001364184899523,0.7445188694657736,0.6351122462696599
2008_007836_aeroplane,0.816651904340124,0.8976020738820479,0.7985136251032204,0.9476130122517955
2008_007945_horse,0.8514252807371149,0.6609903729751542,0.8810675086079379,0.6995407932617954
2008_007994_bird,0.6314597893493454,0.46142746142746144,0.7883732291157792,0.6126993331400405
2008_007994_person,0.9774060228680428,0.6049548541153645,0.9881217027771326,0.8288230159031389
2008_008051_diningtable,0.029985007496251874,0.08019300467228506,0.10640972435238147,0.1101309552502611
2008_008103_sofa,0.9554264512034369,0.7435831731795858,0.9777428842031803,0.8444907407407407
2008_008127_motorbike,0.7064145480864924,0.7405513880261838,0.7227168425883432,0.7748299647870339
2008_008127_person,0.7289703903095559,0.7695354699315808,0.7410169491525423,0.791921664626683
2008_008221_person,0.8684909363814802,0.7256452594073173,0.8895589452524536,0.8632668860073544
2008_008221_train,0.8004943372560593,0.4413965590270074,0.8095676401811035,0.4698523379819524
2008_008252_bus,0.9440703735881842,0.7238694131820986,0.9599178356171788,0.7964445271779598
2008_008268_bird,0.8268690275435638,0.9311851243372414,0.8592007434944238,0.9417063924026876
2008_008296_horse,0.7299908003679852,0.8916094822208359,0.631434184675835,0.890679114591176
2008_008301_bus,0.948164675791135,0.6233987163955976,0.9767818501027532,0.7725969806994076
2008_008335_diningtable,0.5702977232924693,0.34132494690410065,0.5992331822934821,0.4183802460812405
2008_008335_person,0.9112328832825727,0.7220441138753526,0.9589652996845426,0.8440912046274914
2008_008362_chair,0.39365173539009196,0.4528236914600551,0.3104243542435424,0.4296627387240959
2008_008362_diningtable,0.8523938337189975,0.6859427759019016,0.8730215945210866,0.6771718192440079
2008_008362_person,0.7570592494268131,0.6828023046367095,0.7672377042709403,0.7478509337737964
2008_008392_horse,0.8996018763057274,0.8692933275830201,0.9403046862063256,0.9226258763543659
2008_008393_horse,0.9297111457200787,0.5225602512734814,0.9601431998415412,0.6582625826727332
2008_008421_horse,0.8919408310809911,0.6287944691177144,0.9061572046480726,0.6573740806152333
2008_008469_bus,0.8091818728899134,0.3664112909318948,0.8712060316846593,0.4977402167922102
2008_008469_person,0.9160843233170277,0.8967253393482901,0.9472737088357027,0.9545753514757872
2008_008629_bicycle,0.3783506641244613,0.590369435471795,0.4078935974923367,0.6303935852074182
2008_008629_person,0.62147406733394,0.8185281121438367,0.6227252552152686,0.9082069874752802
2008_008682_bus,0.9333127728221674,0.739051619957415,0.9150563607085346,0.7068931519197724
2008_008711_bicycle,0.14048401226456417,0.5094142368770451,0.15273574198429962,0.5934750615002847
2008_008746_bird,0.9291998029417975,0.8853242089572464,0.9601475745178258,0.9346434782608696
2009_000013_cat,0.6130396010172738,0.6502175323894911,0.7344231853301058,0.6802375500858615
2009_000022_train,0.8775220233020744,0.8761721839340187,0.8484629294755877,0.834092634776006
2009_000032_aeroplane,0.03391191549817778,0.1388944322490521,0.041845889148334765,0.13952097002572642
2009_000037_bird,0.7933913452492944,0.6793881091310519,0.8455406078724464,0.7249556737588653
2009_000039_sheep,0.918948978173224,0.8547548535702534,0.9743781432649178,0.9459365432785972
2009_000074_motorbike,0.861469044210161,0.726451253720477,0.8341323300362077,0.6569937454309155
2009_000074_person,0.7693798449612403,0.6536306281594106,0.7626652564780539,0.5992310649750097
2009_000080_cat,0.8632978011685474,0.8121179002015096,0.8968952194758646,0.8663415675945042
2009_000087_sofa,0.4706669098425436,0.4250010379042637,0.8004312410158122,0.7040271941834663
2009_000096_sofa,0.9106182984831002,0.7417347810174454,0.9240570558719062,0.81925084230693
2009_000121_bottle,0.8502943396226416,0.37508845313163397,0.855868530242326,0.42420438044530495
2009_000149_bicycle,0.1717257083832195,0.5470529965329372,0.19171353488714787,0.6281238221654131
2009_000149_person,0.5277587388622345,0.562241481189679,0.5439679111385375,0.6617150573936529
2009_000156_dog,0.82,0.7836869467472249,0.8358885017421602,0.8907386016171774
2009_000201_bottle,0.8836125795179643,0.7848150216989644,0.9365006432641059,0.8914393734809614
2009_000205_aeroplane,0.4699365118884601,0.4956030863497107,0.45972447325769855,0.4953011775362319
2009_000219_cow,0.7362080554262964,0.5833422890918861,0.7290565270435136,0.606634044166772
2009_000219_person,0.5727833810025591,0.3539514289547833,0.6595829591938541,0.36830605140359973
2009_000242_sofa,0.9612056046755583,0.7853868845019287,0.9617645950326009,0.7000829482166133
2009_000309_cow,0.6814407814407815,0.4956584378163694,0.6957109499815657,0.49931061650581055
2009_000309_person,0.8144554181918641,0.7543795841668182,0.8467438105489774,0.7580718370805217
2009_000318_bird,0.8831075332155246,0.7454602054581301,0.9264402584903066,0.8084935468323248
2009_000335_bus,0.95235121178424,0.7183749399903985,0.9602774566473988,0.7547803461212634
2009_000351_bicycle,0.2636992221261884,0.6520989316059561,0.269664872373676,0.7092723352078136
2009_000354_bicycle,0.4746132507714206,0.43969072164948453,0.5405737928030921,0.49306961532471577
2009_000387_aeroplane,0.9092530380324333,0.8740915825866084,0.9261521610919201,0.8982391627183367
2009_000391_chair,0.36156351791530944,0.28802799707007404,0.4009345794392523,0.37306021104903786
2009_000412_horse,0.781044516665407,0.7797951204798311,0.8119240173029904,0.8114466167547812
2009_000418_person,0.8950420023345261,0.6801978157840511,0.941073335886016,0.8716555292649315
2009_000418_pottedplant,0.5945945945945946,0.5742604686899732,0.6653977158885995,0.7166210273006389
2009_000418_sofa,0.5877576514678327,0.6372743597013515,0.6237909860737649,0.644916774952045
2009_000421_boat,0.5416412136021177,0.6628418600638426,0.5843225542365944,0.6992231823339443
2009_000421_person,0.6804301646309081,0.9061149666099254,0.6738762214983713,0.9081721554277749
2009_000426_bus,0.9533946360153257,0.7593291018918836,0.9622804981820995,0.7982450700731738
2009_000440_aeroplane,0.8291025911101748,0.8436386176971951,0.873868872480986,0.8894285714285715
2009_000446_boat,0.6202945990180033,0.4707370507537426,0.8349712078893832,0.6539969472959627
2009_000455_bus,0.9012456930824277,0.7434718538166813,0.9298293590024065,0.8048361360009819
2009_000455_person,0.0,0.0,0.0,0.0
2009_000457_bicycle,0.18927490972967698,0.6764349175010577,0.17573469202074424,0.6566320166320166
2009_000457_car,0.8778545987848313,0.7991828759214851,0.8722738182197641,0.78431718061674
2009_000457_person,0.8028246113422378,0.7522284582370419,0.7961337513061651,0.7443955808216239
2009_000469_boat,0.6166465921834116,0.574812326466253,0.6407742155525239,0.5869647799424758
2009_000487_sofa,0.930196172824648,0.8243743521397897,0.9540699771552242,0.8711425560740629
2009_000488_pottedplant,0.8309057425079525,0.6077934175119023,0.8476544880469102,0.6985591960211249
2009_000523_car,0.9530859882153201,0.7693341514009407,0.960555140652228,0.8370229687221794
2009_000573_bicycle,0.4127111111111111,0.6576511470570146,0.4215376988597954,0.6818119044330894
2009_000619_bird,0.8823261265954676,0.8424308407977433,0.872642114718337,0.8308877656180989
2009_000628_train,0.8699659671015315,0.8096616120692981,0.8977560975609756,0.8537612201127969
2009_000641_cow,0.7801437586474539,0.5926650228155202,0.8154436105011308,0.583495374462318
2009_000664_bird,0.7860145860145861,0.6092632331902719,0.8068780008098572,0.628277002500605
2009_000675_sheep,0.8014678442592362,0.7445226627145857,0.8570573765042218,0.8187729714447272
2009_000704_person,0.8649821121721739,0.7917535587995285,0.8969084214832563,0.8351390854464886
2009_000705_horse,0.610666164138321,0.8383997950644693,0.646806387225549,0.8590430126101226
2009_000712_train,0.9486302900299415,0.8116208474069007,0.9688735516603058,0.8859259916585323
2009_000716_cat,0.8853185780236996,0.6866340013655167,0.8893478472154729,0.7068572448109748
2009_000723_boat,0.5632334269554846,0.5994727681362692,0.6191007451690312,0.7284060552092609
2009_000727_horse,0.6878644314868805,0.8229842446709916,0.7171133630078605,0.8549358945317809
2009_000727_person,0.6724648408586232,0.8665663062816478,0.5600696459663378,0.7905851816894761
2009_000730_motorbike,0.6947681900069855,0.6282450940310711,0.6316047446328791,0.5418740074113287
2009_000730_person,0.30667051689286745,0.515428940707631,0.4855681402995981,0.5441176470588235
2009_000731_cow,0.6570550351288056,0.29239574960472736,0.6548367017448307,0.3413199565490016
2009_000732_sofa,0.9211856097744928,0.6658479793308029,0.930488923646098,0.7007879121948056
2009_000771_cow,0.9372314807939152,0.7476235741444867,0.9496706673686699,0.7928306002847054
2009_000825_car,0.8916671995907143,0.7635560088390277,0.8535994803047304,0.7385565512230564
2009_000825_motorbike,0.7273639709236899,0.6759237281430492,0.7318633124200524,0.6658832170400294
2009_000825_person,0.8140256734006734,0.8369450656795455,0.7226964112512124,0.6980717598242616
2009_000828_boat,0.8940090240641712,0.7783773513205396,0.887231259707349,0.7270800627943486
2009_000839_dog,0.96863201652262,0.5563040549350254,0.9664967899927196,0.4463734801282439
2009_000840_bottle,0.8613832643878365,0.8021131410961919,0.8785608308605342,0.8307931916787185
2009_000845_train,0.78505547386713,0.67202299608878,0.7779760724436513,0.6989070509720476
2009_000879_bird,0.5996683250414594,0.3991864050915294,0.900489261132764,0.7485079477633989
2009_000892_dog,0.86438246097337,0.8053076780070645,0.8935968191798707,0.8514761904761905
2009_000919_boat,0.7662025924147864,0.762677188367675,0.7052722558340536,0.7457464324917673
2009_000924_sheep,0.8973770998660208,0.8584184793746523,0.9197288242897464,0.8941362254931172
2009_000931_horse,0.846133641521328,0.9061357780574031,0.8840954055836447,0.9286170698311274
2009_000935_dog,0.8705167570392631,0.8435842560714618,0.8692840049155941,0.8851787607208249
2009_000989_dog,0.761519805982215,0.8214163530619227,0.8004158004158004,0.8692787794729542
2009_000991_bird,0.8704408258509613,0.6975358166189112,0.9081864846271895,0.7593899824126051
2009_000998_bird,0.8548318433375904,0.7289338919925512,0.9041364012004698,0.8342456664178486
2009_001008_cat,0.9197676633022281,0.7872669307313304,0.9430841264967762,0.8506881798030826
2009_001082_bus,0.9703146630165964,0.740026321475574,0.9806832845497749,0.7924181596660475
2009_001108_bird,0.868043602983362,0.9246826275879697,0.8793736709839551,0.9438775510204082
2009_001160_bird,0.8933823529411765,0.8155996728381292,0.9292614284627672,0.8743639036526066
2009_001215_diningtable,0.9535794402456966,0.14810659186535766,0.9427751453138724,0.1048748284878453
2009_001215_person,0.7032005954596204,0.47817660283742924,0.8992303137951451,0.7797372470114806
2009_001240_car,0.9276950293899446,0.8279209680727422,0.9289717488276336,0.8299753289473685
2009_001255_bicycle,0.20441827573484198,0.47963014784758173,0.21083468678374645,0.5181561794202661
2009_001255_car,0.541924132297187,0.40759558173343524,0.6109839336343589,0.4553447684902314
2009_001278_bottle,0.7956396741734547,0.8059808612440191,0.8054992111787244,0.8330626450116009
2009_001299_chair,0.6792521219077536,0.5733236380787674,0.8699548959697366,0.7137655626027719
2009_001299_person,0.8938955107496936,0.8728685107995453,0.8964863840615018,0.8796482599299501
2009_001300_train,0.8563763695922286,0.7399876135425268,0.8593874078275666,0.7483726501067541
2009_001314_bird,0.8838548964658259,0.8911447686303661,0.846690412585337,0.8629636314412057
2009_001332_aeroplane,0.8937639389260593,0.8743148623388144,0.9149376679441434,0.9002903225806451
2009_001333_train,0.9261124438019286,0.6454249149211523,0.9504841801707329,0.712852758440003
2009_001391_cat,0.8153666778649488,0.5883780433119675,0.8612267554815431,0.6395348837209303
2009_001411_cat,0.930764815611996,0.7558156232050546,0.942514305029093,0.7841630591630592
2009_001433_horse,0.7528206458306316,0.6454441479222265,0.7373052631578947,0.616887266088544
2009_001433_person,0.692841562561967,0.7699735811241687,0.6911035488575595,0.8018910400720396
2009_001505_sheep,0.7010178934961963,0.5709033753363348,0.7230709893076774,0.5773224885768267
2009_001535_dog,0.975884476534296,0.8274792201325315,0.9779047312520116,0.8880364060325698
2009_001565_bird,0.905331102079847,0.808324418943888,0.9364523625096824,0.8684334431963409
2009_001607_bird,0.816450500738795,0.6784056672909372,0.8374106767549391,0.7055693069306931
2009_001644_pottedplant,0.8145438898450946,0.7903535215127432,0.8323866680955954,0.8059132093466858
2009_001644_sofa,0.8238550578761953,0.8007176105508146,0.8538922155688623,0.8462266500622665
2009_001663_person,0.28760963447753884,0.2611257397606695,0.11610352264557872,0.1341991341991342
2009_001683_bird,0.9002297548232776,0.8140703517587939,0.935193991669673,0.8824906216935458
2009_001684_pottedplant,0.15253326165837924,0.32263423149477716,0.2580917717405434,0.3732350963693411
2009_001687_dog,0.9185945213435291,0.784955387783116,0.9110964301724748,0.796248640331096
2009_001687_person,0.9252904767075687,0.8292556695210314,0.9284315147997678,0.7782895020014634
2009_001718_bicycle,0.5265234546251644,0.3510474803850198,0.571883912095286,0.38057523968320134
2009_001718_person,0.8542613349490054,0.7800978378263907,0.8775134742951907,0.8163361661945231
2009_001731_sofa,0.9431119681812703,0.9018285831034835,0.9097062872877467,0.8394665109034268
2009_001765_bird,0.8416773641420625,0.8308787026311435,0.8594346829640948,0.8319041336851363
2009_001768_person,0.9119986741796486,0.8626834381551363,0.9150401836969001,0.906026557711951
2009_001768_sheep,0.8487528166430854,0.6555510755876005,0.8737845747191542,0.7374295635039829
2009_001775_chair,0.5244168911021901,0.3918782629330802,0.6349549359616297,0.5081483185704974
2009_001775_pottedplant,0.5612847398961621,0.46363919129082426,0.6002750751362641,0.4914079822616408
2009_001775_sofa,0.41080432172869147,0.2904794846296857,0.43287661249180087,0.298216081949377
2009_001804_bus,0.9408511420408027,0.6871350486601786,0.9530374545824986,0.7260612983057301
2009_001816_bus,0.9005227239727022,0.6965693751454203,0.9229694167323332,0.7635106495708381
2009_001818_bottle,0.8449518598411112,0.5869603524229074,0.9518474571594139,0.8634133042529989
2009_001850_aeroplane,0.8899678234888532,0.8920844584702475,0.9285500568487822,0.9332363347772891
2009_001851_aeroplane,0.8972154874733671,0.8552994310516746,0.9177274604783898,0.8866494247748149
2009_001854_bus,0.940566037735849,0.6509078934989181,0.9534327452627649,0.7151078440855015
2009_001854_person,0.7921875,0.895800933125972,0.7988212180746562,0.9013651220919054
2009_001941_boat,0.800838366425657,0.41014545977103256,0.8269329237071172,0.47682023428837716
2009_001991_sheep,0.8957125412255651,0.7106650095181158,0.9243777016675937,0.7879084168499959
2009_002012_dog,0.8988503953391593,0.7869264613450659,0.9090105317904044,0.8200885795634293
2009_002035_cow,0.8742494714587737,0.868755676657584,0.8466500040312828,0.8491041433370661
2009_002042_person,0.8450732693279434,0.8231381154848443,0.871768140116764,0.8580949736184393
2009_002082_sheep,0.715,0.7404008083529808,0.7742072555372603,0.7872054064889321
2009_002097_horse,0.7157168299198575,0.88104378249672,0.7564961787184009,0.8991800039517882
2009_002122_cow,0.9052496798975672,0.8523545937526077,0.9311069672825902,0.8829329102447869
2009_002150_cow,0.7971149821296326,0.655596032234155,0.8248500567352893,0.7038258677827393
2009_002155_dog,0.6652295285359802,0.45523766013743744,0.6453421633554084,0.4668308420670828
2009_002165_horse,0.6910764305722289,0.6675607125156701,0.7885818744287422,0.7481284942670331
2009_002171_cow,0.9024045261669024,0.9108283458230649,0.9039685377189847,0.9178743961352657
2009_002185_bottle,0.3252052148720425,0.4291038858049167,0.3063546586517819,0.34510664044773864
2009_002185_person,0.8575410642463759,0.5645562183658713,0.900744054855809,0.5904097021771721
2009_002202_train,0.9050733099779421,0.7569000417697522,0.9324168300083238,0.8318507700477961
2009_002221_cow,0.9611319978302751,0.8009043951397953,0.9820490326475555,0.8994513004377711
2009_002238_bus,0.8962419083332193,0.48370560234346394,0.9076701030927835,0.5340445120486751
2009_002238_car,0.744486915613055,0.6693865216077365,0.7703272727272727,0.6912209889001009
2009_002239_car,0.27473716759431044,0.26725562019679666,0.21781283873298807,0.2037347378501317
2009_002239_motorbike,0.8658408703630882,0.49401692284584187,0.892311701850404,0.5870813680408913
2009_002239_person,0.6944974121492781,0.8171425040168088,0.716533297165333,0.8632990333645151
2009_002265_train,0.8939817663180267,0.6798934197121287,0.9002806575405236,0.6929620627707915
2009_002268_cat,0.9058286254207595,0.578023941397177,0.9447468754460008,0.6896997339414671
2009_002291_train,0.9294052895339069,0.7330529751443635,0.9547538933388917,0.8352390852390852
2009_002295_bicycle,0.18384432000887066,0.6009245882692863,0.18845982639661696,0.6264243134955536
2009_002317_motorbike,0.8737813693146014,0.7749863675313546,0.8745311465764507,0.7643680361450397
2009_002317_person,0.7753456221198156,0.7139310455291715,0.7612024636944115,0.6894214094277156
2009_002320_aeroplane,0.8160644968647357,0.8820036852521668,0.8086018326928761,0.8758218167181001
2009_002346_dog,0.39484827099506,0.4850791349522774,0.8227652335292298,0.7453192510801728
2009_002346_person,0.8269280276562098,0.5233329337967957,0.825665015593469,0.5681401419541345
2009_002346_sofa,0.505414067914068,0.3242306331800495,0.589022787028922,0.4009603357139975
2009_002372_bottle,0.33701842546063654,0.3554345578606382,0.4717868338557994,0.44418747024011973
2009_002372_person,0.8977984552697197,0.4367247330385072,0.9155890544276145,0.6114291114291114
2009_002382_motorbike,0.8446335488386657,0.6909207525655644,0.8542453878639698,0.7477615989870671
2009_002382_person,0.6621888330043929,0.8088773691884011,0.7453784443669341,0.886528570422039
2009_002415_chair,0.486765058688679,0.36298952115174926,0.5295896096461412,0.4261483460202053
2009_002445_dog,0.8323769446569753,0.7218760566101531,0.8867170953101362,0.7723390756917671
2009_002487_chair,0.3930739249888186,0.7083112630615881,0.3949885001815761,0.7416925429855865
2009_002487_diningtable,0.6403742089333211,0.6033651379911767,0.6593684972405681,0.6203991575569151
2009_002487_pottedplant,0.5667023682018327,0.4559838490069956,0.6015790128061669,0.4760371282439856
2009_002521_bottle,0.8904372716658506,0.749100992158052,0.9233713482268395,0.8235585808952802
2009_002527_cat,0.7997498113657122,0.6866141732283465,0.7911882561454882,0.6374672234631445
2009_002535_bus,0.9378393484509742,0.7468242345809352,0.9582440020418581,0.8121648972055534
2009_002539_dog,0.8890480738618275,0.7855724159847461,0.9030030385541218,0.8108403055656602
2009_002549_cow,0.8524635614702155,0.8447634651894619,0.8967454636257699,0.8973492165700794
2009_002568_train,0.9119279756537421,0.6513299784327822,0.9295113987938237,0.710893056763135
2009_002571_chair,0.10262405819693426,0.2747885680956547,0.1347875728622078,0.24851731871417893
2009_002571_pottedplant,0.09577289034472002,0.5470208183776023,0.09713143120818273,0.5337993454280981
2009_002571_sofa,0.8592735896155766,0.6743371383704777,0.926121532204213,0.8039654831697517
2009_002584_person,0.9161341431212041,0.6919377094421447,0.9353445992477618,0.7695387438485278
2009_002584_pottedplant,0.08404940923737916,0.12853894400159924,0.10785568065506652,0.14051787916152897
2009_002604_bird,0.7967777370926401,0.9197137280416395,0.7744227353463587,0.9025601834161253
2009_002618_car,0.35382019763798506,0.261498223450454,0.4426882902693788,0.37860336056728844
2009_002635_cow,0.8264217534290527,0.8542552743504442,0.8735291627867603,0.9043299149794022
2009_002638_train,0.9255900071109442,0.7579663890689672,0.9455329907389596,0.8328594482440637
2009_002649_bottle,0.9407981015424968,0.824727890125216,0.9613088938746137,0.8855442661349033
2009_002649_person,0.922032353611301,0.7832339529989477,0.939217127630249,0.8179286335944299
2009_002651_motorbike,0.8353767942583732,0.7650877370930115,0.8565573770491803,0.7680114781539302
2009_002651_person,0.7002659574468085,0.8007391438250693,0.6992702598898989,0.8118526689955261
2009_002727_boat,0.37058989556872707,0.2799806316242535,0.24858623939679547,0.28369897548677786
2009_002732_person,0.8543791769257826,0.4573352324226337,0.8572033778631344,0.4932994642828066
2009_002732_sofa,0.37381286744579056,0.25922121217994687,0.4201606235974962,0.29740400750172735
2009_002749_bottle,0.2445131094651702,0.23692841983407292,0.5563026716872871,0.3691984825248204
2009_002753_cat,0.8295970842278696,0.7120246416301386,0.8619285918012809,0.7710147740229495
2009_002771_pottedplant,0.30066059632208536,0.30770594073443924,0.23259033642530805,0.2948152140956103
2009_002808_aeroplane,0.9050182836691822,0.7798713508164276,0.9363333279646958,0.881556166615745
2009_002856_bottle,0.8667581275463541,0.7600483655770514,0.9233388704318937,0.8510824404111087
2009_002888_aeroplane,0.6625958821154623,0.9006871400297983,0.6803537260174795,0.912130914265386
2009_002928_bicycle,0.25855567526459217,0.5760417082285972,0.26393142449726964,0.6167444305710719
2009_002936_cat,0.703678001387925,0.6596933530016539,0.832307605442945,0.764984666852523
2009_002975_horse,0.8128627617731476,0.7337744870579216,0.8792370446972309,0.8209375338313305
2009_002982_train,0.9621229407201205,0.8716656380717274,0.9688067489598419,0.9174904674481006
2009_002990_car,0.9379878014868097,0.7997196791220589,0.9608142873121808,0.8629329860142029
2009_003003_bottle,0.8470342080717941,0.6658469550122956,0.9104576935400389,0.7867138389613672
2009_003003_car,0.75776167434538,0.5661154091844701,0.8440881301188141,0.6983298260568446
2009_003003_diningtable,0.47513307984790876,0.25813607537124517,0.499721687004924,0.3208352719012562
2009_003003_person,0.7737887765772046,0.6150392817059483,0.7739579106035133,0.6272754854368932
2009_003005_aeroplane,0.8033050807329892,0.8597324375977298,0.8304196660300671,0.8864243171082358
2009_003043_boat,0.6450342558126989,0.6709508738131278,0.7434075780849975,0.6748394968480377
2009_003059_cow,0.8902094529419871,0.39825789160214414,0.893677188782193,0.44436793481379466
2009_003063_dog,0.8504033996427911,0.8593738489871087,0.8818656811520327,0.8945481702763256
2009_003065_bicycle,0.2684043229497775,0.7166028899423154,0.27884489742584606,0.7204635876145995
2009_003065_person,0.813953488372093,0.8348863434031694,0.826432354357246,0.8584107205830492
2009_003071_chair,0.6578279394433868,0.6587393378632355,0.634158483051998,0.6127439811650338
2009_003071_diningtable,0.959012247552296,0.6812490093517197,0.9477691377848341,0.5413639648548934
2009_003071_person,0.904782164737917,0.8895014798908943,0.9156399726214921,0.9091489608730988
2009_003080_boat,0.8050127158345604,0.6917768461786521,0.8455264545614344,0.7771049693853388
2009_003105_train,0.9631970491327683,0.8372975954830126,0.9672883608872642,0.8486959919252434
2009_003123_chair,0.494140092668302,0.7968609865470851,0.49127445795875196,0.8043061495354668
2009_003123_sofa,0.9103179426990547,0.7097277722277723,0.9516275341223129,0.812485347801333
2009_003193_bicycle,0.19306968415437956,0.576288433840566,0.20061833769583856,0.5824038686529912
2009_003196_motorbike,0.8662787730311846,0.7500400192092205,0.9118495620814013,0.788922772603643
2009_003217_dog,0.8493097789361908,0.702929622307238,0.8850235706515169,0.7603687867450561
2009_003224_bicycle,0.33481859949302917,0.5463949051360802,0.3881385520029401,0.6840153211231894
2009_003241_dog,0.018119644146537512,0.11160321553162444,0.05684992812389813,0.17705096098723713
2009_003269_bottle,0.7166101694915255,0.7769352553953838,0.8477748073596477,0.8781567727123647
2009_003269_car,0.12072327601489098,0.20710941920880704,0.29189543554863556,0.20065667531642217
2009_003269_person,0.9584249853076988,0.8206100630987021,0.957830209333266,0.7472613007380073
2009_003273_bird,0.8722891004649753,0.4713307468130375,0.8978692755536882,0.5606344398836329
2009_003299_train,0.6329863673437682,0.449722615277497,0.6481797610067886,0.4771874565751077
2009_003304_bus,0.9560301828878374,0.8011320754716981,0.9679255312252862,0.8533581083106063
2009_003311_train,0.8901327676958127,0.6492063083691374,0.9131326671541149,0.7291384214583831
2009_003323_horse,0.9001141793885059,0.8800890703284469,0.9019984627209838,0.8737324783775723
2009_003323_person,0.7699945593035908,0.6121278611679051,0.9020163831127914,0.9193862113680571
2009_003343_bicycle,0.12187322708752385,0.19033018867924528,0.11447622608587275,0.22649347389558233
2009_003378_bird,0.8326170434605702,0.6946733837819608,0.8706303762386592,0.8008264462809918
2009_003387_car,0.0936692424223136,0.23203008915304607,0.11101806739748274,0.26768458579604093
2009_003406_car,0.1766148998424488,0.22728875308496885,0.3095801169068761,0.2568144983055842
2009_003433_train,0.8493306750213614,0.6721805279011589,0.8688710575713195,0.7091236400636594
2009_003450_bird,0.8818142707885195,0.7244723109276423,0.8685111670050608,0.6876332622601279
2009_003466_dog,0.5274970869706405,0.5504953827383833,0.6634850851314089,0.6059203668959766
2009_003481_horse,0.7880171514659868,0.5143742953776775,0.8088722557269195,0.5576333118393028
2009_003494_chair,0.37856253205363033,0.7233892394553304,0.4108654840810697,0.793696452961384
2009_003494_person,0.8448854326510442,0.780274539300489,0.859484715696109,0.807416182916716
2009_003498_bird,0.7637036315840716,0.7180878176654774,0.8130387931034483,0.8496781659072828
2009_003504_boat,0.7765844285077034,0.6456496470388116,0.7968303726924416,0.7133487985794885
2009_003507_chair,0.5489683502940902,0.593125726105806,0.6111611566525538,0.6566945259312559
2009_003507_diningtable,0.6820403658152002,0.46446009148378475,0.6983905911482513,0.49953945348480194
2009_003507_pottedplant,0.3402985074626866,0.3944820267940045,0.05808257522743177,0.2197366047266823
2009_003517_bottle,0.9057151413236276,0.7307465649328495,0.9522820608549561,0.8727328202868089
2009_003542_cow,0.9383029528485909,0.7689985986849197,0.9585996588735937,0.8062677066209646
2009_003549_car,0.7850581966063666,0.5668745107566064,0.9239833359479859,0.7407952438414221
2009_003564_sofa,0.4949158925433091,0.20370954820227719,0.6962757296146299,0.24339153544994713
2009_003569_cow,0.7734963431939744,0.7850827248978498,0.7826567857537883,0.7982253473966181
2009_003576_motorbike,0.7459525094441446,0.7128639882049392,0.8551661709556446,0.831628590678018
2009_003576_person,0.9333110143957147,0.9080004118616145,0.9594214819384468,0.9367439912028067
2009_003607_sofa,0.9031043614204128,0.6380983313710366,0.9017733148167931,0.6418427694278073
2009_003640_bird,0.9286352922051532,0.8719384769706595,0.9493544771472456,0.9082685153872168
2009_003666_sheep,0.8452932098765432,0.7863805017530722,0.898791027383958,0.8661091661073521
2009_003696_aeroplane,0.808553812534145,0.813199217378217,0.8473118279569892,0.864423977521074
2009_003703_bus,0.9434814823812359,0.7167922836439425,0.9600019776525265,0.7672268071989659
2009_003707_boat,0.6373560936879714,0.5992811346415388,0.485898849850323,0.50354134762634
2009_003756_dog,0.9478951687097497,0.5258496623491642,0.9602811995153473,0.679797903054247
2009_003771_cat,0.9398529739362887,0.8533554796052001,0.9587381703470031,0.8971134423665863
2009_003773_cow,0.844276595975249,0.3146784585217496,0.8520499108734403,0.386351446136073
2009_003804_horse,0.8575144293888876,0.8254198437573093,0.8802440884820748,0.8768792374963152
2009_003806_aeroplane,0.860032402179783,0.840813195243575,0.8914192761285076,0.8786174422026749
2009_003810_dog,0.9011148513016892,0.7919130126638939,0.916638084250569,0.8273013226209877
2009_003849_chair,0.5884353741496599,0.7493380406001765,0.6007705479452055,0.7964272593681117
2009_003849_diningtable,0.5325167687372412,0.5988700564971752,0.872083879423329,0.8897269180754226
2009_003849_person,0.940577539295804,0.6998374103909542,0.9554579432050244,0.8319973029667366
2009_003858_bird,0.15191602559493853,0.2220508866615266,0.4556132982131416,0.37880836019548714
2009_003895_chair,0.41597374179431074,0.6672046109510087,0.755193482688391,0.7716070414537195
2009_003895_sofa,0.8076040642412324,0.8141321044546851,0.7955091383812011,0.7228530061723691
2009_003903_horse,0.7817115551694179,0.8824628644433004,0.8676096181046676,0.9070126660488106
2009_003904_cat,0.931875050447978,0.7934193971883376,0.9540565140043854,0.8867777126754276
2009_003928_dog,0.6363265472644934,0.4262968669748331,0.7297641025641025,0.5232730169568681
2009_003938_train,0.7980160490342353,0.6790673898844177,0.8263909239335203,0.7361752825966931
2009_003991_chair,0.699466617620011,0.8771125376654002,0.744114636642784,0.916110157094702
2009_003991_person,0.8514776595169917,0.7663463118120585,0.8472909051816814,0.7296918767507002
2009_004021_bird,0.8469476744186046,0.7311952229606087,0.8489049071250346,0.7309790410565604
2009_004043_motorbike,0.7923561059790885,0.6467517516524086,0.8066694807935838,0.654754445053654
2009_004043_person,0.6823522951899846,0.6150792026523679,0.6827446377120905,0.5836686582937041
2009_004070_sheep,0.8933333333333333,0.9437014667817084,0.8652522935779816,0.9181286549707602
2009_004072_bus,0.9567712465625746,0.6293125370856998,0.9594263728576425,0.5811398603136728
2009_004084_bird,0.738407419251679,0.6897294293355563,0.7526355830887947,0.7463922655861236
2009_004099_cat,0.5653631284916201,0.8024921392803075,0.9129539016224568,0.9384615384615385
2009_004125_boat,0.6189307146753955,0.4888767264415183,0.6517498565691336,0.5124601710548382
2009_004125_person,0.22997673645729477,0.4023266528449666,0.14791956997810074,0.3602136860849657
2009_004140_chair,0.6655114843670951,0.6125636497676891,0.6824117878967081,0.6749091643116674
2009_004140_diningtable,0.8569481708615476,0.6967815194634683,0.8419945558030191,0.6735597746442179
2009_004140_sofa,0.2469580119965724,0.2537872617690178,0.35682468978682785,0.2947761194029851
2009_004217_chair,0.39800117577895355,0.7003168854685378,0.49839940901255847,0.7956716850028952
2009_004221_person,0.8402909952205727,0.784586724188646,0.8991095240247706,0.822768701633706
2009_004248_cat,0.7786141418380194,0.43199218950721957,0.7936967722989028,0.4741539413949649
2009_004255_train,0.8322628198378436,0.5957017814360605,0.8490505224141173,0.6388518024032043
2009_004298_sofa,0.7089032115599597,0.46506013708669225,0.8355941325016905,0.6506344266219775
2009_004455_car,0.9347939488784559,0.9325699745547074,0.9231030962912555,0.9276162790697674
2009_004455_motorbike,0.9115135220623122,0.7695875348497876,0.9528344671201814,0.849036641051342
2009_004494_car,0.2989119277355779,0.5483558994197292,0.29995896594173166,0.5510163998821566
2009_004497_horse,0.9562905464991399,0.6878973392983282,0.9626849856956169,0.7835587119369588
2009_004504_cat,0.8550672076523789,0.6623407323357682,0.8935435008993657,0.708081458725597
2009_004507_dog,0.9253764799380515,0.8249488384644793,0.951467734610462,0.9037635582732766
2009_004507_person,0.8678186826947157,0.7051125129460503,0.8540660423854115,0.7385340762966138
2009_004509_bird,0.5414442700156986,0.5445725534308211,0.6124925104853205,0.5654553107899537
2009_004540_bird,0.7985519318254629,0.6680285187855484,0.8543622781166472,0.7235318617242815
2009_004568_bird,0.669033454871106,0.8701342281879194,0.7583188657407407,0.9063318193962062
2009_004579_bottle,0.84690213488281,0.6789309513682121,0.9111125988908602,0.7648858198558363
2009_004581_dog,0.42084267144778126,0.39840316029599954,0.33187232688840973,0.443887312792769
2009_004590_bus,0.9032841316282586,0.6845733301640123,0.915766306522609,0.7196051919956733
2009_004592_dog,0.8877741149491185,0.818999943753867,0.8776923076923077,0.812344449975112
2009_004594_car,0.9744248672770639,0.8606873852775492,0.9823984763777108,0.9204052098408104
2009_004635_boat,0.7649833518312985,0.8467194118117158,0.7122339061297769,0.8415647538413296
2009_004653_aeroplane,0.8221664413979533,0.9081859317153435,0.8516889866080352,0.9225870482176826
2009_004687_chair,0.5345849802371542,0.5949942103856773,0.6000945030713498,0.612233231707317
2009_004687_sofa,0.8666914222057185,0.6428808221448699,0.9106288688801351,0.7676708873041285
2009_004721_cat,0.9109559783736285,0.7839818740452119,0.9173402710551791,0.7856910122957145
2009_004730_train,0.7287739225886508,0.754015188237195,0.7489792042541069,0.719188767550702
2009_004732_bus,0.9374064987134223,0.7036987150130654,0.9471406444559176,0.7470118424676397
2009_004738_motorbike,0.8031105092535599,0.7924720549012556,0.8340824255351565,0.791223891535361
2009_004738_person,0.63365908501254,0.60469263256687,0.5495592345732101,0.4963416784203103
2009_004748_car,0.8157283102646824,0.5896541580871538,0.9791576580472195,0.9140298851236576
2009_004789_bus,0.947741120041483,0.511199592398996,0.9508444545587542,0.5182750609168697
2009_004799_train,0.8612755752079743,0.6822028020529893,0.882708261650801,0.7790270429159318
2009_004801_motorbike,0.6917918454935622,0.7219424460431655,0.6081143384047948,0.675625274243089
2009_004801_person,0.642578125,0.7570737428529541,0.5296860428971091,0.7325783972125436
2009_004848_bicycle,0.20610643620650443,0.7108358930788837,0.20685778527262508,0.7370896619304262
2009_004848_person,0.7936544518706307,0.6880999190470684,0.8208213648008695,0.7437141426976243
2009_004859_diningtable,0.13992487466012857,0.05315523306948109,0.27987856670966116,0.05706620462230668
2009_004859_person,0.951403304234083,0.8613196814562002,0.9513570472474582,0.8700079194479013
2009_004867_bus,0.9660657211346384,0.8448477919108189,0.9748342868664466,0.8882950762221833
2009_004882_bicycle,0.13304112180128402,0.5257501193278141,0.12969545413950165,0.507461458727521
2009_004886_bird,0.6967015285599356,0.6251945064609973,0.8092475830180749,0.718783768677572
2009_004895_bird,0.8431906473514141,0.6488167981335408,0.8714033837266009,0.6862942459318906
2009_004942_horse,0.8797664630866112,0.8522252650582134,0.90787496733734,0.8888784666854266
2009_004969_aeroplane,0.8005647401739764,0.7007738316493766,0.8252621979024167,0.7388569314091566
2009_004987_motorbike,0.7286207074087422,0.7279138571625154,0.7448775874750446,0.747792360702289
2009_004987_person,0.8188858067498844,0.8525651487949513,0.8432,0.9036839295248265
2009_004993_sofa,0.652390771288453,0.45408238377057386,0.7578396252411133,0.55563895665228
2009_004994_dog,0.9339060710194731,0.8578056275230463,0.9274120317820659,0.8742578959867014
2009_004994_person,0.5289622641509434,0.390567105804858,0.5162317346976333,0.4014186162269786
2009_005038_bottle,0.5075539901751784,0.4549398113002928,0.7021494370522006,0.5749092794193883
2009_005038_diningtable,0.7634857356422076,0.4783208452205537,0.7540195735756728,0.4922084002140182
2009_005038_person,0.8732558697076733,0.689659172192472,0.8692724952137842,0.6987298607253013
2009_005078_motorbike,0.7826201217642679,0.7017265330422703,0.7855592219520667,0.7195146343089539
2009_005078_person,0.7509946173648491,0.902556057949617,0.7049458713648907,0.8631128947827604
2009_005087_bicycle,0.22949294464258024,0.7683996048407014,0.2339667458432304,0.7531280667320903
2009_005087_person,0.7036051616336304,0.880583971623914,0.6867454238608335,0.8705075860678462
2009_005089_sheep,0.850463352990733,0.9251269035532995,0.8596863077575244,0.928911456680419
2009_005137_bird,0.8897530513766676,0.8040262539184952,0.917755257454162,0.8603987151379188
2009_005148_train,0.5695315108127156,0.1311037405564769,0.5247105383659318,0.14858272907053394
2009_005156_bicycle,0.15289571918182016,0.6010105207173367,0.14968152866242038,0.5931000775272188
2009_005158_cat,0.9414295628036086,0.84306337896818,0.947359611682986,0.8604136170851631
2009_005189_aeroplane,0.7439496294352987,0.8580400757651281,0.7763041556145004,0.8908698729399076
2009_005190_bottle,0.7809531348955034,0.7683492496589359,0.794139253938454,0.8083412216715853
2009_005217_horse,0.7208156997865248,0.5996917367491695,0.7243405072586567,0.6188684856144524
2009_005217_person,0.8683197947840958,0.731238160003886,0.8987381703470032,0.79916818299974
2009_005219_cat,0.8661886113463166,0.6617248667797923,0.8696606317109491,0.6862727077780841
2009_005220_train,0.8599527686284258,0.624194811427994,0.9168495449557865,0.7303428095890043
2009_005231_bus,0.9028843421426541,0.8712574850299402,0.8999221459409724,0.83777971519907
2009_005260_bird,0.8211724632484761,0.6692044748290864,0.8438550616361599,0.7027358540877819
2009_005262_bird,0.11638345623597307,0.2783844777048585,0.27724236397939933,0.3212449954797882
2009_005302_bottle,0.5315901439577008,0.5854275173611111,0.6213843432109686,0.72078501338091
2010_000003_chair,0.35,0.3924070046288551,0.5851509968840053,0.594845329155531
2010_000003_dog,0.6654192068570048,0.5708742211111526,0.6547604967474867,0.6019054231273625
2010_000038_horse,0.9179305583394579,0.9038122016608906,0.9269804509229617,0.9037922629213856
2010_000038_person,0.9045696068012753,0.9257179528317022,0.9038298772746509,0.9312523225566703
2010_000083_bicycle,0.3163156775154223,0.8445067040224135,0.31697556866048865,0.8405010850266325
2010_000083_person,0.6768661735036987,0.5696025377869005,0.6539589442815249,0.6256132972864724
2010_000084_person,0.5974468085106382,0.7181265437963139,0.5616,0.7337534462386767
2010_000087_motorbike,0.7704921977453469,0.42352413256080984,0.7800421216658754,0.44592298240568873
2010_000087_person,0.6816669585011381,0.6004267505194003,0.6831162108532483,0.6037846481876332
2010_000110_dog,0.8435855218764339,0.5281371184985643,0.8741593586915586,0.5531869276241232
2010_000110_person,0.8266291984477452,0.6955449955449955,0.9005283342719983,0.7750633195473053
2010_000159_dog,0.9610966853024562,0.373790124131897,0.9608204241739247,0.4101570215287379
2010_000160_car,0.7413464369330848,0.3373927359245853,0.7875827930000697,0.38099930153661943
2010_000163_cat,0.8990210487638444,0.7379090052827716,0.9411829466325379,0.8537108909173695
2010_000174_diningtable,0.8059694732551294,0.5353937655992778,0.7151152322650343,0.4940242637441934
2010_000174_person,0.930321195311801,0.8191624726996487,0.94588650161777,0.859885683596747
2010_000216_dog,0.8614776609283944,0.6399092970521542,0.8811663807890223,0.6967020576905008
2010_000238_aeroplane,0.8672027712482989,0.7053175077920851,0.8925372383252818,0.7531414949770134
2010_000238_person,0.7702556715880446,0.9002447980416156,0.815565233857224,0.9257658334899455
2010_000241_bird,0.871994342291372,0.8159257850223874,0.9062352689093636,0.883961810976342
2010_000256_bottle,0.7667731629392971,0.810957254665864,0.7786885245901639,0.8319502074688797
2010_000256_person,0.8657363756364322,0.7493151699118975,0.8821650065777109,0.7667506670619626
2010_000256_sofa,0.8137690848596039,0.6354520306802465,0.8634743530141019,0.7096434679647415
2010_000272_boat,0.8681818181818182,0.8074481865284974,0.8960257308451691,0.8391324290675578
2010_000284_sofa,0.878537935709847,0.6661992602083988,0.929284589685496,0.8332526690391459
2010_000309_sheep,0.5515978695073236,0.8967624710934919,0.5607744107744108,0.9077265147304058
2010_000330_pottedplant,0.8065454194916616,0.48934264063608196,0.8458276288108992,0.5971988688474472
2010_000335_bird,0.6173767752715121,0.6447368421052632,0.6465968586387435,0.8575712143928036
2010_000342_bicycle,0.22698535636448783,0.5506144122913064,0.23294799836449467,0.6017065743302777
2010_000372_car,0.9222293476359821,0.7490611810840451,0.9246454777397599,0.790414542527502
2010_000422_dog,0.8236729319425797,0.5055128205128205,0.8752260626525528,0.6408607059116469
2010_000427_cow,0.7783432003554995,0.5580433414261308,0.8164825577096549,0.5970874537660368
2010_000530_car,0.8813715267128749,0.8064983343793752,0.9037349094567404,0.8429998969815597
2010_000530_person,0.9507535662079742,0.8461471026562637,0.9614439324116744,0.8180934639993521
2010_000552_cat,0.9530854894080214,0.7034283595777479,0.9634069934806536,0.7511303322193827
2010_000559_person,0.8784868486516966,0.5735658163814444,0.8926476994738782,0.5861500412201154
2010_000572_aeroplane,0.7884462603563727,0.7282342783134264,0.8066651184393869,0.7486475835632143
2010_000573_bus,0.9287509819324431,0.629182156133829,0.9363264228179057,0.6549879462748249
2010_000573_person,0.2589641434262948,0.44498624656164043,0.2593010146561443,0.44020733061828954
2010_000622_aeroplane,0.8849944770158892,0.8207787547102099,0.9234553674319652,0.884063862813216
2010_000628_car,0.9383598743364749,0.9071025020177562,0.9702561875814155,0.9547281226933486
2010_000639_chair,0.05601866145243731,0.3269646942434922,0.09792792176707926,0.36236042667332047
2010_000639_dog,0.8074439461883408,0.7349179692546183,0.9193263974607653,0.8948531323108916
2010_000639_pottedplant,0.9162484760851691,0.830316742081448,0.9434687636522499,0.896472635242012
2010_000666_horse,0.8178193989995863,0.8739563876949389,0.8478540021012491,0.9028695573458858
2010_000666_person,0.7574662354955297,0.8504316069057105,0.788196466705494,0.9107730263157895
2010_000679_person,0.5636363636363636,0.8607224890373774,0.5698178664353859,0.8481888481888482
2010_000682_bus,0.9563627155839406,0.8443273092369478,0.9776664939849191,0.9187716172308982
2010_000683_cat,0.9298577116089398,0.634799137828618,0.9411180828813499,0.6293189928791093
2010_000724_cat,0.8497855994282651,0.6559330893883952,0.8761533165021804,0.7132519710551896
2010_000738_person,0.9650800249428393,0.9357013151378418,0.9711645212590392,0.9503288665702355
2010_000764_train,0.6428870225568749,0.16993417959567467,0.7124719619648626,0.19168260038240917
2010_000788_dog,0.9048847205939821,0.7258064516129032,0.9060092849547423,0.7596748375757195
2010_000814_bird,0.949489850714209,0.6751000506003036,0.9546583039330981,0.6600676856378155
2010_000874_horse,0.9030481834251052,0.7035642611911831,0.9064272816914034,0.7146661501960975
2010_000904_dog,0.9151386160227024,0.5944299132088932,0.9090597625073,0.5262050648223631
2010_000906_boat,0.5541472210436996,0.42559774964838254,0.6373505733105636,0.5264191647615675
2010_000907_cow,0.9448940351173749,0.8446671438797423,0.966738360598753,0.9039066379738454
2010_000918_bird,0.7343331547937868,0.9121346651868294,0.8154761904761905,0.9053209619390267
2010_000929_motorbike,0.3954802259887006,0.872225813402284,0.3354577056778679,0.7857790676582623
2010_000941_cat,0.9098247941371557,0.6829652519009967,0.9198506411621166,0.7116797333168714
2010_000952_car,0.1665931592474868,0.25827918440510866,0.26640588421863437,0.3147396167272209
2010_000961_bird,0.8677058091558059,0.7740979915871793,0.894009828662505,0.8169891172914148
2010_001000_cow,0.7178477484812426,0.45158496903537315,0.7235574864332485,0.4131124913733609
2010_001010_cow,0.9140511440107671,0.9084419768998165,0.9395610486061077,0.9338398626817448
2010_001011_sheep,0.8574036338937001,0.8301203339882122,0.8705193855157278,0.8465477879928426
2010_001016_bird,0.7531766753698869,0.6691025641025641,0.8312524010756819,0.802316758561384
2010_001017_aeroplane,0.8319623971797885,0.9312392872802647,0.87443578169881,0.9533946137719722
2010_001024_aeroplane,0.8526108491973503,0.653540894633947,0.885318614163915,0.7759194781894756
2010_001024_person,0.6786461538461539,0.7825058153525307,0.6535052377115229,0.7781856116219766
2010_001036_boat,0.8730871437734812,0.8588284121902051,0.8610114777618364,0.84661153090974
2010_001036_person,0.6704966641957005,0.9170468685192866,0.5678146906430966,0.8418100701083493
2010_001061_bird,0.8696690386360381,0.7386677722498618,0.895756502925702,0.7728826255910857
2010_001069_bird,0.8387062937062937,0.8437699837670323,0.8674132947976878,0.8808281053952322
2010_001070_cat,0.8787123779150887,0.858656775731885,0.9144078398665555,0.9025263442312889
2010_001079_sheep,0.8348861283643892,0.8457823416326722,0.8773935928850168,0.8775539602890687
2010_001104_train,0.9247391952309985,0.8683146663132083,0.9254555949534098,0.8622896733751237
2010_001124_dog,0.9089448774755544,0.6628501591998199,0.9320245292422371,0.7541574979257603
2010_001149_sofa,0.9729956574097727,0.9097630741000594,0.9722051096213082,0.9291351529102269
2010_001151_train,0.859948839758816,0.8350265182639874,0.8781835766591443,0.8542422316120106
2010_001174_aeroplane,0.9329237216150404,0.8839930574995801,0.9543528728961115,0.9190891472868217
2010_001206_bus,0.9553451216228346,0.8396387600683427,0.9724192996464013,0.9017879522098755
2010_001246_bicycle,0.43163864695159004,0.6260817919565587,0.45175600739371535,0.7208274251397114
2010_001246_pottedplant,0.8519463943841736,0.89156346749226,0.8455973542786275,0.8900244051250763
2010_001251_motorbike,0.9010643754808926,0.6332159210989785,0.9235609235609236,0.6514748508098892
2010_001256_sheep,0.8971394452586441,0.7057166995212616,0.9045706220822929,0.7179081853616284
2010_001264_dog,0.5521848894727119,0.22785703991929673,0.8010326142521215,0.42566251332377697
2010_001292_cat,0.9384190465668674,0.6556857500072689,0.9481595229555236,0.6510050594831123
2010_001313_motorbike,0.7090163934426229,0.8332419757597905,0.6472957422324511,0.8192090395480226
2010_001313_person,0.7447601304145319,0.8697977440684559,0.6824324324324325,0.8190768087675304
2010_001331_cat,0.8991057052513143,0.6669228360800387,0.92842515258593,0.7254768392370572
2010_001351_cat,0.9120551090700344,0.7171546834278706,0.9067270448849396,0.7262912785774767
2010_001367_bicycle,0.32914552299885413,0.3914582350165172,0.3383331410330372,0.3950769087998515
2010_001367_bottle,0.5315048183839881,0.5966653433902342,0.6942148760330579,0.7021570102834211
2010_001367_person,0.9146155779265895,0.7667374768724731,0.9367827388602447,0.8243706173123347
2010_001376_dog,0.9033230676458553,0.5878345833620037,0.9240222734589115,0.6191441604518138
2010_001403_bus,0.9747758009865722,0.8433578810961155,0.9815268303111577,0.8678621991505427
2010_001403_car,0.9391260419297802,0.8753652506181164,0.9222249269717624,0.8768860704132955
2010_001448_aeroplane,0.8356159128399893,0.8653358258779543,0.8501795192007493,0.886893312458063
2010_001522_sheep,0.7856379853655932,0.6355456061803177,0.7683059825508932,0.6061994725692793
2010_001534_cat,0.8235484513494672,0.5786051021431676,0.9080164839437058,0.761307238505478
2010_001553_motorbike,0.3988574005863339,0.27764708569340396,0.63252486924418,0.3532802847599273
2010_001557_sheep,0.8662330392130728,0.8197012074493485,0.8929170678036034,0.8499942136326814
2010_001563_dog,0.5995881141512209,0.8493150684931506,0.57402742793171,0.8423084950949697
2010_001563_person,0.8222048678901471,0.7185516983949235,0.845145760898636,0.8652930675394228
2010_001577_sheep,0.8883596619583719,0.6943894389438944,0.9406099766582677,0.7544996400287977
2010_001579_chair,0.6165813312327688,0.8808181818181818,0.5979187990446947,0.7198095874394521
2010_001579_diningtable,0.7321033686827111,0.33311425360951513,0.8281434129174939,0.47281824065315875
2010_001579_person,0.9109611393214719,0.7490149529320606,0.9246012822550734,0.8177765161635052
2010_001646_bus,0.9579286259958529,0.8467603453696761,0.9721534396657859,0.8882210946352037
2010_001656_cat,0.9482429974536195,0.7780927074106879,0.9554956169925826,0.8059339540732313
2010_001692_cow,0.9210024831090836,0.8327099863679261,0.9288299504878825,0.8489957847756013
2010_001692_person,0.8579165787437575,0.7594650016833471,0.8546726045508315,0.7652617369131544
2010_001699_chair,0.3293487221764221,0.2861611476647611,0.39804469273743015,0.32068677591065653
2010_001699_person,0.8744674599676804,0.7610539801253419,0.8876891462731179,0.7967280022136137
2010_001699_pottedplant,0.42311566993314403,0.7093702431944494,0.4525061009949315,0.7205923442302319
2010_001734_person,0.7904583723105706,0.8243071446732774,0.7758212877792379,0.5202610824041338
2010_001734_train,0.8198143816494379,0.6644745409558537,0.7857246167196992,0.6418619181505779
2010_001767_car,0.2219758064516129,0.5159253412573127,0.8338709677419355,0.6755216755216755
2010_001767_person,0.838893206901912,0.7191364552928071,0.8753859153098696,0.8348209865191745
2010_001767_sofa,0.647686067236187,0.4910464717869186,0.7153338878326996,0.5578113165721463
2010_001768_dog,0.7145969498910676,0.9193659545141282,0.696159122085048,0.9047442205923313
2010_001768_person,0.7252941176470589,0.9103857566765579,0.7367164179104477,0.9298701298701298
2010_001773_pottedplant,0.5744213886671987,0.6098305777732349,0.5898897578441534,0.6387378565722679
2010_001820_bird,0.5230169050715214,0.8022328548644339,0.5828985507246377,0.8815357413488255
2010_001830_bottle,0.6828037123154276,0.5160484335960023,0.7136081059260455,0.5532865168539326
2010_001851_chair,0.5576781778104335,0.7560542521440176,0.510758599026229,0.715456451305508
2010_001851_diningtable,0.5679619609772094,0.5119253990077112,0.5577547047371837,0.5197486535008977
2010_001851_pottedplant,0.4766250175487856,0.713296938974459,0.4112095082731298,0.6516229821211595
2010_001908_dog,0.8795376191441898,0.8667856861561081,0.9287862513426424,0.9252246558025777
2010_001913_cat,0.43739658025372313,0.49355680956792725,0.780568356374808,0.6509651397291847
2010_001951_person,0.6355653128430296,0.8847667228780214,0.6459977452085682,0.8541150564271952
2010_001951_train,0.9017469774975415,0.704023456589021,0.9235661218424963,0.7783583056263224
2010_001956_dog,0.9412011808772565,0.6995223054634682,0.945378694400376,0.7335888081051997
2010_001962_sofa,0.7098082716170218,0.3920900389186915,0.7397065731546117,0.4603029122654263
2010_001966_car,0.763986013986014,0.7531190019193857,0.7787532923617209,0.7317943836268443
2010_001995_bird,0.9660074511891089,0.7326552606762764,0.9776885762106039,0.7739786856127886
2010_002017_bottle,0.658695652173913,0.6859973071744566,0.7886435331230284,0.8020304568527918
2010_002017_car,0.5468023621057921,0.46874371050195224,0.5871960713857947,0.4759721719547995
2010_002017_person,0.8654925250870367,0.7868313649004948,0.892486281131279,0.8410112359550562
2010_002025_cat,0.9327025770540415,0.7138758672417026,0.9451179471637117,0.6919326666538705
2010_002030_bicycle,0.22403803525293137,0.46509778006216806,0.25782743681044007,0.6513687903276326
2010_002106_sheep,0.6536940370879468,0.2584041719043648,0.6648652821740137,0.3120802892775441
2010_002137_cat,0.8493333333333334,0.8221362229102167,0.873095178616038,0.8424737456242707
2010_002137_person,0.8892365040271584,0.804684965284537,0.8984894259818731,0.8205626863736548
2010_002137_pottedplant,0.3168919437831196,0.3649615690432017,0.31235067083256757,0.3662319130826616
2010_002137_sofa,0.030877849608710446,0.1604579853862213,0.19015172355418244,0.1855916030534351
2010_002142_bird,0.8191685741711585,0.6933054757552015,0.8504852930280803,0.782447355479054
2010_002146_cat,0.9184562398703403,0.8052993205026003,0.9504048228242964,0.8649002419578755
2010_002147_aeroplane,0.853849528405352,0.7402695744358625,0.8808564573808338,0.8055044806162541
2010_002150_boat,0.8308153164886689,0.8580728235209958,0.8206756413512827,0.8512709194034032
2010_002161_horse,0.9233874370587077,0.6425945849022772,0.9279329133321982,0.6577602438805703
2010_002161_person,0.6892084409224468,0.6815485756026296,0.789530235956505,0.7417650061556016
2010_002200_aeroplane,0.8808964112208117,0.8716047290139413,0.8977263724946526,0.8978529323178865
2010_002228_dog,0.9237881677999913,0.7546311418039289,0.9443939912757373,0.8458407164407835
2010_002232_sheep,0.8443607674376905,0.8484234822750631,0.8757049891540131,0.8840316398200873
2010_002251_motorbike,0.7988524744994333,0.621254860105207,0.7905169605881531,0.6357889941345077
2010_002251_person,0.842516373250015,0.830686222357322,0.8521713615023474,0.8725629341898857
2010_002271_motorbike,0.9301707427483663,0.8140935910838635,0.9484192218807328,0.8663852204661904
2010_002305_cat,0.907856172707127,0.7561509942703067,0.9189247005134056,0.7821405740049123
2010_002310_aeroplane,0.888400914450728,0.88819310827357,0.9149120634134258,0.9196829777447546
2010_002336_chair,0.5945014465717041,0.5593448055801247,0.6675347360063517,0.5917653454347774
2010_002336_diningtable,0.2337041738221459,0.27221442946880525,0.3258830426498608,0.3286341433252952
2010_002348_cat,0.8979827486665115,0.6686365132284975,0.9171667390552842,0.7514788535013055
2010_002361_car,0.8890784155997713,0.5013584553799656,0.9040109932349324,0.5379636767843377
2010_002390_cow,0.8348808518927342,0.43377292544950097,0.8762693363617319,0.49565408956180407
2010_002396_motorbike,0.8002611740962783,0.6652186366240214,0.7812136969629917,0.6623134328358209
2010_002396_person,0.7784090909090909,0.7745620128116076,0.7321142664531896,0.735451529314896
2010_002422_cat,0.7748993502123129,0.5643947063262714,0.7882175715548473,0.5907471975405841
2010_002450_bird,0.7674632352941176,0.7232420659614188,0.8435597189695551,0.9209885137486947
2010_002480_dog,0.9796646216768916,0.8358955424274973,0.986163885676524,0.7882440921328149
2010_002512_cat,0.9380893385642508,0.8578741865509761,0.9441245613437361,0.8613430908308222
2010_002531_cat,0.930636298478936,0.8573136707851734,0.9551612287731349,0.9106895683905877
2010_002531_sofa,0.6574994567579313,0.28363093878917967,0.721669417590191,0.3690085997079344
2010_002536_bicycle,0.1403558316859644,0.5713086037448663,0.1451252972379733,0.6104756008936021
2010_002538_chair,0.7291207445505755,0.9038475368572456,0.7658572844400396,0.93811704106453
2010_002546_boat,0.5943037974683544,0.734728948601781,0.6115879828326181,0.7694770544290288
2010_002546_bus,0.9441359363702096,0.7930154889946617,0.951161977983575,0.8221655644968529
2010_002546_car,0.8530973451327434,0.9210151126318791,0.8319870759289176,0.911925601750547
2010_002546_person,0.77009507346586,0.8177703668413531,0.8464696223316913,0.9585492227979274
2010_002623_person,0.7640688738139776,0.48333954382317756,0.6841001641038108,0.48135263723333505
2010_002682_train,0.8962818003913894,0.6246244847581566,0.9025805745154579,0.6333747917302232
2010_002691_horse,0.9379521460996062,0.789364626281848,0.9620283844558748,0.8529697934633585
2010_002693_bicycle,0.38393086335244286,0.6058387947910461,0.38251630041052886,0.61355326574705
2010_002693_cat,0.8610995993921813,0.8412071497291002,0.8904884687007592,0.8898959034647056
2010_002693_chair,0.15094771541067667,0.09299781181619256,0.4428273485672833,0.25919072292129286
2010_002701_cow,0.6563265306122449,0.8988908950219242,0.6298904538341158,0.8791624621594349
2010_002763_cat,0.8534941468605889,0.8773401534526855,0.8470486111111111,0.8701571728901792
2010_002763_person,0.8143935968164964,0.7136304183630234,0.7882035197769647,0.7025385396473738
2010_002792_person,0.9181760104977813,0.7291374603408839,0.9359079704190633,0.779891304347826
2010_002868_bus,0.9771989789296067,0.7818895966029724,0.9843000665103091,0.8416533632480476
2010_002900_cat,0.9657259280606397,0.6900303278293939,0.9658443384484974,0.644988339908027
2010_002902_car,0.9161934357253839,0.6811352253756261,0.9566469966041307,0.8324124212620179
2010_002902_person,0.8409886496234221,0.8301844354475933,0.8538245462402766,0.8530705079605762
2010_002921_chair,0.7543125754700707,0.7023326760668179,0.7645277387640449,0.6975894813732652
2010_002929_car,0.02470104806316081,0.1377024361150617,0.02791987012589212,0.10122124136669258
2010_002929_person,0.8401968297503327,0.710877103680845,0.8741173503698723,0.8006691018332025
2010_002988_car,0.8535993157299341,0.7306028798987289,0.9204288169344499,0.7649049353330848
2010_003014_person,0.8391439381105652,0.7456711849584609,0.8669715695516066,0.7973418993056706
2010_003060_dog,0.7393837931811597,0.6034401839770968,0.7380480814131363,0.5869196049515127
2010_003123_car,0.883920894239037,0.9028414298808433,0.9069355196100155,0.9282111436950147
2010_003127_aeroplane,0.6621476640983127,0.865995900875722,0.6562018489984591,0.861969964664311
2010_003132_aeroplane,0.7950645692408403,0.786747290105052,0.8577934090955295,0.8118125763804022
2010_003168_bird,0.8391877058177827,0.84940665218118,0.8995433789954338,0.9078353022932593
2010_003183_cow,0.5821451601346994,0.6376735262029269,0.5733117157761173,0.6275690340803508
2010_003187_dog,0.8862151071482851,0.6287490456974588,0.9052528664118745,0.5953921692055898
2010_003207_motorbike,0.7650862068965517,0.645335577758471,0.7933445552246536,0.6861217410456185
2010_003231_car,0.9147685525349009,0.8241116261104674,0.9035138248847926,0.822832802845909
2010_003239_cow,0.8465319708933271,0.798779172956027,0.8575487967390453,0.8039646451744751
2010_003239_person,0.8918845315904139,0.8826930025292063,0.8977241817027836,0.910652511034236
2010_003275_cat,0.8141252819073043,0.6454811104153622,0.8037609809663251,0.639064885097129
2010_003276_car,0.9570847105744803,0.8340191017680357,0.9765742000192352,0.9149721746575342
2010_003293_bus,0.9032723990069962,0.655793716466914,0.9196942197065248,0.6995618838992333
2010_003293_car,0.910803324099723,0.9169329073482428,0.8422664624808576,0.835511982570806
2010_003302_chair,0.8756600489689962,0.7394898368341507,0.8920591787439613,0.8152784169351127
2010_003302_pottedplant,0.7646434634974533,0.6440149625935162,0.7754854368932039,0.6723630543652228
2010_003325_chair,0.37165544622820645,0.3795489712877529,0.366468103941132,0.37990410076576253
2010_003325_diningtable,0.3757513561061428,0.25298441328259397,0.6048728298400039,0.38063963449457455
2010_003325_person,0.9654800668837454,0.8599699740685137,0.969673577415086,0.8762106848283651
2010_003362_bird,0.747655980238519,0.39389462527901337,0.762460176035423,0.432313139642043
2010_003365_aeroplane,0.7778602235310486,0.6647145864160223,0.8424526147522265,0.764207882691295
2010_003381_car,0.8478587871585404,0.2878029240937312,0.854693768163279,0.3659274377243654
2010_003381_person,0.3646671391054233,0.417678916827853,0.36594563235537875,0.4127645617487604
2010_003402_cat,0.8000335127662694,0.5199312766566696,0.7856232003290827,0.4856490030986885
2010_003409_chair,0.21999418773612323,0.44919605458721795,0.3395313295975548,0.5169925206665792
2010_003409_person,0.7596057131361899,0.8693155928187369,0.7625198728139905,0.8783943329397875
2010_003418_bird,0.9281370923161968,0.9241900434610826,0.9502058264724509,0.9560674660430867
2010_003446_bicycle,0.2980638123806927,0.8683320477066397,0.28855592870059416,0.8618071374335611
2010_003446_car,0.8101367658889783,0.8830294530154278,0.8138776159783561,0.8863982288639823
2010_003446_person,0.7544344621055057,0.8636714975845411,0.7239515780371811,0.8539880730525531
2010_003453_car,0.878514807465001,0.5286629316295571,0.9341033996924036,0.7231151241534989
2010_003468_bottle,0.8730172717659499,0.6282897658308416,0.9136374800442097,0.7539022561515916
2010_003468_cat,0.8895838273654256,0.687137330754352,0.8947977221497212,0.7123047154937653
2010_003473_bird,0.6855002370791844,0.5004735147420923,0.7704503288918874,0.595256407075694
2010_003495_aeroplane,0.8979044834307992,0.902352209085252,0.930851511833572,0.9359325125398997
2010_003506_dog,0.9018449401234677,0.7089114495205866,0.9279830632105179,0.7777680576210888
2010_003514_train,0.9282779230481882,0.8301203572783391,0.9608790291320034,0.9076856556047995
2010_003531_chair,0.8229291065030941,0.7387952671208319,0.862576755299936,0.8475157310719682
2010_003531_diningtable,0.4765879478827362,0.38803319349603455,0.6908038389275377,0.5143416111829857
2010_003532_horse,0.8132810450296193,0.7146195901673553,0.8850783874580067,0.817843594981033
2010_003541_sheep,0.7336706280597667,0.4470360287445123,0.7612507413997628,0.5156433121019108
2010_003547_boat,0.7750386341894179,0.5153289989911445,0.7957323933098327,0.5335547782121756
2010_003597_diningtable,0.7162884051258298,0.5131384370378796,0.7773531839442389,0.6201257094037957
2010_003597_person,0.8142816477573096,0.645551969012266,0.8166904713323812,0.6791521105303249
2010_003597_pottedplant,0.22810085993295437,0.496289345730615,0.21077441077441078,0.4404497941083307
2010_003597_sofa,0.18216744037137828,0.22526826400117594,0.19236218241349998,0.24273691913648004
2010_003675_cat,0.7138985356403096,0.34479158034308444,0.7307878450876814,0.3268076220308014
2010_003708_train,0.5203296703296704,0.5412246135192482,0.6016301579215486,0.5742823320509026
2010_003716_aeroplane,0.9141878559994043,0.891220467766829,0.944001540535336,0.9307263585145695
2010_003746_car,0.6990191017036654,0.5805519897304237,0.7792674950948332,0.6479437229437229
2010_003746_dog,0.934784022898777,0.7657456240923336,0.9493202300420862,0.8192068429237948
2010_003746_person,0.8810914552736983,0.7868567286784247,0.8982639460259997,0.7980079305135952
2010_003758_cat,0.5797736154157122,0.4613430646488498,0.7189526946717832,0.5644195936367932
2010_003764_cat,0.8722162043071952,0.643116982577063,0.8847856282989166,0.66813884644767
2010_003768_car,0.4460556844547564,0.6995511968085106,0.8140730237504431,0.8151996898022489
2010_003771_bird,0.6991241041974747,0.5880870420457339,0.6598423511787994,0.5819974230665508
2010_003772_bus,0.9476228084030959,0.8463180847680916,0.9673289040830807,0.8940874035989718
2010_003781_bottle,0.5037640190505454,0.5229441481897278,0.5165953680483847,0.5455978074683111
2010_003781_cat,0.9635239567233385,0.9075255659470326,0.9627697657768232,0.9030749242096145
2010_003781_pottedplant,0.7339642481598317,0.6489681295715779,0.7664188351920694,0.7073973149009704
2010_003813_car,0.9655178160727975,0.8482641349015162,0.9681285615828137,0.8894975555162867
2010_003854_car,0.9815971707503017,0.8343350409422774,0.9858754958998521,0.8094949877056932
2010_003854_person,0.7893065113816834,0.743371364293749,0.8352941176470589,0.9284712482468443
2010_003912_bicycle,0.4096343101208692,0.5536090354585589,0.42696603444717107,0.5938541454790105
2010_003915_aeroplane,0.825691204915235,0.9276978585820721,0.8521596628818916,0.9343014239390949
2010_003947_motorbike,0.531776858636545,0.5430666944933067,0.546550540586923,0.599800625311523
2010_003956_train,0.8876157864699943,0.7613112693757855,0.8926536201793523,0.7680640404465978
2010_003971_cat,0.8300892133008921,0.722903093535013,0.8690563277249451,0.7598765720697555
2010_003971_chair,0.4959866305421214,0.5968779846247788,0.5122284563372177,0.6314380217357064
2010_004041_boat,0.8176934791637823,0.693233218744346,0.8320251614339791,0.7032000937756417
2010_004042_motorbike,0.757022229881096,0.7359073846250906,0.8014329580348004,0.8128004615088776
2010_004063_aeroplane,0.6824412532637075,0.8259495337933941,0.7174686678013307,0.8157280041526084
2010_004104_cat,0.979742770765368,0.8976962648177141,0.975887761030794,0.8048313036534238
2010_004120_cat,0.9228238548258665,0.8231581658938691,0.9383697389451252,0.8546302849204477
2010_004149_train,0.6144255969714618,0.21665882036451678,0.711979358643568,0.32026172492534694
2010_004165_dog,0.7821396993810787,0.7850634725634725,0.7797004132231405,0.795807255889686
2010_004165_person,0.8624440402909905,0.8265045631501691,0.8944697417358963,0.8468728436108148
2010_004208_boat,0.8422228060956385,0.8989968604027874,0.8565211657655282,0.9190818455831208
2010_004208_person,0.0002624442306009973,0.08511979823455233,0.0,0.0
2010_004219_motorbike,0.8771968652857559,0.5420564966650491,0.8932187944751042,0.5846599632891957
2010_004219_person,0.30694089365436716,0.27835394430502225,0.2980081150866839,0.22397466917585207
2010_004226_sheep,0.890498338870432,0.7857928446658472,0.9197432889379615,0.8605651312031717
2010_004314_aeroplane,0.7117962466487936,0.7221935958778064,0.7159167226326394,0.7409272955109462
2010_004320_cat,0.4404549935988934,0.27599255332065237,0.4796504369538077,0.31621056086653265
2010_004322_cow,0.9003692488775403,0.5782610515740121,0.9351908910778449,0.7076502732240437
2010_004337_car,0.7345679012345679,0.8341121495327103,0.6244616709732989,0.8719479110146501
2010_004337_person,0.7079803834150691,0.8145173745173745,0.6826552462526767,0.8037895396179142
2010_004348_bus,0.9170868409148581,0.4841976205612569,0.9409675498003574,0.5940438004645504
2010_004355_motorbike,0.926426681142702,0.7355313779837008,0.9479574706211528,0.7976694471224378
2010_004369_cat,0.9330785018924059,0.41616600622097233,0.9638326620262162,0.6904122415789863
2010_004382_pottedplant,0.520157195213494,0.5730479288561247,0.5790911895632245,0.6289242552801155
2010_004419_aeroplane,0.8972058119112246,0.8432667481994837,0.9235218720215598,0.880984079436401
2010_004432_person,0.7746893394375409,0.6160426027625229,0.8111890667251334,0.6739837114194834
2010_004472_car,0.34856436014693754,0.439665962205306,0.6102609000175101,0.5059756067633562
2010_004472_person,0.7455997749085566,0.4248947909847564,0.7141756320203906,0.4466524854455889
2010_004479_cat,0.9059912323429128,0.7914390429430883,0.8914320852691993,0.7531808293229613
2010_004479_person,0.9364770351142837,0.8389654441382235,0.9420957753031141,0.8336950405915923
2010_004519_horse,0.9381721783191557,0.8041181688664283,0.9579742671623636,0.8559803597042922
2010_004529_bottle,0.8195493704440027,0.5648425080160591,0.9114963105270052,0.7583737034505305
2010_004543_chair,0.1856946354883081,0.31175582760355525,0.04049798248203917,0.11865261338263187
2010_004550_dog,0.8336305822166944,0.44196502914238134,0.8740217391304348,0.5412081742645407
2010_004551_bottle,0.66735224074475,0.4194705535122372,0.7655157577713241,0.5329910277108753
2010_004556_bird,0.8736628300609344,0.9039543667617359,0.8861585450506734,0.8999692449638629
2010_004559_bird,0.8666680579323011,0.7635499001129158,0.9204185776112654,0.8255621355478411
2010_004559_person,0.869245201327753,0.8288907208940185,0.9086165561979974,0.8647625912244347
2010_004628_dog,0.8910559723023659,0.9238581466842336,0.8905033127978612,0.9120903332415312
2010_004635_cow,0.8622118155619597,0.7800824402308326,0.8886743408837727,0.8228559815743124
2010_004662_boat,0.7136106790573133,0.37907779171894607,0.7475479568027421,0.4334429912541122
2010_004697_motorbike,0.6210452961672474,0.44672727272727275,0.7040016790261648,0.5102945125772088
2010_004697_person,0.8337352377419155,0.6233605264343985,0.8442842046372848,0.6352384173148461
2010_004757_pottedplant,0.7080525078369906,0.5278545390404515,0.7263841764342999,0.5862004675376826
2010_004757_sofa,0.26606398404930215,0.18308348376631872,0.38458430597952953,0.2675775031117029
2010_004763_chair,0.3714480077745384,0.4800817330055153,0.48843595591030026,0.5392821925260974
2010_004772_boat,0.6219875205026513,0.26777403082411305,0.6700639338097029,0.4338367869554992
2010_004783_chair,0.35821575966983393,0.3906008962021597,0.3684223577840599,0.43786541936855533
2010_004789_cow,0.8622250157133878,0.8278109485379349,0.899548769610158,0.8819442883158345
2010_004795_dog,0.8632501685772084,0.8775133214920071,0.8863980195296383,0.9062634989200864
2010_004815_cat,0.8960616605418062,0.7240935866589231,0.9359945642942076,0.8399982707189486
2010_004815_person,0.9490396747511566,0.809412679891093,0.9572933606731245,0.8421711349713458
2010_004825_chair,0.5643904972088797,0.5687005878775593,0.631584548260083,0.5622701838529177
2010_004825_diningtable,0.3874829931972789,0.2963328168286613,0.5253115264797508,0.33513155404126443
2010_004825_pottedplant,0.2560036768930254,0.5037805017756902,0.2777837431547299,0.46217262353591715
2010_004828_bottle,0.6244997389942579,0.6429783499122294,0.6340369301387488,0.690314806446754
2010_004828_person,0.5785539963392312,0.4596966091612136,0.5789046241307548,0.47469536163522014
2010_004856_horse,0.8141535269208962,0.40716690274277517,0.8754676709068829,0.5124575997415604
2010_004861_cat,0.924341972671208,0.8177142547777597,0.9580883429934507,0.8729122295706759
2010_004941_motorbike,0.8216289490529803,0.658231851969002,0.8473525697075682,0.7048362567170232
2010_004946_car,0.6316649678394433,0.38264085273004134,0.8428138201833576,0.5555078322385043
2010_004951_train,0.9663029216934942,0.009508571428571429,0.9673960776753103,0.2363998010939831
2010_004980_train,0.9175192822288682,0.7878755874742568,0.9461869129119567,0.8559763248753219
2010_004994_bird,0.8703566569652298,0.7711163128049585,0.9063890908446084,0.8470910335386721
2010_005013_car,0.9010884353741496,0.7907726309973294,0.9210561767479456,0.9014069828035435
2010_005021_cat,0.9696598115124548,0.821804843786582,0.9646251258840824,0.8313394683026585
2010_005021_chair,0.6216650973006905,0.6324600815649409,0.6422840868065306,0.7579340808698607
2010_005046_diningtable,0.14903403863845446,0.15959624479424014,0.24767700024669023,0.20269039445106143
2010_005046_person,0.8687772838319516,0.6077688575466612,0.8767915027216571,0.6289148392464492
2010_005063_bus,0.917371558330968,0.8088256227758007,0.9386183334298454,0.8464858375968217
2010_005108_cat,0.7023313609467455,0.44038905775075987,0.7428612668094012,0.46193736670782354
2010_005118_bus,0.9174118558698179,0.7527478779327765,0.9338862484655818,0.8056961143865188
2010_005118_person,0.7893228233608026,0.8517337314243062,0.7924011434016198,0.8366539209767223
2010_005159_dog,0.9154529745741792,0.6240509643075312,0.9254565758717079,0.640543115769414
2010_005160_bus,0.7200153374233129,0.598790194205667,0.9102710958381062,0.8246929921317744
2010_005160_motorbike,0.765625,0.7170485164458474,0.7819350784327943,0.7266300078554595
2010_005166_cow,0.6789192949907236,0.548593261549149,0.8015951054299136,0.6723065250379363
2010_005166_person,0.7529885654885655,0.7198191828952161,0.7574928329424029,0.7304580479452055
2010_005174_horse,0.9088764530883452,0.8141159393994375,0.935289833571602,0.8736046092906014
2010_005180_sofa,0.9751719690455718,0.8227561196736174,0.9725198200128562,0.7588832487309645
2010_005187_pottedplant,0.6006919623709719,0.5804548516906717,0.7194942503678674,0.5753297552988266
2010_005206_dog,0.9453925367588513,0.5698288611874076,0.9543987896801489,0.7362010975393875
2010_005245_dog,0.7653832313781936,0.9095386210471748,0.7892393320964749,0.9122944400939702
2010_005245_person,0.8395431057927658,0.8166147455867082,0.8371657754010695,0.8127572016460906
2010_005252_boat,0.3918171765573166,0.3051293082843348,0.6803962939179892,0.49948998765233266
2010_005252_motorbike,0.2874913245422028,0.4583014270797076,0.36856752270286103,0.3906912601275642
2010_005252_person,0.8275777913361806,0.7581551715081157,0.8365620402157921,0.8737563698131522
2010_005284_bus,0.9606600720244336,0.7967125125796712,0.9675221021611002,0.8246809297737222
2010_005284_car,0.8068910256410257,0.8793865349623083,0.8366064414768264,0.8856126080325368
2010_005284_person,0.58841917237273,0.6656093692814444,0.612330958266686,0.6743397140780227
2010_005344_cat,0.8935589097141593,0.6773782073296375,0.9218313350761742,0.7599642869175567
2010_005353_bird,0.7734650670430487,0.7426451777948324,0.7921937116010119,0.752968508002065
2010_005366_motorbike,0.7337285174622609,0.5230069939177661,0.759062427477373,0.5742872697818322
2010_005401_boat,0.7319746962835166,0.4612504353883664,0.7801427502236177,0.47909358596850593
2010_005421_cat,0.8436472346786248,0.8520400063502144,0.894077539047015,0.9010302498903989
2010_005428_bird,0.8442656624443684,0.7935713372811315,0.9040953688510867,0.903561805130992
2010_005432_car,0.848243953205522,0.5600674804009129,0.9498182817320061,0.7991924174283089
2010_005433_motorbike,0.9142576250555933,0.818168016194332,0.9579299460579935,0.8839327296248383
2010_005496_bottle,0.20377950346199455,0.2672957221583475,0.21854884783850695,0.2845269045930828
2010_005501_car,0.9525565800502934,0.7991261605679957,0.9531991014227473,0.7884759291593914
2010_005501_motorbike,0.8259604774801886,0.6276205956086944,0.8411770702368412,0.6601169525815481
2010_005531_bird,0.6663082437275986,0.628669478210535,0.5709474973212919,0.5962377843871914
2010_005534_aeroplane,0.8770178165730002,0.8541808990299221,0.89937530622244,0.8746466248362408
2010_005575_dog,0.8888623041033616,0.8343306079568812,0.9008992805755396,0.8654572244221383
2010_005582_person,0.7872350783810976,0.627861448702293,0.8449761076618015,0.688828902842165
2010_005606_cat,0.8691663494480396,0.7579177663564384,0.8597369382535623,0.7646957599118943
2010_005606_person,0.7083028459198213,0.5929806552096423,0.6860868436184223,0.575635989682553
2010_005606_sofa,0.6424796533136032,0.5897691316067034,0.7828368094335212,0.6881819130071972
2010_005626_chair,0.2742557883131202,0.3679692125518058,0.2912462503408781,0.5283825429963217
2010_005626_diningtable,0.6692959968448038,0.4795944807929002,0.7081451639104585,0.47066353744399403
2010_005626_person,0.8983568112822654,0.8233464516948077,0.9180784937595329,0.8810107486328493
2010_005644_dog,0.719284952139422,0.3481490355816461,0.8768292116388188,0.5757072841843217
2010_005664_bicycle,0.42294122473538825,0.4416506512919069,0.43014286490303655,0.4508696192861838
2010_005705_boat,0.5343401381194506,0.537838186866404,0.5508333333333333,0.5376022149249887
2010_005706_train,0.8173690932311622,0.6946094924475624,0.851003958601612,0.7510467935062073
2010_005709_cat,0.5429812765077067,0.40467964286936,0.6357077139121592,0.4710956795647349
2010_005709_person,0.7639748091177618,0.5754075454122031,0.783455364686004,0.6326236890104879
2010_005718_aeroplane,0.5884647204822125,0.7260747869295846,0.5684837880693313,0.699352680645461
2010_005719_sheep,0.9552007126852576,0.6001838235294118,0.9638123665041897,0.7680879246769055
2010_005727_train,0.8437093794896353,0.7417630479152493,0.831337493675156,0.719804134929271
2010_005762_bottle,0.3454235805850268,0.38754494932984634,0.39697767601602746,0.47181573839032404
2010_005788_sheep,0.8733422251302313,0.8149622571733125,0.8955980044976348,0.8529004290311047
2010_005860_bicycle,0.29794762915782025,0.5945991278094599,0.3583081570996979,0.6608368747956849
2010_005860_car,0.7672506357728172,0.5473678699510484,0.9573390364700586,0.8832122460080034
2010_005860_pottedplant,0.42590196923961476,0.5190423668331927,0.4841741534208708,0.5041553045059083
2010_005871_person,0.7624833185053381,0.6878849711092889,0.8078437006177274,0.6976847300136872
2010_005871_train,0.806404358664645,0.32628581598149137,0.9052800980918078,0.581030966067124
2010_005877_aeroplane,0.8491581562241236,0.7896258230287457,0.8888006927406552,0.8832979071288424
2010_005888_aeroplane,0.7955915274668504,0.9228317093708649,0.7926165362368153,0.9361220355142414
2010_005899_cat,0.971112047551455,0.8689453575732711,0.979398764151369,0.8902942694889003
2010_005922_cow,0.6404446344591705,0.8603850704528343,0.618096357226792,0.8624960965962319
2010_005991_dog,0.6396968374270863,0.5947673016638534,0.8267326732673267,0.7558203113758669
2010_005991_person,0.82431190120175,0.6169448414207235,0.8245398639692301,0.6147071774548657
2010_005991_sofa,0.37831066571224053,0.28508969874760237,0.4444624286812609,0.37098050005158717
2010_005992_dog,0.868430254921845,0.7218403321309467,0.898833589752764,0.795677392625328
2010_006026_sheep,0.7540431266846361,0.8851251840942562,0.7364139277578913,0.8804640563496996
2010_006034_aeroplane,0.8657342657342657,0.781965204606714,0.8745283290606908,0.8091229444009397
2010_006054_train,0.660262275083867,0.6974165317988371,0.7239760401489396,0.7445519098922625
2010_006070_bicycle,0.2229622380111087,0.5379583187526731,0.2329507717648309,0.5819544452608376
2010_006070_car,0.9296036059923107,0.7120783460282917,0.9444663771548888,0.7561055744168218
2011_000045_dog,0.8766861924686192,0.7859630239331392,0.9008519994503229,0.8388251225174104
2011_000051_person,0.9012865651015103,0.8232901620518055,0.9176240692699033,0.8516785224010982
2011_000054_person,0.864484762243567,0.637489896163651,0.8908458040715275,0.6877043310396364
2011_000070_sofa,0.9507473585383663,0.6440734781442746,0.9543167699541747,0.6928441129609532
2011_000112_bird,0.7582710779082177,0.772011030135907,0.7679552175749894,0.8166502001975976
2011_000173_sofa,0.9617913796864774,0.8601946501805717,0.9624754359150317,0.8281004252344615
2011_000178_bus,0.9141999872321409,0.7145737530951539,0.9162399337058836,0.7358611368001707
2011_000178_person,0.7047064531780689,0.8530300849287462,0.724868250969474,0.8426595973346708
2011_000185_bird,0.9671923506767665,0.7147693254623283,0.982258024249586,0.7582621402877698
2011_000226_chair,0.4963033216217964,0.5300578662405561,0.6858677183193136,0.5868798812475752
2011_000226_diningtable,0.7074529188568246,0.4550892426435118,0.7087391729297968,0.46368643932881204
2011_000234_boat,0.8614419564872161,0.6919902584224056,0.9009082198058576,0.7601409683294307
2011_000239_bus,0.9525375650064749,0.8192793122370587,0.971127838466861,0.8809425382389418
2011_000239_car,0.6347352024922118,0.9324585932458593,0.5704874835309618,0.9276683937823834
2011_000248_bus,0.9191488458927359,0.8005717797312101,0.9346454488684081,0.8297686599738106
2011_000248_person,0.6903497122620629,0.8726523887973641,0.6735306735306735,0.8580306698950767
2011_000283_train,0.8845956975859445,0.4713383568748284,0.8880481800353284,0.48311380790291547
2011_000312_bus,0.9479836219319715,0.8352715614785013,0.9554304696871828,0.8486014642387836
2011_000338_chair,0.3651216265278954,0.557632522917497,0.3490994980808976,0.5993687117774709
2011_000338_diningtable,0.3520738432030688,0.41053156975293237,0.5318279813911267,0.4770291350072963
2011_000396_horse,0.8188529244747302,0.8610336123289491,0.7069087813874309,0.7734745597504711
2011_000412_bicycle,0.23339073495333462,0.446690583682683,0.23653596187175044,0.4850882220493716
2011_000419_cat,0.6771324723532596,0.6854695578362529,0.6492327642100714,0.6560344188116608
2011_000435_boat,0.657166794665922,0.2766304417066925,0.7279734311215664,0.32599771467264804
2011_000435_person,0.6717743339717918,0.8235073117160858,0.673887859128823,0.8390519577879015
2011_000436_sheep,0.6905975644293402,0.8125135938519539,0.7220906129700918,0.8391551584077985
2011_000438_person,0.8580756050893446,0.650719238076439,0.8680404049218955,0.6675733627396925
2011_000455_motorbike,0.8109100855769606,0.6239218632607062,0.8409913239699646,0.6647857422202358
2011_000455_person,0.9114943975827773,0.7574902341924752,0.8941673264713644,0.7458944149653746
2011_000456_bird,0.7719319128675157,0.787203315333417,0.7876181245456748,0.8143682173002476
2011_000479_person,0.7921759939388899,0.47591964298283895,0.8281653372008702,0.6163475907181324
2011_000482_bird,0.8922878528031482,0.70527018012008,0.9372550083415845,0.8284454297901053
2011_000503_car,0.7717329332333084,0.6333518361623185,0.7520547526658315,0.6090775597383526
2011_000512_motorbike,0.8198364132081187,0.5986174308715436,0.8605675830106025,0.6547659231947655
2011_000521_train,0.9137645731477999,0.6990828747707187,0.9339211279509787,0.7744704039234385
2011_000526_horse,0.9258233044127251,0.6948797819526915,0.9411496480378466,0.7380631898387215
2011_000536_dog,0.8865998747651848,0.8259467928052785,0.9101817483681044,0.8616346333271133
2011_000548_bird,0.417255297679112,0.4836250705815923,0.5109942638623327,0.4903899981339802
2011_000548_cow,0.7914402719413292,0.7360261039136563,0.7985505336671498,0.7376682856562448
2011_000566_cow,0.928536064874093,0.7139697594794037,0.925108489286683,0.7082846636383301
2011_000566_person,0.8932280551998862,0.7790836415702184,0.8978538058941304,0.7675965849061991
2011_000585_bicycle,0.06986575687903286,0.4222209780813482,0.12037629591706131,0.4501156214303625
2011_000585_person,0.7633556774324599,0.7096111348040166,0.7932219701656699,0.8146887349845443
2011_000598_diningtable,0.37635654830892423,0.1714272009976737,0.44863139806063584,0.2133177570093458
2011_000607_chair,0.6948221757322176,0.5861653410460352,0.6689238802317043,0.5759024902315274
2011_000618_motorbike,0.8411204303035829,0.7380487704665448,0.8517199936506497,0.7548148907804327
2011_000618_person,0.9078358491997269,0.900384112110084,0.8816203941103216,0.879459703575974
2011_000638_person,0.8267938142786568,0.5971216731367818,0.8491347342398022,0.6749827449792098
2011_000658_car,0.7538042243924596,0.8371312488959548,0.7612385321100917,0.8410643015521064
2011_000661_cat,0.9078536681382335,0.8683798335780715,0.9032275651510195,0.8603475288420452
2011_000669_bird,0.7669395179627103,0.9409495315329501,0.8209426627793974,0.9593079141300865
2011_000747_bottle,0.5170266330992447,0.828919081606329,0.2648655394022587,0.5379037574159525
2011_000747_pottedplant,0.6926745860331174,0.839324442803747,0.6737458486278622,0.8246747338731689
2011_000780_cat,0.8845635545770304,0.7082313705957511,0.9166893918734661,0.7717691028007566
2011_000789_cat,0.9530672860896386,0.7359196754745736,0.9659125042391357,0.739916142557652
2011_000807_aeroplane,0.7280202403542062,0.9143730886850153,0.7221534653465347,0.9147863020971595
2011_000809_chair,0.5034517595554807,0.630406603902306,0.663110909366016,0.7895167058342699
2011_000809_person,0.8863327569169961,0.8528813165086934,0.9159196676765469,0.8904339134524929
2011_000813_cat,0.9268446334357036,0.7615749179730222,0.9168707959096388,0.7348533418817118
2011_000813_chair,0.5465742754211158,0.5881403164655369,0.6589180635149876,0.6585741070140858
2011_000830_bus,0.8718615956534173,0.4290153906866614,0.8834023174814515,0.5072633945046465
2011_000843_chair,0.5188798554652213,0.39487801762677227,0.6158784841841528,0.4808577659316695
2011_000843_person,0.8817783424478447,0.4529068040011885,0.8811803936503219,0.5553404074045387
2011_000874_aeroplane,0.8963305489260143,0.8752861659217268,0.918408871254896,0.9024031748364812
2011_000888_bus,0.8741367893292972,0.5547882625416994,0.8827219500537699,0.6032272658724175
2011_000900_car,0.9140923500264946,0.6599772315955398,0.9298327093502677,0.7037274393788098
2011_000953_diningtable,0.8990681646718186,0.6243104964425613,0.8979158943943325,0.559394240028012
2011_000953_person,0.8609293780247356,0.7251766151325894,0.8717523619186046,0.7794772825261256
2011_000969_bus,0.9249963015927807,0.8540177920373341,0.9310023081078427,0.8604002544404756
2011_001005_sofa,0.9780504551595827,0.900352570050102,0.9893529254370318,0.9530397981606576
2011_001014_dog,0.895002595441461,0.8262414277451872,0.9193040275287161,0.897863584624814
2011_001020_sheep,0.625077399380805,0.6727443745025685,0.5557068918550804,0.5991122208350673
2011_001047_cow,0.8012702315099365,0.7741867286805317,0.8511455916473318,0.8234132967786155
2011_001060_person,0.5901582083418944,0.7007323960232955,0.6271048223574011,0.7921608999895559
2011_001060_train,0.6968193384223919,0.3921132135474638,0.8442134657151722,0.6024043715846995
2011_001064_bus,0.8131117474220051,0.5028311712905975,0.8168697459148012,0.5010161250498566
2011_001069_person,0.8279446672669232,0.4886279771888628,0.8066461617532504,0.4286173716167541
2011_001071_chair,0.5800863832689248,0.38221212565342716,0.6425904019669242,0.43921732980590406
2011_001071_person,0.9482210539185719,0.7794772143170563,0.9574849571506716,0.8216131064902331
2011_001082_train,0.7619669277632725,0.7926829268292683,0.7982456140350878,0.8305052430886558
2011_001110_bus,0.6579804560260586,0.8395339329517579,0.5345054945054946,0.7245979532163743
2011_001110_car,0.8638491479065853,0.7290327918585731,0.8985515289416727,0.7796542248683307
2011_001114_aeroplane,0.8424672568961733,0.8662294563843237,0.8691878019323671,0.8942008147615624
2011_001159_cow,0.7763682717216991,0.7459589380401079,0.8664753783669098,0.7984287317620651
2011_001159_person,0.7823811600523332,0.8105954257823467,0.8245787558726907,0.8480620830971792
2011_001232_cow,0.912533478466364,0.7863340799860818,0.9341683615984548,0.8448549638807505
2011_001263_aeroplane,0.6657792340774115,0.8426342384363373,0.464546056991385,0.5872851343180444
2011_001276_diningtable,0.3658697227161957,0.2570682093869553,0.5677348636275711,0.32464479198609836
2011_001276_person,0.8744285362314873,0.6285812672176309,0.8572510306531677,0.6126441446011295
2011_001281_train,0.9167901289167016,0.7612738853503185,0.9288350144253349,0.7933504775900073
2011_001287_bird,0.9148552015774595,0.8083131894084632,0.9406131672163186,0.864925799086758
2011_001292_cat,0.9565159989438057,0.7870823777350772,0.9734303645998681,0.8631667584286038
2011_001313_car,0.47804355587290254,0.6315328832208053,0.4173633440514469,0.6017383021788308
2011_001341_bus,0.9498447875050462,0.7635725677830941,0.9650667383827088,0.8215346044731807
2011_001346_person,0.7179914767463406,0.6490825688073395,0.6169027534617221,0.6251188521047627
2011_001350_sheep,0.8593907819892616,0.7057924786233146,0.8817198456270045,0.7139259423257873
2011_001407_aeroplane,0.9085828676286596,0.8907631274794615,0.9261804760086547,0.909510213046343
2011_001416_person,0.3571754506046087,0.4474787176573589,0.3532813091412787,0.40195448551043184
2011_001421_bird,0.6281005221932114,0.5487202153734881,0.30636449480642114,0.22714169816857405
2011_001434_aeroplane,0.8836744155242069,0.7218120753432078,0.9015525138834466,0.7619569643248661
2011_001447_chair,0.04217782451220937,0.0847647733430793,0.13307032850314848,0.1494590087887564
2011_001447_person,0.8857538949036177,0.6257161395419468,0.898579958044215,0.6993879472693032
2011_001529_person,0.6651622002820875,0.8972714314803503,0.649375339489408,0.8952284263959391
2011_001530_cow,0.5320953690967446,0.6779397866882678,0.5011113356233583,0.704296490652673
2011_001530_person,0.8378378378378378,0.4550480069828339,0.8523669103662473,0.428832920917935
2011_001534_cat,0.9348629527386825,0.7747583485276119,0.9579389301151063,0.8470013837758805
2011_001546_cow,0.831166685028093,0.7728560490045941,0.8430363108603977,0.863801198610528
2011_001567_chair,0.6424674779689467,0.46965425531914895,0.7790982174065012,0.5233555767397522
2011_001567_person,0.8244001590738368,0.7542054387606059,0.8730140376032006,0.8056898173678918
2011_001567_sofa,0.5303568408591239,0.459643217771794,0.4934965570007651,0.4505789776725737
2011_001589_boat,0.8305489260143198,0.8036259308997681,0.8630952380952381,0.8137990941242167
2011_001597_cat,0.8438321276653391,0.6121310437603862,0.8874546648770597,0.6620726156451784
2011_001601_cat,0.9430273146679035,0.8490275067665387,0.9529275846811858,0.8737572034703313
2011_001601_sofa,0.9827649984244633,0.7863597122302158,0.97864576201561,0.6761000240442414
2011_001607_cat,0.9032570361662402,0.7103783855844646,0.947872603317198,0.7594283079760258
2011_001613_boat,0.4117999401018269,0.8231060606060606,0.49164592961251335,0.8968638449770525
2011_001613_person,0.532258064516129,0.866231647634584,0.5958631662688942,0.8684750398905858
2011_001614_train,0.8585498913806903,0.6290326316033257,0.8918327166570488,0.7336732739634205
2011_001619_person,0.7951232848623618,0.7259429134113318,0.856457468879668,0.8105494148244473
2011_001624_aeroplane,0.7427430502227,0.856601554844189,0.7374505628232431,0.8590726068320561
2011_001642_dog,0.9174636632479708,0.6840986202216693,0.9173517551811446,0.7421306041470083
2011_001665_chair,0.24191416233365648,0.6508148543948704,0.2596754057428215,0.7185376808710237
2011_001665_diningtable,0.02746342809826111,0.12094117647058823,0.08463539423590415,0.1197150629351284
2011_001674_person,0.874679660296264,0.6647792510105538,0.8648970833664468,0.62583590831527
2011_001674_sofa,0.7143291108478387,0.5971091250137923,0.7060519588609476,0.58284905865709
2011_001708_cow,0.8181349598384949,0.7650938107956606,0.8636920702646271,0.8213450694539953
2011_001713_pottedplant,0.684928716904277,0.8626966477225929,0.738159816398915,0.8847528043207312
2011_001713_sofa,0.8593206678180771,0.4807081538316405,0.9345170260290833,0.7176421904455377
2011_001714_dog,0.8076315997158867,0.6357272854542909,0.7916856146733363,0.6291036643509059
2011_001714_person,0.5625478927203065,0.44371873623098257,0.5737378147750894,0.4836343718270721
2011_001722_horse,0.8122556289604962,0.7353446742931657,0.8549314776681105,0.8009613014542766
2011_001726_pottedplant,0.03749669923422234,0.7961516369902355,0.03821912297170444,0.7983289458624242
2011_001745_dog,0.6570024476785002,0.5218988530144087,0.7199419458751483,0.5896266298785101
2011_001775_cat,0.9223748986972772,0.4468827281010022,0.9228062712688381,0.43631778058007564
2011_001782_cow,0.6690220463538722,0.7464121403556959,0.6634920634920635,0.7625821310031836
2011_001793_boat,0.2536542075589894,0.5384989098492748,0.2926083338955227,0.4850999759094194
2011_001794_person,0.8391114304532663,0.7945598918736273,0.8761487964989059,0.8604691198622767
2011_001794_sofa,0.93288675429727,0.9283484233531064,0.9021531100478469,0.8999096929560506
2011_001812_chair,0.2653232577665827,0.4688291825507339,0.3643508159144245,0.5656352922725337
2011_001862_chair,0.14114627887082976,0.6629840067340067,0.13819226750261232,0.594383149448345
2011_001862_diningtable,0.5329842931937173,0.5011764705882353,0.6678832116788321,0.621500407719489
2011_001862_dog,0.7595744680851064,0.8306068601583113,0.7926565874730022,0.9023846960167715
2011_001862_pottedplant,0.5743243243243243,0.9195966907962771,0.5318985395849347,0.879110251450677
2011_001862_sofa,0.9758863065004361,0.9032389904975988,0.9531630170316302,0.6618666666666667
2011_001863_pottedplant,0.6232457244214337,0.516425479034715,0.6759199723019091,0.5288364837961538
2011_001868_dog,0.8790197270639103,0.7349819373580128,0.9071366868230447,0.7475847205707491
2011_001880_aeroplane,0.6566656217813801,0.5600154640041686,0.6787332346476472,0.5684966216216216
2011_001984_dog,0.9230646225189391,0.8166712669058791,0.9500175052000741,0.8866437374605904
2011_001988_bicycle,0.45867549668874175,0.7773912017926642,0.4660045836516425,0.7666336806566156
2011_001988_person,0.9515096381935009,0.8205463765745133,0.9624506851553564,0.8565205365786198
2011_002002_bicycle,0.35575529138880835,0.7004397738306014,0.36811387900355874,0.6647270237891494
2011_002002_person,0.6822310075862806,0.7422408242112041,0.7200178084478824,0.7871448382623278
2011_002040_dog,0.8746451799249026,0.703122949744128,0.8930055824946008,0.7533612886048988
2011_002041_chair,0.05014641288433382,0.186310324937512,0.21433413446724595,0.2663677130044843
2011_002064_bicycle,0.2405412449502628,0.5248023336148,0.23839769647696477,0.5224623345000761
2011_002064_car,0.7805126118795769,0.6257072755495469,0.7196962849136762,0.6352709264868504
2011_002075_diningtable,0.11157405164478465,0.07244477723698989,0.18471645251666505,0.12649670581495273
2011_002075_person,0.936110058124842,0.8423543721409873,0.95,0.8448936553249492
2011_002098_dog,0.8578391551584078,0.7150299743077362,0.9181411056456942,0.8343371178143981
2011_002110_dog,0.9281892949349232,0.8290606497039527,0.9557365628851616,0.8983050847457628
2011_002110_person,0.5316918341829374,0.23142463597009053,0.5328130017042507,0.22718295529355437
2011_002121_dog,0.18594498758080838,0.0874231121580945,0.3597546196855856,0.12626101165103723
2011_002124_chair,0.5789773266293521,0.3710273052820054,0.8378014797732296,0.7224537037037037
2011_002124_person,0.7291958041958042,0.8161247972816433,0.700751388435152,0.8610253707746744
2011_002124_sofa,0.6636804777902202,0.26548316672411815,0.6607995812340509,0.3085130153055525
2011_002150_bicycle,0.1601550849985088,0.6191855512012268,0.15598342676090665,0.5823524430519096
2011_002156_dog,0.8956499988630421,0.6938362517215211,0.9028529492707091,0.7308794995800875
2011_002178_sheep,0.26692572929779435,0.41539658516829026,0.47680159706254566,0.45276796230859834
2011_002200_chair,0.48306893032748865,0.58113765082492,0.5666192929472376,0.6425782907578715
2011_002200_diningtable,0.952166399209974,0.7111088476947104,0.9534840507897182,0.6021890432321598
2011_002200_person,0.8659706486520827,0.7291703015210874,0.8812305044638056,0.7704175559212134
2011_002223_bicycle,0.295860886602988,0.8354553437029604,0.26650266502665027,0.7937584803256446
2011_002247_person,0.6405040504050405,0.8579445120276262,0.6121865005891264,0.8513868500347679
2011_002247_train,0.9355605169906392,0.5397974493623405,0.9484071452090879,0.6050049352609882
2011_002279_dog,0.9361327710185382,0.6479229868857941,0.9393735676088617,0.6107890148212729
2011_002295_bird,0.8217971306317644,0.8650742414460942,0.8460442833095947,0.8852626211116777
2011_002298_chair,0.5675702316412026,0.8308880308880309,0.6238624873609707,0.8008316008316009
2011_002298_dog,0.5329412937306888,0.33524101062531886,0.7147963056680162,0.49001853322742916
2011_002308_person,0.9714452214452215,0.8247874513939234,0.9789943609022557,0.8789042410943875
2011_002317_person,0.8942029725726544,0.674420570623459,0.9056436284646072,0.7559387910415307
2011_002322_car,0.9639040315377745,0.8421519765139619,0.9713682379976399,0.875
2011_002322_motorbike,0.6776459672609185,0.6043487096118675,0.6799734307539024,0.61287618743514
2011_002322_person,0.7692389230443079,0.6236673510277785,0.7993618893941616,0.6671685613189792
2011_002327_aeroplane,0.8537259097223331,0.7415811107219877,0.8493282908998845,0.7351389568717028
2011_002343_chair,0.27005779207176567,0.27494217990920106,0.40561542408914303,0.35103319477076933
2011_002343_person,0.9266502547661304,0.7317006053935058,0.9498077841723346,0.8278695259222743
2011_002358_chair,0.6587868653086044,0.7175260054827444,0.6569740678226178,0.6861068479134693
2011_002358_diningtable,0.0909866557455377,0.21826313827804697,0.5928103923718396,0.4860848706137092
2011_002358_person,0.8584265852831469,0.7856640577228813,0.8701761066158972,0.812542998311339
2011_002371_dog,0.865432430616222,0.8106989281817598,0.8887326359115074,0.8512246553122466
2011_002379_train,0.8371955136123326,0.6241706394063007,0.8759380984421096,0.7064902198555386
2011_002391_chair,0.29510617353396146,0.42361634308895973,0.3301995265471762,0.43976773746244513
2011_002391_pottedplant,0.43191572376121734,0.3784558086234064,0.2810082355877215,0.2955253784505788
2011_002391_sofa,0.7540727733879622,0.6397669220945083,0.8998833386361226,0.7163164400494437
2011_002498_person,0.7906909969405638,0.5742364159626531,0.7967227458934892,0.5987301503491427
2011_002509_chair,0.757153905645785,0.6088713466779438,0.7236936292054402,0.5871474803513639
2011_002509_person,0.5250717154331612,0.738620240058289,0.4972809035766576,0.724534823858204
2011_002515_aeroplane,0.7660445317616241,0.7635263346838299,0.738232614637109,0.7555857487922706
2011_002532_person,0.8420796100731113,0.7863726360346829,0.828006329113924,0.8142434488588335
2011_002535_train,0.8875307445777745,0.7901965081452261,0.8854228707564026,0.781161421614943
2011_002548_bird,0.6537281097671059,0.829300148750136,0.659041394335512,0.8170807114538247
2011_002575_chair,0.03005050505050505,0.20272941431317862,0.026829268292682926,0.21285629293093192
2011_002575_person,0.6146935417523652,0.5452389145610068,0.6421556886227545,0.544147868055474
2011_002578_bird,0.8026315789473685,0.8345789735924265,0.7788559754851889,0.8118147602683685
2011_002578_boat,0.8233151183970856,0.562753036437247,0.8212669683257918,0.6281796860905646
2011_002578_person,0.9476880682384721,0.4948449365134896,0.9570157602745397,0.6228428351309707
2011_002589_dog,0.9550783625061696,0.7505499800959584,0.9534616159001352,0.7618912735592113
2011_002592_car,0.929302129266586,0.7239195549850236,0.9333931996319331,0.7306782419967445
2011_002623_person,0.8292597917483553,0.6870027554624132,0.8402930081586104,0.7010589300476322
2011_002641_person,0.8379799583291994,0.5776571528628962,0.8398489282409144,0.5506877228731534
2011_002644_chair,0.5338817624093698,0.44021388402323225,0.4985754985754986,0.3188564937523665
2011_002644_sofa,0.7163783037894066,0.6217321961029055,0.7248214346741396,0.5693677000959534
2011_002662_sheep,0.5281615302869288,0.7817258883248731,0.4874348032242769,0.7794275876909834
2011_002675_aeroplane,0.7577039830742343,0.6880927063214773,0.7628994118717032,0.6977433375773807
2011_002675_person,0.47183481253396126,0.783659217877095,0.4081694402420575,0.7032520325203252
2011_002685_cat,0.9468596753158618,0.5694969634467744,0.9534487397972913,0.5437289422483746
2011_002713_bicycle,0.3886568635981322,0.5314602206475917,0.40345477571937677,0.5454877199190543
2011_002730_horse,0.6540284360189573,0.9028665170091521,0.6530564078357328,0.8896551724137931
2011_002730_person,0.5558633425669437,0.8513708513708513,0.49112903225806454,0.804610564010743
2011_002754_boat,0.5636120401337793,0.4910564807472024,0.6349986712729205,0.5354940989959486
2011_002812_car,0.8970617235259317,0.8708668453976764,0.8844909609895337,0.8511791416434744
2011_002812_pottedplant,0.614760147601476,0.6901653611836379,0.7526666666666667,0.8241928350287483
2011_002863_bottle,0.24751491053677932,0.3400598427388491,0.22528465570215073,0.3273563113235597
2011_002879_sofa,0.7974025974025974,0.703327861513207,0.8599662162162162,0.755548559735558
2011_002885_cow,0.8604984910199861,0.7977708760104848,0.9189396503102086,0.8769133548658896
2011_002929_aeroplane,0.8489066479318521,0.8132056420769207,0.8724333573487032,0.8445993891339895
2011_002975_boat,0.7424544974637931,0.7089739517153748,0.7561054729134807,0.7302644246197292
2011_002997_person,0.8393850510771721,0.6247806589978553,0.9037753054896954,0.7920478396895172
2011_003003_bicycle,0.44327626438740464,0.6646298434693354,0.5051669101336363,0.7212408866271958
2011_003011_chair,0.09948100756118294,0.30318823700684233,0.10939770533758432,0.2974131687958054
2011_003019_car,0.5942816297355253,0.5324467081682701,0.8940568475452196,0.8363397835355855
2011_003019_cow,0.860591266612422,0.867251514071963,0.873015873015873,0.8703335542301746
2011_003019_motorbike,0.8006958857282384,0.7106059332717035,0.8131123297800235,0.7384173011501701
2011_003019_person,0.7355551833863675,0.8501942501942502,0.7541208791208791,0.8641172321918345
2011_003030_bird,0.7969435802968073,0.40302474604908,0.8559325242810353,0.47101767965520275
2011_003055_car,0.7635172738559014,0.5242415685504168,0.8358411996220028,0.5514160416410508
2011_003085_horse,0.45834121728161464,0.7318474857248112,0.44652828356397184,0.612343404568902
2011_003103_chair,0.6002187057764055,0.4225687377100079,0.6884887459807074,0.49147519391189814
2011_003103_pottedplant,0.0,0.0,0.0,0.0
2011_003103_sofa,0.39882468168462293,0.5108441095611445,0.9414201183431953,0.9115701363574996
2011_003114_bus,0.9246462082756499,0.6963217974270701,0.9293546335729289,0.710316742081448
2011_003114_person,0.6214683331582816,0.7065138977296839,0.5981856400044253,0.6241377851127756
2011_003145_bird,0.7741364038972542,0.8177410666187825,0.8027780966593961,0.8244861483467382
2011_003146_train,0.8594579269675663,0.5366411807489667,0.8697237365721252,0.5949325375757465
2011_003182_sofa,0.9145577483946064,0.5063026419293567,0.9354970026854362,0.5329274185754325
2011_003197_train,0.8600715991904064,0.49285641565140664,0.8847375595602857,0.6066258793659749
2011_003205_pottedplant,0.22961104140526975,0.49118274738852075,0.21305530371713507,0.5067212770426381
2011_003240_person,0.8916582255004066,0.7092228706508089,0.9156990684899655,0.7656095895607313
2011_003256_dog,0.8644385743271698,0.7869723393197436,0.8795372491168135,0.8090739987211533
2011_003256_sofa,0.826689857662603,0.7242436137447914,0.8836121775123623,0.7777690010900646
2011_003271_bottle,0.033512038083048735,0.12081637611613923,0.056768729896718884,0.14370072748303048
