image_name,Dp,Gd,Gc,sp,ctr,bri,tex,frac,Sm,prompt
2007_000033_aeroplane,0.0,0.0,0.0,0.0,0.4996879845950608,0.5003120154049392,0.0,0.0,0.0,0.0
2007_000042_train,0.0,0.0,0.49998852610519684,0.0,0.0,0.0,0.5000114738948032,0.0,0.0,0.0
2007_000061_boat,0.0,0.4997416585606831,0.0,0.0,0.5002583414393169,0.0,0.0,0.0,0.0,0.0
2007_000123_train,0.0,0.0,0.0,0.0,0.49972784519195557,0.5002721548080444,0.0,0.0,0.0,0.0
2007_000129_bicycle,0.0,0.0,0.0,0.0,0.5002337694168091,0.4997662305831909,0.0,0.0,0.0,0.0
2007_000129_person,0.0,0.0,0.0,0.0,0.49994105100631714,0.5000589489936829,0.0,0.0,0.0,0.0
2007_000175_sheep,0.0,0.0,0.0,0.0,0.5001299828252201,0.49987001717477986,0.0,0.0,0.0,0.0
2007_000323_person,0.0,0.0,0.0,0.0,0.5003995150208618,0.4996004849791382,0.0,0.0,0.0,0.0
2007_000332_horse,0.0,0.0,0.0,0.0,0.5006879568099976,0.49931204319000244,0.0,0.0,0.0,0.0
2007_000346_bottle,0.0,0.0,0.0,0.0,0.4998735934533598,0.5001264065466402,0.0,0.0,0.0,0.0
2007_000346_person,0.0,0.0,0.0,0.0,0.500320553779602,0.0,0.49967944622039795,0.0,0.0,0.0
2007_000464_cow,0.0,0.0,0.0,0.0,0.500266566880541,0.0,0.49973343311945895,0.0,0.0,0.0
2007_000491_cow,0.0,0.0,0.0,0.0,0.49981476367071975,0.5001852363292802,0.0,0.0,0.0,0.0
2007_000529_car,0.0,0.49973946809768677,0.0,0.0,0.0,0.0,0.5002605319023132,0.0,0.0,0.0
2007_000559_bottle,0.0,0.0,0.0,0.0,0.5003297328948975,0.0,0.49967026710510254,0.0,0.0,0.0
2007_000572_bicycle,0.0,0.0,0.0,0.0,0.5004776120185852,0.4995223879814148,0.0,0.0,0.0,0.0
2007_000629_train,0.49920880794525146,0.0,0.0,0.0,0.0,0.5007911920547485,0.0,0.0,0.0,0.0
2007_000636_train,0.0,0.0,0.0,0.0,0.5004062652587891,0.49959373474121094,0.0,0.0,0.0,0.0
2007_000661_sofa,0.0,0.5000404417538906,0.0,0.0,0.0,0.0,0.4999595582461094,0.0,0.0,0.0
2007_000663_bus,0.0,0.0,0.0,0.0,0.5002005100250244,0.0,0.4997994899749756,0.0,0.0,0.0
2007_000663_car,0.4995744228363037,0.0,0.0,0.0,0.5004255771636963,0.0,0.0,0.0,0.0,0.0
2007_000676_sheep,0.0,0.0,0.0,0.0,0.0,0.4997456669807434,0.5002543330192566,0.0,0.0,0.0
2007_000727_bus,0.0,0.5004650801281607,0.0,0.0,0.0,0.0,0.4995349198718393,0.0,0.0,0.0
2007_000727_car,0.0,0.0,0.0,0.0,0.0,0.49960644544343813,0.5003935545565619,0.0,0.0,0.0
2007_000727_person,0.0,0.5002438128139861,0.0,0.0,0.4997561871860139,0.0,0.0,0.0,0.0,0.0
2007_000762_bottle,0.0,0.0,0.0,0.0,0.5004945844264452,0.0,0.49950541557355477,0.0,0.0,0.0
2007_000762_diningtable,0.0,0.0,0.0,0.0,0.4999964982272238,0.5000035017727762,0.0,0.0,0.0,0.0
2007_000762_person,0.49974125623703003,0.0,0.0,0.0,0.0,0.50025874376297,0.0,0.0,0.0,0.0
2007_000783_horse,0.49957354368050266,0.0,0.0,0.0,0.5004264563194973,0.0,0.0,0.0,0.0,0.0
2007_000783_person,0.0,0.5005010962486267,0.0,0.0,0.0,0.0,0.4994989037513733,0.0,0.0,0.0
2007_000799_horse,0.0,0.0,0.0,0.0,0.5000143051147461,0.4999856948852539,0.0,0.0,0.0,0.0
2007_000799_person,0.0,0.5002074241638184,0.0,0.0,0.0,0.0,0.49979257583618164,0.0,0.0,0.0
2007_000804_chair,0.0,0.0,0.0,0.0,0.5005392283040515,0.0,0.4994607716959485,0.0,0.0,0.0
2007_000804_sofa,0.0,0.49963605403900146,0.0,0.0,0.0,0.0,0.5003639459609985,0.0,0.0,0.0
2007_000830_chair,0.0,0.0,0.0,0.0,0.5003846287727356,0.4996153712272644,0.0,0.0,0.0,0.0
2007_000830_diningtable,0.0,0.0,0.0,0.0,0.49994802474975586,0.0,0.5000519752502441,0.0,0.0,0.0
2007_000837_boat,0.0,0.0,0.0,0.0,0.49939005075067433,0.0,0.5006099492493257,0.0,0.0,0.0
2007_000847_person,0.0,0.0,0.0,0.0,0.5007110238075256,0.49928897619247437,0.0,0.0,0.0,0.0
2007_000925_sheep,0.0,0.0,0.0,0.0,0.5002516508102417,0.4997483491897583,0.0,0.0,0.0,0.0
2007_000999_person,0.0,0.0,0.0,0.0,0.500437572611498,0.499562427388502,0.0,0.0,0.0,0.0
2007_001154_sofa,0.0,0.0,0.0,0.0,0.49992090463638306,0.5000790953636169,0.0,0.0,0.0,0.0
2007_001175_person,0.0,0.0,0.0,0.0,0.5000856965754719,0.49991430342452814,0.0,0.0,0.0,0.0
2007_001239_dog,0.0,0.0,0.0,0.0,0.5001530647277832,0.4998469352722168,0.0,0.0,0.0,0.0
2007_001284_person,0.0,0.0,0.0,0.0,0.4999629855155945,0.5000370144844055,0.0,0.0,0.0,0.0
2007_001288_aeroplane,0.0,0.0,0.0,0.0,0.500528872013092,0.49947112798690796,0.0,0.0,0.0,0.0
2007_001289_bird,0.0,0.4997779577904331,0.0,0.0,0.0,0.0,0.5002220422095669,0.0,0.0,0.0
2007_001299_cow,0.0,0.0,0.0,0.0,0.5000945031699242,0.4999054968300758,0.0,0.0,0.0,0.0
2007_001311_bicycle,0.0,0.0,0.0,0.0,0.4998074173927307,0.5001925826072693,0.0,0.0,0.0,0.0
2007_001311_person,0.0,0.0,0.0,0.0,0.4991406798362732,0.0,0.5008593201637268,0.0,0.0,0.0
2007_001321_car,0.5009076595306396,0.0,0.0,0.0,0.0,0.49909234046936035,0.0,0.0,0.0,0.0
2007_001408_bottle,0.0,0.0,0.0,0.0,0.5004538297653198,0.0,0.4995461702346802,0.0,0.0,0.0
2007_001408_person,0.0,0.0,0.0,0.0,0.5003454685211182,0.49965453147888184,0.0,0.0,0.0,0.0
2007_001423_person,0.0,0.0,0.0,0.0,0.5003556906964963,0.4996443093035037,0.0,0.0,0.0,0.0
2007_001430_person,0.0,0.0,0.0,0.0,0.5002230405807495,0.4997769594192505,0.0,0.0,0.0,0.0
2007_001430_pottedplant,0.0,0.0,0.0,0.0,0.5001759380049724,0.0,0.4998240619950276,0.0,0.0,0.0
2007_001457_chair,0.0,0.4999428987503052,0.0,0.0,0.5000571012496948,0.0,0.0,0.0,0.0,0.0
2007_001457_sofa,0.0,0.0,0.0,0.0,0.5004458725718184,0.4995541274281816,0.0,0.0,0.0,0.0
2007_001526_person,0.49994921684265137,0.0,0.0,0.0,0.0,0.5000507831573486,0.0,0.0,0.0,0.0
2007_001568_aeroplane,0.0,0.0,0.0,0.0,0.5000365972518921,0.0,0.4999634027481079,0.0,0.0,0.0
2007_001585_person,0.0,0.4998776912689209,0.0,0.0,0.5001223087310791,0.0,0.0,0.0,0.0,0.0
2007_001585_sofa,0.0,0.5000651478767395,0.0,0.0,0.0,0.0,0.4999348521232605,0.0,0.0,0.0
2007_001586_horse,0.0,0.0,0.0,0.0,0.5002596974372864,0.4997403025627136,0.0,0.0,0.0,0.0
2007_001586_person,0.0,0.49958598613739014,0.0,0.0,0.0,0.0,0.5004140138626099,0.0,0.0,0.0
2007_001587_bicycle,0.49936968088150024,0.0,0.0,0.0,0.5006303191184998,0.0,0.0,0.0,0.0,0.0
2007_001594_person,0.0,0.49977858365241934,0.0,0.0,0.0,0.0,0.5002214163475807,0.0,0.0,0.0
2007_001630_bicycle,0.49941205978393555,0.0,0.0,0.0,0.5005879402160645,0.0,0.0,0.0,0.0,0.0
2007_001630_person,0.0,0.0,0.0,0.0,0.4999982863665138,0.5000017136334862,0.0,0.0,0.0,0.0
2007_001677_chair,0.0,0.499899372455459,0.0,0.0,0.0,0.0,0.500100627544541,0.0,0.0,0.0
2007_001678_chair,0.49946968255846746,0.0,0.0,0.0,0.0,0.0,0.5005303174415325,0.0,0.0,0.0
2007_001678_person,0.0,0.0,0.0,0.0,0.5002574026738049,0.0,0.4997425973261951,0.0,0.0,0.0
2007_001717_person,0.0,0.0,0.0,0.0,0.5004353374113042,0.4995646625886958,0.0,0.0,0.0,0.0
2007_001733_sheep,0.0,0.4999784231185913,0.0,0.0,0.0,0.0,0.5000215768814087,0.0,0.0,0.0
2007_001761_aeroplane,0.0,0.0,0.0,0.0,0.4999420642852783,0.5000579357147217,0.0,0.0,0.0,0.0
2007_001763_cat,0.0,0.0,0.0,0.0,0.49980868399713385,0.5001913160028661,0.0,0.0,0.0,0.0
2007_001763_dog,0.0,0.4997568130493164,0.0,0.0,0.5002431869506836,0.0,0.0,0.0,0.0,0.0
2007_001763_sofa,0.0,0.0,0.0,0.0,0.5003925412776309,0.0,0.4996074587223691,0.0,0.0,0.0
2007_001774_cat,0.0,0.0,0.0,0.0,0.5002428889274597,0.4997571110725403,0.0,0.0,0.0,0.0
2007_001884_aeroplane,0.0,0.49975812435150146,0.0,0.0,0.0,0.0,0.5002418756484985,0.0,0.0,0.0
2007_001955_horse,0.0,0.0,0.0,0.0,0.49921053647994995,0.0,0.50078946352005,0.0,0.0,0.0
2007_002046_horse,0.0,0.0,0.0,0.0,0.5001559108449247,0.4998440891550753,0.0,0.0,0.0,0.0
2007_002094_bird,0.0,0.0,0.0,0.0,0.5002555847167969,0.4997444152832031,0.0,0.0,0.0,0.0
2007_002119_person,0.0,0.0,0.0,0.0,0.5000794976926,0.49992050230740004,0.0,0.0,0.0,0.0
2007_002260_motorbike,0.0,0.0,0.0,0.0,0.5003931522369385,0.4996068477630615,0.0,0.0,0.0,0.0
2007_002266_aeroplane,0.0,0.0,0.0,0.0,0.5003456026418687,0.0,0.49965439735813133,0.0,0.0,0.0
2007_002268_cat,0.0,0.0,0.0,0.0,0.5006081461906433,0.4993918538093567,0.0,0.0,0.0,0.0
2007_002268_dog,0.0,0.4998962879180908,0.0,0.0,0.0,0.0,0.5001037120819092,0.0,0.0,0.0
2007_002268_sofa,0.49950070680675784,0.0,0.0,0.0,0.0,0.5004992931932422,0.0,0.0,0.0,0.0
2007_002284_pottedplant,0.5003340244293213,0.0,0.0,0.0,0.0,0.4996659755706787,0.0,0.0,0.0,0.0
2007_002376_aeroplane,0.0,0.0,0.0,0.0,0.5003146529197693,0.4996853470802307,0.0,0.0,0.0,0.0
2007_002378_person,0.0,0.0,0.0,0.0,0.4996044635772705,0.0,0.5003955364227295,0.0,0.0,0.0
2007_002378_pottedplant,0.0,0.0,0.0,0.0,0.49959421157836914,0.0,0.5004057884216309,0.0,0.0,0.0
2007_002387_person,0.0,0.4997795373267073,0.0,0.0,0.0,0.0,0.5002204626732927,0.0,0.0,0.0
2007_002400_bird,0.0,0.0,0.0,0.0,0.5004615932840584,0.49953840671594163,0.0,0.0,0.0,0.0
2007_002412_bird,0.0,0.0,0.0,0.0,0.5000216960906982,0.0,0.49997830390930176,0.0,0.0,0.0
2007_002426_person,0.0,0.0,0.0,0.0,0.4997326284726671,0.0,0.5002673715273329,0.0,0.0,0.0
2007_002426_sofa,0.0,0.0,0.0,0.0,0.5001915097236633,0.49980849027633667,0.0,0.0,0.0,0.0
2007_002445_cat,0.0,0.0,0.0,0.0,0.5003426671028137,0.0,0.4996573328971863,0.0,0.0,0.0
2007_002470_cat,0.0,0.0,0.0,0.0,0.5003628730773926,0.4996371269226074,0.0,0.0,0.0,0.0
2007_002539_bus,0.0,0.0,0.0,0.0,0.5002980381339204,0.0,0.4997019618660796,0.0,0.0,0.0
2007_002539_person,0.4995204955482335,0.0,0.0,0.0,0.5004795044517665,0.0,0.0,0.0,0.0,0.0
2007_002565_person,0.0,0.5002904832189987,0.0,0.0,0.0,0.0,0.4997095167810013,0.0,0.0,0.0
2007_002565_train,0.0,0.0,0.0,0.0,0.5002517998368621,0.4997482001631379,0.0,0.0,0.0,0.0
2007_002597_cat,0.0,0.5003979056955008,0.0,0.0,0.4996020943044992,0.0,0.0,0.0,0.0,0.0
2007_002597_dog,0.0,0.0,0.0,0.0,0.5000281184903348,0.4999718815096652,0.0,0.0,0.0,0.0
2007_002618_sheep,0.0,0.0,0.0,0.0,0.5002344101597545,0.49976558984024555,0.0,0.0,0.0,0.0
2007_002619_aeroplane,0.0,0.0,0.0,0.0,0.5002480745315552,0.0,0.0,0.0,0.0,0.4997519254684448
2007_002624_person,0.0,0.0,0.0,0.0,0.5003825575227308,0.0,0.49961744247726925,0.0,0.0,0.0
2007_002643_car,0.0,0.49952948093414307,0.0,0.0,0.0,0.0,0.5004705190658569,0.0,0.0,0.0
2007_002643_motorbike,0.0,0.5002199560469376,0.0,0.0,0.0,0.0,0.4997800439530624,0.0,0.0,0.0
2007_002643_person,0.0,0.0,0.0,0.0,0.499306321144104,0.0,0.500693678855896,0.0,0.0,0.0
2007_002648_sheep,0.0,0.0,0.0,0.0,0.5003683567047119,0.4996316432952881,0.0,0.0,0.0,0.0
2007_002728_person,0.0,0.0,0.0,0.0,0.5004291981330753,0.4995708018669247,0.0,0.0,0.0,0.0
2007_002823_motorbike,0.0,0.0,0.0,0.0,0.4996840804721141,0.0,0.5003159195278859,0.0,0.0,0.0
2007_002823_person,0.0,0.49998795986175537,0.0,0.0,0.0,0.0,0.5000120401382446,0.0,0.0,0.0
2007_002824_person,0.0,0.0,0.0,0.0,0.0,0.5000456422553765,0.4999543577446235,0.0,0.0,0.0
2007_002852_dog,0.0,0.0,0.0,0.0,0.5004312842955803,0.49956871570441974,0.0,0.0,0.0,0.0
2007_002903_cow,0.0,0.0,0.0,0.0,0.5004482269287109,0.49955177307128906,0.0,0.0,0.0,0.0
2007_003011_chair,0.0,0.49929653106023464,0.0,0.0,0.0,0.0,0.5007034689397654,0.0,0.0,0.0
2007_003011_sofa,0.0,0.0,0.0,0.0,0.5004491806030273,0.49955081939697266,0.0,0.0,0.0,0.0
2007_003020_person,0.0,0.0,0.0,0.0,0.5000678896903992,0.49993211030960083,0.0,0.0,0.0,0.0
2007_003020_pottedplant,0.0,0.0,0.0,0.0,0.0,0.500148355960846,0.49985164403915405,0.0,0.0,0.0
2007_003022_horse,0.0,0.0,0.0,0.0,0.500444769859314,0.49955523014068604,0.0,0.0,0.0,0.0
2007_003022_person,0.0,0.5003732741101548,0.0,0.0,0.0,0.0,0.49962672588984525,0.0,0.0,0.0
2007_003051_car,0.0,0.0,0.0,0.0,0.0,0.4998895972934245,0.5001104027065755,0.0,0.0,0.0
2007_003088_person,0.0,0.0,0.0,0.0,0.5005566328598072,0.4994433671401928,0.0,0.0,0.0,0.0
2007_003101_bus,0.0,0.0,0.0,0.0,0.0,0.5004366189371532,0.4995633810628468,0.0,0.0,0.0
2007_003106_person,0.0,0.0,0.0,0.0,0.4999031275481918,0.5000968724518082,0.0,0.0,0.0,0.0
2007_003131_boat,0.0,0.0,0.0,0.0,0.5004278421401978,0.0,0.49957215785980225,0.0,0.0,0.0
2007_003134_person,0.0,0.0,0.0,0.0,0.5000259280204773,0.4999740719795227,0.0,0.0,0.0,0.0
2007_003137_bus,0.0,0.0,0.0,0.0,0.5001682043075562,0.49983179569244385,0.0,0.0,0.0,0.0
2007_003143_car,0.0,0.0,0.0,0.0,0.5002576112747192,0.49974238872528076,0.0,0.0,0.0,0.0
2007_003169_cat,0.0,0.0,0.0,0.0,0.49996769428253174,0.5000323057174683,0.0,0.0,0.0,0.0
2007_003188_bicycle,0.0,0.0,0.0,0.0,0.5000048875808716,0.4999951124191284,0.0,0.0,0.0,0.0
2007_003188_person,0.0,0.0,0.0,0.0,0.5005409717559814,0.0,0.49945902824401855,0.0,0.0,0.0
2007_003194_dog,0.0,0.49970483779907227,0.0,0.0,0.0,0.0,0.5002951622009277,0.0,0.0,0.0
2007_003195_car,0.0,0.0,0.0,0.0,0.0,0.4995731413109983,0.5004268586890017,0.0,0.0,0.0
2007_003201_cow,0.0,0.0,0.0,0.0,0.0,0.5007500648498535,0.4992499351501465,0.0,0.0,0.0
2007_003349_bird,0.0,0.0,0.0,0.0,0.5002922415733337,0.49970775842666626,0.0,0.0,0.0,0.0
2007_003367_person,0.0,0.49965035915374756,0.0,0.0,0.0,0.0,0.5003496408462524,0.0,0.0,0.0
2007_003367_pottedplant,0.0,0.0,0.0,0.0,0.49965973199427927,0.0,0.5003402680057207,0.0,0.0,0.0
2007_003373_dog,0.0,0.0,0.0,0.0,0.5007451475110738,0.0,0.4992548524889262,0.0,0.0,0.0
2007_003373_person,0.0,0.0,0.0,0.0,0.5003008991569549,0.49969910084304514,0.0,0.0,0.0,0.0
2007_003499_train,0.0,0.0,0.0,0.0,0.500328779220581,0.49967122077941895,0.0,0.0,0.0,0.0
2007_003503_bus,0.0,0.4993206262588501,0.0,0.0,0.0,0.0,0.5006793737411499,0.0,0.0,0.0
2007_003503_car,0.0,0.0,0.0,0.0,0.0,0.5001922845840454,0.4998077154159546,0.0,0.0,0.0
2007_003503_person,0.0,0.4997188448905945,0.0,0.0,0.0,0.0,0.5002811551094055,0.0,0.0,0.0
2007_003506_pottedplant,0.4996352791786194,0.0,0.0,0.0,0.0,0.0,0.5003647208213806,0.0,0.0,0.0
2007_003530_person,0.0,0.0,0.0,0.0,0.500650942325592,0.49934905767440796,0.0,0.0,0.0,0.0
2007_003530_sofa,0.0,0.0,0.0,0.0,0.499392032623291,0.0,0.500607967376709,0.0,0.0,0.0
2007_003587_train,0.5012661814689636,0.0,0.0,0.0,0.0,0.4987338185310364,0.0,0.0,0.0,0.0
2007_003621_bicycle,0.0,0.0,0.0,0.0,0.5005730092867022,0.0,0.49942699071329777,0.0,0.0,0.0
2007_003621_person,0.0,0.49996209144592285,0.0,0.0,0.5000379085540771,0.0,0.0,0.0,0.0,0.0
2007_003682_bird,0.0,0.0,0.0,0.0,0.5001302063542727,0.49986979364572726,0.0,0.0,0.0,0.0
2007_003711_bus,0.0,0.0,0.0,0.0,0.5002669095993042,0.4997330904006958,0.0,0.0,0.0,0.0
2007_003742_diningtable,0.0,0.0,0.0,0.0,0.4996591359478493,0.5003408640521507,0.0,0.0,0.0,0.0
2007_003742_person,0.0,0.0,0.0,0.0,0.4997153878211975,0.5002846121788025,0.0,0.0,0.0,0.0
2007_003848_train,0.5008130073547363,0.0,0.0,0.0,0.0,0.0,0.49918699264526367,0.0,0.0,0.0
2007_003861_boat,0.49946606159210205,0.0,0.0,0.0,0.500533938407898,0.0,0.0,0.0,0.0,0.0
2007_003872_dog,0.0,0.5003968626379032,0.0,0.0,0.0,0.0,0.4996031373620968,0.0,0.0,0.0
2007_003917_car,0.0,0.0,0.0,0.0,0.4999418407695937,0.5000581592304063,0.0,0.0,0.0,0.0
2007_003957_train,0.0,0.0,0.0,0.0,0.5003777146339417,0.49962228536605835,0.0,0.0,0.0,0.0
2007_003991_cat,0.0,0.0,0.0,0.0,0.5004303008446187,0.4995696991553813,0.0,0.0,0.0,0.0
2007_004033_motorbike,0.5018187611753118,0.0,0.49818123882468823,0.0,0.0,0.0,0.0,0.0,0.0,0.0
2007_004033_person,0.0,0.4992358684539795,0.0,0.0,0.0,0.0,0.5007641315460205,0.0,0.0,0.0
2007_004052_aeroplane,0.0,0.0,0.0,0.0,0.5002822279930115,0.0,0.4997177720069885,0.0,0.0,0.0
2007_004112_dog,0.0,0.0,0.0,0.0,0.49986471236155294,0.5001352876384471,0.0,0.0,0.0,0.0
2007_004112_person,0.0,0.0,0.0,0.0,0.49972712993621826,0.5002728700637817,0.0,0.0,0.0,0.0
2007_004121_person,0.0,0.0,0.0,0.0,0.49958574771881104,0.0,0.500414252281189,0.0,0.0,0.0
2007_004121_pottedplant,0.0,0.0,0.0,0.0,0.5001018643379211,0.49989813566207886,0.0,0.0,0.0,0.0
2007_004143_bird,0.0,0.0,0.0,0.0,0.5006738901138306,0.0,0.49932610988616943,0.0,0.0,0.0
2007_004189_dog,0.0,0.0,0.0,0.0,0.5000596642494202,0.0,0.49994033575057983,0.0,0.0,0.0
2007_004193_chair,0.0,0.0,0.0,0.0,0.5005153864468519,0.0,0.4994846135531481,0.0,0.0,0.0
2007_004241_boat,0.0,0.0,0.0,0.0,0.0,0.5000605732220582,0.4999394267779418,0.0,0.0,0.0
2007_004275_motorbike,0.0,0.0,0.0,0.0,0.5000685304382881,0.49993146956171186,0.0,0.0,0.0,0.0
2007_004275_person,0.0,0.49994438886642456,0.0,0.0,0.0,0.0,0.5000556111335754,0.0,0.0,0.0
2007_004281_person,0.0,0.5003672689089993,0.0,0.0,0.4996327310910007,0.0,0.0,0.0,0.0,0.0
2007_004281_train,0.0,0.49940976496993095,0.0,0.0,0.500590235030069,0.0,0.0,0.0,0.0,0.0
2007_004380_motorbike,0.0,0.0,0.0,0.0,0.5004930347057273,0.0,0.49950696529427274,0.0,0.0,0.0
2007_004380_person,0.0,0.0,0.0,0.0,0.5002161860466003,0.49978381395339966,0.0,0.0,0.0,0.0
2007_004392_person,0.0,0.0,0.0,0.0,0.5005008429139601,0.0,0.49949915708603987,0.0,0.0,0.0
2007_004392_pottedplant,0.0,0.0,0.0,0.0,0.5001813620274853,0.0,0.4998186379725147,0.0,0.0,0.0
2007_004405_chair,0.0,0.0,0.0,0.0,0.5000014901161194,0.4999985098838806,0.0,0.0,0.0,0.0
2007_004405_diningtable,0.0,0.0,0.0,0.0,0.5000182390213013,0.49998176097869873,0.0,0.0,0.0,0.0
2007_004483_train,0.0,0.0,0.0,0.0,0.49989573657201936,0.5001042634279806,0.0,0.0,0.0,0.0
2007_004510_chair,0.0,0.4995793104171753,0.0,0.0,0.0,0.0,0.5004206895828247,0.0,0.0,0.0
2007_004538_horse,0.0,0.0,0.0,0.0,0.5000249594442558,0.49997504055574415,0.0,0.0,0.0,0.0
2007_004538_person,0.0,0.49980796874141786,0.0,0.0,0.0,0.0,0.5001920312585821,0.0,0.0,0.0
2007_004558_pottedplant,0.0,0.49975258111953735,0.0,0.0,0.5002474188804626,0.0,0.0,0.0,0.0,0.0
2007_004649_train,0.0,0.0,0.0,0.0,0.5001794099807739,0.0,0.4998205900192261,0.0,0.0,0.0
2007_004712_chair,0.0,0.0,0.0,0.0,0.49911510944366455,0.0,0.5008848905563354,0.0,0.0,0.0
2007_004712_person,0.0,0.0,0.0,0.0,0.5003206729888916,0.0,0.4996793270111084,0.0,0.0,0.0
2007_004712_pottedplant,0.4996322989463806,0.0,0.0,0.0,0.5003677010536194,0.0,0.0,0.0,0.0,0.0
2007_004722_person,0.0,0.0,0.0,0.0,0.500241786255943,0.0,0.49975821374405704,0.0,0.0,0.0
2007_004856_cat,0.0,0.0,0.0,0.0,0.500433087348938,0.499566912651062,0.0,0.0,0.0,0.0
2007_004866_cat,0.0,0.0,0.0,0.0,0.49984227120406244,0.5001577287959376,0.0,0.0,0.0,0.0
2007_004902_horse,0.0,0.0,0.0,0.0,0.4999599605810654,0.5000400394189346,0.0,0.0,0.0,0.0
2007_004902_person,0.0,0.0,0.0,0.0,0.5003536343574524,0.4996463656425476,0.0,0.0,0.0,0.0
2007_004969_sheep,0.0,0.0,0.0,0.0,0.5004990250020929,0.0,0.49950097499790713,0.0,0.0,0.0
2007_005074_boat,0.0,0.0,0.0,0.0,0.4997195601463318,0.5002804398536682,0.0,0.0,0.0,0.0
2007_005107_bicycle,0.0,0.0,0.0,0.0,0.5006669759750366,0.0,0.4993330240249634,0.0,0.0,0.0
2007_005114_horse,0.0,0.0,0.0,0.0,0.4992080480096326,0.0,0.5007919519903674,0.0,0.0,0.0
2007_005114_person,0.0,0.5005132555961609,0.0,0.0,0.0,0.4994867444038391,0.0,0.0,0.0,0.0
2007_005173_person,0.5018730759620667,0.0,0.0,0.0,0.0,0.49812692403793335,0.0,0.0,0.0,0.0
2007_005281_bicycle,0.4994795322418213,0.0,0.0,0.0,0.5005204677581787,0.0,0.0,0.0,0.0,0.0
2007_005281_person,0.0,0.0,0.0,0.0,0.5002672970454274,0.0,0.4997327029545726,0.0,0.0,0.0
2007_005296_car,0.0,0.0,0.0,0.0,0.5003694742807903,0.49963052571920974,0.0,0.0,0.0,0.0
2007_005296_person,0.0,0.49988752603530884,0.0,0.0,0.5001124739646912,0.0,0.0,0.0,0.0,0.0
2007_005304_person,0.0,0.0,0.0,0.0,0.5002411007881165,0.49975889921188354,0.0,0.0,0.0,0.0
2007_005331_car,0.0,0.4993754029273987,0.0,0.0,0.0,0.0,0.5006245970726013,0.0,0.0,0.0
2007_005331_horse,0.0,0.0,0.0,0.0,0.5002456754372813,0.49975432456271873,0.0,0.0,0.0,0.0
2007_005331_person,0.0,0.5002198219299316,0.0,0.0,0.49978017807006836,0.0,0.0,0.0,0.0,0.0
2007_005354_motorbike,0.0,0.0,0.0,0.0,0.5003060102462769,0.49969398975372314,0.0,0.0,0.0,0.0
2007_005354_person,0.0,0.4994589686393738,0.0,0.0,0.0,0.0,0.5005410313606262,0.0,0.0,0.0
2007_005358_boat,0.0,0.500087559223175,0.0,0.0,0.0,0.49991244077682495,0.0,0.0,0.0,0.0
2007_005428_bottle,0.4991440176963806,0.0,0.0,0.0,0.0,0.0,0.5008559823036194,0.0,0.0,0.0
2007_005460_cat,0.0,0.0,0.0,0.0,0.5005663335660895,0.4994336664339105,0.0,0.0,0.0,0.0
2007_005469_sheep,0.0,0.0,0.0,0.0,0.4998791068756314,0.5001208931243686,0.0,0.0,0.0,0.0
2007_005509_aeroplane,0.0,0.0,0.0,0.0,0.4996043741467222,0.5003956258532778,0.0,0.0,0.0,0.0
2007_005509_person,0.0,0.49920603637659333,0.0,0.0,0.0,0.0,0.5007939636234067,0.0,0.0,0.0
2007_005547_car,0.0,0.0,0.0,0.0,0.0,0.5000239610671997,0.4999760389328003,0.0,0.0,0.0
2007_005547_cow,0.0,0.0,0.0,0.0,0.5005699396133423,0.0,0.4994300603866577,0.0,0.0,0.0
2007_005547_person,0.0,0.5002153813967336,0.0,0.0,0.0,0.0,0.4997846186032664,0.0,0.0,0.0
2007_005600_aeroplane,0.0,0.0,0.0,0.0,0.4992942959280522,0.0,0.5007057040719478,0.0,0.0,0.0
2007_005608_motorbike,0.0,0.0,0.0,0.0,0.49986465275690994,0.5001353472430901,0.0,0.0,0.0,0.0
2007_005608_person,0.0,0.0,0.0,0.0,0.5001872181892395,0.4998127818107605,0.0,0.0,0.0,0.0
2007_005626_train,0.0,0.0,0.0,0.0,0.5002176761627197,0.4997823238372803,0.0,0.0,0.0,0.0
2007_005689_train,0.0,0.0,0.0,0.0,0.5003940463066101,0.4996059536933899,0.0,0.0,0.0,0.0
2007_005696_dog,0.0,0.0,0.0,0.0,0.5004558712379894,0.0,0.4995441287620106,0.0,0.0,0.0
2007_005705_boat,0.0,0.0,0.0,0.0,0.4998738765716553,0.5001261234283447,0.0,0.0,0.0,0.0
2007_005759_motorbike,0.4999939054248901,0.0,0.0,0.0,0.0,0.0,0.5000060945751099,0.0,0.0,0.0
2007_005813_pottedplant,0.0,0.0,0.0,0.0,0.5002209544181824,0.4997790455818176,0.0,0.0,0.0,0.0
2007_005828_aeroplane,0.0,0.0,0.0,0.0,0.5001314729412951,0.0,0.4998685270587049,0.0,0.0,0.0
2007_005844_chair,0.0,0.0,0.0,0.0,0.49992404877913144,0.0,0.5000759512208686,0.0,0.0,0.0
2007_005844_diningtable,0.0,0.5001543909357307,0.0,0.0,0.0,0.49984560906426934,0.0,0.0,0.0,0.0
2007_005845_cat,0.0,0.5001747012138367,0.0,0.0,0.0,0.0,0.49982529878616333,0.0,0.0,0.0
2007_005845_person,0.0,0.0,0.0,0.0,0.5004788488006935,0.4995211511993065,0.0,0.0,0.0,0.0
2007_005911_bus,0.0,0.0,0.0,0.0,0.5003442764282227,0.0,0.49965572357177734,0.0,0.0,0.0
2007_005915_sheep,0.0,0.0,0.0,0.0,0.5002749562263489,0.0,0.4997250437736511,0.0,0.0,0.0
2007_006028_person,0.0,0.49960798025131226,0.0,0.0,0.0,0.0,0.5003920197486877,0.0,0.0,0.0
2007_006035_car,0.0,0.49888198074346723,0.0,0.0,0.0,0.5011180192565328,0.0,0.0,0.0,0.0
2007_006046_boat,0.0,0.0,0.0,0.0,0.4993628412675011,0.0,0.5006371587324989,0.0,0.0,0.0
2007_006076_person,0.0,0.0,0.0,0.0,0.5002275109291077,0.49977248907089233,0.0,0.0,0.0,0.0
2007_006086_bottle,0.4995599239933468,0.0,0.0,0.0,0.5004400760066532,0.0,0.0,0.0,0.0,0.0
2007_006086_diningtable,0.0,0.0,0.0,0.0,0.5002577453928514,0.4997422546071486,0.0,0.0,0.0,0.0
2007_006117_person,0.5002008676528931,0.0,0.0,0.0,0.0,0.0,0.49979913234710693,0.0,0.0,0.0
2007_006171_dog,0.0,0.0,0.0,0.0,0.5002289414405823,0.4997710585594177,0.0,0.0,0.0,0.0
2007_006171_person,0.0,0.0,0.0,0.0,0.5004345178604126,0.4995654821395874,0.0,0.0,0.0,0.0
2007_006171_sofa,0.0,0.0,0.0,0.0,0.4997449517250061,0.5002550482749939,0.0,0.0,0.0,0.0
2007_006241_chair,0.0,0.0,0.0,0.0,0.500137984752655,0.49986201524734497,0.0,0.0,0.0,0.0
2007_006241_diningtable,0.0,0.0,0.0,0.0,0.5004425048828125,0.4995574951171875,0.0,0.0,0.0,0.0
2007_006260_cat,0.0,0.0,0.0,0.0,0.5006399750709534,0.49936002492904663,0.0,0.0,0.0,0.0
2007_006277_car,0.0,0.0,0.0,0.0,0.5001914501190186,0.49980854988098145,0.0,0.0,0.0,0.0
2007_006364_horse,0.0,0.0,0.0,0.0,0.5002034902572632,0.4997965097427368,0.0,0.0,0.0,0.0
2007_006364_person,0.0,0.0,0.0,0.0,0.5003780573493821,0.0,0.4996219426506179,0.0,0.0,0.0
2007_006373_person,0.499671861519571,0.0,0.0,0.0,0.500328138480429,0.0,0.0,0.0,0.0,0.0
2007_006373_sofa,0.5001249313354492,0.0,0.0,0.0,0.4998750686645508,0.0,0.0,0.0,0.0,0.0
2007_006444_dog,0.4996170252447434,0.0,0.0,0.0,0.5003829747552566,0.0,0.0,0.0,0.0,0.0
2007_006444_person,0.0,0.4994920492172241,0.0,0.0,0.0,0.0,0.5005079507827759,0.0,0.0,0.0
2007_006449_bicycle,0.5005217641436528,0.0,0.4994782358563472,0.0,0.0,0.0,0.0,0.0,0.0,0.0
2007_006560_person,0.0,0.0,0.0,0.0,0.5004393905270281,0.4995606094729719,0.0,0.0,0.0,0.0
2007_006647_motorbike,0.0,0.0,0.0,0.0,0.49964901802831996,0.50035098197168,0.0,0.0,0.0,0.0
2007_006647_person,0.0,0.0,0.0,0.0,0.500273585319519,0.0,0.49972641468048096,0.0,0.0,0.0
2007_006678_sheep,0.0,0.0,0.0,0.0,0.5004208087921143,0.49957919120788574,0.0,0.0,0.0,0.0
2007_006680_train,0.0,0.0,0.0,0.0,0.5005438327789307,0.49945616722106934,0.0,0.0,0.0,0.0
2007_006698_person,0.0,0.0,0.0,0.0,0.49990034103393555,0.5000996589660645,0.0,0.0,0.0,0.0
2007_006761_cow,0.0,0.0,0.0,0.0,0.5000580102222565,0.0,0.4999419897777435,0.0,0.0,0.0
2007_006802_train,0.0,0.0,0.0,0.0,0.49990732968129725,0.5000926703187027,0.0,0.0,0.0,0.0
2007_006841_cow,0.0,0.0,0.0,0.0,0.0,0.5000529140218224,0.4999470859781776,0.0,0.0,0.0
2007_006841_person,0.0,0.4997522681877693,0.0,0.0,0.0,0.0,0.5002477318122307,0.0,0.0,0.0
2007_006864_person,0.4992251992225647,0.0,0.0,0.0,0.0,0.5007748007774353,0.0,0.0,0.0,0.0
2007_006866_horse,0.0,0.0,0.0,0.0,0.4996094852802311,0.5003905147197689,0.0,0.0,0.0,0.0
2007_006866_person,0.0,0.5001429319381714,0.0,0.0,0.0,0.0,0.4998570680618286,0.0,0.0,0.0
2007_006946_aeroplane,0.0,0.0,0.0,0.0,0.5004788935469922,0.0,0.49952110645300785,0.0,0.0,0.0
2007_007007_person,0.0,0.0,0.0,0.0,0.49959798158413227,0.5004020184158677,0.0,0.0,0.0,0.0
2007_007084_bird,0.0,0.5001486241906061,0.0,0.0,0.0,0.0,0.49985137580939387,0.0,0.0,0.0
2007_007109_horse,0.0,0.0,0.0,0.0,0.5000265091649738,0.4999734908350262,0.0,0.0,0.0,0.0
2007_007109_person,0.0,0.500237762928009,0.0,0.0,0.0,0.0,0.49976223707199097,0.0,0.0,0.0
2007_007130_pottedplant,0.0,0.0,0.0,0.0,0.4998301863670349,0.0,0.5001698136329651,0.0,0.0,0.0
2007_007165_sheep,0.5038898737397752,0.0,0.0,0.0,0.49611012626022477,0.0,0.0,0.0,0.0,0.0
2007_007168_train,0.0,0.0,0.0,0.0,0.5001423358917236,0.49985766410827637,0.0,0.0,0.0,0.0
2007_007195_person,0.0,0.0,0.0,0.0,0.5005486011505127,0.4994513988494873,0.0,0.0,0.0,0.0
2007_007203_chair,0.0,0.4987267851829529,0.0,0.0,0.0,0.5012732148170471,0.0,0.0,0.0,0.0
2007_007203_person,0.0,0.0,0.0,0.0,0.5001627057742266,0.0,0.4998372942257734,0.0,0.0,0.0
2007_007211_motorbike,0.0,0.0,0.0,0.0,0.5005725622177124,0.0,0.4994274377822876,0.0,0.0,0.0
2007_007235_bicycle,0.0,0.0,0.0,0.0,0.4997764974899144,0.5002235025100856,0.0,0.0,0.0,0.0
2007_007235_person,0.0,0.0,0.0,0.0,0.5002196431159973,0.0,0.4997803568840027,0.0,0.0,0.0
2007_007341_aeroplane,0.5002449601815653,0.0,0.0,0.0,0.0,0.0,0.4997550398184347,0.0,0.0,0.0
2007_007341_person,0.0,0.0,0.0,0.0,0.4995162040139376,0.0,0.5004837959860624,0.0,0.0,0.0
2007_007414_car,0.0,0.0,0.0,0.0,0.49930717053094,0.0,0.50069282946906,0.0,0.0,0.0
2007_007414_person,0.0,0.0,0.0,0.0,0.0,0.4995739757760749,0.5004260242239251,0.0,0.0,0.0
2007_007417_cat,0.0,0.0,0.0,0.0,0.5001182407105493,0.49988175928945067,0.0,0.0,0.0,0.0
2007_007417_sofa,0.5037763864927407,0.0,0.0,0.0,0.0,0.4962236135072593,0.0,0.0,0.0,0.0
2007_007470_aeroplane,0.0,0.0,0.0,0.0,0.500494658946991,0.49950534105300903,0.0,0.0,0.0,0.0
2007_007477_boat,0.0,0.49965028463751926,0.0,0.0,0.5003497153624807,0.0,0.0,0.0,0.0,0.0
2007_007493_person,0.0,0.0,0.0,0.0,0.5001925826072693,0.4998074173927307,0.0,0.0,0.0,0.0
2007_007498_person,0.0,0.0,0.0,0.0,0.499925836918528,0.0,0.500074163081472,0.0,0.0,0.0
2007_007524_cat,0.0,0.0,0.0,0.0,0.49980902671813965,0.5001909732818604,0.0,0.0,0.0,0.0
2007_007534_sheep,0.0,0.0,0.0,0.0,0.5002248883247375,0.49977511167526245,0.0,0.0,0.0,0.0
2007_007624_pottedplant,0.0,0.0,0.0,0.0,0.49963730573654175,0.5003626942634583,0.0,0.0,0.0,0.0
2007_007651_person,0.0,0.499911367893219,0.0,0.0,0.500088632106781,0.0,0.0,0.0,0.0,0.0
2007_007688_motorbike,0.0,0.0,0.0,0.0,0.5002280473709106,0.0,0.49977195262908936,0.0,0.0,0.0
2007_007748_horse,0.0,0.0,0.0,0.0,0.5003305673599243,0.4996694326400757,0.0,0.0,0.0,0.0
2007_007748_person,0.0,0.0,0.0,0.0,0.4999907612800598,0.0,0.5000092387199402,0.0,0.0,0.0
2007_007795_chair,0.0,0.5002593696271997,0.0,0.0,0.49974063037280025,0.0,0.0,0.0,0.0,0.0
2007_007795_person,0.0,0.0,0.0,0.0,0.0,0.49997538328170776,0.5000246167182922,0.0,0.0,0.0
2007_007795_pottedplant,0.0,0.0,0.0,0.0,0.5000753700778109,0.4999246299221891,0.0,0.0,0.0,0.0
2007_007810_diningtable,0.0,0.0,0.0,0.0,0.5003073066381423,0.0,0.49969269336185773,0.0,0.0,0.0
2007_007810_person,0.0,0.0,0.0,0.0,0.5002896189689636,0.0,0.4997103810310364,0.0,0.0,0.0
2007_007815_car,0.0,0.0,0.0,0.0,0.5001368522644043,0.4998631477355957,0.0,0.0,0.0,0.0
2007_007818_car,0.4997985363006592,0.0,0.0,0.0,0.0,0.5002014636993408,0.0,0.0,0.0,0.0
2007_007836_bicycle,0.0,0.0,0.0,0.0,0.5001673102378845,0.4998326897621155,0.0,0.0,0.0,0.0
2007_007836_person,0.0,0.0,0.0,0.0,0.500164270401001,0.499835729598999,0.0,0.0,0.0,0.0
2007_007849_person,0.0,0.0,0.0,0.0,0.50032137333389,0.0,0.49967862666610996,0.0,0.0,0.0
2007_007881_train,0.0,0.0,0.0,0.0,0.5000835657119751,0.4999164342880249,0.0,0.0,0.0,0.0
2007_007996_chair,0.0,0.0,0.0,0.0,0.49974580109876987,0.5002541989012301,0.0,0.0,0.0,0.0
2007_007996_person,0.5001952499093041,0.0,0.0,0.0,0.0,0.0,0.4998047500906959,0.0,0.0,0.0
2007_008051_bird,0.0,0.0,0.0,0.0,0.5005692839622498,0.0,0.49943071603775024,0.0,0.0,0.0
2007_008084_bird,0.0,0.0,0.0,0.0,0.49974361060521666,0.5002563893947833,0.0,0.0,0.0,0.0
2007_008106_chair,0.0,0.0,0.0,0.0,0.4999183416366577,0.5000816583633423,0.0,0.0,0.0,0.0
2007_008110_person,0.0,0.0,0.0,0.0,0.5003910660743713,0.49960893392562866,0.0,0.0,0.0,0.0
2007_008204_person,0.0,0.5000337809314197,0.0,0.0,0.0,0.0,0.4999662190685803,0.0,0.0,0.0
2007_008222_dog,0.0,0.0,0.0,0.0,0.5006637424032765,0.0,0.4993362575967235,0.0,0.0,0.0
2007_008256_horse,0.0,0.49944204092025757,0.0,0.0,0.5005579590797424,0.0,0.0,0.0,0.0,0.0
2007_008256_person,0.0,0.5004828721428773,0.0,0.0,0.49951712785712266,0.0,0.0,0.0,0.0,0.0
2007_008260_dog,0.0,0.0,0.0,0.0,0.49993713200279677,0.5000628679972032,0.0,0.0,0.0,0.0
2007_008260_sofa,0.0,0.0,0.0,0.0,0.5002901554107666,0.0,0.4997098445892334,0.0,0.0,0.0
2007_008339_train,0.0,0.0,0.0,0.0,0.4995460510253906,0.0,0.5004539489746094,0.0,0.0,0.0
2007_008374_person,0.0,0.4997936636270981,0.0,0.0,0.0,0.0,0.5002063363729019,0.0,0.0,0.0
2007_008415_dog,0.0,0.0,0.0,0.0,0.5003843307495117,0.0,0.4996156692504883,0.0,0.0,0.0
2007_008430_person,0.0,0.0,0.0,0.0,0.5004757493592575,0.0,0.49952425064074246,0.0,0.0,0.0
2007_008543_chair,0.49949145317077637,0.0,0.0,0.0,0.0,0.0,0.5005085468292236,0.0,0.0,0.0
2007_008543_sofa,0.0,0.0,0.0,0.0,0.0,0.5000134110450745,0.49998658895492554,0.0,0.0,0.0
2007_008547_pottedplant,0.4997441917734089,0.0,0.0,0.0,0.0,0.5002558082265911,0.0,0.0,0.0,0.0
2007_008596_horse,0.0,0.5000918954583438,0.0,0.0,0.49990810454165624,0.0,0.0,0.0,0.0,0.0
2007_008596_person,0.0,0.5003165602684021,0.0,0.0,0.0,0.4996834397315979,0.0,0.0,0.0,0.0
2007_008645_boat,0.0,0.5001630634020846,0.0,0.0,0.0,0.4998369365979154,0.0,0.0,0.0,0.0
2007_008670_bird,0.4995701610785819,0.0,0.0,0.0,0.5004298389214181,0.0,0.0,0.0,0.0,0.0
2007_008708_person,0.0,0.0,0.0,0.0,0.49986493587493896,0.0,0.500135064125061,0.0,0.0,0.0
2007_008747_bus,0.0,0.0,0.0,0.0,0.5004707425692456,0.4995292574307544,0.0,0.0,0.0,0.0
2007_008747_car,0.0,0.0,0.0,0.0,0.4991982579231262,0.5008017420768738,0.0,0.0,0.0,0.0
2007_008802_horse,0.0,0.0,0.0,0.0,0.5004042237876587,0.4995957762123413,0.0,0.0,0.0,0.0
2007_008802_person,0.0,0.5000913292196789,0.0,0.0,0.4999086707803211,0.0,0.0,0.0,0.0,0.0
2007_008815_cat,0.0,0.0,0.0,0.0,0.5000816583633423,0.4999183416366577,0.0,0.0,0.0,0.0
2007_008897_chair,0.0,0.0,0.0,0.0,0.5003291368484497,0.4996708631515503,0.0,0.0,0.0,0.0
2007_008897_person,0.0,0.0,0.0,0.0,0.49996864795684814,0.5000313520431519,0.0,0.0,0.0,0.0
2007_008944_person,0.0,0.0,0.0,0.0,0.5002558827400208,0.0,0.49974411725997925,0.0,0.0,0.0
2007_008964_dog,0.0,0.0,0.0,0.0,0.5003398805957997,0.4996601194042003,0.0,0.0,0.0,0.0
2007_008964_person,0.0,0.0,0.0,0.0,0.49970579147338867,0.5002942085266113,0.0,0.0,0.0,0.0
2007_008973_cow,0.0,0.0,0.0,0.0,0.5002507716492048,0.0,0.49974922835079516,0.0,0.0,0.0
2007_008980_dog,0.0,0.0,0.0,0.0,0.500398576259613,0.49960142374038696,0.0,0.0,0.0,0.0
2007_009015_bus,0.0,0.0,0.0,0.0,0.4998085945787607,0.0,0.5001914054212393,0.0,0.0,0.0
2007_009015_car,0.0,0.5001426935195923,0.0,0.0,0.0,0.0,0.4998573064804077,0.0,0.0,0.0
2007_009068_person,0.0,0.5002030730247498,0.0,0.0,0.0,0.0,0.49979692697525024,0.0,0.0,0.0
2007_009068_sofa,0.0,0.0,0.0,0.0,0.4998375028323383,0.5001624971676617,0.0,0.0,0.0,0.0
2007_009084_dog,0.0,0.5001567602157593,0.0,0.0,0.4998432397842407,0.0,0.0,0.0,0.0,0.0
2007_009084_motorbike,0.0,0.0,0.0,0.0,0.49974752963341684,0.5002524703665832,0.0,0.0,0.0,0.0
2007_009084_person,0.0,0.0,0.0,0.0,0.4998992830544924,0.0,0.5001007169455076,0.0,0.0,0.0
2007_009088_bird,0.0,0.0,0.0,0.0,0.4996597170829773,0.5003402829170227,0.0,0.0,0.0,0.0
2007_009096_car,0.499490514412805,0.0,0.0,0.0,0.0,0.0,0.500509485587195,0.0,0.0,0.0
2007_009221_cat,0.0,0.0,0.0,0.0,0.5003636926304194,0.49963630736958065,0.0,0.0,0.0,0.0
2007_009245_cow,0.0,0.0,0.0,0.0,0.4999532252564065,0.5000467747435935,0.0,0.0,0.0,0.0
2007_009251_horse,0.4993799924850464,0.0,0.0,0.0,0.5006200075149536,0.0,0.0,0.0,0.0,0.0
2007_009251_person,0.0,0.4995708465576172,0.0,0.0,0.0,0.0,0.5004291534423828,0.0,0.0,0.0
2007_009252_pottedplant,0.0,0.0,0.0,0.0,0.5003979206085205,0.0,0.4996020793914795,0.0,0.0,0.0
2007_009252_sofa,0.0,0.0,0.0,0.0,0.5003361851077135,0.0,0.4996638148922865,0.0,0.0,0.0
2007_009258_bicycle,0.0,0.0,0.0,0.0,0.5002757906913757,0.0,0.49972420930862427,0.0,0.0,0.0
2007_009258_person,0.0,0.0,0.0,0.0,0.5000646710395813,0.4999353289604187,0.0,0.0,0.0,0.0
2007_009320_person,0.0,0.0,0.0,0.0,0.5005695522170992,0.4994304477829008,0.0,0.0,0.0,0.0
2007_009320_sheep,0.0,0.0,0.0,0.0,0.0,0.4999894052747069,0.5000105947252931,0.0,0.0,0.0
2007_009323_bird,0.0,0.500074788925803,0.0,0.0,0.0,0.0,0.49992521107419696,0.0,0.0,0.0
2007_009331_dog,0.0,0.0,0.0,0.0,0.4999720752222583,0.0,0.5000279247777417,0.0,0.0,0.0
2007_009331_person,0.0,0.5001488477036014,0.0,0.0,0.49985115229639865,0.0,0.0,0.0,0.0,0.0
2007_009346_cat,0.0,0.0,0.0,0.0,0.5003856420516968,0.4996143579483032,0.0,0.0,0.0,0.0
2007_009392_car,0.0,0.4991425722581915,0.0,0.0,0.0,0.0,0.5008574277418085,0.0,0.0,0.0
2007_009413_chair,0.0,0.5004956126213074,0.0,0.0,0.4995043873786926,0.0,0.0,0.0,0.0,0.0
2007_009413_diningtable,0.4996841549873352,0.0,0.0,0.0,0.5003158450126648,0.0,0.0,0.0,0.0,0.0
2007_009413_person,0.0,0.0,0.0,0.0,0.49998927116394043,0.5000107288360596,0.0,0.0,0.0,0.0
2007_009458_bottle,0.0,0.49958448110772613,0.0,0.0,0.0,0.0,0.5004155188922739,0.0,0.0,0.0
2007_009521_chair,0.0,0.0,0.0,0.0,0.5000122785568237,0.0,0.49998772144317627,0.0,0.0,0.0
2007_009521_sofa,0.0,0.0,0.0,0.0,0.5004176348323335,0.0,0.4995823651676665,0.0,0.0,0.0
2007_009562_dog,0.0,0.0,0.0,0.0,0.5004962533564492,0.0,0.4995037466435508,0.0,0.0,0.0
2007_009592_dog,0.0,0.0,0.0,0.0,0.5000957697601387,0.4999042302398613,0.0,0.0,0.0,0.0
2007_009654_person,0.0,0.0,0.0,0.0,0.5004791170501446,0.4995208829498554,0.0,0.0,0.0,0.0
2007_009655_person,0.0,0.0,0.0,0.0,0.50020073353646,0.49979926646354,0.0,0.0,0.0,0.0
2007_009655_sofa,0.0,0.0,0.0,0.0,0.49975951016665965,0.5002404898333404,0.0,0.0,0.0,0.0
2007_009684_person,0.0,0.0,0.0,0.0,0.5003504007950306,0.0,0.49964959920496943,0.0,0.0,0.0
2007_009684_sofa,0.0,0.0,0.0,0.0,0.49999141693115234,0.5000085830688477,0.0,0.0,0.0,0.0
2007_009687_bottle,0.0,0.0,0.0,0.0,0.5004615187644958,0.49953848123550415,0.0,0.0,0.0,0.0
2007_009687_person,0.0,0.0,0.0,0.0,0.5001742690749684,0.4998257309250316,0.0,0.0,0.0,0.0
2007_009691_motorbike,0.0,0.0,0.0,0.0,0.5002143233950638,0.4997856766049362,0.0,0.0,0.0,0.0
2007_009691_person,0.0,0.0,0.0,0.0,0.5005617737770081,0.0,0.49943822622299194,0.0,0.0,0.0
2007_009750_person,0.0,0.5002190321618607,0.0,0.0,0.4997809678381393,0.0,0.0,0.0,0.0,0.0
2007_009750_pottedplant,0.0,0.0,0.0,0.0,0.4993972182273865,0.0,0.5006027817726135,0.0,0.0,0.0
2007_009756_motorbike,0.0,0.0,0.0,0.0,0.5002088397679079,0.49979116023209214,0.0,0.0,0.0,0.0
2007_009756_person,0.0,0.4999851584434509,0.0,0.0,0.5000148415565491,0.0,0.0,0.0,0.0,0.0
2007_009764_bus,0.0,0.0,0.0,0.0,0.5001928657235841,0.0,0.4998071342764159,0.0,0.0,0.0
2007_009794_cat,0.0,0.0,0.0,0.0,0.5004761665917585,0.49952383340824147,0.0,0.0,0.0,0.0
2007_009817_bird,0.0,0.0,0.0,0.0,0.5006817876886256,0.4993182123113744,0.0,0.0,0.0,0.0
2007_009841_horse,0.0,0.4997101426124573,0.0,0.0,0.5002898573875427,0.0,0.0,0.0,0.0,0.0
2007_009841_person,0.0,0.4994166195044887,0.0,0.0,0.0,0.0,0.5005833804955113,0.0,0.0,0.0
2007_009897_cow,0.0,0.0,0.0,0.0,0.5005102157592773,0.49948978424072266,0.0,0.0,0.0,0.0
2007_009911_aeroplane,0.0,0.0,0.0,0.0,0.5003617107652598,0.0,0.4996382892347402,0.0,0.0,0.0
2007_009923_cat,0.0,0.0,0.0,0.0,0.5003577470779419,0.4996422529220581,0.0,0.0,0.0,0.0
2007_009938_car,0.0,0.0,0.0,0.0,0.0,0.4998317509939745,0.5001682490060255,0.0,0.0,0.0
2007_009938_motorbike,0.0,0.0,0.0,0.0,0.49967068433761597,0.500329315662384,0.0,0.0,0.0,0.0
2008_000009_cow,0.0,0.4987617284428558,0.0,0.0,0.0,0.5012382715571442,0.0,0.0,0.0,0.0
2008_000075_bus,0.0,0.0,0.0,0.0,0.5000678896903992,0.49993211030960083,0.0,0.0,0.0,0.0
2008_000080_dog,0.0,0.0,0.0,0.0,0.5004660784920407,0.4995339215079593,0.0,0.0,0.0,0.0
2008_000120_boat,0.0,0.0,0.0,0.0,0.4997259527526512,0.5002740472473488,0.0,0.0,0.0,0.0
2008_000123_bird,0.0,0.5003757625930239,0.0,0.0,0.0,0.49962423740697615,0.0,0.0,0.0,0.0
2008_000149_chair,0.4995992183685303,0.0,0.0,0.0,0.5004007816314697,0.0,0.0,0.0,0.0,0.0
2008_000149_sofa,0.0,0.0,0.0,0.0,0.5000363439310687,0.49996365606893134,0.0,0.0,0.0,0.0
2008_000182_cat,0.0,0.49979470669611414,0.0,0.0,0.5002052933038859,0.0,0.0,0.0,0.0,0.0
2008_000213_person,0.0,0.0,0.0,0.0,0.5002834647809427,0.0,0.49971653521905735,0.0,0.0,0.0
2008_000215_person,0.0,0.0,0.0,0.0,0.5002442598342896,0.49975574016571045,0.0,0.0,0.0,0.0
2008_000223_person,0.0,0.0,0.0,0.0,0.5002279877662659,0.49977201223373413,0.0,0.0,0.0,0.0
2008_000233_person,0.0,0.0,0.0,0.0,0.49987669289479575,0.0,0.5001233071052043,0.0,0.0,0.0
2008_000234_person,0.0,0.0,0.0,0.0,0.5003899335861206,0.4996100664138794,0.0,0.0,0.0,0.0
2008_000239_dog,0.0,0.0,0.0,0.0,0.5002812444996092,0.0,0.0,0.0,0.0,0.4997187555003908
2008_000254_person,0.0,0.5001168847084045,0.0,0.0,0.0,0.0,0.49988311529159546,0.0,0.0,0.0
2008_000270_dog,0.4995558261871338,0.0,0.0,0.0,0.5004441738128662,0.0,0.0,0.0,0.0,0.0
2008_000270_person,0.4995530098543468,0.0,0.0,0.0,0.0,0.5004469901456532,0.0,0.0,0.0,0.0
2008_000270_sofa,0.49936532974243164,0.0,0.0,0.0,0.5006346702575684,0.0,0.0,0.0,0.0,0.0
2008_000271_person,0.0,0.0,0.0,0.0,0.5000356435775757,0.0,0.4999643564224243,0.0,0.0,0.0
2008_000345_cat,0.0,0.0,0.0,0.0,0.5004055798295486,0.0,0.4995944201704514,0.0,0.0,0.0
2008_000359_person,0.0,0.0,0.0,0.0,0.5005372762680054,0.49946272373199463,0.0,0.0,0.0,0.0
2008_000391_pottedplant,0.0,0.0,0.0,0.0,0.5002071261405945,0.4997928738594055,0.0,0.0,0.0,0.0
2008_000401_cat,0.4999282956123352,0.0,0.0,0.0,0.0,0.5000717043876648,0.0,0.0,0.0,0.0
2008_000464_cat,0.0,0.0,0.0,0.0,0.4996892362925638,0.5003107637074362,0.0,0.0,0.0,0.0
2008_000469_person,0.0,0.0,0.0,0.0,0.0,0.49955838918685913,0.5004416108131409,0.0,0.0,0.0
2008_000474_person,0.0,0.0,0.0,0.0,0.5000163316726685,0.0,0.49998366832733154,0.0,0.0,0.0
2008_000501_car,0.0,0.0,0.0,0.0,0.0,0.49964451789855957,0.5003554821014404,0.0,0.0,0.0
2008_000510_person,0.0,0.0,0.0,0.0,0.5006013959466995,0.0,0.4993986040533005,0.0,0.0,0.0
2008_000533_bird,0.0,0.0,0.0,0.0,0.5004691332438846,0.49953086675611535,0.0,0.0,0.0,0.0
2008_000573_diningtable,0.0,0.4994916319847107,0.0,0.0,0.0,0.0,0.5005083680152893,0.0,0.0,0.0
2008_000573_person,0.0,0.0,0.0,0.0,0.4995555281639099,0.5004444718360901,0.0,0.0,0.0,0.0
2008_000589_sofa,0.0,0.0,0.0,0.0,0.5004072785377502,0.49959272146224976,0.0,0.0,0.0,0.0
2008_000602_horse,0.0,0.0,0.0,0.0,0.5004533678428342,0.0,0.49954663215716577,0.0,0.0,0.0
2008_000630_person,0.0,0.4998982995718211,0.0,0.0,0.0,0.0,0.5001017004281789,0.0,0.0,0.0
2008_000657_train,0.0,0.0,0.0,0.0,0.500595182144929,0.0,0.49940481785507096,0.0,0.0,0.0
2008_000661_dog,0.0,0.0,0.0,0.0,0.5003328919410706,0.49966710805892944,0.0,0.0,0.0,0.0
2008_000661_person,0.0,0.0,0.0,0.0,0.5004971921740289,0.4995028078259711,0.0,0.0,0.0,0.0
2008_000662_person,0.0,0.0,0.0,0.0,0.5001660734464548,0.4998339265535452,0.0,0.0,0.0,0.0
2008_000666_person,0.0,0.5000950545044227,0.0,0.0,0.4999049454955773,0.0,0.0,0.0,0.0,0.0
2008_000673_chair,0.0,0.0,0.0,0.0,0.5000085085627881,0.4999914914372119,0.0,0.0,0.0,0.0
2008_000673_person,0.0,0.0,0.0,0.0,0.49976789951324463,0.5002321004867554,0.0,0.0,0.0,0.0
2008_000700_person,0.0,0.0,0.0,0.0,0.5006559937996866,0.0,0.4993440062003134,0.0,0.0,0.0
2008_000725_bicycle,0.0,0.49941349029541016,0.0,0.0,0.5005865097045898,0.0,0.0,0.0,0.0,0.0
2008_000725_person,0.0,0.5005520731375239,0.0,0.0,0.4994479268624761,0.0,0.0,0.0,0.0,0.0
2008_000731_person,0.5000521540641785,0.0,0.0,0.0,0.0,0.0,0.49994784593582153,0.0,0.0,0.0
2008_000763_diningtable,0.0,0.0,0.0,0.0,0.5002801567399549,0.49971984326004515,0.0,0.0,0.0,0.0
2008_000763_person,0.0,0.4996488094329834,0.0,0.0,0.0,0.0,0.5003511905670166,0.0,0.0,0.0
2008_000765_horse,0.49950245019808115,0.0,0.0,0.0,0.5004975498019189,0.0,0.0,0.0,0.0,0.0
2008_000782_motorbike,0.4994646906852722,0.0,0.0,0.0,0.0,0.0,0.5005353093147278,0.0,0.0,0.0
2008_000795_person,0.49989765882492065,0.0,0.0,0.0,0.0,0.5001023411750793,0.0,0.0,0.0,0.0
2008_000811_motorbike,0.0,0.0,0.0,0.0,0.4998566508293152,0.0,0.5001433491706848,0.0,0.0,0.0
2008_000811_person,0.5000584721565247,0.0,0.0,0.0,0.0,0.49994152784347534,0.0,0.0,0.0,0.0
2008_000848_bird,0.49959325790405273,0.0,0.0,0.0,0.5004067420959473,0.0,0.0,0.0,0.0,0.0
2008_000853_cat,0.0,0.5001481622413348,0.0,0.0,0.0,0.0,0.49985183775866515,0.0,0.0,0.0
2008_000863_dog,0.0,0.0,0.0,0.0,0.500670850276947,0.0,0.499329149723053,0.0,0.0,0.0
2008_000919_cow,0.0,0.0,0.0,0.0,0.5004298686981201,0.0,0.4995701313018799,0.0,0.0,0.0
2008_000943_dog,0.0,0.0,0.0,0.0,0.5003713369369507,0.4996286630630493,0.0,0.0,0.0,0.0
2008_000992_person,0.0,0.0,0.0,0.0,0.5005366653044026,0.0,0.0,0.0,0.0,0.49946333469559745
2008_001013_boat,0.0,0.5000704377868641,0.0,0.0,0.0,0.4999295622131359,0.0,0.0,0.0,0.0
2008_001013_person,0.0,0.4994570016860962,0.0,0.0,0.0,0.0,0.5005429983139038,0.0,0.0,0.0
2008_001028_person,0.0,0.5003284215927124,0.0,0.0,0.0,0.0,0.4996715784072876,0.0,0.0,0.0
2008_001040_boat,0.0,0.0,0.0,0.0,0.4991628080855963,0.0,0.5008371919144037,0.0,0.0,0.0
2008_001070_dog,0.0,0.0,0.0,0.0,0.5003896951675415,0.0,0.4996103048324585,0.0,0.0,0.0
2008_001074_person,0.0,0.0,0.0,0.0,0.5000634789466858,0.4999365210533142,0.0,0.0,0.0,0.0
2008_001076_person,0.0,0.0,0.0,0.0,0.5003301352164109,0.0,0.4996698647835891,0.0,0.0,0.0
2008_001078_cat,0.0,0.0,0.0,0.0,0.5000967830390697,0.4999032169609303,0.0,0.0,0.0,0.0
2008_001078_pottedplant,0.0,0.49941033124923706,0.0,0.0,0.5005896687507629,0.0,0.0,0.0,0.0,0.0
2008_001135_boat,0.0,0.0,0.0,0.0,0.0,0.5000541657193254,0.49994583428067463,0.0,0.0,0.0
2008_001150_motorbike,0.0,0.0,0.0,0.0,0.5006313323974609,0.0,0.49936866760253906,0.0,0.0,0.0
2008_001170_person,0.0,0.0,0.0,0.0,0.5006786435640262,0.49932135643597375,0.0,0.0,0.0,0.0
2008_001231_bicycle,0.0,0.49948021772621765,0.0,0.0,0.5005197822737824,0.0,0.0,0.0,0.0,0.0
2008_001231_person,0.0,0.5002590417861938,0.0,0.0,0.0,0.0,0.49974095821380615,0.0,0.0,0.0
2008_001249_person,0.0,0.0,0.0,0.0,0.5005011409371751,0.0,0.4994988590628249,0.0,0.0,0.0
2008_001260_boat,0.0,0.0,0.0,0.0,0.5006582587761206,0.4993417412238794,0.0,0.0,0.0,0.0
2008_001283_person,0.5000742673873901,0.0,0.0,0.0,0.0,0.49992573261260986,0.0,0.0,0.0,0.0
2008_001283_pottedplant,0.0,0.0,0.0,0.0,0.49960601329803467,0.0,0.5003939867019653,0.0,0.0,0.0
2008_001308_person,0.0,0.0,0.0,0.0,0.5002063959775449,0.4997936040224551,0.0,0.0,0.0,0.0
2008_001379_dog,0.0,0.0,0.0,0.0,0.5004420280456543,0.4995579719543457,0.0,0.0,0.0,0.0
2008_001404_bicycle,0.49946409463882446,0.0,0.0,0.0,0.5005359053611755,0.0,0.0,0.0,0.0,0.0
2008_001404_person,0.0,0.0,0.0,0.0,0.5005144327725639,0.0,0.4994855672274361,0.0,0.0,0.0
2008_001433_cat,0.0,0.0,0.0,0.0,0.5001451522155151,0.49985484778448486,0.0,0.0,0.0,0.0
2008_001439_chair,0.5009154677391052,0.0,0.0,0.0,0.0,0.4990845322608948,0.0,0.0,0.0,0.0
2008_001478_dog,0.0,0.0,0.0,0.0,0.49992799758911133,0.5000720024108887,0.0,0.0,0.0,0.0
2008_001491_person,0.0,0.0,0.0,0.0,0.500111997127533,0.49988800287246704,0.0,0.0,0.0,0.0
2008_001504_person,0.0,0.0,0.0,0.0,0.5005390494901225,0.0,0.4994609505098775,0.0,0.0,0.0
2008_001513_cat,0.49949552120281693,0.0,0.0,0.0,0.0,0.0,0.5005044787971831,0.0,0.0,0.0
2008_001514_bird,0.0,0.4999508857727051,0.0,0.0,0.5000491142272949,0.0,0.0,0.0,0.0,0.0
2008_001531_person,0.0,0.0,0.0,0.0,0.5003520697250345,0.49964793027496546,0.0,0.0,0.0,0.0
2008_001546_aeroplane,0.0,0.0,0.0,0.0,0.5005322843948687,0.49946771560513126,0.0,0.0,0.0,0.0
2008_001547_person,0.0,0.5002711564383255,0.0,0.0,0.49972884356167446,0.0,0.0,0.0,0.0,0.0
2008_001580_boat,0.0,0.0,0.0,0.0,0.0,0.5004610419273376,0.49953895807266235,0.0,0.0,0.0
2008_001629_person,0.0,0.0,0.0,0.0,0.5000755786895752,0.4999244213104248,0.0,0.0,0.0,0.0
2008_001640_cat,0.0,0.0,0.0,0.0,0.5006375163603569,0.0,0.4993624836396431,0.0,0.0,0.0
2008_001682_horse,0.0,0.5001651793767565,0.0,0.0,0.49983482062324347,0.0,0.0,0.0,0.0,0.0
2008_001688_pottedplant,0.0,0.4997174143791199,0.0,0.0,0.0,0.0,0.5002825856208801,0.0,0.0,0.0
2008_001821_person,0.0,0.0,0.0,0.0,0.49997830390930176,0.0,0.0,0.0,0.0,0.5000216960906982
2008_001874_person,0.0,0.0,0.0,0.0,0.5005484819412231,0.49945151805877686,0.0,0.0,0.0,0.0
2008_001885_cat,0.0,0.49943679571151733,0.0,0.0,0.5005632042884827,0.0,0.0,0.0,0.0,0.0
2008_001895_dog,0.0,0.0,0.0,0.0,0.49976444244384766,0.0,0.5002355575561523,0.0,0.0,0.0
2008_001895_person,0.0,0.0,0.0,0.0,0.49993395805358887,0.5000660419464111,0.0,0.0,0.0,0.0
2008_001966_bird,0.0,0.0,0.0,0.0,0.49992522597758615,0.5000747740224138,0.0,0.0,0.0,0.0
2008_001966_pottedplant,0.0,0.5003025233925893,0.0,0.0,0.0,0.0,0.4996974766074107,0.0,0.0,0.0
2008_001971_aeroplane,0.0,0.0,0.0,0.0,0.0,0.49969552456425204,0.500304475435748,0.0,0.0,0.0
2008_001992_horse,0.0,0.0,0.0,0.0,0.4998492896467024,0.5001507103532976,0.0,0.0,0.0,0.0
2008_001992_person,0.0,0.0,0.0,0.0,0.5002945065498352,0.4997054934501648,0.0,0.0,0.0,0.0
2008_002043_bird,0.0,0.0,0.0,0.0,0.5002932548522949,0.4997067451477051,0.0,0.0,0.0,0.0
2008_002152_cat,0.0,0.0,0.0,0.0,0.5002733766869678,0.4997266233130322,0.0,0.0,0.0,0.0
2008_002205_bus,0.0,0.0,0.0,0.0,0.500387474882976,0.49961252511702403,0.0,0.0,0.0,0.0
2008_002212_car,0.0,0.0,0.0,0.0,0.5000012516975403,0.4999987483024597,0.0,0.0,0.0,0.0
2008_002212_person,0.0,0.0,0.0,0.0,0.5002508461624888,0.0,0.4997491538375112,0.0,0.0,0.0
2008_002239_dog,0.4995619058609009,0.0,0.0,0.0,0.5004380941390991,0.0,0.0,0.0,0.0,0.0
2008_002240_motorbike,0.5001759231195404,0.0,0.0,0.0,0.0,0.4998240768804596,0.0,0.0,0.0,0.0
2008_002241_person,0.0,0.0,0.0,0.0,0.5005188733493946,0.4994811266506054,0.0,0.0,0.0,0.0
2008_002269_bicycle,0.5001238435469912,0.0,0.0,0.0,0.0,0.0,0.49987615645300876,0.0,0.0,0.0
2008_002358_aeroplane,0.49929237365722656,0.0,0.0,0.0,0.0,0.5007076263427734,0.0,0.0,0.0,0.0
2008_002379_chair,0.49992723763205893,0.0,0.0,0.0,0.5000727623679411,0.0,0.0,0.0,0.0,0.0
2008_002379_diningtable,0.0,0.0,0.0,0.0,0.5002756565727098,0.4997243434272902,0.0,0.0,0.0,0.0
2008_002379_pottedplant,0.0,0.0,0.0,0.0,0.4998436719225743,0.5001563280774257,0.0,0.0,0.0,0.0
2008_002383_motorbike,0.0,0.0,0.0,0.0,0.5003535598411095,0.4996464401588905,0.0,0.0,0.0,0.0
2008_002429_bird,0.0,0.0,0.0,0.0,0.500076755879022,0.499923244120978,0.0,0.0,0.0,0.0
2008_002467_bottle,0.0,0.0,0.0,0.0,0.4998752027787208,0.5001247972212792,0.0,0.0,0.0,0.0
2008_002495_person,0.0,0.0,0.0,0.0,0.5002816468561186,0.0,0.49971835314388136,0.0,0.0,0.0
2008_002504_boat,0.0,0.0,0.0,0.0,0.49989116191864014,0.5001088380813599,0.0,0.0,0.0,0.0
2008_002521_chair,0.0,0.5001746267028264,0.0,0.0,0.0,0.0,0.4998253732971736,0.0,0.0,0.0
2008_002536_dog,0.0,0.4993900954359827,0.0,0.0,0.0,0.0,0.5006099045640173,0.0,0.0,0.0
2008_002536_sheep,0.0,0.0,0.0,0.0,0.4998553991317749,0.0,0.5001446008682251,0.0,0.0,0.0
2008_002588_person,0.49976712465286255,0.0,0.0,0.0,0.5002328753471375,0.0,0.0,0.0,0.0,0.0
2008_002623_cat,0.0,0.0,0.0,0.0,0.50002121925354,0.49997878074645996,0.0,0.0,0.0,0.0
2008_002681_cat,0.0,0.49974204600626093,0.0,0.0,0.5002579539937391,0.0,0.0,0.0,0.0,0.0
2008_002775_bottle,0.0,0.0,0.0,0.0,0.5002158135111388,0.0,0.0,0.0,0.0,0.49978418648886125
2008_002775_diningtable,0.0,0.4996475577354431,0.0,0.0,0.5003524422645569,0.0,0.0,0.0,0.0,0.0
2008_002775_person,0.0,0.0,0.0,0.0,0.5003117322921753,0.0,0.4996882677078247,0.0,0.0,0.0
2008_002778_cow,0.0,0.0,0.0,0.0,0.500633344035347,0.0,0.499366655964653,0.0,0.0,0.0
2008_002835_horse,0.49932858343890807,0.0,0.0,0.0,0.5006714165610919,0.0,0.0,0.0,0.0,0.0
2008_002835_person,0.0,0.5002816468561186,0.0,0.0,0.0,0.0,0.49971835314388136,0.0,0.0,0.0
2008_002859_dog,0.0,0.0,0.0,0.0,0.5000713318565091,0.4999286681434909,0.0,0.0,0.0,0.0
2008_002864_bottle,0.0,0.0,0.0,0.0,0.5003988742828369,0.4996011257171631,0.0,0.0,0.0,0.0
2008_002864_person,0.0,0.0,0.0,0.0,0.5001248568259222,0.4998751431740778,0.0,0.0,0.0,0.0
2008_002900_train,0.49961753190703595,0.0,0.0,0.0,0.0,0.500382468092964,0.0,0.0,0.0,0.0
2008_002904_dog,0.0,0.0,0.0,0.0,0.5003701001516014,0.49962989984839856,0.0,0.0,0.0,0.0
2008_002929_person,0.5002669990221857,0.0,0.0,0.0,0.0,0.0,0.49973300097781426,0.0,0.0,0.0
2008_002936_dog,0.0,0.0,0.0,0.0,0.5006074160156424,0.0,0.4993925839843576,0.0,0.0,0.0
2008_002942_person,0.0,0.0,0.0,0.0,0.5000559836642737,0.0,0.49994401633572627,0.0,0.0,0.0
2008_002958_car,0.0,0.0,0.0,0.0,0.4997905194884229,0.0,0.5002094805115771,0.0,0.0,0.0
2008_002958_dog,0.0,0.0,0.0,0.0,0.5006359964798688,0.0,0.4993640035201312,0.0,0.0,0.0
2008_003034_boat,0.0,0.0,0.0,0.0,0.5000680685043335,0.4999319314956665,0.0,0.0,0.0,0.0
2008_003034_person,0.0,0.0,0.0,0.0,0.500164270401001,0.0,0.499835729598999,0.0,0.0,0.0
2008_003076_bottle,0.0,0.5002105086979118,0.0,0.0,0.0,0.0,0.49978949130208816,0.0,0.0,0.0
2008_003076_person,0.0,0.0,0.0,0.0,0.5005892962041707,0.4994107037958293,0.0,0.0,0.0,0.0
2008_003105_train,0.0,0.0,0.0,0.0,0.5001537054731338,0.49984629452686624,0.0,0.0,0.0,0.0
2008_003108_bicycle,0.0,0.0,0.0,0.0,0.5002122819297146,0.49978771807028544,0.0,0.0,0.0,0.0
2008_003108_person,0.5002539604826581,0.0,0.0,0.0,0.0,0.0,0.49974603951734187,0.0,0.0,0.0
2008_003110_bird,0.0,0.0,0.0,0.0,0.500139757986672,0.499860242013328,0.0,0.0,0.0,0.0
2008_003135_pottedplant,0.0,0.0,0.0,0.0,0.5004592388731468,0.0,0.4995407611268532,0.0,0.0,0.0
2008_003141_bus,0.0,0.0,0.0,0.0,0.5002662390391159,0.49973376096088407,0.0,0.0,0.0,0.0
2008_003141_car,0.0,0.0,0.0,0.0,0.49963288008072615,0.0,0.5003671199192739,0.0,0.0,0.0
2008_003141_person,0.0,0.5001917034444721,0.0,0.0,0.49980829655552794,0.0,0.0,0.0,0.0,0.0
2008_003155_aeroplane,0.0,0.0,0.0,0.0,0.5002111047443418,0.49978889525565817,0.0,0.0,0.0,0.0
2008_003210_person,0.0,0.0,0.0,0.0,0.5005777478218079,0.49942225217819214,0.0,0.0,0.0,0.0
2008_003238_dog,0.0,0.0,0.0,0.0,0.5001378059387207,0.0,0.0,0.0,0.0,0.4998621940612793
2008_003238_person,0.4995900541666134,0.0,0.0,0.0,0.5004099458333866,0.0,0.0,0.0,0.0,0.0
2008_003270_bicycle,0.0,0.0,0.4998437166213989,0.0,0.0,0.0,0.5001562833786011,0.0,0.0,0.0
2008_003330_person,0.0,0.0,0.0,0.0,0.5004175603638625,0.0,0.49958243963613747,0.0,0.0,0.0
2008_003333_car,0.0,0.0,0.0,0.0,0.4998553991317749,0.0,0.5001446008682251,0.0,0.0,0.0
2008_003333_motorbike,0.0,0.4998972415924072,0.0,0.0,0.0,0.0,0.5001027584075928,0.0,0.0,0.0
2008_003333_person,0.0,0.4998573064804077,0.0,0.0,0.5001426935195923,0.0,0.0,0.0,0.0,0.0
2008_003369_aeroplane,0.0,0.0,0.0,0.0,0.5003625154495239,0.4996374845504761,0.0,0.0,0.0,0.0
2008_003379_horse,0.0,0.0,0.0,0.0,0.5004416704177856,0.49955832958221436,0.0,0.0,0.0,0.0
2008_003379_person,0.0,0.500389039516449,0.0,0.0,0.0,0.0,0.499610960483551,0.0,0.0,0.0
2008_003451_motorbike,0.0,0.0,0.0,0.0,0.5000842660640399,0.4999157339359601,0.0,0.0,0.0,0.0
2008_003451_person,0.4995136260986328,0.0,0.0,0.0,0.5004863739013672,0.0,0.0,0.0,0.0,0.0
2008_003461_horse,0.0,0.0,0.0,0.0,0.500165581703186,0.49983441829681396,0.0,0.0,0.0,0.0
2008_003461_person,0.0,0.0,0.0,0.0,0.49935896696570614,0.0,0.5006410330342939,0.0,0.0,0.0
2008_003477_chair,0.0,0.0,0.0,0.0,0.0,0.500149130821228,0.499850869178772,0.0,0.0,0.0
2008_003492_person,0.0,0.0,0.0,0.0,0.5004597306251526,0.4995402693748474,0.0,0.0,0.0,0.0
2008_003499_cat,0.0,0.0,0.0,0.0,0.5004363059997559,0.49956369400024414,0.0,0.0,0.0,0.0
2008_003511_dog,0.49955607952010395,0.0,0.0,0.0,0.500443920479896,0.0,0.0,0.0,0.0,0.0
2008_003511_person,0.0,0.0,0.0,0.0,0.5007058232812338,0.4992941767187662,0.0,0.0,0.0,0.0
2008_003546_person,0.0,0.0,0.0,0.0,0.5000450164093082,0.4999549835906918,0.0,0.0,0.0,0.0
2008_003576_dog,0.0,0.4999023675918579,0.0,0.0,0.0,0.0,0.5000976324081421,0.0,0.0,0.0
2008_003577_car,0.0,0.0,0.0,0.0,0.5002959370613098,0.0,0.4997040629386902,0.0,0.0,0.0
2008_003676_person,0.0,0.0,0.0,0.0,0.50051097570327,0.0,0.49948902429673003,0.0,0.0,0.0
2008_003676_pottedplant,0.0,0.0,0.0,0.0,0.5000198483467102,0.4999801516532898,0.0,0.0,0.0,0.0
2008_003709_sofa,0.0,0.0,0.0,0.0,0.5006353259086609,0.4993646740913391,0.0,0.0,0.0,0.0
2008_003733_person,0.0,0.0,0.0,0.0,0.5004588663304528,0.4995411336695472,0.0,0.0,0.0,0.0
2008_003733_sofa,0.0,0.0,0.0,0.0,0.49974799156188965,0.5002520084381104,0.0,0.0,0.0,0.0
2008_003777_bus,0.0,0.0,0.0,0.0,0.0,0.4999302923637803,0.5000697076362197,0.0,0.0,0.0
2008_003782_horse,0.0,0.0,0.0,0.0,0.500384315836897,0.499615684163103,0.0,0.0,0.0,0.0
2008_003821_chair,0.0,0.0,0.0,0.0,0.49987696110835556,0.5001230388916444,0.0,0.0,0.0,0.0
2008_003846_car,0.5001659840295916,0.0,0.0,0.0,0.0,0.0,0.49983401597040844,0.0,0.0,0.0
2008_003856_person,0.0,0.0,0.0,0.0,0.500489965095817,0.0,0.499510034904183,0.0,0.0,0.0
2008_003858_boat,0.0,0.0,0.0,0.0,0.5005970448077606,0.49940295519223943,0.0,0.0,0.0,0.0
2008_003874_person,0.0,0.0,0.0,0.0,0.5001442283348969,0.0,0.4998557716651031,0.0,0.0,0.0
2008_003876_aeroplane,0.0,0.0,0.0,0.0,0.0,0.4997280240058899,0.5002719759941101,0.0,0.0,0.0
2008_003886_boat,0.0,0.0,0.0,0.0,0.5000677108764648,0.49993228912353516,0.0,0.0,0.0,0.0
2008_003926_aeroplane,0.0,0.0,0.0,0.0,0.500209629535675,0.49979037046432495,0.0,0.0,0.0,0.0
2008_003976_aeroplane,0.0,0.0,0.0,0.0,0.4998382180880969,0.0,0.5001617819119031,0.0,0.0,0.0
2008_004101_bicycle,0.49990999698638916,0.0,0.0,0.0,0.5000900030136108,0.0,0.0,0.0,0.0,0.0
2008_004101_person,0.0,0.0,0.0,0.0,0.5001332759857178,0.4998667240142822,0.0,0.0,0.0,0.0
2008_004140_diningtable,0.0,0.0,0.0,0.0,0.4998573064804077,0.5001426935195923,0.0,0.0,0.0,0.0
2008_004140_person,0.0,0.0,0.0,0.0,0.5004131644841086,0.49958683551589145,0.0,0.0,0.0,0.0
2008_004172_sofa,0.0,0.0,0.0,0.0,0.5002086758613586,0.0,0.0,0.0,0.0,0.49979132413864136
2008_004175_horse,0.0,0.0,0.0,0.0,0.0,0.49982498585656243,0.5001750141434376,0.0,0.0,0.0
2008_004212_train,0.0,0.0,0.0,0.0,0.4998357445050554,0.0,0.5001642554949446,0.0,0.0,0.0
2008_004345_motorbike,0.0,0.0,0.0,0.0,0.5004158169155066,0.0,0.49958418308449337,0.0,0.0,0.0
2008_004363_bicycle,0.0,0.0,0.0,0.0,0.5002943724306115,0.0,0.0,0.0,0.0,0.4997056275693885
2008_004367_train,0.0,0.0,0.0,0.0,0.5002200603485107,0.49977993965148926,0.0,0.0,0.0,0.0
2008_004396_horse,0.0,0.0,0.0,0.0,0.49969659744788997,0.50030340255211,0.0,0.0,0.0,0.0
2008_004399_person,0.0,0.5001645684242249,0.0,0.0,0.49983543157577515,0.0,0.0,0.0,0.0,0.0
2008_004453_sheep,0.0,0.0,0.0,0.0,0.5005229860700067,0.49947701392999333,0.0,0.0,0.0,0.0
2008_004477_pottedplant,0.0,0.0,0.0,0.0,0.5004510283470154,0.4995489716529846,0.0,0.0,0.0,0.0
2008_004552_car,0.0,0.0,0.0,0.0,0.5001493692398071,0.49985063076019287,0.0,0.0,0.0,0.0
2008_004562_sofa,0.0,0.5004277974494635,0.0,0.0,0.49957220255053647,0.0,0.0,0.0,0.0,0.0
2008_004575_diningtable,0.0,0.49964787067032246,0.0,0.0,0.0,0.0,0.5003521293296775,0.0,0.0,0.0
2008_004575_person,0.0,0.0,0.0,0.0,0.4999375343322754,0.5000624656677246,0.0,0.0,0.0,0.0
2008_004610_train,0.0,0.0,0.0,0.0,0.5003705024719238,0.49962949752807617,0.0,0.0,0.0,0.0
2008_004612_chair,0.0,0.4990408867311742,0.0,0.0,0.0,0.0,0.5009591132688258,0.0,0.0,0.0
2008_004624_horse,0.0,0.0,0.0,0.0,0.5004340559373515,0.0,0.49956594406264854,0.0,0.0,0.0
2008_004654_bicycle,0.4993394613265991,0.0,0.0,0.0,0.5006605386734009,0.0,0.0,0.0,0.0,0.0
2008_004654_person,0.0,0.0,0.0,0.0,0.5003483295440674,0.0,0.4996516704559326,0.0,0.0,0.0
2008_004659_bottle,0.50020013749003,0.0,0.0,0.0,0.0,0.49979986250997,0.0,0.0,0.0,0.0
2008_004687_horse,0.0,0.5002936422649835,0.0,0.0,0.0,0.0,0.4997063577350165,0.0,0.0,0.0
2008_004687_person,0.0,0.0,0.0,0.0,0.5001636147499084,0.49983638525009155,0.0,0.0,0.0,0.0
2008_004701_cow,0.0,0.0,0.0,0.0,0.5003103017807007,0.4996896982192993,0.0,0.0,0.0,0.0
2008_004704_aeroplane,0.0,0.0,0.0,0.0,0.0,0.5003544092178345,0.4996455907821655,0.0,0.0,0.0
2008_004758_bicycle,0.5032294988632202,0.0,0.0,0.0,0.0,0.4967705011367798,0.0,0.0,0.0,0.0
2008_004854_sheep,0.0,0.0,0.0,0.0,0.49995167553568853,0.5000483244643115,0.0,0.0,0.0,0.0
2008_004995_bicycle,0.0,0.0,0.0,0.0,0.49979604781281806,0.5002039521871819,0.0,0.0,0.0,0.0
2008_005049_motorbike,0.0,0.0,0.0,0.0,0.5002317428588867,0.4997682571411133,0.0,0.0,0.0,0.0
2008_005089_person,0.0,0.0,0.0,0.0,0.5002036392567373,0.0,0.4997963607432627,0.0,0.0,0.0
2008_005097_cow,0.0,0.0,0.0,0.0,0.5002042502103969,0.49979574978960306,0.0,0.0,0.0,0.0
2008_005105_cow,0.0,0.0,0.0,0.0,0.5005155652607809,0.4994844347392191,0.0,0.0,0.0,0.0
2008_005145_diningtable,0.5000936239929907,0.0,0.0,0.0,0.0,0.49990637600700927,0.0,0.0,0.0,0.0
2008_005197_dog,0.0,0.0,0.0,0.0,0.5002087205586219,0.49979127944137813,0.0,0.0,0.0,0.0
2008_005197_person,0.0,0.0,0.0,0.0,0.49994850158691406,0.0,0.5000514984130859,0.0,0.0,0.0
2008_005217_pottedplant,0.5002835988998413,0.0,0.0,0.0,0.0,0.0,0.4997164011001587,0.0,0.0,0.0
2008_005242_pottedplant,0.5001865029335022,0.0,0.0,0.0,0.0,0.4998134970664978,0.0,0.0,0.0,0.0
2008_005245_car,0.0,0.0,0.0,0.0,0.0,0.5001710504242465,0.4998289495757535,0.0,0.0,0.0
2008_005245_motorbike,0.0,0.0,0.0,0.0,0.4997189790094203,0.5002810209905797,0.0,0.0,0.0,0.0
2008_005245_person,0.0,0.49917931857170705,0.0,0.0,0.0,0.0,0.500820681428293,0.0,0.0,0.0
2008_005338_aeroplane,0.0,0.0,0.0,0.0,0.5000127553939819,0.0,0.49998724460601807,0.0,0.0,0.0
2008_005338_person,0.0,0.4999628514040366,0.0,0.0,0.0,0.5000371485959634,0.0,0.0,0.0,0.0
2008_005398_boat,0.0,0.0,0.0,0.0,0.49970507621765137,0.0,0.5002949237823486,0.0,0.0,0.0
2008_005399_bottle,0.0,0.0,0.0,0.0,0.5003926753997803,0.4996073246002197,0.0,0.0,0.0,0.0
2008_005399_person,0.0,0.0,0.49999529123306274,0.0,0.0,0.0,0.5000047087669373,0.0,0.0,0.0
2008_005422_motorbike,0.0,0.0,0.0,0.0,0.5001566410064697,0.4998433589935303,0.0,0.0,0.0,0.0
2008_005445_person,0.0,0.0,0.0,0.0,0.5004794597625732,0.49952054023742676,0.0,0.0,0.0,0.0
2008_005525_horse,0.4993288516998291,0.0,0.0,0.0,0.5006711483001709,0.0,0.0,0.0,0.0,0.0
2008_005544_train,0.0,0.0,0.0,0.0,0.4996836483289986,0.0,0.5003163516710014,0.0,0.0,0.0
2008_005628_boat,0.0,0.49998231232219004,0.0,0.0,0.50001768767781,0.0,0.0,0.0,0.0,0.0
2008_005633_sheep,0.0,0.0,0.0,0.0,0.5007182955741882,0.49928170442581177,0.0,0.0,0.0,0.0
2008_005637_motorbike,0.0,0.0,0.0,0.0,0.5003690272679635,0.4996309727320365,0.0,0.0,0.0,0.0
2008_005642_horse,0.0,0.0,0.0,0.0,0.5004639029502869,0.0,0.49953609704971313,0.0,0.0,0.0
2008_005676_bus,0.0,0.0,0.0,0.0,0.4992240071296692,0.0,0.5007759928703308,0.0,0.0,0.0
2008_005680_pottedplant,0.0,0.499253511428833,0.0,0.0,0.0,0.0,0.500746488571167,0.0,0.0,0.0
2008_005691_horse,0.0,0.0,0.0,0.0,0.5004585832220738,0.4995414167779262,0.0,0.0,0.0,0.0
2008_005727_bicycle,0.0,0.0,0.0,0.0,0.5001888722125032,0.4998111277874968,0.0,0.0,0.0,0.0
2008_005738_person,0.0,0.5000696182250977,0.0,0.0,0.49993038177490234,0.0,0.0,0.0,0.0,0.0
2008_005812_bottle,0.4995344877243042,0.0,0.0,0.0,0.5004655122756958,0.0,0.0,0.0,0.0,0.0
2008_005812_person,0.0,0.0,0.0,0.0,0.49988675117492676,0.5001132488250732,0.0,0.0,0.0,0.0
2008_005904_bottle,0.0,0.0,0.0,0.0,0.5001746863074694,0.4998253136925306,0.0,0.0,0.0,0.0
2008_005915_motorbike,0.0,0.0,0.0,0.0,0.5002982765525066,0.0,0.4997017234474934,0.0,0.0,0.0
2008_006008_chair,0.0,0.0,0.0,0.0,0.5005046426949118,0.4994953573050882,0.0,0.0,0.0,0.0
2008_006055_train,0.0,0.0,0.0,0.0,0.5004842132185634,0.4995157867814366,0.0,0.0,0.0,0.0
2008_006063_cow,0.0,0.0,0.0,0.0,0.5004224181175232,0.4995775818824768,0.0,0.0,0.0,0.0
2008_006108_person,0.0,0.0,0.0,0.0,0.5001628398895264,0.49983716011047363,0.0,0.0,0.0,0.0
2008_006130_dog,0.0,0.0,0.0,0.0,0.500053882598877,0.49994611740112305,0.0,0.0,0.0,0.0
2008_006143_bird,0.0,0.5001878142356873,0.0,0.0,0.0,0.0,0.49981218576431274,0.0,0.0,0.0
2008_006216_aeroplane,0.0,0.5001055896345132,0.0,0.0,0.0,0.0,0.49989441036548676,0.0,0.0,0.0
2008_006216_person,0.0,0.0,0.0,0.0,0.5000399947166443,0.0,0.4999600052833557,0.0,0.0,0.0
2008_006219_horse,0.0,0.49981945753097534,0.0,0.0,0.0,0.0,0.5001805424690247,0.0,0.0,0.0
2008_006229_boat,0.0,0.0,0.0,0.0,0.5002097040477307,0.4997902959522693,0.0,0.0,0.0,0.0
2008_006254_bicycle,0.0,0.499336302280426,0.0,0.0,0.500663697719574,0.0,0.0,0.0,0.0,0.0
2008_006254_car,0.0,0.0,0.0,0.0,0.49982042611180466,0.5001795738881953,0.0,0.0,0.0,0.0
2008_006254_person,0.0,0.0,0.0,0.0,0.4998164176940918,0.0,0.5001835823059082,0.0,0.0,0.0
2008_006275_car,0.0,0.4998246282286831,0.0,0.0,0.5001753717713169,0.0,0.0,0.0,0.0,0.0
2008_006275_person,0.0,0.0,0.0,0.0,0.5001511573791504,0.4998488426208496,0.0,0.0,0.0,0.0
2008_006325_cat,0.0,0.0,0.0,0.0,0.5005199014830648,0.4994800985169352,0.0,0.0,0.0,0.0
2008_006327_sheep,0.4996429980013968,0.0,0.0,0.0,0.0,0.5003570019986032,0.0,0.0,0.0,0.0
2008_006341_cat,0.0,0.0,0.0,0.0,0.5004525780677795,0.49954742193222046,0.0,0.0,0.0,0.0
2008_006341_person,0.0,0.0,0.0,0.0,0.5005264431395067,0.0,0.0,0.0,0.0,0.49947355686049333
2008_006408_diningtable,0.0,0.499908983707428,0.0,0.0,0.0,0.0,0.500091016292572,0.0,0.0,0.0
2008_006408_person,0.0,0.0,0.0,0.0,0.5003502518042997,0.4996497481957003,0.0,0.0,0.0,0.0
2008_006480_cat,0.0,0.0,0.0,0.0,0.5004415958988191,0.4995584041011809,0.0,0.0,0.0,0.0
2008_006523_train,0.0,0.0,0.0,0.0,0.5001451373100281,0.0,0.4998548626899719,0.0,0.0,0.0
2008_006526_car,0.0,0.499622106552124,0.0,0.0,0.0,0.0,0.500377893447876,0.0,0.0,0.0
2008_006526_person,0.0,0.5000306218853408,0.0,0.0,0.0,0.0,0.49996937811465925,0.0,0.0,0.0
2008_006528_cow,0.0,0.0,0.0,0.0,0.5003283470771209,0.0,0.4996716529228791,0.0,0.0,0.0
2008_006553_train,0.0,0.0,0.0,0.0,0.5005498379305053,0.49945016206949466,0.0,0.0,0.0,0.0
2008_006554_bus,0.0,0.0,0.0,0.0,0.4997448026981832,0.5002551973018168,0.0,0.0,0.0,0.0
2008_006554_person,0.0,0.0,0.0,0.0,0.5003118515014648,0.0,0.49968814849853516,0.0,0.0,0.0
2008_006703_aeroplane,0.0,0.0,0.0,0.0,0.4992810636973064,0.0,0.5007189363026936,0.0,0.0,0.0
2008_006722_dog,0.0,0.0,0.0,0.0,0.5000327825546265,0.49996721744537354,0.0,0.0,0.0,0.0
2008_006722_person,0.0,0.0,0.0,0.0,0.5000332444896327,0.4999667555103673,0.0,0.0,0.0,0.0
2008_006752_train,0.0,0.0,0.0,0.0,0.5007174611091614,0.4992825388908386,0.0,0.0,0.0,0.0
2008_006835_sheep,0.0,0.0,0.0,0.0,0.5003666728625693,0.0,0.4996333271374307,0.0,0.0,0.0
2008_006874_motorbike,0.0,0.0,0.0,0.0,0.500100091102722,0.499899908897278,0.0,0.0,0.0,0.0
2008_006874_person,0.4999145269393921,0.0,0.0,0.0,0.0,0.5000854730606079,0.0,0.0,0.0,0.0
2008_006981_dog,0.0,0.0,0.0,0.0,0.500432014465332,0.0,0.49956798553466797,0.0,0.0,0.0
2008_006986_car,0.0,0.0,0.0,0.0,0.500208854675293,0.49979114532470703,0.0,0.0,0.0,0.0
2008_007025_cow,0.0,0.0,0.0,0.0,0.5002536177635193,0.4997463822364807,0.0,0.0,0.0,0.0
2008_007031_cow,0.0,0.0,0.0,0.0,0.500622034072876,0.0,0.499377965927124,0.0,0.0,0.0
2008_007048_chair,0.0,0.5003441572189331,0.0,0.0,0.0,0.0,0.4996558427810669,0.0,0.0,0.0
2008_007120_bird,0.49946749210357666,0.0,0.0,0.0,0.5005325078964233,0.0,0.0,0.0,0.0,0.0
2008_007123_cow,0.0,0.0,0.0,0.0,0.5001110285487465,0.0,0.49988897145125355,0.0,0.0,0.0
2008_007143_boat,0.0,0.0,0.0,0.0,0.4987722337977747,0.5012277662022253,0.0,0.0,0.0,0.0
2008_007194_chair,0.0,0.5002354383468628,0.0,0.0,0.0,0.0,0.4997645616531372,0.0,0.0,0.0
2008_007219_person,0.0,0.0,0.0,0.0,0.4997819662094116,0.0,0.5002180337905884,0.0,0.0,0.0
2008_007273_cow,0.0,0.0,0.0,0.0,0.5001703500747681,0.0,0.49982964992523193,0.0,0.0,0.0
2008_007350_aeroplane,0.0,0.0,0.0,0.0,0.0,0.5005518347189377,0.4994481652810623,0.0,0.0,0.0
2008_007378_chair,0.5045483708381653,0.0,0.0,0.0,0.0,0.4954516291618347,0.0,0.0,0.0,0.0
2008_007378_dog,0.0,0.0,0.0,0.0,0.5004145503044128,0.49958544969558716,0.0,0.0,0.0,0.0
2008_007392_horse,0.0,0.0,0.0,0.0,0.5006053894577804,0.0,0.0,0.0,0.0,0.49939461054221956
2008_007392_person,0.0,0.5003053396849233,0.0,0.0,0.0,0.4996946603150767,0.0,0.0,0.0,0.0
2008_007402_chair,0.0,0.0,0.0,0.0,0.0,0.5001429021443666,0.0,0.0,0.49985709785563337,0.0
2008_007402_diningtable,0.0,0.4994611144065857,0.0,0.0,0.5005388855934143,0.0,0.0,0.0,0.0,0.0
2008_007402_person,0.0,0.0,0.0,0.0,0.5004615932840584,0.49953840671594163,0.0,0.0,0.0,0.0
2008_007498_bird,0.0,0.0,0.0,0.0,0.500188410282135,0.499811589717865,0.0,0.0,0.0,0.0
2008_007507_aeroplane,0.0,0.5001788586324794,0.0,0.0,0.0,0.49982114136752065,0.0,0.0,0.0,0.0
2008_007513_dog,0.0,0.0,0.0,0.0,0.5006808042526245,0.0,0.4993191957473755,0.0,0.0,0.0
2008_007527_chair,0.0,0.0,0.0,0.0,0.5004974603652954,0.0,0.0,0.0,0.0,0.4995025396347046
2008_007548_cat,0.0,0.0,0.0,0.0,0.5007417052763192,0.4992582947236808,0.0,0.0,0.0,0.0
2008_007677_sheep,0.0,0.0,0.0,0.0,0.5000235587365496,0.4999764412634504,0.0,0.0,0.0,0.0
2008_007737_chair,0.49986445903778076,0.0,0.0,0.0,0.5001355409622192,0.0,0.0,0.0,0.0,0.0
2008_007737_person,0.0,0.0,0.0,0.0,0.5003207624149777,0.4996792375850223,0.0,0.0,0.0,0.0
2008_007797_bus,0.0,0.0,0.0,0.0,0.5001838505158513,0.49981614948414865,0.0,0.0,0.0,0.0
2008_007804_car,0.0,0.0,0.0,0.0,0.500446364270259,0.499553635729741,0.0,0.0,0.0,0.0
2008_007811_bottle,0.0,0.0,0.0,0.0,0.49996691942214966,0.0,0.5000330805778503,0.0,0.0,0.0
2008_007814_sheep,0.0,0.0,0.0,0.0,0.500677227973938,0.499322772026062,0.0,0.0,0.0,0.0
2008_007828_person,0.0,0.0,0.0,0.0,0.5001019239425659,0.4998980760574341,0.0,0.0,0.0,0.0
2008_007945_horse,0.0,0.0,0.0,0.0,0.500326558937831,0.49967344106216904,0.0,0.0,0.0,0.0
2008_007994_person,0.0,0.0,0.0,0.0,0.5003610700261274,0.4996389299738726,0.0,0.0,0.0,0.0
2008_008051_diningtable,0.5030857024737774,0.0,0.0,0.0,0.0,0.4969142975262226,0.0,0.0,0.0,0.0
2008_008103_sofa,0.0,0.0,0.0,0.0,0.4996374398577976,0.5003625601422024,0.0,0.0,0.0,0.0
2008_008127_motorbike,0.0,0.0,0.0,0.0,0.5005847811698914,0.0,0.49941521883010864,0.0,0.0,0.0
2008_008127_person,0.0,0.5002869367599487,0.0,0.0,0.49971306324005127,0.0,0.0,0.0,0.0,0.0
2008_008221_person,0.0,0.5001220703125,0.0,0.0,0.0,0.0,0.4998779296875,0.0,0.0,0.0
2008_008221_train,0.0,0.0,0.0,0.0,0.49972760677337646,0.5002723932266235,0.0,0.0,0.0,0.0
2008_008252_bus,0.0,0.0,0.0,0.0,0.5001009702682495,0.0,0.0,0.0,0.0,0.4998990297317505
2008_008268_bird,0.0,0.5003616958964376,0.0,0.0,0.0,0.0,0.49963830410356236,0.0,0.0,0.0
2008_008296_horse,0.0,0.5001533627510071,0.0,0.0,0.0,0.0,0.4998466372489929,0.0,0.0,0.0
2008_008301_bus,0.0,0.0,0.0,0.0,0.49988873303268155,0.5001112669673184,0.0,0.0,0.0,0.0
2008_008335_diningtable,0.0,0.5000163316726685,0.0,0.0,0.0,0.0,0.49998366832733154,0.0,0.0,0.0
2008_008335_person,0.0,0.0,0.0,0.0,0.49990832805633545,0.5000916719436646,0.0,0.0,0.0,0.0
2008_008362_chair,0.0,0.4995771795637256,0.0,0.0,0.0,0.0,0.5004228204362744,0.0,0.0,0.0
2008_008362_diningtable,0.0,0.0,0.0,0.0,0.5005250573158264,0.4994749426841736,0.0,0.0,0.0,0.0
2008_008362_person,0.0,0.0,0.0,0.0,0.49980728327653656,0.5001927167234634,0.0,0.0,0.0,0.0
2008_008392_horse,0.0,0.0,0.0,0.0,0.5006417036056519,0.0,0.49935829639434814,0.0,0.0,0.0
2008_008393_horse,0.4993600994539231,0.0,0.0,0.0,0.0,0.0,0.5006399005460769,0.0,0.0,0.0
2008_008421_horse,0.0,0.0,0.49982815980911255,0.0,0.0,0.0,0.5001718401908875,0.0,0.0,0.0
2008_008434_pottedplant,0.0,0.0,0.499862566594405,0.0,0.0,0.0,0.500137433405595,0.0,0.0,0.0
2008_008469_person,0.0,0.0,0.0,0.0,0.5003893971443176,0.0,0.4996106028556824,0.0,0.0,0.0
2008_008629_bicycle,0.0,0.0,0.0,0.0,0.5001049190790927,0.0,0.4998950809209073,0.0,0.0,0.0
2008_008629_person,0.0,0.49954545497894287,0.0,0.0,0.5004545450210571,0.0,0.0,0.0,0.0,0.0
2008_008682_bus,0.0,0.0,0.0,0.0,0.5004037320854504,0.4995962679145496,0.0,0.0,0.0,0.0
2008_008711_bicycle,0.0,0.0,0.0,0.0,0.0,0.4997763782806284,0.5002236217193716,0.0,0.0,0.0
2008_008746_bird,0.4996457845078175,0.0,0.0,0.0,0.5003542154921825,0.0,0.0,0.0,0.0,0.0
2009_000013_cat,0.0,0.0,0.0,0.0,0.5001107454299927,0.4998892545700073,0.0,0.0,0.0,0.0
2009_000022_train,0.0,0.0,0.0,0.0,0.49894416332244873,0.0,0.5010558366775513,0.0,0.0,0.0
2009_000032_aeroplane,0.0,0.0,0.0,0.0,0.0,0.4994278997012347,0.5005721002987653,0.0,0.0,0.0
2009_000037_bird,0.0,0.0,0.0,0.0,0.0,0.4998317658800939,0.5001682341199061,0.0,0.0,0.0
2009_000039_sheep,0.0,0.5004936456680298,0.0,0.0,0.0,0.0,0.4995063543319702,0.0,0.0,0.0
2009_000074_motorbike,0.0,0.0,0.0,0.0,0.5002539157867432,0.49974608421325684,0.0,0.0,0.0,0.0
2009_000074_person,0.0,0.4994593411845165,0.0,0.0,0.0,0.0,0.5005406588154835,0.0,0.0,0.0
2009_000080_cat,0.0,0.0,0.0,0.0,0.5006351470947266,0.0,0.49936485290527344,0.0,0.0,0.0
2009_000087_sofa,0.0,0.500075265762947,0.0,0.0,0.0,0.0,0.49992473423705297,0.0,0.0,0.0
2009_000096_sofa,0.0,0.0,0.0,0.0,0.5005288124084473,0.49947118759155273,0.0,0.0,0.0,0.0
2009_000121_bottle,0.0,0.0,0.0,0.0,0.5003592818868374,0.0,0.4996407181131626,0.0,0.0,0.0
2009_000149_bicycle,0.0,0.0,0.0,0.0,0.4999650865803633,0.5000349134196367,0.0,0.0,0.0,0.0
2009_000149_person,0.0,0.5004773139953613,0.0,0.0,0.49952268600463867,0.0,0.0,0.0,0.0,0.0
2009_000156_dog,0.0,0.5002054572105408,0.0,0.0,0.0,0.0,0.49979454278945923,0.0,0.0,0.0
2009_000201_bottle,0.0,0.0,0.0,0.0,0.499847948551178,0.500152051448822,0.0,0.0,0.0,0.0
2009_000205_aeroplane,0.0,0.0,0.0,0.0,0.500031054019928,0.499968945980072,0.0,0.0,0.0,0.0
2009_000219_cow,0.4999085068702698,0.0,0.0,0.0,0.0,0.5000914931297302,0.0,0.0,0.0,0.0
2009_000219_person,0.49965177475368305,0.0,0.0,0.0,0.500348225246317,0.0,0.0,0.0,0.0,0.0
2009_000242_sofa,0.0,0.0,0.0,0.0,0.5004150867462158,0.0,0.4995849132537842,0.0,0.0,0.0
2009_000309_cow,0.0,0.0,0.0,0.0,0.5002375245094299,0.49976247549057007,0.0,0.0,0.0,0.0
2009_000309_person,0.0,0.0,0.0,0.0,0.5004251599311829,0.0,0.0,0.0,0.0,0.49957484006881714
2009_000318_bird,0.0,0.0,0.0,0.0,0.5003452747957327,0.0,0.0,0.0,0.0,0.49965472520426735
2009_000335_bus,0.0,0.0,0.0,0.0,0.500264629713755,0.49973537028624504,0.0,0.0,0.0,0.0
2009_000351_bicycle,0.0,0.49983353913326445,0.0,0.0,0.0,0.0,0.5001664608667356,0.0,0.0,0.0
2009_000354_bicycle,0.5009080470149545,0.0,0.0,0.0,0.0,0.0,0.4990919529850455,0.0,0.0,0.0
2009_000387_aeroplane,0.0,0.0,0.0,0.0,0.5000080466270447,0.0,0.4999919533729553,0.0,0.0,0.0
2009_000412_horse,0.0,0.0,0.0,0.0,0.0,0.500575065612793,0.49942493438720703,0.0,0.0,0.0
2009_000418_person,0.0,0.0,0.0,0.0,0.5005325525840356,0.4994674474159644,0.0,0.0,0.0,0.0
2009_000418_sofa,0.0,0.5003265738487244,0.0,0.0,0.0,0.0,0.49967342615127563,0.0,0.0,0.0
2009_000421_person,0.0,0.0,0.0,0.0,0.5000304430714118,0.0,0.49996955692858824,0.0,0.0,0.0
2009_000426_bus,0.0,0.0,0.0,0.0,0.49984264373779297,0.500157356262207,0.0,0.0,0.0,0.0
2009_000440_aeroplane,0.0,0.50019277632811,0.0,0.0,0.0,0.0,0.49980722367189,0.0,0.0,0.0
2009_000446_boat,0.0,0.0,0.0,0.0,0.5000234097235379,0.49997659027646213,0.0,0.0,0.0,0.0
2009_000455_bus,0.0,0.4999324679374695,0.0,0.0,0.5000675320625305,0.0,0.0,0.0,0.0,0.0
2009_000457_bicycle,0.0,0.0,0.0,0.0,0.5004951357841492,0.49950486421585083,0.0,0.0,0.0,0.0
2009_000457_car,0.0,0.0,0.0,0.0,0.0,0.49971264600753784,0.5002873539924622,0.0,0.0,0.0
2009_000457_person,0.0,0.5002442002296448,0.0,0.0,0.0,0.0,0.4997557997703552,0.0,0.0,0.0
2009_000469_boat,0.0,0.0,0.0,0.0,0.5000429302466789,0.4999570697533211,0.0,0.0,0.0,0.0
2009_000487_sofa,0.0,0.0,0.0,0.0,0.5004940032958984,0.49950599670410156,0.0,0.0,0.0,0.0
2009_000488_pottedplant,0.0,0.0,0.0,0.0,0.5003338307042768,0.0,0.49966616929572316,0.0,0.0,0.0
2009_000523_car,0.0,0.0,0.0,0.0,0.5004658102989197,0.4995341897010803,0.0,0.0,0.0,0.0
2009_000573_bicycle,0.0,0.0,0.0,0.0,0.5003890246036939,0.49961097539630606,0.0,0.0,0.0,0.0
2009_000619_bird,0.4998811334336142,0.0,0.0,0.0,0.5001188665663858,0.0,0.0,0.0,0.0,0.0
2009_000628_train,0.0,0.0,0.0,0.0,0.5004872679710388,0.0,0.4995127320289612,0.0,0.0,0.0
2009_000664_bird,0.0,0.0,0.0,0.0,0.5002755969680668,0.4997244030319332,0.0,0.0,0.0,0.0
2009_000675_sheep,0.0,0.0,0.0,0.0,0.500054121017456,0.0,0.49994587898254395,0.0,0.0,0.0
2009_000704_person,0.0,0.0,0.0,0.0,0.0,0.5000345706939697,0.4999654293060303,0.0,0.0,0.0
2009_000705_horse,0.0,0.0,0.0,0.0,0.5005508065223694,0.0,0.4994491934776306,0.0,0.0,0.0
2009_000712_train,0.0,0.0,0.0,0.0,0.5005397647458385,0.4994602352541615,0.0,0.0,0.0,0.0
2009_000716_cat,0.0,0.0,0.0,0.0,0.5001100301742554,0.49988996982574463,0.0,0.0,0.0,0.0
2009_000723_boat,0.0,0.0,0.0,0.0,0.500382125377655,0.0,0.49961787462234497,0.0,0.0,0.0
2009_000727_person,0.0,0.0,0.0,0.0,0.4996428340567003,0.0,0.5003571659432997,0.0,0.0,0.0
2009_000730_motorbike,0.0,0.0,0.0,0.0,0.5002403110194114,0.49975968898058865,0.0,0.0,0.0,0.0
2009_000730_person,0.0,0.0,0.0,0.0,0.4997739791870117,0.0,0.5002260208129883,0.0,0.0,0.0
2009_000731_cow,0.0,0.0,0.0,0.0,0.5003978610038757,0.49960213899612427,0.0,0.0,0.0,0.0
2009_000732_sofa,0.4999701976776123,0.0,0.0,0.0,0.0,0.0,0.5000298023223877,0.0,0.0,0.0
2009_000771_cow,0.0,0.0,0.0,0.0,0.500015541910662,0.499984458089338,0.0,0.0,0.0,0.0
2009_000825_car,0.0,0.49946126338608643,0.0,0.0,0.5005387366139136,0.0,0.0,0.0,0.0,0.0
2009_000825_motorbike,0.0,0.0,0.0,0.0,0.5004198551177979,0.49958014488220215,0.0,0.0,0.0,0.0
2009_000825_person,0.0,0.0,0.0,0.0,0.49972206354141235,0.0,0.5002779364585876,0.0,0.0,0.0
2009_000828_boat,0.0,0.0,0.0,0.0,0.5007352679748753,0.0,0.49926473202512467,0.0,0.0,0.0
2009_000839_dog,0.0,0.0,0.0,0.0,0.500442221773929,0.0,0.49955777822607095,0.0,0.0,0.0
2009_000840_bottle,0.0,0.5003762394301963,0.0,0.0,0.0,0.0,0.49962376056980373,0.0,0.0,0.0
2009_000845_train,0.0,0.0,0.0,0.0,0.499125599861145,0.0,0.500874400138855,0.0,0.0,0.0
2009_000879_bird,0.5004379600155962,0.0,0.0,0.0,0.0,0.0,0.0,0.0,0.0,0.49956203998440385
2009_000892_dog,0.0,0.0,0.0,0.0,0.5005441308021545,0.0,0.49945586919784546,0.0,0.0,0.0
2009_000919_boat,0.0,0.0,0.0,0.0,0.0,0.49978744983673096,0.500212550163269,0.0,0.0,0.0
2009_000924_sheep,0.0,0.0,0.0,0.0,0.5001344680786133,0.0,0.4998655319213867,0.0,0.0,0.0
2009_000931_horse,0.0,0.0,0.0,0.0,0.500061571598053,0.499938428401947,0.0,0.0,0.0,0.0
2009_000935_dog,0.0,0.499580442905426,0.0,0.0,0.500419557094574,0.0,0.0,0.0,0.0,0.0
2009_000964_cat,0.0,0.49970443547652854,0.0,0.0,0.0,0.0,0.5002955645234715,0.0,0.0,0.0
2009_000989_dog,0.0,0.5001546740531921,0.0,0.0,0.0,0.49984532594680786,0.0,0.0,0.0,0.0
2009_000991_bird,0.0,0.0,0.0,0.0,0.5001559108449247,0.4998440891550753,0.0,0.0,0.0,0.0
2009_000998_bird,0.0,0.0,0.0,0.0,0.5000540018081665,0.4999459981918335,0.0,0.0,0.0,0.0
2009_001008_cat,0.0,0.0,0.0,0.0,0.5004838109016418,0.49951618909835815,0.0,0.0,0.0,0.0
2009_001082_bus,0.0,0.0,0.0,0.0,0.5002988576889038,0.0,0.4997011423110962,0.0,0.0,0.0
2009_001108_bird,0.0,0.5001377612393427,0.0,0.0,0.0,0.4998622387606573,0.0,0.0,0.0,0.0
2009_001160_bird,0.0,0.0,0.0,0.0,0.499667376260005,0.500332623739995,0.0,0.0,0.0,0.0
2009_001215_diningtable,0.0,0.0,0.0,0.0,0.5002036094665527,0.0,0.49979639053344727,0.0,0.0,0.0
2009_001215_person,0.0,0.49944183233727024,0.0,0.0,0.5005581676627298,0.0,0.0,0.0,0.0,0.0
2009_001240_car,0.0,0.0,0.0,0.0,0.4994557499885559,0.0,0.5005442500114441,0.0,0.0,0.0
2009_001255_bicycle,0.0,0.0,0.0,0.0,0.49994097649875213,0.5000590235012479,0.0,0.0,0.0,0.0
2009_001255_car,0.0,0.0,0.0,0.0,0.5001843571662903,0.4998156428337097,0.0,0.0,0.0,0.0
2009_001278_bottle,0.0,0.500186398630929,0.0,0.0,0.49981360136907105,0.0,0.0,0.0,0.0,0.0
2009_001299_person,0.0,0.5001724809356785,0.0,0.0,0.49982751906432155,0.0,0.0,0.0,0.0,0.0
2009_001300_train,0.0,0.0,0.0,0.0,0.5006470680236816,0.0,0.49935293197631836,0.0,0.0,0.0
2009_001314_bird,0.0,0.5002807229673647,0.0,0.0,0.0,0.4997192770326353,0.0,0.0,0.0,0.0
2009_001332_aeroplane,0.0,0.0,0.0,0.0,0.4997856467898383,0.0,0.5002143532101617,0.0,0.0,0.0
2009_001333_train,0.0,0.0,0.0,0.0,0.5000966787338257,0.4999033212661743,0.0,0.0,0.0,0.0
2009_001391_cat,0.0,0.0,0.0,0.0,0.4999811053276062,0.5000188946723938,0.0,0.0,0.0,0.0
2009_001411_cat,0.0,0.0,0.0,0.0,0.5007739067077637,0.49922609329223633,0.0,0.0,0.0,0.0
2009_001433_horse,0.0,0.0,0.0,0.0,0.5003311634063721,0.49966883659362793,0.0,0.0,0.0,0.0
2009_001433_person,0.0,0.5000436753021575,0.0,0.0,0.49995632469784246,0.0,0.0,0.0,0.0,0.0
2009_001505_sheep,0.0,0.0,0.0,0.0,0.4995025396347046,0.5004974603652954,0.0,0.0,0.0,0.0
2009_001535_dog,0.0,0.0,0.0,0.0,0.5005400776863098,0.0,0.4994599223136902,0.0,0.0,0.0
2009_001536_car,0.0,0.5003598034596326,0.0,0.0,0.0,0.0,0.4996401965403674,0.0,0.0,0.0
2009_001565_bird,0.0,0.0,0.0,0.0,0.5005174875259399,0.49948251247406006,0.0,0.0,0.0,0.0
2009_001607_bird,0.0,0.0,0.0,0.0,0.4999522119774755,0.5000477880225245,0.0,0.0,0.0,0.0
2009_001644_pottedplant,0.49984101950648485,0.0,0.0,0.0,0.0,0.0,0.5001589804935151,0.0,0.0,0.0
2009_001644_sofa,0.0,0.0,0.0,0.0,0.49958719314374944,0.5004128068562506,0.0,0.0,0.0,0.0
2009_001663_bicycle,0.0,0.5002474635765712,0.0,0.0,0.49975253642342876,0.0,0.0,0.0,0.0,0.0
2009_001663_person,0.49976181983947754,0.0,0.0,0.0,0.0,0.5002381801605225,0.0,0.0,0.0,0.0
2009_001683_bird,0.0,0.0,0.0,0.0,0.5001024007797241,0.4998975992202759,0.0,0.0,0.0,0.0
2009_001684_pottedplant,0.0,0.0,0.0,0.0,0.5003483742371686,0.0,0.4996516257628314,0.0,0.0,0.0
2009_001687_dog,0.0,0.0,0.0,0.0,0.49997270107269287,0.5000272989273071,0.0,0.0,0.0,0.0
2009_001687_person,0.0,0.49972555039677324,0.0,0.0,0.5002744496032268,0.0,0.0,0.0,0.0,0.0
2009_001718_person,0.0,0.0,0.0,0.0,0.5005264431395067,0.0,0.49947355686049333,0.0,0.0,0.0
2009_001731_sofa,0.0,0.0,0.0,0.0,0.49962089954676925,0.0,0.5003791004532308,0.0,0.0,0.0
2009_001765_bird,0.499483570441114,0.0,0.0,0.0,0.500516429558886,0.0,0.0,0.0,0.0,0.0
2009_001768_person,0.0,0.0,0.0,0.0,0.4994928240776062,0.0,0.5005071759223938,0.0,0.0,0.0
2009_001768_sheep,0.0,0.0,0.0,0.0,0.5004252195358276,0.49957478046417236,0.0,0.0,0.0,0.0
2009_001775_chair,0.5000859498977661,0.0,0.0,0.0,0.0,0.0,0.4999140501022339,0.0,0.0,0.0
2009_001775_pottedplant,0.0,0.0,0.0,0.0,0.4998173713684082,0.0,0.5001826286315918,0.0,0.0,0.0
2009_001775_sofa,0.0,0.0,0.0,0.0,0.49970245361328125,0.5002975463867188,0.0,0.0,0.0,0.0
2009_001804_bus,0.0,0.0,0.0,0.0,0.5002973228781618,0.49970267712183825,0.0,0.0,0.0,0.0
2009_001816_bus,0.0,0.0,0.0,0.0,0.5003875643130411,0.4996124356869589,0.0,0.0,0.0,0.0
2009_001818_bottle,0.0,0.0,0.0,0.0,0.5004046112419549,0.4995953887580451,0.0,0.0,0.0,0.0
2009_001850_aeroplane,0.0,0.0,0.0,0.0,0.49954092502593994,0.0,0.5004590749740601,0.0,0.0,0.0
2009_001851_aeroplane,0.0,0.0,0.0,0.0,0.5004071891550534,0.0,0.49959281084494656,0.0,0.0,0.0
2009_001854_bus,0.0,0.0,0.0,0.0,0.5004222839944874,0.4995777160055126,0.0,0.0,0.0,0.0
2009_001854_person,0.0,0.500234335646967,0.0,0.0,0.49976566435303305,0.0,0.0,0.0,0.0,0.0
2009_001941_boat,0.0,0.0,0.0,0.0,0.5001888424214376,0.0,0.4998111575785624,0.0,0.0,0.0
2009_002012_dog,0.0,0.0,0.0,0.0,0.5005370825369035,0.0,0.49946291746309646,0.0,0.0,0.0
2009_002035_cow,0.0,0.5002889037132263,0.0,0.0,0.0,0.0,0.4997110962867737,0.0,0.0,0.0
2009_002042_person,0.0,0.5002383440661924,0.0,0.0,0.4997616559338076,0.0,0.0,0.0,0.0,0.0
2009_002082_sheep,0.0,0.0,0.0,0.0,0.5002274662324031,0.0,0.4997725337675969,0.0,0.0,0.0
2009_002097_horse,0.0,0.0,0.0,0.0,0.5005054473876953,0.0,0.4994945526123047,0.0,0.0,0.0
2009_002122_cow,0.0,0.0,0.0,0.0,0.5001727342605591,0.0,0.4998272657394409,0.0,0.0,0.0
2009_002150_cow,0.0,0.0,0.0,0.0,0.5002275109291077,0.49977248907089233,0.0,0.0,0.0,0.0
2009_002155_dog,0.0,0.0,0.0,0.0,0.0,0.5000426024185836,0.49995739758141644,0.0,0.0,0.0
2009_002164_car,0.0,0.0,0.0,0.0,0.4995321482280537,0.0,0.5004678517719463,0.0,0.0,0.0
2009_002171_cow,0.0,0.49989211559295654,0.0,0.0,0.0,0.0,0.5001078844070435,0.0,0.0,0.0
2009_002185_bottle,0.0,0.0,0.0,0.0,0.0,0.49985314906081113,0.5001468509391889,0.0,0.0,0.0
2009_002185_person,0.0,0.0,0.0,0.0,0.5002924203872681,0.49970757961273193,0.0,0.0,0.0,0.0
2009_002202_train,0.0,0.0,0.0,0.0,0.5001824945157023,0.0,0.4998175054842977,0.0,0.0,0.0
2009_002221_cow,0.0,0.0,0.0,0.0,0.4997493177727068,0.5002506822272932,0.0,0.0,0.0,0.0
2009_002238_bus,0.0,0.0,0.0,0.0,0.5002531260176561,0.0,0.49974687398234385,0.0,0.0,0.0
2009_002238_car,0.0,0.0,0.0,0.0,0.4999234676361084,0.0,0.5000765323638916,0.0,0.0,0.0
2009_002239_car,0.5010861754417419,0.0,0.0,0.0,0.0,0.0,0.49891382455825806,0.0,0.0,0.0
2009_002239_motorbike,0.49929988384246826,0.0,0.0,0.0,0.0,0.0,0.5007001161575317,0.0,0.0,0.0
2009_002265_train,0.0,0.0,0.0,0.0,0.5004945248218022,0.49950547517819777,0.0,0.0,0.0,0.0
2009_002268_cat,0.0,0.0,0.0,0.0,0.5001819580739153,0.4998180419260847,0.0,0.0,0.0,0.0
2009_002291_train,0.0,0.0,0.0,0.0,0.49993595480537145,0.5000640451946285,0.0,0.0,0.0,0.0
2009_002295_bicycle,0.0,0.0,0.0,0.0,0.5005508661270142,0.49944913387298584,0.0,0.0,0.0,0.0
2009_002317_motorbike,0.0,0.0,0.0,0.0,0.5003365129132118,0.0,0.0,0.0,0.0,0.4996634870867882
2009_002317_person,0.0,0.0,0.0,0.0,0.5004944801330566,0.49950551986694336,0.0,0.0,0.0,0.0
2009_002320_aeroplane,0.0,0.5003537535667419,0.0,0.0,0.0,0.49964624643325806,0.0,0.0,0.0,0.0
2009_002346_person,0.500052273273468,0.0,0.0,0.0,0.0,0.499947726726532,0.0,0.0,0.0,0.0
2009_002346_sofa,0.5011703968048096,0.0,0.0,0.0,0.0,0.49882960319519043,0.0,0.0,0.0,0.0
2009_002372_person,0.0,0.0,0.0,0.0,0.5001512020781278,0.4998487979218722,0.0,0.0,0.0,0.0
2009_002382_motorbike,0.0,0.0,0.0,0.0,0.0,0.4999435544013977,0.5000564455986023,0.0,0.0,0.0
2009_002382_person,0.0,0.0,0.0,0.0,0.5000890493392944,0.0,0.49991095066070557,0.0,0.0,0.0
2009_002415_chair,0.0,0.0,0.0,0.0,0.4997333884239197,0.0,0.5002666115760803,0.0,0.0,0.0
2009_002445_dog,0.0,0.4997912049293518,0.0,0.0,0.5002087950706482,0.0,0.0,0.0,0.0,0.0
2009_002487_chair,0.49976348876953125,0.0,0.0,0.0,0.0,0.5002365112304688,0.0,0.0,0.0,0.0
2009_002487_diningtable,0.0,0.0,0.0,0.0,0.4997222274459072,0.0,0.5002777725540928,0.0,0.0,0.0
2009_002487_pottedplant,0.5000599175709461,0.0,0.0,0.0,0.0,0.49994008242905386,0.0,0.0,0.0,0.0
2009_002521_bottle,0.0,0.0,0.0,0.0,0.500236988067627,0.49976301193237305,0.0,0.0,0.0,0.0
2009_002527_cat,0.0,0.0,0.0,0.0,0.49996864795684814,0.5000313520431519,0.0,0.0,0.0,0.0
2009_002535_bus,0.0,0.0,0.0,0.0,0.5006064772605896,0.4993935227394104,0.0,0.0,0.0,0.0
2009_002539_dog,0.0,0.0,0.0,0.0,0.0,0.5000833868980408,0.49991661310195923,0.0,0.0,0.0
2009_002549_cow,0.0,0.0,0.0,0.0,0.49946342407057953,0.0,0.5005365759294205,0.0,0.0,0.0
2009_002568_train,0.0,0.0,0.0,0.0,0.49999260902404785,0.5000073909759521,0.0,0.0,0.0,0.0
2009_002571_chair,0.0,0.0,0.0,0.0,0.499558687210083,0.0,0.500441312789917,0.0,0.0,0.0
2009_002571_pottedplant,0.0,0.0,0.0,0.0,0.499866247177124,0.0,0.500133752822876,0.0,0.0,0.0
2009_002571_sofa,0.0,0.0,0.0,0.0,0.5002345889736834,0.0,0.49976541102631655,0.0,0.0,0.0
2009_002584_person,0.4994648844163154,0.0,0.0,0.0,0.5005351155836846,0.0,0.0,0.0,0.0,0.0
2009_002584_pottedplant,0.0,0.5000403076422306,0.0,0.0,0.0,0.0,0.4999596923577694,0.0,0.0,0.0
2009_002594_bottle,0.4998515248298645,0.0,0.0,0.0,0.5001484751701355,0.0,0.0,0.0,0.0,0.0
2009_002604_bird,0.0,0.5004288703331015,0.0,0.0,0.0,0.49957112966689854,0.0,0.0,0.0,0.0
2009_002618_car,0.0,0.0,0.0,0.0,0.4998551607131958,0.5001448392868042,0.0,0.0,0.0,0.0
2009_002635_cow,0.0,0.0,0.0,0.0,0.49959367513656616,0.0,0.5004063248634338,0.0,0.0,0.0
2009_002638_train,0.0,0.0,0.0,0.0,0.4998241066932678,0.5001758933067322,0.0,0.0,0.0,0.0
2009_002649_bottle,0.0,0.0,0.0,0.0,0.5004549473388509,0.4995450526611491,0.0,0.0,0.0,0.0
2009_002649_person,0.0,0.0,0.0,0.0,0.49993957579315973,0.5000604242068403,0.0,0.0,0.0,0.0
2009_002651_motorbike,0.0,0.0,0.0,0.0,0.5003881454467773,0.49961185455322266,0.0,0.0,0.0,0.0
2009_002651_person,0.0,0.5005069971084595,0.0,0.0,0.0,0.0,0.4994930028915405,0.0,0.0,0.0
2009_002727_boat,0.0,0.0,0.0,0.0,0.5003880858421326,0.49961191415786743,0.0,0.0,0.0,0.0
2009_002732_person,0.0,0.0,0.0,0.0,0.5005481243133545,0.4994518756866455,0.0,0.0,0.0,0.0
2009_002732_sofa,0.4999654442082213,0.0,0.0,0.0,0.0,0.5000345557917787,0.0,0.0,0.0,0.0
2009_002749_bottle,0.0,0.0,0.0,0.0,0.499798849231039,0.500201150768961,0.0,0.0,0.0,0.0
2009_002753_cat,0.0,0.0,0.0,0.0,0.5006422698880595,0.4993577301119405,0.0,0.0,0.0,0.0
2009_002808_aeroplane,0.0,0.0,0.0,0.0,0.5002477318122307,0.0,0.4997522681877693,0.0,0.0,0.0
2009_002856_bottle,0.0,0.0,0.0,0.0,0.4996345639228821,0.5003654360771179,0.0,0.0,0.0,0.0
2009_002887_train,0.0,0.0,0.0,0.0,0.0,0.4992740899540755,0.5007259100459245,0.0,0.0,0.0
2009_002888_aeroplane,0.0,0.0,0.0,0.0,0.5003316402435303,0.4996683597564697,0.0,0.0,0.0,0.0
2009_002928_bicycle,0.0,0.0,0.0,0.0,0.5001581162167157,0.4998418837832843,0.0,0.0,0.0,0.0
2009_002936_cat,0.0,0.4998292922973633,0.0,0.0,0.5001707077026367,0.0,0.0,0.0,0.0,0.0
2009_002975_horse,0.0,0.0,0.0,0.0,0.4999086707803211,0.5000913292196789,0.0,0.0,0.0,0.0
2009_002982_train,0.0,0.0,0.0,0.0,0.5007537603378296,0.4992462396621704,0.0,0.0,0.0,0.0
2009_002990_car,0.0,0.0,0.0,0.0,0.5000593066215515,0.4999406933784485,0.0,0.0,0.0,0.0
2009_003003_bottle,0.0,0.0,0.0,0.0,0.500262975692749,0.499737024307251,0.0,0.0,0.0,0.0
2009_003003_car,0.0,0.0,0.0,0.0,0.4996756315231323,0.5003243684768677,0.0,0.0,0.0,0.0
2009_003003_person,0.0,0.0,0.0,0.0,0.5004639625549316,0.0,0.49953603744506836,0.0,0.0,0.0
2009_003005_aeroplane,0.0,0.0,0.0,0.0,0.5003576278686523,0.49964237213134766,0.0,0.0,0.0,0.0
2009_003043_boat,0.0,0.0,0.0,0.0,0.4997086078015385,0.5002913921984615,0.0,0.0,0.0,0.0
2009_003059_cow,0.0,0.0,0.0,0.0,0.5000340938568115,0.4999659061431885,0.0,0.0,0.0,0.0
2009_003063_dog,0.0,0.0,0.0,0.0,0.49997507035657973,0.0,0.5000249296434203,0.0,0.0,0.0
2009_003065_bicycle,0.0,0.0,0.0,0.0,0.5004035234451294,0.4995964765548706,0.0,0.0,0.0,0.0
2009_003065_person,0.0,0.5002550482749939,0.0,0.0,0.0,0.0,0.4997449517250061,0.0,0.0,0.0
2009_003071_chair,0.0,0.0,0.0,0.0,0.5003647208213806,0.0,0.4996352791786194,0.0,0.0,0.0
2009_003071_diningtable,0.0,0.49972671270370483,0.0,0.0,0.0,0.0,0.5002732872962952,0.0,0.0,0.0
2009_003071_person,0.0,0.5001193284988403,0.0,0.0,0.0,0.0,0.49988067150115967,0.0,0.0,0.0
2009_003080_boat,0.0,0.0,0.0,0.0,0.5000826567386789,0.4999173432613211,0.0,0.0,0.0,0.0
2009_003105_train,0.0,0.0,0.0,0.0,0.5006866604294378,0.49931333957056223,0.0,0.0,0.0,0.0
2009_003123_chair,0.4995340854068373,0.0,0.0,0.0,0.5004659145931627,0.0,0.0,0.0,0.0,0.0
2009_003123_sofa,0.0,0.0,0.0,0.0,0.5004631876945496,0.49953681230545044,0.0,0.0,0.0,0.0
2009_003193_bicycle,0.0,0.0,0.0,0.0,0.5003038048744202,0.49969619512557983,0.0,0.0,0.0,0.0
2009_003196_motorbike,0.0,0.0,0.0,0.0,0.5005807280540466,0.0,0.49941927194595337,0.0,0.0,0.0
2009_003217_dog,0.0,0.0,0.0,0.0,0.5001894384679031,0.4998105615320969,0.0,0.0,0.0,0.0
2009_003224_bicycle,0.0,0.0,0.0,0.0,0.5005798786705768,0.49942012132942315,0.0,0.0,0.0,0.0
2009_003241_dog,0.5015247165247967,0.0,0.0,0.0,0.4984752834752033,0.0,0.0,0.0,0.0,0.0
2009_003269_car,0.0,0.0,0.0,0.0,0.0,0.5000340938568115,0.4999659061431885,0.0,0.0,0.0
2009_003269_person,0.0,0.0,0.0,0.0,0.5000554323196411,0.4999445676803589,0.0,0.0,0.0,0.0
2009_003273_bird,0.0,0.0,0.0,0.0,0.4996704906127003,0.5003295093872997,0.0,0.0,0.0,0.0
2009_003299_train,0.0,0.0,0.0,0.0,0.5005084276199341,0.4994915723800659,0.0,0.0,0.0,0.0
2009_003304_bus,0.0,0.0,0.0,0.0,0.5004393309223851,0.49956066907761487,0.0,0.0,0.0,0.0
2009_003311_train,0.0,0.0,0.0,0.0,0.4996469020843506,0.5003530979156494,0.0,0.0,0.0,0.0
2009_003323_horse,0.49978311360528727,0.0,0.0,0.0,0.5002168863947127,0.0,0.0,0.0,0.0,0.0
2009_003323_person,0.0,0.499850869178772,0.0,0.0,0.0,0.0,0.500149130821228,0.0,0.0,0.0
2009_003343_bicycle,0.5014010071754456,0.0,0.0,0.0,0.0,0.0,0.49859899282455444,0.0,0.0,0.0
2009_003378_bird,0.0,0.0,0.0,0.0,0.5006077438774033,0.49939225612259674,0.0,0.0,0.0,0.0
2009_003387_car,0.0,0.4993107765707605,0.0,0.0,0.0,0.0,0.5006892234292395,0.0,0.0,0.0
2009_003406_car,0.0,0.0,0.0,0.0,0.4995981305717865,0.0,0.5004018694282135,0.0,0.0,0.0
2009_003433_train,0.0,0.0,0.0,0.0,0.5000470280647278,0.4999529719352722,0.0,0.0,0.0,0.0
2009_003450_bird,0.0,0.0,0.0,0.0,0.500478982925415,0.0,0.49952101707458496,0.0,0.0,0.0
2009_003466_dog,0.0,0.0,0.0,0.0,0.5002249926261606,0.4997750073738394,0.0,0.0,0.0,0.0
2009_003481_horse,0.0,0.0,0.0,0.0,0.5001110285487465,0.49988897145125355,0.0,0.0,0.0,0.0
2009_003494_chair,0.0,0.0,0.0,0.0,0.49982404708862305,0.500175952911377,0.0,0.0,0.0,0.0
2009_003494_person,0.0,0.0,0.0,0.0,0.5006749480761603,0.4993250519238397,0.0,0.0,0.0,0.0
2009_003498_bird,0.0,0.0,0.0,0.0,0.49957183000873506,0.5004281699912649,0.0,0.0,0.0,0.0
2009_003504_boat,0.0,0.0,0.0,0.0,0.5004732608795166,0.0,0.4995267391204834,0.0,0.0,0.0
2009_003507_chair,0.0,0.4993619471978561,0.0,0.0,0.0,0.0,0.5006380528021439,0.0,0.0,0.0
2009_003507_diningtable,0.4996586591107053,0.0,0.0,0.0,0.5003413408892947,0.0,0.0,0.0,0.0,0.0
2009_003507_pottedplant,0.0,0.0,0.0,0.0,0.5002911835995669,0.0,0.4997088164004331,0.0,0.0,0.0
2009_003517_bottle,0.0,0.0,0.0,0.0,0.5000470876693726,0.49995291233062744,0.0,0.0,0.0,0.0
2009_003542_cow,0.0,0.0,0.0,0.0,0.5004987716674805,0.49950122833251953,0.0,0.0,0.0,0.0
2009_003549_car,0.5005834549491568,0.0,0.0,0.0,0.0,0.4994165450508432,0.0,0.0,0.0,0.0
2009_003564_pottedplant,0.0,0.4994169026787012,0.0,0.0,0.5005830973212988,0.0,0.0,0.0,0.0,0.0
2009_003564_sofa,0.0,0.0,0.0,0.0,0.49959689378738403,0.500403106212616,0.0,0.0,0.0,0.0
2009_003569_cow,0.0,0.4998107105549958,0.0,0.0,0.0,0.0,0.5001892894450042,0.0,0.0,0.0
2009_003576_person,0.0,0.0,0.0,0.0,0.4998793900084859,0.0,0.5001206099915141,0.0,0.0,0.0
2009_003607_sofa,0.0,0.0,0.0,0.0,0.5005286931991577,0.4994713068008423,0.0,0.0,0.0,0.0
2009_003640_bird,0.0,0.0,0.0,0.0,0.5006653666496277,0.0,0.4993346333503723,0.0,0.0,0.0
2009_003666_sheep,0.0,0.0,0.0,0.0,0.4999464750289917,0.5000535249710083,0.0,0.0,0.0,0.0
2009_003696_aeroplane,0.0,0.0,0.0,0.0,0.5001872628871422,0.4998127371128578,0.0,0.0,0.0,0.0
2009_003703_bus,0.0,0.0,0.0,0.0,0.5003705620765686,0.4996294379234314,0.0,0.0,0.0,0.0
2009_003707_boat,0.0,0.0,0.0,0.0,0.0,0.4996558725628777,0.5003441274371223,0.0,0.0,0.0
2009_003756_dog,0.0,0.0,0.0,0.0,0.49976372718811035,0.5002362728118896,0.0,0.0,0.0,0.0
2009_003771_cat,0.4992398172843511,0.0,0.0,0.0,0.5007601827156489,0.0,0.0,0.0,0.0,0.0
2009_003773_cow,0.5001563876820687,0.0,0.0,0.0,0.0,0.4998436123179313,0.0,0.0,0.0,0.0
2009_003804_horse,0.0,0.0,0.0,0.0,0.49929672479629517,0.0,0.5007032752037048,0.0,0.0,0.0
2009_003806_aeroplane,0.0,0.0,0.0,0.0,0.0,0.4999793469893543,0.5000206530106457,0.0,0.0,0.0
2009_003810_dog,0.0,0.0,0.0,0.0,0.5001491010277928,0.49985089897220725,0.0,0.0,0.0,0.0
2009_003849_chair,0.0,0.4995833188419545,0.0,0.0,0.5004166811580455,0.0,0.0,0.0,0.0,0.0
2009_003849_person,0.4994189143180847,0.0,0.0,0.0,0.5005810856819153,0.0,0.0,0.0,0.0,0.0
2009_003903_horse,0.0,0.0,0.0,0.0,0.5003254413604736,0.49967455863952637,0.0,0.0,0.0,0.0
2009_003904_cat,0.0,0.0,0.0,0.0,0.5004703253367446,0.4995296746632554,0.0,0.0,0.0,0.0
2009_003928_dog,0.0,0.4995231777571685,0.0,0.0,0.5004768222428315,0.0,0.0,0.0,0.0,0.0
2009_003938_train,0.0,0.0,0.0,0.0,0.5002082586288452,0.0,0.4997917413711548,0.0,0.0,0.0
2009_003971_bicycle,0.0,0.0,0.0,0.0,0.0,0.5000149011611938,0.0,0.0,0.0,0.49998509883880615
2009_003991_person,0.0,0.0,0.0,0.0,0.500635027885437,0.0,0.499364972114563,0.0,0.0,0.0
2009_004021_bird,0.0,0.0,0.0,0.0,0.5004316419234383,0.0,0.49956835807656175,0.0,0.0,0.0
2009_004033_dog,0.4995818883305225,0.0,0.0,0.0,0.5004181116694775,0.0,0.0,0.0,0.0,0.0
2009_004043_motorbike,0.0,0.0,0.0,0.0,0.5003532469483165,0.4996467530516835,0.0,0.0,0.0,0.0
2009_004043_person,0.0,0.4999531805487383,0.0,0.0,0.0,0.0,0.5000468194512617,0.0,0.0,0.0
2009_004070_sheep,0.0,0.49944880601458586,0.0,0.0,0.0,0.0,0.5005511939854141,0.0,0.0,0.0
2009_004072_bus,0.0,0.0,0.0,0.0,0.5005454123345263,0.4994545876654737,0.0,0.0,0.0,0.0
2009_004084_bird,0.49990691244879626,0.0,0.0,0.0,0.5000930875512037,0.0,0.0,0.0,0.0,0.0
2009_004099_cat,0.0,0.4995088577270508,0.0,0.0,0.5004911422729492,0.0,0.0,0.0,0.0,0.0
2009_004125_boat,0.0,0.5001167058944702,0.0,0.0,0.0,0.0,0.4998832941055298,0.0,0.0,0.0
2009_004125_person,0.0,0.0,0.0,0.0,0.0,0.4994180947715612,0.5005819052284388,0.0,0.0,0.0
2009_004140_chair,0.0,0.0,0.0,0.0,0.4995713383087117,0.5004286616912883,0.0,0.0,0.0,0.0
2009_004140_diningtable,0.0,0.0,0.0,0.0,0.5003778785354531,0.4996221214645469,0.0,0.0,0.0,0.0
2009_004221_person,0.0,0.0,0.0,0.0,0.5000980198324907,0.0,0.4999019801675093,0.0,0.0,0.0
2009_004248_cat,0.0,0.0,0.0,0.0,0.500496119290359,0.499503880709641,0.0,0.0,0.0,0.0
2009_004255_train,0.0,0.0,0.0,0.0,0.5000268220901489,0.4999731779098511,0.0,0.0,0.0,0.0
2009_004298_sofa,0.0,0.0,0.0,0.0,0.5003553479803995,0.4996446520196005,0.0,0.0,0.0,0.0
2009_004324_bottle,0.0,0.0,0.0,0.0,0.500018164514954,0.49998183548504604,0.0,0.0,0.0,0.0
2009_004455_car,0.0,0.0,0.0,0.0,0.0,0.49947571754455566,0.5005242824554443,0.0,0.0,0.0
2009_004455_motorbike,0.0,0.0,0.0,0.0,0.5000759363174438,0.49992406368255615,0.0,0.0,0.0,0.0
2009_004494_car,0.0,0.0,0.0,0.0,0.49958980083465576,0.0,0.5004101991653442,0.0,0.0,0.0
2009_004497_horse,0.0,0.0,0.0,0.0,0.5004789680099795,0.4995210319900205,0.0,0.0,0.0,0.0
2009_004504_cat,0.0,0.0,0.0,0.0,0.0,0.5000157952308655,0.4999842047691345,0.0,0.0,0.0
2009_004507_dog,0.0,0.0,0.0,0.0,0.5005757063455669,0.4994242936544331,0.0,0.0,0.0,0.0
2009_004507_person,0.0,0.0,0.0,0.0,0.5002403259277344,0.0,0.4997596740722656,0.0,0.0,0.0
2009_004540_bird,0.4995752871289678,0.0,0.0,0.0,0.5004247128710322,0.0,0.0,0.0,0.0,0.0
2009_004568_bird,0.0,0.0,0.0,0.0,0.5002384930920152,0.4997615069079848,0.0,0.0,0.0,0.0
2009_004579_bottle,0.5000435262931444,0.0,0.4999564737068556,0.0,0.0,0.0,0.0,0.0,0.0,0.0
2009_004581_dog,0.0,0.0,0.0,0.0,0.5003335178097199,0.0,0.4996664821902801,0.0,0.0,0.0
2009_004590_bus,0.0,0.0,0.0,0.0,0.5000223517417908,0.49997764825820923,0.0,0.0,0.0,0.0
2009_004592_dog,0.0,0.4999956488609314,0.0,0.0,0.5000043511390686,0.0,0.0,0.0,0.0,0.0
2009_004594_car,0.0,0.0,0.0,0.0,0.500455915927887,0.49954408407211304,0.0,0.0,0.0,0.0
2009_004635_boat,0.0,0.0,0.0,0.0,0.0,0.4997897744178772,0.5002102255821228,0.0,0.0,0.0
2009_004653_aeroplane,0.0,0.4999087452888489,0.0,0.0,0.0,0.5000912547111511,0.0,0.0,0.0,0.0
2009_004687_sofa,0.0,0.0,0.0,0.0,0.5001468807502651,0.49985311924973486,0.0,0.0,0.0,0.0
2009_004721_cat,0.0,0.0,0.0,0.0,0.5001689642617415,0.4998310357382585,0.0,0.0,0.0,0.0
2009_004730_train,0.49949562549591064,0.0,0.0,0.0,0.0,0.0,0.5005043745040894,0.0,0.0,0.0
2009_004732_bus,0.0,0.0,0.0,0.0,0.5001885294914246,0.49981147050857544,0.0,0.0,0.0,0.0
2009_004738_motorbike,0.0,0.0,0.0,0.0,0.5006220936775208,0.49937790632247925,0.0,0.0,0.0,0.0
2009_004738_person,0.0,0.5001756847009471,0.0,0.0,0.0,0.0,0.4998243152990529,0.0,0.0,0.0
2009_004748_car,0.0,0.0,0.0,0.0,0.49996148049716593,0.5000385195028341,0.0,0.0,0.0,0.0
2009_004789_bus,0.0,0.0,0.0,0.0,0.5000312030333998,0.49996879696660024,0.0,0.0,0.0,0.0
2009_004799_train,0.0,0.0,0.0,0.0,0.5005216598510742,0.0,0.4994783401489258,0.0,0.0,0.0
2009_004801_person,0.0,0.500260144487628,0.0,0.0,0.0,0.0,0.499739855512372,0.0,0.0,0.0
2009_004848_bicycle,0.0,0.0,0.0,0.0,0.5006171464920044,0.0,0.0,0.0,0.0,0.4993828535079956
2009_004848_person,0.0,0.0,0.0,0.0,0.500275731086731,0.0,0.49972426891326904,0.0,0.0,0.0
2009_004859_person,0.0,0.0,0.0,0.0,0.49997173249637283,0.5000282675036272,0.0,0.0,0.0,0.0
2009_004867_bus,0.0,0.0,0.0,0.0,0.5003954619051378,0.49960453809486216,0.0,0.0,0.0,0.0
2009_004882_bicycle,0.0,0.0,0.0,0.0,0.5003046989440918,0.4996953010559082,0.0,0.0,0.0,0.0
2009_004886_bird,0.49947166442871094,0.0,0.0,0.0,0.0,0.0,0.5005283355712891,0.0,0.0,0.0
2009_004895_bird,0.0,0.0,0.0,0.0,0.4997731745107874,0.5002268254892126,0.0,0.0,0.0,0.0
2009_004942_horse,0.0,0.0,0.0,0.0,0.5005612969398499,0.49943870306015015,0.0,0.0,0.0,0.0
2009_004969_aeroplane,0.0,0.0,0.0,0.0,0.5000911355018616,0.4999088644981384,0.0,0.0,0.0,0.0
2009_004987_motorbike,0.0,0.4998310953429015,0.0,0.0,0.0,0.0,0.5001689046570985,0.0,0.0,0.0
2009_004987_person,0.0,0.0,0.0,0.0,0.4995905458683101,0.5004094541316899,0.0,0.0,0.0,0.0
2009_004993_sofa,0.0,0.4996385127413716,0.0,0.0,0.5003614872586284,0.0,0.0,0.0,0.0,0.0
2009_004994_dog,0.0,0.0,0.0,0.0,0.5003734230995178,0.4996265769004822,0.0,0.0,0.0,0.0
2009_004994_person,0.4997756332092176,0.0,0.0,0.0,0.0,0.5002243667907824,0.0,0.0,0.0,0.0
2009_005038_diningtable,0.0,0.0,0.0,0.0,0.5001494288444519,0.4998505711555481,0.0,0.0,0.0,0.0
2009_005038_person,0.0,0.0,0.0,0.0,0.4998066723231478,0.5001933276768522,0.0,0.0,0.0,0.0
2009_005078_motorbike,0.0,0.0,0.0,0.0,0.50040602684021,0.49959397315979004,0.0,0.0,0.0,0.0
2009_005078_person,0.0,0.5001594424247742,0.0,0.0,0.0,0.0,0.49984055757522583,0.0,0.0,0.0
2009_005087_bicycle,0.0,0.0,0.0,0.0,0.500359624602817,0.499640375397183,0.0,0.0,0.0,0.0
2009_005087_person,0.0,0.5000193119049072,0.0,0.0,0.4999806880950928,0.0,0.0,0.0,0.0,0.0
2009_005089_sheep,0.0,0.0,0.0,0.0,0.4993048310279846,0.0,0.5006951689720154,0.0,0.0,0.0
2009_005137_bird,0.0,0.5001198053359985,0.0,0.0,0.49988019466400146,0.0,0.0,0.0,0.0,0.0
2009_005148_train,0.5025774986319989,0.0,0.0,0.0,0.0,0.0,0.49742250136800115,0.0,0.0,0.0
2009_005156_bicycle,0.0,0.0,0.0,0.0,0.5005755871362809,0.4994244128637191,0.0,0.0,0.0,0.0
2009_005158_cat,0.0,0.0,0.0,0.0,0.5003799349182825,0.4996200650817175,0.0,0.0,0.0,0.0
2009_005189_aeroplane,0.0,0.0,0.0,0.0,0.0,0.49997854232788086,0.5000214576721191,0.0,0.0,0.0
2009_005190_bottle,0.4996542036327245,0.0,0.0,0.0,0.5003457963672755,0.0,0.0,0.0,0.0,0.0
2009_005217_horse,0.0,0.0,0.0,0.0,0.5005183219909668,0.0,0.4994816780090332,0.0,0.0,0.0
2009_005217_person,0.0,0.49943961204768383,0.0,0.0,0.5005603879523162,0.0,0.0,0.0,0.0,0.0
2009_005219_cat,0.49963855743408203,0.0,0.0,0.0,0.0,0.500361442565918,0.0,0.0,0.0,0.0
2009_005220_train,0.0,0.0,0.0,0.0,0.5002533793449402,0.4997466206550598,0.0,0.0,0.0,0.0
2009_005231_bus,0.0,0.0,0.0,0.0,0.499183192873502,0.0,0.500816807126498,0.0,0.0,0.0
2009_005260_bird,0.0,0.5002502202987671,0.0,0.0,0.0,0.0,0.4997497797012329,0.0,0.0,0.0
2009_005302_bottle,0.4992563277704618,0.0,0.0,0.0,0.0,0.0,0.5007436722295382,0.0,0.0,0.0
2010_000003_dog,0.0,0.0,0.0,0.0,0.5004372298978108,0.4995627701021892,0.0,0.0,0.0,0.0
2010_000038_horse,0.0,0.0,0.0,0.0,0.5002905875531014,0.4997094124468986,0.0,0.0,0.0,0.0
2010_000038_person,0.0,0.5003129243850708,0.0,0.0,0.0,0.4996870756149292,0.0,0.0,0.0,0.0
2010_000083_bicycle,0.49959832429885864,0.0,0.0,0.0,0.5004016757011414,0.0,0.0,0.0,0.0,0.0
2010_000083_person,0.0,0.5002116411861288,0.0,0.0,0.0,0.0,0.4997883588138712,0.0,0.0,0.0
2010_000084_person,0.0,0.0,0.0,0.0,0.49945183099949864,0.0,0.5005481690005014,0.0,0.0,0.0
2010_000087_motorbike,0.5005334466536806,0.0,0.4994665533463194,0.0,0.0,0.0,0.0,0.0,0.0,0.0
2010_000087_person,0.0,0.0,0.0,0.0,0.499878630038459,0.0,0.500121369961541,0.0,0.0,0.0
2010_000110_dog,0.0,0.0,0.0,0.0,0.5001770407014203,0.49982295929857967,0.0,0.0,0.0,0.0
2010_000110_person,0.4997244626365762,0.0,0.0,0.0,0.5002755373634238,0.0,0.0,0.0,0.0,0.0
2010_000159_dog,0.0,0.0,0.0,0.0,0.5001802593523341,0.4998197406476659,0.0,0.0,0.0,0.0
2010_000160_car,0.0,0.0,0.0,0.0,0.500082582230414,0.0,0.499917417769586,0.0,0.0,0.0
2010_000163_cat,0.0,0.0,0.0,0.0,0.5002112984657288,0.49978870153427124,0.0,0.0,0.0,0.0
2010_000174_diningtable,0.499073490472838,0.0,0.0,0.0,0.0,0.0,0.500926509527162,0.0,0.0,0.0
2010_000174_person,0.0,0.0,0.0,0.0,0.5004235506057739,0.4995764493942261,0.0,0.0,0.0,0.0
2010_000216_dog,0.0,0.0,0.0,0.0,0.5000278800717628,0.4999721199282372,0.0,0.0,0.0,0.0
2010_000238_aeroplane,0.0,0.0,0.0,0.0,0.49978472293064824,0.5002152770693518,0.0,0.0,0.0,0.0
2010_000238_person,0.0,0.49966496229171753,0.0,0.0,0.0,0.0,0.5003350377082825,0.0,0.0,0.0
2010_000241_bird,0.0,0.0,0.0,0.0,0.50069659948349,0.49930340051651,0.0,0.0,0.0,0.0
2010_000256_person,0.0,0.5001931190490723,0.0,0.0,0.49980688095092773,0.0,0.0,0.0,0.0,0.0
2010_000256_sofa,0.0,0.0,0.0,0.0,0.499639093875885,0.500360906124115,0.0,0.0,0.0,0.0
2010_000272_boat,0.0,0.0,0.0,0.0,0.4998893588748383,0.5001106411251617,0.0,0.0,0.0,0.0
2010_000284_sofa,0.0,0.0,0.0,0.0,0.5003079026845723,0.49969209731542774,0.0,0.0,0.0,0.0
2010_000309_sheep,0.0,0.4997912049293518,0.0,0.0,0.0,0.0,0.5002087950706482,0.0,0.0,0.0
2010_000330_pottedplant,0.0,0.0,0.0,0.0,0.0,0.500181213026679,0.49981878697332105,0.0,0.0,0.0
2010_000335_bird,0.0,0.0,0.0,0.0,0.49889296293258667,0.5011070370674133,0.0,0.0,0.0,0.0
2010_000342_bicycle,0.5000022053718567,0.0,0.0,0.0,0.0,0.4999977946281433,0.0,0.0,0.0,0.0
2010_000372_car,0.0,0.0,0.0,0.0,0.5003572404597545,0.4996427595402455,0.0,0.0,0.0,0.0
2010_000422_dog,0.0,0.0,0.0,0.0,0.5000830143665369,0.4999169856334631,0.0,0.0,0.0,0.0
2010_000426_bottle,0.49949294328689575,0.0,0.0,0.0,0.0,0.0,0.5005070567131042,0.0,0.0,0.0
2010_000427_cow,0.0,0.0,0.0,0.0,0.5003122091293335,0.4996877908706665,0.0,0.0,0.0,0.0
2010_000530_car,0.0,0.49995665252079524,0.0,0.0,0.0,0.0,0.5000433474792048,0.0,0.0,0.0
2010_000530_person,0.49954646825790405,0.0,0.0,0.0,0.500453531742096,0.0,0.0,0.0,0.0,0.0
2010_000552_cat,0.0,0.0,0.0,0.0,0.5005127787590027,0.4994872212409973,0.0,0.0,0.0,0.0
2010_000559_person,0.0,0.0,0.0,0.0,0.5003487318650266,0.4996512681349734,0.0,0.0,0.0,0.0
2010_000572_aeroplane,0.0,0.0,0.0,0.0,0.5002825856208801,0.0,0.4997174143791199,0.0,0.0,0.0
2010_000573_bus,0.0,0.0,0.0,0.0,0.5005575865340952,0.4994424134659048,0.0,0.0,0.0,0.0
2010_000573_person,0.0,0.5000502914175304,0.0,0.0,0.49994970858246957,0.0,0.0,0.0,0.0,0.0
2010_000622_aeroplane,0.0,0.0,0.0,0.0,0.500139817591315,0.0,0.499860182408685,0.0,0.0,0.0
2010_000628_car,0.0,0.49998319149017334,0.0,0.0,0.0,0.0,0.5000168085098267,0.0,0.0,0.0
2010_000639_dog,0.0,0.0,0.0,0.0,0.5006528496742249,0.0,0.49934715032577515,0.0,0.0,0.0
2010_000639_pottedplant,0.0,0.0,0.0,0.0,0.5002223253250122,0.4997776746749878,0.0,0.0,0.0,0.0
2010_000666_horse,0.0,0.0,0.0,0.0,0.5003341287274918,0.49966587127250817,0.0,0.0,0.0,0.0
2010_000666_person,0.0,0.5002785921096802,0.0,0.0,0.0,0.0,0.4997214078903198,0.0,0.0,0.0
2010_000679_boat,0.0,0.5004104226705306,0.0,0.0,0.0,0.4995895773294694,0.0,0.0,0.0,0.0
2010_000679_person,0.0,0.5002147555351257,0.0,0.0,0.0,0.49978524446487427,0.0,0.0,0.0,0.0
2010_000682_bus,0.0,0.0,0.0,0.0,0.5002854317341616,0.4997145682658384,0.0,0.0,0.0,0.0
2010_000683_cat,0.0,0.0,0.0,0.0,0.5001951456069946,0.0,0.49980485439300537,0.0,0.0,0.0
2010_000724_cat,0.0,0.0,0.0,0.0,0.4997452646569829,0.5002547353430171,0.0,0.0,0.0,0.0
2010_000738_person,0.0,0.0,0.0,0.0,0.5005403011876255,0.0,0.4994596988123745,0.0,0.0,0.0
2010_000764_train,0.5014183371836443,0.0,0.0,0.0,0.0,0.49858166281635574,0.0,0.0,0.0,0.0
2010_000788_dog,0.0,0.0,0.0,0.0,0.500449404107052,0.49955059589294804,0.0,0.0,0.0,0.0
2010_000814_bird,0.0,0.0,0.0,0.0,0.5000666528960065,0.4999333471039935,0.0,0.0,0.0,0.0
2010_000836_bird,0.0,0.5001532882406328,0.0,0.0,0.0,0.49984671175936723,0.0,0.0,0.0,0.0
2010_000874_horse,0.0,0.0,0.0,0.0,0.5003328919410706,0.49966710805892944,0.0,0.0,0.0,0.0
2010_000904_dog,0.5007784962654114,0.0,0.4992215037345886,0.0,0.0,0.0,0.0,0.0,0.0,0.0
2010_000906_boat,0.0,0.49994321167638267,0.0,0.0,0.5000567883236173,0.0,0.0,0.0,0.0,0.0
2010_000907_cow,0.0,0.0,0.0,0.0,0.5005661099980441,0.0,0.4994338900019559,0.0,0.0,0.0
2010_000929_motorbike,0.0,0.5002743154845928,0.0,0.0,0.0,0.4997256845154072,0.0,0.0,0.0,0.0
2010_000941_cat,0.0,0.0,0.0,0.0,0.500165581703186,0.49983441829681396,0.0,0.0,0.0,0.0
2010_000952_car,0.0,0.0,0.0,0.0,0.5002338886260986,0.49976611137390137,0.0,0.0,0.0,0.0
2010_000961_bird,0.0,0.0,0.0,0.0,0.5002990961074829,0.4997009038925171,0.0,0.0,0.0,0.0
2010_001000_cow,0.0,0.0,0.0,0.0,0.5004174709320068,0.49958252906799316,0.0,0.0,0.0,0.0
2010_001010_cow,0.0,0.0,0.0,0.0,0.500427782535553,0.499572217464447,0.0,0.0,0.0,0.0
2010_001011_sheep,0.0,0.0,0.0,0.0,0.5007191300392151,0.4992808699607849,0.0,0.0,0.0,0.0
2010_001016_bird,0.0,0.0,0.0,0.0,0.5004001259803772,0.4995998740196228,0.0,0.0,0.0,0.0
2010_001017_aeroplane,0.0,0.5000118613243103,0.0,0.0,0.4999881386756897,0.0,0.0,0.0,0.0,0.0
2010_001024_aeroplane,0.0,0.0,0.0,0.0,0.5004101544740842,0.0,0.4995898455259158,0.0,0.0,0.0
2010_001024_person,0.0,0.4992821067357691,0.0,0.0,0.0,0.0,0.5007178932642309,0.0,0.0,0.0
2010_001036_boat,0.0,0.5000147968535065,0.0,0.0,0.0,0.0,0.49998520314649353,0.0,0.0,0.0
2010_001036_person,0.0,0.5001922845840454,0.0,0.0,0.4998077154159546,0.0,0.0,0.0,0.0,0.0
2010_001061_bird,0.49943210186266596,0.0,0.0,0.0,0.500567898137334,0.0,0.0,0.0,0.0,0.0
2010_001069_bird,0.499800354230425,0.0,0.0,0.0,0.500199645769575,0.0,0.0,0.0,0.0,0.0
2010_001070_cat,0.0,0.0,0.0,0.0,0.500219240791179,0.0,0.49978075920882103,0.0,0.0,0.0
2010_001079_sheep,0.0,0.0,0.0,0.0,0.5004467368125916,0.49955326318740845,0.0,0.0,0.0,0.0
2010_001104_train,0.0,0.0,0.0,0.0,0.500634416918921,0.0,0.49936558308107903,0.0,0.0,0.0
2010_001124_dog,0.0,0.0,0.0,0.0,0.5002400875091553,0.4997599124908447,0.0,0.0,0.0,0.0
2010_001149_sofa,0.0,0.0,0.0,0.0,0.5002716779708862,0.49972832202911377,0.0,0.0,0.0,0.0
2010_001151_train,0.0,0.5001015663146973,0.0,0.0,0.0,0.0,0.49989843368530273,0.0,0.0,0.0
2010_001174_aeroplane,0.0,0.0,0.0,0.0,0.5004449188444067,0.49955508115559333,0.0,0.0,0.0,0.0
2010_001206_bus,0.0,0.0,0.0,0.0,0.5004098117595799,0.4995901882404201,0.0,0.0,0.0,0.0
2010_001246_bicycle,0.0,0.0,0.0,0.0,0.5006468296051025,0.0,0.49935317039489746,0.0,0.0,0.0
2010_001246_person,0.0,0.0,0.0,0.0,0.49942898750305176,0.0,0.5005710124969482,0.0,0.0,0.0
2010_001246_pottedplant,0.0,0.0,0.0,0.0,0.49909305572509766,0.0,0.5009069442749023,0.0,0.0,0.0
2010_001251_motorbike,0.0,0.0,0.0,0.0,0.5003610849380493,0.0,0.4996389150619507,0.0,0.0,0.0
2010_001256_sheep,0.0,0.0,0.0,0.0,0.5004753321267565,0.49952466787324346,0.0,0.0,0.0,0.0
2010_001264_dog,0.0,0.0,0.0,0.0,0.5005849302163679,0.49941506978363215,0.0,0.0,0.0,0.0
2010_001292_cat,0.0,0.0,0.0,0.0,0.500507578238619,0.499492421761381,0.0,0.0,0.0,0.0
2010_001313_motorbike,0.0,0.499528706073761,0.0,0.0,0.500471293926239,0.0,0.0,0.0,0.0,0.0
2010_001313_person,0.0,0.49982649087905884,0.0,0.0,0.0,0.5001735091209412,0.0,0.0,0.0,0.0
2010_001331_cat,0.0,0.0,0.0,0.0,0.5003193915080661,0.49968060849193385,0.0,0.0,0.0,0.0
2010_001351_cat,0.0,0.0,0.0,0.0,0.500082105403072,0.49991789459692804,0.0,0.0,0.0,0.0
2010_001367_bicycle,0.0,0.0,0.0,0.0,0.5002205222779357,0.4997794777220643,0.0,0.0,0.0,0.0
2010_001367_person,0.0,0.0,0.0,0.0,0.5003931522369385,0.4996068477630615,0.0,0.0,0.0,0.0
2010_001376_dog,0.0,0.0,0.0,0.0,0.0,0.5006150156442826,0.49938498435571743,0.0,0.0,0.0
2010_001403_bus,0.0,0.0,0.0,0.0,0.500211089862054,0.499788910137946,0.0,0.0,0.0,0.0
2010_001448_aeroplane,0.0,0.0,0.0,0.0,0.5001389980316162,0.4998610019683838,0.0,0.0,0.0,0.0
2010_001522_sheep,0.0,0.49980902671813965,0.0,0.0,0.0,0.0,0.5001909732818604,0.0,0.0,0.0
2010_001534_cat,0.0,0.0,0.0,0.0,0.4999516010284424,0.5000483989715576,0.0,0.0,0.0,0.0
2010_001553_car,0.0,0.0,0.0,0.0,0.5000505447387695,0.0,0.49994945526123047,0.0,0.0,0.0
2010_001557_sheep,0.0,0.0,0.0,0.0,0.500592485087886,0.499407514912114,0.0,0.0,0.0,0.0
2010_001563_dog,0.0,0.5004643052678017,0.0,0.0,0.0,0.4995356947321983,0.0,0.0,0.0,0.0
2010_001563_person,0.0,0.5001124143600464,0.0,0.0,0.0,0.4998875856399536,0.0,0.0,0.0,0.0
2010_001577_sheep,0.0,0.0,0.0,0.0,0.5003811120986938,0.49961888790130615,0.0,0.0,0.0,0.0
2010_001579_person,0.0,0.0,0.0,0.0,0.5001907348632812,0.49980926513671875,0.0,0.0,0.0,0.0
2010_001646_bus,0.0,0.0,0.0,0.0,0.49937124552216394,0.5006287544778361,0.0,0.0,0.0,0.0
2010_001656_cat,0.0,0.0,0.0,0.0,0.4998749345503728,0.5001250654496272,0.0,0.0,0.0,0.0
2010_001692_cow,0.0,0.0,0.0,0.0,0.49982626736681857,0.5001737326331814,0.0,0.0,0.0,0.0
2010_001692_person,0.0,0.0,0.0,0.0,0.499984398484695,0.0,0.500015601515305,0.0,0.0,0.0
2010_001699_person,0.0,0.0,0.0,0.0,0.5005548000335693,0.0,0.49944519996643066,0.0,0.0,0.0
2010_001699_pottedplant,0.4995133727643899,0.0,0.0,0.0,0.0,0.0,0.5004866272356101,0.0,0.0,0.0
2010_001734_person,0.0,0.5000583529472351,0.0,0.0,0.0,0.4999416470527649,0.0,0.0,0.0,0.0
2010_001734_train,0.0,0.5002073049545288,0.0,0.0,0.4997926950454712,0.0,0.0,0.0,0.0,0.0
2010_001767_person,0.0,0.0,0.0,0.0,0.49977721274563036,0.5002227872543696,0.0,0.0,0.0,0.0
2010_001767_sofa,0.0,0.0,0.0,0.0,0.4997794777220643,0.5002205222779357,0.0,0.0,0.0,0.0
2010_001768_dog,0.0,0.0,0.0,0.0,0.49959689378738403,0.0,0.500403106212616,0.0,0.0,0.0
2010_001768_person,0.0,0.0,0.0,0.0,0.0,0.49958299099156234,0.5004170090084377,0.0,0.0,0.0
2010_001773_pottedplant,0.0,0.0,0.0,0.0,0.5000864714358308,0.49991352856416915,0.0,0.0,0.0,0.0
2010_001820_bird,0.0,0.5005433410244184,0.0,0.0,0.49945665897558156,0.0,0.0,0.0,0.0,0.0
2010_001830_bottle,0.0,0.0,0.0,0.0,0.5000429898513254,0.0,0.49995701014867455,0.0,0.0,0.0
2010_001851_chair,0.0,0.49958471952631234,0.0,0.0,0.0,0.0,0.5004152804736877,0.0,0.0,0.0
2010_001851_pottedplant,0.0,0.0,0.0,0.0,0.49987858533859253,0.0,0.5001214146614075,0.0,0.0,0.0
2010_001908_dog,0.0,0.0,0.0,0.0,0.500007942319153,0.0,0.499992057680847,0.0,0.0,0.0
2010_001913_cat,0.0,0.0,0.0,0.0,0.4999946206806487,0.0,0.5000053793193513,0.0,0.0,0.0
2010_001951_train,0.0,0.0,0.0,0.0,0.5005307048401026,0.49946929515989735,0.0,0.0,0.0,0.0
2010_001956_dog,0.0,0.0,0.0,0.0,0.5004991739839562,0.49950082601604384,0.0,0.0,0.0,0.0
2010_001962_sofa,0.0,0.0,0.0,0.0,0.5000672191361422,0.0,0.49993278086385784,0.0,0.0,0.0
2010_001995_bird,0.49935100970718294,0.0,0.0,0.0,0.5006489902928171,0.0,0.0,0.0,0.0,0.0
2010_002017_person,0.0,0.0,0.0,0.0,0.5002243369750876,0.0,0.4997756630249124,0.0,0.0,0.0
2010_002025_cat,0.0,0.0,0.0,0.0,0.500321015706032,0.49967898429396795,0.0,0.0,0.0,0.0
2010_002030_bicycle,0.0,0.0,0.0,0.0,0.5000445693718025,0.4999554306281975,0.0,0.0,0.0,0.0
2010_002106_sheep,0.0,0.0,0.499780535697937,0.0,0.0,0.0,0.500219464302063,0.0,0.0,0.0
2010_002137_cat,0.0,0.49951332807540894,0.0,0.0,0.5004866719245911,0.0,0.0,0.0,0.0,0.0
2010_002137_person,0.49967026710510254,0.0,0.0,0.0,0.5003297328948975,0.0,0.0,0.0,0.0,0.0
2010_002137_pottedplant,0.0,0.0,0.0,0.0,0.5004651695628515,0.0,0.4995348304371485,0.0,0.0,0.0
2010_002137_sofa,0.0,0.0,0.0,0.0,0.49963769318832796,0.0,0.500362306811672,0.0,0.0,0.0
2010_002142_bird,0.0,0.0,0.0,0.0,0.5002066940007599,0.0,0.4997933059992401,0.0,0.0,0.0
2010_002146_cat,0.49949465690537265,0.0,0.0,0.0,0.5005053430946274,0.0,0.0,0.0,0.0,0.0
2010_002147_aeroplane,0.0,0.0,0.0,0.0,0.5005387514669075,0.4994612485330925,0.0,0.0,0.0,0.0
2010_002150_boat,0.0,0.4999086856842041,0.0,0.0,0.0,0.0,0.5000913143157959,0.0,0.0,0.0
2010_002161_horse,0.0,0.0,0.0,0.0,0.5000516176223755,0.4999483823776245,0.0,0.0,0.0,0.0
2010_002161_person,0.0,0.500013634562086,0.0,0.0,0.49998636543791397,0.0,0.0,0.0,0.0,0.0
2010_002200_aeroplane,0.0,0.0,0.0,0.0,0.49938833713531494,0.0,0.5006116628646851,0.0,0.0,0.0
2010_002228_dog,0.0,0.0,0.0,0.0,0.5004967600255239,0.4995032399744761,0.0,0.0,0.0,0.0
2010_002232_sheep,0.0,0.0,0.0,0.0,0.5007715225219727,0.49922847747802734,0.0,0.0,0.0,0.0
2010_002251_motorbike,0.0,0.0,0.0,0.0,0.5000310391178417,0.49996896088215825,0.0,0.0,0.0,0.0
2010_002251_person,0.0,0.5001464337066879,0.0,0.0,0.0,0.0,0.4998535662933121,0.0,0.0,0.0
2010_002271_motorbike,0.0,0.0,0.0,0.0,0.5002588629722595,0.4997411370277405,0.0,0.0,0.0,0.0
2010_002305_cat,0.0,0.49913346767425537,0.0,0.0,0.0,0.0,0.5008665323257446,0.0,0.0,0.0
2010_002310_aeroplane,0.0,0.0,0.0,0.0,0.5005798042166116,0.0,0.49942019578338837,0.0,0.0,0.0
2010_002336_chair,0.5015624612104159,0.0,0.0,0.0,0.0,0.4984375387895841,0.0,0.0,0.0,0.0
2010_002348_cat,0.0,0.0,0.0,0.0,0.5001437664031982,0.0,0.49985623359680176,0.0,0.0,0.0
2010_002361_car,0.0,0.0,0.0,0.0,0.5003176778460241,0.0,0.4996823221539759,0.0,0.0,0.0
2010_002390_cow,0.5032344756582692,0.0,0.0,0.0,0.0,0.4967655243417308,0.0,0.0,0.0,0.0
2010_002396_motorbike,0.0,0.4998494535729452,0.0,0.0,0.0,0.0,0.5001505464270548,0.0,0.0,0.0
2010_002396_person,0.0,0.0,0.0,0.0,0.5002565979957581,0.49974340200424194,0.0,0.0,0.0,0.0
2010_002422_cat,0.0,0.0,0.0,0.0,0.5004657506942749,0.0,0.4995342493057251,0.0,0.0,0.0
2010_002450_bird,0.0,0.5003543049202652,0.0,0.0,0.0,0.0,0.4996456950797348,0.0,0.0,0.0
2010_002480_dog,0.0,0.0,0.0,0.0,0.5001882314682007,0.4998117685317993,0.0,0.0,0.0,0.0
2010_002512_cat,0.0,0.0,0.0,0.0,0.500348687171936,0.49965131282806396,0.0,0.0,0.0,0.0
2010_002531_cat,0.0,0.0,0.0,0.0,0.5004757195852911,0.49952428041470887,0.0,0.0,0.0,0.0
2010_002531_sofa,0.0,0.0,0.0,0.0,0.5002899169921875,0.0,0.4997100830078125,0.0,0.0,0.0
2010_002536_bicycle,0.0,0.0,0.0,0.0,0.49990214407735634,0.5000978559226437,0.0,0.0,0.0,0.0
2010_002538_chair,0.0,0.5005273222923279,0.0,0.0,0.0,0.4994726777076721,0.0,0.0,0.0,0.0
2010_002546_bus,0.0,0.0,0.0,0.0,0.5002520680427551,0.4997479319572449,0.0,0.0,0.0,0.0
2010_002623_person,0.5009164660895924,0.0,0.4990835339104076,0.0,0.0,0.0,0.0,0.0,0.0,0.0
2010_002682_train,0.0,0.0,0.0,0.0,0.5004659741978057,0.4995340258021943,0.0,0.0,0.0,0.0
2010_002691_horse,0.0,0.0,0.0,0.0,0.5002798885023627,0.4997201114976373,0.0,0.0,0.0,0.0
2010_002693_bicycle,0.0,0.0,0.0,0.0,0.5006059258995674,0.4993940741004326,0.0,0.0,0.0,0.0
2010_002693_cat,0.49943435192108154,0.0,0.0,0.0,0.5005656480789185,0.0,0.0,0.0,0.0,0.0
2010_002693_chair,0.0,0.5000654309968522,0.0,0.0,0.4999345690031478,0.0,0.0,0.0,0.0,0.0
2010_002763_person,0.0,0.0,0.0,0.0,0.4999532699584961,0.5000467300415039,0.0,0.0,0.0,0.0
2010_002792_person,0.0,0.0,0.0,0.0,0.5004718154528196,0.4995281845471804,0.0,0.0,0.0,0.0
2010_002868_bus,0.0,0.0,0.0,0.0,0.5001536011695862,0.4998463988304138,0.0,0.0,0.0,0.0
2010_002900_cat,0.0,0.0,0.0,0.0,0.5004753917313995,0.49952460826860046,0.0,0.0,0.0,0.0
2010_002902_car,0.0,0.0,0.0,0.0,0.5002683252016209,0.0,0.4997316747983791,0.0,0.0,0.0
2010_002902_person,0.0,0.0,0.0,0.0,0.5005948543548584,0.0,0.4994051456451416,0.0,0.0,0.0
2010_002921_chair,0.0,0.0,0.0,0.0,0.5002649575550842,0.49973504244491584,0.0,0.0,0.0,0.0
2010_002929_person,0.0,0.0,0.0,0.0,0.5004594326019287,0.0,0.4995405673980713,0.0,0.0,0.0
2010_002939_aeroplane,0.5000502914175304,0.0,0.0,0.0,0.0,0.49994970858246957,0.0,0.0,0.0,0.0
2010_002988_car,0.0,0.0,0.0,0.0,0.5003257989883423,0.4996742010116577,0.0,0.0,0.0,0.0
2010_003014_person,0.0,0.0,0.0,0.0,0.4999034553795023,0.5000965446204977,0.0,0.0,0.0,0.0
2010_003060_dog,0.0,0.0,0.0,0.0,0.4999738484628842,0.5000261515371158,0.0,0.0,0.0,0.0
2010_003123_car,0.0,0.49984665215472424,0.0,0.0,0.0,0.0,0.5001533478452758,0.0,0.0,0.0
2010_003127_aeroplane,0.0,0.0,0.0,0.0,0.0,0.5001665949821472,0.4998334050178528,0.0,0.0,0.0
2010_003132_aeroplane,0.5006160586888773,0.0,0.49938394131112274,0.0,0.0,0.0,0.0,0.0,0.0,0.0
2010_003168_bird,0.0,0.0,0.0,0.0,0.5007247924804688,0.0,0.49927520751953125,0.0,0.0,0.0
2010_003183_cow,0.0,0.0,0.0,0.0,0.499288901665476,0.0,0.500711098334524,0.0,0.0,0.0
2010_003187_dog,0.0,0.0,0.0,0.0,0.500233069069179,0.49976693093082103,0.0,0.0,0.0,0.0
2010_003207_motorbike,0.0,0.0,0.0,0.0,0.5006533414320153,0.0,0.49934665856798466,0.0,0.0,0.0
2010_003231_car,0.0,0.5001517236323192,0.0,0.0,0.4998482763676808,0.0,0.0,0.0,0.0,0.0
2010_003239_cow,0.0,0.0,0.0,0.0,0.5002982020378113,0.4997017979621887,0.0,0.0,0.0,0.0
2010_003239_person,0.0,0.5004602074623108,0.0,0.0,0.0,0.0,0.4995397925376892,0.0,0.0,0.0
2010_003275_cat,0.49987743794552797,0.0,0.0,0.0,0.500122562054472,0.0,0.0,0.0,0.0,0.0
2010_003276_car,0.0,0.0,0.0,0.0,0.5005505084991455,0.4994494915008545,0.0,0.0,0.0,0.0
2010_003293_bus,0.0,0.0,0.0,0.0,0.5001617074012756,0.49983829259872437,0.0,0.0,0.0,0.0
2010_003302_chair,0.0,0.0,0.0,0.0,0.4999978542327881,0.5000021457672119,0.0,0.0,0.0,0.0
2010_003302_pottedplant,0.0,0.0,0.0,0.0,0.5003383159637451,0.0,0.4996616840362549,0.0,0.0,0.0
2010_003325_chair,0.0,0.0,0.0,0.0,0.5000674873610582,0.0,0.4999325126389418,0.0,0.0,0.0
2010_003325_diningtable,0.0,0.0,0.0,0.0,0.0,0.49967809022432297,0.500321909775677,0.0,0.0,0.0
2010_003325_person,0.0,0.0,0.0,0.0,0.5006685703793594,0.0,0.4993314296206406,0.0,0.0,0.0
2010_003362_bird,0.0,0.0,0.0,0.0,0.0,0.49997830390930176,0.0,0.0,0.0,0.5000216960906982
2010_003365_aeroplane,0.5024391116165585,0.0,0.0,0.0,0.0,0.4975608883834415,0.0,0.0,0.0,0.0
2010_003381_car,0.0,0.0,0.0,0.0,0.5003626346588135,0.0,0.4996373653411865,0.0,0.0,0.0
2010_003381_person,0.0,0.0,0.0,0.0,0.4997207671487103,0.0,0.5002792328512897,0.0,0.0,0.0
2010_003402_cat,0.0,0.0,0.0,0.0,0.0,0.5001164078712463,0.49988359212875366,0.0,0.0,0.0
2010_003409_person,0.0,0.0,0.0,0.0,0.5003350377082825,0.0,0.49966496229171753,0.0,0.0,0.0
2010_003418_bird,0.49948495626449585,0.0,0.0,0.0,0.5005150437355042,0.0,0.0,0.0,0.0,0.0
2010_003446_bicycle,0.0,0.0,0.0,0.0,0.5001182556152344,0.0,0.4998817443847656,0.0,0.0,0.0
2010_003446_car,0.0,0.0,0.0,0.0,0.5002244561843736,0.0,0.4997755438156264,0.0,0.0,0.0
2010_003446_person,0.0,0.5004735439874666,0.0,0.0,0.0,0.4995264560125334,0.0,0.0,0.0,0.0
2010_003453_car,0.0,0.0,0.0,0.0,0.5002017021179199,0.4997982978820801,0.0,0.0,0.0,0.0
2010_003468_bottle,0.0,0.0,0.0,0.0,0.5005414485931396,0.49945855140686035,0.0,0.0,0.0,0.0
2010_003468_cat,0.0,0.0,0.0,0.0,0.5006255358271141,0.0,0.4993744641728859,0.0,0.0,0.0
2010_003473_bird,0.4999130368232727,0.0,0.0,0.0,0.0,0.5000869631767273,0.0,0.0,0.0,0.0
2010_003495_aeroplane,0.49926219878382083,0.0,0.0,0.0,0.5007378012161792,0.0,0.0,0.0,0.0,0.0
2010_003506_dog,0.0,0.0,0.0,0.0,0.500355064868927,0.499644935131073,0.0,0.0,0.0,0.0
2010_003514_train,0.0,0.0,0.0,0.0,0.5002304315567017,0.49976956844329834,0.0,0.0,0.0,0.0
2010_003531_chair,0.0,0.0,0.0,0.0,0.5001547783567077,0.49984522164329226,0.0,0.0,0.0,0.0
2010_003532_horse,0.0,0.0,0.0,0.0,0.5002919435501099,0.49970805644989014,0.0,0.0,0.0,0.0
2010_003541_sheep,0.0,0.0,0.0,0.0,0.5003898739814758,0.49961012601852417,0.0,0.0,0.0,0.0
2010_003547_boat,0.0,0.5003250241279602,0.0,0.0,0.0,0.0,0.4996749758720398,0.0,0.0,0.0
2010_003597_person,0.0,0.0,0.0,0.0,0.5001967549324036,0.49980324506759644,0.0,0.0,0.0,0.0
2010_003597_pottedplant,0.0,0.0,0.0,0.0,0.5003628134727478,0.0,0.4996371865272522,0.0,0.0,0.0
2010_003597_sofa,0.0,0.0,0.0,0.0,0.5001514851956674,0.49984851480433257,0.0,0.0,0.0,0.0
2010_003675_cat,0.0,0.0,0.0,0.0,0.5001222491264343,0.4998777508735657,0.0,0.0,0.0,0.0
2010_003708_train,0.0,0.4995852559681313,0.0,0.0,0.0,0.0,0.5004147440318687,0.0,0.0,0.0
2010_003716_aeroplane,0.0,0.0,0.0,0.0,0.0,0.4997801631623555,0.5002198368376445,0.0,0.0,0.0
2010_003746_car,0.0,0.5002211034429731,0.0,0.0,0.0,0.0,0.4997788965570269,0.0,0.0,0.0
2010_003746_dog,0.0,0.0,0.0,0.0,0.0,0.5000579059158508,0.49994209408414925,0.0,0.0,0.0
2010_003746_person,0.0,0.4997042268426486,0.0,0.0,0.0,0.0,0.5002957731573514,0.0,0.0,0.0
2010_003758_cat,0.0,0.0,0.0,0.0,0.5005813837051392,0.0,0.0,0.0,0.0,0.49941861629486084
2010_003764_cat,0.0,0.0,0.0,0.0,0.5002020597457886,0.4997979402542114,0.0,0.0,0.0,0.0
2010_003768_car,0.0,0.0,0.0,0.0,0.4996933490129307,0.0,0.5003066509870693,0.0,0.0,0.0
2010_003771_bird,0.49935141201921773,0.0,0.0,0.0,0.5006485879807823,0.0,0.0,0.0,0.0,0.0
2010_003772_bus,0.0,0.0,0.0,0.0,0.5005504488945007,0.49944955110549927,0.0,0.0,0.0,0.0
2010_003781_bottle,0.0,0.5000425279165821,0.0,0.0,0.0,0.0,0.4999574720834179,0.0,0.0,0.0
2010_003781_cat,0.0,0.0,0.0,0.0,0.5007349848747253,0.49926501512527466,0.0,0.0,0.0,0.0
2010_003781_pottedplant,0.0,0.0,0.0,0.0,0.5002975463867188,0.0,0.49970245361328125,0.0,0.0,0.0
2010_003813_car,0.0,0.0,0.0,0.0,0.49973896144264707,0.5002610385573529,0.0,0.0,0.0,0.0
2010_003854_car,0.0,0.0,0.0,0.0,0.5003004967987241,0.4996995032012759,0.0,0.0,0.0,0.0
2010_003854_person,0.0,0.4999578595161438,0.0,0.0,0.5000421404838562,0.0,0.0,0.0,0.0,0.0
2010_003912_bicycle,0.0,0.0,0.0,0.0,0.5002176016504287,0.4997823983495713,0.0,0.0,0.0,0.0
2010_003915_aeroplane,0.4999419897777435,0.5000580102222565,0.0,0.0,0.0,0.0,0.0,0.0,0.0,0.0
2010_003947_motorbike,0.0,0.0,0.0,0.0,0.5000038146972656,0.4999961853027344,0.0,0.0,0.0,0.0
2010_003956_train,0.0,0.0,0.0,0.0,0.5001945346535881,0.4998054653464119,0.0,0.0,0.0,0.0
2010_003971_cat,0.0,0.0,0.0,0.0,0.5001612901687622,0.0,0.4998387098312378,0.0,0.0,0.0
2010_003971_chair,0.0,0.0,0.0,0.0,0.4997621923755946,0.5002378076244054,0.0,0.0,0.0,0.0
2010_004041_boat,0.0,0.0,0.0,0.0,0.5004877894971433,0.49951221050285666,0.0,0.0,0.0,0.0
2010_004042_motorbike,0.0,0.0,0.0,0.0,0.5006978362590719,0.49930216374092806,0.0,0.0,0.0,0.0
2010_004063_aeroplane,0.0,0.5001324564257996,0.0,0.0,0.0,0.4998675435742004,0.0,0.0,0.0,0.0
2010_004104_cat,0.0,0.0,0.0,0.0,0.5005958527149006,0.0,0.0,0.0,0.0,0.4994041472850994
2010_004120_cat,0.0,0.0,0.0,0.0,0.5002861022949219,0.4997138977050781,0.0,0.0,0.0,0.0
2010_004149_train,0.0,0.0,0.0,0.0,0.49978397785973483,0.5002160221402652,0.0,0.0,0.0,0.0
2010_004165_dog,0.0,0.0,0.0,0.0,0.5006447583629119,0.0,0.4993552416370881,0.0,0.0,0.0
2010_004165_person,0.0,0.0,0.0,0.0,0.5001764297485352,0.0,0.49982357025146484,0.0,0.0,0.0
2010_004208_boat,0.4999014735221863,0.0,0.0,0.0,0.5000985264778137,0.0,0.0,0.0,0.0,0.0
2010_004208_person,0.0,0.5004618018727958,0.0,0.0,0.0,0.49953819812720424,0.0,0.0,0.0,0.0
2010_004219_motorbike,0.0,0.0,0.0,0.0,0.49998016655504207,0.0,0.5000198334449579,0.0,0.0,0.0
2010_004219_person,0.0,0.0,0.0,0.0,0.0,0.5000417232513428,0.4999582767486572,0.0,0.0,0.0
2010_004226_sheep,0.0,0.0,0.0,0.0,0.49973660707473755,0.5002633929252625,0.0,0.0,0.0,0.0
2010_004314_aeroplane,0.0,0.0,0.0,0.0,0.5002051591873169,0.4997948408126831,0.0,0.0,0.0,0.0
2010_004320_cat,0.0,0.0,0.0,0.0,0.5002025514901445,0.4997974485098555,0.0,0.0,0.0,0.0
2010_004322_cow,0.0,0.49974656105041504,0.0,0.0,0.0,0.0,0.500253438949585,0.0,0.0,0.0
2010_004337_car,0.0,0.0,0.0,0.0,0.49931591749191284,0.0,0.5006840825080872,0.0,0.0,0.0
2010_004337_person,0.0,0.5002336502075195,0.0,0.0,0.0,0.49976634979248047,0.0,0.0,0.0,0.0
2010_004348_bus,0.0,0.0,0.0,0.0,0.5003270805077005,0.4996729194922995,0.0,0.0,0.0,0.0
2010_004355_motorbike,0.0,0.0,0.0,0.0,0.5006405711174011,0.4993594288825989,0.0,0.0,0.0,0.0
2010_004369_cat,0.0,0.0,0.0,0.0,0.5002530962304204,0.0,0.49974690376957964,0.0,0.0,0.0
2010_004382_pottedplant,0.0,0.0,0.0,0.0,0.499922409655976,0.500077590344024,0.0,0.0,0.0,0.0
2010_004419_aeroplane,0.0,0.0,0.0,0.0,0.5002491474151611,0.49975085258483887,0.0,0.0,0.0,0.0
2010_004432_person,0.0,0.0,0.0,0.0,0.5006687491932884,0.4993312508067116,0.0,0.0,0.0,0.0
2010_004472_car,0.0,0.49967795610427856,0.0,0.0,0.0,0.0,0.5003220438957214,0.0,0.0,0.0
2010_004472_person,0.4997122287750244,0.0,0.0,0.0,0.0,0.5002877712249756,0.0,0.0,0.0,0.0
2010_004479_cat,0.0,0.0,0.0,0.0,0.4999221414304418,0.5000778585695582,0.0,0.0,0.0,0.0
2010_004479_person,0.0,0.0,0.0,0.0,0.5004997700303861,0.49950022996961385,0.0,0.0,0.0,0.0
2010_004519_horse,0.0,0.0,0.0,0.0,0.5007076859474182,0.0,0.4992923140525818,0.0,0.0,0.0
2010_004550_dog,0.5000244230024689,0.0,0.0,0.0,0.0,0.0,0.0,0.0,0.0,0.49997557699753115
2010_004551_bottle,0.0,0.0,0.0,0.0,0.5001447200775146,0.49985527992248535,0.0,0.0,0.0,0.0
2010_004556_bird,0.0,0.0,0.0,0.0,0.49966758489608765,0.0,0.5003324151039124,0.0,0.0,0.0
2010_004559_bird,0.0,0.0,0.0,0.0,0.5006823539733887,0.49931764602661133,0.0,0.0,0.0,0.0
2010_004559_person,0.0,0.5000298023223877,0.0,0.0,0.0,0.4999701976776123,0.0,0.0,0.0,0.0
2010_004628_dog,0.0,0.5002304911613464,0.0,0.0,0.49976950883865356,0.0,0.0,0.0,0.0,0.0
2010_004635_cow,0.0,0.0,0.0,0.0,0.4999697059383901,0.5000302940616099,0.0,0.0,0.0,0.0
2010_004662_boat,0.0,0.0,0.0,0.0,0.5000461339950562,0.49995386600494385,0.0,0.0,0.0,0.0
2010_004697_motorbike,0.0,0.0,0.0,0.0,0.0,0.5000666379928589,0.4999333620071411,0.0,0.0,0.0
2010_004697_person,0.0,0.0,0.0,0.0,0.5000482499628216,0.4999517500371784,0.0,0.0,0.0,0.0
2010_004757_pottedplant,0.0,0.0,0.0,0.0,0.5000773370219864,0.0,0.0,0.0,0.0,0.4999226629780136
2010_004757_sofa,0.0,0.0,0.0,0.0,0.4991076737908222,0.0,0.5008923262091778,0.0,0.0,0.0
2010_004763_chair,0.5019577145576477,0.0,0.0,0.0,0.0,0.4980422854423523,0.0,0.0,0.0,0.0
2010_004772_boat,0.0,0.0,0.0,0.0,0.5001012682914734,0.0,0.4998987317085266,0.0,0.0,0.0
2010_004783_chair,0.0,0.0,0.0,0.0,0.49975645542144775,0.5002435445785522,0.0,0.0,0.0,0.0
2010_004789_cow,0.0,0.0,0.0,0.0,0.5007351636886597,0.49926483631134033,0.0,0.0,0.0,0.0
2010_004795_dog,0.0,0.49997884035110474,0.0,0.0,0.0,0.0,0.5000211596488953,0.0,0.0,0.0
2010_004815_cat,0.0,0.0,0.0,0.0,0.4999796748161316,0.5000203251838684,0.0,0.0,0.0,0.0
2010_004815_person,0.4996271878592018,0.0,0.0,0.0,0.5003728121407982,0.0,0.0,0.0,0.0,0.0
2010_004825_chair,0.0,0.0,0.0,0.0,0.49984647334079524,0.0,0.5001535266592048,0.0,0.0,0.0
2010_004825_pottedplant,0.0,0.0,0.0,0.0,0.5000488609060985,0.0,0.49995113909390154,0.0,0.0,0.0
2010_004828_bottle,0.0,0.0,0.0,0.0,0.4996611475944519,0.5003388524055481,0.0,0.0,0.0,0.0
2010_004828_person,0.0,0.0,0.0,0.0,0.49996650218963623,0.0,0.5000334978103638,0.0,0.0,0.0
2010_004856_horse,0.0,0.0,0.0,0.0,0.49978323281457326,0.5002167671854267,0.0,0.0,0.0,0.0
2010_004861_cat,0.0,0.0,0.0,0.0,0.5005991458892822,0.4994008541107178,0.0,0.0,0.0,0.0
2010_004941_motorbike,0.0,0.0,0.0,0.0,0.5006142258644104,0.4993857741355896,0.0,0.0,0.0,0.0
2010_004946_car,0.0,0.499641984722496,0.0,0.0,0.0,0.0,0.500358015277504,0.0,0.0,0.0
2010_004951_train,0.0,0.0,0.0,0.0,0.5002157539064958,0.0,0.49978424609350425,0.0,0.0,0.0
2010_004980_train,0.5010665357748589,0.0,0.0,0.0,0.0,0.49893346422514107,0.0,0.0,0.0,0.0
2010_004994_bird,0.0,0.0,0.0,0.0,0.5001621097277966,0.4998378902722034,0.0,0.0,0.0,0.0
2010_005013_car,0.0,0.0,0.0,0.0,0.49910531935409663,0.0,0.5008946806459034,0.0,0.0,0.0
2010_005021_cat,0.0,0.0,0.0,0.0,0.5004885792732239,0.4995114207267761,0.0,0.0,0.0,0.0
2010_005021_chair,0.0,0.0,0.0,0.0,0.5001785755157471,0.49982142448425293,0.0,0.0,0.0,0.0
2010_005046_person,0.0,0.0,0.0,0.0,0.4999481886609849,0.5000518113390151,0.0,0.0,0.0,0.0
2010_005063_bus,0.4989914894104004,0.0,0.0,0.0,0.0,0.5010085105895996,0.0,0.0,0.0,0.0
2010_005108_cat,0.0,0.0,0.0,0.0,0.4999913126232829,0.5000086873767171,0.0,0.0,0.0,0.0
2010_005118_bus,0.0,0.0,0.0,0.0,0.500606119632721,0.49939388036727905,0.0,0.0,0.0,0.0
2010_005118_person,0.0,0.5002654790878296,0.0,0.0,0.4997345209121704,0.0,0.0,0.0,0.0,0.0
2010_005159_dog,0.0,0.0,0.0,0.0,0.500089377170168,0.0,0.499910622829832,0.0,0.0,0.0
2010_005160_bus,0.0,0.0,0.0,0.0,0.5003827214241028,0.0,0.4996172785758972,0.0,0.0,0.0
2010_005160_motorbike,0.0,0.0,0.0,0.0,0.5000400394189346,0.4999599605810654,0.0,0.0,0.0,0.0
2010_005166_person,0.5006996393203735,0.0,0.0,0.0,0.0,0.0,0.49930036067962646,0.0,0.0,0.0
2010_005174_horse,0.0,0.0,0.0,0.0,0.5002044886289689,0.49979551137103106,0.0,0.0,0.0,0.0
2010_005180_sofa,0.4996159076690674,0.0,0.0,0.0,0.5003840923309326,0.0,0.0,0.0,0.0,0.0
2010_005187_pottedplant,0.0,0.4988641142845154,0.0,0.0,0.0,0.5011358857154846,0.0,0.0,0.0,0.0
2010_005206_dog,0.0,0.0,0.0,0.0,0.500509962424339,0.499490037575661,0.0,0.0,0.0,0.0
2010_005245_dog,0.0,0.5002076774897479,0.0,0.0,0.4997923225102521,0.0,0.0,0.0,0.0,0.0
2010_005245_person,0.0,0.5003188699388841,0.0,0.0,0.4996811300611159,0.0,0.0,0.0,0.0,0.0
2010_005252_boat,0.0,0.0,0.0,0.0,0.4996680021286011,0.0,0.5003319978713989,0.0,0.0,0.0
2010_005252_motorbike,0.0,0.500203296536109,0.0,0.0,0.49979670346389105,0.0,0.0,0.0,0.0,0.0
2010_005252_person,0.0,0.0,0.0,0.0,0.49955011905580404,0.0,0.500449880944196,0.0,0.0,0.0
2010_005284_bus,0.0,0.0,0.0,0.0,0.49984753131866455,0.5001524686813354,0.0,0.0,0.0,0.0
2010_005284_car,0.4995572566986084,0.0,0.0,0.0,0.5004427433013916,0.0,0.0,0.0,0.0,0.0
2010_005284_person,0.0,0.0,0.0,0.0,0.49906957149505615,0.5009304285049438,0.0,0.0,0.0,0.0
2010_005344_cat,0.0,0.0,0.0,0.0,0.5003982186317444,0.0,0.4996017813682556,0.0,0.0,0.0
2010_005353_bird,0.0,0.0,0.0,0.0,0.4993058293850967,0.0,0.5006941706149033,0.0,0.0,0.0
2010_005366_motorbike,0.0,0.0,0.0,0.0,0.500222384929657,0.499777615070343,0.0,0.0,0.0,0.0
2010_005401_boat,0.0,0.0,0.0,0.0,0.5000002235174112,0.0,0.49999977648258875,0.0,0.0,0.0
2010_005421_cat,0.0,0.5000882744789124,0.0,0.0,0.49991172552108765,0.0,0.0,0.0,0.0,0.0
2010_005428_bird,0.0,0.0,0.0,0.0,0.5001959800720215,0.4998040199279785,0.0,0.0,0.0,0.0
2010_005432_car,0.0,0.0,0.0,0.0,0.49993164837564086,0.5000683516243591,0.0,0.0,0.0,0.0
2010_005433_motorbike,0.0,0.0,0.0,0.0,0.5000655055046082,0.49993449449539185,0.0,0.0,0.0,0.0
2010_005496_bottle,0.0,0.500169038772583,0.0,0.0,0.0,0.0,0.499830961227417,0.0,0.0,0.0
2010_005501_car,0.0,0.0,0.0,0.0,0.5004358738530912,0.4995641261469088,0.0,0.0,0.0,0.0
2010_005501_motorbike,0.0,0.0,0.0,0.0,0.5002788305282593,0.4997211694717407,0.0,0.0,0.0,0.0
2010_005508_cat,0.0,0.0,0.0,0.0,0.4999526292099765,0.5000473707900235,0.0,0.0,0.0,0.0
2010_005531_bird,0.0,0.0,0.0,0.0,0.4997845143015538,0.5002154856984462,0.0,0.0,0.0,0.0
2010_005534_aeroplane,0.0,0.0,0.0,0.0,0.5006725192070007,0.0,0.49932748079299927,0.0,0.0,0.0
2010_005575_dog,0.0,0.0,0.0,0.0,0.4994950294494629,0.0,0.5005049705505371,0.0,0.0,0.0
2010_005582_person,0.0,0.0,0.0,0.0,0.5001964420021641,0.49980355799783593,0.0,0.0,0.0,0.0
2010_005606_cat,0.0,0.0,0.0,0.0,0.5003601908683777,0.0,0.0,0.0,0.0,0.4996398091316223
2010_005606_person,0.0,0.0,0.0,0.0,0.49989110231399536,0.5001088976860046,0.0,0.0,0.0,0.0
2010_005606_sofa,0.0,0.0,0.0,0.0,0.5001158267294117,0.0,0.0,0.0,0.0,0.4998841732705883
2010_005626_person,0.0,0.0,0.0,0.0,0.49954813718795776,0.5004518628120422,0.0,0.0,0.0,0.0
2010_005664_bicycle,0.0,0.0,0.0,0.0,0.49980586767196655,0.5001941323280334,0.0,0.0,0.0,0.0
2010_005705_boat,0.49991033971042453,0.0,0.0,0.0,0.5000896602895755,0.0,0.0,0.0,0.0,0.0
2010_005706_train,0.0,0.0,0.0,0.0,0.5001097321510315,0.0,0.4998902678489685,0.0,0.0,0.0
2010_005709_person,0.0,0.0,0.0,0.0,0.5001586079597473,0.4998413920402527,0.0,0.0,0.0,0.0
2010_005718_aeroplane,0.0,0.0,0.0,0.0,0.5002790838563169,0.4997209161436831,0.0,0.0,0.0,0.0
2010_005719_sheep,0.0,0.0,0.0,0.0,0.49953603744506836,0.5004639625549316,0.0,0.0,0.0,0.0
2010_005727_train,0.0,0.0,0.0,0.0,0.5003240704536438,0.0,0.4996759295463562,0.0,0.0,0.0
2010_005762_bottle,0.0,0.5005614757537842,0.0,0.0,0.0,0.4994385242462158,0.0,0.0,0.0,0.0
2010_005788_sheep,0.0,0.0,0.0,0.0,0.5003540068970325,0.49964599310296753,0.0,0.0,0.0,0.0
2010_005860_car,0.0,0.0,0.0,0.0,0.5003052800802803,0.4996947199197197,0.0,0.0,0.0,0.0
2010_005860_pottedplant,0.0,0.0,0.0,0.0,0.5002992153167725,0.0,0.49970078468322754,0.0,0.0,0.0
2010_005871_person,0.0,0.0,0.0,0.0,0.5005184114288337,0.4994815885711663,0.0,0.0,0.0,0.0
2010_005871_train,0.4995749592781067,0.0,0.0,0.0,0.0,0.5004250407218933,0.0,0.0,0.0,0.0
2010_005877_aeroplane,0.0,0.0,0.0,0.0,0.49928122758865356,0.0,0.5007187724113464,0.0,0.0,0.0
2010_005888_aeroplane,0.0,0.5003013759941273,0.0,0.0,0.4996986240058727,0.0,0.0,0.0,0.0,0.0
2010_005899_cat,0.0,0.0,0.0,0.0,0.5002436637878418,0.4997563362121582,0.0,0.0,0.0,0.0
2010_005991_dog,0.0,0.0,0.0,0.0,0.5001415014266968,0.4998584985733032,0.0,0.0,0.0,0.0
2010_005991_person,0.0,0.0,0.0,0.0,0.0,0.49999430775608467,0.5000056922439153,0.0,0.0,0.0
2010_005991_sofa,0.5008898973464966,0.0,0.0,0.0,0.0,0.4991101026535034,0.0,0.0,0.0,0.0
2010_005992_dog,0.0,0.0,0.0,0.0,0.4999185055470021,0.5000814944529979,0.0,0.0,0.0,0.0
2010_006026_sheep,0.0,0.0,0.0,0.0,0.49952131509780884,0.0,0.5004786849021912,0.0,0.0,0.0
2010_006034_aeroplane,0.0,0.0,0.0,0.0,0.5001234859191332,0.49987651408086675,0.0,0.0,0.0,0.0
2010_006054_train,0.0,0.0,0.0,0.0,0.4999213218688965,0.0,0.5000786781311035,0.0,0.0,0.0
2010_006070_bicycle,0.0,0.0,0.0,0.0,0.4998863488469616,0.0,0.5001136511530384,0.0,0.0,0.0
2011_000045_dog,0.0,0.0,0.0,0.0,0.5007733553417517,0.4992266446582483,0.0,0.0,0.0,0.0
2011_000051_person,0.0,0.0,0.0,0.0,0.49997544288635254,0.5000245571136475,0.0,0.0,0.0,0.0
2011_000054_person,0.0,0.0,0.0,0.0,0.500367283821106,0.49963271617889404,0.0,0.0,0.0,0.0
2011_000066_bottle,0.5003418326377869,0.0,0.0,0.0,0.0,0.0,0.49965816736221313,0.0,0.0,0.0
2011_000070_sofa,0.0,0.0,0.0,0.0,0.4997793585127783,0.0,0.5002206414872217,0.0,0.0,0.0
2011_000112_bird,0.0,0.49933427572250366,0.0,0.0,0.0,0.0,0.5006657242774963,0.0,0.0,0.0
2011_000173_sofa,0.0,0.0,0.0,0.0,0.5000614523887634,0.4999385476112366,0.0,0.0,0.0,0.0
2011_000178_bus,0.50026710332236,0.0,0.0,0.0,0.0,0.49973289667764,0.0,0.0,0.0,0.0
2011_000178_person,0.0,0.0,0.0,0.0,0.49970994888871756,0.0,0.5002900511112824,0.0,0.0,0.0
2011_000185_bird,0.501620888710022,0.0,0.0,0.0,0.0,0.0,0.498379111289978,0.0,0.0,0.0
2011_000226_chair,0.0,0.0,0.0,0.0,0.4995760917663574,0.5004239082336426,0.0,0.0,0.0,0.0
2011_000226_diningtable,0.0,0.0,0.0,0.0,0.5005475581018661,0.49945244189813387,0.0,0.0,0.0,0.0
2011_000234_boat,0.0,0.0,0.0,0.0,0.5003324151039124,0.49966758489608765,0.0,0.0,0.0,0.0
2011_000239_bus,0.0,0.0,0.0,0.0,0.5006150901684219,0.4993849098315781,0.0,0.0,0.0,0.0
2011_000239_car,0.0,0.0,0.0,0.0,0.0,0.49961420891369634,0.5003857910863037,0.0,0.0,0.0
2011_000248_bus,0.0,0.0,0.0,0.0,0.4996891170832778,0.5003108829167222,0.0,0.0,0.0,0.0
2011_000248_person,0.0,0.0,0.0,0.0,0.4994867444038391,0.0,0.5005132555961609,0.0,0.0,0.0
2011_000283_train,0.0,0.0,0.0,0.0,0.49974845349039,0.50025154650961,0.0,0.0,0.0,0.0
2011_000312_bus,0.0,0.0,0.0,0.0,0.49894477430150586,0.5010552256984941,0.0,0.0,0.0,0.0
2011_000338_chair,0.0,0.0,0.0,0.0,0.5001294314938445,0.4998705685061555,0.0,0.0,0.0,0.0
2011_000396_horse,0.0,0.0,0.0,0.0,0.4992210865020752,0.0,0.5007789134979248,0.0,0.0,0.0
2011_000412_bicycle,0.0,0.0,0.0,0.0,0.5001422166824341,0.0,0.4998577833175659,0.0,0.0,0.0
2011_000419_cat,0.0,0.0,0.0,0.0,0.5002141445811348,0.4997858554188652,0.0,0.0,0.0,0.0
2011_000435_boat,0.0,0.0,0.0,0.0,0.4999911487097233,0.0,0.5000088512902767,0.0,0.0,0.0
2011_000435_person,0.0,0.0,0.0,0.0,0.5006718486347244,0.49932815136527564,0.0,0.0,0.0,0.0
2011_000436_sheep,0.0,0.500397801399231,0.0,0.0,0.0,0.0,0.49960219860076904,0.0,0.0,0.0
2011_000438_person,0.0,0.0,0.0,0.0,0.5001393854701153,0.49986061452988473,0.0,0.0,0.0,0.0
2011_000455_motorbike,0.4995418340104272,0.0,0.0,0.0,0.0,0.5004581659895728,0.0,0.0,0.0,0.0
2011_000455_person,0.0,0.0,0.0,0.0,0.4996720552444458,0.5003279447555542,0.0,0.0,0.0,0.0
2011_000456_bird,0.0,0.49949729442596436,0.0,0.0,0.5005027055740356,0.0,0.0,0.0,0.0,0.0
2011_000479_person,0.0,0.0,0.0,0.0,0.5001994371414185,0.0,0.49980056285858154,0.0,0.0,0.0
2011_000482_bird,0.0,0.0,0.0,0.0,0.5002830028533936,0.49971699714660645,0.0,0.0,0.0,0.0
2011_000503_car,0.0,0.0,0.0,0.0,0.5000007748603821,0.4999992251396179,0.0,0.0,0.0,0.0
2011_000512_motorbike,0.0,0.0,0.0,0.0,0.5000498741850294,0.49995012581497056,0.0,0.0,0.0,0.0
2011_000521_train,0.0,0.0,0.0,0.0,0.49989527463912964,0.5001047253608704,0.0,0.0,0.0,0.0
2011_000526_horse,0.0,0.0,0.0,0.0,0.5003399699825057,0.49966003001749426,0.0,0.0,0.0,0.0
2011_000536_dog,0.0,0.0,0.0,0.0,0.5006837844848633,0.0,0.0,0.0,0.0,0.4993162155151367
2011_000548_cow,0.49963682889938354,0.0,0.0,0.0,0.0,0.5003631711006165,0.0,0.0,0.0,0.0
2011_000566_cow,0.0,0.0,0.0,0.0,0.500058069826903,0.49994193017309696,0.0,0.0,0.0,0.0
2011_000566_person,0.0,0.5001012086868286,0.0,0.0,0.4998987913131714,0.0,0.0,0.0,0.0,0.0
2011_000585_bicycle,0.0,0.0,0.0,0.0,0.5003162473345921,0.4996837526654079,0.0,0.0,0.0,0.0
2011_000585_person,0.0,0.500048235060222,0.0,0.0,0.499951764939778,0.0,0.0,0.0,0.0,0.0
2011_000607_chair,0.0,0.49913103881087784,0.0,0.0,0.0,0.5008689611891222,0.0,0.0,0.0,0.0
2011_000618_motorbike,0.5026745496586233,0.0,0.0,0.0,0.0,0.49732545034137665,0.0,0.0,0.0,0.0
2011_000618_person,0.0,0.5001243948936462,0.0,0.0,0.49987560510635376,0.0,0.0,0.0,0.0,0.0
2011_000638_person,0.0,0.0,0.0,0.0,0.49963754415512085,0.5003624558448792,0.0,0.0,0.0,0.0
2011_000658_car,0.0,0.0,0.0,0.0,0.0,0.4996979087501141,0.5003020912498859,0.0,0.0,0.0
2011_000661_cat,0.0,0.0,0.0,0.0,0.5004827380180359,0.4995172619819641,0.0,0.0,0.0,0.0
2011_000669_bird,0.0,0.5001155734062195,0.0,0.0,0.0,0.4998844265937805,0.0,0.0,0.0,0.0
2011_000747_pottedplant,0.0,0.0,0.0,0.0,0.5003365725178548,0.0,0.4996634274821452,0.0,0.0,0.0
2011_000780_cat,0.0,0.0,0.0,0.0,0.5005207508647218,0.4994792491352782,0.0,0.0,0.0,0.0
2011_000789_cat,0.0,0.0,0.0,0.0,0.5002591162997221,0.0,0.4997408837002779,0.0,0.0,0.0
2011_000807_aeroplane,0.0,0.0,0.0,0.0,0.0,0.4999584108603474,0.5000415891396526,0.0,0.0,0.0
2011_000809_person,0.0,0.0,0.0,0.0,0.5006408095359802,0.0,0.4993591904640198,0.0,0.0,0.0
2011_000813_cat,0.49959611892700195,0.0,0.0,0.0,0.500403881072998,0.0,0.0,0.0,0.0,0.0
2011_000813_chair,0.49963185188960146,0.0,0.0,0.0,0.5003681481103985,0.0,0.0,0.0,0.0,0.0
2011_000830_bus,0.0,0.0,0.0,0.0,0.500469446182251,0.499530553817749,0.0,0.0,0.0,0.0
2011_000843_person,0.0,0.0,0.0,0.0,0.5004828125382308,0.4995171874617692,0.0,0.0,0.0,0.0
2011_000874_aeroplane,0.0,0.0,0.0,0.0,0.4994986057281494,0.0,0.5005013942718506,0.0,0.0,0.0
2011_000888_bus,0.0,0.0,0.0,0.0,0.5002772808074951,0.4997227191925049,0.0,0.0,0.0,0.0
2011_000900_car,0.0,0.0,0.0,0.0,0.49976587295532227,0.5002341270446777,0.0,0.0,0.0,0.0
2011_000953_diningtable,0.0,0.0,0.0,0.0,0.49982744455337524,0.5001725554466248,0.0,0.0,0.0,0.0
2011_000953_person,0.0,0.0,0.0,0.0,0.49976454674495896,0.500235453255041,0.0,0.0,0.0,0.0
2011_000969_bus,0.0,0.49990828335558524,0.0,0.0,0.0,0.0,0.5000917166444148,0.0,0.0,0.0
2011_001005_sofa,0.0,0.0,0.0,0.0,0.5004569292068481,0.49954307079315186,0.0,0.0,0.0,0.0
2011_001014_dog,0.0,0.5001281052866013,0.0,0.0,0.0,0.0,0.49987189471339866,0.0,0.0,0.0
2011_001020_sheep,0.0,0.4999265670776367,0.0,0.0,0.0,0.5000734329223633,0.0,0.0,0.0,0.0
2011_001047_cow,0.0,0.0,0.0,0.0,0.5006773471832275,0.49932265281677246,0.0,0.0,0.0,0.0
2011_001060_person,0.0,0.0,0.0,0.0,0.49996890127751525,0.5000310987224847,0.0,0.0,0.0,0.0
2011_001064_bus,0.0,0.0,0.0,0.0,0.5001839399337769,0.49981606006622314,0.0,0.0,0.0,0.0
2011_001069_person,0.0,0.0,0.0,0.0,0.500452995300293,0.0,0.49954700469970703,0.0,0.0,0.0
2011_001071_chair,0.0,0.0,0.0,0.0,0.49989545345306396,0.500104546546936,0.0,0.0,0.0,0.0
2011_001071_person,0.0,0.0,0.0,0.0,0.5000103116035461,0.49998968839645386,0.0,0.0,0.0,0.0
2011_001082_train,0.0,0.5002515166922952,0.0,0.0,0.0,0.0,0.4997484833077048,0.0,0.0,0.0
2011_001110_car,0.0,0.0,0.0,0.0,0.49992473423705297,0.500075265762947,0.0,0.0,0.0,0.0
2011_001114_aeroplane,0.0,0.0,0.0,0.0,0.49892425537109375,0.0,0.5010757446289062,0.0,0.0,0.0
2011_001159_cow,0.0,0.0,0.0,0.0,0.5003319829603439,0.49966801703965613,0.0,0.0,0.0,0.0
2011_001159_person,0.0,0.4999663233757019,0.0,0.0,0.5000336766242981,0.0,0.0,0.0,0.0,0.0
2011_001232_cow,0.0,0.0,0.0,0.0,0.4999092221260071,0.5000907778739929,0.0,0.0,0.0,0.0
2011_001263_aeroplane,0.0,0.5000088959934978,0.0,0.0,0.0,0.0,0.49999110400650215,0.0,0.0,0.0
2011_001276_person,0.0,0.0,0.0,0.0,0.49966901540756226,0.5003309845924377,0.0,0.0,0.0,0.0
2011_001281_train,0.0,0.0,0.0,0.0,0.5001392364501953,0.4998607635498047,0.0,0.0,0.0,0.0
2011_001287_bird,0.0,0.0,0.0,0.0,0.5004326552023692,0.0,0.49956734479763076,0.0,0.0,0.0
2011_001292_cat,0.0,0.0,0.0,0.0,0.5003459304468056,0.49965406955319436,0.0,0.0,0.0,0.0
2011_001313_car,0.0,0.5027150811383176,0.0,0.0,0.0,0.49728491886168236,0.0,0.0,0.0,0.0
2011_001341_bus,0.0,0.0,0.0,0.0,0.4998425841331482,0.5001574158668518,0.0,0.0,0.0,0.0
2011_001346_chair,0.0,0.499647855758667,0.0,0.0,0.500352144241333,0.0,0.0,0.0,0.0,0.0
2011_001346_person,0.0,0.4995608329772949,0.0,0.0,0.5004391670227051,0.0,0.0,0.0,0.0,0.0
2011_001350_sheep,0.5000119060274391,0.0,0.0,0.0,0.0,0.49998809397256094,0.0,0.0,0.0,0.0
2011_001407_aeroplane,0.0,0.0,0.0,0.0,0.4998977780342102,0.0,0.5001022219657898,0.0,0.0,0.0
2011_001416_person,0.0,0.0,0.0,0.0,0.5002098083496094,0.4997901916503906,0.0,0.0,0.0,0.0
2011_001421_bird,0.0,0.0,0.0,0.0,0.4997880458831787,0.5002119541168213,0.0,0.0,0.0,0.0
2011_001434_aeroplane,0.0,0.0,0.0,0.0,0.5004521012306213,0.0,0.49954789876937866,0.0,0.0,0.0
2011_001447_person,0.0,0.0,0.0,0.0,0.500261530272319,0.499738469727681,0.0,0.0,0.0,0.0
2011_001529_person,0.0,0.5003855228424072,0.0,0.0,0.4996144771575928,0.0,0.0,0.0,0.0,0.0
2011_001530_person,0.0,0.0,0.0,0.0,0.49962592124938965,0.5003740787506104,0.0,0.0,0.0,0.0
2011_001534_cat,0.0,0.0,0.0,0.0,0.5003217011786014,0.4996782988213986,0.0,0.0,0.0,0.0
2011_001546_cow,0.49976176023483276,0.0,0.0,0.0,0.0,0.5002382397651672,0.0,0.0,0.0,0.0
2011_001567_person,0.0,0.0,0.0,0.0,0.4998805969917952,0.5001194030082048,0.0,0.0,0.0,0.0
2011_001567_sofa,0.0,0.0,0.0,0.0,0.4999396800994873,0.5000603199005127,0.0,0.0,0.0,0.0
2011_001589_boat,0.0,0.49993710219672627,0.0,0.0,0.0,0.0,0.5000628978032737,0.0,0.0,0.0
2011_001597_cat,0.0,0.0,0.49984681606292725,0.0,0.0,0.0,0.5001531839370728,0.0,0.0,0.0
2011_001601_cat,0.0,0.0,0.0,0.0,0.5001989603042603,0.49980103969573975,0.0,0.0,0.0,0.0
2011_001601_sofa,0.499835416669709,0.0,0.0,0.0,0.0,0.0,0.500164583330291,0.0,0.0,0.0
2011_001607_cat,0.0,0.0,0.0,0.0,0.5005521327421705,0.4994478672578295,0.0,0.0,0.0,0.0
2011_001613_boat,0.0,0.5002656728108428,0.0,0.0,0.0,0.4997343271891572,0.0,0.0,0.0,0.0
2011_001614_train,0.0,0.0,0.0,0.0,0.500459611415863,0.49954038858413696,0.0,0.0,0.0,0.0
2011_001619_person,0.49990367889404297,0.0,0.0,0.0,0.0,0.500096321105957,0.0,0.0,0.0,0.0
2011_001642_dog,0.0,0.0,0.0,0.0,0.5007808208465576,0.4992191791534424,0.0,0.0,0.0,0.0
2011_001665_chair,0.0,0.0,0.0,0.0,0.4992285370826721,0.0,0.5007714629173279,0.0,0.0,0.0
2011_001674_person,0.0,0.0,0.0,0.0,0.5002736002288342,0.0,0.49972639977116584,0.0,0.0,0.0
2011_001674_sofa,0.0,0.5006369352340698,0.0,0.0,0.0,0.4993630647659302,0.0,0.0,0.0,0.0
2011_001708_cow,0.4994525611726903,0.0,0.0,0.0,0.5005474388273097,0.0,0.0,0.0,0.0,0.0
2011_001713_pottedplant,0.0,0.49988025426864624,0.0,0.0,0.5001197457313538,0.0,0.0,0.0,0.0,0.0
2011_001713_sofa,0.0,0.0,0.0,0.0,0.49992531538009644,0.5000746846199036,0.0,0.0,0.0,0.0
2011_001714_dog,0.0,0.0,0.0,0.0,0.5002630949020386,0.0,0.4997369050979614,0.0,0.0,0.0
2011_001714_person,0.0,0.0,0.0,0.0,0.0,0.4999932050704956,0.5000067949295044,0.0,0.0,0.0
2011_001722_horse,0.0,0.0,0.0,0.0,0.5002641677856445,0.49973583221435547,0.0,0.0,0.0,0.0
2011_001726_pottedplant,0.4995870590209961,0.0,0.0,0.0,0.5004129409790039,0.0,0.0,0.0,0.0,0.0
2011_001745_dog,0.0,0.0,0.0,0.0,0.4998851567541016,0.5001148432458984,0.0,0.0,0.0,0.0
2011_001775_cat,0.0,0.0,0.0,0.0,0.5003892183303833,0.0,0.4996107816696167,0.0,0.0,0.0
2011_001782_cow,0.0,0.49978713690600207,0.0,0.0,0.0,0.0,0.5002128630939979,0.0,0.0,0.0
2011_001793_boat,0.0,0.0,0.0,0.0,0.500036135316972,0.499963864683028,0.0,0.0,0.0,0.0
2011_001794_person,0.0,0.49997586011886597,0.0,0.0,0.500024139881134,0.0,0.0,0.0,0.0,0.0
2011_001812_chair,0.49972885847091675,0.0,0.0,0.0,0.5002711415290833,0.0,0.0,0.0,0.0,0.0
2011_001862_chair,0.4996127486228943,0.0,0.0,0.0,0.5003872513771057,0.0,0.0,0.0,0.0,0.0
2011_001862_pottedplant,0.49959707260131836,0.0,0.0,0.0,0.5004029273986816,0.0,0.0,0.0,0.0,0.0
2011_001862_sofa,0.0,0.0,0.0,0.0,0.5000818967819214,0.4999181032180786,0.0,0.0,0.0,0.0
2011_001863_pottedplant,0.0,0.0,0.0,0.0,0.5001497864723206,0.49985021352767944,0.0,0.0,0.0,0.0
2011_001880_aeroplane,0.0,0.0,0.0,0.0,0.4995213747024536,0.5004786252975464,0.0,0.0,0.0,0.0
2011_001984_dog,0.0,0.0,0.0,0.0,0.5001160502433777,0.4998839497566223,0.0,0.0,0.0,0.0
2011_001988_bicycle,0.4997049570083618,0.0,0.0,0.0,0.5002950429916382,0.0,0.0,0.0,0.0,0.0
2011_001988_person,0.0,0.0,0.0,0.0,0.5003535598411095,0.4996464401588905,0.0,0.0,0.0,0.0
2011_002002_bicycle,0.49957191944122314,0.0,0.0,0.0,0.5004280805587769,0.0,0.0,0.0,0.0,0.0
2011_002002_person,0.0,0.0,0.0,0.0,0.5006092637595754,0.0,0.4993907362404246,0.0,0.0,0.0
2011_002040_dog,0.0,0.0,0.0,0.0,0.5005016326904297,0.0,0.4994983673095703,0.0,0.0,0.0
2011_002064_bicycle,0.0,0.0,0.0,0.0,0.5002084970474243,0.4997915029525757,0.0,0.0,0.0,0.0
2011_002064_car,0.0,0.0,0.0,0.0,0.0,0.5005943625988256,0.4994056374011744,0.0,0.0,0.0
2011_002075_person,0.0,0.0,0.0,0.0,0.5003111362457275,0.49968886375427246,0.0,0.0,0.0,0.0
2011_002110_dog,0.0,0.0,0.0,0.0,0.5005063414573669,0.49949365854263306,0.0,0.0,0.0,0.0
2011_002110_person,0.0,0.0,0.0,0.0,0.4998145550434159,0.5001854449565841,0.0,0.0,0.0,0.0
2011_002124_sofa,0.0,0.0,0.0,0.0,0.5000914335250854,0.49990856647491455,0.0,0.0,0.0,0.0
2011_002150_bicycle,0.0,0.4997880458831787,0.0,0.0,0.0,0.0,0.5002119541168213,0.0,0.0,0.0
2011_002156_dog,0.0,0.0,0.0,0.0,0.5006958246231079,0.4993041753768921,0.0,0.0,0.0,0.0
2011_002200_chair,0.0,0.4994314908981323,0.0,0.0,0.0,0.0,0.5005685091018677,0.0,0.0,0.0
2011_002200_diningtable,0.0,0.0,0.0,0.0,0.50007413327473,0.49992586672526995,0.0,0.0,0.0,0.0
2011_002200_person,0.49967513977513134,0.0,0.0,0.0,0.0,0.5003248602248687,0.0,0.0,0.0,0.0
2011_002247_person,0.0,0.0,0.0,0.0,0.5003129392955583,0.0,0.4996870607044417,0.0,0.0,0.0
2011_002247_train,0.0,0.0,0.0,0.0,0.4998073279972477,0.0,0.5001926720027523,0.0,0.0,0.0
2011_002279_dog,0.0,0.0,0.0,0.0,0.5001941919326782,0.4998058080673218,0.0,0.0,0.0,0.0
2011_002295_bird,0.0,0.5001539737032048,0.0,0.0,0.4998460262967952,0.0,0.0,0.0,0.0,0.0
2011_002298_dog,0.0,0.0,0.0,0.0,0.5004334449768066,0.0,0.49956655502319336,0.0,0.0,0.0
2011_002308_person,0.0,0.0,0.0,0.0,0.5005204081535339,0.49947959184646606,0.0,0.0,0.0,0.0
2011_002317_person,0.0,0.0,0.0,0.0,0.5003323554992676,0.4996676445007324,0.0,0.0,0.0,0.0
2011_002322_car,0.0,0.0,0.0,0.0,0.49998877942528663,0.5000112205747134,0.0,0.0,0.0,0.0
2011_002322_motorbike,0.0,0.0,0.0,0.0,0.5003675818443298,0.0,0.0,0.0,0.0,0.49963241815567017
2011_002322_person,0.49953699111938477,0.0,0.0,0.0,0.5004630088806152,0.0,0.0,0.0,0.0,0.0
2011_002327_aeroplane,0.0,0.0,0.0,0.0,0.49976493418917256,0.5002350658108274,0.0,0.0,0.0,0.0
2011_002343_chair,0.0,0.0,0.0,0.0,0.5000131130218506,0.4999868869781494,0.0,0.0,0.0,0.0
2011_002343_person,0.0,0.0,0.0,0.0,0.49997280538001077,0.5000271946199892,0.0,0.0,0.0,0.0
2011_002358_chair,0.0,0.0,0.0,0.0,0.5000797510147095,0.0,0.4999202489852905,0.0,0.0,0.0
2011_002358_person,0.0,0.0,0.0,0.0,0.5000356435775757,0.0,0.4999643564224243,0.0,0.0,0.0
2011_002371_dog,0.0,0.0,0.0,0.0,0.5007981061935425,0.0,0.4992018938064575,0.0,0.0,0.0
2011_002379_train,0.0,0.49954865871514853,0.0,0.0,0.0,0.0,0.5004513412848515,0.0,0.0,0.0
2011_002391_chair,0.4996522068977356,0.0,0.0,0.0,0.0,0.0,0.5003477931022644,0.0,0.0,0.0
2011_002391_pottedplant,0.0,0.49960543216450715,0.0,0.0,0.0,0.0,0.5003945678354929,0.0,0.0,0.0
2011_002391_sofa,0.0,0.0,0.0,0.0,0.0,0.5003062337545683,0.4996937662454317,0.0,0.0,0.0
2011_002498_person,0.0,0.0,0.499883770942688,0.0,0.0,0.0,0.500116229057312,0.0,0.0,0.0
2011_002509_person,0.0,0.4996524304047951,0.0,0.0,0.0,0.0,0.5003475695952049,0.0,0.0,0.0
2011_002515_aeroplane,0.0,0.49958406387520027,0.0,0.0,0.0,0.0,0.5004159361247997,0.0,0.0,0.0
2011_002532_person,0.0,0.0,0.0,0.0,0.49946656826337765,0.0,0.5005334317366223,0.0,0.0,0.0
2011_002535_train,0.0,0.4999423176067377,0.0,0.0,0.5000576823932623,0.0,0.0,0.0,0.0,0.0
2011_002548_bird,0.0,0.4998704642018814,0.0,0.0,0.0,0.0,0.5001295357981186,0.0,0.0,0.0
2011_002575_person,0.0,0.0,0.0,0.0,0.49994339049031167,0.5000566095096883,0.0,0.0,0.0,0.0
2011_002578_person,0.0,0.0,0.0,0.0,0.5002351999282837,0.4997648000717163,0.0,0.0,0.0,0.0
2011_002589_dog,0.0,0.0,0.0,0.0,0.5002716779708862,0.49972832202911377,0.0,0.0,0.0,0.0
2011_002592_car,0.0,0.0,0.0,0.0,0.0,0.5000520199521774,0.4999479800478226,0.0,0.0,0.0
2011_002623_person,0.0,0.0,0.0,0.0,0.5008023828028922,0.49919761719710776,0.0,0.0,0.0,0.0
2011_002641_person,0.0,0.0,0.0,0.0,0.5001293420791626,0.4998706579208374,0.0,0.0,0.0,0.0
2011_002644_sofa,0.0,0.0,0.0,0.0,0.50020371376861,0.49979628623139005,0.0,0.0,0.0,0.0
2011_002662_sheep,0.0,0.49996864795684814,0.0,0.0,0.0,0.5000313520431519,0.0,0.0,0.0,0.0
2011_002675_aeroplane,0.5012479721755998,0.0,0.0,0.0,0.0,0.4987520278244002,0.0,0.0,0.0,0.0
2011_002675_person,0.0,0.0,0.0,0.0,0.0,0.5000857561801149,0.49991424381988514,0.0,0.0,0.0
2011_002685_cat,0.0,0.0,0.0,0.0,0.5004109591123176,0.0,0.4995890408876824,0.0,0.0,0.0
2011_002713_bicycle,0.0,0.0,0.0,0.0,0.5002692490896359,0.4997307509103641,0.0,0.0,0.0,0.0
2011_002730_horse,0.0,0.5003456473350525,0.0,0.0,0.0,0.4996543526649475,0.0,0.0,0.0,0.0
2011_002754_boat,0.4996706247329712,0.0,0.0,0.0,0.5003293752670288,0.0,0.0,0.0,0.0,0.0
2011_002812_car,0.0,0.0,0.0,0.0,0.4999024718970797,0.0,0.5000975281029203,0.0,0.0,0.0
2011_002812_pottedplant,0.0,0.0,0.0,0.0,0.49949121475219727,0.0,0.5005087852478027,0.0,0.0,0.0
2011_002863_bottle,0.0,0.5003549605713773,0.0,0.0,0.0,0.0,0.4996450394286227,0.0,0.0,0.0
2011_002879_sofa,0.500132352105835,0.0,0.0,0.0,0.49986764789416505,0.0,0.0,0.0,0.0,0.0
2011_002885_cow,0.0,0.0,0.0,0.0,0.49993860721588135,0.5000613927841187,0.0,0.0,0.0,0.0
2011_002929_aeroplane,0.0,0.0,0.0,0.0,0.0,0.4999614506971404,0.5000385493028596,0.0,0.0,0.0
2011_002975_boat,0.0,0.0,0.0,0.0,0.5002868175506592,0.4997131824493408,0.0,0.0,0.0,0.0
2011_002997_person,0.0,0.0,0.0,0.0,0.5003945827484131,0.4996054172515869,0.0,0.0,0.0,0.0
2011_003003_bicycle,0.0,0.0,0.0,0.0,0.5004816651344299,0.49951833486557007,0.0,0.0,0.0,0.0
2011_003011_chair,0.0,0.0,0.0,0.0,0.4997662305831909,0.5002337694168091,0.0,0.0,0.0,0.0
2011_003019_car,0.0,0.0,0.0,0.0,0.49940809603977776,0.0,0.5005919039602222,0.0,0.0,0.0
2011_003019_cow,0.0,0.5005052089691162,0.0,0.0,0.4994947910308838,0.0,0.0,0.0,0.0,0.0
2011_003019_motorbike,0.0,0.5000223815427791,0.0,0.0,0.0,0.0,0.4999776184572209,0.0,0.0,0.0
2011_003019_person,0.0,0.5002357810665434,0.0,0.0,0.49976421893345657,0.0,0.0,0.0,0.0,0.0
2011_003030_bird,0.0,0.0,0.0,0.0,0.5004832595442754,0.4995167404557246,0.0,0.0,0.0,0.0
2011_003055_car,0.0,0.0,0.0,0.0,0.5002513826043238,0.4997486173956762,0.0,0.0,0.0,0.0
2011_003085_horse,0.0,0.0,0.0,0.0,0.5002080649075489,0.0,0.4997919350924511,0.0,0.0,0.0
2011_003103_chair,0.0,0.49982982873916626,0.0,0.0,0.0,0.0,0.5001701712608337,0.0,0.0,0.0
2011_003103_pottedplant,0.0,0.0,0.0,0.0,0.5000430345535278,0.0,0.49995696544647217,0.0,0.0,0.0
2011_003103_sofa,0.0,0.0,0.0,0.0,0.5005514770910584,0.0,0.4994485229089416,0.0,0.0,0.0
2011_003114_bus,0.0,0.0,0.0,0.0,0.4997979104639345,0.5002020895360655,0.0,0.0,0.0,0.0
2011_003114_person,0.0,0.0,0.0,0.0,0.5005993247032166,0.49940067529678345,0.0,0.0,0.0,0.0
2011_003145_bird,0.0,0.4989978372453354,0.0,0.0,0.0,0.0,0.5010021627546646,0.0,0.0,0.0
2011_003146_train,0.0,0.0,0.0,0.0,0.5002483874633428,0.49975161253665723,0.0,0.0,0.0,0.0
2011_003182_sofa,0.0,0.0,0.0,0.0,0.5001815408414143,0.0,0.4998184591585857,0.0,0.0,0.0
2011_003197_train,0.0,0.0,0.0,0.0,0.5002977698952624,0.0,0.4997022301047376,0.0,0.0,0.0
2011_003240_person,0.0,0.0,0.0,0.0,0.5000413656234741,0.4999586343765259,0.0,0.0,0.0,0.0
2011_003256_dog,0.0,0.0,0.0,0.0,0.5001777261442624,0.49982227385573763,0.0,0.0,0.0,0.0
2011_003256_sofa,0.0,0.0,0.0,0.0,0.0,0.499977707862854,0.500022292137146,0.0,0.0,0.0
2011_003271_bottle,0.5038961617977571,0.0,0.0,0.0,0.4961038382022429,0.0,0.0,0.0,0.0,0.0
