subdir,unrefined_iou,unrefined_boundary_iou,refined_iou,refined_boundary_iou
0_0_147,0.7363941038645194,0.5134559019451106,0.8780592837149214,0.7709732136546752
0_0_155,0.13194033335278865,0.0,0.006875049964025901,0.32664387017209484
0_0_272,0.9047828448744147,0.6968634686346864,0.9284440303473979,0.7830955212049148
0_0_280,0.9634018917729873,0.8630590833793484,0.9934720290636619,0.9751982001285623
0_0_284,0.8194454145421527,0.7822348107887417,0.6838468720821662,0.7471250365461456
0_0_307,0.8304510607951506,0.6382214677461479,0.9380807889247108,0.7364300626304802
0_0_355,0.8822881737650768,0.50947426067908,0.950380648993035,0.8142029439398685
0_0_431,0.6674948379190518,0.3568368842295119,0.9663513915024264,0.8608616145861345
0_0_547,0.9542352672569065,0.87470836978711,0.9799202023626359,0.9428473387219766
0_0_579,0.3507259392306541,0.024008180565229634,0.2861259677143625,0.0027034288209020385
0_0_610,0.8846031409168081,0.7121771217712177,0.9334468085106383,0.8266853105681483
0_0_735,0.7935255125635887,0.4872457349081365,0.8244602472932283,0.5563437809020164
0_0_77,0.8900525187233911,0.6442226198323759,0.9207914410930652,0.7459619709670824
0_0_775,0.8666950475379595,0.6737022987387737,0.9799030694668821,0.9471966527196652
0_0_818,0.6637800571716832,0.5557359138442328,0.7061925365062196,0.6980852518805561
0_0_840,0.8286611105097954,0.6749797633272945,0.9333374218079235,0.9086309234212319
0_0_899,0.8591400127091718,0.8848089468779125,0.9608240057156466,0.9705063626723224
0_0_951,0.6823610941258,0.44401765894295764,0.9469082180820665,0.8523040896545956
0_10_10134,0.89158924506245,0.7677176339285714,0.960008052070053,0.905224787363305
0_10_10135,0.8882036685641999,0.7332184596943362,0.8539484109516683,0.7378744357816988
0_10_10176,0.9292181871288092,0.7441109813886408,0.9869671322498572,0.8945583474641591
0_10_10283,0.3475702726719985,0.14846051410354708,0.5233330058525495,0.18803855237122613
0_10_10343,0.7424611993423311,0.49314311711945924,0.7542311267359354,0.46257854578096946
0_10_10392,0.6860950789793439,0.5125026791455312,0.9041606383445131,0.7821288176595101
0_10_10396,0.951462156713878,0.8310555963752143,0.9629710960445774,0.8783394778041513
0_10_10484,0.25710832392161526,0.3959594537519358,0.23909297804313975,0.18104544010168414
0_10_10507,0.8747923752273986,0.8323645227826739,0.9551368326603858,0.9523809523809523
0_10_10536,0.9671493345034372,0.8821659799882283,0.9602815029600097,0.870285781213399
0_10_10545,0.9384552886812573,0.8378016085790885,0.9792105405259464,0.9476727377854871
0_10_10600,0.8664697842428976,0.55625,0.9775720797561454,0.8907418878353266
0_10_10938,0.25174784769168546,0.11682575865507908,0.24525062621372887,0.0514483354950281
0_11_11060,0.8815632458233891,0.6439713166260073,0.9302564761843544,0.7978388496554071
0_11_11111,0.38067048452480534,0.39487823599190564,0.40552646085997796,0.4563806777217015
0_11_11136,0.8565970010999826,0.7638323733023304,0.8943753480601448,0.7220066362971711
0_11_11164,0.5310386291898391,0.40027144124862973,0.5591766723842195,0.46239090491502066
0_11_11179,0.6216090287844274,0.628012708150745,0.6813545491636067,0.6865788104733831
0_11_11219,0.9470875091195331,0.8573144229669449,0.934312459651388,0.7390954151177199
0_11_11263,0.08528182536993109,0.0,0.08772439435310521,0.0
0_11_11281,0.2231650599069825,0.04327987472325719,0.09505577613915674,0.15290969197670148
0_11_11297,0.9045415991980877,0.7921267402784445,0.9639409192177573,0.9148019749973737
0_11_11298,0.8531586223477791,0.6180540920266948,0.9307540983606557,0.77574644738943
0_11_11309,0.8729821902235695,0.605096011816839,0.9128356306270416,0.7091410495579528
0_11_11313,0.8097085495368799,0.35661916757529044,0.8739660768505916,0.5104910615268597
0_11_11325,0.8663841395099615,0.6982909984782864,0.9338751385297377,0.8365243983512831
0_11_11328,0.9059423224635151,0.6093503036353048,0.94552034428795,0.7888632184449997
0_11_11346,0.8864066365885607,0.7701590784421284,0.9098272963472414,0.8025876164071941
0_11_11425,0.6369255675337577,0.22434602296894937,0.8240115025161754,0.6813697970968
0_11_11435,0.16306747355446144,0.0,0.18493418480385768,0.16052875082617316
0_11_11459,0.7067721666278799,0.4456121679748126,0.9353844779851745,0.9021082703504141
0_11_11480,0.36438544044060134,0.08478113094203013,0.4588187538055612,0.2680001760408415
0_11_11517,0.3543396170969306,0.0,0.39264722642830396,0.04070428232937143
0_11_11533,0.3684645917841619,0.0,0.24517846800197096,0.24804492926877864
0_11_11557,0.9585987261146497,0.8418708240534521,0.9884164527987792,0.9567301109133233
0_11_11561,0.6619736916602186,0.23673907552412227,0.9642273268863089,0.8697590978985136
0_11_11571,0.5909339158929546,0.16180221025786343,0.6033355299842855,0.1503640164348014
0_11_11650,0.7285854512340788,0.3343760963629985,0.7322167276876991,0.23261536962136348
0_11_11830,0.9494842718944199,0.8061590267217033,0.9766450108279193,0.9047011767433772
0_11_11852,0.8071879325310249,0.5456868568271289,0.8455886003674098,0.7258973486137902
0_11_11875,0.4225125530151611,0.2546978654897716,0.5339411093214905,0.31017477699615636
0_11_11881,0.1217784406021345,0.009665924276169266,0.14251587145755612,0.06160458452722063
0_11_11924,0.5199943278502552,0.5466304378591039,0.5336900878446896,0.7374177561309067
0_11_11945,0.15527918781725888,0.031110665798306698,0.17952631115546033,0.0568636286824762
0_11_11981,0.461292098283541,0.49430354882360644,0.46080827601887114,0.48629124244856575
0_11_11987,0.2558858716507528,0.011627906976744186,0.5102513897328562,0.1902611952777499
0_12_12000,0.6017490186217398,0.3653792623521225,0.6110795909163648,0.4295686701463383
0_12_12048,0.8909816086860182,0.5843435806198022,0.9899953879447972,0.9481126275667036
0_12_12072,0.8970349055423495,0.8329996663329997,0.9542327862153511,0.9195568122799931
0_12_12144,0.3858307849133537,0.20953864411808337,0.4850367361567409,0.3937933823033897
0_12_12171,0.22261344565467767,0.3131612696377044,0.0,0.022085782459407555
0_12_12226,0.7924289706092312,0.598865374808771,0.9559110710530269,0.828779805766542
0_12_12322,0.9532872743481168,0.8222812790010968,0.9897971068508468,0.9507712944332662
0_12_12344,0.3888920665789624,0.4953379530530058,0.43394974530199903,0.4178582508390445
0_12_12372,0.16256561112072446,0.0,0.17160070763178406,0.15604234453049814
0_12_12424,0.9107749791793279,0.6557915057915058,0.9359610523359236,0.7752886438049285
0_12_12429,0.799018685728618,0.4754610277846078,0.8597515188750086,0.5709425939050319
0_12_12435,0.837369109947644,0.447334893780925,0.9745089314093192,0.8972926731078905
0_12_12484,0.952061855670103,0.832566450748269,0.9799432072933791,0.9354588622928578
0_12_12518,0.6646430661205384,0.2906419223826715,0.6870077547558464,0.40710420813591636
0_12_12597,0.2659812454032851,0.20419980698192952,0.2683242199062174,0.24075317059384604
0_12_12619,0.5725165341706193,0.41978039657322125,0.6827908502090678,0.5994609986779212
0_12_12649,0.8325357155517743,0.6353364367329666,0.9285095499360587,0.8455638069181161
0_12_12693,0.9400314641495348,0.8080551188384352,0.9795706468359758,0.935183349851338
0_12_12705,0.8556701030927835,0.4651838746366738,0.9302135864728567,0.7182486129854551
0_12_12750,0.9350530312950112,0.7507258399004563,0.9854880653849726,0.9508560693394816
0_12_12771,0.6474475662841314,0.32266188291303,0.6081623294738049,0.3732084414851597
0_12_12793,0.8524077763275401,0.5565045373190567,0.9750936478839564,0.9471267847232733
0_12_12816,0.9349452848406823,0.7787805160245285,0.9689228560570874,0.8735976065818998
0_12_12833,0.2541376578980281,0.308636858193876,0.0829002011126492,0.3365189101260675
0_12_12845,0.941415133347116,0.8057439028719514,0.9755301794453507,0.9268866983278126
0_12_12884,0.67412014022301,0.29339972942632625,0.9763072135286691,0.9007815154604145
0_12_12891,0.3627330773145792,0.059696389496717725,0.2935823620278051,0.013592884712200033
0_12_12892,0.4525220757227531,0.31638639030113413,0.4934683141398289,0.3888788535645472
0_12_12921,0.8927820602662929,0.8209653412715288,0.9370660551627492,0.8787440882816605
0_12_12923,0.8659627773801002,0.45215775694620386,0.9744498194453908,0.9231760763083269
0_12_12974,0.2002063723763024,0.0,0.00016281653449795044,0.3174823149795226
0_13_13027,0.5357279473643944,0.4553745928338762,0.9130200256220079,0.836662505201831
0_13_13036,0.7937467430953622,0.656025646814467,0.887941751021133,0.8338943877807365
0_13_13173,0.8336681927472744,0.7405507823984842,0.9107692307692308,0.8365374730132621
0_13_13198,0.9767887919052649,0.9060243682310469,0.993577173387899,0.9737847528360666
0_13_13223,0.9538526080268493,0.881377945451172,0.9850099771256144,0.9608443546810868
0_13_13235,0.4065018381027896,0.0,0.4319790421913779,0.0
0_13_13264,0.9550796350703572,0.9027522935779817,0.9699863574351978,0.9238158018645823
0_13_13295,0.8477408106930118,0.8496978851963746,0.9619354306002807,0.9642329293526456
0_13_13308,0.9042331714087439,0.7516620013995802,0.9841984732824427,0.955607476635514
0_13_13331,0.20244457557110343,0.0,0.2038346304988075,0.0
0_13_13339,0.8931412599440981,0.7261704007066571,0.9744191504341704,0.9402900199033267
0_13_13347,0.21416342253836904,0.10229898562644421,0.21726587461612432,0.08008148642478312
0_13_13349,0.17520910741249723,0.3588848594741614,0.1761718682756365,0.3574178846456074
0_13_13356,0.6402064986334649,0.543118946818999,0.5694775090840747,0.4367427062884993
0_13_13361,0.7371655906806108,0.6138702287112181,0.8224334293637758,0.7344720167835724
0_13_13368,0.9406279553622092,0.741461002842899,0.9770058128039859,0.919442761962447
0_13_13386,0.9734329797492768,0.8728633559219177,0.9924570298009151,0.9668195306177502
0_13_13400,0.9044900386559619,0.7402982859686874,0.9115599751398384,0.7785798352295018
0_13_13420,0.2026090637672118,0.10163749294184077,0.2039289999215097,0.009798973841365969
0_13_13422,0.4637609428650973,0.2789989375516468,0.6453951398815602,0.4954093489275782
0_13_13450,0.6992784801747535,0.437508776857183,0.9782263339874778,0.9224209998328039
0_13_13453,0.9645831966944317,0.9078823226691826,0.9889061760129879,0.9687472015760723
0_13_13460,0.5090606208353649,0.24698426573426574,0.7093753568573713,0.5910846953937593
0_13_13515,0.9661583183287415,0.852307545001915,0.9912668657252542,0.9597360073672363
0_13_13553,0.9854559962279891,0.9266666666666666,0.9788250863907065,0.8940222343721523
0_13_13700,0.7818134800291511,0.6491905962743024,0.8024003116023175,0.6431552910257401
0_13_13845,0.6728588421887391,0.23899435608004105,0.8924544666088465,0.6168350168350168
0_13_13885,0.9838386401116326,0.9258353708231459,0.9882744047005463,0.9441387064323332
0_14_14093,0.45619948870196275,0.19675472928897586,0.6732990227613883,0.30007178750897345
0_14_14181,0.5881162619573216,0.5899808828640946,0.9149597981102178,0.8290192353360247
0_14_14532,0.2004850630467017,0.04313161169881767,0.23920060435409657,0.09732355152722173
0_14_14597,0.9312265587285083,0.7104213503517296,0.9608686387322989,0.8474318427479083
0_14_14651,0.9468476324070213,0.7893713094824591,0.9674972488602421,0.8714784806362893
0_14_14747,0.7290206206698643,0.5175596081766355,0.8351680900429481,0.7340019102196753
0_14_14830,0.8801434613960197,0.6850277777777778,0.9019099837319997,0.7517964932451854
0_14_14831,0.8785692816351067,0.5454784178565567,0.9298989340460173,0.7888204642349598
0_14_14901,0.5972578877025424,0.12659588412635994,0.8936526122823099,0.6176095864467477
0_14_14926,0.38209134500805536,0.09600087973314761,0.39205326771368604,0.1504612152447231
0_14_14991,0.9399137659838265,0.7682190760059613,0.9848310553919943,0.9374381800197824
0_15_15022,0.955135359204107,0.8743868255080589,0.9595314516395884,0.8782090068285937
0_15_15030,0.9329175796393055,0.7791697072893862,0.9708723211590703,0.8953819594302977
0_15_15264,0.3316356714767086,0.3325715218544668,0.41228604289290305,0.33370464672183325
0_15_15345,0.7074301696537003,0.5257617728531856,0.7433254987042729,0.6578134845620668
0_15_15522,0.9295262106364761,0.6933601746963286,0.9314951399404093,0.7031192660550458
0_15_15620,0.9606357474768402,0.8502198987635881,0.9873191751308095,0.9606591516139255
0_15_15622,0.7175998524121391,0.4483144342333253,0.9828779134649109,0.9262628379794592
0_15_15644,0.9026506563663336,0.7034520894225452,0.9641707529857706,0.8823480224099005
0_15_15663,0.24262034936338503,0.38980966325036603,0.2472564984322848,0.352746235196647
0_15_15742,0.3009675776608386,0.20247678018575851,0.5305530371713508,0.29197263541078267
0_15_15763,0.8374199014987025,0.549231613611416,0.9323680465317741,0.8446684651426949
0_15_15844,0.793086291048666,0.5092952658119873,0.8454347385488448,0.6316291833204081
0_15_15857,0.3898348009039196,0.08689576174112257,0.4304402082705796,0.21619702398244084
0_15_15859,0.9387560820816585,0.78844239297674,0.9903127983377323,0.9680044480388192
0_15_15876,0.4130681950019723,0.28616069604999794,0.46678713018150436,0.3306427693741791
0_15_15880,0.921511198621708,0.7468557237843467,0.9228263911859749,0.7637939453125
0_15_15935,0.5693847931044697,0.3198695839620608,0.6657627590043109,0.35745442626257534
0_15_15980,0.29334295271200894,0.21171565465769834,0.3569056141369192,0.3160742089567994
0_16_16030,0.40733347341878545,0.22647706634723136,0.43542228212039535,0.258493353028065
0_16_16079,0.8053732567678425,0.3226996246926362,0.9206943701325724,0.6917136458413777
0_16_16196,0.2808092530269622,0.0,0.5725141292130385,0.42201905347264906
0_16_16223,0.9396118358256443,0.8184928296935046,0.9778162680700819,0.9389130109297799
0_16_16283,0.17703478326829555,0.011549422528873556,0.18009328326217056,0.0
0_16_16403,0.9044713222416813,0.6935845494237501,0.9563965446318388,0.8837768382657714
0_16_16431,0.8835076549946945,0.8684394305667472,0.9624456339913015,0.9622769369776373
0_16_16627,0.8642023651029838,0.8218163311467994,0.9327914700227233,0.915502409859069
0_16_16629,0.3215782434239857,0.21507692933070466,0.8857769319874235,0.7453125
0_16_16704,0.22407166014906915,0.04355420456865458,0.23686813963348566,0.05871867680892076
0_16_16768,0.9061036146263022,0.6821116201582674,0.9080522849730592,0.7199458054121352
0_16_16801,0.9263971500365787,0.802841665082684,0.9467194043741275,0.857715530040582
0_16_16905,0.9216005620489238,0.687354280004441,0.9783748808064296,0.9151543561240206
0_16_16940,0.603903379044546,0.3990810984079496,0.6798947515602954,0.5362996198666418
0_16_16947,0.17168272794662714,0.015229874130128912,0.17077127267364695,0.0017955739103110832
0_16_16968,0.5893092538887424,0.4945396252880473,0.8462381474245961,0.6103842238226311
0_16_16989,0.37482149657273417,0.15964456493090853,0.3882059044314001,0.15637742099898064
0_17_17022,0.7952944097836546,0.5048044206113728,0.9578988897029814,0.8351114223338962
0_17_17057,0.7690813258100483,0.4494240329816903,0.8624179115941473,0.6240745468470769
0_17_17202,0.2919982914501317,0.15657942724162485,0.48500175813475427,0.30328375543233926
0_17_17251,0.9329111060845963,0.7656275413391163,0.9678151141358288,0.8468555789953818
0_17_17275,0.8079585332088471,0.758821186778176,0.9103251943501588,0.9009599356210841
0_17_17350,0.22293035915820222,0.052688124890370114,0.2832024581768522,0.14402126394572098
0_17_17352,0.3975439836433854,0.09694140971892361,0.605205522312175,0.3429997154800727
0_17_17369,0.9455677880608798,0.8451332187365707,0.9767527675276753,0.9289348616158792
0_17_17388,0.7843428917720299,0.29830454254638517,0.978157044528726,0.9047717271727173
0_17_17407,0.533731566175098,0.3174910520448278,0.6186549187265349,0.4153938796737286
0_17_17525,0.5543456609786866,0.5189626229058892,0.6522804521381709,0.5875240140128828
0_17_17526,0.2828817817613906,0.4925451021321008,0.0,0.0
0_17_17553,0.9501517970815787,0.8028838618671961,0.9785256080408905,0.9307140808718096
0_17_17569,0.9017271171869015,0.47802984798780207,0.9039712959213463,0.560395678349178
0_17_17637,0.9064396373241951,0.7815811965811966,0.7941971874517076,0.6609685580050596
0_17_17660,0.24756258648886653,0.0,0.2744272602442726,0.23653127187690842
0_17_17674,0.26386241280348577,0.12139296496524608,0.237253793233437,0.19747928910288182
0_18_18160,0.9330271309549242,0.7480115078693519,0.9847202029704382,0.9528243836403167
0_18_18219,0.5673612658792065,0.5059709139636621,0.8070637008690106,0.7303656425789702
0_18_18254,0.9051230334812425,0.7974831344058121,0.9376972281449893,0.8700456621004566
0_18_18310,0.583739837398374,0.3731656184486373,0.6195597128302899,0.4539924260736444
0_18_18314,0.844332030351805,0.6697475706467106,0.9571002523514568,0.952674052797155
0_18_18358,0.8344710800656189,0.710888671875,0.9430093789923036,0.879729073344487
0_18_18530,0.9210468023163824,0.7484384149912161,0.9781884895019365,0.9363593330878872
0_18_18562,0.9072332144015569,0.7488537408921272,0.9613397944512487,0.8933010239974987
0_18_18565,0.9061831463605531,0.8150236739905304,0.9543627201177737,0.9190503432494279
0_18_18636,0.8450781968721252,0.842280043756837,0.7209019327129563,0.6231663256866756
0_18_18653,0.9653918444063088,0.822389354932022,0.991715976331361,0.9523961152682694
0_18_18661,0.2765743795725147,0.17569380203515264,0.46569134989041133,0.3173781066211345
0_18_18690,0.638559444605149,0.5294911154526002,0.5891982986919188,0.5679911030229502
0_18_18699,0.8562582345191041,0.7733076291005625,0.9233063967978249,0.899119529549368
0_18_18720,0.5745471030286122,0.35292003253939724,0.6346146416843732,0.4276795612346111
0_18_18723,0.871093044263776,0.6363285620587213,0.839270736767757,0.6255104668702403
0_18_18725,0.8202913497486142,0.7999070775902122,0.9300834824090638,0.904704875962361
0_18_18732,0.9072388247112004,0.8292605823032909,0.9656245724449309,0.9214123381970291
0_18_18734,0.8794627482493399,0.8141602067183462,0.9650979650979651,0.9452131533247438
0_18_18763,0.8833898305084745,0.8640762245049873,0.9507027027027027,0.9248627450980392
0_18_18804,0.20473548190939495,0.22754438773284474,0.17245485977718017,0.22953631996863053
0_18_18816,0.8747980613893377,0.7830872878548025,0.652089407191448,0.5231597222222222
0_18_18852,0.843088452491658,0.6282409254088552,0.9065241147110075,0.742775085262969
0_18_18880,0.8994234658456337,0.698244595966923,0.9227609385697392,0.7664667640981706
0_18_18927,0.8479123370489325,0.63402493716426,0.9462050218184419,0.8994603238057166
0_18_18928,0.844451950684006,0.8552998605299861,0.9395088711751093,0.9366799985048406
0_18_18930,0.8884752677205507,0.5529460238978162,0.967171012227123,0.9150388326665098
0_18_18957,0.5125985017997859,0.3253012048192771,0.8847346657477602,0.6847239847715736
0_18_18961,0.9025222211289318,0.7581100429535692,0.947211609239721,0.8685226762460709
0_19_19011,0.7374011088270105,0.4651563124404414,0.8506957091862752,0.5974944071588367
0_19_19025,0.8477117935237185,0.8316191108161911,0.9214723100733463,0.8852543243706114
0_19_19029,0.22330597889800705,0.3604559093182197,0.1190050712388312,0.30157157015432534
0_19_19068,0.772113676731794,0.5658230072941384,0.9229693383539538,0.8515764758497316
0_19_19090,0.31938437471243214,0.29946081836525423,0.4701989002783246,0.3291158771794476
0_19_19102,0.6342695587690026,0.3007673335160318,0.6825860698813094,0.4086626271997217
0_19_19136,0.8441932291822843,0.6631039531478771,0.8952799974119245,0.7925830603649977
0_19_19137,0.7799178873739165,0.6341042599515261,0.8810649117559078,0.8011118257833318
0_19_19193,0.6602235174944785,0.2677778708434542,0.8903400024548914,0.7674256302887551
0_19_19200,0.8315557616508231,0.6513922611974996,0.9080620446786204,0.8027357374662583
0_19_19214,0.7470262631021081,0.38231120920699985,0.9319243950565999,0.8411214953271028
0_19_19249,0.5126532880028574,0.19116450785307554,0.7460648923386064,0.5866895549980192
0_19_19429,0.879630062123406,0.6341924925846374,0.9231487243310517,0.888633225954901
0_19_19593,0.9166509845516911,0.6398133942828517,0.9254056332092435,0.6876889115299711
0_19_19602,0.9046287666977322,0.7415147877332752,0.9523126911314985,0.8728051650274543
0_19_19686,0.9560334352100748,0.838248436103664,0.9771986353297953,0.9162929209572674
0_19_19773,0.8079524733839186,0.7361245918997618,0.7188345473465141,0.721660092608472
0_19_19820,0.5293966770212887,0.3603222216846485,0.6372336914671263,0.6500746227405892
0_19_19930,0.9736150101275719,0.8526346405545591,0.9681790968959199,0.8291391371939371
0_1_1004,0.7157503977373166,0.550419666653407,0.7066846662321944,0.6087988397134444
0_1_1039,0.23946253261148226,0.25828809056255053,0.3334803798000168,0.2885361995830038
0_1_1288,0.9050844575444961,0.7372644801116539,0.9731243351479882,0.7693896588486141
0_1_1339,0.799236008504811,0.6033345775786986,0.9035346097201767,0.8132541658686075
0_1_1409,0.952574731877995,0.7570277632875442,0.9675677805800756,0.8508296552880049
0_1_1427,0.9363431748973917,0.7979037433155081,0.9434547721291038,0.8240300266224414
0_1_1459,0.9171105527638191,0.8040595483830613,0.9364949217096911,0.8896914828726444
0_1_1611,0.6719702810681993,0.7890714558654949,0.7005000926097426,0.5202361598357149
0_1_1626,0.9049198263188485,0.8499349311354517,0.9730875576036866,0.9579278680950594
0_1_1650,0.7606215863502345,0.44381315538608196,0.9523690147906744,0.8481809936511135
0_1_1664,0.8855596242636523,0.6610712779417968,0.9162893507789939,0.7832217973231358
0_1_1696,0.8734648820201463,0.783770693906305,0.9484304932735426,0.9073724921440658
0_1_1728,0.2887831884283988,0.8086986778009743,0.2095695104507913,0.6245245176014939
0_1_1865,0.9364560830391485,0.8105583468968933,0.9686039478748557,0.9138449962377727
0_1_1934,0.8879744156516014,0.8606734319204309,0.9409510583031144,0.8847376476590401
0_20_20053,0.9128865793367255,0.7699675389732697,0.9204058624577227,0.7790357925493061
0_20_20085,0.9608437539472022,0.8389848138131891,0.9627158961629951,0.8457320609479623
0_20_20144,0.9580723476571984,0.8466720560495823,0.9706854969044482,0.8875813373944345
0_20_20368,0.5625187211043824,0.26539561487130603,0.5648606218915317,0.36309424659359696
0_20_20573,0.8374522913677828,0.3499928109273904,0.8816336293240051,0.5106885356495341
0_20_20656,0.5593264662724644,0.4157499786816748,0.5686364307874132,0.27307218366949865
0_20_20724,0.8087108506055577,0.5621600495065628,0.8294420553330504,0.573697788341691
0_20_20772,0.9519627711476394,0.8844211879188469,0.9904956405624067,0.9766738239312902
0_20_20783,0.8969422808748002,0.7956210320690217,0.937271226584368,0.8737341366491476
0_20_20937,0.5879717713098274,0.24927668299350722,0.5818648554696901,0.3349232585596222
0_21_21001,0.6424727375725818,0.3236858615892414,0.6043111655106759,0.3899817081750387
0_21_21087,0.7081661047787232,0.4320630684064848,0.7895210388987194,0.5681849646961097
0_21_21093,0.9745445819752444,0.8800563777307964,0.9869885433715221,0.9380556912554958
0_21_21135,0.772107243650047,0.8602010521381322,0.9069473684210526,0.9311612647774196
0_21_21147,0.9689139412880902,0.9139678706041644,0.9803455290376185,0.9475807944323104
0_21_21244,0.9415561650615578,0.74939161983983,0.9739582205866436,0.8838875175451334
0_21_21299,0.883011443303632,0.4294982126307427,0.9801522498304148,0.9121656531934342
0_21_21313,0.8623939679547596,0.679020192636777,0.8780305546330123,0.7539052752408045
0_21_21332,0.2996804828259519,0.11915015790984783,0.39597235462345093,0.28354158590045625
0_21_21394,0.20154551378045016,0.0,0.34187155820988135,0.26446507297571126
0_21_21413,0.9211800723629279,0.763082253809505,0.9626701155168866,0.8647601780121972
0_21_21422,0.33353946968710674,0.1607108062819064,0.3491521954215141,0.12287891030820731
0_21_21703,0.919895059029296,0.8589568432050149,0.9801280843850065,0.9622641509433962
0_21_21781,0.9717617898953239,0.5284821118443904,0.9773975400535561,0.5460907517495673
0_21_21938,0.9750447049473475,0.9101163960339129,0.9853708231458843,0.9369600234294919
0_21_21974,0.9331688121123191,0.843087790110999,0.9755473414842195,0.9520710579544455
0_22_22047,0.9514231903628159,0.829407342438291,0.9783852038921489,0.9215094845499028
0_22_22147,0.3155323803530223,0.1839007605939877,0.3688278685631596,0.3241082210110636
0_22_22218,0.9406047086005657,0.8248913755133623,0.9899666961763838,0.9726009693053311
0_22_22219,0.817658974173479,0.48358113655021434,0.8471179426544487,0.44866374461812963
0_22_22234,0.6033155454465926,0.39504587155963306,0.8102662065565689,0.6591474245115453
0_22_22396,0.9357204955444468,0.7360741667970584,0.9512731372733252,0.7806067620071092
0_22_22502,0.855581947743468,0.6721556886227545,0.9300407950698724,0.8349029949142964
0_22_22838,0.9380718954248366,0.8519602106495027,0.9487751831501832,0.8775570533286036
0_22_22933,0.36311068114858625,0.22793334752981262,0.3172299491589957,0.22225547707410512
0_23_23003,0.24674100432268092,0.0325979756034259,3.383150220327658e-05,0.610586739607813
0_23_23069,0.9625715713023095,0.7440883039694333,0.9887700854190311,0.93221559349928
0_23_23355,0.8976174033149171,0.7794110696223472,0.9613535677255161,0.921944646003939
0_23_23577,0.9615336107958128,0.8684304795046313,0.9854463889830729,0.9442402939766736
0_23_23645,0.46800597000781785,0.3344346471937541,0.5141970066871882,0.4408762279922177
0_23_23666,0.8066744802911603,0.32879000629448507,0.8889423407325957,0.3704475350397749
0_23_23683,0.1564564690139667,0.053845803127707106,0.13853559196519485,0.0
0_23_23697,0.3004073765824171,0.03788634097706879,0.3104291146116241,0.04251964147394047
0_23_23732,0.8380325059576406,0.5891290391611385,0.9416177627200678,0.8477542133698895
0_23_23748,0.08568366811828815,0.13493822060314717,0.08883005755752799,0.13466309741446852
0_23_23817,0.8134754654747962,0.6082380991531694,0.8608036236862865,0.6957877397340864
0_23_23934,0.20423420610744994,0.05650961902467564,0.21373317791671081,0.10506264815441924
0_24_24071,0.1865519096288327,0.14275541042831832,0.23847494778991699,0.18132054276697038
0_24_24101,0.9307582648835788,0.8013291524313193,0.9576351899537903,0.8777407646795605
0_24_24177,0.8879472984257569,0.6176235407004638,0.988495789874909,0.9526091946263417
0_24_24196,0.7336415035267685,0.3420434724272105,0.9436925647451964,0.7651165797526182
0_24_24209,0.899410890271431,0.8565586662472475,0.9122981511818394,0.8861762253312332
0_24_24234,0.4900603621730382,0.2627081292850147,0.5057184750733138,0.35863243846560533
0_24_24237,0.19322481102105496,0.0,0.019699161462559834,0.33530547268670563
0_24_24256,0.912150547362707,0.8535163838880974,0.9584569732937686,0.9282944852438079
0_24_24368,0.7368133983572895,0.4764411601216362,0.911525974025974,0.8157147227199231
0_24_24390,0.9176585365853659,0.5152293389490986,0.9517147095610693,0.6882997047244095
0_24_24431,0.26234635433425574,0.16254329539831766,0.2741461969403146,0.33927148730042384
0_24_24440,0.8121091962787861,0.7913566113337149,0.8660287081339713,0.7773270708795901
0_24_24442,0.21281783350748867,0.2590391606260476,0.9217030688415814,0.9064103805558246
0_24_24453,0.8809784752970058,0.8368869501406498,0.9210109111256178,0.90265373819852
0_24_24455,0.915330031783576,0.8469020652898068,0.9675735967812612,0.9403778325361164
0_24_24456,0.7523829366112819,0.5080044865912103,0.9824237450417179,0.9541865509761388
0_24_24492,0.9556809024979855,0.7434094105903172,0.9900895265647601,0.9207920792079208
0_24_24500,0.9440336134453782,0.8180145278450364,0.9842120101494221,0.9316441383563756
0_24_24532,0.5252559343008213,0.17471833185192304,0.9220527373773205,0.7977981942024394
0_24_24552,0.8082798125325464,0.43380310319127313,0.9067429022082019,0.7048534798534799
0_24_24558,0.17715203054494966,0.24455220864807733,0.0,0.21503474935230496
0_24_24670,0.907074192753266,0.709118186364394,0.9313051183594244,0.8041076077523864
0_24_24759,0.8884700483487667,0.8876386561327907,0.9063060638679584,0.8820810154352425
0_24_24771,0.8888269354492816,0.8822983937738036,0.9605472032869549,0.9624724061810155
0_24_24829,0.6579094466182225,0.34446833140400196,0.7114758671998512,0.39507123604158645
0_24_24861,0.971308625441059,0.8689630890205974,0.9852707848529723,0.9319965661025263
0_24_24866,0.8281715820336562,0.5119458017326658,0.8939030883919062,0.6741980674593196
0_24_24906,0.9150836032565876,0.8412970613453894,0.9600822660559035,0.8912681418034737
0_24_24918,0.9290878938640132,0.8709455271675505,0.9770642201834863,0.9541150764748726
0_24_24926,0.777050511200751,0.46582386270592474,0.8222376843863067,0.5648378615249781
0_24_24951,0.4103146853146853,0.1612857912111067,0.8685803921568628,0.6147427475766076
0_24_24965,0.8499713795077275,0.7729714579343205,0.9071143782706205,0.8454763419288546
0_24_24971,0.8868034168167819,0.8484486303007124,0.9358626349346633,0.911803378173359
0_24_24973,0.8390015969716685,0.6695679204227541,0.9641029140790282,0.9649590554180156
0_25_25000,0.9767900387904246,0.8463144706619335,0.9889014870699053,0.8632305194805194
0_25_25057,0.9439154025024914,0.8775779376498801,0.9836504334671554,0.9632366875118439
0_25_25064,0.7343856879768482,0.420041067761807,0.7924194927329724,0.47298059811623766
0_2_2225,0.8028169014084507,0.7217690982194142,0.9338276181649675,0.9014768876670289
0_2_2268,0.8545163868904876,0.6446271724911231,0.9505233847264477,0.8421927600681601
0_2_2276,0.9008280757097792,0.8774053711144005,0.949228791773779,0.9302492676725805
0_2_2301,0.6936756337299534,0.548040030062102,0.8186334837503988,0.7472511503996125
0_2_2304,0.910083792881186,0.6684432823813354,0.9794923778704823,0.8718336483931947
0_2_2310,0.7709073765141075,0.36636139756810837,0.8408623417721519,0.6153972512730658
0_2_2397,0.2899182299182299,0.10100609823217313,0.2687252559118308,0.025587071795303427
0_2_2546,0.7111030244218017,0.6575783790233571,0.9215069948645298,0.8662302786169855
0_2_2551,0.35186530379287084,0.2666351075475606,0.3867590849449484,0.32172591724967553
0_2_2580,0.4987205186164541,0.4093221246519597,0.9720362181511897,0.8946579595332406
0_2_2721,0.942230486413388,0.83075618190122,0.8662283585360508,0.6556642216788916
0_2_2741,0.6091527960936665,0.35844047566808546,0.8120610857206555,0.7321518754878105
0_2_2756,0.7864089045108378,0.5206430234640874,0.9259561221464572,0.8529701750061622
0_2_2950,0.9530434782608695,0.7687314285714286,0.9684273529851863,0.8669767928078612
0_3_3142,0.8441496067719277,0.7719424460431654,0.952671332547987,0.9305452680758931
0_3_3183,0.46248649635591804,0.18452108499671635,0.5375645570531392,0.29157707033093827
0_3_3276,0.533513640639699,0.6488966571990387,0.6296270281660462,0.6139302595201998
0_3_3294,0.8091307492660511,0.5696576151121606,0.9548821548821549,0.9025710419485792
0_3_3308,0.56646981706217,0.4425948825263959,0.5681923649952373,0.4412702305051496
0_3_3317,0.6787052392359192,0.5604517887943026,0.7493515358361775,0.6802390735898394
0_3_3327,0.6843092433034406,0.379359255033764,0.9478688524590164,0.8370921445726671
0_3_3344,0.8589148149178185,0.5395853123259852,0.9190735776887631,0.6712423285034681
0_3_3345,0.8247529363067212,0.7783639143730887,0.9441999755531109,0.936731824572543
0_3_3360,0.8970712305652645,0.8426362834234856,0.9552602918754084,0.9103621651347317
0_3_3362,0.8923371001293079,0.8103417951574133,0.9314525668322687,0.9043282947854064
0_3_3374,0.8833845928529585,0.7937227758219464,0.9148311306901615,0.8665216039788622
0_3_3429,0.9042350867427406,0.8399622700833203,0.9529113032984714,0.8949697129312615
0_3_3433,0.20015209711111753,0.11655011655011654,0.0002247864528697737,0.16362596147733774
0_3_3434,0.09201423206167227,0.0,0.11435473304945955,0.0
0_3_3467,0.8483302579688122,0.5203830198683759,0.8770873565829831,0.6445393288411502
0_3_3473,0.35595755561237535,0.04391238995061198,0.7272557044645962,0.5413907284768212
0_3_3514,0.8837131739855475,0.7989954337899543,0.9529369282619162,0.8892295519730986
0_3_3524,0.9073367612097086,0.6606971975393028,0.9652926481084939,0.8657366071428572
0_3_3551,0.8406342529817085,0.6033425598262149,0.8509113992926454,0.6077452730518416
0_3_3559,0.9124031267822995,0.8583519376228717,0.9563541629492167,0.9325539883098246
0_3_3610,0.7949112843712901,0.5389204994468152,0.9673205209656925,0.9256016435139894
0_3_3654,0.7896039603960396,0.744039069232979,0.9433158119051002,0.9349264097899785
0_3_3692,0.9610619861268089,0.8161987155671143,0.9806253156420733,0.9028732394366197
0_3_3732,0.9201840685496667,0.8797005061279123,0.9296343001261034,0.8799359889278145
0_3_3797,0.9336541460589047,0.8496244635193133,0.9719821445531389,0.9295377988845326
0_3_3835,0.40950542501497705,0.6770400531826491,0.42006284077257183,0.6804350341316673
0_3_3914,0.2235451246408393,0.0,0.2418231072667649,0.011988651963027364
0_3_3965,0.9300116119497519,0.6988335645650275,0.9656872356516624,0.8486460348162476
0_4_4038,0.2637637492636479,0.0,0.26678322702898055,0.0
0_4_4240,0.7616904834296139,0.4304853843377842,0.793154604217442,0.4860299987395488
0_4_4283,0.9623810628916222,0.8401244628833902,0.9917749748213515,0.9629196770080748
0_4_4316,0.8114204718031791,0.45774698023208904,0.9309153307319825,0.8146873035356106
0_4_4328,0.7679856881202879,0.42666906604282884,0.7886081560283688,0.4588679521959088
0_4_4430,0.6016857171929586,0.25196601212044495,0.8739909088650984,0.660019106759016
0_4_4666,0.8892658105161134,0.8269756051615333,0.9599784031855302,0.9392906922719529
0_4_4828,0.8622975827270594,0.6712321466638244,0.9635211737245749,0.9412668548134211
0_4_4838,0.9415998454255627,0.7698666083533785,0.9666548511241645,0.8312613205993743
0_4_4870,0.38857393017401776,0.4848689898875982,0.43266278584235995,0.47202869559219146
0_4_4976,0.26966417771372486,0.002947927449480175,0.28650927933167664,0.09497402779727643
0_5_5010,0.9024358302776323,0.7841063303264948,0.9700180103824557,0.9025511080570349
0_5_5031,0.2639828646748682,0.012805854104733592,0.28282400047105927,0.04236887698850213
0_5_5091,0.928783282777216,0.8155992214292335,0.967993478183816,0.8674983767739541
0_5_5108,0.773579825899668,0.8523489932885906,0.9095568606513614,0.949540622444562
0_5_5131,0.8290415466886055,0.872708456534595,0.7302081307138689,0.5762513312034079
0_5_5189,0.9187701367700087,0.804796177573485,0.9508673104434907,0.8719826920105084
0_5_5255,0.9240186737804879,0.8231987046865161,0.9080910049721259,0.7575956105151094
0_5_5268,0.9259259259259259,0.8826199740596627,0.9713846153846154,0.9503737871798951
0_5_5291,0.9545546712627363,0.8022153642676072,0.9425287356321839,0.6842984912819586
0_5_5303,0.912288546091363,0.7316040468868387,0.9730833934150445,0.9306075135676274
0_5_5318,0.9300204434659538,0.6775649949208021,0.9618703302000482,0.8670202831422061
0_5_5335,0.8287667395080406,0.557757747356937,0.8745784232035869,0.7340297653119634
0_5_5416,0.8459210297443034,0.5871133511216523,0.9903338111816506,0.9686385438445456
0_5_5463,0.9154387719770708,0.7072078095747526,0.9540946443751771,0.8370532458059811
0_5_5528,0.8882418415576455,0.5549382056487516,0.9732606812933026,0.8733082369812674
0_5_5566,0.8157899696564203,0.36504743456017485,0.9662989236243202,0.8035193248642097
0_5_5586,0.959864981681966,0.8451984025207929,0.9707802497306205,0.8968702656763847
0_5_5634,0.9126477842987156,0.6611083621969323,0.8833401555464593,0.5863625333656879
0_5_5673,0.6624023982152817,0.3261949578794705,0.8342801779187035,0.6118650639782861
0_5_5706,0.9290140048097326,0.8588846381139,0.9449472994700173,0.882528469642531
0_5_5785,0.8726251003478727,0.8110456765297328,0.9427872860635697,0.948845256902129
0_5_5880,0.8861113208972132,0.8261814568713904,0.96485279523652,0.9487929773226043
0_5_5887,0.9495742667928099,0.8366036910059085,0.9654863513076368,0.8129226892985015
0_5_5948,0.11746142635173386,0.22753698868581376,0.12794338183061907,0.2988151913233347
0_5_5953,0.6441142120736176,0.3392762670616866,0.760511621247554,0.5587403302159104
0_6_6048,0.05170831475994441,0.08841718201571118,0.05378866401178332,0.10969689017189345
0_6_6087,0.7171260061574984,0.6009835766977323,0.8740611833669171,0.857440817603504
0_6_6112,0.5979356632884991,0.6089141075063889,0.6209225746531198,0.7030011454753723
0_6_6227,0.7678470212702485,0.5537144879508381,0.7980038171521542,0.5878138433742446
0_6_6287,0.9292232101076275,0.8406257492208103,0.9717214126944924,0.9425831119175685
0_6_6377,0.9337079244486652,0.7448496377544825,0.958501996420212,0.8383212325128386
0_6_6378,0.7259068469628676,0.4814531965961161,0.9441346247920948,0.8996191282268303
0_6_6574,0.9544763230479726,0.8389873185917686,0.9839098954143202,0.9410588923556942
0_6_6618,0.25592815314723877,0.0,0.3411071574403547,0.0
0_6_6646,0.9268734062679937,0.8674250873670905,0.9608500132263469,0.8906621140142518
0_6_6693,0.9625631916928542,0.8710741983389253,0.9847573884325515,0.9508792159123667
0_6_6744,0.2904608010457896,0.11210520289831367,0.34131251066734936,0.22414104183313144
0_6_6772,0.9538516918646508,0.8600920390520838,0.9620821180166031,0.8849183391927373
0_6_6791,0.9501535705144613,0.8712363869314542,0.9826145101972584,0.9538535645472062
0_6_6818,0.9377161867412809,0.7324933466400533,0.9702364265021961,0.8852338509602132
0_6_6823,0.6689993139272763,0.44113475177304967,0.9671191640857912,0.7341121721847884
0_6_6825,0.3902152012326239,0.03843220479490665,0.003615206963936756,0.5418957776320436
0_6_6826,0.9499174196055572,0.8478879568603954,0.9759525138247679,0.9241036171220977
0_6_6830,0.8283025568181818,0.7514095851792187,0.8942425479787668,0.8829493087557604
0_6_6833,0.9096622694937496,0.7881321370309952,0.9458300712075458,0.8751643727535724
0_6_6847,0.5373310676260521,0.28192098839236784,0.951829118585809,0.8101768481322437
0_6_6876,0.9251509054325956,0.7874589490968801,0.9551271114144344,0.8830618165588039
0_6_6913,0.5205877622297281,0.2935543365175447,0.5515560875512996,0.41476615525632354
0_6_6917,0.9286716557530402,0.839176002891218,0.98005698005698,0.9544920728126834
0_6_6923,0.7655925555641006,0.4784793616694798,0.8244764453506648,0.5825883169863727
0_6_6975,0.9067457627118644,0.7220335546657205,0.9746849395598339,0.913187126174879
0_7_7129,0.9537564096532907,0.8582430119794637,0.9867815529227455,0.9565514622104064
0_7_7167,0.8639507815098104,0.5959130475259508,0.983901261067883,0.9484199055575736
0_7_7270,0.8222014473183061,0.4897401754925057,0.9802575107296138,0.9103160069493356
0_7_7478,0.4872573538168393,0.0,0.6080521128863671,0.06842590664326302
0_7_7540,0.2689268312656103,0.15722484622144112,0.3781438745154602,0.3275047956322857
0_7_7586,0.8969796650717703,0.7477903758592983,0.9865630297267127,0.9670570209040167
0_7_7609,0.9149210984444319,0.9021726131154076,0.892050159706613,0.8666640297444822
0_7_7677,0.9212569510019935,0.9019847795326781,0.9644018387711627,0.9431144821047641
0_7_7697,0.9628781216125007,0.8836622807017543,0.9821857018493747,0.9432251728175878
0_7_7702,0.8796309176056012,0.7476141078838174,0.8537659106134559,0.7334495666888877
0_7_7796,0.9001321003963012,0.719389909225248,0.9613957240822912,0.8888693717430763
0_7_7804,0.8742932328153338,0.6343097997892518,0.942452429657648,0.7391204448324985
0_7_7817,0.8586850536286391,0.6694094869312681,0.9037531153789767,0.7716419206390553
0_7_7819,0.9663777252429735,0.9248618784530387,0.9870494475638472,0.9686588921282799
0_7_7821,0.4836533110740122,0.14967320261437908,0.696999064296217,0.26419529837251354
0_7_7904,0.9320696104225441,0.7848335080625031,0.9676419037346636,0.8028549382716049
0_7_7917,0.8895660814839351,0.511526210657021,0.9745944744833716,0.9101791175185671
0_7_7923,0.6871079844041363,0.5242799686884229,0.955952380952381,0.948332674311322
0_7_7954,0.7546230800323362,0.6209714777314539,0.8855708008250381,0.7482562972064616
0_7_7981,0.7220497461558129,0.38235973216347263,0.8134765625,0.5124145975670722
0_7_7986,0.4813681595531165,0.3595118068453171,0.7910454704035353,0.663327745180218
0_8_8006,0.7060806115357887,0.4127569847127043,0.7434082657963255,0.5192008014247551
0_8_8040,0.20433691227033982,0.15509021220903058,0.24311486179190459,0.3273737980769231
0_8_8108,0.9287571002214307,0.537138830162086,0.9871827868430535,0.9602090972926582
0_8_8109,0.3260877165381859,0.31188976377952754,0.33877418757522454,0.2962830227319271
0_8_8151,0.9457949213684483,0.8524310033531081,0.9697373617693523,0.9189496571332999
0_8_8238,0.8970763960806182,0.778183265874859,0.9419058354287696,0.9057992346187813
0_8_8241,0.9247744871731906,0.6443920145190563,0.9460328556448794,0.7613996719518863
0_8_8248,0.8715823425721037,0.7546824197463021,0.9520495951417004,0.8972119740344651
0_8_8454,0.3594987989818234,0.41296798238183974,0.38275503523703164,0.49622188250709764
0_8_8471,0.7683821460064917,0.31644796182606416,0.9510290986515259,0.781088631169051
0_8_8648,0.33561953572505276,0.0274849224253027,0.3742204526799445,0.1488201560590392
0_8_8711,0.7060518731988472,0.4779040754089271,0.9291904546761408,0.8401479595895315
0_8_8814,0.9260863715861698,0.754033747998522,0.9365140227870289,0.7992598207517724
0_8_8859,0.7700311563106226,0.7075603262477285,0.9119776738572937,0.905196770938446
0_8_8860,0.5620727716349412,0.3636597569692638,0.6266983372921615,0.557710335130068
0_8_8885,0.5206986899563318,0.20502441651038864,0.7141199108151859,0.5364803838554897
0_8_8976,0.873937425461189,0.7108148872854755,0.9698781524511193,0.9089482671096959
0_9_9002,0.9546067415730337,0.9032794317666616,0.9741178299393751,0.9439918533604889
0_9_9003,0.43244823956018247,0.25526007927223204,0.9588384124466599,0.7579927292494819
0_9_9012,0.9009476641744845,0.7508694392117085,0.9827480729230392,0.9158389317067139
0_9_9033,0.6373605232781839,0.5523721299543439,0.6678582530307741,0.5616034472982934
0_9_9127,0.5947273197208581,0.47217214306484445,0.9782622972351743,0.9524409184401629
0_9_9132,0.8020651736623307,0.8424830414891938,0.9153422501966955,0.9339961567382404
0_9_9135,0.15716412988077272,0.011133300049925113,0.15946055566822145,0.016558981700003868
0_9_9187,0.7994233652404567,0.47527716467514014,0.9060923759473948,0.7278345614452104
0_9_9228,0.22478076074675848,0.2863927629099133,0.23756183544663673,0.3338592615967182
0_9_9264,0.8780201401985553,0.7008072039914006,0.9676036207717961,0.8853319564562626
0_9_9353,0.13637543059097212,0.0,0.16323077417351167,0.04258648317466302
0_9_9398,0.3697267806512587,0.344847882121329,0.8814147406122335,0.7511856432826194
0_9_9419,0.8899701237729407,0.6174955419060828,0.9507469216826052,0.8160761380575622
0_9_9453,0.9044571071735228,0.8324003040984173,0.9595581988105353,0.92859779960127
0_9_9459,0.4619159683159224,0.310972970846284,0.43463027229044315,0.43877273961444474
0_9_9496,0.42663577646728446,0.35628916399205257,0.4453972442099091,0.4058784149956964
0_9_9638,0.8009985291375774,0.5056296104568396,0.9615923388431857,0.8760897203051217
0_9_9659,0.17179234925930678,0.17472983790274166,0.1689404242789641,0.12428548097337906
0_9_9699,0.6520794537554314,0.6982800982800983,0.7493725349587665,0.7950268110608769
0_9_9799,0.7802433160923727,0.2776281375648983,0.7955626463089149,0.33483325470842257
0_9_9837,0.9672908334878301,0.8863925392115303,0.990061704799869,0.9652204027111265
0_9_9880,0.12910173876421394,0.04625479684799484,0.12513923249188055,0.04385840540668273
0_9_9938,0.8801128866735083,0.6258487551591,0.9307710390220969,0.7714619160402293
0_9_9990,0.302827510581387,0.1435619618844926,0.27082836874232397,0.009369042637280885
10_00000006_004,0.9433301331119126,0.7944384922567449,0.9717384787289128,0.9033910459993854
10_00000010_010,0.6733085597129677,0.3606228901230535,0.8772704396760763,0.7191436496012944
10_00000013_001,0.1504141905276427,0.07444601758256231,0.1759188411915253,0.06319824477340932
10_00000013_008,0.42034905887937,0.01336562337144784,0.043462453466958574,0.47564014855355746
10_00000014_010,0.8575462012320328,0.7798400328137818,0.9601821921833676,0.9442596628053676
10_00000014_016,0.8928038507821902,0.7798764983654195,0.9601797990481227,0.9175239755884917
10_00000023_007,0.5260745366372152,0.44384979038444383,0.6164251207729469,0.576180720293293
10_00000024_023,0.9198833488598162,0.8587116646578278,0.9383101604278075,0.9025365315687897
10_00000027_009,0.8894270498576806,0.709260419931056,0.9249562427071178,0.8006317579880938
10_00000027_010,0.9239959265790716,0.7228146892151176,0.9657262333262757,0.8795826977018848
10_00000033_020,0.9133596065133046,0.7205508810922369,0.9737612205306941,0.9214713590415574
10_00000034_013,0.9003008610851748,0.8316159839155567,0.9634298693923907,0.9548475193445608
10_00000034_014,0.8572928919509326,0.7042014149638354,0.8250681198910081,0.6831508003369839
10_00000043_019,0.9501747883586741,0.8557354417670683,0.9574812095787449,0.8708787684413085
10_00000067_018,0.8681601525262155,0.754321540528437,0.9422020287404903,0.8958844907180041
10_00000069_002,0.7633393624236944,0.657423333473172,0.8583344193926756,0.8469429626590069
10_00000069_018,0.8809960026648901,0.6373831775700934,0.9755056596771201,0.9519569471624266
10_00000076_017,0.45366624282356566,0.5537383177570093,0.47932062221859306,0.61454637607704
10_00000083_002,0.1047785589379394,0.028836251287332648,0.10273258513592837,0.03603918824352694
10_00000085_008,0.9187641840313596,0.7672685583261679,0.9587214168084015,0.8877266686672096
10_00000087_005,0.7842083618917066,0.4829811259880626,0.9515439592381083,0.8823931779834921
10_00000089_017,0.9142011834319527,0.8918814504111706,0.9721211238899403,0.9660791678705576
10_00000093_007,0.8904391715495736,0.729314507279245,0.9566510172143975,0.8883619117110544
10_00000094_012,0.891143818757221,0.8059296430948846,0.9350769902806596,0.887707358570821
10_00000094_022,0.9400044772778151,0.8629170811104078,0.986419656173954,0.9671388647971475
10_00000098_007,0.7866008105369807,0.5628498451171132,0.8487497313176184,0.6569558670218928
10_00000098_010,0.5196638655462185,0.3718386876281613,0.5620060894256098,0.5140315480557593
10_100814280_70659ccbfa,0.9102948131798834,0.7438644640312451,0.9514047076689446,0.8628355940789103
10_108765872_c1d462aa15,0.9170844581565754,0.8623853211009175,0.9249060192943521,0.8379537834817405
10_111078578_967ba44a4e,0.8317712658678372,0.844781509570242,0.9088037357505837,0.9116335323909592
10_114197289_0b92e3abcc,0.8975204242511108,0.8563448746375576,0.942557134033354,0.9227794078420912
10_115003816_5268a2536a,0.8668763970527361,0.7147035742312906,0.9082885997634428,0.8560648631291643
10_118134441_c58fc0719f,0.762535433802686,0.5732462888269783,0.8431331373372533,0.6509828063849435
10_132474673_88eaf528f5,0.5465464696391528,0.29897423804751516,0.5697034895448128,0.37985885834613853
10_134815623_dcbd7ad8e0,0.3946244505815084,0.01971215157587903,0.011708920483140412,0.603644251626898
10_135418000_4666dec3c4,0.8936828330094777,0.8326767345152112,0.9454506621102093,0.9104050711193569
10_137117726_7d0ef6a2f1,0.9199282357300259,0.7212263567808135,0.9672148362842081,0.8540896013152487
10_137385456_396ee799c5,0.8324705205637043,0.802003052980379,0.9068945197407189,0.8815868805016279
10_139375137_1d54fa7e20,0.8825584520290245,0.8038483868292279,0.9166626195910835,0.8601534296028881
10_142031788_e469594839,0.6249083801612509,0.5335465365467673,0.901730359951883,0.8856690419635788
10_144439584_97e8823d39,0.39973821989528796,0.3633490694861691,0.42471707930451374,0.3903836192449496
10_152108976_efb920fd16,0.9237008269266334,0.7324897690389952,0.9438388561176503,0.8116886371610446
10_152109747_5678ebbb1c,0.3606605461531693,0.2008161211884066,0.3858014472875183,0.2233359612568983
10_1557631_c5d89caa41,0.49311118891200034,0.25024223570809323,0.5797923738262184,0.4040074557315937
10_156234186_1b16bc540f,0.9082242201170578,0.8616819022319452,0.934868484439734,0.89810938739774
10_15955708.montblanc1,0.7656427758816837,0.4133949191685912,0.7619172455979377,0.5651891751573755
10_161208056_248b2c2ab6,0.8783808479532164,0.8159364261168385,0.9399066218183644,0.9052623896065981
10_161577795_24ddf05710,0.8565717940518068,0.6763186029935851,0.95152218551915,0.887612542688606
10_162330937_390a32901a,0.9611253661527283,0.8517461308594622,0.9872813616701147,0.9470720183267313
10_163690182_59efbae927,0.6919932071199446,0.42054613256345486,0.7754234234234234,0.5036076397076161
10_167944629_67a359c464,0.7405303919267777,0.5334003232994015,0.9584265473527218,0.9344653137175088
10_169329862_b3b297c7a9,0.9374916664444385,0.7437894736842106,0.9671058152219518,0.8188107995630235
10_178480338_a73f99f0ba,0.942719949023713,0.7447661023740358,0.9711895910780669,0.8636588448645381
10_184503160_143a47edb1,0.07697820742530939,0.0,0.07748966049512176,0.0
10_188491483_a44e3d6e02,0.8764290395397947,0.8758521172314275,0.9384887175780936,0.9373674162070429
10_192447210_936a00b749,0.7277882797731569,0.7981776980455103,0.7152601156069364,0.6898814771280243
10_197325318_cceafb4122,0.9212900685718035,0.7628855963079912,0.9833866039127533,0.9463142794085191
10_200477093_158e8132c2,0.9454458276358083,0.7293600390815828,0.9781210732500555,0.81127083517065
10_201960469_f9110392d6,0.9114041339985745,0.7371942295630357,0.9807010785824345,0.9379748338081672
10_206775277_55350e13b2,0.9404536862003781,0.79646408839779,0.9560935833908298,0.8347419928825622
10_206775389_ad06667dc2,0.963229164319672,0.8210382513661202,0.9748044576728733,0.8779433511545899
10_215268421_d9e8d9a11d,0.8433524115052313,0.434710875755076,0.9048684836000633,0.5984684534709506
10_217098809_9fddf98ceb,0.37477894899416964,0.1077074095386386,0.016471324109788972,0.2388218049835974
10_224830165_1fc5dcfecf,0.8728669146765871,0.6347164746672632,0.982916495831625,0.865579336688292
10_229961305_0a965550ec,0.19377719756309836,0.20661533366451398,0.22796274378634282,0.3338643067846608
10_230453144_086f387b70,0.8071040450794928,0.6816192560175055,0.90770802588262,0.8523387634562256
10_23411894_f0827bc59c,0.8612045955669027,0.8026769930128799,0.9609135399673736,0.9559319566114198
10_234794066_610aa191d1,0.8208303725510101,0.5768558951965066,0.88116380124693,0.7233842432928741
10_236916255_307bc2272c,0.6756873136800265,0.432075117370892,0.7171296296296297,0.5618755980861244
10_240787824_95ef80a11f,0.8880911410431377,0.550175523544365,0.9304961864051631,0.77117145439541
10_245737491_33814f1975,0.09661270523246893,0.0,0.09826471190706113,0.0
10_245741115_52f74157d9,0.34910724375635666,0.029897122565147004,0.3661550314092687,0.03857641311933008
10_246111556_0fc2277e24,0.8665468583599574,0.7039133473095738,0.9531725417439704,0.9202164868745628
10_247193222_122354a299,0.6067273446774831,0.4934829690884032,0.6210861056751468,0.5587964997802374
10_252237817_b4d44ff2f7,0.033936048217190706,0.0,0.03210262749599505,0.0
10_256056095_92cb6f9946,0.8966393296487788,0.8275540878106609,0.9284154561853223,0.8821493543949949
10_256246201_af99191b82,0.375103214600951,0.05201906898485698,0.39204832901824244,0.06957304990091875
10_257305705_33f7249c08,0.5016976556184317,0.22576411819490305,0.4905368324773095,0.3318068407920917
10_257430398_b468551510,0.6903081576294218,0.43153746889114203,0.9208110657026093,0.7894577502691066
10_257476956_dd7b951ab3,0.7722252323594382,0.5579063058112378,0.7593746764675432,0.6637602967387639
10_259829970_8ad028f44f,0.12807802211454838,0.0,0.13112773156274646,0.0
10_259830185_a6b7dd03eb,0.7591811766762065,0.3827927014698429,0.8016678248783877,0.4567889693853704
10_259871222_13311d0e2f,0.9150345622119815,0.7353089533417402,0.959682720539901,0.8734177215189873
10_259872599_ece5e7f0f4,0.2594404342898049,0.023380235216479296,0.28028408651491327,0.10819697201406943
10_260120621_66276c1d6d,0.8152857891976927,0.6582136973405507,0.8715635433686155,0.7722985884238427
10_260372546_03d18a4e9e,0.37755755328513885,0.06400418555981863,0.38553592847017776,0.13563614618875092
10_260372597_3269d98a53,0.11375705196285722,0.02984846833097133,0.10916648641531791,0.03942668333631005
10_260610820_773d74b04a,0.20093038561641788,0.03055652375973045,0.4033328329079718,0.1147044344302647
10_261185388_23b72d8b06,0.8726868985936344,0.8736745647336038,0.9701739850869926,0.9730496453900709
10_261412567_6cfa782a7e,0.9518212563064811,0.7674483920797641,0.8461268927543486,0.677620422567487
10_261717707_bb5b8e0b80,0.5043822613050695,0.42211526695762125,0.5457893206706076,0.5118018542571774
10_261964240_8eea8f76d8,0.2543583630610653,0.05280768996775567,0.2554827860872644,0.05414761314586093
10_262725611_c3ce2b827e,0.9297433493495839,0.901058420670333,0.9554923657043951,0.941491354852524
10_263409221_258fe30291,0.92924000406959,0.8465969703435033,0.9808547564811801,0.9554343410897697
10_263808439_8c5342f1eb,0.23047386239494663,0.07016135506141126,0.23470804769986994,0.1558966816803015
10_264482836_a97bd01e84,0.1975811617598073,0.017843786729351427,0.2025372977516285,0.04719591185756599
10_264484124_5edf738e12,0.3144361361208607,0.12340746799207274,0.3352584582616531,0.37816916412186635
10_264977419_e80d1f1333,0.6838255665761622,0.3603585132245687,0.8488189525836503,0.5537210623490981
10_264977628_cde9f779bc,0.6670559876742626,0.4164267460291787,0.7080425703893305,0.47593259214424516
10_265627532_6350797cbb,0.9489152013613159,0.8531936637710782,0.9590093936806149,0.8803629497534878
10_265870892_766e28e379,0.9514251194464276,0.8573295222539812,0.981370554011063,0.9189536522676395
10_265917413_40738f7de1,0.7756930153734415,0.4579982679698132,0.9652563310685608,0.9516705708297374
10_266085492_354fea0ae0,0.9476649746192893,0.8317255717255717,0.9843617021276596,0.935273368606702
10_266284290_829ababfdb,0.5179063039522187,0.2210182767624021,0.5471573982125124,0.5456923396304754
10_266448508_94af676059,0.5711738997086336,0.3324640780243565,0.8487231652142229,0.6879378617118489
10_266501049_f8f3228c06,0.9237872494858663,0.8500564187136533,0.9610119047619048,0.9229196018724719
10_266505582_b6bea7d285,0.41075452242435045,0.34059912323429126,0.42526070289252876,0.5047767483476203
10_266618383_e120335223,0.8812981889904967,0.8063201384623974,0.9478289913159653,0.9103316247761378
10_266623585_51b4e13abb,0.9274052940244095,0.8554531922597256,0.9614010007147963,0.9356730009563807
10_266684747_d96b086291,0.9264439889063065,0.8353503326932523,0.9504334954535842,0.8807578342462064
10_266685287_18eb05146e,0.9278232812112187,0.8500110815602837,0.9630675873613727,0.9307371505861136
10_266685774_034585ce2d,0.9171261691786138,0.8323961545438056,0.9650840408941258,0.93340922026181
10_266691786_6d0cd9edb2,0.4951419383838733,0.3328287057914063,0.528378101673461,0.5679820277397929
10_266773213_3f861ca816,0.8531082818396716,0.699838081484399,0.9785436566985072,0.9473377483443709
10_266774009_d85fd2d1cb,0.12592274559228842,0.0,0.14216912684513386,0.008530098598858329
10_266774040_f40061481f,0.9438761145002347,0.7696199552888575,0.9664562727745966,0.8149701660069711
10_266809441_93200a116b,0.8916967509025271,0.8308990357345434,0.9595435684647303,0.937667161961367
10_266939706_4c0698df47,0.9616392380840227,0.8747364969316531,0.9775095995611629,0.928960950433343
10_266943402_f88493c435,0.9376121760356092,0.8714382888670547,0.9764643559860754,0.9503777335984095
10_266985450_6d8e8f730d,0.7729936376827771,0.37794874544284796,0.9299536278372442,0.8130559540889527
10_266996498_e98c27d9fa,0.9210133237736751,0.7727367109634552,0.9558107167710508,0.8957668663917205
10_266996502_b334ade588,0.5393182212547126,0.2959564639625388,0.5942224749988151,0.42524200336700335
10_267001913_e22cf985d5,0.8624692017692285,0.6244855967078189,0.8782679738562091,0.7350753768844221
10_267014693_4f1ee75c4a,0.8744036294453388,0.5982159893150162,0.9577651821862349,0.8485555555555555
10_267183829_e8538b16ff,0.9578720787207872,0.8531810766721044,0.9675169071835561,0.8494115763349612
10_267183852_ce52f4236d,0.8798292777562219,0.7883368227544298,0.9139269683367706,0.8748919152615651
10_267283020_efc5754cec,0.9119870825537586,0.67600810993467,0.9730463447740935,0.8890427004578852
10_267294594_3ac14453d8,0.8929406993792307,0.8268140589569161,0.9701528504544202,0.9469859980665482
10_267300600_05f6c6fee6,0.8920925318356225,0.6475790674926638,0.9703322907311634,0.8980897713371601
10_267300813_22fcf61089,0.8778846469487576,0.5927777989846166,0.9761293920803124,0.9040744808828913
10_267303537_2872e24990,0.1337136098286848,0.35900555006462403,0.13635827700047162,0.3357664233576642
10_267303541_20c1da051c,0.9050153105211522,0.6767644976001259,0.9514468031336871,0.8156369795845592
10_267311260_f18be257e2,0.8773541570969223,0.7506187217935653,0.9529005077238847,0.9214989059080962
10_267393563_c72e472e3c,0.8645282845457469,0.8626917602403922,0.9220494519500383,0.9213042743706708
10_267412727_1727822888,0.9405448236290609,0.7430154286054685,0.9640503464856456,0.8338832487309644
10_267451067_221b5decc7,0.8251681512452281,0.6947003634519483,0.8350237122599428,0.7097633136094674
10_267463817_50230632ce,0.7935950106419839,0.6115338255235799,0.950405166636203,0.9037461226437604
10_267466377_0af5d33261,0.7574895627838694,0.3559652278177458,0.7808874366624047,0.4824507901303022
10_267466379_f8bbb5fcc8,0.8471454177948973,0.4485428540703301,0.9288250961823025,0.7019847194168789
10_267496810_ea8700bc19,0.8308726794328315,0.7576429980276134,0.9669507740476605,0.9554274465691789
10_267551886_bddb4ac4b6,0.3834797234161839,0.3778246788690368,0.3740841017096768,0.4103404187310213
10_267558735_68fd4bd891,0.9347656484426574,0.9042623618679024,0.9250142018557092,0.9042864610559331
10_267561242_d29d940853,0.8356711321250329,0.7830954263598152,0.9077303794485034,0.8674030736989172
10_267640333_d68dd4aa2e,0.921100128921358,0.7317965253380817,0.9635133502476743,0.8746791009587678
10_267661663_55aa54cc71,0.8118848716474448,0.4259093752792922,0.9246330667080842,0.7614862407564553
10_267687096_fc062d2623,0.85620029455081,0.8163110118340383,0.9324631469575947,0.9004172047283202
10_267687692_468e936114,0.7945695430960656,0.5687276104550882,0.865199683222084,0.7356043956043956
10_267687863_2b911db6b9,0.9226757597031391,0.76100583090379,0.945489628557646,0.8519034354688951
10_267688089_a88a46dd9d,0.9360147304217734,0.8437348814707305,0.9732652813221534,0.9471329505629706
10_267688590_6ab2c60659,0.8954684212086186,0.6352073535699017,0.8497927334796391,0.5211008235715382
10_267688716_d3bfd5e5ec,0.9197920369712052,0.7535403231168141,0.904325092877127,0.7207980972515856
10_267688742_7cf79bd0bd,0.6462468778756408,0.43161723208126923,0.7253341342543925,0.5330710761434858
10_267688939_7a331af52c,0.9346390239427576,0.8057686004588659,0.9583779052805601,0.8789473684210526
10_267689043_8ed546e74e,0.9153522173589892,0.766955266955267,0.9545171062009978,0.8678453894302123
10_267689095_cc345739aa,0.9459239943572864,0.8592125248276667,0.7924074764805835,0.5167893407833235
10_267689217_5f9b7de27c,0.9590490922413091,0.841186642170107,0.9531795160382668,0.8182013422818792
10_267689464_3dd591c84a,0.9251050630378227,0.7742738589211619,0.8832825491917575,0.6776157440181226
10_267690183_224c509150,0.7685176470588235,0.6058394160583942,0.8108503658844309,0.680021887159533
10_267690371_4874327dcc,0.8551910624066036,0.6585654008438818,0.9656989944858904,0.9213095355487625
10_267692916_7a63f7888f,0.8722823587133176,0.8273808122424956,0.9550565614702585,0.9539135690540949
10_267692977_62b9a260bb,0.8755007982649035,0.8557607535613196,0.9402426090414955,0.9375585388698096
10_267693197_b9d8dd822d,0.8705903801160706,0.8467836830751128,0.9424574414292938,0.9170868915186378
10_267693240_8ce8970324,0.8846023688663283,0.8238845076934933,0.9101724514298188,0.8456068805061041
10_267693798_74248c315b,0.9148796414358024,0.8698852808191024,0.9550955679826392,0.8992574903921495
10_267693828_c8c86c50e0,0.8848252752513164,0.8226876757967175,0.9565479782739892,0.9214318389752973
10_267744690_ac99310c04,0.4258734655335222,0.03628087734241908,0.44069097888675623,0.051889223424742996
10_267767008_59aabbd596,0.9386636903251991,0.806854365677895,0.9528821113109781,0.8499359248184537
10_267778234_50c3b2c18d,0.8917000722875731,0.7623117033603708,0.9625889873601627,0.9013692087247254
10_267779210_3d38f9a927,0.3344833534586855,0.22543720190779015,0.3836018546315754,0.2768173235780033
10_267780676_e2346e581a,0.9188118811881189,0.8834895533329843,0.9702818627450981,0.9625546906074208
10_267781157_7f33392f45,0.9240910434525569,0.8323480571238792,0.9769596953348143,0.9390165800896606
10_267781192_ae29cb453b,0.854991034070532,0.6712172923777019,0.9060270924677705,0.803874415497662
10_267781224_2039c2b3fb,0.410275326821495,0.1797174171398389,0.6491510955136109,0.5408224674022066
10_267781270_9648a04e83,0.9376175012818322,0.7761130501404614,0.9705000599592277,0.8818824404761905
10_267781788_2765356aeb,0.8796676944158959,0.8194266797080731,0.9434782608695652,0.9154156577885392
10_267782373_d2cbfb0560,0.6630999311682623,0.4783535641827998,0.8292773164515334,0.6046436285097192
10_267782444_2e0050ebd9,0.9274967820894262,0.6787651230705048,0.9277254519865757,0.7439168331214817
10_267782578_6f209f0815,0.741842397336293,0.5671500203279577,0.9655973290753375,0.9555673382820785
10_267787440_0399594cbe,0.4233728705352643,0.2424310216256525,0.7787730523146406,0.6786438078545216
10_267787613_cd71b51421,0.16099570716528855,0.13717505908016725,0.16370085896045264,0.2504685408299866
10_267795560_bcae5fb9db,0.82987109338774,0.637675736355375,0.7852817679558011,0.6694598067147087
10_267800563_c521d904fa,0.408218207580588,0.14365795134866788,0.8765588003157064,0.7634752908528125
10_267803933_d803fdcaea,0.6665940969738439,0.30584659681676396,0.8604928093798663,0.7097101940103536
10_267849716_999316bd5f,0.9006867117178736,0.7069012600944096,0.9400029953571963,0.7875220718069452
10_267907104_92b81c94cd,0.3378019476413305,0.3764820148703865,0.49640150308897524,0.3298356157422699
10_267920434_fbb13ef558,0.49928780896522834,0.20344123651210266,0.9371923817676011,0.7217156680312616
10_267921452_ed232ffb29,0.9002507804903015,0.7879132114052028,0.9271780093105741,0.843362264810392
10_267923236_a7d4c3971f,0.8492702860478692,0.8471622701838529,0.9525405550341869,0.9360655737704918
10_267935839_30e321dbe5,0.6926559356136821,0.20600713528107223,0.954049323786794,0.6396890343698854
10_267942018_4013a57095,0.9294843818193154,0.7469269451040648,0.9521005623552762,0.8541498791297341
10_267960073_30075b5290,0.6255519386340929,0.39123270409770516,0.8903686449260685,0.7528520384002755
10_267974667_352a19b37e,0.33317992044445904,0.19766016713091922,0.5900788709007887,0.38225326075793364
10_267974673_5cd8c01d05,0.5577944552962544,0.3573669378422928,0.7232296672409103,0.5286013372053758
10_267975486_b9cd08a46f,0.829437442793776,0.6848849945235488,0.937022820264057,0.867233927606699
10_267976432_b4e9429cff,0.9158617386445278,0.6930151431063188,0.9634639965913933,0.8429317202519059
10_267976435_62994d7dbe,0.7498818562742194,0.43972471802714586,0.7804793571626489,0.5027701416790019
10_267987584_e90efadcf1,0.9096385542168675,0.672419252691577,0.9821537390093149,0.8896417592069766
10_268001653_da15cc1bb1,0.9503192481526652,0.843275265411461,0.9695948448263092,0.904886508854135
10_268001846_db119074c8,0.9561933118297357,0.8394960565399979,0.9688333049741932,0.8751376579789186
10_268008679_05d9f1e40f,0.9370207028287312,0.7225348809942549,0.9725661639575143,0.8481075083220319
10_268012766_eba8915621,0.8109869646182495,0.8132233696028831,0.8950828653609094,0.892243381328379
10_268012886_472fbedb54,0.536,0.36819700398749866,0.8939393939393939,0.7094152811507566
10_268014269_0353776d28,0.9336451647993038,0.8505306926359558,0.9834330418775886,0.9605416763950502
10_268014760_9676395938,0.47493778883754,0.353671920607122,0.554652466367713,0.45465881537928643
10_268014977_b47bfb117d,0.05252708920884667,0.06143063285920429,0.002593063121073424,0.5117404851991988
10_268015474_2bd515353c,0.7942051683633516,0.598463476070529,0.7431854623196151,0.614066618739516
10_268023025_784a1ec774,0.9471836871134882,0.8481694402420575,0.9603733632945853,0.8513040328423086
10_268026286_c48d28c944,0.9224371478110099,0.7713834872604075,0.9507478081485302,0.8530499075785583
10_268032800_bfc9cd4caf,0.9084964946056886,0.7554681504221028,0.9735574098013867,0.9422397891963109
10_268033410_d278ddd024,0.14390342932100694,0.3886112653464125,0.14783187492897382,0.4557911738654718
10_268037364_97cb639b9e,0.9130648598437244,0.8534050553582619,0.9614955029098818,0.9376778441109189
10_268050666_fd8484795a,0.9292829004259681,0.8201301186375813,0.9466617925625602,0.8683695226491449
10_268051804_e75c8bd959,0.805551024846409,0.6203505906006535,0.9630973188668668,0.9302142643092598
10_268067924_c212238b2b,0.940463495201186,0.7999827682763968,0.972011998789113,0.9060540844016094
10_268077139_f4250e6df3,0.5065579340808699,0.38492694180979237,0.5552127619549269,0.492708513458989
10_268087093_7d2ebb8690,0.9167382711806152,0.8180101296248605,0.9724500138210633,0.9325916230366492
10_268090450_7103d5475d,0.1815136530402123,0.14654249277995912,0.18076978729561569,0.1809866161697211
10_268092274_58b19335ec,0.8619905544866189,0.8172125293337414,0.9014626635873749,0.8930175363558597
10_268095200_956217bde8,0.4988554283809312,0.4414552676717523,0.5503862618707868,0.44360368881532275
10_268096162_0b812ff56c,0.9318012367878602,0.8129206730769231,0.959574863083635,0.8806832613665228
10_268101001_cb023c75dc,0.881074481074481,0.678513731825525,0.9390076898767513,0.8565521628498728
10_268113688_6486df5217,0.9342130065975495,0.835947401774398,0.971723044397463,0.9312688821752266
10_268118418_3053caa1d7,0.9011695906432748,0.8068993672177995,0.9428936714255274,0.9400948991696323
10_268121720_f0d8c64b88,0.08692172242676485,0.15846653346653347,0.11299223256491951,0.14329299298281298
10_268122508_c361b4db6c,0.16581676750216076,0.1408808120497708,0.011864690014084843,0.1416113144458
10_268127478_dfb1265d0a,0.5620818489877487,0.27444229919281676,0.683862271780419,0.41954646884988844
10_268129990_04e858de05,0.4357609385557216,0.15979997825850636,0.6546229732673575,0.5078142116409844
10_268131111_8fbe13baef,0.9193183302137291,0.6661614885913951,0.9690415606446141,0.8737949596280891
10_268132722_ee1448d776,0.7318556662562036,0.587786709065748,0.9362806949432204,0.9161008928938814
10_268136909_f2dc3bee43,0.9022927314026121,0.7974607467508076,0.9520626432391138,0.9059987881236113
10_268139713_919734cac6,0.8697383949645948,0.7349217088729944,0.9497387957107506,0.9133415069103878
10_268139718_1a9192a52e,0.5084939936499624,0.33912223397892993,0.9001874130947343,0.794641598119859
10_268142756_1007aab622,0.8615050021748586,0.8892839560199114,0.9649713041757372,0.9753851602620861
10_268145469_9c89086dd8,0.7296146148714527,0.5893483167651155,0.7714348087103641,0.6384197678473571
10_268146459_503a3645fe,0.9678115148498424,0.9065365159658552,0.9723627320767514,0.9169933594687575
10_268148358_2c990817e2,0.930153783618996,0.724274930472785,0.9746284885828198,0.8596134908911867
10_268150486_bc129aa419,0.8245134139926354,0.8399232015359693,0.9653222766679231,0.9582055725903212
10_268155424_8f0e352947,0.8598768994037315,0.7630368098159509,0.9482847963519536,0.9106757896710095
10_268155490_7dbe72fa01,0.9160594114601999,0.7716324231532643,0.9233999664034941,0.8184863796133568
10_268158274_128ba8610b,0.8115775487485187,0.4725444276071084,0.9750295702457616,0.9448019918259971
10_268167124_b277130727,0.9335443037974683,0.8669950738916257,0.9652926937370018,0.9341990686404422
10_268167939_2e6847d767,0.808406850025947,0.633993783993784,0.8339792336940626,0.7081063632328612
10_268168007_aba64bbe7a,0.8766461627378938,0.7717067108533554,0.9504318265343623,0.9235732918401904
10_268168010_d3852a2e6e,0.7040397494059192,0.6103143376909084,0.7301514244948681,0.6402874545374874
10_268168390_affe478866,0.7008841195923601,0.6608308257454375,0.9130052724077329,0.9186770631639541
10_268169446_590c2cc58e,0.8923715393436357,0.8190031686220776,0.9060809998798222,0.8600998594212032
10_268171006_3b22a27896,0.7939098250336474,0.6492810990162408,0.9614629610496952,0.9462746677406363
10_268171623_00e193c516,0.8416555616524262,0.8155566152704923,0.9230837948901197,0.9359150889271372
10_268172530_e440f57dcb,0.7451762079413172,0.48108903163835026,0.8830297219558965,0.7636466198038705
10_268173785_ddf856ecf5,0.8633598903452412,0.7152428810720268,0.825204041974349,0.780232380369974
10_268179190_1a6efc3d39,0.8087974245569697,0.5904523580365736,0.9644908046812531,0.9171472780981854
10_268180917_4556a9bb75,0.9277152066055844,0.8357657131737692,0.9568952409913334,0.9258160237388724
10_268181570_6369b8852f,0.8874028429381696,0.8667776852622814,0.9597499618844336,0.9561968029894125
10_268184826_e9accb1339,0.8982007324451993,0.7353893101535047,0.9500673183867002,0.9023049153013052
10_268185248_9471d517d0,0.8717670695538476,0.8019429076079898,0.897792571829012,0.8163567320042442
10_268186388_89489d8fdd,0.9068525475828236,0.6212542171065688,0.9520670865011257,0.7489079436984307
10_268199200_cf412367d9,0.9428166231924431,0.7785137652659905,0.97216445368741,0.8724637681159421
10_268204981_fe60d55f2d,0.8904064505512589,0.8295311477060986,0.9419929688447084,0.9163433430773319
10_268207227_f985bd3500,0.5680558265520447,0.3354040317234267,0.6936860189405234,0.4580447340323596
10_268210168_c2c0833ec7,0.5054012816600549,0.24532356921117568,0.7437050359712231,0.5367108107436579
10_268211018_3b6c9d60fe,0.915014790854552,0.7027289031069749,0.9549531535648994,0.8357272050218109
10_268211019_270132655c,0.5607899678111588,0.2684109664046306,0.6527530732440018,0.36788689724816964
10_268212162_6982292e19,0.8885404305814545,0.7921840481450446,0.9562125748502994,0.9225070750790744
10_268213254_f293aaba36,0.7763721689451133,0.7230769230769231,0.8671254004033693,0.9056800835542701
10_268213338_b07e31403f,0.9123402330053162,0.8572101346896487,0.9609942168081703,0.9347692935892201
10_268214583_21290bd084,0.37679883013725946,0.3104493072640166,0.42890986206105997,0.4597496816969755
10_268214893_d72f1df309,0.8378770038945748,0.42195241877529405,0.9820066602212912,0.9497911127990885
10_268217148_13cbed044f,0.7827397260273973,0.7154018498305279,0.9029308065226972,0.9079994511525796
10_268217391_a99ec26edb,0.9316947270490081,0.8543768075051139,0.9451307095662166,0.8851094366702548
10_268217543_52a2013e8c,0.8921093808211012,0.7447330742483126,0.9465444983153916,0.8806033869361036
10_268227714_a9172f0585,0.7674201817758098,0.6488541519309662,0.8455930501593399,0.7190158657162566
10_268231155_a6210a13b7,0.6174242424242424,0.534121149249019,0.8456338549865728,0.8306900224878684
10_268231902_1586ec90e2,0.7366905533195903,0.39448640483383685,0.9367511720784858,0.7576970922096097
10_268231974_e051f78f99,0.9394066025908901,0.7730164044191496,0.9618253939371884,0.7741813602015113
10_268232243_8022b3ca0a,0.8626084453764237,0.4648403112785661,0.9483088999191965,0.8013066325805993
10_268232438_d4c7878070,0.8536742034943474,0.7903564840633177,0.9421310017783047,0.9161004579998994
10_268232457_4d016499a5,0.5140136054421769,0.2496652808117821,0.5390666731413587,0.28375550263404775
10_268232543_47709ca249,0.9157433569319661,0.7470323674703236,0.9507885365440054,0.8867051050039981
10_268233109_174ef0fd9b,0.7935163274964505,0.5028449026039227,0.9555933595354021,0.8847423628233524
10_268239670_5f96290ab3,0.9498917414166409,0.7629275595992169,0.9740728762397585,0.7999439304737875
10_268242883_22851fd122,0.8481781376518218,0.6305910149968825,0.9375220926122305,0.8179111781738102
10_268246654_5600cde952,0.8889870761073677,0.7762878533914404,0.9428243675662622,0.8915345498055639
10_268252475_3716432836_m,0.8895995127150906,0.7959809786777113,0.9694681549573211,0.9370779113819799
10_268253251_48e9b94730,0.6738289753374139,0.5667276608722172,0.7192242599117721,0.6293205027494109
10_268256903_3b133255f4,0.87768569071841,0.600833150624863,0.9523913901188024,0.8847415914684167
10_268257348_58c33fa2d3,0.10733155633128125,0.0014744320085785135,0.13169073916737467,0.03814033577270771
10_268257878_a7f3698218,0.4016827208942799,0.480482465198893,0.42716358500256807,0.4595183063678692
10_268260683_84238c97a4,0.7197208838677521,0.5898363978572463,0.8513400335008375,0.8750267265341031
10_268262004_d06aebbcd6,0.9388734251391737,0.7353711449009107,0.9774835456679881,0.9462605490348239
10_268262571_a713359657,0.7702127659574468,0.5965123539380965,0.8231850862123815,0.6477901205388797
10_268262591_b9821c9af8,0.8714859437751004,0.7894116580545735,0.8850557396806267,0.7925451807228916
10_268262614_2621f16475,0.8285039370078741,0.8207683529859262,0.8526891522333637,0.8616071428571429
10_268262624_e2c6dfa278,0.9159267480577137,0.8169695605694031,0.9622200128662495,0.9147936734451183
10_268263570_c28d1e707b,0.8349031455482495,0.8500707213578501,0.9022942241899778,0.9202035387995837
10_268272471_95133f344c,0.9010767448843894,0.8012994277354675,0.9462593171988589,0.89067183105086
10_268273406_d54a0783ee,0.10820895522388059,0.18397247679212267,0.10323845409644075,0.20923571025563126
10_268276931_3412319482,0.9462794797591724,0.770313534996688,0.9913409290096407,0.9656947930745962
10_268278759_66f39a7eb8,0.8498399715504978,0.6287718820243853,0.9199805068226121,0.7338184023040776
10_268283312_da35ac9f4c,0.9615961736847041,0.8134357005758157,0.9871860211139425,0.9369739952718676
10_268283436_b55b7f7190,0.953099809467976,0.884440161205537,0.9898318042813455,0.9742780202432909
10_268283665_4ef68e1d4d,0.8001025699470056,0.5711511722683033,0.9265551750507032,0.8664272774327122
10_268283673_7b0903063a,0.22949017939445507,0.13013059701492538,0.2573248407643312,0.15968981115818195
10_268283692_95ce1b1fb3,0.8682801031541361,0.6426487377901814,0.9485065451652563,0.8261958997722095
10_268283809_06f7e47848,0.8789286420241155,0.843468224770973,0.9483864073519983,0.9399629114510895
10_268283974_7a8c597b0e,0.4171111697913916,0.2076874205844981,0.6067257192129811,0.4179912073047007
10_268284017_749118c309,0.47888214466363177,0.3265557989571442,0.6634311314125088,0.4394743146582703
10_268284434_26bb088f22,0.5722133533665132,0.3394876357839321,0.5870867968296927,0.46309280146322346
10_268284540_ff074283d2,0.8601618837380427,0.6484702646957717,0.9183550141534939,0.7774689712936876
10_268284552_7906464eeb,0.8794727826417967,0.7098166783206153,0.8921389841223527,0.7677114096090947
10_268284576_f631047f15,0.8947395806233415,0.7248683727194808,0.9513558848196813,0.8130494237155694
10_268284865_e4bc4109fe,0.3983176899010104,0.3511643993543924,0.5486587868922075,0.42343602589544227
10_268284889_853fac59b5,0.9426102370928429,0.8441987732765269,0.9888014970322505,0.9660178935802857
10_268285156_43e66d3ffd,0.3599645814238889,0.2779442052050178,0.5621532615579481,0.4153676106262149
10_268289886_b23a2eb6a4,0.9057643285913988,0.8795274280326141,0.947849223946785,0.9378463296201085
10_268302285_c68ec99f56,0.6154350882674582,0.5970527501407922,0.6477227459832692,0.681784483886442
10_268304754_2c3987b247,0.9143187066974596,0.7990659948383926,0.975258346581876,0.9343041644702161
10_268307429_6d09236528,0.6885619261080183,0.4010899371724114,0.8714883442916915,0.6667662243461194
10_268330988_399015a7aa,0.9178816135181083,0.7834748083242059,0.9467588780942972,0.8584919366555281
10_2719989.izfennel_p320001972,0.9232986111111111,0.839074994596931,0.962051694512485,0.9218806673920928
10_28113685.growl,0.7638557338218694,0.39810455149100565,0.8850836452180186,0.6942794833081698
10_28242550.img_5000,0.930400795419481,0.8036957411957412,0.9679610592466127,0.9097210760851626
10_28664556.moe,0.4148007590132827,0.3362640246702972,0.5372651678472437,0.4081193431410124
10_29187800.img_5050,0.6658569675043607,0.2578689737606011,0.9590213036804074,0.8019326250600609
10_29421652.pict1700,0.9004024715152202,0.8946440379105135,0.9321683005541009,0.9326883771631013
10_29475162.fuzhou620fupeixi1,0.9468528553563985,0.7495877359066756,0.9713634266170842,0.81
10_29566017.littledave,0.36824877250409166,0.26845161020842906,0.3865118300937713,0.301279602750191
10_29665117_112d6360cd,0.8714591648009344,0.8528158830656193,0.9274241203330648,0.9095496091649778
10_29912710.xcountry,0.7230704432978835,0.4668758296126463,0.8795439879543988,0.7464672113049238
10_29912713.stream5sm,0.8849320080492713,0.7933093099553595,0.8467413112419908,0.7288610088651563
10_30169653.kazi,0.5676100044596403,0.18497421073513576,0.9592204573617213,0.7250145687645687
10_30169659.rosco1,0.5381546570376087,0.43565941101152367,0.591457902892562,0.467084738285066
10_30589357.1kid,0.9498376037531577,0.798345238707025,0.9652099674510431,0.8055944755804644
10_33152466.catlamp,0.6798195659992806,0.4421665233780835,0.9166440854611777,0.728713009491904
10_34312677.foalhead,0.5324619593398537,0.5090154259432619,0.5470378652920441,0.5223047611716254
10_34312982.naavah,0.44827225568942436,0.424203524331894,0.4526538453236634,0.4442465265407909
10_36687635.gpzoo_przewalski,0.8914585698070374,0.8528569274837932,0.9644610249361869,0.947675568743818
10_38136691.kleinekater,0.7095653722835767,0.5424204727208104,0.7730160281469899,0.6469880517756389
10_38139938.pbdogs10,0.8811355797293712,0.7130221694681625,0.936002049105346,0.861748538521944
10_38173560.pbcats02,0.8994022689383158,0.7748341139734582,0.9407697727673067,0.8528571428571429
10_38173647.pbcats06,0.8781456144637185,0.7871247391234548,0.941132938643703,0.928706774040739
10_38527623_0542f07e1c,0.8227109515260324,0.8093452197971104,0.911476775671735,0.8787070553121229
10_39452112.img_0488,0.41593147049481005,0.31798553926491263,0.42178006973296867,0.2920622096546152
10_39459084.img_0498,0.9547421045041581,0.8534644928672206,0.9833412780049675,0.9416991944190681
10_39881820.b91u0017,0.7187347038668624,0.5016351118760757,0.8102210533797711,0.5727315467795017
10_39898384.img_0501,0.7823983946808829,0.5127584089513543,0.8148370578752726,0.6286129166090444
10_40677597.img_1543,0.37419885782687845,0.2491542288557214,0.39160437032777456,0.24287107909350142
10_40682501.img_1575,0.5065900445540523,0.12339386216417118,0.7009800686378036,0.2883482518552521
10_40837312.dsc_0800,0.6266437625873712,0.546500603344251,0.7752569750367108,0.8150324629164495
10_40837349.dsc_0822,0.8054166960031918,0.4956768512624655,0.8806394132686001,0.6937726369903026
10_41100185.dsc_5762a,0.9123129619614206,0.7573680931614512,0.965939064948966,0.8969210174029452
10_41105485.05_0226_aabbspoth2,0.5722717278092814,0.1096449890040842,0.7822107765451664,0.46302578018995927
10_41491048.streakedspiderhunter,0.4432344393702296,0.35928162158831867,0.48103373389315185,0.41464407173792983
10_42230402.p1010014_x,0.7861606191862529,0.5849462365591398,0.8721632395311205,0.7384531407457172
10_43047581.ds20050506_0127awfcat,0.16428032295693146,0.030710912653795497,0.1714159566597456,0.03773948823453774
10_43047908.nandaihe,0.5350754394151501,0.36290747676515467,0.8820752949990635,0.6841463414634147
10_43097193.p5050256,0.22874802357337934,0.08815090427796597,0.30763779527559054,0.1798925924814737
10_43137038.copyofds20050507_0056awfairliegallop,0.8282221194842554,0.6448161938224343,0.942088570421708,0.9025894750369466
10_43642598.pasqueflowerpasque6,0.9000282406099972,0.7226469954770622,0.9802426882389546,0.9522486430602223
10_43642599.pasqueflowerpasque7,0.8655602923264312,0.7487699199529999,0.9490924440692275,0.9072425900220462
10_43642600.pasqueflowerpasque8,0.7416336035880627,0.31673678549963624,0.935053933472638,0.84750081672656
10_43642601.pasqueflowerpasqueflowerearlyeve,0.3984421918506251,0.06466770333310796,0.704560239396305,0.41533546325878595
10_43642602.pasqueflowerpasqueflowerearlyeve2,0.36639421565545427,0.09703995032084455,0.5306625577812019,0.31861837537607035
10_43900979.may25_05_129,0.9050554231845023,0.75997335997336,0.9505729433897725,0.8792801981640682
10_44399460.pinkflower,0.8899093440777389,0.6673814165042236,0.9782003710575139,0.9351346884812428
10_44859864.1,0.8942868991036397,0.6892934405485939,0.9457258230100609,0.8660079240059191
10_44859870.4,0.18630398741113327,0.0044914662141930335,0.3708602543784794,0.385059906768887
10_44859872.5,0.41724764293746214,0.18031203943690602,0.46640378861434206,0.31527991343470585
10_44859874.6,0.595928861213322,0.2970004518438706,0.643753735803945,0.42367467767693684
10_44859876.7,0.917903112567283,0.7502137056560764,0.9636834952433684,0.9003769520732364
10_44859877.10,0.47486949450434146,0.2972905714374592,0.4995404155757339,0.4627873382740862
10_44859879.11,0.9083501190258194,0.665283540802213,0.9318484206376583,0.797117373319545
10_45873784.happychap,0.9238586266158559,0.8319305019305019,0.963907508031571,0.9298288211727571
10_46084071.commontern1,0.8625845833530498,0.7386263055408037,0.9252834168204588,0.8809606338202526
10_46084290.commontern2,0.8876378137461881,0.7512136687472417,0.9553191489361702,0.8892196911998892
10_46084614.commontern5,0.7906183368869936,0.5399437741595409,0.9612275975166921,0.921775433970556
10_46642384.roadingjuly02006,0.7709609758790087,0.674355834353835,0.9470049281599222,0.9192966340791286
10_46642386.roadingjuly02008,0.7927349661132427,0.6470451604340179,0.9101806516967753,0.8078071093538008
10_46642387.roadingjuly02009,0.8197007965805323,0.7241837235486013,0.8214447293017645,0.7468223978014428
10_46642874.roadingjuly09001,0.846480147219363,0.7544951400170719,0.9099203832875361,0.8436975714403586
10_4869984_22f1e00917,0.7915898696156735,0.7517392079914378,0.921597154865826,0.8829015544041451
10_49513253.0509180001.fsn,0.8871685171980578,0.6414561664190194,0.9639599555061179,0.9028155046781356
10_49513256.0509180004.fsd,0.9005635760055586,0.7864402362751911,0.9614035087719298,0.9114423297408851
10_49513257.0509180005.fsdp,0.8572618108510824,0.6452450656341486,0.9737496826605737,0.934571504377819
10_49513258.0509180006.fsdm,0.8841510735535052,0.7044056006421119,0.9747496526280485,0.9505141388174807
10_49930782.initiationjunior1123,0.8964227448171581,0.7452502141813234,0.9719120879120879,0.9274476942206844
10_49930784.initiationjunior1125,0.7915515526577522,0.3931021130656046,0.9244912038634012,0.8118593778097465
10_49930787.initiationjunior1127,0.8544082605242256,0.6540445874946751,0.936648284034456,0.8671147090270352
10_49930789.initiationjunior1130,0.5489400432325837,0.38763728527175445,0.5460989464485119,0.5390340397195347
10_49930792.initiationjunior1134,0.8101344833456279,0.6638436814448242,0.8803877221324717,0.7888531033353349
10_49930794.initiationjunior1140,0.8661641695008733,0.7566309137773344,0.8622893081761006,0.7789150868249164
10_49930795.initiationjunior1141,0.8440245380187822,0.7002649708532062,0.8471970686096955,0.7329738436219756
10_49930796.initiationjunior1142,0.8887734687596184,0.7805887586553711,0.8660266936129005,0.7504523413186655
10_49930797.initiationjunior1143,0.8511530398322851,0.7695512686971376,0.9135276608847378,0.8808322824716267
10_49930798.initiationjunior1144,0.7769706645380163,0.711438270982488,0.8365276717985547,0.8275320970042797
10_49930799.initiationjunior1145,0.8081372676459119,0.6524854302365444,0.8977919197762992,0.8285359376338559
10_49930800.initiationjunior1146,0.8258121978115193,0.6897309829316065,0.9261186264308012,0.8778591410235314
10_49930801.initiationjunior1147,0.7588801399825021,0.6022943863056065,0.8726503998777444,0.8185936415949068
10_49930803.initiationjunior1149,0.8419068736141907,0.7160290634659388,0.8403996222476267,0.7686839885948356
10_49930804.initiationjunior1150,0.8283386401947931,0.6210678340930631,0.911420643125306,0.8204131824889326
10_49930805.initiationjunior1151,0.8172896049726016,0.6956213736337876,0.7689364957918898,0.6805931744312026
10_49930806.initiationjunior1152,0.8102511613258798,0.720410783055199,0.8143321065165621,0.7304833317103255
10_49930807.initiationjunior1153,0.796889379716547,0.5956704750450992,0.7497395976097802,0.7708939540898804
10_52202391.dscn0138,0.6964934315489324,0.6053834165411945,0.7836298636514799,0.655540900648704
10_52202392.dscn0140,0.8880004791423353,0.8201359463276836,0.9245996514419125,0.8697263462364133
10_52202419.dscn0189,0.8648738013887358,0.8024998501288891,0.895206611570248,0.8283161300261901
10_52202423.dscn0194,0.919636267013079,0.8546171109529804,0.9233192615462164,0.8188028544581862
10_52202425.dscn0197,0.7431198032556505,0.6226159714531807,0.9016822429906542,0.8168431420832307
10_52202426.dscn0202,0.7985773118682141,0.7047847847847848,0.9138503613987107,0.8576791664909098
10_52202427.dscn0203,0.707871835443038,0.590818544005795,0.9156118143459916,0.9058459051724138
10_52202429.dscn0205,0.8457306590257879,0.8039786915265523,0.9182920400632578,0.8475008500510031
10_52202430.dscn0206,0.8870752377578549,0.81904965638955,0.9046523441001584,0.8167743913343382
10_52202431.dscn0209,0.8651695011984933,0.8249813537199329,0.8977766580588272,0.810501119262395
10_52202441.dscn0222,0.8186046511627907,0.8600709849157054,0.9331844029244517,0.9464985191554409
10_52202442.dscn0223,0.8139919206757253,0.8808984133525655,0.9212147887323944,0.9379174422424176
10_52202444.dscn0225,0.8411168877733954,0.7387405144377649,0.9376027960526315,0.9056851138214612
10_52202445.dscn0226,0.8335005015045135,0.8773637203572529,0.8077087794432548,0.7897842309249725
10_52202446.dscn0227,0.7644089946374656,0.7240025332488917,0.8949253402391316,0.8704222111439199
10_52202447.dscn0228,0.8841437269530915,0.8394308943089431,0.9129123468426014,0.8681031911720847
10_52202449.dscn0230,0.9013224354853522,0.7998085738753715,0.8514474606831614,0.6900881901840491
10_52202451.dscn0240,0.7959019114926719,0.7109239016918472,0.6515049415992812,0.6210892639638073
10_52202452.dscn0241,0.5158403504134728,0.5978407814314819,0.6645379023883696,0.6138376053056104
10_52202453.dscn0243,0.8764583553628705,0.8393746234103955,0.9363992924709682,0.8635826708808224
10_52202457.dscn0251,0.9225088262843144,0.8751144187527361,0.9150918184247699,0.8336057162403557
10_52202459.dscn0256,0.894676687562775,0.82659053172964,0.8824087425058814,0.8030140758873929
10_52202465.dscn0265,0.8412124763951293,0.8063840244186348,0.6838273725080266,0.6676005855924075
10_52202466.dscn0266,0.8623846063958244,0.7938462697247015,0.8885672330606251,0.8242387239563459
10_52202467.dscn0267,0.9074971234784716,0.864075661297473,0.9095517694997914,0.7961554534057668
10_52202479.dscn0285,0.3348022355975924,0.26023879830530233,0.39426800929512007,0.4070602936582318
10_52202492.dscn0308,0.8000982050302798,0.7479126651248481,0.9029720843272516,0.8863906407092588
10_52523077.horse_of_horse_shoes_079,0.7151335311572701,0.4932434880266638,0.8629124505059392,0.8631090487238979
10_54628916.jan8_06_536,0.8555882352941176,0.6854785112981834,0.9196324143692565,0.8259911894273128
10_54628917.jan8_06_537,0.44369920863054046,0.3294638383163521,0.4919328552803129,0.42719110341370037
10_54628920.jan8_06_540,0.8898093841642228,0.7411903557578823,0.941421228685649,0.8567688855646971
10_54628932.jan8_06_552,0.6353982879174018,0.3475679008339553,0.9167280766396463,0.7560888888888889
10_54628934.jan8_06_554,0.8630937473912681,0.6642064341653051,0.9191346653441028,0.8069337633341602
10_54628935.jan8_06_555,0.8603574848388127,0.6516895426848034,0.885130002921414,0.7683032442875225
10_54646369.1ethansillykid,0.9274339123109632,0.865461375909838,0.961071789686552,0.9224746761370516
10_55488101.bitsy,0.5156039079937451,0.40270810210876806,0.5444558287795993,0.4822888283378747
10_55651847.carlystreetweballey2,0.9121160409556314,0.8453764527539162,0.9483485821815586,0.9051612903225806
10_55651852.carlystreetweballey6,0.9210668500417506,0.7328606658446363,0.9760268583119132,0.9346757357397805
10_55651903.carlystreetwebstreet9,0.5241568615356146,0.2727272727272727,0.49699383959246535,0.3220039075459874
10_55657233.dsc_3867_y_jp,0.10667823070251518,0.0,0.0,0.11550011975606611
10_55768607.bitsy111,0.5747745430578552,0.40823239581194826,0.6128335780291908,0.49949336975197145
10_55768641.checkers22,0.17139937925317603,0.27666111893483547,0.17974730430488106,0.40418653948065714
10_55974006.arabfillycanter,0.645016823847211,0.5315905525166433,0.9329872919276893,0.9141540067261974
10_57572381.cutesofss,0.13552276034088548,0.2013194801090349,0.14564763465726666,0.14113411341134113
10_58229768.20060405022_object_of_fancy,0.7395292097772557,0.38900222131556284,0.7969139465875371,0.5055645540519358
10_59242003.img_4193,0.896289606382178,0.8506042684494729,0.95186600536629,0.9203910614525139
10_59271034.127_2729,0.8921992898357746,0.5940023689027674,0.9678533231474408,0.784487246225924
10_59271038.138_3822,0.8892035988003999,0.8704391023810883,0.9594272076372315,0.9586786859459132
10_59271039.140_4028,0.8879048209488383,0.6977831821157984,0.9379170108661117,0.8220302785819372
10_59271042.140_4092,0.9085515386440947,0.7505032473698203,0.9427679212955287,0.8476717603176513
10_59271063.img_0605,0.949521677182984,0.8814573906485671,0.9859359018070235,0.9695314038196495
10_59271070.img_1436,0.8200081791227891,0.5939461196999847,0.6475665748393021,0.6805329580933116
10_59271073.img_1750,0.9394222897906678,0.8646127570124155,0.9643009702813206,0.9021265177433421
10_59271075.img_1787,0.9081235011990407,0.8647467583637797,0.9304727850615813,0.8990405582206716
10_59271089.img_3385,0.9004864831578299,0.8566498539952216,0.9461026553337286,0.9159966731355698
10_59271094.img_3692,0.9246232820003312,0.7067133391673959,0.9723452104856279,0.8321604735284446
10_59271105.img_9130,0.43267784846732216,0.5314165792235047,0.4425269462853415,0.5583425456486105
10_60607682.rosebreastedgrosbeak,0.7607089312486613,0.5196741642708157,0.756528726396143,0.5597893936926668
10_60607759.rosebreastedgrosbeakfemale,0.22248004294446658,0.252500630411028,0.24663390853516987,0.269140010487677
10_60666278.easterncottontail,0.8500360057609218,0.5621775025799793,0.9565247394934787,0.8845272969374168
10_60866179.americanrobin,0.7864201195979473,0.377190071675073,0.8918709160553789,0.6545574364677293
10_60866226.cedarwaxwing,0.6199346632376451,0.4694575663788891,0.9313714844174178,0.8748310810810811
10_60866705.butterfly,0.9181047687123456,0.7317644303945674,0.9705589924878479,0.842625669813728
10_60866769.turkeyvulture2,0.7771191887452689,0.6593865897450992,0.9373489662579433,0.8957637806958973
10_61749596.jpvis3ea.redtailedhawkjuvenile,0.8016452169298129,0.5318014532414834,0.8934940151453464,0.814052570768342
10_63193989.iibp3dda.fritillary,0.7659866278073033,0.39749788672865594,0.8355411410399511,0.6151807610157424
10_63359627.mq7fmcxg._mg_4055editfromrawsized,0.8721640488656196,0.7868870283788192,0.9218367346938775,0.8323103901797457
10_63451013.9howa94v.turkeyvulture,0.8973401348150847,0.8250675904021629,0.9625049860390905,0.918221534540821
10_63827110.laoeb6po,0.9012567324955116,0.8478882911754607,0.9574017615176151,0.9400396432111001
10_64229307.utd1927n,0.8587588881706528,0.8404914004914005,0.9525613275613276,0.958263422818792
10_64386031.3qqfbtes.housefinch,0.5984942716857611,0.47709409991386736,0.6721971589426196,0.5723118511488798
10_65345059.baxlulsq.img_7128_editsrgb,0.4709965556105628,0.25509952091667903,0.48135176584474487,0.2200751084697561
10_66471406.msmbvpwh,0.8601683971279508,0.7466505543004256,0.9419775692378118,0.8975285614362323
10_66830581.uvuxhte2.sept10_06_701,0.7541682939285607,0.34619013263777126,0.9325890940317733,0.7959922742636407
10_66830582.bxg9hxcr.sept10_06_702,0.8562572807455483,0.5675415791160654,0.9263234024683293,0.7554760484993043
10_66830583.sdhhngr2.sept10_06_703,0.845957095709571,0.6797334717895466,0.9135369567223401,0.8127057912066628
10_66830584.jsnb9pmi.sept10_06_704,0.8303432688232801,0.6749527344023528,0.9461829176114891,0.8838976052848885
10_66830586.6whtssec.sept10_06_705,0.9181301993925789,0.7713553708679622,0.9366174208882883,0.8260294798069931
10_66830587.j2qal6cp.sept10_06_706,0.886322188449848,0.7435853575094081,0.9380890314818529,0.8603864139798179
10_66830612.jwrzvoka.sept10_06_728,0.8588405331620363,0.7006988239304585,0.9191496627678648,0.8233623627413859
10_66830630.sejklgec.sept10_06_746,0.7700074794315632,0.5917525773195876,0.7955189072130602,0.6209482341557814
10_66830631.ag3y7hqi.sept10_06_747,0.7709222761565003,0.5924639070268976,0.8148846278843029,0.6579500657030224
10_66830632.ncrvs2io.sept10_06_748,0.7561530074926349,0.4213529867224915,0.9151013604024648,0.8093364999257829
10_66830633.6hispsw2.sept10_06_749,0.8702216272497397,0.6536361763494025,0.8749334098266607,0.6746699318568995
10_67151572.bn0308dt,0.9171731203333913,0.802429906542056,0.9402312729299215,0.8770769077703711
10_67444,0.9037087656084984,0.8572555205047319,0.961049337505826,0.9443172298240715
10_68285988.3ddkraxw.toughtimeskid,0.964231887178383,0.8362540041454682,0.9823441644562334,0.8360170494908833
10_73754853_140eb787dd,0.8912929106931474,0.8881143970068167,0.9300414515307978,0.9263218270935447
10_75671582_152bf239ef,0.8964873765093304,0.7024836023288378,0.9567302000710312,0.8832092361750188
10_8168705.izcenoadj_p7070026640,0.959279351684415,0.7992195814118481,0.9292664844075808,0.6365257569002554
10_93082635_7f4aa15eed,0.8962090970016608,0.7649786278345287,0.9263678146445885,0.8543136808559071
10_95071511_4720e4e540,0.20971802618328297,0.08741889660997428,0.2345267702125663,0.10392217418159358
10_96835757_c609dbaa80,0.8604060913705583,0.5150492264416315,0.9599008234105727,0.850323544051767
10_97146107_ddc8084759,0.9010862127950735,0.8074266355756963,0.9605719838955991,0.9301851939563303
10_97320358_cc615b9019,0.9196524422973699,0.6486547900381748,0.9561095505617978,0.8842642001660145
10_98048098_af08c0f2df,0.9513323829367255,0.7801743687950411,0.9421676816704062,0.701372835778648
10_98053912_88fec4b17c,0.9024825739106548,0.5986730660643704,0.9543134158434022,0.7393162393162394
10_99533452_3c0e47e42d,0.7964288794962477,0.7161374368995278,0.9006070177170211,0.8627012004477554
1_25_25164,0.6136271136271136,0.5509377508574764,0.6299576287361148,0.5993531358043049
1_25_25191,0.7324903479905682,0.43851364243464985,0.7490526538940563,0.5297179632784402
1_25_25226,0.8837885462555066,0.7750620584303991,0.9061512729975841,0.8061138637001029
1_25_25246,0.9449409387628225,0.8227654294915792,0.9628010524185387,0.8932643639801991
1_25_25257,0.92404795187868,0.7790404664262068,0.9364221249218122,0.8523791479456504
1_25_25389,0.9322997992415794,0.8106048703849175,0.9761876554910556,0.9366745682356925
1_25_25406,0.7980573398088673,0.6293593432039857,0.9221303948576676,0.8317326462091044
1_25_25451,0.9590817525600134,0.7846803919805808,0.9686337284762482,0.8264744429882045
1_25_25580,0.12134912316380646,0.08755163197537863,0.13503586101246431,0.0
1_25_25895,0.8501561505109002,0.5451502777963719,0.9608528607524834,0.8598566487895344
1_25_25953,0.8894549159449822,0.8507859883648966,0.9529965832486841,0.940149136577708
1_25_25954,0.8607480533926585,0.7422061363823311,0.8803792583881519,0.7827204178777539
1_26_26013,0.7626593329841104,0.48732532827750863,0.8027423400686354,0.5116451765341254
1_26_26026,0.8741683353788515,0.8067364636209814,0.8810371123538383,0.7881808472766109
1_26_26104,0.7729047263061716,0.8123352399900522,0.9132657983598649,0.9295257181028724
1_26_26113,0.4679888221554888,0.19634776469077955,0.9217511800112588,0.7979216814419069
1_26_26169,0.6848168975449184,0.4537212100378137,0.9026412776412777,0.6718479140182596
1_26_26213,0.4354421075491555,0.48982575849884247,0.4512237398599459,0.5317848035149169
1_26_26230,0.9809637884199944,0.921692754628626,0.9907831089031246,0.9632323412609879
1_26_26233,0.9332798784604996,0.7928715973627521,0.9743703244654951,0.9180988754508805
1_26_26236,0.8279634734665747,0.8286059806508356,0.9515188708192697,0.946990171990172
1_26_26256,0.9145814766572976,0.8880335247555486,0.9342066744730679,0.9042297717011943
1_26_26335,0.7774096132874759,0.6284710153323292,0.827790060559454,0.7272689768976898
1_26_26366,0.7865478023930814,0.509603578319593,0.9499725726823917,0.8636627446842189
1_26_26450,0.9663530821418741,0.8439504648211039,0.9906035779969905,0.9420531602422308
1_26_26532,0.3234207850668706,0.04663045923450204,0.001281200135108378,0.2596044432403143
1_26_26640,0.8856984873020262,0.8082231049592531,0.9201668525172428,0.857907689650706
1_26_26643,0.6698520857570218,0.422490489171135,0.7547080757068013,0.556396721766912
1_26_26739,0.8901972778712341,0.8544954567192731,0.9622798965200701,0.9538901238488409
1_26_26745,0.9011788421929094,0.8441293732921202,0.9297366283791623,0.8817234384835979
1_26_26763,0.934851160443996,0.7870330200048204,0.9740094450212681,0.9175513653409391
1_26_26828,0.9040788818237759,0.5699278614407766,0.9250926657349456,0.6529294431860442
1_26_26833,0.9342529424994377,0.8717580543839182,0.9721608832807571,0.9503270452175562
1_26_26847,0.7932587432270776,0.6784056902459124,0.8757189297324331,0.8313619099294628
1_26_26853,0.5119416985352478,0.6149493538246594,0.5601223241590214,0.7208976157082749
1_26_26945,0.6876726085864926,0.7972736207854365,0.6706563706563706,0.7979200208868196
1_26_26980,0.9232242530371019,0.8613445378151261,0.9637781629116118,0.9228043533282714
1_26_26982,0.8951775219386523,0.7620597522467817,0.9301146857952837,0.8526116539622448
1_27_27003,0.9717275155832591,0.8491967628940693,0.9914047933057438,0.908353309976028
1_27_27033,0.7925417339795369,0.7720505006530257,0.947090819185759,0.9553758610362384
1_27_27034,0.7474515800203874,0.606280193236715,0.8713166144200627,0.8944733884972929
1_27_27051,0.8899400950216897,0.8714879341237467,0.9551755175517552,0.9356022822487332
1_27_27075,0.9038500418796753,0.6566971824726691,0.9447310914167779,0.7876038945618618
1_27_27491,0.9227043390514632,0.8251700680272109,0.9648306460339791,0.9215473608098337
1_27_27543,0.4036351453220538,0.13571706936866718,0.7493481369332997,0.6701284668027374
1_27_27705,0.5745311610794214,0.28958553392686487,0.9394464042244681,0.8119044672689024
1_27_27775,0.3526342061079094,0.527895969785342,0.3690423491220304,0.5753566668312189
1_28_28003,0.8198840838163174,0.38217537134643026,0.9073782152331885,0.6130055124640227
1_28_28351,0.8319730857890474,0.7211964549483013,0.8717315901814301,0.796801872074883
1_28_28373,0.9369808595160708,0.8187733148260605,0.9871241912977293,0.9606426466394143
1_28_28391,0.9339360685963081,0.7399903942714928,0.971541352494859,0.8733481238545384
1_28_28395,0.8385098511571883,0.7989263624693663,0.8983418127002073,0.8884035681328822
1_28_28407,0.7938419476630647,0.6416695652173913,0.8092692828146143,0.6847653429602888
1_28_28547,0.42062712504722327,0.12991490032306358,0.3773586947113304,0.0
1_28_28717,0.5068145068145068,0.38574025610803686,0.5842462039045553,0.43984195215144806
1_28_28763,0.7498959200666112,0.6873286713286714,0.9082935637817618,0.893921080696765
1_28_28970,0.6321259074452719,0.2414051811642173,0.41949980704353346,0.0030102932608273452
1_29_29028,0.5516390898845205,0.2431268927023336,0.7012857321183373,0.500085303852322
1_29_29099,0.9477444268913463,0.7517307134270198,0.9801443711771946,0.9013923761698243
1_29_29138,0.2287602820211516,0.2825169133730098,0.23245600932094523,0.2909107526390349
1_29_29297,0.8614129219763023,0.7265383939994481,0.8823459405422132,0.6719543805080352
1_29_29329,0.793362643596653,0.6759508259700345,0.862390308301623,0.745722433460076
1_29_29710,0.17392802450229708,0.17507406103043235,0.12390087929656275,0.26360866342748906
1_29_29762,0.4832329580169329,0.25487646293888166,0.6886134975544236,0.4616138620122684
1_29_29788,0.8587005125030097,0.7910848222452589,0.9396173697077884,0.929726996966633
1_30_30022,0.8974263179742632,0.873789094934957,0.9442364268520995,0.9332998637309043
1_30_30051,0.7697888426438582,0.7749609113245477,0.8780390593862096,0.8797240179015415
1_30_30065,0.9602462679156598,0.8716838115863562,0.9884749948549084,0.9622879413113251
1_30_30226,0.4011208352525718,0.05476174428792883,0.4112402267506987,0.1316230274177907
1_30_30277,0.9118711838763711,0.8265219121241403,0.8986702575324019,0.8119396335690817
1_30_30286,0.7562367864693446,0.7281221700831481,0.8754354276867501,0.8884083434698382
1_30_30561,0.7385902855663877,0.7532254653130288,0.8805421306997269,0.8704305442729489
1_30_30736,0.30105569712413544,0.24701195219123506,0.32616562282533057,0.39265040314244365
1_30_30757,0.8184645669291338,0.6672251386872184,0.9320251619566238,0.722341641893437
1_30_30895,0.8159899415723689,0.5134807634050288,0.8819643072956532,0.6706334214834404
1_30_30927,0.40247727056736465,0.28016523563379975,0.6090990275848382,0.5481690833128533
1_31_31077,0.8879285973910586,0.7709049255441008,0.965129760099884,0.9351491569390402
1_31_31255,0.8115190997927154,0.7149993716224707,0.8809764991896273,0.8069659210328779
1_31_31439,0.917230244318528,0.7250868432479375,0.9459912144866163,0.805908642405247
1_31_31447,0.6411781365052394,0.5887004474040163,0.7874685515754163,0.7003299954483386
1_31_31675,0.9051479289940828,0.8372539606337014,0.9230483271375465,0.8824507389162561
1_31_31682,0.9480652343985075,0.8687640449438202,0.9188413035335248,0.8057787277953858
1_31_31720,0.8868645973909132,0.8498382387753491,0.9444375388440025,0.9174592938900532
1_31_31764,0.4029624546052443,0.2686061973647097,0.4116978570163528,0.30755079856175266
1_31_31773,0.8555741142187,0.6919042548996411,0.9503412760044141,0.845660520653137
1_31_31980,0.154519735955813,0.0,5.582018457874367e-05,0.36270576843270164
1_32_32148,0.4103839244286343,0.0,0.42326003730244427,0.0
1_32_32150,0.8189170550249734,0.6193544465382044,0.8251751247831023,0.7228322731837965
1_32_32165,0.2964012468121281,0.10477116148766473,0.3222396482951949,0.1925860244272189
1_32_32185,0.8765319249779945,0.8689016831492246,0.9298909414645004,0.8771114743755198
1_32_32195,0.3877992447849837,0.4208587893756229,0.39267854352242537,0.45611968943557535
1_32_32226,0.10567937883539617,0.03857108162409202,0.11792583090586778,0.04176968498211117
1_32_32258,0.8842034805890228,0.6331411348447123,0.9382025582811895,0.7748647067427235
1_32_32331,0.3873882552404439,0.0,0.5292708607528297,0.012345476872697504
1_32_32486,0.9222591817838894,0.800864553314121,0.9714889893539449,0.9213743404967185
1_32_32606,0.8581833761782348,0.8518571023532747,0.9496157130657558,0.9638777400432232
1_32_32691,0.8410054287201606,0.8593539367916521,0.9307316264810672,0.9482494587315837
1_32_32951,0.9309113735336811,0.8123988982643291,0.969899802890933,0.8765550676911819
1_33_33259,0.7473631908214197,0.2719503565401992,0.9239574579070913,0.7243888622597935
1_33_33347,0.9605532481468969,0.847619428023646,0.9872774587963155,0.9422807390104057
1_33_33527,0.9563191484663118,0.8289217371376189,0.9877218491079878,0.9566708355186186
1_33_33554,0.897347316471314,0.7591081727387818,0.9720081135902637,0.9045908806995627
1_33_33625,0.8798061729695565,0.6482970865818629,0.9454064928405191,0.8797664755693473
1_34_34086,0.9502605035546544,0.8273919587185552,0.9677573950318166,0.8712773591675637
1_34_34236,0.3596685144247326,0.08663183449440574,0.3715826262904969,0.171167894274196
1_34_34261,0.845204782498092,0.5638706374264015,0.8898992161254199,0.7468719427423922
1_34_34288,0.8452961157879191,0.6311926605504588,0.8621395205188588,0.6898752659463518
1_34_34382,0.8086245440640075,0.7779281381241251,0.8590590852581299,0.8195747188528213
1_34_34467,0.7145067213011937,0.39155243863563916,0.7496891651865009,0.45867808197297383
1_34_34578,0.6032897919690372,0.3730492256091546,0.7686179078605241,0.6578630649906392
1_34_34999,0.5516537532283595,0.5263416690081484,0.5806764349454666,0.6025765242042559
1_35_35222,0.9557705597788528,0.8800956435528081,0.9844283784857393,0.9621212121212122
1_35_35516,0.8761226910693103,0.7932088510864509,0.9591970734452678,0.9404592714488743
1_35_35795,0.26565531475748194,0.22002554899933086,0.4164167093423074,0.6242733335710974
1_36_36235,0.896502611172654,0.7643772893772893,0.9366731345916387,0.8541542732500496
1_36_36237,0.30543643321387354,0.0,0.3298566011991446,0.00877511938525683
1_36_36285,0.8694799231989314,0.6105405275085588,0.9546608800036936,0.8600011945290569
1_36_36321,0.5400751408891672,0.47528496273564225,0.5720029509406123,0.47832953149675383
1_36_36429,0.09216776521707111,0.06269049598226656,0.06742016859530842,0.0
1_36_36543,0.8443067389620449,0.8713419800560516,0.8952023261448995,0.9291879034998302
1_36_36717,0.7896521062576415,0.5861561704834606,0.9357557336280741,0.8900918635170604
1_36_36781,0.8696311998651025,0.6131192302691457,0.8972079629397771,0.7264120378703337
1_37_37003,0.8254224706344702,0.5293330478535488,0.9417914949230924,0.8331209289153214
1_37_37328,0.7726366969552049,0.49666756732414663,0.8474112033928256,0.6293748430831032
1_37_37335,0.9680303133437705,0.865585282626972,0.9803619740647449,0.8977487797589402
1_37_37446,0.9762749031866748,0.8866099071207431,0.9954193009662412,0.9765447225625766
1_37_37488,0.8564998850159335,0.7990400479976001,0.9257165779301291,0.9235670779322193
1_37_37508,0.699355185384202,0.715809102033681,0.8657276995305164,0.9114934257866161
1_37_37702,0.9139390846458976,0.6985862311204777,0.9790417653282282,0.9120592308511771
1_37_37703,0.32679691312284254,0.1360405408435545,0.34347701969740224,0.15292603359889928
1_37_37791,0.8188105791242511,0.7094050969046015,0.873501772550785,0.9113918214927851
1_37_37952,0.9041985132446865,0.7583276682528892,0.9489701457995834,0.8780645161290322
1_38_38060,0.16070455022017194,0.04104496613535673,0.1718771024893474,0.055213135132335424
1_38_38093,0.4956972947761194,0.06476421206828553,0.48645710558537114,0.020421085958524616
1_38_38130,0.6348948024338391,0.3828698604992658,0.706043051806991,0.6213409970565741
1_38_38131,0.9310336629897299,0.7573976327575176,0.973217653715579,0.8951443569553805
1_38_38229,0.8759060135404222,0.8294358567842516,0.9604879342349509,0.9486245087531261
1_38_38399,0.25554612883987,0.0,0.2549620139012957,0.04676063540767731
1_38_38642,0.0552252024291498,0.0,0.058645707376058044,0.0
1_38_38661,0.8726092333058533,0.6492022675471919,0.9670588773921802,0.9008084909356413
1_38_38763,0.8618052541286869,0.4758750293634015,0.9090268448985884,0.6188337099707877
1_39_39114,0.9120942186291389,0.6755006391137622,0.9600963099231685,0.8513733418807633
1_39_39185,0.8796684641501897,0.8257531502962531,0.9760412001791312,0.9751442934276671
1_39_39354,0.9470341989499078,0.8015286787847646,0.9737997767026424,0.8284394188096541
1_39_39391,0.2792912724448882,0.1395118647599698,0.28093548387096773,0.19890375325157933
1_39_39603,0.8224371373307543,0.6861196142325796,0.9631521907416009,0.938436921003874
1_39_39648,0.7788659472272472,0.4436379012650199,0.882560980056149,0.5781136586823791
1_39_39670,0.8792822185970636,0.8375028840766011,0.93586946210037,0.9141231428471076
1_39_39738,0.7802509105625253,0.7469571352972305,0.9122541603630863,0.7992688600864074
1_39_39739,0.4748242820466056,0.1708245746242018,0.5320658658817914,0.30848421214371685
1_39_39748,0.4698553878664585,0.27624909485879795,0.2043576957427806,0.29374781697520086
1_39_39917,0.8777345649003403,0.46486592288119005,0.983001906837374,0.9013163341336203
1_39_39949,0.7787716159809183,0.8335355043389008,0.9164325842696629,0.9390837218730995
1_40_40642,0.6714481844434976,0.2935492013125158,0.9499288569686293,0.7632525051633137
1_40_40818,0.8527349886286371,0.5340037868206227,0.9449881259949372,0.7885987674343172
1_41_41001,0.8794968893697592,0.6586895713841721,0.9701636478707694,0.9298914424717714
1_41_41022,0.9643041903776514,0.8591967349967535,0.9857149810182031,0.9446224034168123
1_41_41023,0.9469670386225933,0.8022783113692205,0.9765851283923573,0.9188920454545455
1_41_41677,0.8827914682128805,0.8326801111665361,0.960137851809305,0.9380434782608695
1_41_41686,0.797170928030303,0.5143001007049346,0.8863440789038194,0.6219128128625891
1_42_42334,0.3201036854739475,0.0,0.36241863651935596,0.0
1_42_42429,0.3748425912970477,0.05622196060962805,0.5224895318995663,0.13628874242964018
1_42_42470,0.9128639828024233,0.6948042168674698,0.9023407223686251,0.582220918292504
1_42_42484,0.8236536430834214,0.7497725957165302,0.9260991580916744,0.8962807274056475
1_42_42881,0.8278436251718945,0.7170520880107768,0.9297006907137375,0.9074797050257173
1_42_42923,0.8525225642212451,0.7152651312265667,0.8600973967414177,0.7345732566966706
1_43_43183,0.8891705903658095,0.40551412050615937,0.9719003087386461,0.8347352399262997
1_43_43206,0.15346873383287996,0.0,0.0013038110512409282,0.3312104915558072
1_43_43215,0.8615483870967742,0.8195439739413681,0.8904644769208508,0.8670654061354428
1_43_43257,0.9243193129696496,0.7919895026243439,0.9106587787024968,0.7772346368715084
1_43_43268,0.8174236334405145,0.7600970364542355,0.93156115191792,0.9099381143065162
1_43_43412,0.9371350051528684,0.7683137858104211,0.9871450927788956,0.9555132574919215
1_43_43637,0.9115167146116456,0.7268841246876233,0.9612913502893856,0.8935942106673814
1_43_43730,0.9098756906077348,0.6854894824171707,0.9300156956883021,0.7454672245467224
1_43_43894,0.9515368245540905,0.7408113892249,0.9885209914936431,0.9439812544275517
1_43_43899,0.5832478735597515,0.3330249768732655,0.946152320507735,0.8985418626528693
1_44_44044,0.9061102122394594,0.7227290003800836,0.9682515258757758,0.9203086588363835
1_44_44073,0.8497032356883018,0.74987662444481,0.9496684422219807,0.9238890929122292
1_44_44108,0.9336392698772816,0.7865888267250466,0.9768505909907947,0.8857335468104829
1_44_44112,0.5331780236847214,0.28937720043705234,0.680133306128001,0.566578443004472
1_44_44118,0.905954084065672,0.7350773765659543,0.9476723334050642,0.8501246600181324
1_44_44224,0.9329758004861037,0.7015265244159569,0.9882034204436417,0.9562303664921465
1_44_44321,0.13275316249560312,0.0,0.13378848552484737,0.01717911176183504
1_44_44344,0.7417632150615496,0.5102641350802214,0.8696853741496599,0.7571031639329568
1_44_44379,0.9025389755011136,0.7280467239748283,0.9896156483688731,0.9685935581373383
1_44_44553,0.3338082831243554,0.3204417103670835,0.3225248080760032,0.4047244094488189
1_45_45131,0.9593480820474686,0.8099618357960662,0.9786304755411624,0.8913940769786399
1_45_45191,0.6970124910494073,0.367816091954023,0.9835111817459417,0.8876074981175445
1_45_45246,0.9661393456236506,0.8841801801801802,0.9773776051168681,0.919491681051897
1_45_45286,0.9577395577395578,0.9235760026963262,0.9754970537114757,0.9570280606763784
1_45_45287,0.3843501036778348,0.5032777388175748,0.4271574841540712,0.4688580024366593
1_45_45328,0.863158776005693,0.6334867663981588,0.8532751845934626,0.6091506307772804
1_45_45329,0.7484521292660827,0.36028168147852024,0.9417714203149834,0.7781322662629103
1_45_45358,0.9527899066412564,0.7998473573745468,0.9623847052681301,0.8340185249393234
1_45_45397,0.31952278880866425,0.17121507472384664,7.462575185444994e-05,0.22219987623762377
1_45_45405,0.09588333333333333,0.0,0.12592365207095402,0.050305671175858484
1_45_45431,0.6204196488652353,0.34279670184379435,0.7052920994501104,0.45315498863200165
1_45_45577,0.8221359057537989,0.691393854964786,0.8921224760640819,0.7921343643468862
1_45_45595,0.970659669514681,0.8734366700468396,0.9921878467752674,0.9670995670995671
1_45_45691,0.9664032850121321,0.8276611151339609,0.9960350629031912,0.9801901743264659
1_45_45762,0.028405951535243508,0.0,0.03250242723926935,0.0
1_45_45771,0.9035627886518584,0.7406616126809097,0.967111164264785,0.911948195530285
1_45_45777,0.7533202656212497,0.34085830780216997,0.9785553941634755,0.9088630072596229
1_45_45784,0.8812622446123706,0.7986367432712773,0.9584286503115879,0.8745628978750112
1_46_46108,0.6344662893781282,0.44056819418743876,0.9004648886713971,0.8592269277653258
1_46_46151,0.8979125896934116,0.7986664357464496,0.9737630286330418,0.9607724803862402
1_46_46171,0.9852622768872473,0.9190944980260857,0.9946630717807612,0.9708777898046492
1_46_46312,0.21324008456209864,0.42992896023618415,0.21479524076837767,0.4564693164809579
1_46_46443,0.9711303483411341,0.9117378843147472,0.9799532809513697,0.9351236373304972
1_46_46662,0.979665228194063,0.8839967198637482,0.9897507725827609,0.885279066999881
1_46_46672,0.9105502048046054,0.6840204928031227,0.9865824782951855,0.9460864651031364
1_46_46825,0.13138731616992486,0.0,0.006701862583176606,0.20743034055727555
1_46_46856,0.7270828753572214,0.5071667974042644,0.7676203768318214,0.585455099862784
1_46_46857,0.8431805102628045,0.8501154438173423,0.9589936828105952,0.9610998390820682
1_46_46992,0.9041205556863668,0.7265315496354137,0.9695300838952082,0.9181097084124679
1_47_47122,0.1928868787582875,0.006400787789266372,0.23630822702716317,0.009703504043126684
1_47_47184,0.8412245299734226,0.5455339212433423,0.9004249938533947,0.7156912985548837
1_47_47211,0.9625092798812175,0.8686394119652938,0.9301308307153935,0.7077440822808743
1_47_47334,0.9492118272549203,0.8392930877859444,0.9809182487407981,0.9388504942699676
1_47_47340,0.4013187698192983,0.24279029274132113,0.9520233882135714,0.8613412054987662
1_47_47611,0.3974840272563714,0.33663366336633666,0.41319352269710646,0.38196773678326146
1_47_47764,0.9519746382921318,0.8316896001889801,0.9868193832599119,0.9520656948246228
1_47_47779,0.9052135198503649,0.7817436311084224,0.9762391996361983,0.9483450163061814
1_47_47781,0.9524017804306996,0.8148023468308165,0.9816206063858331,0.9336299208525167
1_47_47818,0.1983835182250396,0.0022749893359874877,0.20065828141530503,0.01549870226177234
1_47_47851,0.9354775752371287,0.6795130934734762,0.9872611464968153,0.9595368525896414
1_47_47854,0.9197782258064516,0.7030494607660841,0.9784960278593972,0.9147828982973232
1_47_47956,0.928024193548387,0.8476650691171228,0.900498043400925,0.7157381049206994
1_47_47964,0.5784895324349992,0.2007684149440698,0.5857011147431062,0.19257654599459545
1_48_48039,0.8172578462167063,0.729569506518769,0.9596265761396702,0.9314311522010573
1_48_48060,0.9145844900980936,0.791815886807961,0.9623212504156967,0.9137190500252653
1_48_48156,0.38355961224737434,0.1774400519472488,0.0007778317938745746,0.10695326777478026
1_48_48173,0.9573389111264935,0.8445863461357874,0.9795008081561606,0.9176920793059083
1_48_48240,0.4579351585859178,0.33922668240850057,0.6209916464564808,0.5137561353655387
1_48_48251,0.9445256930133616,0.8338952032363707,0.9846105417788815,0.9333633048603827
1_48_48311,0.8062979076030661,0.8026714403745525,0.892538932362284,0.8984844720496894
1_48_48383,0.7480839048003227,0.8494141785000809,0.8995072614107884,0.9367956314627629
1_48_48386,0.8914150469769777,0.8565562843278409,0.9431578947368421,0.9329422590292156
1_48_48388,0.9218282168752931,0.8351185762514066,0.955014777568802,0.9028608866564752
1_48_48451,0.5935263173024405,0.22997396232194822,0.6267999375292832,0.3987516167125907
1_48_48466,0.9551313190193983,0.8709031773830372,0.9609110751953613,0.8909018401412864
1_48_48572,0.9112687521804861,0.7531622696060716,0.9642314702308628,0.9022602541883304
1_48_48594,0.7804009342156482,0.47020116020664376,0.8526811516643477,0.6727458727247072
1_48_48668,0.9344340425531915,0.8371779141104294,0.980769927208199,0.9439429301158131
1_48_48755,0.33406972120355233,0.026565464895635674,0.006870863010595726,0.5366319997682436
1_48_48840,0.4923086686127681,0.2687295231161267,0.5217449808924054,0.3917497886728656
1_48_48924,0.5457180568855302,0.03886271870794078,0.6129438428607403,0.11940607530539206
1_48_48941,0.7450858863113158,0.6804108879553433,0.8913515620649329,0.9103856776812752
1_49_49039,0.8673551979797326,0.6283665471525056,0.9750073078047354,0.9398793631958865
1_49_49123,0.7785363012812216,0.4509825538130805,0.814629258517034,0.5200332216398889
1_49_49284,0.7691101890272015,0.5284797342789174,0.9769947123352537,0.9263230934208037
1_49_49419,0.2245578575037898,0.1326968461703497,0.23515825738839222,0.16757950083419
1_49_49481,0.23696709476403982,0.3982266326694691,0.23742505157223004,0.42209359548192066
1_49_49500,0.5327891514712659,0.49109576408385763,0.561969652635539,0.5011501090620663
1_49_49503,0.16637984582955714,0.008396180058538252,0.1574327449317814,0.0
1_49_49609,0.9496721800029801,0.8599110090426295,0.9594651065608023,0.8804536261196186
1_49_49612,0.9038378611470461,0.8729869766139197,0.9767989636085267,0.9768118160251014
1_49_49674,0.9687584748060964,0.8638885538535762,0.9884576781532285,0.9448070464482605
1_49_49859,0.1710462317448836,0.03859899928520372,0.00017293059718699561,0.47779314584293836
1_49_49900,0.5456521739130434,0.2262967013988832,0.6301671945792069,0.3810469314079422
1_49_49937,0.9200017737965899,0.6471939328277356,0.9570433526684837,0.8561592575961683
1_50_50413,0.7382297074838546,0.33321243335388634,0.9420842844002316,0.7933412991527264
1_50_50473,0.4509692611748875,0.16030629241975983,0.6849111949198982,0.3567725311229083
1_50_50477,0.6089289732892482,0.39665770626163127,0.9863247249690422,0.9352476071577195
1_50_50516,0.9602424674630059,0.8854758800521513,0.9877985462097612,0.963543102972809
1_50_50665,0.8914907486336058,0.7485766883714587,0.9201478448161247,0.8087952065054569
1_50_50833,0.7829569942846435,0.45165211128117405,0.9015898804688407,0.7338271215822236
1_50_50836,0.9504736474028864,0.8560290599805086,0.9806695894778796,0.8980347228342294
1_50_50878,0.4095078743046688,0.20653208912588078,0.47840582948081184,0.35558955948562515
1_50_50979,0.8190614831306731,0.6342334494773519,0.8147321428571429,0.6283007281340468
1_51_51078,0.8646322672779887,0.8431306271702056,0.9197776012708498,0.9376802844301335
1_51_51116,0.5361016423923148,0.2693555029342119,0.9401929982046678,0.8677737937975719
1_51_51123,0.7178578405380515,0.44447406301647385,0.9860747807354978,0.9569436766783367
1_51_51134,0.914980040619091,0.7878597967679842,0.9422359785202864,0.8610982283647157
1_51_51286,0.42014063284781517,0.15214674745950535,0.448677222719635,0.17915709212450387
1_51_51295,0.848310785277001,0.5734762518467293,0.9107501776469394,0.743837004239991
1_51_51366,0.1131303488015275,0.0,0.00016850796726732736,0.2756345462713387
1_51_51642,0.8992415402567094,0.7716300845138931,0.9436285512730072,0.9038853416655346
1_51_51689,0.29089608938547484,0.1376405991790607,0.3378337930002352,0.3816656308266004
1_51_51725,0.574896694214876,0.8005143040822886,0.8772957146659569,0.9693814592009872
1_51_51784,0.9306592216967694,0.8039883613654105,0.953939393939394,0.9032546361808297
1_51_51872,0.968709663061379,0.864236814193424,0.9801857868484877,0.902127659574468
1_51_51875,0.8319011375726327,0.5087313351892693,0.9417048929663608,0.9271677800116739
1_51_51972,0.525712747180423,0.18619140995635397,0.5412081973793913,0.28168736447861226
1_52_52012,0.3231879712131597,0.1836300549382461,0.4749578119527494,0.4520542143159678
1_52_52036,0.9707193736066554,0.8934646374216652,0.9961958041958042,0.9850691341149256
1_52_52052,0.9684903748733535,0.8938702460850112,0.98375,0.8656182393077051
1_52_52082,0.794796091354121,0.5037015945330297,0.8355533299949925,0.5386761650341347
1_52_52303,0.8815771397169941,0.8705117331071529,0.9460702971790617,0.9459605349967013
1_52_52465,0.8212527964205817,0.7077124183006536,0.9271260415288983,0.9201408189735037
1_52_52759,0.44700685299650633,0.17488366862075266,0.9500104144969798,0.8746611241641062
1_52_52878,0.8938611713665944,0.6211157681745917,0.9019459305904076,0.651818282303526
1_52_52930,0.8904524643145705,0.8414486921529175,0.9401375316684762,0.9097360950478394
1_52_52964,0.8496319270580323,0.7172083191786509,0.9173864705379287,0.8277258691903597
1_52_52999,0.2643370634902171,0.15700821444012106,2.42107301956227e-05,0.11009742404227213
1_53_53009,0.7405549459162878,0.565264230601252,0.9344745263371769,0.9295119451233935
1_53_53174,0.5189387439945092,0.4189148409680729,0.5491545644343497,0.4275416562699271
1_53_53496,0.15956485881475083,0.08588716853532657,0.17267533351290812,0.06967476857581308
1_53_53497,0.18765582624055274,0.0,0.0,0.04449674347326364
1_53_53538,0.5661367055666247,0.3228795697361727,0.899192425508215,0.8637567982150328
1_53_53692,0.8208278484715519,0.8859649122807017,0.9254318453907987,0.8809000293169159
1_53_53725,0.6631912222282875,0.6513983302157945,0.49442290486131824,0.41332547169811323
1_53_53766,0.5681581207065751,0.2840118021299156,0.6774350710190009,0.5365400216333153
1_53_53905,0.8852341660073094,0.8008051082731815,0.9627393408047641,0.939175834421033
1_53_53918,0.8373917748917749,0.8002910556364043,0.8988367262152056,0.9055040556199305
1_53_53989,0.8913089151901393,0.8168864445972127,0.9091257668711656,0.8311636022010468
1_54_54098,0.8580660718591753,0.7300200030773966,0.8364581101349904,0.8153927813163482
1_54_54381,0.07802961022269458,0.0,0.08727825646224024,0.051189838549238656
1_54_54383,0.900862227114291,0.74085762019677,0.9506192316794194,0.8633065497930362
1_54_54722,0.7463338390107112,0.5397795130914101,0.9256736748593426,0.8015391529041681
1_54_54860,0.5240988813699765,0.3105864647509759,0.6112073945696129,0.4479963466149104
1_55_55005,0.9330614907845376,0.8157006936810584,0.9769704945283281,0.9460281870595771
1_55_55083,0.9215737227794814,0.6001750510565582,0.9862732281258755,0.9439128825923773
1_55_55207,0.8366299736268776,0.5083982319511682,0.9578551708079699,0.7364772727272727
1_55_55230,0.8665413533834586,0.8509185115402732,0.8877233487251556,0.9151496556896435
1_55_55344,0.7258197240156982,0.6447196870925684,0.8734629738754666,0.8337236533957846
1_55_55346,0.7154353598116772,0.31414132298529013,0.8535477334379188,0.5176106055851898
1_55_55407,0.6183966119325358,0.20348927371413802,0.8093941456773315,0.6565322095123419
1_55_55469,0.9653518898235304,0.8293714575755012,0.9593192736747822,0.8107502325974795
1_55_55491,0.9045226130653267,0.8800215328712738,0.9824440957238133,0.9819298879653053
1_55_55512,0.9612370593631241,0.8530906220709388,0.9882222642426862,0.9575971731448764
1_55_55530,0.13740237867269603,0.0,0.13972667018593465,0.0
1_55_55589,0.3913532988065751,0.17486652505884379,0.432637256257779,0.23844840961986036
1_55_55601,0.9187216553287982,0.8568127926065544,0.9611525986271404,0.9061655458487838
1_55_55613,0.8411191426619197,0.7410856070448968,0.8886576891366652,0.8119458356520126
1_55_55623,0.6840741681483363,0.38271148873291466,0.7218440096488877,0.44764420959929546
1_55_55677,0.7085077286477974,0.2513800826472351,0.8396935317518786,0.48794489092996557
1_55_55731,0.3521567504550754,0.1896138616358546,0.3330657407317852,0.13440004109307582
1_55_55762,0.8723867346354316,0.8459802538787023,0.9240774161428839,0.900600630169358
1_55_55825,0.08691219945534245,0.04322995734836984,0.08792623727208146,0.089849649482677
1_55_55826,0.8776552287581699,0.8723898920105165,0.943997559081327,0.9365998818772432
1_55_55874,0.4694777034034128,0.4883827342518684,0.48281109244515863,0.5400073407964764
1_55_55915,0.909164113002438,0.7642990868452222,0.9325389465875371,0.8386769891775769
1_55_55923,0.2138545559068698,0.08180604097405735,0.3377982207844723,0.20084477296726505
1_55_55970,0.35331897159193865,0.19593304800369724,0.7884316415180612,0.4795021699365159
1_55_55978,0.19775413079514464,0.0,0.20507957633227972,0.0003728016857119702
1_55_55982,0.26260229416735154,0.12481733200343299,0.2502399046999261,0.18301576099741237
1_56_56041,0.43807416348152617,0.2222571898905781,0.6166334049739024,0.41472900989261857
1_56_56043,0.7993156427745927,0.526174271069658,0.8229354152544354,0.5692835692835693
1_56_56048,0.263720984125758,0.305767555323227,0.2759233815566152,0.3421502016495295
1_56_56055,0.9417323715260303,0.8792722934685356,0.9820126969198213,0.9721059073632674
1_56_56060,0.923032273043882,0.6902577289462919,0.9552471916861897,0.813912384799899
1_56_56083,0.39989255850889893,0.2391347358702104,0.8681002459059279,0.8891061810720697
1_56_56150,0.49575055486385533,0.20847689200427705,0.7993041567478484,0.6352958449566877
1_56_56155,0.967584176161823,0.86951821386604,0.9890194210721278,0.9565521723913805
1_56_56159,0.381842251092913,0.4856254145415456,0.40067978299235246,0.5458567008315607
1_56_56172,0.9453879713306326,0.8116069021299541,0.9639031488742471,0.823753592402849
1_56_56174,0.9093648585999072,0.5022125133030864,0.9423788325286852,0.7879438332886146
1_56_56243,0.8888439446646711,0.5834951894846199,0.9423541697747277,0.7842709529276694
1_56_56265,0.910497572815534,0.8554696132596685,0.9644441544885177,0.9478455380268425
1_56_56371,0.8922921204920017,0.6401422222222222,0.94943361812422,0.8571139445456385
1_56_56543,0.3490730399821309,0.1514758465960878,0.3659781743243876,0.17588678551736814
1_56_56546,0.6685783802572124,0.3820955463645627,0.7474726914987448,0.5880295719155341
1_56_56638,0.8340730280411539,0.7679987560255015,0.9697685403873406,0.9626893239748799
1_56_56702,0.5666448872917347,0.46919206303996963,0.5825488634434856,0.4822030305059026
1_56_56734,0.6863091284131035,0.4667430254438354,0.9891097885272888,0.9571973169907831
1_57_57054,0.7136114388838759,0.7714760115354365,0.7743037110116111,0.8114296351451973
1_57_57302,0.6510392960097102,0.20842276810557278,0.986673987877764,0.9277348878735361
1_57_57303,0.23675985414134398,0.29420374707259955,0.22518138382587152,0.30887989203778676
1_57_57320,0.9290050145157034,0.8337147215865751,0.5058103632178745,0.5798485630700396
1_57_57441,0.9148973442645926,0.5028145522777024,0.9807051797404387,0.928095273762265
1_57_57642,0.8835147744945567,0.6520543873987666,0.9575847168523993,0.8574612153938459
1_57_57798,0.6243882304381154,0.36567565491280635,0.7574216705301727,0.6333960292580982
1_57_57840,0.8671682098765432,0.7270144334583475,0.9037021801727684,0.7877081489823827
1_57_57848,0.7553602294876981,0.6379963898916967,0.8076217079010375,0.6652671587042029
1_57_57910,0.8,0.8710098740922627,0.8384606247772894,0.9154278714993597
1_57_57941,0.9574219526744879,0.8458665226587462,0.9862442360499456,0.9489404545018698
1_57_57942,0.9569818078222294,0.8250964927001174,0.9820846224600719,0.9240461401952085
1_58_58095,0.5083685029767159,0.3828918508520331,0.5536783575705732,0.5560375994215474
1_58_58150,0.8608456795534906,0.6054491768074445,0.9266069613821138,0.7419618250484842
1_58_58417,0.8724717732109496,0.7208001356162062,0.9443873217399079,0.8812247960236331
1_58_58478,0.9008421734553406,0.5356224227330257,0.9465404099779835,0.8159443552701979
1_58_58671,0.7604907722445613,0.7524415317399126,0.9416220451874102,0.9577097244608181
1_58_58696,0.8767387944358578,0.6743457720685812,0.9564460809038636,0.8633783235822279
1_58_58820,0.8262684649967887,0.52156438398516,0.8850574712643678,0.7285230639018198
1_58_58837,0.8786755820510754,0.8181919270543756,0.9515970735189151,0.9258196884586272
1_58_58843,0.8554786651347958,0.5712737966259093,0.9324067855995796,0.7753417590920815
1_58_58854,0.8302979359297655,0.833025685949379,0.8824348944378951,0.9107990844180247
1_58_58924,0.7822318940174856,0.4886187037206326,0.8349470931895249,0.6082268370607029
1_58_58944,0.9366197183098591,0.8101325263487426,0.987178409281991,0.9529942756494936
1_59_59047,0.8269849785407726,0.7843514273036533,0.93540210461633,0.9415986949429037
1_59_59085,0.6160375197424738,0.37244195853864254,0.6737446122114393,0.4854729809207895
1_59_59137,0.40364672570202176,0.3037559813839666,0.6741381928625665,0.5646232536834873
1_59_59160,0.2915505172520597,0.2513120371923602,0.3699374188215846,0.2685240353678591
1_59_59204,0.3133616487954324,0.3396044314551757,0.3340177057826333,0.33033049553700367
1_59_59208,0.5993937274105166,0.4099934036939314,0.6354203555492599,0.461967502347685
1_59_59240,0.7672640681789697,0.44506131249157793,0.8873339907265594,0.7018381167365366
1_59_59253,0.9328968903436988,0.7155200171729097,0.9841923769416216,0.9330006653359947
1_59_59300,0.8593183248898348,0.5923396276951922,0.9216667204596068,0.7374030055986642
1_59_59420,0.937222870478413,0.7992996975966895,0.9490619877360209,0.8213231186657091
1_59_59421,0.9322984044846917,0.7723221266614543,0.9641128664048946,0.8994247761371049
1_59_59466,0.7087533602150538,0.44888058217680044,0.8233987960130268,0.5471638418079096
1_59_59468,0.8394376899696049,0.6457729199196967,0.9514558887440243,0.9156527616840479
1_59_59495,0.6655381142915769,0.4922490218414145,0.7576503693281744,0.5444461884581175
1_59_59550,0.8809940732758621,0.7990055880670568,0.9587498135163359,0.9523882191362735
1_59_59563,0.8293064934398028,0.5760276103991626,0.8868309308302603,0.7207973781532818
1_59_59625,0.9677816035415642,0.910992997553362,0.9918977085707051,0.9771080077779742
1_59_59743,0.7682598709395165,0.42045832686292345,0.9729387249380491,0.9210773449532325
1_59_59823,0.577508604712735,0.4871223628691983,0.7795550503410198,0.7976556698843746
1_59_59909,0.22208597679088696,0.17449933487617764,0.0,0.0
1_60_60087,0.8561987237921604,0.736761655202533,0.8997395833333334,0.8733554513213592
1_60_60097,0.3413440564480947,0.003097635074760231,0.3678583839251037,0.016883116883116882
1_60_60281,0.9761961627258976,0.91316057650313,0.9947422050132464,0.9790750568612585
1_60_60387,0.9289082552378678,0.749503605392413,0.9631291577758253,0.8627450980392157
1_60_60441,0.6399969266624835,0.5026894237407877,0.7161151058150897,0.6412461260099246
1_60_60473,0.7768017568376921,0.516414540528336,0.9463538676072513,0.7911607259433346
1_60_60686,0.8492735110969184,0.8452305748578648,0.9145240933083603,0.8969397475589426
1_60_60730,0.9085607992308657,0.7667726550079491,0.9226447060841966,0.8262932290149403
1_60_60758,0.3796976152557447,0.05949813057233247,0.38035126234906697,0.0
1_60_60884,0.6211908742786257,0.3230977328245816,0.9577081062955822,0.8908428532877575
1_60_60933,0.9192727571205779,0.7301565185081975,0.9263251708186564,0.7544153968032061
1_60_60982,0.7262845225304936,0.4670725433030355,0.7541883175058234,0.5211799694558316
1_61_61011,0.9342565459873334,0.7864335716692247,0.9778400280126057,0.9237389829105805
1_61_61018,0.9382427958973246,0.7852179667466291,0.9764980679393275,0.9244352236053481
1_61_61059,0.4757185599151834,0.06837776517300057,0.47550921435499516,0.03408803120093198
1_61_61098,0.20911136610881778,0.1910032838863096,0.4218276442675647,0.30861406285326703
1_61_61141,0.1123347363208715,0.06554358832734972,0.11311584214019503,0.36104535260403686
1_61_61147,0.8905402576642752,0.5120767132081527,0.9908124202467036,0.9517260579064588
1_61_61192,0.9036752479789003,0.7243471967039697,0.918448713301921,0.7330166542665827
1_61_61260,0.23198469790843695,0.3262594004326774,0.2470882047428559,0.2826946847960445
1_61_61269,0.8958667277307076,0.8010281221651043,0.9176857657210256,0.834371216052586
1_61_61280,0.5865698423594301,0.22909436919288034,0.6221569513480946,0.2284871667591322
1_61_61292,0.6898278019938716,0.4171244553892783,0.7600230470062899,0.5406446641838962
1_61_61299,0.9491916859122402,0.8048348106365834,0.9772748762883349,0.9195356054945687
1_61_61562,0.944825186057718,0.7990191317859571,0.9798734744149591,0.9229519366843126
1_61_61579,0.8902065799540934,0.8708730741012473,0.9058472391805725,0.9046044263546171
1_61_61603,0.3532463186077644,0.22584548133403587,0.002660646617753769,0.21169134452946436
1_61_61640,0.5969980097302079,0.48313505673911766,0.6757524496505058,0.5509563409563409
1_61_61668,0.8800808269215823,0.7297639716578292,0.9042182429996395,0.7859089139743091
1_61_61767,0.9241888359218822,0.8228895287718817,0.9799108056135183,0.9506044905008636
1_61_61845,0.9637797670780462,0.8018225620613806,0.9828063594140765,0.9144905273937532
1_61_61911,0.8223254962111674,0.47959230733754554,0.8473133618640039,0.5254509396543583
1_62_62065,0.9300858511597021,0.8021147068247356,0.980961519038481,0.9464260538559143
1_62_62066,0.8823871826144806,0.7051791601195427,0.9377717310934311,0.8207860774344935
1_62_62467,0.9160828313642356,0.5420122340225917,0.9803324021558171,0.9055263786106469
1_62_62514,0.802747791952895,0.715932154247608,0.9648113686347488,0.967402345553606
1_62_62798,0.9778271208327428,0.7853962149580002,0.9836228129098296,0.7864834575841738
1_62_62852,0.9724775702309163,0.8923001779297351,0.9784829140067592,0.921599261442318
1_62_62861,0.9060636476353545,0.8316382412767955,0.8786349586828991,0.8265033407572383
1_63_63034,0.573343014537591,0.008586292236981666,0.6820143884892086,0.11604603334354352
1_63_63150,0.9313620133809408,0.8413443406109877,0.9676762534996183,0.9182439885285683
1_63_63372,0.9331709161171085,0.872580026835346,0.9470812633073101,0.8943809292143031
1_63_63377,0.20512003060541334,0.1337233405500023,0.2237148652564474,0.14934915773353752
1_63_63398,0.925858343337335,0.7971474878444085,0.9728914122039793,0.9230715287517531
1_63_63410,0.7723532233661758,0.5202325951887844,0.9261869929511903,0.8509659148376656
1_63_63411,0.1215755565371761,0.0,0.13404615142917872,0.2552701301693353
1_63_63499,0.37355123606272905,0.1998365872538058,0.43390172626758655,0.3875410927551912
1_63_63566,0.9302476265599909,0.7578117534639274,0.9697024238060955,0.8914866172202516
1_63_63567,0.9532260175369716,0.7554865216955606,0.9614586745277869,0.8371529928486965
1_63_63592,0.9431700288184438,0.7782802506621875,0.9726387261043528,0.906121289589547
1_63_63633,0.9044534877056227,0.7987707437000615,0.9761622464898596,0.9558703904555315
1_63_63720,0.9297555288373958,0.7202633340772149,0.97923197492163,0.9013432446531038
1_64_64053,0.8416251321552636,0.5582161834936437,0.8199322894625476,0.6378084018670815
1_64_64272,0.4253997604041877,0.1437174543864531,0.4055678073196719,0.1342407385489407
1_64_64480,0.4073383820455173,0.22470051626484888,0.4012864243251145,0.1467134624550457
1_64_64709,0.7088390796038424,0.6871177370030581,0.7335124572545189,0.7278006651114309
1_64_64723,0.9438482556527937,0.7327314862854969,0.9581650783395251,0.8354163411966881
1_64_64815,0.17531812765106375,0.0,0.18194478081860013,0.0087038789025544
1_64_64878,0.5823368390721798,0.016701960516428718,0.6105740181268882,0.039660860619390545
1_64_64891,0.8382201314602398,0.3990220355452465,0.9438335809806835,0.8315254414924278
1_64_64938,0.8664840047393365,0.8340528872099299,0.9435210452327792,0.9501947362209371
1_65_65200,0.9561058967557642,0.8280646120305223,0.9781488625254313,0.9124876578496076
1_65_65241,0.8665409595642154,0.8510232282687372,0.934236198783427,0.9370976770221102
1_65_65292,0.2707048129935926,0.018341694988401575,0.26930346672991823,0.07664651086778886
1_65_65437,0.943055489288611,0.791719000389796,0.9723411670981876,0.898058475237527
1_65_65742,0.5899134734239803,0.6181069449174846,0.6563693162096494,0.7134399667636061
1_65_65743,0.8710790263847186,0.565696119102082,0.9823610207474879,0.9674109086385969
1_65_65815,0.9107025126364369,0.7925802351445821,0.9585042600189334,0.916673759468891
1_65_65819,0.8511160166789306,0.6910090493334631,0.6256899977920071,0.6582337883959044
1_65_65838,0.8906111882813487,0.651252408477842,0.8973221513454004,0.6731978587391507
1_65_65856,0.8327965070503185,0.6340880554092916,0.95280639507545,0.8898976143642507
1_65_65859,0.8955983687245114,0.6885573408144181,0.9643396517182925,0.8979689825707015
1_65_65864,0.860000975943005,0.8679014334031245,0.864698031364698,0.8891335063910886
1_65_65984,0.7737226277372263,0.636547402466141,0.7890643985419198,0.7280973705362269
1_65_65994,0.7787104797436265,0.5737922705314009,0.819150835139615,0.6219975351492744
1_66_66017,0.9373210441615984,0.765626843947917,0.9827403314917127,0.9279360191600377
1_66_66053,0.9212499315930608,0.7989058006593253,0.9589933122140092,0.8903651962645205
1_66_66111,0.9661278068546345,0.8311538863897897,0.9924277141298418,0.9614776321735201
1_66_66201,0.5472251934031491,0.22707815239104734,0.0033423856277418006,0.32063447762582564
1_66_66209,0.9408870482460798,0.7709027955886124,0.968419110865154,0.8255980118049083
1_66_66254,0.941008594130047,0.8220152499872064,0.972318806332917,0.9137318255250404
1_66_66552,0.5280725605178256,0.2302826264099155,0.5806127686162498,0.30599662911381176
1_66_66598,0.3269919259403508,0.4566064034764072,0.3319601943994446,0.44006481516373364
1_66_66640,0.12270399152243024,0.0,0.1348341864583586,0.0
1_66_66667,0.5181906378850352,0.22608674951197447,0.5764237118152495,0.3442987660180351
1_66_66696,0.9666104288460784,0.8859458390986361,0.99428154276676,0.9798276948938852
1_66_66821,0.890289315382412,0.714670130834184,0.9742386896716227,0.9372154892107597
1_66_66889,0.17491555867939632,0.12177174190982186,0.17512511729746638,0.15118191161356628
1_66_66903,0.7868514606625792,0.5174389812522108,0.9479549274730747,0.906685076515936
1_66_66940,0.895831387565767,0.8157894736842105,0.9456273386535978,0.8978795486856832
1_66_66941,0.12807397206374188,0.19052905760280114,0.12573150240454256,0.12405906195715113
1_66_66979,0.8743082404669851,0.843630399125205,0.9515080819863356,0.9505232481123328
1_66_66988,0.9338512241054614,0.8054539118313295,0.9759970457902511,0.9312912346842601
1_67_67033,0.8328656064858123,0.8406300053390283,0.9348751418842225,0.9366806023460649
1_67_67050,0.9430625449317038,0.873308240570193,0.9581954887218045,0.9085709549071618
1_67_67163,0.8159027329459867,0.8620324849088307,0.9602588996763755,0.9759036144578314
1_67_67165,0.8205225934866387,0.6944464324053532,0.9275916767752169,0.9140068583487206
1_67_67202,0.16818047773518136,0.4402396346165253,0.1780389953012067,0.5053410251456016
1_67_67219,0.870069033530572,0.5257899703862801,0.9692372524230931,0.8519548142264584
1_67_67339,0.1757579760882489,0.09832515160265666,0.006961687866554955,0.37892464678178966
2_67_67381,0.7762515609036214,0.7490966032281378,0.8792468856172141,0.901096568800849
2_67_67412,0.5315151585307974,0.34040827839086135,0.5436866676962188,0.31883391576236897
2_67_67426,0.8651146867511126,0.8126702467118063,0.8874582146836697,0.8309825292514826
2_67_67911,0.7158426603213771,0.5437646243175318,0.7280068702635107,0.554134062021281
2_67_67978,0.6045042262222347,0.19870777348029242,0.9461549145793787,0.8746256386164778
2_68_68009,0.7316721756081024,0.7286219459922846,0.8248743976212447,0.8271249475136464
2_68_68042,0.4699165903773777,0.1559100031689025,0.7092346250240987,0.5944347642430963
2_68_68315,0.16555689770492457,0.008425663900746639,0.14576232374208437,0.0
2_68_68340,0.8946156571023733,0.7363310344827586,0.9721348535482602,0.9318585697653042
2_68_68343,0.28531140696247737,0.054516505202726946,0.3041418728468525,0.10045030203185064
2_68_68401,0.9112063538185868,0.6621217924166986,0.9539344970399166,0.7971799991849708
2_68_68592,0.9546920673319221,0.8422147472780385,0.9812718451666753,0.9311716264271008
2_68_68593,0.8581048269610541,0.5536832459400295,0.904641638225256,0.686848885403831
2_68_68614,0.5289181513038987,0.6061232040451379,0.554117263134994,0.5570805843543827
2_68_68615,0.9262670907513735,0.6904667934412113,0.9806465997770346,0.8626681850773967
2_68_68619,0.944851343802371,0.822217876002347,0.9769000520562208,0.9240499739718896
2_68_68620,0.7755647915723632,0.4994192280200143,0.8611872995211752,0.5665407220822838
2_68_68707,0.2023910944510706,0.006879616091178345,0.25560672432513387,0.1348687373785941
2_68_68825,0.9251052737116503,0.8544760288502333,0.9695805315401858,0.946685878962536
2_68_68857,0.9528345151162381,0.8051302015745306,0.9910869484818225,0.964634847613571
2_68_68928,0.9230721179373458,0.7227401517228772,0.9678135037584026,0.8964808766199558
2_68_68931,0.4401429422275164,0.17091023645393225,0.9109785410211114,0.788931470721556
2_68_68932,0.8082088851319621,0.6315245833907175,0.9653837394670918,0.8470588235294118
2_69_69141,0.8088881653915025,0.833224168986409,0.9137300211823609,0.9113358848186623
2_69_69152,0.4648204489375464,0.3516905473662509,0.8985042230925305,0.7067396146024983
2_69_69224,0.5074444217825821,0.5278604635606542,0.9639147608133808,0.9590833440020484
2_69_69370,0.790402337603956,0.830678360479685,0.9340291716847317,0.9547140347452664
2_69_69372,0.8969826393008266,0.8273387064437226,0.9418485675306958,0.9061408738608295
2_69_69490,0.8633811960589628,0.5038354424195046,0.9800715832265476,0.9267331415283964
2_69_69494,0.9122799647103307,0.8254285962927509,0.8756581256581256,0.7798229162123261
2_69_69499,0.4577122614115916,0.0,0.4459880036215482,0.0
2_69_69606,0.3434440655593444,0.0763034048468405,0.0,0.2105206569362686
2_69_69612,0.9432114073155611,0.878382128486194,0.9223836674636748,0.7765514745793378
2_69_69648,0.807655272026962,0.8276670574443142,0.894892398633047,0.9175031210986268
2_69_69666,0.45168944570994685,0.21813070489015374,0.0013099814893919976,0.2868778280542986
2_69_69781,0.8694594509209238,0.7823888771855909,0.9473996509598603,0.9155019297785438
2_69_69802,0.7844328565277712,0.5911959485781068,0.7975389128840356,0.6274132649426516
2_69_69903,0.46868308930077646,0.1498588797221016,0.8468581893098317,0.5991615789325606
2_69_69989,0.8975579860456345,0.7907189668465691,0.972325092583325,0.9446614931763446
2_70_70132,0.9175645316583375,0.7293625241468126,0.9697146185206756,0.9163804584005046
2_70_70211,0.8739886955558018,0.8946597962290667,0.9584477164961318,0.9678086052483247
2_70_70242,0.6252441972120129,0.2843193773870433,0.6784533563317522,0.36194278110445777
2_70_70269,0.34942963694197654,0.21605128348682923,0.5804664587309716,0.5080132558265877
2_70_70304,0.9552423088795143,0.8524250951829168,0.9816375838926175,0.9383465259454705
2_70_70320,0.8871183121160865,0.8270635896693916,0.9733201581027668,0.9554426584492379
2_70_70531,0.22879622835911767,0.17181001497255033,0.21021807033780657,0.2936055329733665
2_70_70577,0.7781012414589549,0.6353155184340652,0.8306871387094243,0.7046379605826907
2_70_70587,0.7609438492796453,0.4726243567753002,0.7576624375240292,0.48520444187688555
2_70_70604,0.8965319026633455,0.8394080338266385,0.9391250515889393,0.9324193690130943
2_70_70612,0.3660213630430386,0.19762444095951676,0.43636444306409033,0.33154397564727833
2_70_70640,0.96323597162075,0.8573983217937549,0.9785273899794487,0.8527114872824048
2_70_70669,0.6928496196606202,0.7373189295359686,0.7423140996516735,0.7305701886704881
2_70_70693,0.9685033005523374,0.897131552917903,0.9879585083011208,0.9607307571754802
2_70_70761,0.9032807180439493,0.8218636127017178,0.9685227335813024,0.9217619634531912
2_70_70783,0.8811613774476705,0.8079359907316896,0.9451901083250615,0.9208430913348946
2_70_70803,0.6957750561634901,0.5011083953845279,0.9442025316455697,0.9013215009163692
2_70_70863,0.4867845815355602,0.24726182051022816,0.5440255717392737,0.47414952911781666
2_70_70895,0.5902854384997243,0.4342386724573799,0.8292396516293179,0.6463964913760385
2_70_70915,0.9553587245349867,0.8716462028194634,0.9889145496535797,0.9048530570881658
2_70_70926,0.4510590616641365,0.6909018816235311,0.45401854714064915,0.5722114396620619
2_70_70943,0.756705808427915,0.2825278810408922,0.8170543301004206,0.4470258922323303
2_71_71085,0.3638217456271425,0.20871736382972164,0.40585980717559667,0.2698967434471803
2_71_71115,0.95902298465456,0.868207336349267,0.984859508713578,0.9486885151810824
2_71_71150,0.8701394759087067,0.8506041449947987,0.9400164338537387,0.9289549772821148
2_71_71279,0.8315044021947173,0.8386643782181308,0.9327006039689387,0.9440440141595939
2_71_71449,0.8272895270986701,0.6895193065405831,0.9100264417923247,0.863541899798574
2_71_71631,0.9271767987364318,0.7986258462160251,0.9718729793807026,0.9175302716264863
2_71_71632,0.9243739264081006,0.8052118690463156,0.9509897221164827,0.9052869663556686
2_71_71768,0.93435031326614,0.8935527199462726,0.9727114379717438,0.9644923724355602
2_71_71771,0.6740653942357527,0.31556443219218544,0.8639264593945781,0.6939118478343901
2_71_71951,0.9173584074046867,0.7342057212416312,0.9874560562480026,0.9510845829087203
2_72_72069,0.8750686320057439,0.6972292191435768,0.9713677236157122,0.9279473369239976
2_72_72074,0.9162712534598656,0.8881205673758865,0.9157834281835744,0.8569999129905159
2_72_72102,0.6439741451209341,0.509922730557563,0.8047028086218158,0.6739931649132213
2_72_72152,0.7097451694203304,0.48825559858562045,0.9301318448657492,0.8872407732864674
2_72_72319,0.9207939390144637,0.914621229564817,0.9561021379264124,0.9482414448669202
2_72_72352,0.9233987028437656,0.7615995295501323,0.6778648749533408,0.3279052204285849
2_72_72377,0.7734146850229453,0.4668552499348643,0.819348060493793,0.609844034838971
2_72_72453,0.8945741661749417,0.6544338624338625,0.9005504164145125,0.671739040785187
2_72_72562,0.6937019466710289,0.538603208452479,0.9553894823712805,0.8607258437355525
2_72_72593,0.9327605155360176,0.809287242116884,0.9312183417755265,0.8057384087006296
2_72_72714,0.3887268024182633,0.2347725964306275,0.4049036392479621,0.30235112065092595
2_72_72747,0.4554904898088883,0.34026350079629364,0.6159551672985001,0.4349666959260598
2_72_72778,0.3656357020547945,0.42422675566419105,0.3760431872641639,0.4642301710730949
2_72_72940,0.20561176912691895,0.05780936897425233,0.24813247221894338,0.24110485046692148
2_73_73034,0.7467762250344869,0.5735103746717461,0.9397082910849388,0.8029266524713451
2_73_73091,0.9151541887236366,0.5970745298351521,0.9661610004966364,0.8906644647367399
2_73_73097,0.5786332108215657,0.04248737822655194,0.6101996211569285,0.07707583932853718
2_73_73123,0.8887659660062356,0.8538455197428076,0.9054321530679569,0.8947231383440375
2_73_73225,0.8571428571428571,0.8130248180630715,0.9277644337692376,0.9110322623036993
2_73_73260,0.8844273528749974,0.590611557882925,0.9766507657544564,0.8847599164926931
2_73_73453,0.23609919042427335,0.0,0.24262216924910607,0.025956948057516936
2_73_73493,0.8595608656919772,0.371411558229911,0.9783607350096711,0.9362635670849049
2_73_73494,0.2872001145520105,0.14672941176470589,0.36265012275230574,0.2328812359948107
2_73_73629,0.7696354072192998,0.7890851424509214,0.8820599886813809,0.8825444949750154
2_73_73776,0.1982851018220793,0.30550659846107553,0.21806130282547231,0.34906151337473545
2_73_73838,0.9090822792320289,0.7052940027349092,0.8932464017714355,0.6683264607484634
2_73_73901,0.07484547668102641,0.0,0.00023671907363935848,0.41261251886154326
2_74_74023,0.8651927318558975,0.7014925373134329,0.9539419574668077,0.910879707891
2_74_74056,0.7446532933185911,0.4942657884540876,0.8403764268078864,0.6865077570220273
2_74_74096,0.9426509237829993,0.8194427692678808,0.9831254887434663,0.9433632895842762
2_74_74102,0.8760961596613245,0.8004714818937856,0.9492962523316941,0.8065840604149864
2_74_74124,0.19139076794707513,0.06669414917110804,0.20931218311351668,0.17641129032258066
2_74_74166,0.7895525369556532,0.6625047582794061,0.9095477386934674,0.892018779342723
2_74_74171,0.8723526905436226,0.7577359915828095,0.9404019776440241,0.8647397094430993
2_74_74172,0.9006470230177875,0.7019678234277357,0.9434096740473249,0.8209058430333065
2_74_74193,0.9379289636238847,0.7159220702933786,0.961815508458214,0.8203813603961091
2_74_74275,0.6821657685399025,0.5415015798184463,0.7428313897808574,0.6055760126249342
2_74_74293,0.47729145460714456,0.46570212765957447,0.574249572078654,0.6113774751881862
2_74_74294,0.7802880970432146,0.7908568730820679,0.8676497695852534,0.9139638411919687
2_74_74361,0.8856392432560528,0.7344005821357104,0.8959813929448249,0.7992917432169768
2_74_74385,0.8804547442063839,0.8112912678257472,0.9342377991332202,0.8997069125741655
2_74_74448,0.8783471586944724,0.48257861794592405,0.9417038026044285,0.6526194866833943
2_74_74478,0.5839477476150909,0.12863299812133938,0.7235132417029836,0.376827688321303
2_74_74515,0.5365467338023943,0.0,0.4154440707077936,0.1817809776430466
2_74_74560,0.8529090113735783,0.7874478412671378,0.9419581296226651,0.9240530303030303
2_74_74641,0.856384307846077,0.7440105966367196,0.9615573828097548,0.9292297776345472
2_74_74722,0.23863407523901767,0.0,0.25881435257410296,0.0
2_74_74783,0.5891831052662757,0.28472206762983904,0.6031083158065038,0.31104728236853735
2_74_74876,0.04378509800546507,0.0,0.039867565237834024,0.0
2_74_74879,0.8799420409853033,0.7796084773745746,0.8743156758423934,0.8607873011373702
2_74_74953,0.4107900782679802,0.2500927735582989,0.5241007828034937,0.4068731240838549
2_74_74979,0.7651529667241489,0.6113235026397232,0.9295315682281059,0.9175851564663529
2_75_75089,0.9031473464026852,0.7079360904727464,0.9761034281778201,0.9006612891504978
2_75_75104,0.40902528184806314,0.5927196652719665,0.427181459630366,0.7068768217640073
2_75_75154,0.5785327159829152,0.3762588262530385,0.6486283428432189,0.6027397260273972
2_75_75169,0.8915206415206415,0.7872110939907551,0.9824690751208323,0.9668258570697595
2_75_75231,0.23837806843876105,0.14689895470383274,0.3101164617148032,0.2215857949431307
2_75_75252,0.8721248353429932,0.8325417075564279,0.9410458532252692,0.9122062798918694
2_75_75273,0.7439863762151423,0.7137213027229045,0.6404367469879518,0.5652802684097877
2_75_75278,0.19616128455575238,0.26530077036551386,0.20633845619518973,0.40032128514056226
2_75_75430,0.806699845259504,0.5547345907058138,0.9765994651306316,0.9251895635560332
2_75_75449,0.7397879638291238,0.7809705200397482,0.924181156490093,0.9505632622660832
2_75_75568,0.6440616869886845,0.21097789267249065,0.7450874102181867,0.4676497521235277
2_75_75665,0.8713479118121528,0.7630108791531902,0.9545272033728167,0.9151247848537005
2_75_75699,0.3887048950078896,0.08134883720930232,0.3087315796722215,0.06418485237483953
2_75_75707,0.9665554347418545,0.8727350549293765,0.9859657284639839,0.943558649599521
2_75_75723,0.9736821165705192,0.8665969879804266,0.9682015778457576,0.8442054620065091
2_75_75734,0.925355058901244,0.5879502213713055,0.9433988633187366,0.6975435558922195
2_75_75742,0.35537680846469444,0.24767638592867658,0.36839203853072594,0.2628566215877215
2_75_75751,0.8673601648442952,0.6207930517499871,0.8798479648695524,0.6977507533362032
2_75_75805,0.9252255947497949,0.7944965711170411,0.955503358651271,0.8628373949830185
2_75_75818,0.18199514523259497,0.0,0.19867888780787546,0.01499139008002161
2_75_75920,0.5479638860152356,0.4715311488673139,0.5469410626050634,0.5141116972102887
2_75_75971,0.8529710512950737,0.8466922555881689,0.828956228956229,0.7243629201034101
2_75_75986,0.34486457495307055,0.21507744521067262,0.10002591680704938,0.18791052317302834
2_75_75991,0.7153147510178516,0.4539061350595851,0.7092418595308768,0.484273287631776
2_76_76026,0.9247465712581991,0.775203813427184,0.9612888789438353,0.8764961915125136
2_76_76032,0.926685334055942,0.7077924974352112,0.9920166158239762,0.9717488789237668
2_76_76096,0.9748194417333593,0.8614243548020889,0.9897081105806341,0.8874395427231423
2_76_76123,0.9062975902535161,0.831937711179668,0.9523688877628579,0.917062477164779
2_76_76149,0.8964064713337807,0.7275470963345179,0.9240681836718049,0.7971703150026695
2_76_76170,0.34953990853714983,0.42820568453026686,0.3748773110590309,0.4050882137204185
2_76_76184,0.15394723697254262,0.002777423062188737,0.0013999931372885427,0.28393152713651015
2_76_76186,0.7125072437703575,0.39162112932604737,0.754865960562902,0.5045131291028446
2_76_76256,0.9699989592006661,0.8673551348250144,0.9782046841277877,0.8601524224278715
2_76_76257,0.10992283002117052,0.0,0.12306786285172353,0.01814633820904982
2_76_76272,0.19216596325245133,0.1302067420307567,0.00011333646357851789,0.1708911959013078
2_76_76273,0.8921470791433177,0.7889356195406018,0.9353565260301011,0.892450293639001
2_76_76326,0.876918909156583,0.8712544722719141,0.9419373950824529,0.9291727140783744
2_76_76343,0.7241339985744832,0.6972004369731457,0.8999509193189111,0.96632076440974
2_76_76407,0.869777593016005,0.7024309434834534,0.9572339192582576,0.9054619186414903
2_76_76631,0.12720855637920123,0.06866075256406029,0.0008116612370606745,0.5069991251093613
2_76_76635,0.9342206180915859,0.8440429910816373,0.9768125563089762,0.9436927370911959
2_76_76639,0.9327394624123161,0.7835188651364398,0.6322109802620667,0.44030645689937725
2_76_76750,0.40757836921908325,0.5325394417475728,0.4357228801215883,0.5607387070037297
2_76_76795,0.847102200714368,0.7201417333073272,0.8996926399734175,0.804233700254022
2_76_76819,0.6197516841610528,0.3864679160864702,0.9501831274442858,0.831063737219926
2_76_76831,0.8029492210726602,0.7955031381474584,0.9166780681351758,0.9053254437869822
2_76_76847,0.8855170270390268,0.5723796194727087,0.9252659078186228,0.7132734794472317
2_76_76874,0.4941996778731473,0.10069916166871003,0.48964751035248966,0.04422043787187337
2_76_76880,0.8307660391058556,0.5762815523184699,0.9194872102078716,0.8061371478342434
2_76_76889,0.8494693877551021,0.7493874693734687,0.8226115521489187,0.7631524795939365
2_76_76897,0.9722886040504984,0.8143100511073254,0.972796464522465,0.8193098100038775
2_76_76940,0.8270364415862809,0.8647247773397576,0.9092442127855281,0.9475049115913556
2_76_76952,0.9067853705486044,0.8790875879889513,0.9686525265127885,0.9578099075610335
2_76_76957,0.7976771459917528,0.5405226450075042,0.8605530218990098,0.6375711574952562
2_76_76961,0.19014042169450768,0.0,0.23963882031960504,0.09620106890076556
2_77_77008,0.6879844639567115,0.26180113021522183,0.9503911027019544,0.7163972286374134
2_77_77023,0.9879611871712588,0.8592223891810669,0.9933127670581924,0.7946052957188815
2_77_77055,0.7728119714474099,0.32935686751876647,0.818198373194124,0.44414042572925844
2_77_77058,0.8522164418553939,0.5616022219329081,0.9060131548195386,0.7283912324234905
2_77_77109,0.923772220548358,0.7841183405378095,0.9832766060086297,0.9334273370934837
2_77_77133,0.9238215640238396,0.771914031731743,0.9432423373431157,0.826769356438532
2_77_77153,0.8651234717054076,0.7256257244665779,0.8751250855848739,0.7995043928812796
2_77_77162,0.9468716149997422,0.8551793123888559,0.9782714976370254,0.9338261038708422
2_77_77167,0.19004824604588297,0.076082081184122,0.19734993346918647,0.1467644370947387
2_77_77181,0.7644670050761422,0.6237706218274112,0.7986413586413587,0.6591910130520872
2_77_77435,0.9119927040583675,0.9234701223902088,0.946374695863747,0.9477331367489864
2_77_77513,0.7561601094180753,0.45328199830970045,0.871398052464229,0.5723289659650865
2_77_77529,0.9132693432414766,0.7620905587668594,0.944479170496746,0.8506114299975044
2_77_77552,0.6237499643864498,0.3234346066799259,0.9238125310117732,0.8108194112967383
2_77_77563,0.8997478635339269,0.7769791559708389,0.9522751171016155,0.8957043289923083
2_77_77691,0.8656331614544968,0.7309584634307882,0.8873060648801129,0.7874596813605708
2_77_77805,0.854105668539474,0.8401595857561224,0.9589090364154054,0.9572551662174303
2_78_78096,0.5265983406539776,0.3058859947817627,0.5162111532734521,0.4128080364150055
2_78_78222,0.9037197936464838,0.8174823612042269,0.9198690332586593,0.8637581699346405
2_78_78261,0.14892170037035823,0.0,0.0022796665267593346,0.5369423012411942
2_78_78416,0.8866775294847921,0.7552233735349074,0.928686260769199,0.8453723594701038
2_78_78470,0.8864451350705236,0.8384209685152629,0.9076424870466321,0.8893327666808329
2_78_78523,0.8286390075543649,0.5785791852918151,0.9135963482230193,0.8043337015138717
2_78_78545,0.2700929817857598,0.028532783717634937,0.27413021346734967,0.0
2_78_78560,0.9218652601294653,0.7950293870696893,0.9572145545796737,0.8874528234707684
2_78_78606,0.8548367520330137,0.6412726581315756,0.9303484239545621,0.8471232272760673
2_78_78635,0.7164309031556039,0.4854924588933455,0.8820085342859978,0.8347266405267441
2_78_78641,0.5747840266453874,0.32908169224659517,0.7896029226807211,0.7318577648766328
2_78_78656,0.925114588272483,0.7794561933534743,0.9205209550843213,0.7613939845015543
2_78_78661,0.18957325722489018,0.18998576318420016,0.1903039135839513,0.15660676670220788
2_78_78701,0.2718479783998086,0.3103917301414581,0.2839579018351717,0.32361433359113173
2_78_78705,0.8216851034806147,0.5034656038814763,0.974174558484771,0.932515757741847
2_78_78706,0.857691208297603,0.7578808446455505,0.9397633721714876,0.9008710587657957
2_78_78716,0.5331506946791668,0.30829808548530724,0.5747680675834668,0.3681953543776057
2_78_78784,0.9177215189873418,0.7640946873870618,0.947257482786079,0.8859475632638572
2_78_78817,0.161786300423253,0.08974288914997677,0.21434800302308005,0.1824012542535944
2_78_78867,0.13928879453327142,0.0,0.3546577409013766,0.24447606050927673
2_78_78986,0.7513863216266173,0.5930579923182702,0.8521641741880229,0.7733982157339822
2_78_78993,0.9541475715913775,0.8106290951136996,0.9693526685603229,0.826107588110953
2_79_79121,0.7162806669464687,0.6960794349472822,0.9172821270310192,0.9066897787701619
2_79_79244,0.8931335692171606,0.7484796573875803,0.9582296156881792,0.9318818040435459
2_79_79248,0.41020708848326104,0.493730306732686,0.4271888772774774,0.5107546603528196
2_79_79255,0.9517565125402213,0.8064827404710733,0.980242530431575,0.8687918886406599
2_79_79293,0.9310403195775077,0.8415772848762539,0.9383269312846778,0.8712631197973217
2_79_79319,0.9308340302282416,0.722028407675056,0.949870898671201,0.7942692408491308
2_79_79323,0.9559834455667789,0.8579752763709634,0.9840720221606648,0.9476256180292054
2_79_79327,0.6875671802221426,0.7434250393891649,0.878702163061564,0.918833321057671
2_79_79407,0.3268536822617591,0.16964389281985848,0.29448110042496084,0.147117296222664
2_79_79409,0.8504081921570478,0.7590184649247952,0.8932087602973678,0.8706011575345359
2_79_79424,0.8914588201630979,0.6810248198558847,0.9531728434167459,0.8774188120477873
2_79_79584,0.9398564608839671,0.8204952171724106,0.9816598046888292,0.9457834246641773
2_79_79609,0.855521189786786,0.6347396568372576,0.8713747450655052,0.673313176929848
2_79_79621,0.8436817647388164,0.7133461222252672,0.9522186495176849,0.9318572776205538
2_79_79705,0.700498108685068,0.6888090963494913,0.7287430321111722,0.7559980806142035
2_79_79799,0.18180965556050552,0.18424577626064037,0.29378220722488163,0.32093771746694505
2_79_79889,0.8798942964104822,0.8468784004352558,0.7986368350866795,0.718654110676119
2_79_79959,0.8989332559863353,0.8638887053069857,0.9398626621349795,0.9290726987804047
2_80_80006,0.9865313498066902,0.8307397853041525,0.9920861166659576,0.8530762167125804
2_80_80028,0.9656724511930586,0.9091497626240829,0.9820519988817444,0.9526073391769425
2_80_80209,0.851237935375577,0.46471143126661524,0.9323219728456636,0.7554414125200642
2_80_80262,0.9230171073094868,0.8152655557635898,0.9741870600067046,0.9009113825867753
2_80_80272,0.2106522663224019,0.043765102987994325,0.22571819425444598,0.10145393491229951
2_80_80321,0.7306330234617088,0.48402115886210173,0.8215111239526148,0.613482322769738
2_80_80333,0.4463997355271021,0.06996245817350853,0.5250712678169542,0.09203223599178895
2_80_80334,0.2118768486732733,0.05212186780205207,0.18773733798842604,0.0
2_80_80398,0.8102591409300675,0.5014424337791765,0.8769121868732549,0.5753045404208195
2_80_80504,0.7080311135908628,0.5177779206583939,0.7582808699384748,0.6518434055492208
2_80_80528,0.8723012552301255,0.4415267357389544,0.9552282583645849,0.7253572386315749
2_80_80552,0.435836961780358,0.3685015959074811,0.46929660513520055,0.5113860498475883
2_80_80562,0.5625093409056943,0.47892502071251036,0.9237163501502653,0.8266046642711196
2_80_80567,0.9213896368293163,0.8530185370741483,0.9589794192275162,0.933298180859478
2_80_80595,0.945954739353626,0.8701198099566205,0.9792830805489033,0.9497658578118349
2_80_80715,0.97214311960316,0.8702006039689387,0.9743277143460014,0.8706216810599152
2_80_80829,0.34106854926569924,0.39637107078967543,0.34466723502253127,0.3824510514865845
2_80_80834,0.9710710354205789,0.7230769230769231,0.9738235587970826,0.6646375207526287
2_80_80887,0.9598186327312809,0.7860934869869222,0.9838877338877339,0.9415058199499042
2_80_80949,0.9188848842763472,0.6972139843782632,0.9528284587879343,0.8120320975478549
2_81_81003,0.48459898354632375,0.3604960562577212,0.5129633659775118,0.30905844155844153
2_81_81295,0.9404116076810471,0.7966844184847964,0.9652024584237165,0.8763061534339556
2_81_81304,0.7963065388397247,0.46946564885496184,0.8854872953907267,0.6816407147122319
2_81_81442,0.8751504345888121,0.622344234900931,0.9281683168316832,0.8130742581714113
2_81_81531,0.521186117467582,0.25378521326583886,0.7924765440037412,0.7090591592486903
2_81_81637,0.5975152539880909,0.31370777603948613,0.8265369168983627,0.5056731583403895
2_81_81639,0.6309159838571603,0.4450986244132729,0.7875674287182122,0.5862172836200549
2_81_81675,0.8702039651975467,0.636420493042164,0.9276727931659332,0.8314332744010242
2_81_81676,0.8588454910970706,0.7607404474361512,0.9543023821098687,0.9414150037349269
2_81_81718,0.8851069941117334,0.8311258278145696,0.9547054681999531,0.9385416666666667
2_81_81784,0.9251011610377933,0.7548788333690757,0.9761401303006058,0.9148664013644116
2_81_81827,0.7738686895108553,0.7631068745456014,0.9283733072279328,0.9419970279468866
2_81_81838,0.9170341687282636,0.8607023805515337,0.9566096779117692,0.9297344211074466
2_81_81862,0.8474549140966813,0.7195413942351966,0.9124225435231632,0.8508425767918089
2_81_81973,0.6451612903225806,0.7781432202122889,0.8604344963791969,0.922859830667921
2_81_81988,0.5921278625954198,0.332744350413838,0.7960237181723055,0.5508566471481241
2_81_81996,0.9145005721759032,0.8216438356164384,0.9478685047720042,0.860952293829758
2_82_82045,0.8844694433284228,0.8035948101416498,0.9322091225357557,0.8991235255570118
2_82_82074,0.20636429948418694,0.465252581635501,0.2007508749602291,0.45879994603033863
2_82_82130,0.9469283161372986,0.8468511223957097,0.9604428716583161,0.8877926667648358
2_82_82198,0.32784457361254876,0.1384504869958378,0.3973999174576971,0.33574885283719064
2_82_82204,0.958830957965001,0.8606160678699539,0.97766278247273,0.9118013125141434
2_82_82220,0.8714139693356048,0.7702481207257107,0.9507936507936507,0.9239234755902489
2_82_82287,0.9594883353335479,0.8477992816168981,0.9883572857922504,0.9583475201452729
2_82_82301,0.36621940511469653,0.2060423942174937,0.7054049622909607,0.6696479225763391
2_82_82346,0.8104052888761138,0.6315912272515166,0.5785362420830401,0.5344061374374327
2_82_82348,0.8380513495720869,0.5101476311472773,0.9538877863972578,0.8560367885129745
2_82_82372,0.8744461356333503,0.6544345857523642,0.9367530796102225,0.8109920162321909
2_82_82411,0.8463576158940397,0.760512584407612,0.8223734767812054,0.7430348258706467
2_82_82528,0.8981963625386763,0.8813046210087394,0.9703067484662576,0.9605111743686028
2_82_82695,0.781937652811736,0.5290560967416863,0.8689670854414189,0.7045015040825097
2_82_82757,0.7611026662832259,0.545553391020704,0.8397642257991386,0.6415617250935965
2_82_82947,0.332348290714792,0.20246223436033114,0.3265907368465997,0.15804144675211917
2_83_83048,0.8894624108992591,0.717405191939137,0.933736494708507,0.8351214699716365
2_83_83133,0.9558487945232662,0.7998283261802576,0.9569450901389535,0.8107717227814416
2_83_83230,0.7530983421857396,0.4552776388194097,0.878422708709915,0.8286846741045214
2_83_83262,0.8464900662251655,0.6714422158548233,0.8556563103909618,0.8500234338384628
2_83_83356,0.9043157296990346,0.760218400775629,0.9362837954193215,0.8487679175390562
2_83_83493,0.9429872781529763,0.8316187773442119,0.9608496974187971,0.8827939294203694
2_83_83591,0.9115182047171971,0.8177495130056147,0.9436475409836066,0.890800833581423
2_83_83593,0.883604227728928,0.729385870732231,0.9655495317890587,0.927496062992126
2_83_83604,0.9065887224454999,0.8065944881889764,0.9079961464354528,0.819583045153641
2_83_83713,0.9082358615699988,0.8260849167253108,0.9579900446275318,0.9242499503278363
2_83_83714,0.9053075681025053,0.7585376298040895,0.9633537553891536,0.9422237151494793
2_83_83786,0.23256774430397173,0.15270793833979063,0.26415892918551437,0.2818361157730471
2_83_83792,0.9716212196331185,0.8784629133154602,0.9827512560258731,0.9221699046413169
2_83_83872,0.9690013813276996,0.9087901394745378,0.9885273258239466,0.924065196548418
2_83_83877,0.5530269600117674,0.28174629691502395,0.986826119969628,0.9230402830702232
2_84_84012,0.9273987206823028,0.8462560080951176,0.9256579696935171,0.8065479746684192
2_84_84202,0.9010391903823949,0.7592235886798044,0.906172328086164,0.8128159265883816
2_84_84204,0.9698182938096704,0.8816928069226609,0.9863244858498857,0.9452392698569314
2_84_84233,0.9330463760066648,0.8135883202798266,0.9807139926138695,0.9527076696888017
2_84_84240,0.9387065376088249,0.8597474379150194,0.9544973544973545,0.8997640581989775
2_84_84305,0.8550384636368596,0.6060869093473661,0.9507124075093255,0.8751933623962874
2_84_84342,0.24623997964117572,0.22852715775367477,0.0,0.2819800942902043
2_84_84343,0.5289872179690398,0.3628714372346877,0.6224441085209643,0.5848267034265459
2_84_84392,0.40430846081798316,0.4716848986125934,0.3720997054809281,0.42609585536414807
2_84_84466,0.917670922324305,0.8284147827264112,0.9597349321552541,0.8968340611353712
2_84_84496,0.7477697665892704,0.5940337224383917,0.9265836835011496,0.8979164307552938
2_84_84564,0.8716096753564307,0.7984666284914423,0.8682707143154997,0.8540294969712932
2_84_84574,0.7585162173384802,0.3693581489992457,0.9456667720018961,0.8492353207835278
2_84_84979,0.858316623465545,0.6663476365183176,0.914406555643669,0.8400434012906173
2_85_85029,0.9035392535392536,0.865857749944084,0.949041095890411,0.9464577975216273
2_85_85032,0.8597227722772277,0.886844148134618,0.9419957686882934,0.9604712296757862
2_85_85111,0.6853789403085178,0.4778691046547405,0.8132609410990458,0.73090354943171
2_85_85210,0.7521669909782417,0.7742926944597683,0.8580413297394429,0.9004780114722754
2_85_85288,0.39557933781277554,0.2669236783220554,0.44271741732498887,0.3072696200867622
2_85_85416,0.9187905651416812,0.8062872405999589,0.930151825672341,0.845948092113512
2_85_85496,0.921416951628432,0.7482837528604119,0.9473481398444615,0.826727789705797
2_85_85551,0.34573080848168725,0.28125,0.7550077041602465,0.7561593211059403
2_85_85617,0.29789902790843525,0.14948729163629296,0.3040565588095112,0.28492773571920166
2_85_85861,0.8995589046131226,0.9016077898550725,0.9567177637511272,0.9676838058625661
2_85_85878,0.9021937454915772,0.6554282075772047,0.9664191969108419,0.8836809288325091
2_85_85925,0.2656860605820158,0.008871272178180446,0.4429684527452894,0.2556758310182968
2_85_85947,0.9163034917301129,0.8200856455681351,0.959370831480658,0.9050853795338402
2_85_85964,0.947502877516072,0.8279716981132076,0.9848212972495956,0.9467032130348714
2_86_86008,0.9494968074204483,0.7840085859940972,0.986468610483382,0.9276757072032663
2_86_86011,0.3014090551462699,0.21118221623442238,0.0037609503279365224,0.2936480644527412
2_86_86020,0.960697189711642,0.8352250679084207,0.9690369672710148,0.8719948974585419
2_86_86173,0.5146118970885454,0.3544436810411025,0.9066970765083973,0.8140743702518992
2_86_86179,0.2842008921057061,0.034066870372546715,0.23891011355194736,0.0
2_86_86180,0.810904834671782,0.518822826411712,0.9075078398819406,0.7273052339873955
2_86_86185,0.7634095902804705,0.5097095300261096,0.8679070456988252,0.7253374399855059
2_86_86190,0.7676284888180799,0.582037462449196,0.8577504725897921,0.7254596152937285
2_86_86206,0.7961658172863153,0.43548479687709296,0.9567915715839536,0.8627915636954535
2_86_86299,0.784148665819568,0.854538490999617,0.9583497053045187,0.9631018321261184
2_86_86300,0.8858348540145985,0.8670905638715944,0.9384335383456759,0.9342998715360616
2_86_86311,0.38971977468966856,0.1947808036376217,0.4304991923092077,0.2975373650337748
2_86_86324,0.9442448935828017,0.8598159322240507,0.937937159986677,0.865209244222361
2_86_86425,0.4378169316716803,0.5002590776834469,0.46230423321445185,0.4665399239543726
2_86_86449,0.5350110444935311,0.27305316958898274,0.6338137682533662,0.46696081083893526
2_86_86516,0.8760691070817653,0.680243096278921,0.9079893475366179,0.7769886363636364
2_86_86534,0.6885438720301106,0.45589780224398035,0.8268472484141951,0.5995053826011056
2_86_86575,0.13038540022330883,0.13942885771543087,0.2204951631414986,0.24531443970085082
2_86_86600,0.9060402684563759,0.8876021258031253,0.9675122385402759,0.9639346993170081
2_86_86610,0.5598004497634864,0.3296107296481338,0.5457528446679015,0.26730753014588077
2_86_86682,0.8117802998923038,0.8294965293032247,0.8414780600461894,0.8709847288046341
2_86_86808,0.9013771382696226,0.751770510066046,0.9426491598067895,0.8469120725750174
2_86_86828,0.7734170591313448,0.9103448275862069,0.9436619718309859,0.9874002519949601
2_86_86832,0.387725368785285,0.31462934712918134,0.41559219724373625,0.4268456375838926
2_86_86904,0.8332314438096844,0.5751957148743304,0.9504154713621525,0.8577532736044108
2_86_86945,0.7987041287735712,0.5856550272412085,0.8625641671653073,0.7084791843670348
2_86_86999,0.8112566947207345,0.5687314038409521,0.9913318495958767,0.9761938006143536
2_87_87077,0.8598928188638799,0.6727281885956075,0.922977046139578,0.8123151090172017
2_87_87675,0.887673146315912,0.7850467289719626,0.9418084528238786,0.8943599758218255
2_87_87881,0.9504070505638957,0.826134920104299,0.9837176690557806,0.9437413591406998
2_87_87900,0.6267482186770919,0.5898886901743053,0.641521994517687,0.6453953062159548
2_87_87983,0.5233531774841489,0.4445398187887458,0.9647652518698747,0.9515071090047393
2_88_88065,0.7367576791808874,0.5429585667535637,0.7966323178016727,0.6951107294031041
2_88_88159,0.9143837608328971,0.7446314567614626,0.940666968462351,0.8896627391117684
2_88_88163,0.8869010121372475,0.7127920957708191,0.940427261641299,0.8028042624789681
2_88_88168,0.49411156643408277,0.2089399220832479,0.5117944397641112,0.3351001802183823
2_88_88198,0.8448585989807135,0.57532953393238,0.8915652491638326,0.6575424575424575
2_88_88294,0.9479325643300799,0.8652312599681021,0.9672456940968645,0.9112657677250978
2_88_88308,0.9643422745719094,0.8714336503421918,0.9870918171340761,0.9527396939778204
2_88_88416,0.8003464126307375,0.9112334180073384,0.5563562309078092,0.6763656227239622
2_88_88528,0.9068492282336534,0.8050363264442407,0.926317188226696,0.8461428366967225
2_88_88618,0.9591944399844026,0.7808014188327883,0.9757889266817839,0.810016359702359
2_88_88645,0.8433828981774187,0.5976083401471791,0.9502757476572659,0.8806946737601663
2_88_88911,0.3653453974355969,0.15675533441775907,0.35375605059770543,0.2182046172873437
2_89_89063,0.9328420773948727,0.7701437075797217,0.9587366392953806,0.8606817360581362
2_89_89079,0.9491153787993346,0.8235370107221289,0.9726680438582552,0.9021649200220628
2_89_89090,0.9288251251503202,0.8282338685246895,0.936486914461751,0.842512833898895
2_89_89100,0.5215297648126178,0.37279862548322856,0.6476727377854872,0.50052738336714
2_89_89169,0.8382737576285963,0.6805975620933004,0.9016282225237449,0.8209462995917512
2_89_89210,0.9149684671157063,0.7884786390875701,0.9120230515406423,0.8355888039001429
2_89_89214,0.9659810867326238,0.8765808741956956,0.9608858211101524,0.8619438396695137
2_89_89218,0.9110410579732431,0.845620529552014,0.964983331955809,0.9340393343419062
2_89_89250,0.9137443438914027,0.7161748105144331,0.9807256929572294,0.8899549970281057
2_89_89272,0.42062038910839145,0.3397182402372714,0.43799098375290124,0.3937439774664591
2_89_89273,0.9176143336333142,0.7886560693641619,0.9716841186736475,0.9244885165555365
2_89_89281,0.8424194969169032,0.5805713039686001,0.8986147254422627,0.7311814859926918
2_89_89283,0.9211316073786563,0.7604382745598638,0.9860583563535912,0.947959750601889
2_89_89299,0.6328937054834203,0.3748648253689902,0.9657614483493078,0.9367649472129533
2_89_89301,0.9350262624591588,0.8373988216507902,0.9649054311990283,0.9105416690499343
2_89_89348,0.8190030905777003,0.580208394654736,0.9337289194253592,0.8784011220196354
2_89_89429,0.9026463202627004,0.8540491609219414,0.9401948590381426,0.9092027203009695
2_89_89433,0.762783194220383,0.7509145928368186,0.8246634535482799,0.8495053365173741
2_89_89460,0.9373282474057668,0.7497105567834965,0.9529481581959222,0.8084054388133498
2_89_89464,0.4698552770914225,0.43157894736842106,0.8045886573928369,0.7207952580884169
2_89_89493,0.9378350812040693,0.7350152659488992,0.9590707358500904,0.7891189642176207
2_89_89660,0.7732259749838655,0.5062834622248662,0.8754534887816562,0.7194074074074074
2_89_89673,0.8800210405508799,0.548995557912882,0.9603261303988703,0.8007460239383506
2_89_89688,0.8364003228410009,0.6217216281055585,0.9194125575126644,0.8340114307856243
2_89_89851,0.9367779496042936,0.885077793493635,0.9871265251224901,0.969066366704162
2_89_89895,0.8819031788905048,0.8256297206461638,0.9419406863184302,0.9191753050529778
2_89_89905,0.9339204880928951,0.778010752688172,0.9495029193624743,0.8791079083058955
2_89_89940,0.02691812825895578,0.0,0.028391505166420646,0.0
2_89_89952,0.9555595817372399,0.8475971487698322,0.9857327795458223,0.9471266614542612
2_89_89954,0.8778780203204599,0.6683872541050235,0.9339952029632328,0.7974638168212573
2_89_89955,0.8667913422036913,0.37231311743200146,0.9646977547495682,0.7975020903010034
2_89_89991,0.8727592530219678,0.8591310835629018,0.9504877145326583,0.9442465211168966
2_89_89997,0.8922642017410033,0.8374187093546773,0.9550501345072144,0.9359172669819242
2_90_90039,0.8372584154614104,0.8009062861550328,0.9205225514523427,0.8795525494276795
2_90_90079,0.8529921942758023,0.8319725366487289,0.9048872799078492,0.9057312252964427
2_90_90119,0.9711528625498688,0.8191255111670337,0.986906254352974,0.9133051036327168
2_90_90135,0.26374013921113687,0.27042340578963636,0.2661993535292791,0.3379317471389083
2_90_90287,0.9006253108789881,0.7518049737053213,0.9247371538575448,0.8051831188697921
2_90_90306,0.8637456091699021,0.7128944071078711,0.911220958971824,0.8004270896888347
2_90_90342,0.7985467519470913,0.6186556392150743,0.8965174649654883,0.8421997864285021
2_90_90354,0.8988917205002074,0.8402173366202144,0.961689712038564,0.9552096062908453
2_90_90390,0.8822989423268809,0.8542817456471881,0.9265488244379612,0.9231135282121006
2_90_90392,0.9646641403779779,0.8429818454452953,0.9831110666299697,0.9227472651404083
2_90_90393,0.686180369905614,0.23491962998135837,0.7890605054888946,0.5823256521408472
2_90_90407,0.8429334350562655,0.8370915473940048,0.9419743782969103,0.9429599177800617
2_90_90434,0.9452078774617068,0.8072145483454238,0.9557408018231431,0.8631902149292797
2_90_90503,0.22422910514387748,0.36884172810583615,0.2335801519376863,0.4584518167456556
2_90_90567,0.8812944200816574,0.8730343622597554,0.9387315780758404,0.9369129008948919
2_90_90626,0.6209113661862432,0.29987435185021327,0.716312902456475,0.41646559212431233
2_90_90635,0.19028314485985,0.10136409227683049,0.27344113541181947,0.33518667671282704
2_90_90658,0.860888175494917,0.783399828479809,0.9391928163584012,0.9144938497671271
2_90_90674,0.4686594060957455,0.37357737885720993,0.4679456625357483,0.3902775280225379
2_90_90726,0.9167397981570864,0.9116176005064894,0.9713751606496086,0.9774347570148473
2_90_90771,0.5847105393369619,0.38226038878922447,0.7238316768872912,0.699541762132889
2_90_90800,0.22217842360824927,0.11611837927092596,0.44832126398946676,0.35032777030315176
2_90_90859,0.8790774984417203,0.6155596643436211,0.9174600211561197,0.7459336713138994
2_90_90887,0.1943790039264311,0.0,0.20603697537895382,0.0
2_91_91016,0.9587919214378359,0.8458932522123894,0.9901366287995087,0.9627817319098458
2_91_91042,0.9150519216357992,0.8492132867132867,0.9476820812560884,0.9020840552447899
2_91_91073,0.8786684187472624,0.8394308137460859,0.8988573193329216,0.8687512608432519
2_91_91116,0.8405512477567467,0.6066188534195847,0.9191383657125909,0.7812367864693446
2_91_91198,0.837189868311097,0.5761968338737364,0.9503687664929968,0.9034967124925284
2_91_91391,0.9189239912417891,0.8335483870967741,0.950595238095238,0.8837137806471447
2_91_91457,0.9461107179794241,0.8650862693924894,0.9872629655014851,0.9716661533723437
2_91_91491,0.8167218543046357,0.7749118683901293,0.9357346717842732,0.9228404742487925
2_91_91603,0.5660152170669849,0.3484938959660297,0.675652869070883,0.49364
2_91_91635,0.08907900806115053,0.044829182483103414,0.04636181403875478,0.12141117942789076
2_91_91646,0.10615657271904701,0.0,0.13438727694419464,0.0
2_91_91670,0.7793530820149289,0.4230256450474473,0.8999697294917306,0.6877371016691958
2_91_91717,0.9725120832816954,0.8964354088795697,0.9762652616647246,0.9135438725715864
2_91_91732,0.32276558422110985,0.3888492080164699,0.34113198900091657,0.49194680458071666
2_91_91853,0.7331615877427884,0.34527152159627217,0.9647539511494253,0.9128923645052678
2_91_91953,0.383856867812603,0.09397112028943745,0.4025216907370745,0.08788136946914435
2_92_92067,0.6682454366452025,0.503617902783451,0.8232458489555436,0.6530634613276826
2_92_92133,0.46928452329655096,0.274161248731243,0.6828877153205961,0.603279890670311
2_92_92143,0.8492607670880651,0.646438635701098,0.8800275403063859,0.6902315595767521
2_92_92154,0.6534525823865925,0.5433731763051503,0.9170948955121617,0.8483740107734256
2_92_92179,0.672675776017147,0.5400855222968846,0.7247345910857341,0.7350422703672493
2_92_92216,0.7911022741394308,0.7157136425033769,0.8943017044009158,0.8420744784558394
2_92_92253,0.2654472451483382,0.19047802919144335,0.2752957658779577,0.34917060722059595
2_92_92269,0.9229683698296837,0.7102988260405549,0.968524143710066,0.9172749391727494
2_92_92287,0.55369005036864,0.24021824969488118,0.5385229058382691,0.3749001899832044
2_92_92300,0.8980768659156436,0.5765621036611144,0.9500334171414022,0.723293706875052
2_92_92306,0.6137259194395797,0.5084668884185062,0.6877977434183034,0.5786111683494746
2_92_92312,0.17673453164333347,0.06684837972522784,0.16679578294991412,0.16041578873437282
2_92_92517,0.9759784929232229,0.8945067804777311,0.9827435773145904,0.9245522046662209
2_92_92558,0.9611453868977535,0.8489865174722554,0.987023737066342,0.9418485924053095
2_92_92577,0.6078802759265755,0.3358172844285299,0.6425457278877474,0.36706401475237094
2_92_92678,0.09182794724198885,0.11491469761487295,0.08908557835924102,0.1990222107103542
2_92_92683,0.848199313263595,0.7781950543101456,0.9304861426624261,0.9066245650212656
2_92_92684,0.22508050767190757,0.2569291819291819,0.1751666017816658,0.301156231654713
2_92_92712,0.6541675241819305,0.5683354020135154,0.6867224413715376,0.6757209437809496
2_92_92797,0.8714002284614922,0.8115857510813044,0.9426453895973826,0.9243661595943421
2_92_92836,0.7922571837212327,0.6445100815310257,0.87853076616266,0.736198390028564
2_92_92852,0.9084686893451833,0.737464988756953,0.9617773879997077,0.8944158794690901
2_92_92860,0.9268436578171091,0.7521894417535104,0.9840726791823592,0.922290835564785
2_92_92935,0.9488083316643301,0.7015205802674124,0.9927522491203674,0.9613596102745793
2_92_92937,0.6831212632224437,0.4764356878988022,0.8647464924652958,0.7575018297145645
2_92_92976,0.9836683099481734,0.9306945941783459,0.9905939194572229,0.9582591389965435
2_93_93105,0.8755247781865397,0.8147180420042996,0.7566168009205984,0.7301066447908121
2_93_93142,0.9321897614580541,0.863067007174997,0.9711483912796823,0.9433275489905616
2_93_93275,0.3360962870443965,0.29982742665632894,0.5539513314528852,0.4157886605901437
2_93_93311,0.2029652093336703,0.0005833135857379829,0.23207921555028993,0.0007008015417633919
2_93_93335,0.8173684966944524,0.6643523540898243,0.8587770553863879,0.7277488603666225
2_93_93337,0.9256523241748748,0.7808046184376691,0.9813231011048957,0.9373998932194341
2_93_93365,0.8408324661810614,0.8173717371737174,0.9525423728813559,0.9177929038834632
2_93_93375,0.6227468097157898,0.31456593935255595,0.793831238471108,0.5059353530803018
2_93_93399,0.6604973973395026,0.5117438510968314,0.8047861315244017,0.7544222682063948
2_93_93506,0.7958721588435078,0.851600293183484,0.897876141325923,0.9376015088803898
2_93_93515,0.9474504249291785,0.8062032085561497,0.9773642590469471,0.9104638619201726
2_93_93571,0.8952432868011282,0.6549944446435612,0.9541630856577337,0.7708525263978456
2_93_93663,0.565068493150685,0.39661947022559446,0.6074519230769231,0.4364996882145084
2_93_93686,0.8618101168642839,0.6570916032289966,0.8928796166319763,0.8272206303724928
2_93_93781,0.9155207697555021,0.39411606119835546,0.9576789680838627,0.841501416430595
2_93_93790,0.9167069340420392,0.7689271386048919,0.9805190602549997,0.965205288796103
2_93_93798,0.17898659476509043,0.07491257132339407,0.0027230542665814556,0.2215802363459115
2_93_93890,0.9594450119978143,0.7935072114176592,0.9705882352941176,0.8341724191622982
2_93_93933,0.9367610296601581,0.8900520069342579,0.9739676199985736,0.9585848659272779
2_93_93961,0.9348365919794491,0.5580844001896633,0.9673486380397288,0.6213727335980027
2_93_93978,0.9186521333719173,0.7817478589188691,0.9455496684328035,0.8486265060240964
2_93_93981,0.8618903209502148,0.7091043671354552,0.9329631914456097,0.8234307145677062
2_93_93988,0.8741319444444444,0.7313707451701932,0.9814580699536452,0.953147292130343
2_94_94015,0.924720380416583,0.7817470399918695,0.9826108780610233,0.9520475634828027
2_94_94088,0.16981069190774564,0.3715064463095959,0.17956601325774404,0.3700533094672944
2_94_94130,0.9498195712163022,0.8431206910646647,0.9775522845933748,0.9264718315813206
3_100_100061,0.2560668049094883,0.20910491063433503,0.2852274018252736,0.32759487308368934
3_100_100070,0.9396759838282772,0.8441681468324452,0.9743227904408381,0.9400986610288936
3_100_100074,0.7672038327526133,0.7622821878025169,0.8918628110289173,0.8813675213675214
3_100_100139,0.6927266338721012,0.43786783252059863,0.6813867974085099,0.5817652427100083
3_100_100159,0.9671730666463089,0.8750663693320591,0.979252136193786,0.8367663451752048
3_100_100170,0.933717834960071,0.8189756453815134,0.9731399659586374,0.9246003026514902
3_100_100376,0.8191421662212041,0.8559567484070284,0.9338587544428991,0.9380607191559607
3_100_100391,0.8300728078505857,0.47510191031891935,0.970580429920006,0.9259041058642256
3_100_100396,0.9307707448752918,0.8041689069026842,0.9538507641594246,0.8692500329511006
3_100_100461,0.7878341131978719,0.6232176656151419,0.9108656929105807,0.8201947349441039
3_100_100465,0.9138329135180521,0.7823148020416609,0.9570125427594071,0.8741433940019159
3_100_100486,0.9122779762829475,0.7747451716738197,0.9453056768558952,0.84106614017769
3_100_100517,0.9005862237420615,0.7291899664483145,0.9582416116336469,0.8903687596267101
3_100_100631,0.38171505359542485,0.2480423821363013,0.0016153553781832002,0.14538319482917822
3_100_100633,0.8824496184699667,0.5639570418231031,0.9386788390319525,0.819502705331631
3_100_100791,0.7417507910200392,0.5292060160895418,0.8383054892601431,0.711006615127122
3_100_100991,0.9162639313541769,0.8866259894459103,0.9708083043524081,0.9562037588230292
3_101_101034,0.8977189876054578,0.6327241899020347,0.9719064307490669,0.8965877246002527
3_101_101035,0.9051698804168457,0.6716860419755013,0.9692917043593067,0.8966353574105922
3_101_101060,0.9155817571440269,0.835668908819133,0.97737239080863,0.9574489692292069
3_101_101115,0.9179580674567,0.7504053506282935,0.9718009049773756,0.9095004786844625
3_101_101314,0.15710022512696115,0.07123329671171977,0.169460559029609,0.08779558963538585
3_101_101372,0.9817211308692548,0.9438441175194202,0.9830845457127528,0.9546351950160137
3_101_101389,0.3145445720757159,0.1132295941632467,0.3333028560979234,0.12837554045707228
3_101_101394,0.8980840984362554,0.7056843908707092,0.9695738492081813,0.9078184645836279
3_101_101403,0.21196953210010883,0.36349788997927435,0.2176089614380597,0.38751332780476244
3_101_101415,0.9114045289731135,0.840284773994224,0.9766516903586948,0.9611189801699717
3_101_101434,0.6292734258375547,0.3463331093238527,0.6493441631837658,0.49123755114645257
3_101_101449,0.9370207327463789,0.7645788336933045,0.9717702631776262,0.9162390238339605
3_101_101455,0.1434967112242733,0.1744112243193586,0.1496590909090909,0.2595918367346939
3_101_101466,0.9537844925695624,0.6569160247625349,0.989067080531126,0.9319247691340714
3_101_101469,0.40944661822247064,0.21120477349807906,0.8319198888409756,0.7064806515724251
3_101_101470,0.196779019625099,0.09324878776575904,0.2218933877075444,0.3583972079256036
3_101_101513,0.4926667314195901,0.0,0.5025942673896986,0.0
3_101_101693,0.09632619552575768,0.0,0.10102604577742699,0.0
3_101_101770,0.6512174485287205,0.5810496079496933,0.7267085751128304,0.6281257245056802
3_101_101797,0.23183228904374303,0.5687766900037765,0.31239742736748727,0.5480520822568978
3_101_101875,0.8952372670087254,0.7250823366267984,0.9160962486922732,0.7768403541084903
3_101_101902,0.959364894237396,0.8649438003363129,0.9857326724539256,0.9494497295280732
3_102_102105,0.5931589468468622,0.3438389975318018,0.5303311787013865,0.45259197064402773
3_102_102136,0.5252380773139609,0.25973771775298493,0.5222051205045424,0.30473142720421104
3_102_102292,0.8651037079777704,0.6044681925277684,0.9240591624271419,0.7432118920776766
3_102_102440,0.9065562825477367,0.7592748341276516,0.954157086491243,0.8999001067824051
3_102_102445,0.7248949722184578,0.8253271968934273,0.9309187279151944,0.959399967389532
3_102_102510,0.8391226583827543,0.8230930495081439,0.9471681704533101,0.9553329879698382
3_102_102736,0.8891267392809923,0.5361128396598216,0.9903848408808423,0.9406194295900179
3_102_102751,0.7051113256678078,0.8247084548104956,0.4411409233744259,0.2564916763744316
3_102_102768,0.8139715781600598,0.456349002922028,0.9562941450647162,0.8914702246472569
3_102_102820,0.8063119785927908,0.6964365008880995,0.9360781062908723,0.9147122943780142
3_102_102824,0.34786219784402955,0.19588578446423088,0.3712359634257621,0.3297472786300847
3_102_102831,0.930465397733524,0.8887680174054936,0.9736718105783956,0.9648831347387717
3_102_102948,0.8110816897225865,0.7823687659515762,0.9420302629645952,0.9458685075861007
3_102_102983,0.7814770998816968,0.8780985623853754,0.9230530561588582,0.9680245571401164
3_103_103048,0.8969423719503822,0.708116500388143,0.8648074037018509,0.6845432050371169
3_103_103161,0.9176071199192587,0.8479424409932438,0.961682427107959,0.9313915857605178
3_103_103198,0.9233619521012201,0.8240859525336754,0.9644389360282201,0.8954091380533872
3_103_103222,0.9081581720370473,0.6896686464520163,0.9132637001001573,0.7133951469717893
3_103_103262,0.33538633818589025,0.2029023896467561,0.33607570977917983,0.26976917041747533
3_103_103279,0.7143356468767165,0.4300636730617171,0.888040872965813,0.7078563587893995
3_103_103291,0.9384451436110829,0.8620381406436234,0.9786629496595722,0.9400851581508516
3_103_103299,0.8985688264376789,0.6909644543872732,0.9824686352928286,0.9472228998942832
3_103_103319,0.8209950646925437,0.592786683107275,0.92739898989899,0.8901130762539866
3_103_103439,0.840465872156013,0.7952149986008767,0.8915073031170004,0.8958563258753888
3_103_103474,0.6725570329438401,0.2552230378317335,0.9281958680758404,0.7376762275157998
3_103_103561,0.7467471214457904,0.6740688115294834,0.8441944240520376,0.7342540536136234
3_103_103660,0.012532309861361323,0.0,0.014180123012567134,0.0
3_103_103713,0.2668807691530833,0.2840341549863058,0.25843005557846777,0.4018714954105504
3_103_103778,0.9342323386891099,0.8632348784624081,0.9698643051954611,0.9297667342799188
3_103_103795,0.2589429275272529,0.0036868658867882684,0.248894056261343,0.0
3_103_103946,0.35809639733802573,0.3664840047393365,0.4132027843647212,0.2874903437620703
3_103_103951,0.8722072182666339,0.8207489790598662,0.9351914490596671,0.9183348924228251
3_103_103967,0.7219528765092795,0.38254587487357317,0.7704293054864909,0.5278311576436286
3_103_103969,0.8736506378802747,0.775900301578854,0.9395239116448638,0.8949736716132121
3_103_103970,0.9742014742014742,0.9371561926987831,0.9387516621670629,0.7979137345806772
3_104_104060,0.7940206638821719,0.501628445757647,0.8568074150360453,0.6464696021914224
3_104_104066,0.5576348149819494,0.6273854674613208,0.5681103916036895,0.5840224852710665
3_104_104094,0.6302170803010512,0.5105681597828194,0.9422517061995895,0.9166866076413815
3_104_104344,0.8983338859416445,0.8105679663671586,0.9334072759538597,0.889248146232109
3_104_104351,0.3523448878531896,0.3289687850399682,0.3626789931166156,0.3162363441421079
3_104_104400,0.907859078590786,0.6689070541931578,0.967964119814192,0.8531215161649944
3_104_104428,0.9170408886787993,0.8337313678662603,0.936380150276608,0.8784794086589229
3_104_104455,0.9629061140956766,0.8935888612419927,0.9673673054844123,0.9126997021391823
3_104_104464,0.9138372207459896,0.7413787347688199,0.986203161667999,0.9527355847220174
3_104_104507,0.9478648657319773,0.7252089310215791,0.9893674384120243,0.9147709067606536
3_104_104547,0.8452947719688543,0.6829849498327759,0.9061165048543689,0.7726069388323812
3_104_104577,0.9048720595038969,0.7116372570918026,0.9689113092444862,0.9108596386738138
3_104_104580,0.6139871764426502,0.6548772457906124,0.7940523394131641,0.872459653317394
3_104_104584,0.8746470471266653,0.6255405015854714,0.9275730076125758,0.7722403950997371
3_104_104639,0.8482900292920454,0.7800351802990325,0.3191451939143435,0.49691670501610674
3_104_104650,0.8868923538730926,0.8056734851408722,0.9276356830941984,0.9091051252980961
3_104_104668,0.8047663885191078,0.6664224127402848,0.9281048323626633,0.9208734665704514
3_104_104715,0.5940023955254222,0.263109329260532,0.659385331210971,0.4192412983965585
3_104_104800,0.34754514442723916,0.0012610837438423645,0.39692868644124185,0.1643717347029133
3_104_104837,0.9163639235507819,0.817604039700505,0.921225937183384,0.9259485301596989
3_104_104845,0.40367035124407835,0.0,0.42533366910098214,0.0
3_104_104849,0.8661795407098121,0.829712272460364,0.9342676517632722,0.9168707979361026
3_104_104873,0.49824535204957815,0.3593845810803278,0.5736407432897453,0.40284701783890925
3_104_104957,0.9028722827723249,0.8783206950233515,0.9583059750492449,0.9640219455581346
3_104_104961,0.403789848452908,0.2791639903157271,0.46734037147857505,0.7040951122853368
3_105_105166,0.4742547425474255,0.23714970281826245,0.5471911677637307,0.35994972917477963
3_105_105268,0.9414527118056892,0.8107142857142857,0.9798524404086265,0.9364065722078095
3_105_105297,0.1094503693718696,0.3662674162796382,0.07740357015937235,0.5583768485669869
3_105_105346,0.5448475406187403,0.571951815074068,0.6305325656711047,0.6369333333333334
3_105_105395,0.1594345860749477,0.018827872634979235,0.32547946424598406,0.14468803400991956
3_105_105409,0.9355478094456975,0.8651944627554383,0.9618745319019937,0.9176925036081162
3_105_105413,0.8789500868666948,0.7982887612119208,0.9268353796041092,0.8805483028720626
3_105_105455,0.7246111619396157,0.8709985666507406,0.9111024844720497,0.9682833355358795
3_105_105499,0.9169151422354742,0.7375809935205183,0.9368160054719562,0.8815033783783783
3_105_105656,0.9062704744286431,0.7971960909672117,0.9468515309069901,0.8923658205774074
3_105_105695,0.9487664284067328,0.8082414990780842,0.9774797755265651,0.9076155367739616
3_105_105736,0.919103037184218,0.779620347659166,0.9629667207792207,0.9078250520678369
3_105_105778,0.15234571191357202,0.0014302393461762988,0.1449543258415977,0.1199115525428644
3_105_105937,0.8998536406878888,0.6011449300005668,0.980389778424713,0.9243627562211633
3_106_106116,0.7615524908297301,0.6488299711815562,0.954849149180499,0.8635137765173632
3_106_106139,0.9434376524708998,0.7583722481654436,0.9684006721706729,0.8177667360504935
3_106_106188,0.7106077484837232,0.7606590365991699,0.8078413141174647,0.9051895472948105
3_106_106205,0.871790511817718,0.8491694352159468,0.8219780219780219,0.8611944632658988
3_106_106215,0.9489093261854146,0.8035421012916685,0.9578719827068573,0.8384618944056268
3_106_106219,0.5653943680768717,0.27242940440749025,0.8992630385487528,0.7974168752234537
3_106_106258,0.7667525773195877,0.5240884186661628,0.9405194805194805,0.931962241780291
3_106_106263,0.9237084040124814,0.8655976614628567,0.9274562794541353,0.837529702065436
3_106_106276,0.5606048986978728,0.2862852860354734,0.6090356211989574,0.3069052898321191
3_106_106307,0.4847011144883485,0.5303430079155673,0.8720434276851493,0.9372116863147104
3_106_106331,0.8684943397591233,0.5852064698521574,0.9521733766500802,0.8606522659889877
3_106_106354,0.6547785454690682,0.5326183104820875,0.9500063123343012,0.8568753600921836
3_106_106394,0.8465388610822552,0.7432589044271034,0.9020787746170679,0.8737949871465296
3_106_106509,0.9285377135844426,0.8696106821106822,0.9479905437352246,0.9082667997338656
3_106_106740,0.6191532405489069,0.4240589711417817,0.6371217899822019,0.45633373398610416
3_106_106954,0.9729624838292368,0.8725763415357248,0.9845449493211951,0.9300358157342226
3_107_107016,0.8876120305712872,0.6339817387852322,0.8575458674296232,0.5625478194338179
3_107_107056,0.9449462890625,0.7210757693302301,0.989076848719188,0.955167412825525
3_107_107058,0.6977883724010064,0.3415971174278587,0.9600048848995543,0.7764586651223396
3_107_107068,0.9190656508052375,0.6748803656881651,0.9559594211260157,0.7794449705004006
3_107_107069,0.954125,0.8288954388769546,0.9689824287895027,0.8747834063805933
3_107_107071,0.8582571874303544,0.6685284214695979,0.9406407487401008,0.8708605037718962
3_107_107090,0.9475357710651828,0.7590270381695124,0.9867310226908418,0.9436308257186965
3_107_107210,0.9253647080077684,0.69830902746712,0.9511728890357295,0.8380885406201862
3_107_107211,0.8874294488711819,0.6711396397642697,0.9788485491534806,0.94314639133787
3_107_107270,0.8804934464148034,0.6944624661298324,0.9657601977750309,0.9287753645355359
3_107_107390,0.4514995105455193,0.37944993743713046,0.9373145755574697,0.9564831698782712
3_107_107466,0.4383222870709269,0.4042227792174689,0.46792447120767394,0.4453922911367638
3_107_107486,0.7839280025485823,0.5822822450749597,0.8493312120676448,0.7411323046346647
3_107_107505,0.9064293564537794,0.7337030024344062,0.9525559528539266,0.8751942730655112
3_107_107615,0.9358351878076742,0.8515703728585825,0.9753705010585745,0.9403326586288833
3_107_107623,0.7555013361217614,0.6410446996104162,0.8011019958369047,0.7347498893315626
3_107_107692,0.9399777192076733,0.8076306651233194,0.9710659321937646,0.9070579354595206
3_107_107694,0.8839487565938207,0.3924008294869222,0.934672946684875,0.5515102481121898
3_107_107745,0.8648947339338012,0.8155167832787176,0.9139166105430723,0.8754540736896731
3_107_107883,0.7662421756960932,0.627485344775488,0.8760666059150028,0.7858828288276141
3_107_107888,0.5862951379016207,0.42901078103349216,0.6124557005791339,0.4604486422668241
3_107_107891,0.9238442587314623,0.8036983028761131,0.9634252838136333,0.9197708623625949
3_107_107892,0.5388031614602936,0.41185996525630836,0.6142937926834573,0.5525888627554908
3_107_107913,0.9192879499217528,0.8339105985901145,0.9725094577553594,0.9358781900064336
3_107_107934,0.9371844451605973,0.743802494273352,0.979886612917011,0.9145364589468724
3_107_107985,0.9548080710815424,0.8890174748293022,0.9753844078769894,0.9501243880908434
3_108_108132,0.9026815840880839,0.8361441993945827,0.9461175010738319,0.9001130490956072
3_108_108164,0.458589625611469,0.13474063929990981,0.4878674905507037,0.12418173569252706
3_108_108198,0.8916574823901481,0.8238340038742363,0.8438555743243243,0.7864103338872942
3_108_108227,0.8689438989535795,0.75253445456669,0.9320443413250837,0.8732222052301575
3_108_108284,0.08973905967256647,0.0,0.15796408458187228,0.19445744399454698
3_108_108347,0.6303620961091536,0.5197372763878804,0.6501933753352879,0.5974371373307543
3_108_108360,0.34381066987565184,0.28108346827616665,0.3717331621920348,0.3421184181293046
3_108_108436,0.9211161092639677,0.8154483798040694,0.9839230553215389,0.9592816353554581
3_108_108450,0.9692781139161277,0.8729761308629611,0.9807816363831846,0.9152105413921513
3_108_108487,0.9023612301247262,0.8512913490712647,0.9671675586661177,0.950776499748267
3_108_108559,0.4494470547788219,0.24404396474898504,0.531729354906493,0.526892544868845
3_108_108588,0.596880623875225,0.23055699665141724,0.9462833859783564,0.7203898970083374
3_108_108638,0.5131476884889854,0.3526326168408598,0.618683334137748,0.5317257976125235
3_108_108679,0.916116135637844,0.7544579234592791,0.9574066797642437,0.8749281746791803
3_108_108707,0.827047086020197,0.7013740760950444,0.9162870945479641,0.818161671006704
3_108_108793,0.2703262558259969,0.1593014296721171,0.25159272681169376,0.21866192712961788
3_108_108853,0.16788283790357683,0.10673022541811425,0.04461246654714579,0.07407660271727999
3_108_108866,0.5658575687686336,0.24924052745785344,0.4821757197981597,0.44442883895131086
3_108_108926,0.14149055676472652,0.08034690724218711,0.15628208165521598,0.16640318704944984
3_109_109071,0.9671760834402365,0.9019209538529477,0.9818870740878951,0.9102700857618296
3_109_109104,0.9471750114836932,0.829179376534484,0.9727984695402643,0.873899631329471
3_109_109147,0.9394997904149783,0.7466462246071291,0.9834511189634865,0.9270031545741325
3_109_109164,0.9031208277703605,0.7350990910445537,0.943193155364755,0.8536697631600971
3_109_109182,0.2948582030214683,0.0,0.8734173479325915,0.6121632548836021
3_109_109191,0.8114274757933084,0.5516723449463311,0.8280577361357305,0.6435542826996269
3_109_109233,0.45969234837799716,0.40667565165027386,0.6109094541942789,0.5011377467322855
3_109_109239,0.9264626945786366,0.6815503875968992,0.9598243483135569,0.837789203084833
3_109_109241,0.3362330112985099,0.2733978150441862,0.3600167829697023,0.34208191630933016
3_109_109254,0.4626707684165261,0.15417300120843566,0.7129946524064171,0.5917329910141207
3_109_109297,0.21976487545606055,0.18814846056516238,0.3156847742922724,0.22896846309599755
3_109_109356,0.5163918020975102,0.23461373138994177,0.6293107677213637,0.42230751862722965
3_109_109377,0.8815915469704474,0.4400720576461169,0.9345476887491416,0.7145815358067299
3_109_109424,0.7993402526349667,0.8855432217463508,0.851008215085885,0.8975271466374669
3_109_109435,0.9428064634753077,0.840532705720272,0.9541786287496892,0.8688699976867916
3_109_109506,0.8212747287811104,0.6739300998573466,0.9276878253809047,0.8546729807005004
3_109_109647,0.8649995703359973,0.84812529663028,0.9496339677891654,0.9461833799700657
3_109_109655,0.45207317581364337,0.002204377263423083,0.3997721309211435,0.04837782769970221
3_109_109674,0.9160256780984327,0.8218889597957881,0.9478853853853854,0.8908049848433817
3_109_109799,0.8586137692330066,0.7613648051013062,0.9165938723349186,0.8911834336404347
3_109_109851,0.9088427743503459,0.7174728158980127,0.9851966326406116,0.9591291274569853
3_109_109921,0.9289702233250621,0.8301572617946346,0.9587515164883644,0.9026873751369465
3_109_109932,0.903130935604436,0.8872303813678019,0.9581606737067238,0.9538572765161181
3_110_110340,0.2190890030082956,0.3435699843589059,0.0,0.025208498433903166
3_110_110554,0.9428804454819023,0.6928968679871207,0.9809470357132307,0.8427774262210206
3_110_110864,0.4330872413434543,0.16005426690049965,0.9654521276595744,0.8111479761114797
3_111_111113,0.627213076564684,0.9040165083853021,0.5353142740244464,0.6849562571319894
3_111_111124,0.37052584105948777,0.259083394885864,0.38228295906548265,0.3111665281241341
3_111_111223,0.86375595534381,0.7589265813756519,0.9168997203355973,0.8999075735334094
3_111_111246,0.8047252861964578,0.46935874656759813,0.9070862770284736,0.6893582120155833
3_111_111383,0.9410697380877249,0.7878543514670305,0.9494842418559138,0.8390141583639223
3_111_111461,0.7987763426240653,0.6293063637203288,0.8757920451942897,0.813012324448266
3_111_111687,0.6576471622631556,0.23950481093338236,0.7371240926374006,0.4312913121857111
3_111_111694,0.9407410219421456,0.7270038033525849,0.9716996301656214,0.9320911338749558
3_111_111750,0.9656309342459465,0.8280983442047165,0.9723950066492214,0.8641632139298264
3_111_111870,0.9221346399659139,0.8086104876555805,0.9308608058608059,0.8656485170429393
3_111_111873,0.9477731395750291,0.876491910529573,0.9792123612793401,0.9480549304184082
3_111_111877,0.6447543966040025,0.23339068489842735,0.9183515699333967,0.9088583152305093
3_111_111955,0.973492397149955,0.8872988576341972,0.9842731215894781,0.9340867479007513
3_111_111956,0.8404445518241122,0.5614498165196679,0.8786325662446824,0.6459313589814558
3_111_111962,0.9007840480108411,0.8772067371380681,0.941391426563598,0.8788362418565709
3_111_111965,0.5753785945210141,0.43940731106879094,0.8971599809303276,0.843292526324801
3_111_111980,0.907180582087875,0.9234842125653774,0.9500306184935701,0.9626092804303967
3_111_111984,0.8142433966921748,0.6156680932001902,0.8371616866082283,0.6527580492424242
3_111_111987,0.5189222016237295,0.30294596214781194,0.5052463156061563,0.20619860847564833
3_112_112024,0.958200263009581,0.8338943926132538,0.9918643403254264,0.9597503900156006
3_112_112102,0.30677470177807786,0.025137692416325377,0.31349348326092513,0.0485929993136582
3_112_112121,0.9342424362899058,0.836139347734011,0.9489228194938297,0.8714199660478615
3_112_112122,0.46455920979615994,0.31265658346478614,0.4787627843077393,0.4036226770171724
3_112_112125,0.895046128550985,0.49667009171518817,0.9213927125506073,0.7337417272876443
3_112_112131,0.795750255738411,0.328485659810961,0.9242238648363252,0.6756159420289856
3_112_112135,0.15699847708708292,0.0,0.16931550482763197,0.0
3_112_112198,0.9617762653374233,0.8753190850392912,0.9820987043813668,0.941291888263541
3_112_112202,0.9659398179157054,0.8251773917298753,0.9645660232647322,0.7755528469441059
3_112_112244,0.3237627849378526,0.2636840863513035,0.3144803666542797,0.235652913404299
3_112_112493,0.9504023695093328,0.7976692100368219,0.962138408707293,0.9018343244827876
3_112_112621,0.6370174575854438,0.4620718462823726,0.7987038338408683,0.7005897999306118
3_112_112691,0.6348914609309025,0.5494193644748142,0.6309189989947622,0.5927641831276587
3_112_112751,0.8559473178762519,0.8269448854615559,0.8957649632755118,0.9301010793215693
3_112_112855,0.39185724251051074,0.13588315645686666,0.3203316432677341,0.0
3_112_112861,0.4139828030581967,0.1384678311919542,0.6708230307311904,0.30528080008792174
3_112_112981,0.4781459870086976,0.27617315387413605,0.501467596628887,0.2890929595617851
3_113_113361,0.6891329849632079,0.13202946405892813,0.6363188768691884,0.024127729034890837
3_113_113371,0.8599265115243291,0.7606882511328561,0.9537520703274303,0.920602858918583
3_113_113388,0.9174322515119339,0.6888897393700486,0.9685220444598304,0.8698673640949001
3_113_113414,0.8425162212691081,0.8303472683034727,0.9128205128205128,0.8628004578405188
3_113_113455,0.9345941227814955,0.8376699565187383,0.9817969374577209,0.9523559029082438
3_113_113865,0.6174242424242424,0.4425929316974913,0.7954230800553791,0.9113267684696256
3_113_113879,0.34040249848128473,0.025066787927016426,0.4313390707038806,0.034644632312332724
3_114_114100,0.8488997847404927,0.812697948642986,0.7695495993368334,0.7260936695831189
3_114_114110,0.44478989833482746,0.23551979357642425,0.43429885745273666,0.21967609079367045
3_114_114352,0.8776426771826049,0.8457004684902524,0.9175574394888807,0.8601000384763371
3_114_114436,0.16194210765233685,0.0,0.19844012592610127,0.0
3_114_114749,0.4643363026850074,0.39959776007571574,0.45958867478080484,0.3539561157437651
3_114_114781,0.9802852913470597,0.9319381598793364,0.9577782332445173,0.874075461099148
3_114_114842,0.8792137383771996,0.6094019887026749,0.961556446225785,0.8876840912769056
3_114_114960,0.4397815171665084,0.36882279769309056,0.45429521324133987,0.4403675344563553
3_114_114993,0.36322560618080224,0.48061805367308214,0.3738758340586017,0.5563876926917556
3_115_115015,0.9106783650759683,0.7136163368067697,0.9347894903450459,0.7847460151943989
3_115_115077,0.7523338982563985,0.46636598646939115,0.8348665457372376,0.5844456253321246
3_115_115125,0.11346176268639314,0.10522073787503275,0.09830656836009831,0.0
3_115_115151,0.21601131710816007,0.13837039823216887,0.20515659002743875,0.09836109546417747
3_115_115358,0.9470916233683944,0.8174378344350016,0.9517701551517507,0.8397653264438344
3_115_115396,0.8037912230589457,0.6045295227824211,0.9404830179060728,0.8401563328033916
3_115_115537,0.9756221174801074,0.9022781442270384,0.9791221521431329,0.9157400681678494
3_115_115554,0.9555866760028009,0.919837102132676,0.9924646781789639,0.9853040161543639
3_115_115555,0.9455277132426153,0.8646976090014065,0.987095086541396,0.9662308554351886
3_115_115573,0.9301025163094129,0.8822112972810274,0.9684271619268717,0.9483065021952749
3_115_115657,0.43295033088502655,0.30722373923504365,0.4510789859627069,0.357888794806661
3_115_115743,0.9075028419856006,0.8344580043072506,0.9438444047425695,0.9158593131526369
3_115_115809,0.9666863622295377,0.8239757207890743,0.9832199150817194,0.9277709359605911
3_115_115912,0.6681900665367296,0.4691583532387242,0.7515204865556978,0.48105864037363777
3_115_115926,0.8653879686137751,0.898948254101809,0.9247311827956989,0.942565754159957
3_115_115927,0.8783758752269106,0.6691395433885376,0.902130774862251,0.7276872964169381
3_115_115958,0.9346460965966354,0.8522840119165839,0.956353772809469,0.9036985345429169
3_115_115965,0.5320480163026173,0.3711236000485182,0.980189773639906,0.9264109184802656
3_116_116231,0.8709898233925067,0.7624092831916793,0.9493536121673004,0.9029472663994008
3_116_116237,0.9246036085292509,0.8305115273775217,0.9445805091986103,0.8755957170266757
3_116_116355,0.7399882214369847,0.8126151955764899,0.8569179639671156,0.9072431633407243
3_116_116365,0.8395693493719678,0.434396737826817,0.9319052400609915,0.7221574570606979
3_116_116448,0.22772467765732246,0.07063398538769738,0.0010653019087574407,0.3457948170523973
3_116_116499,0.8248076663517344,0.5405566009705853,0.9770512923745873,0.8506171926971691
3_116_116634,0.8947112883648344,0.6539280791880717,0.9390059407401941,0.7779398181906567
3_116_116747,0.8881702907776137,0.762957593330917,0.9715161143894689,0.9458397809784549
3_116_116977,0.3637831954214019,0.05405243625044894,0.38413291436771657,0.06536804645064619
3_117_117086,0.9344775916087726,0.7538392050587173,0.9439949193206943,0.7581708137188972
3_117_117101,0.7864248256474022,0.5973039037730826,0.9471318349547132,0.8070712273154179
3_117_117104,0.8318039978990948,0.5501616393705415,0.9379366026608629,0.8796131129345542
3_117_117128,0.36110023952283293,0.11432009626955475,0.35842928845586064,0.06786078345711373
3_117_117165,0.969541502403197,0.8558401639344262,0.9804996953077392,0.8332869468410798
3_117_117200,0.24411686881705746,0.06194212645825549,0.3167478582227448,0.24865921787709497
3_117_117213,0.9377090301003345,0.7488480717035915,0.9738767983711415,0.9123375454512727
3_117_117218,0.11760866951757776,0.02099778083654035,0.004117516930344744,0.4285652902505049
3_117_117248,0.9109614094982625,0.7958072075495598,0.9631939908556499,0.8985400175901496
3_117_117328,0.7982327605346121,0.5030714640009157,0.8713617335631618,0.707999805947703
3_117_117382,0.9254612546125461,0.8126293995859213,0.9358398394905569,0.8209574468085107
3_117_117393,0.48519205069621074,0.2706573896353167,0.893327807708247,0.8856840927456953
3_117_117435,0.3797138875225447,0.23159958036552372,0.5533323119350391,0.4197632486672938
3_117_117491,0.8818868755043651,0.641994640007227,0.9641734758013828,0.9037526890287626
3_117_117677,0.8503457814661134,0.47253441366091653,0.9685319500550863,0.8109047892170921
3_117_117679,0.8687033668658822,0.6174789346657069,0.9001204304417078,0.6911006500784578
3_117_117809,0.3552017712643981,0.49556291390728474,0.4436921537563579,0.4657275021026072
3_117_117819,0.7086092715231788,0.29762555263027174,0.9557158469945355,0.8102461914250819
3_117_117907,0.88443100102728,0.57062905753302,0.9252500926268988,0.7303128937421252
3_117_117923,0.974108170310702,0.814357278342493,0.9897403171174709,0.95105629908196
3_118_118110,0.7915769396419122,0.5724506853895018,0.8971699771488838,0.7896744033461822
3_118_118188,0.8369667799169498,0.7300354924578527,0.9323451874966374,0.8984574877667105
3_118_118210,0.6267719257807998,0.45360861376639067,0.941843651152282,0.8858361195910258
3_118_118272,0.5373885231358266,0.2539104599341703,0.9657784130912505,0.8174623115577889
3_118_118274,0.24919104018095567,0.0003098853424233034,0.2504420308158626,0.0006509908080097909
3_118_118283,0.9507564971429656,0.8113870181382473,0.9627888603594706,0.8115069722232607
3_118_118374,0.3099514563106796,0.3075027817517088,0.41882456429710263,0.22277364212848083
3_118_118420,0.9235734241032723,0.8068654019873532,0.9717498722099165,0.9245218075429021
3_118_118428,0.8694297026366776,0.8356751502297631,0.895721063055594,0.8738522773531141
3_118_118489,0.8267192118226601,0.631602540156892,0.9413245094840844,0.864565904443205
3_118_118555,0.9535385539865068,0.8336205623122753,0.9724679596234547,0.8979360165118679
3_118_118577,0.8321673089154102,0.5539414016889782,0.9862424378220928,0.9531051964512041
3_118_118582,0.9269945006774528,0.8210718372143365,0.9579593228042268,0.8933412682668783
3_118_118639,0.8062667176155903,0.6485066698146618,0.8744778613199666,0.8160045083122006
3_118_118675,0.9208614757232063,0.7533384694401644,0.9622827229815888,0.8761154665992269
3_118_118775,0.30569610914866474,0.0,0.31402512414967504,0.0
3_118_118791,0.9219193553310339,0.7341079663622389,0.9542974747639738,0.8378695907577834
3_118_118960,0.35378133365782427,0.3855706864221819,0.5317392607622956,0.3689340362607689
3_118_118966,0.8874233209593766,0.35965293834848105,0.9370545972832253,0.6700544759736564
3_119_119029,0.9180951900776444,0.7098852742417099,0.9604132208996502,0.8742768993443888
3_119_119047,0.9362673803013555,0.7452570041914847,0.9660815505576887,0.8735611618059284
3_119_119057,0.948937074829932,0.8023013912365102,0.987083221596496,0.9570748400535635
3_119_119076,0.8073321500703837,0.6823583496149868,0.891353460669542,0.7837770897832818
3_119_119106,0.6254789062328963,0.5723222051247742,0.8003335783343699,0.6631395706044988
3_119_119338,0.594296228150874,0.325737554608705,0.6294469231416786,0.4439830278956396
3_119_119619,0.044783800885889055,0.0,0.000840371800857349,0.3851866993731262
3_119_119650,0.6258963755099768,0.22878086419753085,0.628595801809613,0.22568107787977496
3_119_119710,0.9368672628158651,0.7527194729584802,0.9379410714776066,0.7534607438016528
3_119_119732,0.5979309840619974,0.3480324928789957,0.639664139108341,0.4236182113429963
3_119_119915,0.9030148014591807,0.5256073127973955,0.9833160502362023,0.9288783298791892
3_119_119930,0.49913727440891636,0.4067172343373933,0.5503288852250674,0.4729211970591281
3_119_119956,0.9287722244532876,0.8189281641961231,0.9656450243186907,0.9152401853206535
3_120_120015,0.7059566611602371,0.5501698054955233,0.8092120117407993,0.7857240530562013
3_120_120175,0.10232757040747754,0.3438708014775363,0.16659280448007735,0.3910643141718839
3_120_120191,0.8716443594646271,0.6985459382597129,0.886271420129998,0.747918363058496
3_120_120197,0.2880631555373073,0.006321280169746265,0.29903807964661777,0.0
3_120_120282,0.946056668780747,0.7551417339126837,0.990713640469738,0.9538383183628114
3_120_120394,0.7195670439381209,0.5133854339873628,0.8730322737494682,0.7183290488431877
3_120_120451,0.9285454413155788,0.7560150864871895,0.9516345607602128,0.8116813686180165
3_120_120534,0.24619714358358394,0.0,0.2754200300126524,0.0
3_120_120553,0.24765514950927062,0.0652348004356461,0.002738541366388008,0.3364950074129647
3_120_120641,0.9280294818989812,0.8852274692959695,0.9600599677096948,0.9384701812483368
3_120_120771,0.9303448512037259,0.8340755821351317,0.9760026060518314,0.9419029161220535
3_120_120781,0.4262467869088719,0.452992752521413,0.43701694164544347,0.4961443036277074
3_120_120849,0.897467572575664,0.6964489175845043,0.951593653468127,0.84485312899106
3_121_121090,0.9339550949913644,0.8590542099192618,0.9469201967550106,0.8591404600194052
3_121_121194,0.9083056622609978,0.8436623239534432,0.8027588760820257,0.5799534536909415
3_121_121200,0.8854375708925922,0.8145704759877989,0.9128067997325948,0.8613314447592068
3_121_121217,0.9755572876071706,0.8907885554780182,0.9866611486056284,0.9000894515929264
3_121_121302,0.8337073200315361,0.7586280929633407,0.8981670061099797,0.8768354642398526
3_121_121834,0.8116541467716919,0.9032739356742001,0.8394403024628105,0.930990836809641
3_121_121982,0.8196149490373726,0.5638388787602553,0.9180193558297916,0.8708067177122552
3_122_122004,0.967766219545579,0.9123244929797192,0.9704596728708403,0.9300822092744832
3_122_122407,0.7282101167315175,0.6178630888257761,0.8852445934083473,0.8345260376527579
3_122_122545,0.8114126802768017,0.566713959657023,0.8520024300200943,0.6109760105159382
3_122_122582,0.9539937659985721,0.7674387996841274,0.9531288690792034,0.7458883681295271
3_122_122822,0.5696846706212926,0.29827960777405904,0.616584226435834,0.46116276885507657
3_122_122851,0.8781878974627942,0.6955215538321805,0.9079986268451768,0.7679076856085347
3_122_122857,0.892188617338998,0.6076214718873999,0.937189264583474,0.7572781633276592
3_122_122869,0.9700963835571299,0.8809617216835733,0.975609756097561,0.8413377714376288
3_122_122904,0.2890169000114447,0.25585890311669485,0.3668567997598319,0.31889397491719695
3_122_122910,0.9310735811899504,0.8601207499205593,0.9746979568600165,0.944607385681909
3_122_122940,0.623721881390593,0.34056890077670904,0.6651407028409856,0.4154602403860564
3_122_122956,0.9281833841261429,0.8388008629026259,0.9680371726274289,0.9318271898533492
3_122_122977,0.6154487568223166,0.3513832374256615,0.8421573220886043,0.6284131840892366
3_123_123046,0.9029978208375051,0.6953724839178252,0.9004880694143167,0.7068655406887475
3_123_123059,0.6622396400319327,0.3523318932092611,0.513009540329575,0.33332324363592336
3_123_123241,0.9514367511398579,0.8438450275931975,0.9824930747922438,0.9382642763860857
3_123_123287,0.7512815521380832,0.5237202659883072,0.8942046855733662,0.8827900586986387
3_123_123301,0.685511062586301,0.4096746885959608,0.7507650398882069,0.5190699521079928
3_123_123318,0.9442688882505027,0.785063752276867,0.985197902649529,0.93662406765167
3_123_123374,0.9150316665928517,0.6354057819575061,0.9548013436812232,0.8192868719611021
3_123_123424,0.8788061865635572,0.7706950750960531,0.8207273685597576,0.8194583161976382
3_123_123495,0.7880478087649403,0.515335332606325,0.8597826890383621,0.6297911406931375
3_123_123510,0.8317500527760185,0.6160666649729427,0.9178101255253417,0.8505573020863104
3_123_123516,0.41119305167551534,0.410662173952285,0.42142399847438466,0.45730130541795183
3_123_123538,0.8858204762522148,0.7551106427818757,0.9275075414781297,0.8312107788851975
3_123_123573,0.5600507165379289,0.41853159195199435,0.5973254621047137,0.48953579345416615
3_94_94137,0.927710843373494,0.7484142988084326,0.9397063675354669,0.7844756399669695
3_94_94173,0.8482310238921463,0.7221084748484483,0.9108496732026143,0.8305128872689403
3_94_94174,0.9682975536694958,0.9153439153439153,0.9795072952562505,0.943437273386512
3_94_94199,0.3022342094684838,0.41360799546109195,0.3191527282698108,0.5073407153217533
3_94_94218,0.8142414860681114,0.5915119363395226,0.9714432504174337,0.9262145499383477
3_94_94263,0.9057714519915049,0.7882159442724458,0.9524838012958964,0.8740722891566265
3_94_94291,0.32547995797382917,0.18163848729886467,0.3149662172585074,0.25374802319451767
3_94_94324,0.9763959066780978,0.8955308852832337,0.9841187093891381,0.92746458393918
3_94_94359,0.7783878352472594,0.5345723464349625,0.9440773343918556,0.8833153188562445
3_94_94371,0.2724041978885496,0.3011978221415608,0.27266474795784484,0.2852861562258314
3_94_94374,0.8535237698081735,0.7437979023799919,0.9395373921380633,0.8932986712882727
3_94_94490,0.8725278043379799,0.8405527092066449,0.8295224149583239,0.7235929067077872
3_94_94592,0.38452688205479024,0.3214122560856229,0.42794897923328296,0.5649587713224649
3_94_94612,0.703082949584355,0.4066129339341245,0.9510380190095048,0.7930058000682361
3_94_94620,0.5400107617803059,0.30549370100356893,0.8748763758175148,0.7511610325089102
3_94_94650,0.9186079719309698,0.7190582712970772,0.9707719865437546,0.826191292423723
3_94_94683,0.670439234707626,0.3497560395096989,0.9092412272643763,0.6869573700126816
3_94_94693,0.9175297154329053,0.830868382818612,0.9788055925887943,0.9416315894968932
3_94_94781,0.9152788791964049,0.7549866598907381,0.9653324480698093,0.9058434854429073
3_94_94816,0.12650544798434143,0.0,0.12740383071895006,0.0
3_94_94826,0.6348976210202391,0.36519777133121517,0.6695816294432212,0.4843112492714202
3_94_94844,0.9185081258038116,0.8302655960469426,0.9576575461186084,0.9198722128047986
3_94_94894,0.3771700252987874,0.11429071851043478,0.4222606404873631,0.2520550619935566
3_94_94902,0.893892141306925,0.5601199119396693,0.944842164037729,0.7238737917198614
3_94_94917,0.787770205391227,0.4098738849584743,0.8859613674937363,0.6694414283990832
3_94_94937,0.8431732202224006,0.7608346709470305,0.8770552147239263,0.8266510126210742
3_94_94953,0.6426272644469183,0.4585662939297125,0.9603935576862819,0.8601849537615596
3_94_94985,0.9247668435439781,0.656251572327044,0.9823528142730783,0.9028991377813784
3_95_95010,0.7441954235408756,0.6329008424561877,0.8102189781021898,0.816545517480097
3_95_95044,0.9194723618090452,0.779322938614974,0.9089823537216399,0.8015734265734266
3_95_95049,0.7215320283619174,0.6453780867160798,0.8443238064825164,0.90286601722434
3_95_95116,0.17079665163341043,0.17526469925658933,0.17584662123890768,0.2428665392927616
3_95_95325,0.9491944420765493,0.8941361343147796,0.983125,0.9511406196799456
3_95_95340,0.31223296263749584,0.4415408288344678,0.3232713894915574,0.4820470158866466
3_95_95343,0.6492845881548026,0.1824795238337488,0.6436944039508523,0.27908417667364943
3_95_95361,0.6869251786195307,0.3248192287091591,0.7051217508810047,0.3764462306661795
3_95_95422,0.9117321894485473,0.7705916140149339,0.964047301163456,0.9073533147066294
3_95_95440,0.09896076119443911,0.05233319835163527,0.16129483651289706,0.16911841057768856
3_95_95489,0.9134486208375018,0.6264016676250719,0.882580604887793,0.6272787101020072
3_95_95581,0.902597831835008,0.7995600184508391,0.9386494454583743,0.8788334556126193
3_95_95588,0.48336541932378774,0.17715617715617715,0.4563905994721629,0.17571088387729375
3_95_95597,0.29432081542650135,0.10549086291138424,0.4145510688079966,0.18049788157922472
3_95_95620,0.9557993549873302,0.8389194597298649,0.9699228107532606,0.89171129813823
3_95_95622,0.9581329144988711,0.8271365149833518,0.9754491320145338,0.8850917217618027
3_95_95642,0.1695636875439831,0.062410592501413883,0.16595664467483506,0.06343413277719848
3_95_95651,0.8293581418581418,0.8472622478386167,0.9064306358381503,0.9116223825444307
3_95_95660,0.44355413105413105,0.13479014179130866,0.9698532328441095,0.9445729619690941
3_95_95680,0.7238587999666194,0.6612558045628911,0.9268000870132695,0.9394822561289217
3_95_95681,0.8445268010485402,0.8128125625125024,0.9253627509441463,0.8711506450270495
3_95_95684,0.2512043174327212,0.12099179716629381,0.21654288395171678,0.17762113172469887
3_95_95689,0.9429547052324998,0.828535246939637,0.9596555323590814,0.8195129843863765
3_95_95695,0.9482476577603728,0.8405888372825316,0.9191576784797124,0.7823986715978565
3_95_95850,0.9440974391005621,0.8402497723429166,0.9798820445609436,0.9115649278579356
3_95_95854,0.49859138396525415,0.23741192443643344,0.9299000232504069,0.7413593637020969
3_95_95901,0.20295441168093872,0.0,0.25490663677771686,0.0029300776914539402
3_95_95922,0.30060393532047536,0.15189051766105913,0.29478816177985306,0.1838984466343745
3_96_96013,0.7267425387230827,0.4781672706397331,0.7685199098422238,0.5793988129427532
3_96_96016,0.6800596625337932,0.39731538844976144,0.7147130813162904,0.45958954218166415
3_96_96054,0.8485675306957708,0.8412100259291271,0.9068478829064297,0.8950433073731713
3_96_96082,0.6984242424242424,0.31856950973807924,0.9474198368003678,0.8665199853318665
3_96_96207,0.8746165931024164,0.66277011579025,0.8720849865608601,0.625009334627735
3_96_96221,0.8475656665567645,0.81354943544019,0.9239980743771814,0.9255080021578853
3_96_96340,0.7976475654725056,0.32082382441608204,0.976906786782749,0.8513212977498692
3_96_96362,0.8742723004694836,0.8456986510562484,0.89730010384216,0.8996144129769977
3_96_96469,0.880623112382769,0.6209185230393652,0.9569138276553106,0.863835539809808
3_96_96537,0.30231009633456124,0.2375048306067242,0.36028162804870145,0.425840442758054
3_96_96563,0.8549132600996459,0.6251782242384964,0.8616896259058563,0.6302421736562316
3_96_96597,0.9513811642565814,0.8535887903917644,0.9787510841283608,0.883041345480028
3_96_96682,0.9282071792820717,0.8374092821857657,0.9624474107931231,0.9162236597707039
3_96_96769,0.265538091823485,0.0,0.3774679000414193,0.22173507198823297
3_96_96778,0.6619369740966837,0.5300047298096252,0.7603607880370282,0.6230422928159279
3_96_96962,0.5566664336153254,0.5896395233000037,0.8978328173374613,0.9444721806179619
3_97_97137,0.8926938369781312,0.6959759415723901,0.9729183729183729,0.9228231128279414
3_97_97280,0.7054563410418896,0.744453702739298,0.7401474589660317,0.7134538097711677
3_97_97290,0.9603121216198036,0.8457520661157025,0.9910941920162051,0.9617622020431328
3_97_97313,0.7721632569348306,0.3432907965970611,0.7980873428695275,0.4689489849426923
3_97_97359,0.9482345273840281,0.7841409691629956,0.9390175592411291,0.7784109039522268
3_97_97407,0.2652155728910952,0.07488228073068397,0.44538854189784727,0.5346935045351733
3_97_97676,0.711666994299194,0.7095483675249327,0.7634051437790642,0.8376250143694678
3_97_97700,0.6420416230670852,0.38849770804782385,0.668525703200776,0.408843751404305
3_97_97709,0.13473142451490772,0.19407649947908914,0.14235780108039403,0.20005967477248993
3_97_97710,0.5762068873393711,0.6036336942558268,0.6737519500780031,0.4794305677686147
3_97_97769,0.17554162759709815,0.09670433982972917,0.19263967551257635,0.1060125082914811
3_97_97770,0.27054036592574265,0.19696733250104037,0.2757605345863973,0.22220325181896983
3_97_97847,0.8181774080093143,0.5024433097238237,0.8657420609202852,0.5696284519813931
3_97_97863,0.9383145353935473,0.6948545861297539,0.9701862564363359,0.8187591597459697
3_97_97915,0.4671219908033541,0.1021200841560123,0.49756931539433585,0.12129302397049785
3_97_97923,0.9499088589135982,0.8180438842203548,0.9759400406504065,0.8908195429472026
3_97_97970,0.9304054202205801,0.7605810072815534,0.969213384682794,0.8875078206465068
3_97_97974,0.9488665325285044,0.8240868525163308,0.9749275685313127,0.9142065074655902
3_97_97976,0.9441021564145881,0.8097505953126958,0.9772230889235569,0.9186984541890125
3_97_97991,0.8464577414772727,0.6887286160341264,0.8892960462873674,0.7687520319539269
3_97_97994,0.8232950924155513,0.6880905926010942,0.8739882899948338,0.7547177370888257
3_98_98011,0.49066422322879566,0.27505010763863114,0.5420754934780099,0.3747465821073972
3_98_98012,0.5916641946010086,0.20433621277563083,0.5930912805274399,0.20802183457932835
3_98_98020,0.2608196597922625,0.0,0.2634911580148317,0.08001951695535496
3_98_98084,0.6680294108673765,0.6075208165457964,0.6804897696149509,0.664042286827097
3_98_98087,0.8935331406939497,0.6638807677640778,0.6693586579924724,0.4939128240711537
3_98_98109,0.15879155241256554,0.0,0.1830219018574993,0.0
3_98_98252,0.901193820224719,0.6588303261932272,0.9544283351920932,0.888845343653554
3_98_98257,0.3963747867157942,0.20485237424686628,0.48402687011763273,0.3118715293411376
3_98_98321,0.6820264977918506,0.27954498203094835,0.6494979610020218,0.45283742331288346
3_98_98428,0.9744729724723056,0.8592852273833869,0.9883054258267836,0.834457061745919
3_98_98431,0.9604201838304258,0.8628815695730805,0.9785241401582432,0.9241760118403826
3_98_98589,0.9097576280492587,0.779010752688172,0.9653810604150912,0.915814171750352
3_98_98592,0.9308097165991903,0.8147422287549676,0.9609059618408192,0.8914999713417779
3_98_98614,0.4296195849577451,0.38650266609964345,0.49051785970449,0.4848369616883734
3_98_98996,0.8306800314465409,0.6122295910311069,0.8924714019686086,0.6842950071808735
3_99_99041,0.9640594756290691,0.8005630961885952,0.9827212848506722,0.904933219409093
3_99_99079,0.8297320656871219,0.3645687326928994,0.9198058533758331,0.7277279752704792
3_99_99198,0.37562299531211446,0.18651540306216566,0.8909296766888917,0.9280137040873238
3_99_99223,0.8203671970624234,0.6935723377174374,0.9666118034328709,0.9643875998478509
3_99_99257,0.7252252252252253,0.8092359361880772,0.9332247557003257,0.9647247119078105
3_99_99263,0.9268247065974657,0.7558241934192619,0.9683378612002964,0.8791812069112265
3_99_99279,0.8299061179340272,0.49277678343134745,0.9260259359269261,0.747941907424666
3_99_99358,0.8712234288949509,0.8358376632495436,0.9252699055330634,0.9246432703432318
3_99_99416,0.9341537098840612,0.711878762213013,0.9664049083846012,0.8597935406777973
3_99_99456,0.41464768714885303,0.3582738673309969,0.02402503610977371,0.21197047496790758
3_99_99483,0.4811093581333555,0.7056590257879656,0.514708209917019,0.6588915380808853
3_99_99610,0.9403029074695066,0.8311163137171438,0.9693045192716588,0.9044631555775686
3_99_99711,0.41565733030532426,0.47845596858905715,0.4063010004967005,0.6035394025773502
3_99_99780,0.911149593712535,0.8574965612104539,0.9410193321616872,0.9037336142322098
3_99_99802,0.9394003688531279,0.6023067065356685,0.9877844394146207,0.8135870792861983
4_123_123574,0.25313556329145853,0.0,0.2375370456288525,0.015817611452304158
4_123_123581,0.5559925481266819,0.3860632026071991,0.8910014170996693,0.7865831627122727
4_123_123636,0.9075519111228674,0.7936798885548794,0.9581738267403942,0.8769898697539797
4_123_123637,0.8184758003664978,0.757328990228013,0.9315360501567398,0.9309695638531534
4_123_123716,0.5356453969800292,0.590985975051096,0.5698987701832176,0.6027783051705589
4_123_123733,0.35472844292955436,0.33526650096658384,0.37131853194381514,0.3138631951581592
4_123_123812,0.7809574566688293,0.606215027977618,0.819801589260155,0.7615934820709582
4_123_123856,0.9588880355009387,0.8417373263575681,0.9758055574035881,0.8919237749546279
4_123_123861,0.39286134132722034,0.25279674560511406,0.412411699095303,0.24230300378207734
4_123_123878,0.585359993134815,0.2575616048394271,0.9616313232684643,0.7752469946950893
4_123_123913,0.2026814220381396,0.22960681801905033,0.23587945657497872,0.42528019925280197
4_123_123977,0.9450301752344943,0.9212749183466606,0.9528524640109681,0.9348188135301212
4_124_124056,0.7811844563932425,0.5515349444807316,0.8777022315202232,0.7040917403230722
4_124_124057,0.8206723190319969,0.6044825555719122,0.8733878796283456,0.7000315382795869
4_124_124127,0.5594616962325932,0.5476868327402136,0.7562384818448972,0.9419401773972411
4_124_124187,0.9359550090233768,0.8333144860341513,0.9753163152053275,0.9431614215627617
4_124_124229,0.8872779285795556,0.39808936825885977,0.9815218972792085,0.8525656324582339
4_124_124232,0.31037835926449786,0.0005379540757099578,0.3156680641084789,0.018325426830736628
4_124_124323,0.9588525372501193,0.8983355286792001,0.9796982167352538,0.954871730853255
4_124_124375,0.33205969348851627,0.3233616037008481,0.004712888132709485,0.44557223111786576
4_124_124377,0.18292507411991596,0.0,0.1892852533235373,0.0
4_124_124385,0.9528392685274302,0.7803319387614363,0.9746065652382405,0.8806037735849057
4_124_124475,0.9024156505072536,0.6343920106296344,0.9384240798899044,0.6898200351810925
4_124_124483,0.9561169740255125,0.8855459333988037,0.9740863787375416,0.8802166158077964
4_124_124492,0.8565571015661759,0.6743302678928429,0.9371802054154995,0.8425673895864431
4_124_124515,0.9213831989151381,0.854912291974555,0.9686417853020393,0.9457158944126122
4_124_124600,0.9179753599525011,0.6489030382725448,0.9774120062887028,0.8167650693395578
4_124_124643,0.8999913611887005,0.7052512304805071,0.9561836115326252,0.8796567690412472
4_124_124760,0.848528181744597,0.5903512993262753,0.8912605947217734,0.6784659446880874
4_124_124876,0.1979790567609377,0.03810699588477366,0.20133551211442635,0.04416806186717691
4_124_124880,0.8714165655056495,0.796747328724073,0.9200777732296357,0.863587717131802
4_124_124969,0.9299632275244093,0.8472191397754006,0.9453595115737691,0.9096556380823768
4_125_125046,0.9388839388839388,0.7152819486152819,0.9846127067014796,0.8930293561701963
4_125_125138,0.9313071580829265,0.807260069617106,0.9520008787024494,0.8332221823218592
4_125_125153,0.35695565944184726,0.23188660664040517,0.43040512563471134,0.40983069361004915
4_125_125225,0.6702974676545395,0.6850760739856802,0.8847965408076597,0.9280257818095011
4_125_125345,0.8392017053807703,0.3234165352690923,0.9885871704053523,0.9570141159582104
4_125_125437,0.8431400637467321,0.7014910921766073,0.9105587083366637,0.8382367362949887
4_125_125471,0.7706727566847464,0.7807995825996217,0.9242514258555133,0.9518935895067431
4_125_125512,0.7012324862499498,0.37184906044711513,0.9141196848633849,0.7506269592476489
4_125_125513,0.7341917493643894,0.3979570121302405,0.801598111322982,0.6373419048284537
4_125_125518,0.21274732676601835,0.22806349206349205,0.22505543237250555,0.36762860727728985
4_125_125648,0.8089303036538406,0.495046071534727,0.8843546200038742,0.7534894451493829
4_125_125649,0.8212489202784411,0.4802858317260569,0.8698713683743624,0.5630680971539264
4_125_125685,0.2406952098346757,0.17007885408377343,0.21572776907775004,0.2557726465364121
4_125_125796,0.9866467576791809,0.8800426687354539,0.9733677530386146,0.684260429835651
4_125_125888,0.9511795671670891,0.8110459235282217,0.9813689918056179,0.8989391401451703
4_125_125921,0.6934735117422174,0.42942455855789435,0.745179752180919,0.5345664316454537
4_125_125923,0.5572644767488555,0.4621787786681404,0.5752308527973927,0.5388718759261089
4_125_125926,0.39373374770089425,0.38351282863477987,0.41275797373358347,0.42570085885593906
4_125_125929,0.9379462767766066,0.8418420618783315,0.9677477074479982,0.9211562970687058
4_125_125931,0.722765223833813,0.6025386313465784,0.8414728033472804,0.7705671946857435
4_125_125956,0.41275717784076665,0.21320387570462798,0.7277315509480289,0.6168475650754011
4_125_125980,0.8664127951256664,0.8438365825399224,0.9276153124733566,0.9207391739953245
4_126_126005,0.299546425760018,0.28844573103177157,0.2962650975534221,0.3430718567930423
4_126_126023,0.9583433662412714,0.8686855670103093,0.983747968496062,0.9138008613485891
4_126_126025,0.0,0.011900026518164943,0.0,0.007114273010226767
4_126_126037,0.31170236634068443,0.0,0.31757856095953957,0.04628409540123864
4_126_126053,0.3173608510825753,0.09557879602211458,0.7392466144347014,0.30420453667705144
4_126_126054,0.8610783701957522,0.718424144514613,0.9708241772788647,0.921779988944168
4_126_126155,0.22637641897318486,0.035181927599296364,0.22512159069235171,0.0
4_126_126297,0.962501018994049,0.8756290986731737,0.9709121479613283,0.8962029256146903
4_126_126373,0.963761962683313,0.8307183263955599,0.9870854818108709,0.9378164646981851
4_126_126638,0.8691885079652639,0.5248711782892477,0.9521574733096085,0.8219520460899771
4_126_126682,0.5318923736839173,0.3283582089552239,0.0006138846258012097,0.3290298082399848
4_126_126746,0.2542395191189698,0.22053168366493897,0.3247512331423032,0.20174623815716144
4_126_126766,0.9462607952927778,0.8431538931504989,0.9714818035026704,0.9075932719595764
4_126_126785,0.8949891393903079,0.8749409780775717,0.951566031643526,0.9344822869648475
4_126_126800,0.16964713102178583,0.0,0.17377420165954238,0.0
4_126_126806,0.8787784090909091,0.6584350591646789,0.9156881444835191,0.7377634515249194
4_126_126887,0.9694484011984872,0.8966636159414261,0.9429718875502008,0.8150223304912708
4_126_126893,0.20980265286315108,0.2727476367546257,0.21160123099878766,0.30133355421187774
4_126_126942,0.961041021978894,0.8560150572489151,0.982506247768654,0.9339491402815647
4_126_126969,0.8741618969746525,0.8195253955037469,0.9518246199648157,0.9370028753874304
4_127_127026,0.8141707644166294,0.7720467381884469,0.9304403318442884,0.9177161189037917
4_127_127080,0.9537816631435635,0.8903367365215834,0.9676111854826714,0.8836782011461569
4_127_127117,0.9436826928735361,0.8210344988127939,0.9665305127110895,0.8753940991012188
4_127_127358,0.6879281748034903,0.4126697970820057,0.8022445470178297,0.5950926705981466
4_127_127386,0.4816943182871443,0.4397678478742981,0.48893995978167193,0.45528317117729533
4_127_127394,0.983218601353148,0.9171293161814489,0.9779592817248214,0.8995234853641934
4_127_127435,0.9669458491361146,0.8855764026700342,0.9845116568736292,0.942810533675134
4_127_127445,0.9166603616554437,0.7641375390736005,0.9327118909603634,0.8110070257611242
4_127_127517,0.8670989862850328,0.8115357227628768,0.9516115804149922,0.9297128668746418
4_127_127592,0.9237253195290669,0.7807672502574665,0.9624777226530514,0.8818415745183948
4_127_127620,0.5188695748978196,0.10255385012253321,0.00014254913490493754,0.2216115153289933
4_127_127625,0.8394574988172212,0.6838819313605969,0.8514706182099835,0.710091743119266
4_127_127671,0.887472869942679,0.796298205815632,0.9485457271364318,0.9126096491228071
4_127_127716,0.6040424173531198,0.3493823093394828,0.8779740488846591,0.6664596944009503
4_127_127749,0.26631373000345265,0.0,0.17491527776171364,0.05816307748941653
4_127_127769,0.49859333877847356,0.26172755385502383,0.5745065221434075,0.48771452092964346
4_127_127785,0.8043416166809483,0.7601315634911312,0.795286408793067,0.7762199228555685
4_127_127788,0.877929738476797,0.6101568612839524,0.9623657470399213,0.7895459538630538
4_127_127854,0.5702475532527346,0.2648754973400688,0.668459671190555,0.39795632262687314
4_127_127894,0.8993169163653062,0.8224171539961014,0.9322560596643878,0.8871635081983961
4_127_127915,0.804012539184953,0.46169167441242864,0.9250455705432009,0.8116659101225602
4_128_128052,0.8748587570621469,0.651400306038931,0.9061769343700723,0.7382458279356854
4_128_128083,0.9334988391605177,0.7645031591039633,0.9423597861164111,0.8165283674257043
4_128_128107,0.8145806211642179,0.6933571264103154,0.8763996554694229,0.7678031426030241
4_128_128152,0.892650529920859,0.70571791613723,0.9679341657207718,0.8746386668933854
4_128_128173,0.946515190196579,0.8430618664802516,0.9368696791093648,0.8680496924375829
4_128_128189,0.9393393393393393,0.8392711607870532,0.9668889089107127,0.9070278184480234
4_128_128245,0.424248382923674,0.22175508604410873,0.4734144927536232,0.34101761460101865
4_128_128295,0.3459855979541019,0.5249706321236943,0.37431857217534165,0.5006301369863013
4_128_128324,0.9518593112934126,0.8005909112226235,0.9657097695288599,0.8685104079523646
4_128_128372,0.8564756433608892,0.7297625063163213,0.8490977881257276,0.7297200470853166
4_128_128373,0.9447347698475195,0.8509268292682927,0.9824033689276583,0.9500835421888053
4_128_128411,0.9573040639539367,0.8443090229998034,0.9677642244013925,0.8933353621424224
4_128_128425,0.8991405286946994,0.5551621190029855,0.8981538299700195,0.5737764791818846
4_128_128485,0.5612947658402204,0.0035466981928728254,0.5631306114235888,0.019624819624819625
4_128_128511,0.9579486889052501,0.8611837413834086,0.9381036633117731,0.8025094218218586
4_128_128521,0.9569965484071747,0.860520204366001,0.9490676395645123,0.8325783573552963
4_128_128599,0.44160648229698785,0.24686636923730615,0.705396370582617,0.46776411132993945
4_128_128631,0.8851950674262637,0.8450057405281286,0.907273994887288,0.876449768581541
4_128_128633,0.17917821424267985,0.19314254532225794,0.18715741252665666,0.2996607614021862
4_128_128655,0.35976736304701934,0.07957813998082454,0.36848882518923276,0.05425679914891295
4_128_128684,0.5659664170967508,0.24127974371403882,0.9718523512556885,0.9110740006262394
4_128_128692,0.9498500856653341,0.8577605711699935,0.9785446026847135,0.9407509839378789
4_128_128762,0.5871675176936029,0.20352602135955247,0.6006857988418252,0.2761797988999054
4_128_128805,0.8908894490457328,0.8557849187770448,0.9427217064981236,0.9413329280340451
4_128_128828,0.9228741276815715,0.8585319775518142,0.9458491709359335,0.8815657014271333
4_128_128830,0.5514690646885748,0.2281966513810387,0.602779478111043,0.2908054643839262
4_128_128849,0.7639714113493499,0.478676278988969,0.8245970341715022,0.60156691134952
4_128_128867,0.5561501751675816,0.5964905409110494,0.5889155769059692,0.5286316690093503
4_129_129015,0.9046533524951682,0.5635698198198198,0.9313032072220365,0.6191495198902607
4_129_129095,0.9555666708348964,0.8694703672282148,0.978992506605449,0.946149910463034
4_129_129141,0.9426745966317277,0.8309075739315843,0.9702326152335359,0.9082174100100388
4_129_129196,0.9104561403508772,0.6857409481149682,0.9536160736879397,0.8365310473080237
4_129_129283,0.9486341254111926,0.8065365933975467,0.9413569723832254,0.7794229953330505
4_129_129409,0.5599199663016007,0.5227152285975816,0.5755798654185933,0.5859429023016892
4_129_129425,0.831286349340221,0.47137451171875,0.9591721660679977,0.7867221355520887
4_129_129438,0.22058980470278539,0.314276639669684,0.23641096309906598,0.29275912766478807
4_129_129551,0.9264938425415689,0.7030282466706251,0.9634646141543383,0.8308398347865994
4_129_129588,0.9458126330731015,0.8687561214495593,0.972926054517249,0.9186324960513578
4_129_129806,0.9634998940710027,0.8992600285603012,0.9867305104372046,0.9643338424220645
4_129_129868,0.6079790962972405,0.14996730744082648,0.9348553969781944,0.5975934600900156
4_129_129870,0.8573726873337046,0.830094293682766,0.663382250174703,0.5645443806265021
4_129_129872,0.16880063320607133,0.08784940102681119,0.19663120567375886,0.08794342800913958
4_129_129938,0.6568766582340964,0.6174411706545383,0.8777071237673947,0.7961920840367661
4_130_130020,0.41535828313748724,0.2088819130274213,0.5566854691348216,0.5264251641241203
4_130_130039,0.7592080931143261,0.4247787610619469,0.8391030098341115,0.637855891817034
4_130_130042,0.7041594565147729,0.3983274990276157,0.902067921990585,0.8419034577199589
4_130_130043,0.9417708854427214,0.868711556478879,0.9551122194513716,0.8924424526380118
4_130_130048,0.9273269449842525,0.8125811994467961,0.9391469126532948,0.8507202095154954
4_130_130070,0.9407603412895561,0.8681096681096682,0.9641962659380692,0.896848470752413
4_130_130110,0.9482628996517886,0.8318411833398209,0.9321356880715344,0.7875647668393783
4_130_130290,0.7679978389086489,0.5117726657645467,0.796237947454455,0.6856032808115692
4_130_130292,0.5805841382670756,0.4014675302947011,0.9428239732985053,0.9097388205640781
4_130_130314,0.5425145297453229,0.43566433566433566,0.5614377346220921,0.46126707475198264
4_130_130330,0.9804626930471997,0.9218209986890716,0.9734538444521695,0.9008864298887501
4_130_130344,0.8630069898935934,0.8228425531914894,0.9394029702478518,0.9127531472359058
4_130_130456,0.49395527104442316,0.07040051749231847,0.4903606996741216,0.08276420296453685
4_130_130556,0.5539407815592379,0.39655256604326383,0.519277732553837,0.5102468080087282
4_130_130602,0.7839464882943143,0.8119086155378487,0.8460030165912519,0.8880458725219398
4_130_130704,0.7634810081137359,0.6629882320619076,0.8289190531368978,0.6714975845410628
4_130_130762,0.8069864501743754,0.5068733644705025,0.8503004862138737,0.6117036038536257
4_130_130822,0.8588094012695145,0.7819318877030793,0.9030106530801297,0.8541696466885996
4_130_130855,0.7233256351039261,0.3626256602487647,0.9439917728027846,0.8759005763688761
4_130_130889,0.7099415580245327,0.500970156148942,0.783052177324441,0.6595634633288507
4_130_130901,0.9840034812880766,0.922474111390988,0.984064379200566,0.9079321455648218
4_130_130925,0.3120020108080935,0.233877066004105,0.5156322128498888,0.47908919274558043
4_131_131042,0.4420933593013759,0.1393275725069527,0.4717569830893079,0.23218728231664842
4_131_131044,0.5508953056944669,0.4536379769299024,0.9216260162601626,0.9178900648685558
4_131_131164,0.7637465846994536,0.536631606284898,0.9022036105507749,0.7751820897526265
4_131_131261,0.43712494100195537,0.287325234930094,0.6004189195771835,0.4377895312784972
4_131_131262,0.91993281075028,0.8542060854001534,0.9630434782608696,0.9361303113111504
4_131_131328,0.5383610272776679,0.07461703179047932,0.5440844361755655,0.16440333112520109
4_131_131454,0.9792737367295644,0.8796615649924553,0.9863435202947824,0.9221988252244264
4_131_131495,0.7090702464663684,0.26856326318524293,0.9710376510536303,0.904304097027067
4_131_131498,0.6508580787581001,0.6315880621139526,0.9392042440318302,0.9273025237627007
4_131_131588,0.5728914011995494,0.32419121197489137,0.5828424724893633,0.3369434881831896
4_131_131610,0.7322399935049119,0.5688137164040779,0.9065246045694201,0.8795245813074014
4_131_131627,0.5117970100681379,0.22136182352769934,0.49465539933822894,0.22589103622414294
4_131_131654,0.8840678109948866,0.594390856772311,0.949510781799183,0.8355583024309847
4_131_131686,0.9308582751068933,0.8827710432792951,0.9678273825947795,0.9374748085449416
4_131_131961,0.9123914199609998,0.866148926450434,0.8687637217048981,0.8338713976838551
4_131_131974,0.14006890087899282,0.0,0.14796430339438862,0.002011246562410212
4_132_132100,0.3523914386228751,0.5032099697885196,0.3718730411989287,0.5910430481002
4_132_132238,0.6459591896438236,0.4021971141531719,0.8101401575385526,0.6325665859564165
4_132_132307,0.28931328728159283,0.3902066772655008,0.30394086305380885,0.3463748432929377
4_132_132365,0.15841584158415842,0.08771021992238033,0.1903163793946108,0.14768328886550675
4_132_132370,0.9546759228355918,0.7859072055560914,0.9866567310155322,0.9314862542955327
4_132_132381,0.7142239587663147,0.32241934886477275,0.9372370508310918,0.8044057221123116
4_132_132400,0.8988160624923716,0.6513095150759298,0.9528797199830292,0.7945469688335598
4_132_132405,0.9256628787878788,0.8569296040226273,0.9439424364123159,0.9020004859480035
4_132_132455,0.7195688926458157,0.6998918918918919,0.7426420426858981,0.7749067859806115
4_132_132457,0.8009190771458248,0.40726427247305746,0.8538919151376146,0.5307248865448301
4_132_132481,0.9394591685725817,0.8539462547608971,0.964035585841378,0.8827375303174101
4_132_132501,0.5752375432131989,0.37743992628694745,0.6172870177974523,0.5263446427483706
4_132_132513,0.8508831266441188,0.7223200528285274,0.8753347942537132,0.798612923673515
4_132_132515,0.8740864258851913,0.6355281268037117,0.9502868068833652,0.8552551556366451
4_132_132555,0.7197971909784953,0.5233233395456878,0.9042606710266631,0.7517541397698568
4_132_132581,0.6293072480588024,0.44862132520666437,0.9427571079051716,0.9491123540856031
4_132_132583,0.5745830896556613,0.3581942679076633,0.5933558494094301,0.42451390004820827
4_132_132584,0.9406970488013869,0.7912554555105572,0.9827923924261253,0.9334557724341178
4_132_132615,0.5092327441493039,0.45512092901423207,0.6891632643022283,0.7983488970090675
4_132_132690,0.4220474613686534,0.3349488422186322,0.3931396706004409,0.3768338541390816
4_132_132784,0.8800481915614567,0.65434439178515,0.9205522417317763,0.6410080114791343
4_132_132826,0.6222929936305732,0.44164444035684725,0.9267794221282594,0.8979421114271373
4_132_132900,0.9288253352722572,0.8431740081224617,0.9264165455943937,0.8435531559326391
4_133_133027,0.9694389732511596,0.8717498699947998,0.9818033854166667,0.9287988618657272
4_133_133075,0.027150241504957207,0.0,0.0,0.0
4_133_133086,0.8343155364001524,0.421770008847653,0.9467882416984214,0.8408164879939871
4_133_133160,0.5332515821052402,0.23772336201191263,0.6186936013125512,0.5402951191827469
4_133_133166,0.46604879169698593,0.4606706544823958,0.7303150934484852,0.8922534729350579
4_133_133167,0.9240849786398799,0.8383229851847298,0.9489374620522162,0.8977902311660192
4_133_133201,0.9147875857304979,0.743433971526755,0.939063534926377,0.7857838364167478
4_133_133219,0.7775612544495544,0.5135529667687552,0.9696146326916067,0.9148731744811683
4_133_133232,0.7856051928216876,0.8834172134802829,0.7627730294396962,0.7185437087417483
4_133_133244,0.9149269488812452,0.8193671541348518,0.9360077784579928,0.8685317359163905
4_133_133309,0.42876891929255,0.1010009491759427,0.47296805360147187,0.100594146154478
4_133_133388,0.912426090600121,0.9265408434090239,0.9482450922070196,0.949250639697819
4_133_133414,0.9177880703511297,0.7375898664840808,0.9722485127095727,0.8707494646680942
4_133_133490,0.16076636539516617,0.10150431933273757,0.16540492303115936,0.13428804946519313
4_133_133491,0.3749885394700651,0.4177927927927928,0.4637785800240674,0.5542219414613603
4_133_133603,0.8862861331548586,0.5744705541050189,0.9496983983914581,0.8884995786579146
4_133_133636,0.9279656764351666,0.753169498457077,0.9799456243775068,0.9274947605997098
4_133_133660,0.925434170694142,0.5847257870200618,0.9241117331200731,0.8116456501006676
4_133_133693,0.4012210394489668,0.31849822752175316,0.40530977830562154,0.314644858397698
4_133_133698,0.945190872254212,0.842683779147341,0.957983568494374,0.8297009630005069
4_133_133759,0.8261474793077502,0.6676944887471203,0.838419188254876,0.7504635298233339
4_133_133761,0.9628111021906182,0.8429650555794387,0.9886154758375334,0.9487297014143531
4_133_133770,0.9225943143950303,0.635809040288241,0.881027152897947,0.6147589296239538
4_133_133812,0.15067079463364294,0.2363138686131387,0.15890802436639845,0.24177936886767434
4_133_133920,0.9234606960330981,0.7915328467153284,0.9486966455499013,0.8079525989160653
4_133_133974,0.8320750400366049,0.7787329251059821,0.9014682169226852,0.8949475691134414
4_133_133988,0.8317098061044624,0.6484266543267005,0.9362994401961143,0.8323304157549234
4_134_134054,0.9491925240428234,0.8937293729372937,0.9809089613905114,0.9608035758141362
4_134_134095,0.9523370164502554,0.7399098146189389,0.9537274465010024,0.7047003407496493
4_134_134121,0.9540764717782723,0.845592363840539,0.9783756069608227,0.9189840474239722
4_134_134170,0.9582425035120864,0.833084056236913,0.9860386582999421,0.9402156506885876
4_134_134183,0.0486156888595913,0.050712197837887996,0.00040816326530612246,0.22750922334689244
4_134_134206,0.29278482256954685,0.30519249351574024,0.0,0.05419348947632745
4_134_134216,0.8566742853750482,0.8299444570760386,0.7785317187053864,0.5708123318593649
4_134_134310,0.18124406923857203,0.007833603457590491,0.19042871385842472,0.01647198148247833
4_134_134338,0.9367231393305712,0.8757233991009663,0.9523604858958988,0.8798496797755783
4_134_134339,0.9028231797919762,0.7469620599382644,0.9261744966442953,0.8467982972556833
4_134_134356,0.615595075239398,0.8516957933273468,0.8658222634126248,0.9538940576230492
4_134_134378,0.9584767206477732,0.8397259613065085,0.972025774005972,0.8886170743884174
4_134_134424,0.9521303423020415,0.8101455301455301,0.9526370263702637,0.8228590442124527
4_134_134559,0.8050922274669523,0.32413092091888596,0.9069940576904856,0.6010609318996416
4_134_134592,0.9521237004489904,0.8096090832888821,0.9766654214917195,0.9218308754314403
4_134_134647,0.8927607154910564,0.6292627599243856,0.9298090262404439,0.6760664642914204
4_134_134652,0.9314680513238639,0.8041177093257119,0.9742448330683625,0.9109612141652614
4_134_134659,0.6804833178132594,0.5776842380043398,0.8420789016234054,0.6990988913866313
4_134_134664,0.9340857309383775,0.8554863180709835,0.9605519390196405,0.88904253553847
4_134_134679,0.9278203326836786,0.7762886237183749,0.9599443204454364,0.8701803650502214
4_134_134689,0.1952343019429917,0.07415440529925553,0.1778177344563263,0.012977099236641221
4_134_134692,0.8468462133464595,0.7472114260435428,0.8675192854242794,0.8158318888179302
4_134_134693,0.28495212521640817,0.19909894716553833,0.255445523626333,0.10806153460538272
4_134_134720,0.8983425934645447,0.7960084904969869,0.972424025376036,0.9481809293469871
4_134_134777,0.669575144744353,0.4518526736188152,0.8729352477702675,0.7671684217326701
4_134_134797,0.5265383286239912,0.36040500704917333,0.9661906038212659,0.9043156258571821
4_134_134940,0.9463346194317783,0.76913089345127,0.9669757266381914,0.8671830872266603
4_134_134943,0.9768561294745313,0.8766518054384063,0.9913387624628968,0.9530664646209538
4_134_134970,0.9736698556562605,0.8841032972924672,0.9855879885564327,0.9374737725556022
4_135_135051,0.9549345031751388,0.8454740626092166,0.9785818853032907,0.9086799276672695
4_135_135123,0.42655337388128406,0.3336529817201079,0.4198950147347741,0.25163273146369575
4_135_135127,0.9223991114402074,0.841295427901524,0.9438580029713035,0.8983916457047031
4_135_135138,0.949390469154045,0.8539940715968686,0.9831267979641514,0.9509978906376765
4_135_135150,0.8738649387287314,0.6661923208685798,0.9716543677702433,0.9188874514877102
4_135_135184,0.7861586024509256,0.6634801664178868,0.9405326523166727,0.8984654436367832
4_135_135259,0.8763401686270428,0.6736383442265795,0.9346287703016242,0.8266199649737302
4_135_135266,0.7704491589109197,0.38483138179878135,0.9511315652132657,0.8248743932555564
4_135_135294,0.6269457863660762,0.49599522835719156,0.6819976165648741,0.5730054742887911
4_135_135296,0.7547635705173052,0.6112372467308521,0.8887686062246278,0.8507693594246529
4_135_135297,0.5919229866165766,0.41905864003421295,0.661373048136469,0.5614671626318678
4_135_135395,0.955110407639015,0.8173789042734256,0.9599380788427149,0.8477232548138945
4_135_135402,0.9134026112443379,0.8229512551467658,0.9414550641940086,0.8709190672153635
4_135_135492,0.9110303262221372,0.8100709361574583,0.9781540712867147,0.9594520547945206
4_135_135531,0.6364674138646741,0.34752267969295186,0.8028028028028028,0.6538569032979318
4_135_135659,0.9282314916142824,0.7370654627539504,0.9298434828357227,0.7487200774872008
4_135_135701,0.8223697445182055,0.8526269787316694,0.9051532140388603,0.9009739431951456
4_135_135739,0.9407327926278916,0.8213355609060979,0.9687105560353418,0.900855664292668
4_135_135773,0.8630006546450039,0.7757228444907528,0.9085912451743767,0.8565398589442188
4_135_135774,0.8632862644415917,0.7975521199344109,0.9403298835705045,0.9325620243766628
4_135_135781,0.7176576374058672,0.4893055868257695,0.9358785601868305,0.9131599454510033
4_135_135795,0.3040070901615802,0.20201889895829975,0.33540912382331645,0.16787797647508845
4_135_135809,0.27290760174046585,0.15137093337121751,0.35126081130466563,0.4782332698539975
4_135_135945,0.6051351055340854,0.3197706779472337,0.6114809577527447,0.3048506571087216
4_135_135964,0.8451489287580561,0.6289551140544518,0.9234677261772943,0.8313604919292852
4_136_136025,0.9458657587548638,0.8353127011057158,0.9808871627146362,0.9467406022309627
4_136_136057,0.8779524226091373,0.6455718423593435,0.9546211612073752,0.838963159506072
4_136_136065,0.9603676422658236,0.8632867840518114,0.9754754867675924,0.9186997364330608
4_136_136256,0.9626972740315638,0.8153640381484066,0.9595498346037682,0.7050639684778908
4_136_136419,0.9216874330880845,0.5777680584059482,0.9851472914195334,0.9351659751037344
4_136_136517,0.8513662710460944,0.8786765786148738,0.9348348662207357,0.9456035297825401
4_136_136550,0.9762645277459486,0.9060175511909737,0.9860968613245671,0.9463196074247919
4_136_136593,0.8366013071895425,0.7593104314513597,0.9505219593551176,0.9753489286416356
4_136_136640,0.8635674808343733,0.5787179636194572,0.9515154566508911,0.8022907673026041
4_136_136642,0.5406924541177316,0.3683592696584654,0.9296530881265472,0.8640023383732363
4_136_136687,0.9568121847757106,0.864520571526941,0.9598879322126554,0.8692423650270783
4_136_136759,0.8834114814345457,0.8339496028485347,0.9506903353057199,0.9458610919672257
4_136_136792,0.9308710970720447,0.7763252702007205,0.9583021545607019,0.8465121520604034
4_136_136917,0.33510037264094245,0.1508440046565774,0.3766499453521285,0.3798571601501029
4_137_137087,0.9190632204829511,0.8153283987632344,0.9632391418105704,0.9381572751530372
4_137_137110,0.6826892744479496,0.5182630433776214,0.7502737266237464,0.600029319781079
4_137_137215,0.6513748752633329,0.27507602366752315,0.892499389201075,0.6224142898300201
4_137_137256,0.5568911726922371,0.15649309692340038,0.5810435615126855,0.20012704106415574
4_137_137270,0.33171517967194464,0.4042980902694682,0.34264781389470356,0.45415192701545337
4_137_137280,0.8572735590118938,0.75212440025435,0.9537016327443525,0.9115552174815019
4_137_137324,0.6622033324557114,0.6795406277039251,0.7023561599085304,0.6799058046660679
4_137_137444,0.8294528962975322,0.440151974713451,0.8721803297217872,0.6144356862606483
4_137_137457,0.9254744764397905,0.8350937291845085,0.9680273300630694,0.927712051333467
4_137_137461,0.7783426127652707,0.7301524338414461,0.9527269108280255,0.9444621361696707
4_137_137616,0.9625448229493501,0.8591445037804685,0.9913470193675774,0.9646653098145636
4_137_137626,0.8236697247706422,0.6368917937545389,0.9698980151332383,0.9382613510520488
4_137_137663,0.7261309388497386,0.32406863851885304,0.9684856911134283,0.8671586715867159
4_137_137833,0.9071406913280776,0.8047109537372027,0.9848697809011988,0.9719138359569179
4_137_137858,0.8473879062114357,0.5991212887764612,0.9154402696703116,0.7541058163626257
4_138_138052,0.49483483247574533,0.3073002049180328,0.5221997981836529,0.38844250518810197
4_138_138100,0.5815936489267862,0.29152514059802886,0.9537243256619649,0.8884440257497253
4_138_138232,0.3706915590630015,0.506116976705212,0.37645279175653007,0.4642874320619499
4_138_138332,0.8236986659691342,0.560117701550282,0.9059230436662343,0.7299256897018562
4_138_138371,0.962821232972897,0.8781423581286147,0.9795150199058994,0.9317050035570311
4_138_138637,0.49880930573365084,0.29894928596987735,0.9668561751542276,0.821595844332794
4_138_138720,0.6252857190181204,0.3676950701926216,0.6787668007100678,0.4921089063221043
4_138_138730,0.7651129390259825,0.5824460431654677,0.94864954984995,0.9289736110168917
4_138_138754,0.9015961236995867,0.5741093452399538,0.9522274103028183,0.7805666003976143
4_138_138762,0.9571129707112971,0.7877736663583103,0.9720924257751657,0.8568831063881369
4_138_138864,0.4885015226294235,0.5230506215409579,0.20643956439564395,0.1934169509830392
4_138_138867,0.741531416256987,0.6193728222996515,0.9474380456830408,0.9396261682242991
4_138_138880,0.8651937327390555,0.5299943725379853,0.8501236653194185,0.6463321640994357
4_138_138906,0.6978488775529341,0.2265186360031721,0.9539018168566817,0.6926354230066951
4_138_138911,0.4296107784431138,0.4702079069905389,0.45649706521386646,0.5146177916852928
4_138_138914,0.8542406680376394,0.6728323218887688,0.9736375158428391,0.9275017707173935
4_138_138932,0.8938457008244994,0.8899474079639369,0.9543763145122148,0.9514145724672041
4_138_138935,0.7691610434081982,0.6242846806551339,0.850439769072804,0.8134487393855939
4_138_138939,0.8760959301333879,0.8081563119285193,0.8779671106481137,0.8382620564149227
4_139_139018,0.8009722299826787,0.2804400647948164,0.7720410342357441,0.3375395361096468
4_139_139056,0.9369035824164363,0.8684957426679281,0.9711061440331462,0.9436837866303203
4_139_139062,0.9488970687014697,0.7858136300417247,0.9706612376941741,0.8992503461777205
4_139_139102,0.886170089784594,0.7644408538669484,0.9078178729751004,0.8488486451656663
4_139_139123,0.9386197131071846,0.7021034937076917,0.9407443270323749,0.7168767148769939
4_139_139219,0.30082611068106546,0.2186018601860186,0.3043618282063173,0.24631169436035122
4_139_139232,0.8224390243902439,0.7971978631186373,0.8798777621062529,0.9211036369855204
4_139_139240,0.4146609637040259,0.40784391403387144,0.4205629273202646,0.39066990935219986
4_139_139244,0.8347207141995415,0.8330189074749508,0.9054296537515784,0.9145395508252909
4_139_139245,0.9043821491864025,0.8185418041613116,0.9638727693180331,0.9465651849817568
4_139_139246,0.8890257707931012,0.8096612534889622,0.9567074495040904,0.9280526938017227
4_139_139249,0.7289332929659905,0.48068651249946764,0.8671636319198338,0.7202363710097909
4_139_139256,0.90395949527313,0.850220091180632,0.9576523663602315,0.9315579890492782
4_139_139261,0.8444052699944331,0.7828450812332096,0.8974442278535846,0.8492016558249557
4_139_139325,0.5266760640509487,0.2820791720228089,0.9628870631145537,0.8743303504623948
4_139_139369,0.951009863785815,0.8138672824501701,0.9631327416365941,0.9014517197759171
4_139_139387,0.9593922500956441,0.8805549803271899,0.9735372115330362,0.9235428668248051
4_139_139403,0.6952702075664305,0.2952378225136737,0.8709319380029333,0.5705962814732256
4_139_139410,0.8998525695029486,0.8052715939447908,0.9662421359521252,0.926861752730317
4_139_139482,0.8162501989495464,0.4352034643061835,0.8810906391896612,0.5183357324011242
4_139_139513,0.5987996772241275,0.6282398820564037,0.6108509246186163,0.6633096272254307
4_139_139556,0.9408850726552179,0.7667097380476917,0.97292612750026,0.8875509683995922
4_139_139680,0.7506727289598218,0.6283489809938173,0.9380520551171829,0.9420467549452346
4_139_139734,0.10797572263447701,0.07151772341487768,0.11239798084634618,0.17946406030223247
4_139_139824,0.13100106322074098,0.0,0.134841628959276,0.0
4_139_139965,0.511944138184491,0.3426257024009341,0.67736167676567,0.5316211258086319
4_140_140016,0.3334045827633379,0.1452355041334937,0.7324896244299841,0.43018475854903554
4_140_140067,0.8606101646589208,0.6862509555531288,0.941487264411324,0.878369384359401
4_140_140136,0.7739994302805868,0.39430213071582476,0.8196455505279034,0.466168337366056
4_140_140140,0.8991488519398259,0.7095588235294118,0.9275581875774687,0.7917240785394419
4_140_140266,0.7377538829151732,0.7665806510027615,0.8634851320440841,0.9005287165664524
4_140_140285,0.8533604887983707,0.7817276928546036,0.9324375167965601,0.9026250947687642
4_140_140318,0.879908841695016,0.7910362115309112,0.9399882903981265,0.8766465908724919
4_140_140326,0.21122417514646932,0.1453211599935607,0.20125627081488975,0.18129380053908356
4_140_140347,0.414358246845367,0.17326478149100258,0.9279762927332074,0.8629206406334353
4_140_140448,0.22458997234017686,0.009535560059927735,0.0020557097337855893,0.35597983543863715
4_140_140686,0.9497760834967985,0.8262657256827247,0.9799459041731067,0.9294032975660822
4_140_140696,0.8586975297978926,0.6506742562851529,0.9049126361104077,0.7599004299615297
4_140_140699,0.8670829616413916,0.5861533149171271,0.9153578019274144,0.7308611667420376
4_140_140700,0.3316625620035381,0.18335883703136954,0.3628588882101405,0.2693156732891832
4_140_140705,0.9543329468526761,0.8251253852196507,0.9805448993971659,0.9335950278050377
4_140_140735,0.8534008992934123,0.7784760768842608,0.8999598232221776,0.858957872537421
4_140_140766,0.8823272663785955,0.7074852898620623,0.9635743851960068,0.9303089723885738
4_140_140875,0.9355849467330717,0.8152440173355945,0.9561037797608793,0.8735362997658079
4_140_140899,0.9482014990997026,0.8486738486738487,0.9444894824422921,0.8396405518288824
4_140_140907,0.9724289224289224,0.8363553020270958,0.983371989295272,0.907266957129794
4_141_141015,0.8401486988847584,0.8262330493219728,0.9503781590112526,0.9404969778374748
4_141_141033,0.5243866336084076,0.2993021452571724,0.7578646329837941,0.44531225094838855
4_141_141115,0.8731418072490396,0.7471304197167237,0.9507695204028804,0.9400733416887156
4_141_141132,0.8409195982011516,0.7029391369285752,0.8654065934065934,0.7425446234218546
4_141_141180,0.9570239196511167,0.7976502862595419,0.9818251807858341,0.8456101407792511
4_141_141190,0.8074697527617044,0.7985281866148292,0.8827979515828678,0.8904867256637168
4_141_141284,0.8810775768926025,0.7904066736183525,0.94716865391251,0.920009373901496
4_141_141406,0.8774436402961484,0.7208517608517608,0.9069322183098592,0.7765692659142828
4_141_141410,0.9326282700197134,0.7467964636932551,0.9669058345847934,0.8751958506672429
4_141_141412,0.9740147537715159,0.874666521478739,0.9854309444923524,0.8659183037106329
4_141_141471,0.8226632959825089,0.6643074292228767,0.9602268124746861,0.9348458220162965
4_141_141472,0.49492890765273934,0.34026284348864994,0.8977192362093352,0.8542726094326454
4_141_141474,0.5114978339564418,0.2554880990672242,0.9429635761589404,0.7007057785619761
4_141_141480,0.8411764705882353,0.7491331083267835,0.922671970051474,0.8697950111138553
4_141_141483,0.6740346950195859,0.40632603406326034,0.7414557070724419,0.44842883548983364
4_141_141568,0.7926137947698084,0.4434959911528891,0.8052505966587112,0.4686872246696035
4_141_141591,0.7827182451459909,0.5227232641542713,0.8675429726996967,0.6684710069701914
4_141_141718,0.8560156773761023,0.600336913034323,0.9500825082508251,0.876698824026477
4_141_141727,0.7566779374471683,0.45395060327546427,0.7916647646870864,0.47819421470932344
4_141_141728,0.9411420049003941,0.8816088041751758,0.9826791137104938,0.964612421762157
4_141_141743,0.882991930477964,0.8818161829375549,0.87907508234187,0.8726819614454299
4_141_141747,0.8249874111788732,0.7056638339015826,0.9281880909787886,0.9045050055617353
4_141_141769,0.6679175534894142,0.5854845071657098,0.7711892574619424,0.6783953276844272
4_141_141771,0.8563829787234043,0.7587987837894123,0.9435273221189009,0.9124744181619152
4_141_141791,0.2205168434575986,0.0,0.23146137139311201,0.019251626898047724
4_141_141857,0.9707622105796857,0.9124592052217316,0.9850907987691241,0.9550819672131148
4_141_141883,0.4354439938129514,0.25022298864244513,0.42815266810241687,0.1525599325382484
4_141_141892,0.967801216513524,0.881475201356507,0.9818714376187461,0.9384274640088593
4_141_141894,0.9557197103313759,0.7766162039548301,0.9376436966845012,0.6833572196345395
4_141_141903,0.7967637808309882,0.7075534231873993,0.8935128518971848,0.8236023085366285
4_141_141904,0.9598131419378789,0.8796079368874014,0.9740446317402548,0.9096435345037203
4_141_141905,0.9308963445167752,0.8004054327995135,0.9606978209677954,0.8989560850988856
4_141_141906,0.9039313174124487,0.7206399224336444,0.9719784632775084,0.9082249173098126
4_141_141907,0.876947564969849,0.7311771919068056,0.9776576700633435,0.9199442717822313
4_141_141914,0.329674624629515,0.1762999160113003,0.7766925041444509,0.4929980489919792
4_141_141919,0.46230683511673804,0.2660065850249899,0.5207849725106903,0.3644516318729785
4_141_141959,0.7764803236484001,0.4782977640120497,0.7653022788624522,0.4737413488940155
4_141_141975,0.5313508815495406,0.32232897493317925,0.5402586920969352,0.31633041492196423
4_142_142009,0.9482016769638129,0.8941776227528844,0.9704763003113828,0.9519527802294793
4_142_142011,0.3307078685626699,0.3362016269337471,0.3334244049042041,0.3095346197502838
4_142_142037,0.26833880760426,0.22382465574839078,0.8486756307055808,0.6209964412811388
4_142_142071,0.9576877970495649,0.7306993642143506,0.9773715162362567,0.8527007017317968
4_142_142102,0.7504735957089036,0.3658987915407855,0.9240527551134459,0.7720324485403676
4_142_142115,0.9334999123268455,0.8237724455744478,0.907462892965797,0.7872350685988474
4_142_142131,0.9519316714668785,0.8531580990406477,0.9829042153517389,0.9630533079485959
4_142_142233,0.5135363983797515,0.24358546139130963,0.5665319525132609,0.32410940455959214
4_142_142237,0.852621744715637,0.7423788105947027,0.9203104786545925,0.8302358827734095
4_142_142258,0.9427845676570406,0.6595339990489777,0.9917770772249289,0.8496543392173972
4_142_142301,0.9099841650087296,0.766388557806913,0.9499412353632525,0.8445843676212387
4_142_142305,0.7587853135151098,0.49282086344989257,0.7958151056764876,0.532564871291223
4_142_142344,0.4414489392182277,0.41942526081571824,0.4335483870967742,0.393309265944645
4_142_142364,0.38293034740728066,0.1962108876468776,0.4628940146851591,0.5758294507976845
4_142_142405,0.6655392235547708,0.26103623098800544,0.6644896263644966,0.3128734150010746
4_142_142457,0.7856105685732996,0.49895369742697987,0.9092110351940184,0.7904669731429954
4_142_142469,0.8120789957134109,0.38539778721562473,0.9349204939148974,0.7432988292727026
4_142_142509,0.9263453183264343,0.8282702289462037,0.9663089502117097,0.9281048578967859
4_142_142520,0.6718537799909461,0.5644141351518909,0.6172617199627445,0.5773341793157304
4_142_142527,0.8320052396026635,0.7675402159957707,0.9523052464228935,0.9369776564898517
4_142_142529,0.8363479186061976,0.832223501727332,0.907035175879397,0.9162509287761385
4_142_142537,0.31084944894988564,0.43033723426355514,0.3160757131431618,0.4606959901077548
4_142_142541,0.6814976240200975,0.29527902671250994,0.9243960826985854,0.8248724147193124
4_142_142588,0.9317599910942892,0.8403041825095057,0.990521327014218,0.9747597877527606
4_142_142598,0.8787314411625833,0.6705526324839232,0.9356152075026675,0.8679265974557684
4_142_142625,0.8190901192638812,0.5635979262092918,0.8679008209080248,0.6932921447484555
4_142_142627,0.8885971921013583,0.8075183278739666,0.9571589627959414,0.9230636536139383
4_142_142628,0.24480882407373136,0.2664955146364495,0.18974833135889507,0.5504070131496556
4_142_142635,0.9133253078988796,0.7691015430562469,0.9618016244154566,0.8731357613774563
4_142_142638,0.5029227259766182,0.4210392616218352,0.6743067052980133,0.6514337228251448
4_142_142642,0.9268803687408339,0.8656597774244833,0.9585671838890722,0.9369114365031843
4_142_142643,0.8976497773769937,0.8368339167639051,0.9543239951278928,0.9332777314428691
4_142_142644,0.9146220394270316,0.8829135859519408,0.9314688460673315,0.8876240513718622
4_142_142647,0.8203910272125521,0.7210606691656254,0.29708963067666994,0.2542724514405747
4_142_142656,0.925339086017506,0.6568053691275167,0.976135102278133,0.8886036654528088
4_142_142658,0.9167110164981374,0.6548455552935628,0.9696984295211485,0.8593523979080895
4_142_142667,0.8962109602071553,0.7733793836344315,0.9777605235427874,0.9325104834243215
4_142_142677,0.4507711621233859,0.3245569983499534,0.47403201488467583,0.4374463913736062
4_142_142715,0.7271438695960312,0.5530897009966778,0.8251767081790643,0.6940784491897622
4_142_142738,0.4633691482823659,0.37064800180627683,0.6264086445146151,0.5166994106090373
4_142_142742,0.8858511958242417,0.8540480538546926,0.9351189641471509,0.9366888488547374
4_142_142758,0.5339788936565001,0.4380714079491868,0.6792965535717703,0.5284776554833577
4_142_142765,0.30217793218341765,0.0,0.30715358715358715,0.17286627745343341
4_142_142789,0.5063570041291965,0.3872391174716756,0.7153281268213079,0.5988811611732688
4_142_142848,0.6287898900865502,0.4635297482837529,0.679810907413813,0.4476116605261457
4_142_142887,0.8976694915254237,0.7968760704254298,0.9657204901504576,0.9382852919438285
4_142_142894,0.9280636177074172,0.6250281088374184,0.9657265811111965,0.7621706235324811
4_142_142916,0.9307507795634444,0.7570117395944503,0.9760466782679906,0.9118546667902493
4_142_142947,0.44820929992071973,0.21019048291775563,0.4618646080760095,0.24399877019132984
4_142_142948,0.874588648965424,0.8395422535211268,0.9173726750413866,0.9045255689129076
4_143_143056,0.961319087403599,0.8897010691686668,0.9808156471077819,0.9450331501105004
4_143_143078,0.9437394247038917,0.7801081189308239,0.9764177428411005,0.9127903783843154
4_143_143191,0.9318620545729639,0.8425437378505971,0.9774303644170428,0.9225136927068319
4_143_143196,0.9099944398109536,0.7874300290512294,0.9634862794675392,0.9230647833977748
4_143_143198,0.8793084340019949,0.8628965099553335,0.9388834235120511,0.9371335504885994
4_143_143199,0.8719297264029542,0.6957667600065887,0.9022051773729626,0.7791634345724685
4_143_143253,0.8265955687830688,0.5170828140444368,0.929762127739277,0.7317948717948718
4_143_143262,0.777189449521905,0.40544937898162153,0.8055612498901807,0.45753159781173364
4_143_143495,0.22805897851309997,0.0,0.009655364381273812,0.49082717489952027
4_143_143505,0.9016550731590309,0.7373115206464965,0.971368092691622,0.9152238175675675
4_143_143609,0.5908660223611901,0.30392790231927125,0.7648211456683065,0.524921515503376
4_143_143630,0.9658699193151256,0.9091981737033807,0.9728940296763641,0.9338008268355226
4_143_143648,0.17848059603243469,0.21697508440531646,0.0008633892138018933,0.4503901453638056
4_143_143691,0.9670972762645914,0.8706540096674625,0.98455969503796,0.942111376000978
4_143_143733,0.9068412713207196,0.7997078968573731,0.9089046108807026,0.8122092422206141
4_143_143735,0.9443381575097346,0.7629851598173516,0.9835515432244647,0.9210309278350516
4_143_143747,0.6149970677613691,0.4149008885850991,0.8051140804704656,0.6893250359023456
4_143_143757,0.538333060422466,0.43280696100547855,0.6713116351588384,0.6300037064492217
4_143_143776,0.929026067487606,0.8260218720113103,0.973352464896997,0.9263472264921604
4_143_143828,0.9857862248213125,0.9131469820304101,0.9899197695947336,0.9290527457207033
4_143_143913,0.9396859539685954,0.8419325432999089,0.9560973415500877,0.8822218093999629
4_143_143962,0.16775946047208692,0.0,0.1748951569705917,0.210938275690882
4_144_144039,0.6924065183582392,0.2357482611085881,0.9149827343650083,0.7838348463204461
4_144_144110,0.9253514840437402,0.8472671872024377,0.9676019498276067,0.9530763958454157
4_144_144178,0.9746833279201353,0.8865366759517177,0.9895931882686849,0.9567496214621268
4_144_144346,0.9425627534802148,0.84661384362386,0.9741850169608464,0.9288782816229116
4_144_144363,0.9200737294830159,0.7114046822742475,0.9856800091404196,0.94194606873922
4_144_144374,0.9026385893695293,0.8165010253983278,0.9412382307119149,0.8976895498605763
4_144_144408,0.9032975925551284,0.7759690398673137,0.9523274976713081,0.9097846472224018
4_144_144439,0.5759321068056008,0.5369977456570747,0.5903739465548639,0.5986321716002901
4_144_144500,0.966919418606872,0.8187872415001752,0.9872033185277946,0.9110010644698477
4_144_144604,0.952927799886299,0.9027407227746786,0.958186101295642,0.9029458501405696
4_144_144643,0.3092990789600766,0.20232140389664224,0.3607491331863939,0.3037899388171312
4_144_144682,0.9064092664092664,0.8182100201644176,0.9361825726141079,0.8696221168002617
4_144_144722,0.758663015768105,0.34309547320825323,0.950714476694097,0.8221883092859785
4_144_144785,0.9379415237447217,0.7111034837823923,0.9669407723534923,0.8200633340873106
4_144_144868,0.2861301462744318,0.3001908396946565,0.38523925385239255,0.4140401964142971
4_144_144961,0.7914633477712594,0.5985190958690569,0.9837603006585526,0.8466865357643759
5_145_145114,0.37416072177926984,0.3896588240710898,0.39372117821384556,0.39831587594988704
5_145_145174,0.5959284601314274,0.19700659373595084,0.8630659834779881,0.8465110279891654
5_145_145275,0.8828567641893906,0.5721233800872321,0.9703136222169021,0.8745763785512938
5_145_145322,0.8789723520672537,0.8629825889477668,0.942830816073074,0.9289468431907392
5_145_145349,0.8987212648912528,0.6661486237781686,0.9833206060849644,0.9552600409174115
5_145_145398,0.9679071017383064,0.8195628514420461,0.973706859454342,0.8685811288725421
5_145_145486,0.8791155584247902,0.8403328493242489,0.9222484896243761,0.9064403572062215
5_145_145523,0.7575124306406283,0.4577913546183156,0.9739126354806925,0.8858794197642792
5_145_145612,0.2506324105086135,0.14981433006635417,0.24084497444633732,0.14938175336972262
5_145_145707,0.8711866292166078,0.6021096857819693,0.8955171710698785,0.6301594331266608
5_145_145717,0.4151020967520899,0.16964524893804295,0.4338892868106006,0.18450496871549504
5_145_145732,0.9095263221983196,0.8112954583542819,0.9435776875400727,0.8834420737083407
5_145_145766,0.8575054387237129,0.6627718550106609,0.9657806613645877,0.9247763172429029
5_145_145770,0.9296163069544364,0.8760041461518528,0.9246104346728913,0.8864468864468864
5_145_145834,0.36111039011602253,0.27949541026074226,0.8650452878678659,0.735929307373593
5_145_145839,0.8838006797766448,0.6807610993657506,0.9144374881426675,0.8090850456095089
5_145_145845,0.8829521556256572,0.8679333305059587,0.9547227036395147,0.9533731929323577
5_146_146158,0.9252907549773309,0.8937021694867654,0.9604244031830239,0.9565379176899605
5_146_146174,0.19894604644290675,0.08152173913043478,0.23581972409213028,0.12844717861688587
5_146_146290,0.9283322504872807,0.7558719468008014,0.9679699406169531,0.8884477040220489
5_146_146319,0.8810818865956337,0.8495917256396298,0.9635012386457473,0.9496087819689362
5_146_146327,0.6849297788243209,0.40441176470588236,0.7875951450318864,0.6460988408972954
5_146_146330,0.8584640128669079,0.831804589591103,0.694863172541744,0.7313649222065064
5_146_146332,0.9227363128072348,0.8361675982082689,0.9085559796437659,0.788112136266856
5_146_146373,0.9534830756967575,0.7930906389301634,0.9743346851780587,0.8492746496188837
5_146_146431,0.9422274623616905,0.8054246683824985,0.974950544605191,0.9134114858859875
5_146_146464,0.6895588235294118,0.333492258093811,0.6864887324632155,0.4893181606771883
5_146_146546,0.9491220523248993,0.8600179896559478,0.9706133398366052,0.9006820359618962
5_146_146551,0.9418336944745396,0.8543539894694209,0.9353170386114064,0.8037555228276878
5_146_146552,0.9344466019417476,0.8153647151453799,0.9620791108205295,0.8940112994350282
5_146_146553,0.9336465971289889,0.8183391003460208,0.9820780648708082,0.9511066398390342
5_146_146579,0.8693581040847922,0.7764350453172205,0.9454664914586071,0.9135159610595427
5_146_146593,0.8803886789542685,0.5646447303431569,0.7286486040661471,0.4732556656320422
5_146_146599,0.958880278348885,0.8614730745878287,0.9688405993442978,0.8879992508311092
5_146_146660,0.9245287805373044,0.7245380187821873,0.9774049703627169,0.9092886103943973
5_146_146821,0.8632252027448534,0.7567095285196176,0.9479570079631,0.9241236955773862
5_146_146838,0.8109840335182879,0.4025384823116392,0.7749858900553109,0.5115848007414272
5_146_146987,0.9264773653798433,0.8249513513513513,0.949223996418445,0.8858439282986658
5_147_147030,0.7585494300379975,0.7689136409662953,0.7235546038543897,0.7966681013747879
5_147_147073,0.5889432450636322,0.3772460353739583,0.936944783138826,0.8446141528607501
5_147_147132,0.40363708705370205,0.46748681898066785,0.41255132947838474,0.42647738997402784
5_147_147338,0.771239459606492,0.5305329569981737,0.8580968280467446,0.6435171385991059
5_147_147342,0.9122897356676966,0.7956022621760783,0.9622627683740016,0.9037119359857746
5_147_147349,0.9447106310073468,0.8532744382561935,0.9836809255594459,0.95999185999186
5_147_147364,0.8917401412466552,0.6861902716120101,0.9205112068548192,0.8087861271676301
5_147_147367,0.27476057889422634,0.16451127819548872,0.27956432349294535,0.15674464725109258
5_147_147389,0.2756644880174292,0.2965718841349987,0.28574051126715316,0.3253219754588784
5_147_147394,0.6223952586614545,0.27594278762856195,0.7315663908148811,0.3983430607471528
5_147_147401,0.8879352384667902,0.6747296528173022,0.9590383858619826,0.8935253532584134
5_147_147693,0.933907871578564,0.782097752680377,0.9897027018302721,0.9694169703279542
5_147_147694,0.4808788110203842,0.23070109884026682,0.6463929852530889,0.5061566410981025
5_147_147712,0.8961862419569663,0.5976149796017992,0.9332871698486497,0.7535205329285775
5_147_147898,0.7093275853358705,0.44054962508772577,0.7179829973947621,0.4410009023391407
5_147_147978,0.6902396534676773,0.5940043887591138,0.8417582417582418,0.9261900019916351
5_148_148004,0.7842788094632409,0.5271087095887902,0.881198347107438,0.7684692942254812
5_148_148059,0.06056445461479786,0.06196609569335635,0.05888460397508158,0.08138700677560781
5_148_148067,0.8803893501288291,0.8232375085557837,0.9438139186829634,0.9249209332172159
5_148_148183,0.5927532673051212,0.5068601167008359,0.6729605575795976,0.5999046463245492
5_148_148271,0.15874335970392855,0.0,0.16117966201880957,0.0
5_148_148348,0.8813942960615663,0.8291239147592738,0.9731974329935825,0.9552522460262612
5_148_148420,0.6545777777777778,0.7817122781065089,0.8863576507769292,0.9087235303626273
5_148_148437,0.9585910190911535,0.8811994288434079,0.9723879561537394,0.9194531864673485
5_148_148438,0.9513518946627801,0.888134799906389,0.9903300399411393,0.9751514402274694
5_148_148493,0.9548498919393148,0.8164501474456045,0.9660052265580015,0.8514795297932711
5_148_148498,0.9532195430326018,0.896004942339374,0.9643989801629252,0.9138074964521246
5_148_148588,0.7187950648934466,0.5019181297107009,0.7387297277988141,0.5217900351242357
5_148_148593,0.9527133528484576,0.9022117647058824,0.9467783205396604,0.8866431095406361
5_148_148599,0.6837950862519603,0.5490687288966344,0.7458964464666245,0.684957718659342
5_148_148658,0.3907292028283788,0.007333312877788346,0.40689930740543423,0.014957002457002457
5_148_148662,0.9139426284189459,0.8538334252619967,0.9704722252656952,0.9547130845257412
5_148_148710,0.8787999771858781,0.6558569100254921,0.9753350350989152,0.9463635105843288
5_148_148763,0.9439311698810486,0.7780185872240385,0.9834411645774364,0.929196249950967
5_148_148788,0.8419666374012291,0.6522650330485249,0.9444487012489464,0.871864529566241
5_148_148954,0.7652338214454416,0.5272898637648873,0.9765097236438076,0.9349053676698728
5_149_149055,0.9311725648572797,0.8651321188248811,0.9745796857257976,0.9407353131330546
5_149_149100,0.34850814845376293,0.0,0.376659706878028,0.04228368067074826
5_149_149153,0.9502425643239948,0.7874546397096941,0.9687147318968006,0.8781606851549756
5_149_149167,0.9610409848839021,0.8896710022953328,0.9762953909491493,0.8913909238408968
5_149_149223,0.5871048535280831,0.5043183341877983,0.6139482315942064,0.5811972522080471
5_149_149420,0.9326295114166462,0.8283737447954935,0.9596386800334169,0.9015942121774762
5_149_149500,0.4623442885445219,0.5218270008084074,0.8437274793502966,0.9013412215536657
5_149_149560,0.9220773500132147,0.8448491255045166,0.9565604916264014,0.8498046787301873
5_149_149561,0.8671014107000267,0.5585315791244658,0.9214202561117578,0.6943475488541315
5_149_149641,0.6650319186827036,0.4007773257267541,0.8019393370017447,0.5963144433145358
5_149_149774,0.89056875449964,0.6481787207137588,0.8843597696056712,0.6634264884568651
5_149_149828,0.704104582513354,0.4750148882031292,0.9218046584458798,0.8747348886532343
5_149_149842,0.9406854561524108,0.8637530562347189,0.9585215605749486,0.9
5_149_149844,0.26948912306649414,0.0016399102364923184,0.2869234302211141,0.0411597431913459
5_149_149848,0.8869047619047619,0.6297374930184313,0.9381953352006492,0.7634114583333333
5_149_149858,0.8450400990365466,0.5403123680878008,0.8809530636235915,0.6575429188545041
5_150_150008,0.9041232868654785,0.8567100245520556,0.958109146810146,0.9434857876807953
5_150_150052,0.7147736498782161,0.45914767096134784,0.7432139297649059,0.5686608031861932
5_150_150104,0.9693664212344333,0.8764934289127837,0.9814512746423079,0.8830044744370278
5_150_150118,0.9059408908338829,0.8639600480902617,0.9688710927408938,0.9581847007530717
5_150_150186,0.7808185200496073,0.5590404090059975,0.8481224514636967,0.7078548135545158
5_150_150197,0.9398762886597938,0.7842851397546753,0.9614395160150397,0.9190486125599833
5_150_150207,0.6362122943895046,0.32894999888935783,0.6851946790426594,0.40580572952634963
5_150_150259,0.5831687204088671,0.4697266598027168,0.6033607658903364,0.5096636785555344
5_150_150306,0.9152936206168145,0.805375,0.9469424460431655,0.8754200051692944
5_150_150467,0.6282966904728563,0.47800835753240317,0.6589583650286526,0.6447559947904696
5_150_150486,0.7687140115163148,0.76681537405628,0.8863092388702729,0.9284098051539912
5_150_150513,0.9378310023561963,0.8026586550333361,0.9669191181427962,0.897282796815507
5_150_150590,0.9241359321788276,0.8178759382279355,0.9769610532089962,0.9464453198274245
5_150_150624,0.8921358417485129,0.6270303922123494,0.9587470766399571,0.9158929217412275
5_150_150633,0.3376524047329824,0.4591051757031202,0.3452579806978471,0.4310769385396251
5_150_150723,0.20226790172425863,0.06372495874140195,0.16099467931991865,0.020685511558709086
5_150_150724,0.8226000255656398,0.4900145452866345,0.9324530373261771,0.8685778976459229
5_150_150725,0.7629848783694938,0.4938709584378876,0.871874530240016,0.8553382410593718
5_150_150853,0.7492032520325204,0.5645036906466895,0.9110249855693906,0.9007014333638305
5_150_150946,0.8251246708130218,0.6564398929163303,0.9463764268648792,0.935110144139244
5_150_150979,0.48398092967818834,0.22245726726680357,0.7042584657388798,0.5374329224075417
5_150_150996,0.8997323600973236,0.574645913617937,0.9221265443654062,0.6545628793525716
5_151_151129,0.8391052631578947,0.6166881669989446,0.7282428702851886,0.609402633130281
5_151_151131,0.9586789746148568,0.8255123842684181,0.9830338676318511,0.9206782464846981
5_151_151134,0.8850085178875639,0.8049936480015636,0.9286419143949673,0.8894240948549651
5_151_151210,0.9267717874583931,0.748745488159169,0.9789765657403567,0.9109815354713314
5_151_151223,0.8612972060939904,0.5193952351863165,0.9213668733584252,0.7643764998666785
5_151_151224,0.6260074923373822,0.3922628052733953,0.8217462106977327,0.7202021499850101
5_151_151237,0.7534218865889016,0.619861753036934,0.9093126945402541,0.90827042061645
5_151_151238,0.8251934881238324,0.6971234384722156,0.9507239172310943,0.9208886928717129
5_151_151244,0.32325186373501935,0.1440588020973593,0.23487714275977234,0.1437037303888899
5_151_151256,0.9593304123132232,0.8093183307843566,0.9746086956521739,0.8504317048318765
5_151_151334,0.9698060126271714,0.9010159178573369,0.980664937514737,0.930403337969402
5_151_151463,0.9061645184585422,0.599765921381871,0.9266814553936927,0.6725093439876273
5_151_151526,0.5135646180048009,0.20402661661832452,0.49850287707969904,0.19677744935476893
5_151_151533,0.77001953125,0.7833216083121382,0.9238584894111886,0.9297839975661698
5_151_151548,0.8707029382073216,0.8125806533235495,0.9263332285983604,0.883498005194527
5_151_151641,0.2596601572406797,0.031297782874617736,0.27238770232736326,0.03063593831225091
5_151_151669,0.6575046871130921,0.4244218694165093,0.7876018876018877,0.5379193820902728
5_151_151683,0.48032912698312846,0.14585772099401317,0.4988497634172483,0.16197548479149101
5_151_151771,0.8663546086880441,0.7172102866080876,0.8559175872838297,0.7454476117837735
5_151_151933,0.4546261765228201,0.17491237691042177,0.48493365744961003,0.2239601701068354
5_151_151965,0.7741106771174666,0.31592170477125825,0.9746106179869368,0.8709239130434783
5_152_152074,0.7822376509727345,0.6984185531836414,0.8852739726027398,0.8389286084343591
5_152_152103,0.8878630366035404,0.7025736922395551,0.9660299806576402,0.909847801877287
5_152_152125,0.9292092942604474,0.7881515017667845,0.9035468693449149,0.7907834101382488
5_152_152191,0.9233453485696755,0.7921610931319669,0.9715899719610753,0.9242956764295677
5_152_152323,0.9202076347099086,0.7693693693693694,0.9554356945942707,0.8776759530791789
5_152_152335,0.664995839442089,0.5918400180188876,0.8874161436918416,0.8829403095062638
5_152_152353,0.9540561726860792,0.8306925871820804,0.9577233195316679,0.8279821627647714
5_152_152356,0.6162662281885783,0.3100109609061016,0.6388761409413084,0.3925030091133146
5_152_152357,0.9529429429429429,0.8626045400238949,0.9679213271333417,0.8665071990431943
5_152_152370,0.3366309171597633,0.20900070514757732,0.7532752637915162,0.5294392305178129
5_152_152379,0.9052285821980507,0.8606032906764168,0.9617063376593145,0.945689143227339
5_152_152424,0.89254811278532,0.7432998144232014,0.9119072957313468,0.7967028083896196
5_152_152463,0.7842375252603762,0.7348732306735106,0.9619250096637031,0.9642168209876543
5_152_152639,0.44654352085082566,0.10812032794791415,0.4505943623157944,0.20478203819798804
5_152_152659,0.5658877484166849,0.4415119935869766,0.9699248120300752,0.9605278872566583
5_152_152697,0.9727600180099054,0.8499652697383654,0.9833590138674885,0.8340865074241446
5_152_152703,0.8184864830359707,0.6901638206302929,0.9108720433171844,0.818015406910228
5_152_152765,0.9559322033898305,0.862260654725139,0.9847053825288408,0.9487165572258099
5_152_152787,0.9255728125480548,0.48609607704079727,0.9692282723362817,0.8266406395240751
5_152_152955,0.4564311674496942,0.5877125391688498,0.48256366400608136,0.6478540772532189
5_153_153003,0.8880746169220519,0.8538107752956636,0.9456880733944955,0.9523980815347722
5_153_153355,0.8659460802584172,0.7931123547137322,0.9537916371367824,0.9567263332718213
5_153_153455,0.8629890325748895,0.8162244980243529,0.9422796795338675,0.9377947850849871
5_153_153554,0.13480222068008327,0.049482938660019536,0.13239398698676239,0.09963540907102231
5_153_153651,0.7369856041878726,0.583731241473397,0.7938919155366445,0.6842731293907742
5_153_153790,0.787261698440208,0.8231684869309117,0.914039039039039,0.9366832200731835
5_153_153805,0.5569113523002163,0.26125231442518093,0.7200784449443387,0.45435814745140196
5_153_153857,0.8624433145527003,0.8022864828513786,0.898806893504198,0.8404626582909562
5_153_153860,0.8280340049534775,0.7601057438115838,0.9404400901951637,0.9381415304404497
5_153_153872,0.7732610154327891,0.5255030152736291,0.8240885573336542,0.6955550903635476
5_153_153947,0.9599101564711878,0.7421112211688128,0.9816822576226075,0.7363139234421008
5_153_153969,0.5908162418002159,0.4725682023876223,0.6144496844441362,0.5993096688967486
5_154_154001,0.7570022067560686,0.2768103195543829,0.9141333702652171,0.6745496954775172
5_154_154018,0.4940882118501461,0.3167250797259322,0.5610293740708464,0.5257430566834498
5_154_154148,0.22531385248165997,0.10367311898289149,0.21686639772187946,0.22763949032680145
5_154_154155,0.7372076541459958,0.6278491952036297,0.8668730650154799,0.9249835850295469
5_154_154276,0.6572678658240155,0.3468869809384956,0.953176853919025,0.9089830825894251
5_154_154290,0.9457874071621174,0.8810323006658229,0.9686208931733229,0.9361531866247499
5_154_154292,0.9325832390619745,0.796015751679407,0.9371279175985132,0.8148340004709207
5_154_154297,0.9277708592777086,0.8449521348446585,0.952356410696902,0.9014999696362421
5_154_154324,0.9348939503494818,0.8854813034014489,0.9536120220319017,0.8757924176507147
5_154_154523,0.8992869049824042,0.7718910963944077,0.9559015570065293,0.9267751807335788
5_154_154579,0.2577001843129224,0.0,0.27018873596289694,6.632399270436081e-05
5_154_154580,0.3677916765006687,0.0,0.369292523833417,0.06320141760189013
5_154_154588,0.8839102676741053,0.7919820876426058,0.9627555671311369,0.9186589413286831
5_154_154657,0.6676426002437357,0.4692498574829818,0.7208208224281057,0.38151240127476793
5_154_154732,0.9439923408329344,0.6672429098724478,0.994862725282129,0.9766484400128659
5_154_154733,0.26030354643783155,0.09552482902170681,0.00036444592335543776,0.21105820481842086
5_154_154914,0.9128991568744605,0.8960266690692855,0.9399373754625676,0.934025342497779
5_155_155012,0.9431925942650711,0.6991462509279881,0.9844612602322482,0.79343827272179
5_155_155026,0.980627268648803,0.8969858832506676,0.9948765816220702,0.9724290830538344
5_155_155028,0.6313195035356943,0.47461859789320743,0.6914244940321743,0.6242553771997635
5_155_155096,0.39350440958789945,0.08691163073185545,0.4415425713311356,0.1388623580600658
5_155_155113,0.9404454288175218,0.8586881472957423,0.9555168183872426,0.8847495244134432
5_155_155118,0.9003999319264806,0.8228852563085225,0.9185594808281157,0.8700159164183977
5_155_155145,0.733058036428823,0.5224455328491808,0.7656060401779695,0.5936715918594926
5_155_155196,0.9101709711073732,0.6657585004359198,0.9733619317788694,0.9027655838454784
5_155_155204,0.7870816719236644,0.5410343050226218,0.7978801318305733,0.5471361945186816
5_155_155206,0.7907674879637496,0.7506275794579416,0.8793402176172985,0.8370819701926572
5_155_155260,0.769308825234837,0.49361702127659574,0.8280432398558671,0.5907902746446092
5_155_155261,0.9430747746604037,0.7877174908424909,0.9683222113786828,0.8732402732402732
5_155_155333,0.8530882352941176,0.8328919491525424,0.9184117942703971,0.9137084592145015
5_155_155335,0.9198142803363032,0.8748514316585629,0.9515678979537603,0.912497940805008
5_155_155340,0.30999325150017326,0.5101265822784811,0.09943127233601046,0.24346896505645754
5_155_155413,0.8342827845505298,0.7126333183115517,0.8364625850340136,0.7722822246896134
5_155_155420,0.6720412082050656,0.5676847459809834,0.9285652287127854,0.9018153641797654
5_155_155451,0.7624775276089376,0.5974386773275512,0.8590737331653909,0.7258637745942182
5_155_155459,0.7540943199868544,0.39523028503036484,0.8565394242803505,0.7465343045112782
5_155_155509,0.3052804313426713,0.467369935267322,0.0,0.0734809663250366
5_155_155514,0.9179415157746903,0.8641381679014769,0.9634400555882195,0.9364219083850123
5_155_155658,0.9479131800509797,0.7859803589569929,0.9886391235124268,0.9465224111282844
5_155_155745,0.8189535504538175,0.750032746801729,0.8969761339497688,0.8723404255319149
5_155_155855,0.899530315969257,0.7837108213223518,0.8260424765724107,0.593576017130621
5_155_155885,0.32352698998976626,0.3126256778989702,0.22774919244666317,0.36937744637117054
5_155_155983,0.8724066023398014,0.702972670608918,0.8521062271062271,0.7909967845659164
5_156_156109,0.9648670975266048,0.859296965040338,0.9877533571392647,0.9503177645515989
5_156_156160,0.5554921392621802,0.5129151291512916,0.5755958539817386,0.4665173014687578
5_156_156251,0.3155830612985129,0.24084173202551404,0.0,0.1841506891614968
5_156_156260,0.8324763351641931,0.4578564634408272,0.8944178900648686,0.6401872631344282
5_156_156392,0.9292188854733191,0.8560764846479132,0.9746082292801475,0.9598001809385203
5_156_156402,0.8680174563591022,0.8080209592906086,0.9083943585570925,0.8863733630060772
5_156_156422,0.9490999579872669,0.868676217765043,0.985989699803483,0.9604902667627974
5_156_156485,0.6775356244761106,0.3514107381695433,0.7448192547161044,0.5413468961445893
5_156_156556,0.12299068107227559,0.2073664167559205,0.12342606149341143,0.17051644907026994
5_156_156576,0.7269910888331941,0.34925624225252344,0.9577675113164403,0.8406546080964685
5_156_156589,0.7489767203888462,0.5541693638557053,0.9001790858833606,0.8182014699524427
5_156_156747,0.972956515509707,0.8959030100334449,0.9687227550130776,0.8794921603996115
5_156_156884,0.9435190897251354,0.6255037884894405,0.9166706794433476,0.6076379806434737
5_156_156914,0.7531906431902816,0.4161463836326962,0.9802790032192679,0.9322213850263716
5_156_156935,0.9154768172948865,0.7509589260028767,0.9309345101955352,0.7868532513910804
5_157_157051,0.8194906577937036,0.530301767255752,0.9523773210813284,0.895195875295138
5_157_157137,0.7148374721343771,0.5216888537906137,0.83039000402066,0.7671923572674199
5_157_157174,0.8789945059080304,0.6646712337537615,0.8997220573998314,0.6964230074157164
5_157_157199,0.8939407036044602,0.4143053440784343,0.9758166624461889,0.714963167587477
5_157_157291,0.9753685027152832,0.835919711353207,0.9839994725100828,0.8906318082788671
5_157_157343,0.8609258287741387,0.5384034661589969,0.9243441293281871,0.7834705566493646
5_157_157357,0.9816291854072964,0.8492207009386032,0.9783580286680625,0.6934627741304652
5_157_157397,0.905339042504294,0.6890360743147547,0.9547738693467337,0.8321879077859939
5_157_157409,0.9561500523090719,0.8518030627367035,0.978533706119913,0.9075952219968447
5_157_157410,0.7052323852938261,0.3256442227763924,0.9705047427819705,0.940796473628211
5_157_157450,0.5027877733401874,0.34011004184989274,0.552982862745972,0.5121404803479063
5_157_157466,0.8595486466216677,0.668163714939412,0.9167071303178576,0.788927509949121
5_157_157483,0.6220848676135368,0.6203046340518911,0.8231144584703511,0.7630175438596491
5_157_157542,0.795825120946067,0.503838935335267,0.8871743262887174,0.7549787038102912
5_157_157619,0.799218297625941,0.7022388907830436,0.9414604707302353,0.9041044543012432
5_157_157620,0.9028837578039838,0.9033063006862133,0.9726042230644288,0.9714756258234519
5_157_157631,0.8824199002310087,0.6450872817955112,0.9058376202191903,0.7620111177288068
5_157_157653,0.9060082240367938,0.6893449327087516,0.9758038975571649,0.9142371334964542
5_157_157860,0.6385869565217391,0.5748553431480261,0.6748740798140256,0.6608689132960978
5_158_158013,0.9252345395366648,0.8753449193977828,0.9684716961817996,0.9529226550200599
5_158_158057,0.6039264271419041,0.38814855270344073,0.6502158521844241,0.5543984985166798
5_158_158124,0.8753521920432774,0.89244223991646,0.9385460904321759,0.9382336882336882
5_158_158155,0.8079838302172815,0.8503675401802401,0.8500695963412209,0.8654863186939526
5_158_158233,0.5794282029234737,0.3266478240388448,0.8410916896657467,0.844423977281449
5_158_158271,0.9482599208550612,0.7817768516764538,0.9825662482566249,0.9522477522477523
5_158_158297,0.9166018662519441,0.8393957647931051,0.96362286562732,0.9471184140371286
5_158_158331,0.869348976598865,0.7892618720704512,0.9352846213237874,0.9079184799915083
5_158_158352,0.2444316681572335,0.059458974876173826,0.2211075170182977,0.06463646472255102
5_158_158364,0.8067526061057334,0.42042577135890463,0.8542004582786231,0.5294314157813858
5_158_158449,0.9117906897723411,0.8268186753528773,0.9655574164421467,0.9341515396487102
5_158_158540,0.5755760726200636,0.4575692472953272,0.5861335871807076,0.42580204778157
5_158_158683,0.9355398562561255,0.751135222021298,0.9799760843569953,0.9143359797906893
5_158_158727,0.8025472352409575,0.5474646042537267,0.8150668978546104,0.6178587882976273
5_158_158836,0.26626520250324714,0.1864342722482826,0.29181699346405227,0.27793776126335346
5_159_159008,0.6321138211382114,0.22299235181644358,0.9831390507910075,0.9510475217169136
5_159_159009,0.8517736054792654,0.4820741602818996,0.974034793376875,0.8770075497597803
5_159_159069,0.8579424605395723,0.8387047850155456,0.8787592876518457,0.8686260896397439
5_159_159091,0.1820363502106164,0.4132305716120745,0.18557803418361188,0.37910668143226284
5_159_159148,0.8974720903374823,0.8134440420457557,0.9823613086770981,0.9778070531009323
5_159_159161,0.9355071809231325,0.863999582179976,0.9507463389367613,0.889218072161676
5_159_159257,0.5106084118150684,0.24869200162912372,0.5231333912875495,0.36335630051676165
5_159_159364,0.9026736454944122,0.8926580818758408,0.9659300184162063,0.9404593995567198
5_159_159443,0.8467921788288989,0.7899749373433584,0.7734014101628981,0.6853496866122559
5_159_159505,0.9798396254433012,0.8953548520587626,0.9755165179047687,0.8759523344403204
5_159_159649,0.3544744805838822,0.3069554626551236,0.36662286465177396,0.2359164759086595
5_159_159663,0.9668266974695882,0.8327669792940964,0.9800955116964519,0.8999952378684699
5_159_159681,0.8691783497547637,0.7280218508402388,0.868400388008684,0.7631101346833509
5_159_159803,0.2924164081351258,0.04200284765068818,0.28607560786429703,0.0
5_159_159913,0.9565963941619765,0.8271352032776552,0.9931438791732909,0.9796812051147311
5_159_159925,0.782608695652174,0.7758923861438368,0.9134388070558284,0.9248105501427025
5_159_159927,0.9505482147877424,0.832758455494874,0.9688674025104115,0.8918160873484925
5_159_159951,0.8342583895482879,0.8607048045390662,0.8776627513438184,0.8754336513443192
5_160_160012,0.9473511807271969,0.7639708248417891,0.9788905865111783,0.9310403832991102
5_160_160069,0.7840541577591404,0.3163932080511304,0.9635899182561308,0.8831944843435794
5_160_160098,0.9203930661366898,0.7305580693815988,0.9503793156835424,0.8361637704054765
5_160_160104,0.9470935359153496,0.8291999137373302,0.9808944391076956,0.8926904278104234
5_160_160115,0.8998607871171646,0.4592453203921957,0.9766688535345251,0.793339911198816
5_160_160128,0.7220250244032301,0.7547826563613441,0.9148324235487468,0.9308831236897275
5_160_160129,0.8793695518182618,0.7777430055705076,0.9455239586902257,0.9376164213448264
5_160_160230,0.9252946025895932,0.8366758807269306,0.9731072329579443,0.9464390454727873
5_160_160233,0.9193609918931808,0.8293238794631552,0.6807060379469962,0.6397903372835004
5_160_160300,0.9473562687601016,0.8368633932066281,0.977507654066507,0.9334297443552901
5_160_160330,0.8573878827624477,0.6114025400331309,0.9672004132231405,0.8817746592113438
5_160_160343,0.967603172469418,0.8792223753305277,0.9849393417641354,0.938181396427743
5_160_160348,0.6987619206960013,0.5127061556329849,0.7449734502714636,0.6193585283324596
5_160_160350,0.7126976627852041,0.5534682080924855,0.7474792276530944,0.6247286410342998
5_160_160390,0.9630298583281593,0.7812041116005873,0.9817421845519724,0.8577238203456731
5_160_160391,0.9371999127018769,0.8654044041983947,0.9362852213916044,0.8352367595004341
5_160_160395,0.8370016546470607,0.599402187738489,0.9508220259889439,0.8956625758716937
5_160_160397,0.949664983331683,0.7889275718479077,0.966896032316593,0.8895319757056092
5_160_160431,0.8677286441942705,0.6122341444721211,0.957097652513062,0.8837982832618025
5_160_160446,0.250385183787693,0.31940162155989493,0.2605626834658135,0.33533931545859974
5_160_160462,0.8660353567844369,0.3411946876302781,0.914530870063445,0.6184468741239136
5_160_160469,0.9158828883495146,0.8686404139120437,0.9568533969010727,0.9175872093023256
5_160_160480,0.8137496058025859,0.5830812809064285,0.9649706828068848,0.8760255241567912
5_160_160595,0.9384313577545554,0.7773349275939949,0.9722488038277513,0.8934762281521974
5_160_160618,0.9665722897068225,0.8748294679399727,0.9936481700118064,0.975441094218742
5_160_160680,0.5250476720165262,0.16110317743662977,0.6865338687242475,0.47150259067357514
5_160_160682,0.9538779004675872,0.7962555656885361,0.9739471239890352,0.8732606873428332
5_160_160777,0.9649693515431766,0.8362907213096742,0.9821483106138427,0.9236988680601306
5_160_160822,0.6266239683407535,0.40387717928701533,0.9273382434465827,0.8425652336759749
5_160_160866,0.9483813483813484,0.8925019628369537,0.9766921499160918,0.9495415959252971
5_160_160877,0.941827076464958,0.8342532846147866,0.9772942289498581,0.9338028169014084
5_160_160955,0.9008824366638201,0.8531691544492183,0.9124931871858536,0.8670886075949367
5_161_161112,0.7950650515926424,0.8598087671485981,0.9231755529436906,0.9552710843373494
5_161_161126,0.7310648820082782,0.4807164524050267,0.8219253294289898,0.6604501607717042
5_161_161211,0.8678904386789044,0.7725009574875527,0.9441871606515491,0.9054517460983974
5_161_161406,0.9781371145182133,0.8982461945731304,0.991965367348393,0.961170463809156
5_161_161511,0.8949832039209208,0.5702091577162238,0.8959751616486741,0.5748499504690869
5_161_161761,0.9324114575984196,0.7281664380429812,0.9602950350445855,0.8562533043529342
5_161_161901,0.9589292780824241,0.8421685487243831,0.9867331963604344,0.9443802607691039
5_161_161904,0.9220264776399458,0.8073524643320363,0.9782527742608178,0.9518145511373503
5_161_161922,0.9353165938864629,0.8148307054238622,0.989517880411177,0.9640344311377246
5_161_161927,0.9061952209613433,0.7506235191420376,0.9763174951388542,0.9382032635044684
5_161_161952,0.6591675296917348,0.4380423666910153,0.7353879640851864,0.5740793201133144
5_161_161972,0.5143782616519705,0.16842855652536773,0.5865055846820151,0.27394785959419593
5_161_161983,0.91712248786184,0.7695352176806417,0.940625,0.8623216351716159
5_161_161998,0.3569202235903248,0.2951120630306739,0.38818731542680357,0.3369183336918334
5_162_162074,0.9245668038598555,0.7763597690671529,0.940272113753654,0.8241517694272164
5_162_162079,0.9483990473670283,0.8478490734041961,0.9899013900439586,0.969962227951316
5_162_162119,0.9434168057874235,0.7528763650546022,0.9898223625312161,0.9511259657005096
5_162_162125,0.7092596399518369,0.5376604327099377,0.7417884060668093,0.5637819093994393
5_162_162126,0.8660676974508984,0.5571763010985054,0.9089938785120075,0.6346228995701446
5_162_162166,0.9337845722954837,0.7877736146716624,0.9901924177930451,0.9551478523634794
5_162_162198,0.6428261872474871,0.4398875087883759,0.9779424325247694,0.8839535507607404
5_162_162224,0.15571610182629997,0.14738653293325218,0.004610045409810591,0.38433338951626494
5_162_162225,0.8186798322737725,0.8871359223300971,0.9425415242787888,0.9651260184268636
5_162_162283,0.797567838545878,0.5765654060756354,0.8948177426438296,0.7406785980611484
5_162_162325,0.7197861512363132,0.5796653897271519,0.7924303467060092,0.7215218370103557
5_162_162349,0.8844837869228113,0.6803627693093758,0.9249991488782215,0.7871100125915217
5_162_162354,0.47572674116153735,0.449421263765746,0.9753530278090617,0.9394898778203871
5_162_162366,0.5194157029823494,0.3964220831651191,0.9532486655623045,0.9252924407745994
5_162_162402,0.8088724181154286,0.49883826946266285,0.9493039480976755,0.9036631517066539
5_162_162408,0.6528894707312511,0.5242638666971011,0.7066688473647627,0.5614776199892144
5_162_162434,0.943686948297604,0.7754046997389034,0.9805881143327164,0.9478498973178169
5_162_162516,0.6899498168994982,0.42633863116532755,0.68698510850635,0.41716665695811733
5_162_162517,0.9509177972865124,0.8234681478909911,0.9154427192614352,0.7200137669936327
5_162_162550,0.898765677881744,0.702355460385439,0.9611812844689557,0.883094807259966
5_162_162556,0.26119798568778163,0.4415491118077325,0.9359276729559748,0.967383696514395
5_162_162567,0.49059100075785794,0.43606484986121624,0.502304208667012,0.502474408514677
5_162_162596,0.8940203431624371,0.778239432718409,0.9424160346695558,0.878506281190845
5_162_162652,0.9072817031780315,0.8834703569422458,0.96938606652325,0.9546913448165186
5_162_162691,0.8384167085761619,0.5548863495730374,0.8763094021461421,0.6550247859396124
5_162_162733,0.33882602647392046,0.31932184741566855,0.37256695389849004,0.35482931799985445
5_162_162776,0.9390478924061013,0.7243669374104157,0.9671817950241998,0.843741994979251
5_162_162830,0.759029737800139,0.4873850234998991,0.7814566719829877,0.5237788827142439
5_162_162831,0.2844865296039935,0.2182633138342323,0.0014922125159324774,0.13446023818670763
5_162_162862,0.962774342185037,0.8160959348889563,0.9851457749370659,0.883935637035083
5_162_162913,0.9332668800167883,0.8566383778549866,0.9654013552972288,0.9289411764705883
5_162_162941,0.9037509841412664,0.7836455381212415,0.9436945857834923,0.8794556532525812
5_162_162967,0.9272692625293781,0.7824864959817311,0.9690446836160075,0.9153017345509011
5_163_163052,0.36910490856592876,0.2653697334479794,0.45008393403772096,0.3416289592760181
5_163_163074,0.7226289977205222,0.3110419427409165,0.8102056756053111,0.5699861834413859
5_163_163078,0.3642780635985321,0.19977107701112423,0.37599644095803597,0.23923542364413522
5_163_163079,0.7892854562531609,0.45725638599810786,0.8895929000353232,0.7697689672764376
5_163_163129,0.7969840010025482,0.6700613839285714,0.9171791311247768,0.8621474642721639
5_163_163211,0.8422355046255758,0.5906168012757858,0.9287632689602251,0.8094290263876252
5_163_163223,0.7983202901317045,0.6565036346954619,0.8801163427896977,0.7572778099093889
5_163_163229,0.6137514314990055,0.33171717171717174,0.7702980864526949,0.5937185648820834
5_163_163256,0.9370463428252372,0.8906858340820605,0.9684009406231628,0.9508627156789198
5_163_163374,0.9089248810496467,0.8179893633500284,0.9720312745972608,0.9432338808805453
5_163_163434,0.9553288634774382,0.846196365646376,0.9798385374396651,0.8888665190255688
5_163_163456,0.9492496369210909,0.7301388572729343,0.9737674626949243,0.8477030263444372
5_163_163463,0.7709577400091869,0.4622380018063471,0.9522216566067923,0.9229829561980106
5_163_163464,0.8713931322626974,0.7649276543713063,0.9715043074884029,0.9635386233493046
5_163_163465,0.492959431967769,0.23592944559385629,0.5845208025544488,0.3582923096016216
5_163_163466,0.3204369869628199,0.39767798582460595,0.35792031763417304,0.41484647040202594
5_163_163539,0.8956852977803824,0.8825525538759861,0.9252212042909718,0.9184841875681571
5_163_163578,0.9498524049314117,0.8083390528483184,0.9739149258577768,0.8851511473325241
5_163_163588,0.9169971446700508,0.8530732905900872,0.9818033909916082,0.975420699626491
5_163_163594,0.5816838783706254,0.3182779715282145,0.5844777209642075,0.35813034891375906
5_163_163607,0.4941639942046916,0.1473464633056105,0.4839477383082034,0.21529951676138953
5_163_163674,0.943735372132938,0.8121490307143904,0.9779020059191056,0.9242568496773511
5_163_163675,0.8937343540253238,0.7783595113438045,0.9712081444364908,0.9294477207180061
5_163_163692,0.7261090306783811,0.48700959387998244,0.8686998604813394,0.7509225092250923
5_163_163696,0.36762806223350136,0.4361124181888181,0.3746644944267983,0.43707557285254756
5_163_163713,0.894256371243819,0.8583379810373676,0.9491985456035233,0.9373718136536772
5_163_163729,0.6729871232489033,0.3112704918032787,0.9617100757497147,0.9210307564422278
5_163_163896,0.7828133509686455,0.6457127017370949,0.7399442842480817,0.5865758754863813
5_163_163956,0.9150140875596012,0.652044823292788,0.9467056187423774,0.7922674010475728
5_163_163957,0.9324149716572191,0.7042183622828784,0.9411714316307956,0.7418124302195758
5_163_163966,0.7717756723716381,0.5999006512860139,0.9387972841901067,0.9247282044179765
5_163_163989,0.9401618122977347,0.7818181818181819,0.984707697582719,0.9550790215751852
5_164_164002,0.9505949008498583,0.8124100431792739,0.9873635500711913,0.9577186038143217
5_164_164088,0.9252695163387726,0.7511857579104672,0.9863730710224708,0.9503669656757358
5_164_164187,0.9500446030330062,0.8240746871482487,0.9828705958759539,0.8986608035178892
5_164_164212,0.620512122037592,0.37358324871703397,0.8037485827664399,0.6594717171292991
5_164_164224,0.9715023334326284,0.848592458677686,0.9735664904432696,0.8919474116680361
5_164_164225,0.5584619800571579,0.22214865733258038,0.8092586466718124,0.44861207309925943
5_164_164379,0.49824852375573697,0.19571923197985522,0.6868281439386413,0.49887985269295687
5_164_164390,0.26482092520158207,0.056742815033161385,0.2825271010607297,0.07605426505407308
5_164_164391,0.9176039220533103,0.8027272316792342,0.9626891785495583,0.9222222222222223
5_164_164392,0.8793641782571672,0.7752457551385166,0.959156949554156,0.9288756388415673
5_164_164407,0.8525393680258629,0.8579145728643216,0.9238116642319362,0.9412720067563178
5_164_164441,0.8859261516582864,0.6997501307455402,0.8822155488822155,0.7200134770889488
5_164_164442,0.857593965176966,0.6510180398776242,0.9624039641769332,0.9033026258068559
5_164_164467,0.7033883947479881,0.7682618398214729,0.8832589030115653,0.9303285689880987
5_164_164472,0.9085566017337291,0.5714826211975987,0.7674642581970722,0.5271814615365872
5_164_164570,0.9447952413635323,0.7472153590667909,0.9765810746552543,0.868545422720112
5_164_164571,0.9599161708380507,0.8407754725232011,0.9920887264351701,0.9644414097379064
5_164_164581,0.9362069896829255,0.7860172390203858,0.9909969320755799,0.9616581846929196
5_164_164583,0.654048895755703,0.5241674167416742,0.9347409771667076,0.7797489432560523
5_164_164617,0.5529419856253653,0.33376620565764126,0.8408730857243443,0.8552009456264775
5_164_164621,0.6108485856905158,0.47596153846153844,0.8648419932783674,0.6796298611979492
5_164_164643,0.6309181666918772,0.33880059500508886,0.7829227557411274,0.5138965176315501
5_164_164666,0.875429424943988,0.8316695505568127,0.9254424295389994,0.9154235791626005
5_164_164713,0.9620614180539895,0.86601592005113,0.9780527827157117,0.9252353367125271
5_164_164750,0.655283032439042,0.3736248774643285,0.6832893645888294,0.4099645994493248
5_164_164763,0.9450280318678076,0.8021697830216978,0.9796102321822646,0.9142220773576706
5_164_164832,0.09243413990860858,0.16809956603619094,0.05034163987138263,0.24734180337979525
5_164_164923,0.7963469035084194,0.6030187573270809,0.8178256814177635,0.6264768683274021
5_164_164983,0.88187925434889,0.6679995001874297,0.9404277716637159,0.8296759991745202
5_165_165000,0.9611507705505683,0.86512,0.9589430894308943,0.8526411365699941
5_165_165017,0.62354599929503,0.5801721003514726,0.774468874663698,0.8581616092067083
5_165_165110,0.9288026801047268,0.8193639910154865,0.9532357821692563,0.8981893860561915
5_165_165210,0.9333217391304348,0.7592130462538448,0.9751287711552612,0.9086017977822978
5_165_165306,0.3213181413867593,0.36706190441550884,0.3361413465162163,0.4106762513312034
5_165_165503,0.28731582319026266,0.4544501048846269,0.29494969040247676,0.4832934745473181
5_165_165607,0.41030500140848675,0.42450191637029105,0.5454289137943188,0.47170772070523836
5_165_165655,0.8687690742624619,0.8137206274412548,0.9554577833647601,0.9471810886135456
5_165_165714,0.2940236248099489,0.13577384865575587,0.5183187909366538,0.24957433682911784
5_165_165717,0.43772301828983506,0.23532274223558036,0.5831935298094498,0.45137688442211055
5_165_165737,0.5804376482994991,0.29816775244299676,0.5301652684985181,0.419313280681118
5_165_165911,0.888494983277592,0.7901071127692864,0.9495934959349593,0.9231369996745851
5_165_165988,0.9111991780419786,0.6491668470028132,0.9549882781974472,0.8289929248833359
5_166_166065,0.9364068526325231,0.8804881343720449,0.9790618174912165,0.9578594686423482
5_166_166071,0.8634508185928105,0.6793096723868954,0.9043445121951219,0.7809662186705413
5_166_166189,0.9671800409183905,0.8742131927741671,0.995364529851841,0.9834773218142548
5_166_166191,0.2847281633200812,0.0,0.2866912464319695,0.32355265757755386
5_166_166319,0.7558100084817642,0.5934725127274162,0.8391541479284279,0.6981907175946158
5_166_166408,0.9476240520351067,0.817234990736568,0.9766897001690441,0.8976225627449982
5_166_166487,0.8175054778930919,0.6335097706315124,0.988042039059914,0.9508342064963328
5_166_166543,0.8106041923551172,0.6418655941878568,0.9580015923566879,0.9299022474726376
5_166_166575,0.4803532008830022,0.21251673360107096,0.5032021463034683,0.20883144857296715
5_166_166633,0.9588252973251471,0.8642626795661097,0.990700585684267,0.9727619047619047
5_166_166643,0.8955583756345178,0.8863378803777544,0.9688634459648143,0.964921535012528
5_166_166666,0.8012865473637802,0.4879926524217294,0.9729392478774681,0.8763269639065817
5_166_166681,0.9348391480587642,0.7940308812452925,0.978483682839062,0.9150752562827853
5_166_166694,0.9472513160036903,0.7968122854982258,0.9787009580291971,0.8938358236041377
5_166_166776,0.5416723577457864,0.38983831691639426,0.8613320300351002,0.7658368751264926
5_166_166827,0.6512208504801097,0.17548746518105848,0.9674586124099583,0.6449811712764576
5_166_166915,0.8764341228719467,0.913237613967541,0.9069684819570624,0.931390640923238
5_166_166949,0.9060437891714294,0.8538908310165433,0.9207571762893622,0.8622936693863263
5_166_166997,0.9640443916622302,0.8742677525360766,0.9928495874762006,0.9732278673562519
5_167_167128,0.8376388077147867,0.5366988123662749,0.9632188114735349,0.9253211191874938
5_167_167168,0.19064084018393723,0.17227257027253737,0.1724056662283857,0.31001852832186344
5_167_167181,0.8716161778923622,0.7789685706684909,0.9321700223713647,0.9267051649638574
5_167_167245,0.93312247700695,0.7468219745757966,0.9742843279961184,0.92109375
5_167_167302,0.9140849030081529,0.8816816816816817,0.9769599223913176,0.9696891857179553
5_167_167321,0.8118965250167811,0.48473781202881555,0.9678195630632757,0.8045608165773392
5_167_167349,0.8154572564612326,0.7797538646255441,0.9630783984655957,0.9670738183749337
5_167_167368,0.8535294382629848,0.6570966309244337,0.9600435323383084,0.876018549188473
5_167_167534,0.1759499203846514,0.21535212832956693,0.21188718531137612,0.2318785968758564
5_167_167613,0.9007151520220819,0.8437208969123863,0.9623539005164446,0.9463991730158122
5_167_167664,0.917534788229032,0.8532323820617356,0.9377182069906497,0.8909116175653141
5_167_167742,0.8694870957203529,0.818331604320498,0.9546576469512753,0.9440128410914927
5_167_167757,0.9505299616090803,0.7377154617957293,0.9798814246479794,0.9289439078583412
5_167_167828,0.2795165572167109,0.2627235213204952,0.416035239096545,0.38640818524501885
5_167_167846,0.7769894116362842,0.8097235791046492,0.8142801907462301,0.867929168716183
5_167_167878,0.8813354090987718,0.8350995405819296,0.9783347906344118,0.9732264999022865
5_167_167879,0.913935605904848,0.7715439659335352,0.9826393537733744,0.949001914137271
5_167_167881,0.8936148353624082,0.8021722265321956,0.9780661981410111,0.967355620289453
5_167_167975,0.7932187720920115,0.5816384096914992,0.9533190578158458,0.882335148215366
5_167_167984,0.9633908866675321,0.8738822436418534,0.9742960822525368,0.906544828813861
5_167_167989,0.9077024744841765,0.8377214310524488,0.9634926906361122,0.9314024390243902
5_167_167993,0.281959116476883,0.25977711066332193,0.2897753777865736,0.311238667942235
5_168_168039,0.702086849777505,0.6916687963199591,0.9241866175567833,0.926412614980289
5_168_168042,0.9213255184851218,0.8794648655669568,0.9638163232192114,0.9082538638605722
5_168_168077,0.9673872617387261,0.871580547112462,0.9916844400776439,0.9680535292046083
5_168_168126,0.9416232348879683,0.7712689336068794,0.9761921368952129,0.9038139445853471
5_168_168130,0.57441970223538,0.6279939935504517,0.5731095422050531,0.7204277183724482
5_168_168177,0.665455180849205,0.5710422738334886,0.9597535934291581,0.9588713921386066
5_168_168178,0.9439156005578124,0.7531439722463139,0.9739215748330537,0.9042891927327215
5_168_168234,0.4235286311459094,0.6648595186636873,0.5407798399455134,0.7322235525858406
5_168_168242,0.7891439688715953,0.44052071695730316,0.9348689436060366,0.7835968973603511
5_168_168277,0.4194572530047623,0.543279260867714,0.4368844407868539,0.5154592642744301
5_168_168383,0.1053990839099503,0.01980782198246797,0.19208716620523356,0.1296998476203976
5_168_168405,0.9517139324157223,0.8099415204678363,0.9649382194529518,0.8038743253662297
5_168_168407,0.3479091547646921,0.003801782905086523,0.36039427218751213,0.006472577406742048
5_168_168420,0.8783730698334995,0.6952488238022663,0.9417349590245853,0.8647766067982782
5_168_168519,0.9155083817707017,0.8270350099904439,0.9806816110807363,0.9635593220338983
5_168_168533,0.967990479840255,0.8761467889908257,0.9826614651061986,0.940512375162831
5_168_168608,0.8955746169931293,0.7622868166074795,0.9528639895770322,0.9226483723928358
5_168_168643,0.8848954196452211,0.8660797260943996,0.9149720116204918,0.8935739926184337
5_168_168671,0.9268915611365329,0.8714448236632537,0.9826628895184136,0.9704020530367836
5_168_168673,0.2766549591045538,0.49122740535829323,0.2848021410820111,0.5117007800520035
5_168_168694,0.8202791941820614,0.6584554831704669,0.9147367426032706,0.8716699874548004
5_168_168728,0.7977708222001679,0.6998950102226889,0.8203553203553203,0.7152824366027103
5_168_168878,0.9571136827773996,0.8687006588710157,0.97,0.9204926528870191
5_168_168888,0.6931394269916112,0.372551003203507,0.7469337442218799,0.4902210729504316
5_168_168927,0.9062204910292729,0.8727598566308243,0.9587059524930183,0.9136991728988163
5_168_168995,0.8633678557729191,0.8686170734097814,0.9376283367556468,0.9438196396959283
5_169_169035,0.9302612288417966,0.7872485509717013,0.9901230165804956,0.973335113960114
5_169_169042,0.9268140317155213,0.7805574635768772,0.9393976735015773,0.8171753330627006
5_169_169043,0.9556011588604539,0.8427095292766934,0.9917874274807243,0.9730087430817358
5_169_169114,0.3786569495054659,0.29551046837902006,0.45750132532249516,0.33272447261917554
5_169_169115,0.9459674919172683,0.8424657534246576,0.9864455726861987,0.960266307812168
6_169_169128,0.5319872747538548,0.4661171753174426,0.8909191147515161,0.692237822126489
6_169_169139,0.9437650200267023,0.8092126755962104,0.9799831791421363,0.9296401852511578
6_169_169149,0.9692714248274658,0.8640907343329489,0.9954172750758171,0.9801446821609974
6_169_169167,0.43880201138310215,0.24963711316263137,0.5684157489383143,0.31357040135965486
6_169_169288,0.4752529395679519,0.4887071651090343,0.5122050035450217,0.5231521811968103
6_169_169361,0.4083816419586188,0.21129359660453959,0.43254336672367455,0.259726603575184
6_169_169367,0.9464415458602913,0.8424723303178855,0.9679431389614157,0.9053154390785163
6_169_169368,0.917308429452556,0.7764943690441813,0.9554384283660757,0.8808811390837804
6_169_169397,0.946729571271528,0.8528608663274172,0.9877907537882443,0.9619323541301711
6_169_169476,0.4264120346909523,0.17642491980019628,0.37992287170818034,0.3303886925795053
6_169_169491,0.9201719043781896,0.8330659136127334,0.9463902383911422,0.8922642650715774
6_169_169526,0.4990132807083044,0.20316929066630238,0.5439264838456394,0.30871415503321004
6_169_169536,0.9466315943299722,0.8463261296660118,0.9680500457735733,0.8988880889528837
6_169_169538,0.8654051431344008,0.8419320966048303,0.8641022814945443,0.8463273650077541
6_169_169616,0.7044798522110611,0.4235451616951847,0.9090773476542104,0.7020257401742944
6_169_169631,0.5190926975266087,0.2792880891844318,0.5594503948934328,0.3139395810023535
6_169_169647,0.9044877313818338,0.8034495149119655,0.9786759090642072,0.9571648866297333
6_169_169667,0.6923619271445358,0.5602474797732878,0.7319913913153564,0.6520963425512935
6_169_169686,0.8842300218605781,0.7609533103908778,0.9558154426881467,0.9360123923858321
6_169_169688,0.8857865400495458,0.7253862267609322,0.9864732065437308,0.9702862476664592
6_169_169901,0.907816110270098,0.8349492501136192,0.9379404024110706,0.8779024466261492
6_169_169936,0.6139071622942591,0.31034766847915635,0.6963466128143933,0.5379597586745475
6_170_170047,0.8731378747494783,0.6060890081122136,0.9258154749520309,0.7767506187217935
6_170_170061,0.5201996374742384,0.41347716861238365,0.5367081897694143,0.5095105249809789
6_170_170079,0.7963553530751708,0.7084732627228106,0.8771522683036382,0.9069239500567536
6_170_170155,0.6223097562367985,0.365884237654106,0.8522963547835242,0.5582997311827957
6_170_170160,0.8495178508078821,0.6179694040642363,0.914472521646934,0.8040267840763162
6_170_170170,0.8981772301414727,0.7810207336523126,0.9394358088658606,0.8279415974806756
6_170_170247,0.8685982390396978,0.7467511885895404,0.9349649887699828,0.8690512794233201
6_170_170273,0.7350252206809584,0.5722648967111641,0.8434391606485897,0.7701728440706165
6_170_170375,0.891128098216354,0.8226929982046679,0.9462869809872965,0.8899197006314805
6_170_170471,0.402271714922049,0.12130581721435249,0.46881837116902664,0.4485444296179298
6_170_170474,0.7855976485956891,0.8207718207718208,0.8885994790623122,0.9080885847352913
6_170_170540,0.9290187891440501,0.8430681276798475,0.9787859880559765,0.9465860159934386
6_170_170554,0.8897071129707113,0.7082377763507935,0.955072198866752,0.8459895125267042
6_170_170601,0.8579205012727629,0.7349477403209186,0.9551559502030254,0.9162965493679536
6_170_170674,0.24160266493939114,0.38464592984778295,0.2530846015382098,0.39068747581581326
6_170_170722,0.9036017877486636,0.738277230633544,0.9598386037346345,0.930749399946662
6_170_170744,0.9561795504568799,0.8657524359437027,0.9833344882544522,0.9471741136869537
6_170_170745,0.9565724540152535,0.8732702437282386,0.986411095527505,0.9571455452065105
6_170_170862,0.21614303072383267,0.10703525556319045,0.00027520253186329315,0.3910464653239159
6_170_170880,0.9022121519289249,0.8222600129009559,0.9363045018355123,0.8845072144778674
6_170_170883,0.887573188849078,0.6144620811287478,0.9511844938980617,0.8462956137117582
6_170_170933,0.25887045979424733,0.0,0.0018010557913259496,0.3684719870044586
6_171_171024,0.9173138016237204,0.8975325792154528,0.9658160350409446,0.9578822378990012
6_171_171096,0.7446283478784231,0.38986311505734367,0.7893896833503575,0.476148691767709
6_171_171145,0.9025069637883009,0.780045351473923,0.9558570198105082,0.884021502916619
6_171_171163,0.8568604730420557,0.7698648958094801,0.9547433903576983,0.887490662529449
6_171_171169,0.7624869539287312,0.5573512499243387,0.7763130471029596,0.6948072043077304
6_171_171234,0.9068951279933939,0.8495450785773366,0.9610433225120341,0.9402022315202232
6_171_171274,0.7239199157007377,0.6364967065137839,0.8071680969207471,0.7621060369383442
6_171_171354,0.07400468834063485,0.09437125748502995,0.000532187678403824,0.39712345185777065
6_171_171506,0.8361601085481682,0.7818596402330884,0.9401291771974165,0.9209169054441261
6_171_171556,0.8100818452380952,0.3743419689119171,0.9538619275461381,0.9195141220620185
6_171_171590,0.9148293963254593,0.7094487595203982,0.9767309064953604,0.8666294420292745
6_171_171592,0.966347625558662,0.8728335109953018,0.9832020997375328,0.9344596800522363
6_171_171620,0.8956254008980116,0.7107629481289512,0.9302168021680217,0.8399686778766897
6_171_171631,0.9331224930576982,0.8462777380100215,0.879365339003844,0.7202768050692012
6_171_171739,0.888965755793843,0.7254346594622859,0.9569142584189156,0.8929026098026734
6_171_171771,0.8326722305080443,0.6372395833333333,0.9715794203549765,0.9045235803657363
6_171_171866,0.637313098504788,0.2862219397336261,0.6768813841984573,0.3800876122879006
6_171_171885,0.8723464079853789,0.9037441621150953,0.9192743764172335,0.9383941122963698
6_171_171936,0.8932679296346414,0.7503078958171783,0.9536838258804184,0.8643287619228397
6_171_171964,0.9341408467187454,0.8148192197906755,0.9743385595296423,0.9282647892161071
6_172_172009,0.8834857426010181,0.6705263506136897,0.9239341451730833,0.8026333696243876
6_172_172101,0.9528248409649178,0.8404504161453517,0.9564121862626395,0.8547719987591769
6_172_172328,0.9057895829010169,0.771452529581664,0.96363799604956,0.9053860135846169
6_172_172511,0.9305222088835534,0.8493686938302917,0.9427774621701183,0.8709279506588169
6_172_172514,0.8715193897012079,0.8617537388236237,0.9190359762486902,0.930361882293466
6_172_172558,0.9627070384388347,0.87706411235823,0.9806825499034127,0.8925947187141217
6_172_172573,0.8197429504814305,0.4788200994683588,0.9704243241141554,0.9039622146418262
6_172_172668,0.7600499836701078,0.5278977431039287,0.6543874018093147,0.35060337089857385
6_172_172678,0.9627408898820718,0.8287841191066998,0.9712062608853,0.8655007662489859
6_172_172688,0.9338733630349669,0.8220011702750146,0.9734995881500838,0.9164658634538153
6_172_172693,0.8389509049528557,0.7212732148177575,0.893974296799224,0.8157359863072315
6_172_172700,0.5279154902940819,0.3496062550794496,0.5430960938701873,0.3758155719878208
6_172_172745,0.5769965381401456,0.5727108188970561,0.6830708661417323,0.7598601686201933
6_172_172802,0.26525545203235384,0.34114938207790985,0.3419359163426733,0.40874798912742
6_172_172842,0.7368724477540235,0.5704225352112676,0.8436561770265762,0.7599289007387657
6_172_172922,0.947513353903321,0.7870619946091644,0.9843853473214597,0.8873909079067344
6_172_172926,0.6543726878368481,0.5727502503695933,0.7876159835874481,0.5989889489771926
6_172_172963,0.9232710069835549,0.7652879269955596,0.9601226259190956,0.8683674526184969
6_173_173010,0.7912979801061817,0.6676964022622499,0.8973984418475236,0.7822355495812222
6_173_173092,0.6706377014716188,0.6484118291347207,0.7703349282296651,0.9146137287730208
6_173_173102,0.7070977411412055,0.6219196539375244,0.637713437268003,0.6699273751296873
6_173_173107,0.9621252533873893,0.8868148467846353,0.9908524215263177,0.9669862158942651
6_173_173119,0.9251061764348987,0.722490931076179,0.966555268621196,0.7910527965608347
6_173_173175,0.6654578818594897,0.2849056603773585,0.8131233738074588,0.5744835401109917
6_173_173190,0.8659696378994625,0.773224043715847,0.9320362995364627,0.8595803098646794
6_173_173247,0.8898629114986477,0.7403803626713843,0.9596440397350994,0.9389896015459649
6_173_173323,0.9668937853728227,0.8325858534085084,0.9775498735599888,0.81064209274673
6_173_173461,0.5192555024387876,0.24694359174547972,0.9226182409540589,0.8469850981940196
6_173_173567,0.8681185233160622,0.8845802674687148,0.9543850122183003,0.9735156160622355
6_173_173657,0.914370439476227,0.6694720015045371,0.9656017884185476,0.8891301795985445
6_173_173675,0.9789203744069752,0.8701895462377943,0.9795727185198678,0.7676453980801807
6_173_173705,0.8673417476198552,0.6262617658332978,0.8968003105417846,0.6241673527430581
6_173_173708,0.9178697943023845,0.7334965627648554,0.97046466816186,0.899375503626108
6_173_173709,0.935090581265562,0.7089120097923827,0.9282068827873293,0.7601921887636174
6_173_173740,0.48651214603086196,0.525902544880647,0.49398957849662073,0.5306756603130092
6_173_173794,0.9179430171277997,0.7651199003425724,0.9816962907422926,0.9118428040361126
6_173_173847,0.8914713335445043,0.7185273159144893,0.9693720613437623,0.9204538974739123
6_174_174049,0.791261920603238,0.3120225352112676,0.9712875979148663,0.8922550321855522
6_174_174050,0.7817939313104368,0.3108798955025561,0.9575874184373432,0.839825119236884
6_174_174086,0.7348066298342542,0.38422444794483906,0.8703104459500455,0.6789948514477351
6_174_174161,0.5585274595433641,0.32298855501736035,0.7034869148544047,0.46617042550827686
6_174_174175,0.5796242624987061,0.3130709857016323,0.6551303416259969,0.4282086191548411
6_174_174181,0.8787985588972431,0.7325704019060266,0.9314183273576253,0.8163307450850817
6_174_174201,0.5148016320861186,0.38984403336960466,0.5591922005571031,0.5937001594896332
6_174_174252,0.7935746823303764,0.6375710174869033,0.8317835700688241,0.7382170330743099
6_174_174253,0.9525986651952283,0.8783478541464989,0.9663222349789514,0.9133464825772518
6_174_174261,0.4648491119886808,0.3861233101891607,0.7456474428726877,0.6398195469745726
6_174_174321,0.5338697878566203,0.49944398438424226,0.9500804073974806,0.9541030410520396
6_174_174330,0.9437700334174453,0.8576150892032472,0.9662985191235485,0.8522279408355358
6_174_174336,0.528827121499263,0.277879064114251,0.7115885976221171,0.5167648533467034
6_174_174349,0.9319516971279374,0.779685911196475,0.9688705942886545,0.8568967497415872
6_174_174394,0.5803408725479687,0.5831277533039647,0.961884627000906,0.92533302173405
6_174_174395,0.8555802632369733,0.7449435918284378,0.9493584493584494,0.9042772325215074
6_174_174475,0.9586793368147705,0.8361426891415131,0.9935022549252315,0.9714649218466013
6_174_174476,0.9145463011147326,0.7660286733134415,0.9864545131905832,0.9601784007645747
6_174_174480,0.935065253655186,0.665318412655611,0.9918999869774711,0.9656253629079085
6_174_174534,0.9185831717003787,0.660080701266175,0.9878506074696265,0.955757970071568
6_174_174563,0.8165506370681729,0.47484407484407487,0.9691552310210249,0.8834330513719827
6_174_174684,0.4581175351442765,0.287839130215936,0.4627606221497064,0.33186460126219164
6_174_174747,0.6159022446798174,0.29483154208428936,0.8109617849045444,0.48307921160282635
6_174_174769,0.9398416476919892,0.7937509925361284,0.9360751610981751,0.7778034949658604
6_174_174805,0.8686953396429855,0.8206352189438075,0.9530043489837579,0.945465942331801
6_174_174861,0.5282368277196081,0.47495501770271054,0.5864273829332065,0.5914566251644904
6_174_174938,0.3775179908095142,0.12721449459237827,0.8644883920894239,0.7422484525694545
6_174_174960,0.0956831629908553,0.3005124275657296,0.09767659141808989,0.3104512302636852
6_174_174967,0.939529139943433,0.6899537163081949,0.9912384660966732,0.9707481047060507
6_174_174973,0.69718051995606,0.39268093264540865,0.9236389111289032,0.9383168437767192
6_174_174986,0.16969770628010783,0.2895373665480427,0.1972264621084628,0.23281664571987154
6_174_174998,0.7781597617587808,0.3011564733199576,0.9708569672245662,0.8910015930931703
6_175_175009,0.8945897975282672,0.7640871525169046,0.9663447679446526,0.938767716201307
6_175_175026,0.8361710474695959,0.6762813561772573,0.9200871459694989,0.8035501074584096
6_175_175085,0.9438768303592447,0.7826125409038649,0.9923166820001492,0.9668527056539675
6_175_175104,0.9743995507797545,0.8705008809463881,0.9810500559648072,0.8045411330462502
6_175_175106,0.9384663733500943,0.8792226989220175,0.9637155297532656,0.9093968230994681
6_175_175174,0.27780034892335637,0.22029331774394428,0.19388561152288275,0.25976215001404623
6_175_175203,0.9711297554958821,0.8058138118630993,0.988887867284883,0.9049190161967606
6_175_175269,0.8386221294363256,0.6867805755395684,0.9048638019779076,0.7879087715826448
6_175_175275,0.9301473310135485,0.6915264749205364,0.9137715001708623,0.6533617929562433
6_175_175335,0.4254492679387032,0.33706982721690704,0.3899565739628569,0.33575985284333293
6_175_175466,0.7959467929521554,0.6337256493506493,0.8873147162394562,0.7405746427485558
6_175_175479,0.9649851940360539,0.8489985177302269,0.9894073094923368,0.949790288756251
6_175_175480,0.9452949903721708,0.7629476176383545,0.9723124875654884,0.8557216521693838
6_175_175481,0.8914208325973032,0.6915982805783509,0.9418669821895629,0.8085738184859891
6_175_175506,0.7370923267091376,0.4097455990287512,0.8148535187921156,0.6154054695177742
6_175_175528,0.8819915254237288,0.7506988120195668,0.8996026051440557,0.7915518274415818
6_175_175578,0.920345228859581,0.6866004567422593,0.9683931441932319,0.8929821212699625
6_175_175647,0.7928817107821146,0.6194665742985799,0.8704314773818972,0.7987571505000206
6_175_175670,0.7848171407462136,0.8141744049525029,0.9580852038479157,0.9701080432172869
6_175_175676,0.906466043106954,0.8602027827766316,0.9599038084020416,0.9334430082256169
6_175_175726,0.8249126272602948,0.5525281279652976,0.9168682106989137,0.769907353113639
6_175_175807,0.32363151804186974,0.27048056943277776,0.35602237609044324,0.433804194948939
6_175_175967,0.9287415641127431,0.8441886137833149,0.9620154230929554,0.923064186765274
6_175_175973,0.9342783739955907,0.7472427436014145,0.9756410256410256,0.8949537750385208
6_176_176020,0.4780221513994509,0.3102579637128918,0.5530289182173802,0.6181789651249461
6_176_176068,0.7694116008149476,0.3554125561730529,0.938021584305501,0.7593596476367949
6_176_176075,0.7933734644937112,0.711985548224945,0.9006032749209997,0.8565844858689116
6_176_176121,0.9778865861990435,0.9181080277081297,0.9959282440261523,0.983139637260081
6_176_176144,0.4990178336658778,0.627450107574746,0.8573672822124078,0.9358732431025507
6_176_176160,0.6258237479031872,0.3963080042944053,0.8247551697423571,0.6285981658244432
6_176_176305,0.22400936399503546,0.029474387341877843,0.2680551864111919,0.08110964953490557
6_176_176314,0.7640331602077507,0.48673652951086493,0.7921273772666961,0.6092603766394614
6_176_176357,0.5094266277939747,0.20185404831762283,0.5469296245630035,0.2576741440377804
6_176_176381,0.9014215655844559,0.8369829683698297,0.9674703663793104,0.9483653034141634
6_176_176386,0.43031523223562873,0.17044411153530178,0.8256054789980946,0.6293155908961824
6_176_176392,0.7860689372178908,0.4414590251197688,0.96071464825906,0.8781363333580046
6_176_176411,0.34130771614502636,0.45474768762439993,0.36850489096293637,0.43145801655685084
6_176_176526,0.49259335195673903,0.22658868595663179,0.8341181366214766,0.5022931206380857
6_176_176617,0.8798811005817941,0.7301349984609296,0.9606048547552726,0.8624242713352096
6_176_176649,0.44751703119397634,0.4394811932555123,0.47154240182128626,0.519708698309228
6_176_176713,0.9441117764471058,0.874932770675603,0.9568743473720849,0.8750200545483716
6_176_176761,0.27436316896471136,0.07170668397144711,0.5338853003104814,0.5443441102958961
6_176_176798,0.9648189254112567,0.8448882107078883,0.9731912646391848,0.8062162824914174
6_176_176817,0.847033328351517,0.6,0.911543915255651,0.735616095976006
6_176_176923,0.9445878171105809,0.9181205290515156,0.9856704196519959,0.9783657670077947
6_176_176938,0.8499213659851719,0.6514091078760732,0.9187662727818946,0.7842760241414303
6_176_176943,0.8306125505466527,0.5548992355802641,0.9160789067665859,0.7743847965564851
6_176_176982,0.9458231737866997,0.8347946469773881,0.980647185996234,0.9376673040152964
6_177_177018,0.9100170541244054,0.7791627075065676,0.9674878739854968,0.919846631367537
6_177_177044,0.7864191882883471,0.6004544846945595,0.9548200048320851,0.9297201080284803
6_177_177110,0.35609545446011154,0.3635101583148677,0.3878546375277587,0.4929416977907198
6_177_177129,0.33447111457863493,0.0038950587477868982,0.3480836811590526,0.0204435306212366
6_177_177213,0.7748878008975928,0.7640441959531417,0.9143323703052381,0.9134450651769087
6_177_177225,0.6648516414141414,0.5705476238353777,0.7092953394558407,0.6246886244118461
6_177_177229,0.9187802702013765,0.8109329754926196,0.9748575717258554,0.9418103448275862
6_177_177279,0.5781221513217867,0.4013821086667089,0.6589865757807609,0.5163275219949264
6_177_177302,0.8222983073732941,0.6746538489131214,0.9619011911285438,0.9034988476848942
6_177_177307,0.9043380430826247,0.8193740685543964,0.9696115627822945,0.9352929000206996
6_177_177397,0.9073666930495705,0.7362619007850343,0.9467133654387392,0.8342572062084257
6_177_177406,0.9016709837980599,0.6498029670839128,0.9550573965778644,0.7636317524727365
6_177_177408,0.9017426205354875,0.6535327668490281,0.9473769430051814,0.7478022320593554
6_177_177411,0.9110837311977001,0.689252057735894,0.9432497978981407,0.7408396472487889
6_177_177415,0.9675780696606019,0.8477752896504722,0.9765252374434905,0.8706467661691543
6_177_177585,0.9753806411209832,0.9064220183486239,0.9795755226028219,0.8283380541466306
6_177_177589,0.5575821456395216,0.3713802368394865,0.6809982849370158,0.5116704805491991
6_177_177722,0.7786900611104862,0.4551435221101629,0.9154550099874577,0.821875
6_177_177913,0.8733621230576164,0.605556812184272,0.9196460457918336,0.8032830760995628
6_178_178076,0.865877097293647,0.8442792234613796,0.8703938338084679,0.8679873426066319
6_178_178122,0.7281504702194357,0.6758194452985671,0.9250164437623328,0.9119263953577155
6_178_178143,0.6727834817630042,0.40063062511479824,0.9147504892367906,0.850936298623455
6_178_178145,0.8649729057475348,0.7187963837538793,0.9435613682092555,0.8981625975333501
6_178_178184,0.8700976242875684,0.9060002094313938,0.8316444035006909,0.8635324483775811
6_178_178187,0.7448468460481404,0.4067805878332194,0.9287091121495327,0.7879486942880871
6_178_178230,0.8362353838332486,0.6633879781420765,0.727813966519577,0.6348550005513287
6_178_178275,0.8133223065934893,0.5614751636734939,0.9495630007283321,0.825832357369918
6_178_178277,0.8551696659804768,0.7679477882523568,0.9586688953046649,0.9247445255474452
6_178_178279,0.31408291279535916,0.28754762382193705,0.43678429539612057,0.40776759944786045
6_178_178280,0.623429188189037,0.4053949444725638,0.8023881601076354,0.5980340988169798
6_178_178281,0.7548752251093388,0.5348104382077794,0.9084697692406858,0.7553436968666505
6_178_178282,0.6137827292812486,0.3981607831504005,0.7207770458858993,0.46297571049267383
6_178_178399,0.17123994223230865,0.06760483297796731,0.2019787600980303,0.32275410602606813
6_178_178407,0.8370914175843384,0.7366638944992278,0.9352820512820513,0.9223653312459973
6_178_178412,0.8089494073163377,0.5685097912946755,0.788573174457684,0.6413043478260869
6_178_178463,0.878839378238342,0.6984345203778438,0.9460565814609296,0.8741640764811152
6_178_178466,0.8963035141761488,0.7039229293382864,0.888826874106115,0.668868016828099
6_178_178467,0.902587425480917,0.8570109699141957,0.9256078224101479,0.8918149863304135
6_178_178470,0.35323682440802745,0.2631578947368421,0.41152434956637757,0.3596373404969778
6_178_178511,0.48449875802596426,0.3895223991114402,0.49035217271231823,0.43035982008995505
6_178_178685,0.9600903028258557,0.8657941341626711,0.9787216936888651,0.9271674744211094
6_178_178773,0.6053368417501602,0.44307950757277476,0.8503469831011283,0.7545789026806291
6_178_178822,0.888995744476234,0.7468949525110384,0.9636576164922162,0.9119053270489302
6_178_178865,0.8525601690870662,0.6421196079459092,0.8787212149167938,0.7028090501694174
6_178_178879,0.9675147943768884,0.8569298729983434,0.9793695244457005,0.9096275071633237
6_178_178884,0.9173029909757644,0.7592670678882202,0.9717882652229216,0.8865995596099402
6_178_178885,0.910579047864238,0.7492832427088483,0.9753043798476375,0.9257868383404864
6_178_178886,0.6564412542500945,0.5458248472505092,0.7674831380901669,0.7035317229986159
6_178_178980,0.039136490250696376,0.05841745843230404,0.04108187134502924,0.06906567085360793
6_179_179030,0.9352191559880186,0.681088480524329,0.9699830683156655,0.8516781609195402
6_179_179051,0.09144528393858152,0.13682072117826308,0.10055610778282245,0.16924725236745697
6_179_179071,0.29208326024674036,0.23856903297931806,0.29649755764405444,0.31079293887643034
6_179_179090,0.9690666585276523,0.8643818016928658,0.9900699651742855,0.9527543463625203
6_179_179159,0.9541439205955335,0.8636397194536729,0.9866239735578165,0.9612238477269152
6_179_179207,0.8209136498981351,0.7026928675400291,0.8862877723120168,0.842553476832294
6_179_179253,0.19521107385435474,0.22147509981088465,0.20874306753040967,0.2890858991254343
6_179_179254,0.007585031975275877,0.0,0.0078020429728777735,0.0
6_179_179287,0.1537898576833003,0.0,0.23683608662761035,0.07896315852634106
6_179_179313,0.04885369991734458,0.0931537060120817,0.06276197395629576,0.11222499187168093
6_179_179324,0.9405293201868189,0.8534488734835355,0.9900021853146853,0.9787424479749385
6_179_179346,0.28655756012603534,0.23647000410163418,0.2802123791962546,0.352737698276668
6_179_179391,0.9316880923336774,0.8562327458059036,0.9736263736263736,0.9385588434605828
6_179_179398,0.18873759778334429,0.0643184642413335,0.20334758372735925,0.12688270196257417
6_179_179416,0.9069394763199313,0.7130641330166271,0.9453132089168507,0.8458166043656837
6_179_179431,0.9164486592544147,0.8583119813377185,0.9439313081554461,0.9091730150003927
6_179_179434,0.9115856224922135,0.7784917555771096,0.9523951827391447,0.8939820850330124
6_179_179438,0.9403400212513282,0.8270827369023762,0.9774046502475978,0.9392885445099939
6_179_179605,0.2624561681557937,0.18011152959037693,0.2753752754792299,0.19078964485494992
6_179_179654,0.9740581830807767,0.8178971146935003,0.9908531177946133,0.8735073443939554
6_179_179687,0.21165268467424372,0.07929843122344735,0.22765390463859322,0.24191900695823135
6_179_179688,0.5589372195317013,0.32301987975783986,0.9293232525387295,0.8261545461439296
6_179_179783,0.9180652768370086,0.7063030844881538,0.9608655495447949,0.8247906063399191
6_179_179931,0.9464523850230808,0.8071865160214855,0.9801905985651569,0.9220334518635586
6_179_179932,0.9103628536285363,0.8235699267744508,0.9629115834999388,0.9207355976731094
6_180_180004,0.5446759351471936,0.31266564146189835,0.7416948362279986,0.6128362635034951
6_180_180008,0.8800410879371175,0.775343811394892,0.9412525493707407,0.8741661286851732
6_180_180009,0.8443206016945313,0.6668387858222993,0.9295970356646596,0.8863231014737633
6_180_180080,0.7043140957228471,0.349216501439079,0.9366919304502898,0.7189241794213925
6_180_180098,0.9754595449751394,0.8760620707199186,0.9876937891189215,0.9347060986499973
6_180_180161,0.9517875432863483,0.8635064656712153,0.9783147935046669,0.9256189293799751
6_180_180163,0.14887247347256913,0.20027976041031526,0.0013014949115164223,0.14670803982411507
6_180_180170,0.8794004660243089,0.7745183411342114,0.9776276910088645,0.9519976669582969
6_180_180223,0.9490720913633119,0.7844949683190459,0.9804516845612736,0.9163981958762887
6_180_180224,0.24249062849909936,0.06351420809163669,0.23698680000766328,0.11624185621213853
6_180_180251,0.953280659567159,0.8060692669804976,0.9794916381117987,0.8462567963195315
6_180_180282,0.912595338009618,0.6538366641993585,0.9633295764525245,0.8443935107259248
6_180_180315,0.9491721478793377,0.8031926245251612,0.9828970248445725,0.9249195402298851
6_180_180375,0.9204440333024977,0.6721288183755624,0.9694734345351044,0.8636678569525129
6_180_180377,0.8854605827705854,0.810628540598867,0.948190491526106,0.9171177630399713
6_180_180405,0.9495641924377307,0.7246778144637341,0.956953117570609,0.7597010178117048
6_180_180414,0.9506861063464837,0.8483743061062649,0.9507081521133043,0.8477698771816419
6_180_180459,0.9389743986387191,0.8823993358239933,0.9634279697055608,0.9415595618045373
6_180_180464,0.8929738562091504,0.7586134009723103,0.914140470227638,0.8188748216833096
6_180_180488,0.9633404274452204,0.8244886282363039,0.9887879911045219,0.8964751397048287
6_180_180577,0.14930965803598556,0.11964271810102224,0.10426265919992439,0.2117192375047807
6_180_180703,0.9269367974692064,0.841338783852836,0.9685498790379963,0.9296020011613884
6_180_180705,0.9310825688073394,0.8493743776247997,0.9696536813250454,0.9363045831829664
6_180_180781,0.9007945620722914,0.6360336307641865,0.9792359641165205,0.9066286742651469
6_180_180885,0.8114393174938079,0.6601630246271245,0.9635212372520453,0.9372340984295394
6_180_180942,0.8841107871720116,0.8225357582033526,0.9212334238696277,0.882401203336524
6_181_181006,0.9167266468471288,0.7619047619047619,0.9790818900285858,0.939358922829582
6_181_181152,0.9092774105311147,0.6535868534709787,0.8849593378288426,0.5855577842925475
6_181_181182,0.1249648647722209,0.0015222775089178198,0.12521431259670202,0.1812957157784744
6_181_181247,0.9220738247975602,0.6878767981853996,0.9639696120371736,0.8931924112124991
6_181_181344,0.7324026278742375,0.5925275131785813,0.7720927970429454,0.6593128146221157
6_181_181363,0.8971501353287693,0.8113106644681135,0.9456040111940298,0.8957336621454994
6_181_181382,0.13116348671904227,0.44441783610326163,0.13826555087681894,0.46942361259910004
6_181_181415,0.760548523206751,0.27152789071393724,0.9533558187570267,0.8111175504684632
6_181_181419,0.8007472796399073,0.2648399871561597,0.9334560757496054,0.747646860066612
6_181_181443,0.8996249184605349,0.739247044799841,0.9911949685534591,0.9761020881670533
6_181_181487,0.694403339024853,0.4924299401589222,0.9110938310005184,0.8518078586021761
6_181_181586,0.9466513390386171,0.7688356164383562,0.9858446263249698,0.9372382826295343
6_181_181594,0.19080615035688078,0.0,0.008581760298977456,0.6274955960070464
6_181_181625,0.6466579702582833,0.08763393550390806,0.6832163878820126,0.18606816911901658
6_181_181781,0.908235294117647,0.7611617633236206,0.9656231081899161,0.8992172739541161
6_181_181787,0.9063952716164165,0.8245614035087719,0.7963667695842608,0.7639464236398785
6_181_181837,0.17635909273809272,0.04292422834221983,0.0007508473849058223,0.24431291719456158
6_181_181841,0.9407185787285869,0.7768636003172086,0.979536571747627,0.9222320834257821
6_181_181842,0.8871941531617413,0.6980638409209837,0.9292330745130091,0.8047808764940239
6_181_181845,0.9392318911035489,0.8642081599464294,0.9753234000768476,0.9247344461305007
6_181_181907,0.7218236964999278,0.6558330252411522,0.9305942583111918,0.9328722875600464
6_181_181909,0.8516765285996055,0.8200987365074053,0.8875357276003479,0.8746546653595936
6_181_181932,0.7754638824263747,0.8075958161256707,0.9389042455170459,0.9441290322580645
6_181_181933,0.7228005038785388,0.6813166661572786,0.9549516853422856,0.9387107018100984
6_181_181934,0.8905456409300592,0.874408496617477,0.929507525340432,0.9262295081967213
6_181_181937,0.8870151770657673,0.8570513036732216,0.9397184398799908,0.9317749973111533
6_181_181938,0.8670607419486344,0.8366867679461905,0.9209097382944632,0.9153040091496399
6_181_181941,0.5640808700403646,0.4205050268880056,0.58032161351867,0.44275262747428235
6_181_181950,0.7976042957455597,0.7242924830323985,0.9182163901542062,0.8940371833156728
6_181_181951,0.8902261938006144,0.8490962183555759,0.9260594047511788,0.8988749841992163
6_181_181954,0.9077943501271565,0.8852732822668894,0.928799383735006,0.9199786134378899
6_181_181956,0.8865771812080537,0.8962182980292539,0.9592417061611375,0.9599184487919142
6_181_181957,0.829239706481859,0.8108655250232312,0.9247652652353329,0.915397268111278
6_181_181987,0.4156024996603722,0.2203128080436354,0.446527294694834,0.2553854775999159
6_182_182027,0.8049513060890143,0.7584910637736596,0.9759803373924701,0.9731831807502228
6_182_182070,0.9660522559424067,0.8511789181692094,0.9813209231161545,0.833462783171521
6_182_182072,0.9592243136883031,0.852892417764593,0.9756168783764053,0.8918058870326173
6_182_182190,0.8263408883887906,0.6856803968082812,0.9779987171263631,0.9532002311099699
6_182_182191,0.6782678576948042,0.3842523427950564,0.9815288052006277,0.9555347774141603
6_182_182214,0.8726196191390623,0.8997099679438254,0.8783096615816237,0.8884057971014493
6_182_182221,0.8528714436248683,0.8048157958102576,0.6640352208896311,0.7182928010851661
6_182_182225,0.7860175866795948,0.5819047302020572,0.79060812790357,0.6388961793708522
6_182_182274,0.8400674414403565,0.6591627476678745,0.9240099175768948,0.8150435739064219
6_182_182357,0.4247314185485639,0.48460801415129107,0.47493056933148187,0.5231957518706252
6_182_182417,0.9261687032990747,0.7780937215650592,0.9721639548727252,0.9143926788685525
6_182_182421,0.946225239547974,0.7996952600584771,0.9836230845057801,0.9301810776110152
6_182_182422,0.7503528044494867,0.47711915618304673,0.902326359832636,0.7006664372203624
6_182_182424,0.7291048718052903,0.4779451206932123,0.8039066008082623,0.5901245551601424
6_182_182431,0.7932512832477835,0.4811123167377426,0.8948035487959443,0.68562666930458
6_182_182480,0.8868251986724721,0.5206917850525016,0.9692953994330408,0.8529188779378317
6_182_182481,0.8115404205777487,0.4961329132053853,0.9531126525594872,0.8672292880066563
6_182_182498,0.7969995556833329,0.4878197320341047,0.8905131264916468,0.8060621305496164
6_182_182531,0.9459985103037325,0.638202530846666,0.9864677005951605,0.9031222273860323
6_182_182532,0.7086768342951361,0.384149137673213,0.9310760667903525,0.8434244586148115
6_182_182566,0.9553208030365391,0.8461016112105686,0.9866317792578496,0.960853382958926
6_182_182687,0.5372158101167664,0.11199448343000852,0.5010853493566553,0.19800360006545573
6_182_182722,0.8701670644391408,0.6184242955335871,0.9722017220172202,0.8259865733669591
6_182_182727,0.1907266395988961,0.0757989938057987,0.17491604613812237,0.04793981278978217
6_182_182767,0.7240958182513758,0.4565561431273401,0.7437934911422407,0.5449634093844167
6_182_182867,0.3745812555939138,0.27547921496914085,0.33758703370682897,0.21875874941670556
6_182_182890,0.9181994191674734,0.6884183232497839,0.968239688121916,0.8464806757102636
6_182_182903,0.10640164460331801,0.0698110922741584,0.18702342991820325,0.13361829450737336
6_182_182962,0.8790019731398383,0.7514013818276626,0.9499929067952901,0.8996653136794133
6_183_183016,0.9342315051020408,0.8388161513917923,0.9764896131359622,0.9470933646506166
6_183_183024,0.9243376635470504,0.8264951533256112,0.8551196644460893,0.7302624588247795
6_183_183025,0.8851172844448002,0.7928320965505994,0.9376246841335284,0.8457568355527539
6_183_183027,0.8621863373703792,0.7969631236442516,0.9410369068541301,0.9037462400875034
6_183_183051,0.8649862546946994,0.6144538760962341,0.9756507136859782,0.9364646025935348
6_183_183077,0.8753110215524794,0.6697422568767598,0.9566291094304676,0.8590178225493995
6_183_183192,0.5240761478163494,0.2768090553833715,0.6270864145362349,0.4166388685035693
6_183_183264,0.21351525244114752,0.31990794016110474,0.17549041367182833,0.44145647266660126
6_183_183280,0.8991823037292622,0.7532863097146522,0.9640780196593073,0.913296550051537
6_183_183414,0.9375280898876405,0.849721373359698,0.964117338920901,0.8927207784209878
6_183_183464,0.9644118945973796,0.872592689637102,0.9856647222539937,0.9466418168012701
6_183_183467,0.9282658769332017,0.8335283791691047,0.9805331462644686,0.9524958053691275
6_183_183470,0.9522156469875588,0.7950390994670519,0.9870516481920713,0.941498887502035
6_183_183522,0.9065656565656566,0.8617999767144021,0.9460065689337499,0.9322610015174507
6_183_183532,0.9045229405630866,0.7519967872919548,0.9420554942020983,0.8581770479059372
6_183_183539,0.2911777394305436,0.3063686632380805,0.32427284050113564,0.3248047496201011
6_183_183614,0.8227596681855357,0.7845193308252622,0.9466776045939295,0.9454769664405884
6_183_183629,0.9130622463955798,0.7047452500236318,0.973471368489162,0.9286093261805105
6_183_183630,0.8795245450271977,0.7927619513387945,0.9568345323741008,0.9125049940071913
6_183_183665,0.9129436235212549,0.7829011671362042,0.9736488676886028,0.9291132785108689
6_183_183704,0.28667355371900827,0.19795728508936877,0.4587930691097391,0.34291591286461304
6_183_183720,0.8741211103812374,0.5418761785040854,0.933516268130145,0.8554674457429048
6_183_183730,0.16346466948876587,0.12270653149283083,0.13480811982943985,0.21996952641562237
6_183_183779,0.740042404967439,0.5682143880768128,0.8194031119802738,0.644395559420883
6_183_183795,0.10863477439559893,0.11551410121971412,0.11243740138574466,0.09994992070778733
6_183_183803,0.9660152320735738,0.8781538461538462,0.988362180793892,0.957220971373432
6_183_183804,0.8484941140498394,0.5949243001851651,0.934737747205503,0.8308932602386327
6_183_183829,0.7929449880983866,0.610606884436823,0.8180148332986761,0.6944396773639951
6_183_183831,0.8835373635203478,0.6507334085547236,0.9780494286473558,0.9403581267217631
6_183_183834,0.9674109837054918,0.8637488400866069,0.9929043117959342,0.9680347711267606
6_183_183879,0.4030232877518589,0.19292397229998526,0.42368646561425605,0.34839252374797397
6_184_184105,0.9423163587201442,0.9052091296276072,0.9723236367918973,0.9406441604491393
6_184_184112,0.9458368309549506,0.8842471714534378,0.9663213521788365,0.9194128090763435
6_184_184173,0.8948422767702129,0.7057876936504474,0.923630031177148,0.7291578740046707
6_184_184198,0.9208433278626436,0.6576188424529656,0.9871011541072641,0.9618630419377697
6_184_184204,0.19234386655279403,0.08020203224172354,0.0017217760685694177,0.26612566382242375
6_184_184209,0.01221606870535356,0.0,0.013738942047300957,0.0
6_184_184223,0.814194334450198,0.754813863928113,0.9285369968667149,0.9191872546755946
6_184_184238,0.9058136998254799,0.7259465973235238,0.9145795036764706,0.864225493897068
6_184_184306,0.11582391092234402,0.09877925076078212,0.1128526192507338,0.1702377661045065
6_184_184310,0.8844262780640957,0.7381924595072819,0.9701907790143084,0.9308624923265807
6_184_184311,0.8972134073780246,0.7737949460091283,0.9601660198361363,0.9247240882917467
6_184_184312,0.9489730128028,0.8727725511898173,0.9747353224254091,0.9329184745375656
6_184_184313,0.8094739596964146,0.7282238065716057,0.7610679491922555,0.7442252363337444
6_184_184314,0.8723790448770107,0.7681846050944764,0.8691015729138897,0.7788211898580346
6_184_184315,0.10880131293790898,0.3672112988091941,0.018905011153073168,0.28674511545293074
6_184_184317,0.8979542133463224,0.7627665633107638,0.9218646536882532,0.8380500032983706
6_184_184318,0.9206965394853593,0.8372746656328746,0.8437390183905353,0.7289537260732206
6_184_184320,0.9267448567583157,0.7980675806973982,0.9546894422390633,0.8775326429536245
6_184_184326,0.9219267979162439,0.855680992935895,0.9602769679300291,0.9148493591894249
6_184_184327,0.9100011186933662,0.8030518486108073,0.928944681362244,0.8345095081613964
6_184_184334,0.862060786771931,0.6776285137443703,0.917788554801164,0.8123680570721409
6_184_184339,0.8814042729724124,0.7439655642129352,0.9283649398704903,0.8182582852015926
6_184_184356,0.9241462241462242,0.7978015075376884,0.9717130456982385,0.9235643030466433
6_184_184358,0.9150312702178133,0.7576033334929834,0.9109471843035857,0.7787968707850014
6_184_184364,0.9088579360747929,0.7248522841908056,0.943909533122712,0.8218486784780714
6_184_184366,0.9035609587859976,0.7893621216602583,0.953957100591716,0.9086476111428127
6_184_184376,0.9778002018163471,0.8749095513748191,0.964374963677573,0.7637106184364061
6_184_184478,0.5693300689962163,0.5100294078918491,0.5889930193991284,0.5763939174511223
6_184_184487,0.8746923164312493,0.8255973085476421,0.9223576557021206,0.9167072716328929
6_184_184513,0.8380281690140845,0.868068439497011,0.9047957876761065,0.9272437983655167
6_184_184775,0.9211727225762011,0.548138510808647,0.9694944261991767,0.8684895194148544
6_184_184950,0.9290550682098663,0.8033453033453033,0.9615478473069549,0.8912152708374975
6_184_184954,0.8751684810782789,0.7299908901613743,0.9598261958242811,0.9061709860935525
6_184_184979,0.9073334192550586,0.7658924871878748,0.9597042513863216,0.8957595086227262
6_184_184995,0.8140740740740741,0.5010554008993852,0.8619529154032988,0.6372147454651843
6_185_185021,0.7797186400937867,0.5177413618581238,0.9286868983760747,0.8339388995995848
6_185_185044,0.950051981055793,0.8463490959666203,0.9670081819708712,0.9009851334408024
6_185_185045,0.5320706308481739,0.2647185977047634,0.645628948879954,0.436941255733202
6_185_185046,0.6770671608153453,0.35288733566317193,0.8683483570805467,0.6765469312568031
6_185_185054,0.7078826685125897,0.35486929779600207,0.9336484593837535,0.8665700590792553
6_185_185092,0.5725409424294182,0.3871285627653123,0.8899839743589744,0.7887249967172933
6_185_185101,0.9227298984953098,0.8072635135135136,0.9740600838104232,0.9365031484483994
6_185_185118,0.9035696945388528,0.6353941267387945,0.9560316699751295,0.8042761731286322
6_185_185147,0.8854445822167113,0.7025264873675632,0.957001006080224,0.8824973693440898
6_185_185156,0.7164360108432016,0.2977978084883696,0.9277810419114767,0.8456859895581033
6_185_185166,0.9429891567611879,0.8455267880030761,0.9664895473761781,0.9026505764465036
6_185_185178,0.9741358561827708,0.8577915177277557,0.9906899292283238,0.9486012040269135
6_185_185184,0.7728155339805826,0.5005515239477504,0.9396132534207848,0.8794557823129252
6_185_185235,0.33916899495040115,0.299616247918326,0.8786375661375662,0.871262676685408
6_185_185261,0.5728997856657431,0.4164482447471319,0.5991931656383483,0.4880952380952381
6_185_185267,0.8343198479500408,0.7494553376906318,0.9343859433556552,0.9039468174204355
6_185_185311,0.8492833357463443,0.8810082063305978,0.882621454189762,0.9176705286580219
6_185_185320,0.636849132176235,0.33534924703620633,0.7509534413473598,0.5908202170300128
6_185_185321,0.8221399520283659,0.6835623603252342,0.9229820232640112,0.8731080240514203
6_185_185363,0.9310082964706776,0.7553373328417736,0.9863862890482558,0.9360109674311756
6_185_185435,0.4067269283239604,0.1740222206429299,0.4397003504485098,0.24271184954627154
6_185_185436,0.660996063665925,0.29575582042998777,0.7993792950565285,0.5592913227300181
6_185_185479,0.44205270083336146,0.045051595402556,0.9437176756921205,0.659044852742502
6_185_185538,0.8514571463704553,0.5774443610902725,0.9730551727415292,0.9220823409322899
6_185_185581,0.3757337003812869,0.41943592365371507,0.3874268286684047,0.44671050187599837
6_185_185592,0.4127709366467933,0.24056287115930802,0.48025250625541727,0.40007227040249055
6_185_185621,0.486581794274102,0.2633215148245208,0.47451618101642273,0.33109857756021427
6_185_185660,0.9117238643126364,0.8296620694163017,0.9440073711815153,0.8881211799096466
6_185_185714,0.9283873592838736,0.8192827200745226,0.9688708919339094,0.9213794986123117
6_185_185883,0.26004022578342956,0.2187031171861977,0.2897570202240652,0.28428788241872355
6_185_185884,0.043248462672155305,0.1575113808801214,0.0,0.03580448670331303
6_185_185897,0.8763250883392226,0.7616048371858664,0.9353829410964495,0.8655393980385526
6_185_185915,0.9613987816307404,0.8533877181055971,0.9927049454390711,0.9635804367886804
6_185_185917,0.49451781272988404,0.19375766244380874,0.9843887655495648,0.9014887240210289
6_185_185947,0.922957109751928,0.8887097880513066,0.9676961162290492,0.9529933158965417
6_185_185951,0.4575377149488343,0.1159876323638055,0.008443760707667563,0.5104018394831928
6_185_185952,0.9008038451976464,0.8497419158949446,0.9651282973082281,0.9638603030548578
6_186_186022,0.471982971982972,0.22534882703719364,0.11377139623709152,0.08356716778473602
6_186_186041,0.049492244169177545,0.1565094014373989,0.11273336524652944,0.21907484407484407
6_186_186067,0.9337608112138384,0.6795263992748697,0.9745290362758835,0.9198433580126048
6_186_186109,0.06617426428159262,0.2180531732418525,0.06818943638366134,0.21347305389221558
6_186_186111,0.9318100445919995,0.8459782462736672,0.9210931354106099,0.8134351551747103
6_186_186114,0.23842965130455987,0.06859186647238044,0.2895812205452485,0.20862177470106985
6_186_186120,0.9797770603642566,0.8860455130957492,0.984185065740511,0.8387326169405815
6_186_186212,0.8875760619129202,0.7038609601449275,0.9458642664739505,0.882901081715105
6_186_186216,0.9006516587677725,0.7538393756294058,0.9678800856531049,0.8672411471657466
6_186_186294,0.8865982792852416,0.7215125191619827,0.9571605658451218,0.9144126434974053
6_186_186299,0.41077952694323094,0.34808020861433325,0.42461613284235394,0.34709779417300307
6_186_186302,0.9656344825064892,0.8850113418251614,0.9950500661250709,0.9837303536345776
6_186_186329,0.9551453665868207,0.815702280912365,0.9740609323381867,0.881529429474635
6_186_186340,0.872304092087787,0.7893919346487948,0.9370475514549326,0.8881467011153822
6_186_186480,0.47697606337179266,0.19742336981739772,0.7888753904894134,0.5327260847841961
6_186_186611,0.7557499434431793,0.6023307696823813,0.829125299554947,0.7660387754399256
6_186_186617,0.9339650145772594,0.7678622875252089,0.9930941378057012,0.9796818260418468
6_186_186637,0.8258924927768074,0.4021984682351645,0.9180612711476909,0.6869846878680801
6_186_186717,0.5554061839830997,0.4323110624315444,0.6180522769217563,0.4785963428813022
6_186_186720,0.9563052408813644,0.8578428170118246,0.9926419667590027,0.9710459899046551
6_186_186736,0.9530427982368833,0.8632070521565747,0.9677944167128859,0.9013542709595826
6_186_186738,0.9226010325796689,0.723301744047145,0.9054943482615538,0.6950046666396137
6_186_186799,0.6200629280029614,0.35999854354791727,0.8835246455097907,0.7875799086757991
6_186_186801,0.946767229600481,0.8596015767985359,0.9633814011581696,0.8812720108790404
6_186_186803,0.8119557088751116,0.5486396042485087,0.9419447640966628,0.8695588072684384
6_186_186851,0.9683363853410908,0.872255125284738,0.9814660607646737,0.9241138763197587
6_186_186911,0.9606152999701978,0.8123630740152068,0.964191012554265,0.8591368816072491
6_186_186937,0.8888059701492538,0.7985637342908438,0.9267203384850443,0.8825088837497885
6_186_186942,0.9275316580535722,0.7930608518180353,0.963979775186996,0.9056801631226332
6_186_186978,0.8934196068856062,0.7857024313334993,0.9226747019984933,0.8174642946629918
6_187_187026,0.7082833597709599,0.5709592154344013,0.8052726453357368,0.7048366479384048
6_187_187033,0.9268050541516245,0.7841522491349481,0.9777044559054361,0.9327290640394089
6_187_187035,0.7735579454012184,0.45471635256044163,0.9593082400813835,0.877953786738234
6_187_187039,0.938023351810355,0.8314896897282713,0.9765121467526029,0.9312759023055567
6_187_187042,0.7787745478593404,0.4633642930856553,0.9282479226846404,0.8206078229059187
6_187_187060,0.5949713198799299,0.47537711239650676,0.7979943910937367,0.6953231806187009
6_187_187068,0.8766761095372994,0.674960423979627,0.9215376051097243,0.8066881073417022
6_187_187069,0.9142595739119069,0.7273029597605587,0.929256259890161,0.7833614317209182
6_187_187085,0.28408172183983393,0.11994826175329304,0.003179206129615835,0.25160719905291395
6_187_187089,0.2602044144829836,0.1037147297681851,0.26633777192414587,0.1887498010926643
6_187_187092,0.9234725050916497,0.8670569827890778,0.823617740119054,0.7189509306260575
6_187_187105,0.7206184835803958,0.5095436157483904,0.835898293743727,0.6741393625854251
6_187_187173,0.22971163690777557,0.15456701702167241,0.3209204954562035,0.4986192999477573
6_187_187187,0.8342541436464088,0.829413176527061,0.9083225730719569,0.9285808842997088
6_187_187192,0.7307075657198173,0.5595474958785742,0.8607585962424672,0.7903442912267058
6_187_187262,0.8659564786809775,0.7467849584893375,0.8820736050652949,0.7486914073986943
6_187_187270,0.9155248271527341,0.8781941102326114,0.9680984340044743,0.9611623469550008
6_187_187278,0.3144759135314404,0.21522461724415795,0.4189358221880112,0.2338660434169246
6_187_187296,0.6677794663544184,0.49310502283105023,0.6807561106978891,0.4550908113028009
6_187_187445,0.9137673543890702,0.7373120609283698,0.9422087037903604,0.8270485859318346
6_187_187483,0.926584265254071,0.8155181214905564,0.9737833989446353,0.9338174616273313
6_187_187579,0.7848490583893253,0.5859696071872312,0.8329004110659975,0.7723956913007909
6_187_187587,0.8303375274615539,0.8022209692839458,0.9655841384394521,0.9631126559426616
7_187_187609,0.524997747950635,0.21346917218937936,0.6914338348173166,0.5180524907272642
7_187_187644,0.8778321415129846,0.8487610197760305,0.9385662729658792,0.9237389283246435
7_187_187772,0.9531511878475086,0.8583637496661622,0.9367882488859548,0.807911942398411
7_187_187858,0.8908985953434674,0.7549152272546367,0.9884733423738491,0.9668459612352778
7_187_187877,0.20515096459231932,0.22077941824927394,0.272653106632303,0.22044356879968258
7_187_187891,0.8957649632755118,0.8132590753539556,0.9602287274899718,0.9482927564634055
7_187_187936,0.8910850439882698,0.8262239068923175,0.9459565047532231,0.9199063231850118
7_187_187965,0.9638115434261479,0.7582719260222511,0.9807737897681476,0.7606531780625854
7_187_187975,0.8719880540283717,0.8660518225735617,0.8869429125055895,0.8847110990452921
7_188_188008,0.2946955659930193,0.4786392405063291,0.30359289435020703,0.4038843149672789
7_188_188009,0.7527293190770963,0.5162257594440085,0.821533408601047,0.6845930650119222
7_188_188016,0.8955391167899575,0.8127833034404044,0.9244009858984201,0.844047285954113
7_188_188041,0.660222028190096,0.5131343639470651,0.8148984198645598,0.7944777004799655
7_188_188045,0.6485208699176009,0.4577849515768562,0.8786525580040773,0.8276561232765612
7_188_188053,0.47954627987952064,0.3421517432038089,0.5073166270349369,0.4126027812511841
7_188_188076,0.8966644470004238,0.7693216334795815,0.9649900727994706,0.9309623430962343
7_188_188077,0.5387560144698487,0.617618332081142,0.6044788142419849,0.6425126150192936
7_188_188080,0.8758225925781706,0.5690115502931105,0.9366921074690078,0.7895923488126841
7_188_188150,0.8917988751783765,0.6525516937967444,0.9311462310219302,0.8005148005148005
7_188_188152,0.20796048622470253,0.0,0.21759849654339217,0.0
7_188_188170,0.8710050614605929,0.70002251238181,0.9575293679902195,0.9006753312945973
7_188_188171,0.9054020413243714,0.9188544901351903,0.8480965147453083,0.8196103687006924
7_188_188172,0.8733058073781528,0.8901848402349907,0.8571289348016763,0.8417372318767887
7_188_188221,0.885861957575105,0.8199741713301765,0.9504016765630457,0.923848439821694
7_188_188270,0.12057686589354742,0.15064504569073642,0.12719136614898657,0.16101888690721178
7_188_188335,0.8871054615964666,0.8153365302277787,0.8940366162359451,0.7930106320936701
7_188_188357,0.8759893129001362,0.5921428171693995,0.9758927565619016,0.927516369727425
7_188_188375,0.9023500670956198,0.7985039102346141,0.9512470416894229,0.9189962107671409
7_188_188376,0.3145502607288853,0.26622296173044924,0.00013105515783955573,0.2064311040469495
7_188_188443,0.8499703966844286,0.8216480094268159,0.9281279524902146,0.9321665046071214
7_188_188465,0.6729721064443732,0.5730427018872571,0.8889594714775759,0.7693745560581704
7_188_188612,0.8526152252718798,0.8496362652558167,0.8953541858325667,0.9062197873026103
7_188_188629,0.9427598612360273,0.7599114881062142,0.9774908896986935,0.897239872915012
7_188_188631,0.9611746361746362,0.8701182952519851,0.9759677419354839,0.9290583186064125
7_188_188644,0.9202293167384169,0.6939599779695245,0.9766464590796362,0.9365244536940687
7_188_188671,0.24396007800848915,0.18794265356054426,0.3447498120457773,0.3054379229825464
7_188_188715,0.7385547576301615,0.4059281587540819,0.9561727101236638,0.7699615787635348
7_188_188770,0.9717248343636856,0.8566386098289438,0.9871428571428571,0.9253208208491153
7_188_188794,0.24039430133832207,0.27490911078916436,0.31207810993249757,0.44087974827261817
7_188_188816,0.8577161968466316,0.8166435506241332,0.960114273156796,0.9568070818070818
7_188_188817,0.4276335474786588,0.25744229671315555,0.43009474468613607,0.23501476574347513
7_188_188821,0.9121991392593379,0.7575527554273569,0.9655192050340252,0.9054293675588956
7_188_188829,0.5037002827308875,0.4157026360705481,0.5030298152215157,0.44048573013622633
7_188_188858,0.9008301262682484,0.7042127722919664,0.9678921568627451,0.867438217011169
7_188_188878,0.8619968889753062,0.6518027427118336,0.9172133369476823,0.8799328676403882
7_188_188879,0.9504714876401821,0.8266445148226987,0.9811588393104937,0.9344315772304681
7_188_188898,0.7242276839051033,0.45733527205938623,0.8733776347212128,0.6680697310586307
7_188_188900,0.9180278884462152,0.8461437450757244,0.9720182998191297,0.9561387066541706
7_188_188931,0.9348995868165658,0.7345956054230949,0.9411422648092433,0.7424585721267049
7_188_188996,0.9674364158774077,0.8192641748804528,0.9838120295256888,0.858104210728706
7_189_189052,0.8756552962298025,0.6574771060075754,0.959144893111639,0.8624668727915195
7_189_189055,0.47698334965719885,0.20174778894170026,0.5151901489474175,0.4320163953091199
7_189_189091,0.7797170807234851,0.5379935653699912,0.8439287002215239,0.6281457056646033
7_189_189111,0.5781593159937567,0.5310411788223199,0.683904052936311,0.5837102971934433
7_189_189150,0.8756138627753614,0.8097022694149489,0.9227769707164156,0.8812131887488303
7_189_189216,0.9481671345457504,0.8184302733006307,0.9805569706231958,0.9279975746551463
7_189_189231,0.5942502585315409,0.39209557896859404,0.927337537702221,0.8494056364364899
7_189_189257,0.9461927681105763,0.8331069167846923,0.9760049632319399,0.9119252962710181
7_189_189291,0.3479708229304352,0.3694884249038037,0.4082656473960822,0.4153360238638358
7_189_189358,0.9266821020136111,0.7997326426602055,0.9770380586722331,0.9423230264906529
7_189_189395,0.9592891302585718,0.7506408238521384,0.9745324648035302,0.8086636764052209
7_189_189445,0.06859298010827909,5.077559724796263e-05,7.190416612738542e-05,0.2406270489360434
7_189_189447,0.22219401785336548,0.0,0.338249306999307,0.07866265127432938
7_189_189451,0.9369253664403808,0.7730925865859373,0.9812086590499098,0.9257035939814454
7_189_189454,0.9194210251436246,0.8561797752808988,0.8282932235592146,0.7675734585237037
7_189_189457,0.9140864239537257,0.6438498818440341,0.961182806625343,0.7258715438777262
7_189_189629,0.9304371640820239,0.8352467024914509,0.9644691934614694,0.8838028169014085
7_189_189652,0.966973630681608,0.8477374507051668,0.9752366527830367,0.8427798531495556
7_189_189653,0.28852163044233037,0.3203721054745014,0.29564103020486626,0.32893437938380005
7_189_189654,0.9348335368066784,0.7256805964973123,0.9734226221617662,0.8703867729554178
7_189_189656,0.6680461129175288,0.41096031964728574,0.9737025746501634,0.9105662580268534
7_189_189668,0.9647481619664215,0.8470510431070762,0.9787805913141887,0.8335409353414109
7_189_189749,0.8224708171206225,0.8415205562273277,0.9168765743073047,0.9122735098794785
7_189_189839,0.9457777294594081,0.8127079702107431,0.9707207207207207,0.8739492385786802
7_190_190013,0.7555255609920701,0.3859992446870601,0.9009829475865967,0.6787473165803763
7_190_190099,0.8032300066244832,0.5323707606954665,0.9067857427637349,0.8091797177857032
7_190_190101,0.7540645161290322,0.5984281437125748,0.9467130807336993,0.945936967985716
7_190_190106,0.7659108989657916,0.49751548984724864,0.8941057680171652,0.8040363269424824
7_190_190188,0.952560524926465,0.841172299692744,0.986145648312611,0.9531917607295453
7_190_190198,0.9087957137638512,0.7445666202054618,0.9758494557313472,0.9405264326965793
7_190_190257,0.9135233396091671,0.7850864523583543,0.9564082030569966,0.9045448391027666
7_190_190266,0.9198702351987024,0.8429904196126009,0.9547298463663042,0.911541593451335
7_190_190268,0.847454618081754,0.7081459270364817,0.9605789959963043,0.9298703765253312
7_190_190361,0.6145296040682892,0.5385542773898628,0.7896732788798133,0.7831570830579423
7_190_190363,0.6001495276286277,0.6646354639353472,0.7337904181479601,0.7633032005863669
7_190_190595,0.9236777984807224,0.8905313623651618,0.9511954459203036,0.9052272270932333
7_190_190605,0.9032469662184323,0.6997027101769911,0.9475610930927074,0.8531419705197828
7_190_190623,0.9658244486636484,0.8826399718295689,0.9928528347406513,0.9646430255094023
7_190_190712,0.7260680034873583,0.5278456277479238,0.9365813506839651,0.8233874281018899
7_190_190778,0.5115347563758049,0.41301902708782456,0.5412368290395543,0.5023221343873517
7_190_190781,0.8572626283797946,0.655609756097561,0.8971172231210472,0.7712106088692429
7_190_190783,0.8220988633359767,0.7313387730432155,0.8814580509112818,0.8255757659589184
7_190_190869,0.8802424320995657,0.8063965884861407,0.9465646223325405,0.9071375908436611
7_190_190902,0.9776831243625892,0.8886469515900345,0.9699773760267412,0.836249649106391
7_190_190969,0.5863652336886495,0.43316654753395284,0.6186152663044826,0.5505290599601288
7_190_190978,0.9161915621436716,0.8338618828986605,0.9080436333978998,0.8316942551119766
7_190_190999,0.01992850079866129,0.0,0.02068343295364836,0.0
7_191_191004,0.8498840305815651,0.7017536551839046,0.9060727960063976,0.8308267207971951
7_191_191005,0.9027653460215763,0.7389057750759879,0.9464579055441479,0.8974057808191196
7_191_191007,0.7899247491638796,0.5931697003125574,0.9596927016645327,0.938534533886882
7_191_191008,0.8563956252971945,0.6382112229314328,0.9435452941627676,0.8852570073672622
7_191_191009,0.3323279308089251,0.3079639907586903,0.3234028173022197,0.36555109326193663
7_191_191025,0.8482412967896329,0.6666378191259195,0.8780172199273378,0.6951647134815908
7_191_191094,0.8592022047132812,0.4091500765696784,0.9504952456418384,0.782024484920872
7_191_191137,0.8994664608570182,0.6557545507927187,0.9369369369369369,0.721750715484062
7_191_191154,0.9298900084608877,0.8142778307329555,0.9091756504822891,0.7871704660465565
7_191_191174,0.8159482975406126,0.7768468434391194,0.865851322881611,0.8523409363745498
7_191_191197,0.16803895677916922,0.09064803292811334,0.17148595411592038,0.04325765393876849
7_191_191272,0.5465348098142555,0.19274299997191563,0.690880169671262,0.4487625021190032
7_191_191278,0.8605273399494064,0.7178973717146433,0.9550512764564696,0.9334810360289075
7_191_191307,0.9498417216755417,0.7763894170695931,0.9246483933887691,0.7610551663747811
7_191_191341,0.841692492568465,0.4618448577241597,0.9377498817763639,0.7126752132488652
7_191_191373,0.46398199099549775,0.48851075232799623,0.47185314038269366,0.4564080477450317
7_191_191513,0.4541640342777535,0.47894656836664895,0.4738386391004223,0.5252007215364483
7_191_191527,0.48373571741009036,0.008605163097858715,0.5271712591559121,0.030358284591157737
7_191_191528,0.4871510524407669,0.2846292127552756,0.5350229495110757,0.42699301392260813
7_191_191563,0.5320015865575307,0.1053064824342202,0.7064858566897534,0.4185088707406364
7_191_191567,0.5219475598280817,0.2855008590423545,0.531005630278386,0.4262472518180281
7_191_191576,0.8146115589092779,0.7037155926490651,0.8838548665770781,0.7894521482155035
7_192_192101,0.8364394065677613,0.8008421787013504,0.9587025194545035,0.9421404772868868
7_192_192173,0.42234030776043396,0.1733549666486389,0.49199581089168165,0.25096903541991533
7_192_192202,0.8704484476811039,0.7962412993039443,0.8934473532343529,0.8265510015107949
7_192_192350,0.8209615873823455,0.5035687915333498,0.9689668878221788,0.8848520207913441
7_192_192365,0.9245155385778521,0.7948021722265322,0.9708127715213632,0.9182067485394062
7_192_192428,0.8780479284566478,0.7070917263192942,0.9281770074392208,0.8273315707904093
7_192_192549,0.9279084967320261,0.7946976556997686,0.9785210402555014,0.922233405731843
7_192_192563,0.9486058347071894,0.8681712514529252,0.9646060879030139,0.903096903096903
7_192_192564,0.5026581760822574,0.23288223164979974,0.9188412206988058,0.8451617945912147
7_192_192682,0.5902926203707302,0.2462817147856518,0.9484175781502815,0.8996808658248925
7_192_192719,0.961511177770121,0.8351948852256971,0.9840347417446398,0.9407245222929936
7_192_192727,0.828674207173026,0.5518272328814838,0.9622819523649782,0.8514419581549398
7_192_192856,0.907555250985095,0.7873852914566369,0.9505377136122569,0.8962915833484821
7_192_192869,0.9289055191768008,0.8084769887711529,0.9780324304737747,0.950944032366824
7_192_192893,0.9753227780629368,0.8247273777713584,0.9820913000464374,0.7938805181073222
7_192_192895,0.9001498623357613,0.6724029859251239,0.9532397123602274,0.8137575452716298
7_192_192907,0.9002457411803907,0.8663531068023294,0.9666922764043928,0.9550827423167849
7_192_192928,0.9169633774160733,0.7556985107891804,0.9501570394647003,0.8756867750707586
7_193_193017,0.8453535841271235,0.7089965278971433,0.8996723590150913,0.8423992710272968
7_193_193020,0.17000336324854406,0.15555654908272604,0.14607000483904417,0.10865040095546835
7_193_193048,0.5097587861496563,0.3692362218678008,0.5378008732994118,0.4300100316382437
7_193_193104,0.22160599571734477,0.02995198749441715,0.2646441909244385,0.15252467729688687
7_193_193139,0.163584571914268,0.24891518737672583,0.17181005316578057,0.19823457229941022
7_193_193494,0.7791677436029982,0.3722583330665044,0.9422206181507973,0.8244046248099867
7_193_193944,0.8106194690265487,0.6000792619828706,0.9782036540181424,0.9509383459561396
7_193_193945,0.8508127802690583,0.837632734752877,0.8981707118952464,0.9108767875198613
7_193_193972,0.9344249962385275,0.8151572537224759,0.9940527218174025,0.9735695377723478
7_193_193991,0.2272109816257954,0.23171584551524996,0.6709437963944856,0.5707844500773906
7_194_194027,0.12543640571675144,0.020018128466301025,0.09989898674331178,0.0
7_194_194034,0.4442434560544797,0.2636303630363036,0.6865374466247661,0.5662270154728072
7_194_194103,0.8608660241618026,0.8289191123836793,0.9456014920733603,0.9514496983848998
7_194_194181,0.39968200836820084,0.2772393923520168,0.41951985118874613,0.3407425555134858
7_194_194183,0.9303631045587497,0.8241010689990281,0.9663933913261156,0.9330204967019345
7_194_194203,0.8963505424048133,0.5435952090946001,0.9815388761622423,0.9199146933372555
7_194_194215,0.911735528326675,0.7139614561027837,0.9738499212873885,0.8768455003861355
7_194_194229,0.6718229942625289,0.35894677652005963,0.7980104791555926,0.5194224303554275
7_194_194243,0.9124684731294057,0.8362243204923225,0.9505391953546246,0.918460492668242
7_194_194244,0.8992260369120857,0.8495383131201764,0.9421604885181044,0.9224418222335878
7_194_194269,0.8291553568577359,0.7925953311503116,0.9457306908686793,0.9239221808574517
7_194_194271,0.8375590603580222,0.8141499472016895,0.9483478921382453,0.9523189282225427
7_194_194272,0.26077013412448236,0.432430189618688,0.25501897887092173,0.4967434694306324
7_194_194797,0.9023506946730756,0.8457298829457771,0.924468696151637,0.8092482332647043
7_194_194808,0.9002391271857719,0.810621453093253,0.956277125864009,0.9211715103147117
7_194_194833,0.8587527456785408,0.8241363840287125,0.8865814696485623,0.8286104472516217
7_194_194854,0.7353794246478039,0.4801587301587302,0.9049231367970422,0.8959177224281076
7_194_194859,0.948916040696016,0.7973687973687974,0.9786265584801108,0.9136889525954746
7_194_194899,0.49667545944060515,0.19644245967033794,0.7182300998208344,0.41572882451133486
7_194_194908,0.9463216692132355,0.8031542548705406,0.970425041876047,0.9250192587520328
7_194_194993,0.9011624441132637,0.5290987446130785,0.9930727362691737,0.9736574268095551
7_195_195096,0.9040108309358605,0.6495765716907931,0.9165748800852727,0.7661423287732275
7_195_195176,0.5991733794441398,0.3638621854584296,0.877755905511811,0.8134695215206467
7_195_195198,0.9747571663138737,0.8819172722191169,0.9929702650290886,0.966751542454216
7_195_195319,0.9648758648758649,0.8717334494773519,0.9877143695752443,0.9550882058393037
7_195_195335,0.7539005258167399,0.5116727854654994,0.8366476568311431,0.7226908817366073
7_195_195396,0.8988531678887008,0.8046410271511868,0.9652617267165193,0.9315829336026256
7_195_195416,0.9535968797273406,0.7803931602063878,0.9630985339749902,0.8231307485807332
7_195_195452,0.40188077030182295,0.20552695944219326,0.4806689208670808,0.3048379823487728
7_195_195501,0.43001939237233355,0.12203319502074689,0.4484144105274512,0.16025352688611735
7_195_195610,0.8471275559883155,0.8726951665229354,0.8278301886792453,0.8715828348922163
7_195_195611,0.8759128492968797,0.7316984061743618,0.9671655879180151,0.9112113962592432
7_195_195659,0.5320657955754385,0.3859855926653569,0.662114762472331,0.6223464136378256
7_195_195718,0.34824191279887484,0.19763513513513514,0.3893004863415299,0.32015216268257174
7_195_195808,0.9347260624679979,0.6711405918018345,0.9817143353530089,0.8667115449343655
7_195_195809,0.9664706750121178,0.8133251079580506,0.9649982725859388,0.742000901306895
7_195_195812,0.9601194412713682,0.8145261547288898,0.9779855996027477,0.8734788487541046
7_195_195813,0.9487836107554417,0.7991141360125318,0.972911351175289,0.8345316134489321
7_195_195882,0.7235789254910111,0.6048066275683878,0.9667380442541043,0.962642963699652
7_195_195886,0.6880877742946708,0.7084846723812291,0.8562014193984454,0.8968315634982301
7_195_195985,0.8150601359595607,0.8610542476970318,0.9019945662977934,0.9516595615103532
7_196_196096,0.1551592845933293,0.0,0.007178620559625148,0.3395298400526703
7_196_196240,0.46414901760653227,0.09932915269068106,0.6368237291393062,0.18839786306231476
7_196_196386,0.8523809523809524,0.783633139092982,0.9561309841608827,0.9538033834141725
7_196_196416,0.8684826420491484,0.8363756426583652,0.9533987640857869,0.9563308003552748
7_196_196513,0.8167079353849782,0.5416165865384616,0.8725337648596502,0.6863138533567428
7_196_196614,0.8570421006944444,0.6742954739538856,0.9215569219748074,0.8162522741055185
7_196_196631,0.9215817874305351,0.6106404608607252,0.987160866786731,0.869727131153091
7_196_196740,0.15485630977888715,0.0271340372226199,0.2013864917730986,0.0851396174020364
7_196_196751,0.9109073210717762,0.6821334711990005,0.9614855192159454,0.8553831463356409
7_196_196775,0.9289754187513596,0.8594412915312138,0.9406619790773453,0.8578415736310473
7_196_196776,0.9410640651714774,0.8004505572682001,0.9824301439458086,0.9403584869554124
7_196_196820,0.936153822450929,0.786088613625536,0.958322605561277,0.8561806437365428
7_196_196827,0.9639940973930152,0.87988036105325,0.9895473919220621,0.9634700634083385
7_196_196847,0.9525421150701601,0.8238010042130779,0.9686638847334855,0.8954003619796542
7_196_196980,0.8862613646799522,0.8770712046574115,0.9480258867205137,0.9326981348057369
7_197_197004,0.6496552573257818,0.5698296836982968,0.6709765516652798,0.5239128115777122
7_197_197020,0.9203407725634397,0.5826204689519355,0.9850883790898834,0.9303728845519257
7_197_197036,0.3939299610894942,0.24799223845200238,0.9156112883925009,0.6820136852394917
7_197_197085,0.8408012227495777,0.7493944403860202,0.9223248234655079,0.8725490196078431
7_197_197087,0.9071135147915004,0.7153209109730849,0.978896312475909,0.9239008419083256
7_197_197089,0.907214356101862,0.7821595673573555,0.9850644942294636,0.963562478835083
7_197_197102,0.8777674161572203,0.6455543854370392,0.9348437838227867,0.8623809334024152
7_197_197113,0.9426018918603293,0.8552992657420455,0.9900703096089799,0.9768990133953638
7_197_197114,0.9493150684931507,0.8453304789938453,0.9702592616538437,0.9091249765786023
7_197_197134,0.5924519188548345,0.2722602739726027,0.7422445001392369,0.4126669787203399
7_197_197135,0.94985559566787,0.8229050279329609,0.979687382013139,0.9245806366398098
7_197_197182,0.8428855177178387,0.5524417514246556,0.8859429117401171,0.6772499896647236
7_197_197186,0.7291636985325545,0.5704842174847132,0.7506228890980566,0.6496397719124526
7_197_197349,0.3357390359420171,0.13162967289719626,0.2322263441406647,0.17864169475498345
7_197_197350,0.6948984645864289,0.42044364334098905,0.8771133156350426,0.7899873882765805
7_197_197374,0.752156391402715,0.48113237287601274,0.8161478981041724,0.606455593690949
7_197_197381,0.5699387610570313,0.39925798157971815,0.5934321756463793,0.4867469108137525
7_197_197390,0.8854561463956204,0.674960963078628,0.9217025748817657,0.7820798928810533
7_197_197411,0.48384016718310874,0.3308219889847241,0.5068110109769691,0.27763967561840336
7_197_197500,0.6152607398285417,0.3723250300212458,0.8495250286330257,0.6793924466338259
7_197_197514,0.8033570847879107,0.4968199252318299,0.8843289494533354,0.6173311589720519
7_197_197520,0.6845571784107192,0.502237603675637,0.8374975147458413,0.6844818603120629
7_197_197546,0.49021607795753763,0.10812756340503892,0.6493820033064791,0.3069790002282584
7_197_197589,0.8854160541017347,0.750917881420626,0.9465409820189172,0.8808938901656233
7_197_197633,0.8423426926965856,0.7834874577772856,0.8950247460276114,0.8646589259796807
7_197_197636,0.91551766337603,0.7169590643274854,0.9654649449692347,0.832002281802624
7_197_197678,0.8219330855018587,0.7057502420135527,0.9517571091518688,0.9401656511805027
7_197_197679,0.9200124655897782,0.8607502679528403,0.9530795011263118,0.8949440167949615
7_197_197680,0.7745979686838764,0.6658270361041142,0.9446034471792915,0.9339045833891195
7_197_197682,0.8880822425944571,0.8333016464504354,0.9366391184573003,0.9354114713216958
7_197_197687,0.8207610789980733,0.7563681825285201,0.9567665965071961,0.9238651044683032
7_197_197710,0.16966807373439824,0.1760192395785616,0.18480066445182725,0.2834605380974715
7_197_197734,0.9462782306561539,0.755788823711022,0.9857883841555602,0.933746377535725
7_197_197741,0.959132428399869,0.8491844416562108,0.9761421701232341,0.9084538733526197
7_197_197748,0.9093887248902008,0.7412643910321147,0.9448394495412844,0.8504754617991037
7_197_197852,0.9397456600726686,0.7890926876987039,0.9909591194968553,0.9689221085759244
7_197_197860,0.933236000098983,0.8005867670884967,0.968001236667182,0.9009499216084109
7_197_197876,0.822447666043461,0.5806789076873129,0.8623741868668889,0.7144389999642333
7_197_197897,0.4733067899648943,0.6062790598472891,0.5819884919041884,0.6616533170816646
7_197_197974,0.2515096707879938,0.2158652540070633,0.4277954289228246,0.29829011238903225
7_197_197995,0.8974376707355026,0.6889830508474576,0.9371225845410628,0.852288419806668
7_197_197996,0.901887390331333,0.7402738463563953,0.9762420879216163,0.8737413387036216
7_198_198044,0.9576621230896324,0.8205687913184483,0.9895913646877409,0.9390171699230314
7_198_198073,0.7341955322420186,0.5083812260536399,0.8370916991309559,0.7497715782420662
7_198_198095,0.7804648777986669,0.7417680641254829,0.891434165442976,0.9050009412059986
7_198_198179,0.8378136645962733,0.29840377697841725,0.9424554337286493,0.6324486730095142
7_198_198183,0.9540617145301887,0.8170652173913043,0.9746190049305244,0.8315130951118651
7_198_198209,0.4889742904704166,0.434568015843545,0.6780853594080338,0.7550731780487282
7_198_198394,0.9363666336960106,0.8667093320921573,0.9786689915722174,0.9569663132802209
7_198_198400,0.8015138023152271,0.6711085027790245,0.9635301895107977,0.9155697380667465
7_198_198450,0.9149439540537454,0.713362242030033,0.9484902309058615,0.7484803303131093
7_198_198494,0.8246740085129383,0.5566176143689148,0.9770458678520914,0.9342212399674305
7_198_198520,0.7726994401679497,0.32392987037209736,0.9010305569119272,0.6397297696396929
7_198_198545,0.8489420681427419,0.71172878500737,0.861055830951261,0.7034551329853344
7_198_198568,0.8706587859700591,0.6688243526941917,0.9090066883586406,0.7688183572807206
7_198_198603,0.8612710206165102,0.4594483888585472,0.9792360684368835,0.8311225608419206
7_198_198638,0.8401976935749588,0.5717145624798192,0.9565400843881856,0.8735377074952606
7_198_198640,0.2704345481728389,0.20738592540030235,0.3628041597953758,0.3122141179379404
7_198_198642,0.8376913697330985,0.9201375976199331,0.9308138221787247,0.9665848776393103
7_198_198659,0.26900994872244377,0.1091069435449422,0.16802572956622355,0.0035182209095252575
7_198_198720,0.5931800158604282,0.6994468555867586,0.8991201324157156,0.972438330170778
7_198_198728,0.7101850686138739,0.3427068214804064,0.7398275353290272,0.39617434335744195
7_198_198748,0.7578564765672746,0.6310522253666067,0.8726618171021377,0.7863142223096155
7_198_198769,0.9324551824551824,0.7069677106093712,0.9671891477327198,0.8527248322147651
7_198_198781,0.9646660909614277,0.8767065105272739,0.9836698337292161,0.9455820652514246
7_198_198918,0.9217215722070091,0.7097976570820022,0.9599650349650349,0.852124808575804
7_198_198953,0.9384494102665171,0.8633429473973355,0.9796587508754059,0.9557166439388503
7_198_198958,0.9236587398243702,0.8086830912446834,0.960568669527897,0.9056682527756907
7_198_198970,0.870286352804965,0.670790785208936,0.9517179735789602,0.6891466445733223
7_198_198998,0.9321728691476591,0.76010101010101,0.9720348376880443,0.90025364242317
7_199_199045,0.8790843081887858,0.6802559201029922,0.9629156970197432,0.9172974751986459
7_199_199048,0.3609017962608448,0.05576217098159656,0.34232232889678754,0.016970159214415102
7_199_199051,0.9788012049163163,0.8886353070453489,0.996448711835983,0.9802567073714235
7_199_199059,0.2814388244305126,0.12006634621894252,0.26738563853689223,0.03449521401480946
7_199_199073,0.3067757680160781,0.004437637448947534,0.04094388181423176,0.26585760799540337
7_199_199143,0.689353859209462,0.0936074144486692,0.7185862969771524,0.13137366583294124
7_199_199241,0.8664310954063604,0.8794487903434699,0.9385591379160511,0.9432813094784925
7_199_199273,0.21324616004657204,0.10697003844624155,0.00035253472467038,0.2838137955060094
7_199_199281,0.09987032341726827,0.0,0.10527532762525248,0.0
7_199_199309,0.9610785033015408,0.8714220288527593,0.9921643210346139,0.9743558654137617
7_199_199366,0.9346949067070096,0.8824719328411045,0.9609292502639916,0.9368432225878357
7_199_199393,0.854116773415019,0.311554859162628,0.9391341884558461,0.7234101510183346
7_199_199395,0.25466619789835543,0.0,0.0,0.44961525491278087
7_199_199412,0.8270520090609179,0.361362411729673,0.8861234062231618,0.5645371577574967
7_199_199422,0.3472199031557856,0.15614432759837985,0.3614560654881129,0.2045778263605949
7_199_199442,0.8591264901944513,0.8128344430374577,0.9137538903519272,0.8700633941574574
7_199_199464,0.8379406907445969,0.4809267320888364,0.9327800147916838,0.8105049906117205
7_199_199546,0.9101279268461645,0.7592557191104314,0.9904622527250706,0.9699344542604731
7_199_199569,0.3148160512786272,0.19581379024281292,0.25756412014812785,0.13256138949890198
7_199_199642,0.8832945805759256,0.8743044573302876,0.9517457826598666,0.9523309663476381
7_199_199643,0.9040290124275795,0.8601813260000859,0.9455579246624023,0.921647279048001
7_199_199669,0.8181961526332387,0.44074673099591544,0.807601166605906,0.5095775387037523
7_199_199691,0.8986564079007809,0.8205991440798859,0.970035326772647,0.9432469474208821
7_199_199692,0.8926905132192846,0.8747524752475248,0.952914798206278,0.9465253101881517
7_199_199936,0.8911426639621366,0.8282380833541303,0.9825219413397345,0.9768854748603352
7_199_199947,0.8979438314944834,0.8869593925387916,0.9286287804442859,0.9078648684737615
7_199_199952,0.5388004066418164,0.01860150714768545,0.6050780893232258,0.03577168190634525
7_200_200012,0.8644599126961388,0.5621780167713308,0.9308212700952935,0.7454460730322799
7_200_200055,0.8113095238095238,0.6952839830632209,0.8831211537558135,0.8046856604662115
7_200_200346,0.523320340252309,0.13298037994394268,0.4967375059235228,0.03673086170967964
7_200_200378,0.8342133051742344,0.8631655822599921,0.9413733101325124,0.9578347578347578
7_200_200384,0.9444362346682429,0.8195088044485634,0.9542078573989653,0.790347126603377
7_200_200407,0.65311004784689,0.5081027365846201,0.9343020238713026,0.8264611310762247
7_200_200443,0.9172373597552091,0.5934381139489194,0.9658326817826427,0.7763588157313301
7_200_200555,0.6213037265032428,0.7933374854277456,0.661575792178133,0.8750397775805182
7_200_200585,0.7971936988330431,0.3054943728690825,0.9496275186240688,0.7856562922868742
7_200_200654,0.8278100655372821,0.7650305539128721,0.8979043524986566,0.8802187401409192
7_200_200663,0.933119813655554,0.8396847290640395,0.9716031853818137,0.9276574391569792
7_200_200704,0.6279026129380306,0.21263218062303516,0.9862410294481564,0.9460278660474212
7_200_200707,0.2344585342620706,0.1368473150210344,0.23988548455868916,0.13835909631391202
7_200_200717,0.27405218610707666,0.04090711805555555,0.37986861471084465,0.29788886280317123
7_200_200731,0.9331343840343188,0.7216411285653633,0.9210496205042145,0.6936739939386964
7_200_200745,0.9034365098708262,0.7365555703093879,0.9603141361256544,0.8938503440366973
7_200_200846,0.5757197034993966,0.260769251648978,0.639535481218848,0.4195639606903956
7_200_200848,0.8698277923941641,0.8507933685941598,0.8890359293323629,0.8639020057038664
7_200_200910,0.7191932624113475,0.7009978368571628,0.9315842875779099,0.9422435184392915
7_200_200932,0.2622836048879837,0.2684782608695652,0.0015914250274988884,0.19716808769792935
7_200_200933,0.2599672009150669,0.191959141727134,0.3016308292871776,0.20263119426984358
7_200_200940,0.9192797896014566,0.8697334479793637,0.9701887331998856,0.9454279772944416
7_200_200941,0.8711629917855599,0.7261721123732062,0.9734494918066791,0.9296345662556925
7_200_200973,0.22837895380449616,0.0,0.0022274736830203185,0.414606548945654
7_201_201035,0.8948661871801231,0.6175805367076227,0.9688738114104596,0.902346955522731
7_201_201080,0.8468732394366197,0.6262139951855233,0.9759583572279324,0.9342650389438215
7_201_201121,0.9552803322456245,0.8421052631578947,0.9904385863043395,0.964814944869724
7_201_201126,0.8705715816053256,0.563915150552157,0.9655789198150249,0.9006086427267194
7_201_201151,0.6868781652338306,0.5574598424092216,0.9525577396537575,0.8931365313653137
7_201_201161,0.9278662420382165,0.8641240210277867,0.9548761915505669,0.9303783545974483
7_201_201213,0.26119839605005923,0.2777618737800911,0.2578595082082717,0.20907177809893257
7_201_201231,0.8644956017218791,0.7909148800679261,0.9230769230769231,0.8820978234679946
7_201_201292,0.7397351544932123,0.3048987184787102,0.9793648145058124,0.9152577859199162
7_201_201326,0.8490458882326215,0.7933734097581434,0.8978324081416865,0.8134594639449009
7_201_201366,0.5188760188760189,0.301668625146886,0.5677398088122184,0.5189455934136785
7_201_201394,0.31863258085413865,0.1548417910447761,0.3652027091847503,0.25703893599772126
7_201_201412,0.13091944576277073,0.421658849373627,0.13240745085159292,0.3816948816948817
7_201_201516,0.1920414069456812,0.15480902963517706,0.0017884914463452567,0.3631558254335765
7_201_201545,0.9637970655824643,0.8654856920381546,0.9946872824533763,0.9777423380945778
7_201_201725,0.9136628677445005,0.8564944888696779,0.9631567781627891,0.9554508219716097
7_201_201727,0.891484942886812,0.8758600497730933,0.9481998007684644,0.9504653567735264
7_201_201743,0.9319158231995922,0.8353468952651684,0.9402630267244354,0.8498900210979935
7_201_201758,0.36571640133283967,0.426381547333013,0.3838015820441881,0.42834782608695654
7_201_201820,0.8731735827001753,0.8291699814372845,0.8857212475633528,0.9166022739816757
7_201_201903,0.5040592732718531,0.6117800011305183,0.5908959953903774,0.6456108597285067
7_201_201983,0.9315068493150684,0.769259512984991,0.9513562318949625,0.8041661546024333
7_202_202033,0.42968780374013454,0.33555097056718175,0.4644014988842575,0.3947192662184425
7_202_202075,0.858867709274136,0.7870050539941097,0.9283997073272708,0.9061254498316759
7_202_202157,0.25270130857360046,0.07620696577336143,0.3252343667708297,0.2169459726694217
7_202_202166,0.8333953911712383,0.803326242506285,0.938409050098761,0.8931161324224908
7_202_202183,0.44222842707086824,0.3634838427310526,0.4133943427620632,0.4539522637513594
7_202_202200,0.9550806087705624,0.8022061165976425,0.9841931005019758,0.941919883201022
7_202_202235,0.9656715483790211,0.823252831801667,0.992108484184758,0.9655670416539982
7_202_202260,0.9205202981067444,0.7996624640127072,0.9264187478278139,0.900319748261686
7_202_202280,0.960509896992978,0.8391739042617653,0.9805609552901972,0.9213039534759644
7_202_202289,0.9550961223630665,0.8698180988766607,0.9781963303645301,0.9265871815045694
7_202_202293,0.9707894022074619,0.8929027377180954,0.9845183923532552,0.9345520308910504
7_202_202296,0.972827270747114,0.8844159464733761,0.9766086762573882,0.8939927322280263
7_202_202308,0.8184228729536546,0.568961939152451,0.9100749918487121,0.7300463089076545
7_202_202335,0.9277820688016161,0.736045549661784,0.9420025188916876,0.7958449455282492
7_202_202345,0.8569421023046655,0.8152915433131677,0.9441554305127933,0.9349075112107623
7_202_202363,0.18092620047772012,0.002104709287029729,0.20200998091208058,0.022867174826107246
7_202_202422,0.9031037093111279,0.8021781368238061,0.981117729058421,0.9625466110989253
7_202_202435,0.6470650641851442,0.38617044074576756,0.6665674960462239,0.45045148454239364
7_202_202443,0.253114937701246,0.22107620026427838,0.2851794579637015,0.3148879500367377
7_202_202446,0.4998188624562251,0.23787897137782085,0.7866743749096691,0.7416751651664967
7_202_202466,0.8939252336448598,0.8191583610188261,0.9411914136923664,0.9110664934451399
7_202_202489,0.21364288238106124,0.0005119745150463621,0.004092097452543036,0.5694951097012952
7_202_202553,0.7787624459156545,0.8132307906458798,0.8646848402615024,0.8772974750612051
7_202_202565,0.7767697855380528,0.6670932974065342,0.8224197437473405,0.8114402533370746
7_202_202576,0.9630388164710985,0.8619183857852734,0.9862761214476077,0.9264258656565117
7_202_202578,0.9355441606364115,0.8054602525731805,0.9698767915514207,0.8898481215027978
7_202_202587,0.862396647835684,0.52652683528686,0.949386568631642,0.8763150275069974
7_202_202607,0.30593868221941994,0.33565740576889047,0.0012840729894120298,0.30852481393610454
7_202_202613,0.07037608544370821,0.09602491685583064,0.10101384497983211,0.10977293782446818
7_202_202637,0.30130311614730876,0.22596468279921517,0.39405627256094544,0.4098090849242923
7_202_202638,0.914434425142554,0.7791613930510758,0.9752039730400851,0.9372605363984674
7_202_202708,0.8352906110283159,0.6474572567870214,0.7402224865318687,0.60657223796034
7_202_202722,0.946623739727188,0.8690721987349654,0.9652288732394366,0.8931111039608739
7_202_202723,0.9067567567567567,0.9022611499981676,0.9407127257231129,0.9368036735922914
7_202_202729,0.4209955643173977,0.19949469171090242,0.457657125995869,0.2897834274952919
7_202_202783,0.9322351179333583,0.8610733695652174,0.9141922825376063,0.849524573261542
7_202_202789,0.8423147581139008,0.7160576351752822,0.6861586628288643,0.6700534570042836
7_202_202818,0.9660297949094796,0.8787298929617892,0.9735219565664177,0.8321794516754362
7_202_202920,0.644160510544733,0.38303727114210984,0.6534014630537823,0.4314172936968052
7_202_202969,0.08711339229909658,0.0,0.08499217833398513,0.07081147793890774
7_203_203002,0.9366273471352913,0.8258441017090454,0.9717253317945759,0.9338287331917905
7_203_203015,0.9011927351585796,0.851531124497992,0.9132189707366297,0.8587250482936253
7_203_203031,0.7838400666389005,0.5976421480144405,0.8614076844610676,0.7850833577069318
7_203_203068,0.7664407630522089,0.7735840297121634,0.7820791944482243,0.835349840555243
7_203_203069,0.3548493633261165,0.15507574662232718,0.0023476888734942076,0.069612429405919
7_203_203099,0.975898348474915,0.8743229040342793,0.9910909235795681,0.9508723017783973
7_203_203100,0.5081673089224145,0.37488170880086524,0.5203413439216126,0.4107541120713688
7_203_203101,0.9707201594816846,0.8531780843767446,0.9926373117403734,0.9599491417673236
7_203_203146,0.4499677589542177,0.24687846502434557,0.8587643341914346,0.7749921060940954
7_203_203209,0.9275267587221179,0.831183514055193,0.9654827631178542,0.8526982242667063
7_203_203246,0.9681832186505084,0.8706489227968269,0.9772564846344642,0.9047302684028701
7_203_203252,0.9424510233749452,0.8306337239680526,0.9634017904160084,0.8949124917536575
7_203_203283,0.898191365227538,0.7273759461732549,0.9288348956042096,0.8103287634766405
7_203_203446,0.9739468893213635,0.8904157396501331,0.9963917525773196,0.984822623056696
7_203_203453,0.6041508653382058,0.6199399523760224,0.887282925250782,0.927260083449235
7_203_203526,0.35461627539741025,0.30107131752268423,0.38102007164382784,0.386652158142909
7_203_203706,0.8446223920070526,0.7884592108448317,0.9135557484807144,0.8868782821018831
7_203_203760,0.8337997323275338,0.6480208786428883,0.8830381489423662,0.7895562228895562
7_203_203763,0.33223316614257126,0.2773144104803493,0.31636436018013986,0.3403363616699113
7_203_203765,0.8812006012704262,0.7087386901891823,0.9332383364998944,0.8885537176384791
7_203_203849,0.7082273494653911,0.43970238095238096,0.7426778242677824,0.5045208512732193
7_203_203851,0.6621360067851162,0.39003749609415683,0.6887166628675633,0.44424397468695304
7_203_203897,0.18210077906128871,0.011943227782963549,0.0001357825926716195,0.3291475489012316
7_203_203899,0.7926398837330011,0.6481449375866851,0.8629706492736436,0.7792687366723878
7_203_203906,0.9144492643441706,0.8112209457654288,0.9141572612747624,0.7409304310712761
7_204_204017,0.9367983159582999,0.8539735693356455,0.9815814544299778,0.9573591839320789
7_204_204029,0.44042945155834745,0.45940580956792165,0.45921207148947124,0.5594191178948078
7_204_204044,0.9692834206523576,0.8426163231418979,0.9898960697301282,0.9366886813937599
7_204_204115,0.9372271494876154,0.8333740980799804,0.9831990231990232,0.9444086160196054
7_204_204119,0.6256792927244708,0.4387471182128945,0.699238578680203,0.5252183945937037
7_204_204201,0.5526614511428133,0.36398671096345514,0.6058507339259872,0.5161415791520809
7_204_204208,0.9643119640669661,0.8922929120409906,0.9897037458151727,0.9697991551174683
7_204_204227,0.9316558993539612,0.7543314695934286,0.9766940646987977,0.9195514383227694
7_204_204229,0.9555645324176933,0.8469811781960401,0.9917016204472072,0.9696100917431193
7_204_204239,0.9038558437507498,0.7746909244169711,0.9899720272338629,0.950337146753542
7_204_204261,0.9216958259616015,0.7716596957301098,0.9201663485137714,0.7887974859044274
7_204_204300,0.9351699607395725,0.7757761364318742,0.9827647476901208,0.9331628188732584
7_204_204312,0.914796384685691,0.8353815375821664,0.9552531301034295,0.9192362671023075
7_204_204391,0.9281124957128158,0.6733650694552833,0.9789053175163812,0.8970616113744075
7_204_204406,0.9029131985731272,0.5389985348616737,0.9728809160800597,0.7384433613941811
7_204_204419,0.8455168119551681,0.7272178355782629,0.9597862970182658,0.9298568507157464
7_204_204588,0.8291704984366378,0.5182295573893473,0.9478743391444925,0.8617026954897251
7_204_204589,0.09187560169101336,0.1017452485380117,0.11613363028953229,0.10650040883074408
7_204_204599,0.5198042236925587,0.4401198712493988,0.5335971188930484,0.47126170926332833
7_204_204609,0.9316167290886392,0.8013552399517312,0.97006205439662,0.9092134158514673
7_204_204661,0.9400323719054315,0.8097804993747035,0.9515336753629516,0.8381058248110271
7_204_204729,0.9632556433596746,0.8332993433128033,0.9907977045959778,0.9578749781735638
7_204_204731,0.5979199082794202,0.3313039066463724,0.6577378205246543,0.4487744506157933
7_204_204745,0.3835001865126173,0.07207783553245369,0.3855642725374526,0.05580259606734353
7_204_204777,0.3986677324806821,0.1629790744768619,0.4397939623440311,0.254361754558896
7_204_204789,0.9041640638093642,0.6003443728018757,0.9649574341714512,0.8604862187606337
7_204_204802,0.35698349913238414,0.2998328458002507,0.3601857504142321,0.3441802806924337
7_204_204804,0.9595833638964277,0.8942826819251535,0.9698087379748279,0.9293491294546501
7_204_204911,0.9583424591528319,0.8401426853042432,0.9579670948839306,0.8428133013831084
7_204_204934,0.8741092636579573,0.7305504366637289,0.9629440761516234,0.9238121496186013
7_204_204940,0.9529226219812715,0.7856040950844961,0.9887203342733055,0.9219380376037147
7_204_204947,0.7442450495049505,0.6991363883918151,0.9221598877980365,0.910567287043665
7_205_205028,0.8802304184334747,0.8085671479160992,0.9390822784810127,0.8931824860417279
7_205_205039,0.9338143471624809,0.8178139452152259,0.9663350343257829,0.9231125092524056
7_205_205040,0.3054393305439331,0.10327901256259334,0.07557262148294712,0.45166777178770146
7_205_205157,0.9430107156393205,0.7911766535996515,0.9774699840879503,0.8794406150583245
7_205_205159,0.9691863264323544,0.8855007119126721,0.9879367172050099,0.9126071135109755
7_205_205162,0.9591794745180339,0.7646806226516372,0.9742188327507679,0.8074631545939166
7_205_205166,0.9470541401273885,0.8035219305397032,0.954715204770124,0.8196453823561406
7_205_205174,0.6375947622329428,0.48622780971634344,0.6585435405106758,0.5659531434350245
7_205_205250,0.7559532551455007,0.2671030405405405,0.934473854099419,0.747933508947225
7_205_205266,0.836834767559252,0.7467191601049868,0.9789759240420481,0.9676673274804116
7_205_205299,0.5376854325992813,0.28284414106939704,0.86667548617542,0.5433854152850359
7_205_205328,0.9589407360907675,0.8091081593927894,0.9889625256054947,0.9463245247483962
7_205_205332,0.850845306098898,0.6907303767107181,0.9365394467213115,0.8688224527150702
7_205_205363,0.9156228200539869,0.7364355601329525,0.9614065734989649,0.8801105255078545
7_205_205373,0.9300596390674618,0.7598318080633193,0.9711324944485566,0.9031947784266575
7_205_205377,0.9505436971405558,0.8254500779662619,0.9736658771074265,0.9017482517482518
7_205_205420,0.3570909832201511,0.1704928734631705,0.4445798599262256,0.19627538675856002
7_205_205422,0.8304119850187266,0.7970338104127774,0.9278314310798946,0.9168363883231501
7_205_205457,0.7942033242760275,0.47819329771733854,0.9281759906759907,0.7254632521340829
7_205_205463,0.9145322516938595,0.6948462241169305,0.9557476785142491,0.8689419795221843
7_205_205479,0.8440247801758594,0.7702353953233753,0.9273504273504274,0.9312806041995186
7_205_205500,0.3196259224561577,0.09095032887276026,0.2898371131250093,0.02451802179379715
7_205_205509,0.9283433841787868,0.8015525758645025,0.979168915272531,0.9377794911333848
7_205_205544,0.9540582434616273,0.856488874693921,0.9527860045457676,0.8461417487942965
7_205_205569,0.5493625313779892,0.3965985356924954,0.6475041076598075,0.5134572515079989
7_205_205643,0.9335178251668566,0.8499437919137884,0.9641379781887799,0.9295972400513479
7_205_205687,0.7225725751811122,0.572107438016529,0.8314997104806022,0.7508514664143803
7_205_205702,0.8920708743017466,0.6559643870154428,0.9555165028282717,0.8140005519271456
7_205_205703,0.8265257087938491,0.5571099077416767,0.9525501432664757,0.8521062271062271
7_205_205721,0.7256332320162108,0.5381919780271819,0.9619193374144761,0.9440238586831842
7_205_205756,0.955720319529887,0.8058234489893951,0.9794103661436043,0.9272242722427224
7_205_205773,0.7523638539796529,0.5247159227117993,0.8294813222252083,0.8156424581005587
7_205_205900,0.8074675324675324,0.5593835993395707,0.911818215571975,0.6947031667611565
7_205_205968,0.6661848104080952,0.3431231433558938,0.7728335693817727,0.6705957155433826
7_205_205976,0.9116930572472595,0.6264072730698572,0.9809363315603771,0.9128158844765343
7_206_206016,0.538135701999846,0.23554333618785775,0.824138931487545,0.6191232219810129
7_206_206022,0.8194906335508314,0.6067341549295775,0.8713785864240727,0.6180810878871821
7_206_206025,0.7912733683475961,0.6955912135846705,0.9444117513919695,0.8916666666666667
7_206_206026,0.9559065856014546,0.8569209684787574,0.9715531622230676,0.9040474855113105
7_206_206027,0.9405897114178168,0.8001601281024819,0.9466526509427764,0.7992932862190812
7_206_206051,0.9026491447642887,0.5945757997218358,0.9598648648648649,0.8227412912685171
7_206_206054,0.5215608010460395,0.2281633303244305,0.5586438877578118,0.33657932011331443
7_206_206284,0.9321986389896756,0.6786454478164323,0.9828349488998239,0.9117697300990776
7_206_206305,0.15918214919241902,0.0,0.1850311098249168,0.0
7_206_206320,0.741774459588506,0.5339375514958661,0.8228822882288229,0.6203126802815276
7_206_206323,0.8841841445719562,0.592759624451642,0.9237486687965921,0.7537083550542628
7_206_206330,0.8029794953548458,0.8292738006903894,0.8686430465172331,0.8863121005978148
7_206_206416,0.5769222160044768,0.6975848273818344,0.6029390884566236,0.7481701046518662
7_206_206481,0.5382829743511682,0.21024103909079556,0.5597023785965884,0.24548701612124724
7_206_206495,0.9277210447990968,0.6442640631208492,0.9814626922971453,0.8409557588202352
7_206_206548,0.9672391960777947,0.8752717560096901,0.9967805761427277,0.9870732515744116
7_206_206592,0.9173170008890645,0.7213048405374778,0.9674545837132636,0.8826006478482185
7_206_206596,0.8837625591869731,0.6498979514702548,0.9602659150787329,0.8152292219948627
7_206_206605,0.7829804560260586,0.8295441818792698,0.8631422924901185,0.9043009435118246
7_206_206606,0.554805471664594,0.5717707757508752,0.7272176197211558,0.7048488305761552
7_206_206631,0.7917612581004664,0.5290475747137138,0.9315533488701996,0.8634394223054292
7_206_206703,0.4875305479492389,0.2686724862267616,0.5425614664006223,0.3175052601501416
9_100075,0.8660213110075159,0.7345150774246129,0.930804785209353,0.8409028602759755
9_100080,0.6161245991754466,0.3443607674376905,0.686406015037594,0.4915692007797271
9_100098,0.8458216916433833,0.6026803708182185,0.9212839910038847,0.816396437542818
9_100633,0.8473330204911622,0.5057501652346332,0.915418349181538,0.7620643431635389
9_100999,0.10061450707124166,0.0,0.0,0.09761766414875073
9_101_0136,0.6004679876530917,0.3290503822418716,0.8285555439730359,0.5348527094193235
9_102_0208,0.9260479159314591,0.7700094719393796,0.9678270912390695,0.9019633253418
9_102_0260,0.8060174470357843,0.541454335977312,0.8535857326381017,0.6260084976368931
9_104022,0.3397801759589263,0.1998459311825949,0.07808178216341481,0.33032628860354296
9_105025,0.34469073953916496,0.29805812589599895,0.37631774185199884,0.34658476032847413
9_105053,0.06614333146971235,0.0,0.0003892237615846667,0.24037819408808125
9_106020,0.8639405982012132,0.508103649068323,0.9088043706661063,0.7339828606406855
9_106024,0.8980771052382306,0.8474433557868953,0.9434396236278098,0.9292235598287145
9_106025,0.8888606565707897,0.752729685709115,0.9615384615384616,0.9094517829032921
9_108005,0.876950308115904,0.715255078819976,0.8759089364593952,0.7186514673781227
9_108028,0.167507252845347,0.31994418840640987,0.17924800461582843,0.3654645172012631
9_108041,0.2941801015991245,0.21226449407143377,0.2884479092841956,0.33930499656424856
9_108070,0.7799677608440797,0.49959338574139334,0.8856634016028495,0.75240366698964
9_108073,0.8763518385003605,0.7978957805442327,0.8703201652465788,0.790833711949114
9_108076,0.03431322858590978,0.0,0.0002466547450206573,0.045945100492687886
9_108082,0.9112355848434925,0.7666637546955534,0.9571529494878135,0.8817814141601971
9_108_0873,0.9129250577748432,0.8297688993341167,0.9514145141451414,0.9035904255319149
9_108_0881,0.9251630399690063,0.8358631157720436,0.9543660246375826,0.9170853349957827
9_108_0883,0.9015477214101462,0.8189798339264531,0.9407045370711914,0.8805
9_108_0892,0.8890285509068055,0.838179314813315,0.9440841194968553,0.9227621037965865
9_109034,0.08091167396314769,0.20096789685618235,0.0003891886088520278,0.2992054740294625
9_109053,0.834319842158588,0.7511011059998043,0.9490196078431372,0.9061641991924629
9_109256,0.7956016755521707,0.8334470273390355,0.8628736526280698,0.9032870137842514
9_109272,0.8438431279055907,0.5752246593873804,0.9601969253634295,0.8789829212337497
9_109_0936,0.9296235103877386,0.8256184618147533,0.9778311264488541,0.9405476006191951
9_109_0946,0.9307547564290194,0.8168799512492383,0.9743704232898732,0.9223091319161189
9_109_0947,0.938012882731845,0.8771186440677966,0.9803473065073289,0.9578046012586403
9_109_0952,0.922360248447205,0.8555797364284851,0.9583947239177717,0.9249177578533188
9_110_1002,0.9185271830341251,0.7898682417083144,0.988499452354874,0.9635214616443499
9_110_1003,0.9274341307321101,0.8126389660922735,0.9738134206219312,0.9228470223599734
9_110_1027,0.9125736969440725,0.8157597465215595,0.9181806791128931,0.8265029273168643
9_110_1028,0.9295226512617817,0.8648385639314635,0.9833392990791058,0.9670895663700056
9_110_1030,0.8993304086815977,0.7955694160662437,0.9450152341812513,0.8914363565589724
9_110_1059,0.8965803452855245,0.777093296587501,0.933495979036776,0.8756513291530513
9_110_1065,0.8149456080532554,0.7372238088080565,0.945793751836255,0.9124007664932932
9_110_1072,0.8776422764227643,0.8147092053585839,0.9463544754001185,0.9229863400847856
9_110_1082,0.8998323554065382,0.8094604863221885,0.9702861837600986,0.9360669283205949
9_110_1099,0.9124939231891104,0.8308978328173374,0.9686069326357096,0.9435833442795218
9_111_1123,0.7771278051450465,0.6671312236978739,0.9613025827070917,0.9479001511743668
9_111_1124,0.8081083042973287,0.745476374238916,0.9318071758749725,0.9031409941807473
9_111_1136,0.9264771212794314,0.8277348746861231,0.9563493621197252,0.892553772788237
9_111_1139,0.8806422296273856,0.8368009063755278,0.9475630252100841,0.9296033915323255
9_111_1149,0.9093259175120442,0.8595948012232416,0.9514013993045373,0.9228229303417274
9_111_1150,0.9350261932479628,0.8451847467658747,0.9305513365735115,0.8319796954314721
9_111_1152,0.8801163723916533,0.8369947275922671,0.9262599083703004,0.9000308166409862
9_111_1153,0.8861049735273273,0.8087407407407408,0.9686422514211164,0.9412994397524876
9_111_1162,0.9026883983881638,0.8382968685498614,0.9223697650663942,0.8818263205013429
9_111_1197,0.9169397488725219,0.8316382128586997,0.975022674945929,0.9572843917492285
9_112082,0.89223357101561,0.7999352279167679,0.9115637598132824,0.8220131623354708
9_112268,0.8652596632677259,0.6861026850915627,0.9553888564915443,0.8844772612854506
9_112449,0.692764974361864,0.37311990101689674,0.8187308154277325,0.5752503772808342
9_112515,0.9127985226454662,0.7373059169114562,0.9403368734357032,0.8119385106807746
9_112517,0.8968787142783319,0.5821430041575762,0.9392241144784809,0.6633418660075912
9_112535,0.7461215550282898,0.8082427536231884,0.8984392419175028,0.9009984600864338
9_112_1276,0.8942874164294697,0.8429932735426009,0.9573157475179361,0.9388340041468471
9_112_1278,0.9449740281979565,0.9047400436129921,0.94955525043281,0.9138792545999648
9_112_1289,0.916425138496533,0.8520846106683017,0.9615763158930751,0.9285743422394452
9_113009,0.8366346848240999,0.8777570789865872,0.8849080903875425,0.9085637993515163
9_113016,0.8648321840583025,0.8252889191026512,0.9246214734395991,0.9044227780132824
9_113044,0.9157850400138747,0.8506529803343665,0.965154556403051,0.9450160857196033
9_113418,0.33844314610208054,0.24188323374847023,0.5174038372129064,0.44152346755578353
9_113783,0.903544116437793,0.8625625811236789,0.946284691136974,0.9039616759181811
9_113905,0.5903289921020974,0.31966219234614646,0.7900817564196062,0.7251530258093014
9_113_1342,0.839522218096299,0.6933438985736925,0.9132722335369993,0.8177981651376147
9_114_1426,0.9118780318780318,0.7465801782719972,0.9548627828598941,0.8720401591210456
9_114_1427,0.9013959672058498,0.8312974579069,0.9842130927709375,0.9361425873465533
9_114_1428,0.9088450962419798,0.861994059493727,0.935237722559186,0.9061599670736726
9_114_1429,0.9265401960418919,0.8845408756296009,0.9560869565217391,0.9240581783500238
9_114_1431,0.9136427130218843,0.8356109177505038,0.9796443612540945,0.96021324134687
9_114_1435,0.9073354384260384,0.8545032203568789,0.9457720588235294,0.9185291997116077
9_114_1439,0.9296612269460865,0.898729792147806,0.9482463325638544,0.9231532962668785
9_114_1443,0.9377220480668756,0.8647637574351876,0.9859235124790434,0.9677496798975672
9_114_1446,0.8903677758318739,0.868969188793505,0.9743839485730983,0.973937392303274
9_114_1447,0.917963224893918,0.8543592878428975,0.9459074733096086,0.8956577317940319
9_114_1450,0.8864112059249718,0.8663416487273649,0.9497814646329498,0.9552440010784579
9_114_1451,0.9106671210701202,0.872378716744914,0.942197590802913,0.914746165832855
9_114_1454,0.9166310023110502,0.8411980381886577,0.9662168365005049,0.9386390321098576
9_114_1460,0.9200038974958589,0.8351120597652081,0.9420259631927428,0.8805301474705992
9_114_1462,0.8733898050223047,0.6973774230330673,0.9397997012117524,0.8648666578214144
9_114_1464,0.8922191946715108,0.8685261450143517,0.9652080046500041,0.959122830263681
9_114_1467,0.9216047110783953,0.8133574484979488,0.962719781430397,0.9174964438122333
9_114_1480,0.9355015031429352,0.8580987294017155,0.9688576307487482,0.9364770216112963
9_115476,0.9575604100561387,0.8218838526912181,0.956585290001555,0.7686768182068056
9_115479,0.5015930150546003,0.24895418984573384,0.9708431646362017,0.8744578075709779
9_115_1510,0.8164765297380169,0.6443523316062176,0.9566140446379967,0.9083791437614526
9_115_1541,0.9048914340252923,0.8402291253580084,0.9447692307692308,0.9107092925715351
9_115_1571,0.8793561724748966,0.8077097880428046,0.9475279722206912,0.9100502045370026
9_115_1579,0.8813476220494502,0.8032419967444384,0.9147806004618938,0.8679829934423867
9_115_1580,0.9228713249331806,0.816375997635235,0.9671352007280817,0.9160189573459716
9_115_1581,0.8888192922016912,0.8532189908028834,0.9329051297630414,0.9207933797451727
9_116593,0.9058659217877095,0.8548937784522003,0.9507307518457134,0.9460991445944553
9_116758,0.35927292421216533,0.33858580133201077,0.1931355552525469,0.3438572856459954
9_117003,0.8907372400756144,0.7750029730051136,0.9341922970351898,0.8698621227887617
9_117011,0.12122464441918931,0.0,0.12353333411321549,0.0
9_117200,0.26755978251606416,0.05730877052462956,0.34697007006782926,0.2555078211059705
9_117435,0.3833236702527432,0.20126595577034195,0.5526911741895455,0.4267750892502975
9_117821,0.6702943914732415,0.3884323312181421,0.9373861885418125,0.852616311502845
9_117838,0.9441457232868276,0.7864762313860252,0.9464751958224543,0.8461050796418099
9_117_1751,0.8459265992500852,0.840958605664488,0.896250316696225,0.9054462317302197
9_117_1752,0.822112867762538,0.8597201262175882,0.9532929692326703,0.9597918989223337
9_117_1753,0.8224933687002652,0.8313549507817024,0.9421907951867013,0.9073394495412844
9_117_1754,0.8450400101613108,0.8456695455646138,0.9322976054732041,0.9424709755674926
9_117_1757,0.9190277132683078,0.825697039379132,0.9427008509227539,0.8803093396787627
9_117_1776,0.9673793402488242,0.879185692541857,0.9855052599115923,0.93691666115046
9_117_1788,0.9270358826820108,0.8606943283319399,0.9728302529597138,0.946674124831026
9_117_1790,0.8774619289340102,0.7888213393656629,0.9466135016890956,0.8925079757126685
9_118020,0.8950818369617035,0.6849245949430958,0.966543718811022,0.8977003942181341
9_118035,0.1363543196802514,0.21388731329173757,0.1403919223191669,0.19537874221418525
9_118_1828,0.8206873086083702,0.5768855189844333,0.9708124948757891,0.9388772298006296
9_118_1869,0.8993034524530588,0.8200600709929917,0.9258899676375405,0.8784440842787682
9_118_1871,0.8938996907918872,0.8330836166657062,0.9564847866734659,0.9312086220169361
9_118_1873,0.9044220996864526,0.8172832789263692,0.9593849043314943,0.9283175355450237
9_118_1875,0.913396395244791,0.8060314314030865,0.959600109559025,0.9079513705353772
9_118_1877,0.9007971656333038,0.809156925256819,0.9536253614651387,0.9248215856877505
9_118_1878,0.9116286363992786,0.8345075935493972,0.9427065908330545,0.8890261987147801
9_118_1880,0.9513611929946246,0.8381793103448276,0.9400261933793975,0.8324444444444444
9_118_1883,0.8944508009153318,0.715150728774707,0.9612560752817897,0.8934601203182612
9_118_1896,0.905084956743636,0.8536966331135023,0.9437885698953582,0.9372400072345813
9_118_1900,0.9773520144046816,0.9228884332649897,0.9777030715742896,0.9205545997368687
9_119082,0.3145314419747571,0.3641906873614191,0.5192558949791576,0.47983958378495556
9_119_1936,0.9392837945068728,0.7877507469056765,0.9924084266464225,0.9739447142323496
9_11_11346,0.8312696900871859,0.6827800555482079,0.8899709416476871,0.7728272437034409
9_12003,0.8738534340258646,0.7873515994673165,0.956833237327189,0.924875205407249
9_12074,0.4300619170151174,0.3647507858105074,0.4548787061994609,0.3931668750756323
9_12084,0.37394408090422365,0.0,0.38110828179944223,0.0347333845831295
9_120_2051,0.8788411840076443,0.590914553539238,0.8962596723056117,0.6673701983959477
9_120_2056,0.8377473504352444,0.39689635902506126,0.8542166972736263,0.4451462617031761
9_122048,0.23727603951470533,0.30011812673855887,0.24578299074219362,0.29412819685067615
9_123074,0.7746800277805338,0.697526599419649,0.7892391667594965,0.7630257140715196
9_124084,0.9149032947039513,0.7285607289976282,0.9795697095964965,0.9364408224503018
9_124_2500,0.9709654686398872,0.8727019660151946,0.988843166801901,0.9329021827000809
9_125_2501,0.8519998597819609,0.5197408494379534,0.8935661764705882,0.6394326065411299
9_125_2537,0.8374770735683718,0.455825946817083,0.8679782442423727,0.6207285308867551
9_126007,0.19303173124349207,0.05839253289159313,0.22152058202891248,0.14065531364518216
9_126039,0.20127083525186482,0.22494093823827202,0.2238020553881712,0.29737899983920246
9_126_2647,0.7552962000110626,0.28668051990384225,0.8577390966740003,0.5221349425167767
9_126_2677,0.8351357964276975,0.5392776984288921,0.8884764195336191,0.6820516694364708
9_127_2790,0.8328648527096919,0.6613992242493895,0.9434407915735716,0.907977797126687
9_130026,0.3406820419296009,0.12550624191056742,0.02822202919285337,0.2370075440067058
9_131260,0.7550475059382423,0.47845096814490945,0.6230526918671249,0.4882945035059941
9_134008,0.8320923122441936,0.7136797454931071,0.9142208345160374,0.8623708804722086
9_134035,0.8650583244962884,0.7293354943273906,0.9418709354677338,0.8975771971496437
9_134052,0.8852647246438443,0.8676299968357768,0.8909517025871972,0.8694986326344576
9_135037,0.09368345549503508,0.14157635033923693,0.0057379444715051145,0.5200327702570905
9_135534,0.27233759256231166,0.046382765704027204,0.2388793905036144,0.0
9_138078,0.8351438541049444,0.6972409564684243,0.925280199252802,0.8108255451713395
9_140055,0.4556788430370278,0.4265635980323261,0.4060622610595303,0.43986194995685934
9_140061,0.8851041905198076,0.6218933823529412,0.9664009750934197,0.8932686719705016
9_140075,0.5979895027132818,0.1355089912393053,0.1681707374244058,0.10127117016782519
9_140827,0.3445366771839073,0.17507742117117117,0.34321739746405044,0.28801155512758786
9_143090,0.18787486769375514,0.35315856903518283,0.19449072870966264,0.3829450737337038
9_145014,0.8002677475735376,0.586491575339159,0.8585110832287746,0.6875311969651592
9_145053,0.8965368277053783,0.7775475751995089,0.9594968752472115,0.9016865158660379
9_147021,0.8151595744680851,0.8128138180357501,0.8418742739124823,0.8391405342624855
9_147062,0.8532842506763649,0.7545853444493199,0.8181498593812776,0.6734335350380636
9_147091,0.6471539349942254,0.35555708060254604,0.7325180072028812,0.578423136925477
9_15001,0.8436746767949748,0.5803645852208894,0.8695400698356933,0.590723839044831
9_15002,0.4936285773971172,0.28029584676654656,0.5529916275270573,0.5141253449933327
9_15004,0.8035765284826116,0.4619449541284404,0.862458553358713,0.5882866814690787
9_15015,0.8732538579682586,0.8243690899235078,0.8121366568447878,0.7403350105088848
9_15036,0.9353248582335718,0.862725751791,0.9777359673878959,0.9373982666842637
9_15041,0.26024366185918796,0.5131254348788664,0.26645949067708047,0.48672125705433217
9_15049,0.6003388189738625,0.47497689158853823,0.9563787638668779,0.8307857471499412
9_15056,0.8603420195439739,0.7567693744164332,0.9316481294236603,0.8803736580378305
9_15063,0.9009800078400627,0.8480808080808081,0.9409325547939409,0.909591321626121
9_15074,0.6649432425406545,0.5878416588124411,0.6894604957280439,0.6771657461312633
9_15087,0.8440614227514885,0.7630420141946848,0.6539505837632364,0.5443494385495004
9_15088,0.8517610748002905,0.7443340972752738,0.8366352367835576,0.7315070860698237
9_15105,0.9032760254501151,0.8124726886821899,0.5540180553500074,0.5361674438781043
9_15120,0.3813220940550133,0.2516870206392574,0.49837495723571673,0.4199017851217732
9_15122,0.8795500505561172,0.8652145430723878,0.9243167484232656,0.9254739028823682
9_15130,0.9301252301070808,0.6838351391081832,0.9704976141785958,0.8168579250888333
9_15151,0.7737315875613748,0.5442336495257114,0.858682073703935,0.7753195145526797
9_15200,0.15371339546425605,0.0,2.344885804061342e-05,0.05964566358337924
9_15207,0.8958815000587798,0.6758565001730303,0.8971739130434783,0.7559431370206666
9_15213,0.5844686648501363,0.4911811215180635,0.6106434244578636,0.5808980755523877
9_152_5246,0.9231032242623175,0.6923293984856324,0.9868435640637127,0.9566591696553401
9_15319,0.8593171534348005,0.8793380979975532,0.9608675153229609,0.9583305464517423
9_153_5325,0.9727962294719787,0.8520999199629302,0.9730584707646177,0.8641274414269372
9_153_5328,0.6861647168616472,0.3912567308569864,0.7283566248009906,0.516934801016088
9_153_5366,0.6112973308504035,0.49167888246960423,0.8347050754458162,0.8054371616173251
9_153_5398,0.927392329651235,0.8733932430895234,0.9813928761297183,0.9586365841824357
9_154_5439,0.9352075554579398,0.7800836465667849,0.9883258158662775,0.9594522811780677
9_155060,0.0010068575160552956,0.04052332985990506,0.0,0.019734519522699993
9_156065,0.10187260751112184,0.028306707845446265,9.59439687222662e-05,0.11557232173477194
9_156079,0.26318399149991145,0.2590414089809088,0.11029632488528668,0.3228318803454117
9_157_5727,0.8613488182559087,0.7352500468252482,0.9423312883435583,0.8914387509169024
9_158_5813,0.9521550694468143,0.7460226948736957,0.9735294117647059,0.8950220794861501
9_158_5816,0.290939933512455,0.09360272502449722,0.2950549006477237,0.09158955377339091
9_158_5839,0.23421156196275814,0.0,0.24067728066067856,0.0
9_158_5896,0.9077379151793817,0.765647638365691,0.9455734789787883,0.8639100126742713
9_159008,0.5482021078735276,0.1984795462773018,0.8682021172896879,0.6197286395306197
9_159029,0.17446461223772972,0.018728750072033656,0.17032163004975326,0.023263549614353132
9_159045,0.2311834990406419,0.08562227694639137,0.3612210495455878,0.301378545396926
9_159091,0.8404123573317267,0.6076052771310705,0.8937947966578228,0.8099348247313722
9_160068,0.49080142577900426,0.3281219299969125,0.5776642033289592,0.4382942935459756
9_16052,0.06874132121981938,0.06806814063066328,0.06697851988588689,0.015941959810987543
9_160_6083,0.9416822284469343,0.8164583457927157,0.9742685793014021,0.8963354648303
9_161062,0.438768912453123,0.44828630558780475,0.4600140420809458,0.4325066430469442
9_161_6109,0.9312380710013997,0.7316786029628176,0.9849887955938336,0.936816253628042
9_161_6143,0.4076471778272304,0.1292406497922176,0.4335592327402476,0.15871648944136588
9_161_6144,0.37135549872122764,0.19655937101001278,0.39370932754880694,0.32542716345046746
9_161_6145,0.963360473723168,0.9028438318936233,0.9725072752335733,0.9260221933419974
9_161_6146,0.916229637536548,0.7628353295510262,0.9511842168732816,0.8523364485981308
9_161_6155,0.8725597804782438,0.5552527519504115,0.9598947776963215,0.8658924476662475
9_162_6230,0.137049259636816,0.0,0.1412041157831025,0.0
9_163014,0.2588533675673983,0.2271896768299646,0.289877857056476,0.32436633997972286
9_163062,0.21725228202425823,0.2980591805428959,0.21111772585206132,0.4047566002005124
9_163085,0.5181390639363701,0.315946783305996,0.543999324818545,0.3911249062009687
9_164074,0.8014964270701975,0.46651725683549977,0.7952747710241466,0.510681828995575
9_164_6484,0.9576964014765496,0.7985051058006106,0.9762752624520187,0.8825719684339224
9_164_6488,0.28010950664173206,0.030259999323798897,0.3018762076918282,0.043673428060346284
9_164_6496,0.9710010145417654,0.845713016437139,0.9852304294563211,0.919973792587046
9_166081,0.6382169022112693,0.28640842677539924,0.7635104655359076,0.42485380116959065
9_166_6649,0.8730637422892392,0.7588446550011462,0.9551891563827635,0.8834702042535271
9_166_6650,0.8196632265073329,0.7364249945569344,0.893033318909563,0.8854462474645031
9_166_6654,0.7612198414037455,0.6774529252983836,0.8551730787773599,0.7925170068027211
9_170054,0.1923952641165756,0.2697808147567305,0.23873061666065634,0.2776189675466622
9_17015,0.08418239518957742,0.22098013773829722,0.09046521090465211,0.1951964517343822
9_17050,0.8603360488798371,0.6449610438968771,0.9429333939015389,0.8600328829794839
9_17054,0.13991784375900837,0.09123935058672239,0.14669858870967742,0.13271309847760535
9_17077,0.39230751640712536,0.1742003252914069,0.501460593776082,0.33302985289184917
9_17118,0.24243442420984254,0.10885056995961351,0.3281601925272284,0.22055027248858194
9_17162,0.9053670935575325,0.796562453696844,0.9584385521885522,0.9299053680596265
9_17188,0.974241604594066,0.8835183767228177,0.9690819824776739,0.7893391442819427
9_172032,0.455139390496287,0.32815266574857366,0.5058162122631807,0.5916274201988487
9_17208,0.08706239806974822,0.029863681767436395,0.00031692930715732017,0.17326014913007456
9_17209,0.9205782171637451,0.7762709972654724,0.953268585862985,0.8714569416862249
9_17212,0.6461495997791885,0.38623299653682747,0.9756485904280229,0.9336286248183265
9_17215,0.9178527136360952,0.8562409498986389,0.973156062044951,0.9206358551663232
9_17216,0.3302307543145239,0.2390802183956321,0.33755801928765544,0.4627484533368435
9_17234,0.2903330902772391,0.06829896907216494,0.0003276217934016971,0.24991056037987447
9_17238,0.9471845047923323,0.8318908122503329,0.9541070317361543,0.816812749003984
9_17249,0.9062468640240843,0.6524838746180831,0.938035614170916,0.8185788372304613
9_17261,0.9672017121455324,0.8417996210037288,0.9898792662468029,0.906630003055301
9_17262,0.8358665613896565,0.6955490820405121,0.9276256732495511,0.9163963671748298
9_17282,0.8563321316432143,0.41552123187378964,0.8884645136337266,0.5226275865627741
9_17304,0.12302964775507881,0.03673148693773325,0.13390937655035554,0.13247764542844886
9_17317,0.7550755539074813,0.47931678676274353,0.4944273538756367,0.4476481724188146
9_17326,0.8438053271432506,0.71257893838539,0.9110687699397377,0.8069016453982192
9_17332,0.9368204830276371,0.8511093073593073,0.9006587730625287,0.7069853026809214
9_17335,0.28573520081987214,0.4221696231483205,0.3096974608319827,0.4866726397132938
9_17336,0.9462664106688807,0.8477267860966383,0.981709129224867,0.9358438456370829
9_175_7528,0.7909219738150131,0.5143288084464555,0.8892958215415349,0.6037891268533773
9_175_7541,0.8043419193565917,0.4409409215769722,0.8553522038486435,0.5780798274002158
9_175_7551,0.9683992631558958,0.8418379803701352,0.9872193302773677,0.9327236087428306
9_175_7583,0.9707834042004896,0.8849270664505673,0.9930360737978151,0.9708811208021427
9_175_7584,0.7371331229579156,0.3893344161337258,0.7809954212998751,0.4495189649452615
9_176019,0.32101159114857747,0.3025397874118264,0.2852962316459595,0.21403170670153945
9_176035,0.3720118878408063,0.09871180347513481,0.5976803076249726,0.6142868660807869
9_178_7847,0.7952795658210274,0.5455575702629193,0.8188776341074162,0.5959147004586506
9_178_7848,0.6225767690253672,0.18377813657517333,0.6353603204665295,0.22932441734683842
9_179_7945,0.7906139547061134,0.5872943624422914,0.9254062623860484,0.852186154355747
9_179_7946,0.8813589628967367,0.7909742458848547,0.9711913574072222,0.9592178278869021
9_180_8015,0.8394954235596424,0.43133271652117944,0.9177337718377534,0.5815988014339986
9_180_8023,0.7853940566892869,0.5104754491794772,0.844366552484134,0.6490958060792612
9_180_8024,0.6874419756142849,0.43534557422483977,0.8079404648434636,0.6098764149963651
9_180_8028,0.9812556293970155,0.9117251854881112,0.992515303972837,0.9629226395693462
9_180_8044,0.7871928746928747,0.5236074529314213,0.9353673223604978,0.8155175652827353
9_180_8048,0.9341564920210567,0.7951162790697675,0.9438522278623801,0.8089652769713157
9_181018,0.8210114806017419,0.4228115969050061,0.9510075880997461,0.6405380537177409
9_181079,0.9542316439246263,0.7649743297204792,0.9488516215480602,0.7232742575058672
9_181091,0.1810408373875866,0.09155922384846077,0.1953654018142328,0.15796056308044387
9_182_8259,0.8948944257856232,0.5934481728567161,0.9276557767200346,0.7077647823261858
9_183087,0.9397120055517002,0.7156619018023617,0.9708044239884591,0.7496169840227621
9_183_8309,0.7174458738625666,0.3949899489717025,0.81093110201175,0.5644403358755103
9_183_8314,0.9544093309165419,0.8361670293797606,0.9903500163559045,0.9653564290473018
9_183_8315,0.26010927853862764,0.026354112838821817,0.2630316449856998,0.06382719558244346
9_183_8318,0.8911319237706165,0.6148037754595131,0.9139568666890155,0.7299084435401831
9_183_8320,0.3364813368363748,0.09856240470485733,0.34904339710685955,0.1160367493277562
9_183_8321,0.615547703180212,0.5054521603673034,0.6446135288113575,0.5593515774795189
9_183_8322,0.8526810235430043,0.48082089552238805,0.8778200253485424,0.5531176447121714
9_183_8336,0.9802795584045584,0.8998286251312952,0.9925582447410088,0.9604204963235294
9_183_8358,0.3991716855566621,0.0,0.40931046779265406,0.0
9_183_8395,0.9470614274926438,0.7508982678178796,0.9885257490891294,0.9462331782165765
9_184_8457,0.960259790367179,0.8883890680699372,0.9892861925806884,0.9712230215827338
9_184_8471,0.9170398932226013,0.7217269312576368,0.9596306233231422,0.8393119670685093
9_184_8494,0.8024177300201477,0.4053826450050879,0.9767198679141442,0.9342520815389033
9_187003,0.6587365746622011,0.5204729082028575,0.8854933173149121,0.8246201550387597
9_187029,0.9459031855660693,0.8237255836112435,0.9807845511615308,0.95024222393263
9_187039,0.786533698344414,0.6956299775372677,0.9314781799860475,0.9052077596230341
9_187083,0.9096913247632976,0.6633615864385095,0.9061334176414796,0.6371312159442345
9_188063,0.1420416095504156,0.2031493145609485,0.0006565509191712868,0.24745652644490945
9_188091,0.04539930376748306,0.03474142988852569,0.04328953312513503,0.0
9_189011,0.931033739355395,0.6942794743093605,0.9744477340013664,0.9068721083237828
9_19021,0.24573811373206328,0.06349151487920368,0.3447153491455954,0.33345813387532425
9_196015,0.06181961757572339,0.298259563565686,0.001030795000644247,0.0384180790960452
9_198023,0.12339632181002338,0.07023795838602138,0.1259146079022123,0.15094271862093733
9_198054,0.9172662308413376,0.46061409321846697,0.9310582341891046,0.5160631462490958
9_202012,0.7203223987528607,0.586665015019665,0.7694808877462286,0.6699369761548957
9_207056,0.9240063692278873,0.8641088770346054,0.9291020247173284,0.8810353236257229
9_208001,0.866816575650498,0.7453573742172317,0.9696480938416422,0.9375690967028679
9_209070,0.8575,0.7186962996906863,0.9220204058750981,0.8681392645169186
9_210088,0.12576661028320876,0.0,0.04236627431592158,0.2638945141982809
9_21077,0.8267734346724575,0.5559579862368706,0.8933293269230769,0.6803935026309769
9_216053,0.3856227056051723,0.3095981788342422,0.34083472070727366,0.26619411123227915
9_22001,0.9681915784110346,0.8263845675171126,0.9890027680107728,0.9293200937801682
9_22010,0.9174354549678104,0.7438534468905672,0.9529284316466312,0.8675683622463981
9_22013,0.2509845288326301,0.12519790223629526,0.3242357300648471,0.2602645025548542
9_22029,0.2420642614167122,0.28330053280852496,0.25755557639996246,0.2813108505613788
9_22038,0.8757430690725446,0.5446411483253588,0.9077835733176609,0.6292273983042774
9_22072,0.8453384483367826,0.5482317531978932,0.8491617229816869,0.6226641968086835
9_22104,0.8090149220240098,0.5844245348035837,0.9006582884500299,0.717328727691422
9_22267,0.27241532368205407,0.24177508745725404,0.2860397122921562,0.20144600090375056
9_22323,0.43303911953797536,0.6165136407016159,0.4561220467876933,0.7282127541845345
9_227040,0.407615850447604,0.2811120751442906,0.415921367218631,0.31198915213379036
9_229036,0.9593622759240653,0.8447530864197531,0.9773738366221786,0.8012793961986285
9_23001,0.4063099260341521,0.4402567378475391,0.4417428861788618,0.5034666336511081
9_23002,0.5625304136253041,0.23365795724465557,0.9778993670207059,0.9326019932601993
9_23003,0.4758644844934089,0.4301442154588053,0.6574789169995562,0.5331665130163747
9_23025,0.9247801943544656,0.6804145972792054,0.9483370075721269,0.7470034057233845
9_23051,0.8765983897703055,0.5805130032062701,0.965161076054467,0.869700852320205
9_23074,0.9218812503571633,0.8604927984763718,0.9663783652089171,0.9282263630089717
9_23080,0.21745726711843835,0.3103886443934792,2.977608384945212e-05,0.10461718293395675
9_23104,0.8702113760440483,0.6192030060318402,0.9404612488233448,0.803921568627451
9_23117,0.7345610414351484,0.3952031204614299,0.835798314943788,0.5355089080966661
9_23118,0.9702497036442201,0.9032794221057342,0.9919269089906667,0.9731682837069254
9_23131,0.9641652944405238,0.8544816414686826,0.9845437565980023,0.9342479790504383
9_23267,0.854620102888801,0.75,0.8868683528957955,0.8103096522645872
9_236017,0.7643934821967411,0.6046123923312031,0.9009398401769111,0.8732139855437888
9_236037,0.797397476340694,0.5352768903088392,0.8733041871366115,0.7153495664102689
9_239007,0.536142470981078,0.4779971504172603,0.5728679754856134,0.5849249223701561
9_239096,0.4348974518334369,0.2609067579127459,0.46934393188796175,0.351904219765691
9_24004,0.8496616651956458,0.5765286745157615,0.8677475390851187,0.6810260426865087
9_246016,0.809153713298791,0.5722483645127969,0.8448676779980069,0.6971649484536082
9_249061,0.1859574118227411,0.33067365781374675,0.1961930612102864,0.3957890259464058
9_25098,0.22476538324963222,0.026531188258537963,0.2837367128957211,0.14908927846938994
9_253874181_300410d0fb,0.9235231176437462,0.7625943719972547,0.9008688306986847,0.8175974564556262
9_260081,0.6554836604861073,0.4027847256961814,0.656972952658863,0.4254801582979341
9_268002,0.40338752068529155,0.27727473942613384,0.45126231178535037,0.4112828354540986
9_26926127.forsythia1,0.46303122025044546,0.4518046366521435,0.4941386952922641,0.4949630624580255
9_26995738.ibiris1,0.18866352804634925,0.20375833060198842,0.18380374811910083,0.16315472606863335
9_271008,0.9355620313676697,0.8342206910951039,0.9644464446444645,0.8761374056570501
9_27551937.vinca,0.2125579646572252,0.029899119982828935,0.21090592551140958,0.006326873727988674
9_28010,0.8116244575070043,0.7083697271746391,0.9258710633090745,0.8741353956756168
9_28011,0.8252090556801958,0.7930474195065634,0.9215365010012744,0.9106429192006951
9_28015,0.9296857251041272,0.8382071482618952,0.5470833840042159,0.34926071622354854
9_28026,0.07839006089604175,0.015265141421447333,0.002416834502396,0.2813731931668857
9_28052,0.890325107716412,0.9042495232906564,0.9391257420399353,0.937592867756315
9_28058,0.14969222609729835,0.07293489674483725,0.026926753767014158,0.30377927863198734
9_28080,0.8625791560632065,0.8186109553187512,0.9135966957564453,0.8553754053379895
9_28081,0.3981954173097471,0.28311251651122765,0.5694935725994306,0.5833990018387182
9_28092,0.8675018067935437,0.8425781802745154,0.9470044013293811,0.9406316096564802
9_28097,0.8726243069350965,0.7679360152799332,0.8990357165514179,0.8052678489104712
9_28106,0.14890940340556727,0.028284578534298235,0.0,0.5933227973133149
9_28112,0.9182406551314225,0.8445159458692155,0.9729083665338646,0.9600382505410439
9_28117,0.8933267462187429,0.8178402107111501,0.9663322000165852,0.9479327921464981
9_28153,0.8525159855435085,0.8391442531189223,0.9105787476280834,0.9373429728759678
9_28162,0.939789036832094,0.8725150156501142,0.9528058482046872,0.8963706031773367
9_28173,0.7952419920505027,0.6112910189982729,0.8665904198062433,0.7825354403904253
9_28176,0.937986577181208,0.9108271210507632,0.9391328776102631,0.8935556493597862
9_28180,0.6955386289445049,0.7022023233301065,0.7416413373860182,0.7605762933857236
9_28184,0.882111183214363,0.8603095152970018,0.9243610223642172,0.9064264449235191
9_28187,0.8346047156726768,0.7607623617219779,0.8989958653278204,0.8607925678618087
9_28195,0.4876839659178931,0.34130050422369196,0.38531065728661523,0.2657516534884877
9_28198,0.5235150722397289,0.32201031627528165,0.049460986845229614,0.2993758519262501
9_28210,0.8552110817941952,0.7961611341146747,0.8979417268110131,0.8687647184757011
9_28244,0.840141989049997,0.6327000934288384,0.9140737823290009,0.7603264726756565
9_28247337.003,0.6799341398811655,0.5801557659457425,0.8072278689948744,0.6963650021228649
9_28278,0.6576287411662021,0.6099064034843852,0.6590110623965623,0.6405826874591465
9_28313,0.8625672995182772,0.7895375722543353,0.9271186440677966,0.8934885726606295
9_28316,0.865121742844938,0.8163046584738497,0.9306634787806336,0.9402018956615551
9_28321,0.9155844155844156,0.9045533516722166,0.9610042735042735,0.9610034122014324
9_28334,0.6887140902872777,0.29306325127925636,0.8432716269134923,0.6060722336802724
9_28579914.05,0.6181388531602405,0.3297484093918548,0.7696472888621494,0.5797652772157021
9_291000,0.8629222309505106,0.7899464604402141,0.8899066712754926,0.8202973091638964
9_293029,0.8433244864989614,0.5187148876404495,0.8858137222406364,0.7495251406658783
9_299086,0.3203506574827802,0.4231384057452342,0.12640807513202737,0.3303050137452546
9_299091,0.6467277972976834,0.5386113246220856,0.6518191389798783,0.4749909551374819
9_3,0.9384917517674783,0.8132244618283561,0.9766997549528595,0.9242647963578197
9_300091,0.2753848546104805,0.16996124789603476,0.1683273079975311,0.3316933820028567
9_304034,0.7513613591810063,0.6146511414687815,0.8839469618949537,0.8248265476254505
9_304074,0.23525006512112528,0.1316989123802003,0.0010284287078527877,0.3500385733784345
9_306005,0.7361734447283022,0.6299788652251667,0.8409481588708948,0.7964270098069836
9_309004,0.776334483458494,0.7263668192835981,0.859435736677116,0.8796471329552615
9_317080,0.8764695435979399,0.7818230135530162,0.9502123643227938,0.9348386647153112
9_326038,0.8494630696699843,0.7906365071015256,0.9165052722186356,0.8868543148778224
9_35008,0.8422601021026218,0.6502517103394863,0.9687295102637817,0.9424677309782609
9_35010,0.5341626822501623,0.27296313646355086,0.7869456143984902,0.5774765574227091
9_35058,0.8261380323054331,0.7829099307159353,0.9029966017917825,0.8698758931929297
9_35070,0.37172152668380176,0.3084428357856637,0.45647058823529413,0.4511609932047277
9_353013,0.620580099581127,0.43626723223753977,0.6471015329780037,0.5027533906038579
9_36008,0.6002028239332241,0.46633687681998387,0.8272819244604317,0.7399053188526873
9_36011,0.8894582382261145,0.7415105679655414,0.9498426337613028,0.858501148442925
9_361084,0.9067252363337444,0.6835316357166685,0.6591677943166441,0.4618860656344914
9_36253,0.6985147756851937,0.652666908563135,0.8196409714889124,0.8284003615002259
9_36254,0.7038226299694189,0.45872245050429583,0.9380121874343349,0.9073385973060846
9_36302,0.38887574664379915,0.2969690002682301,0.43162028342154685,0.3900261595316198
9_37073,0.5495571095571096,0.36401794380755004,0.8978440778029624,0.8276182079717879
9_376020,0.8826101869319156,0.61957342941826,0.9135113232182253,0.7305215711526079
9_376043,0.9443540974333593,0.8598555110807381,0.9691383211543455,0.9222587996961256
9_38082,0.386590516413899,0.4229658695491227,0.5391581418748952,0.5149872621822321
9_388016,0.8110794056872971,0.6600734791524265,0.9547902242736257,0.8709027742812547
9_41004,0.8287259091305486,0.8384382940732092,0.910725981157741,0.9193560492344641
9_41025,0.843684476899718,0.6857052364864865,0.9095188932479867,0.8522103160886431
9_41069,0.11599940058443019,0.0,0.03709165785519506,0.2639971927635683
9_42044,0.8157005596029986,0.44604496550738104,0.9502975148757438,0.8151801474405566
9_42049,0.7146067415730337,0.45384791571232247,0.8691870578684913,0.7814412635735439
9_42078,0.8889347027513307,0.7550421557282195,0.9650358341273458,0.9249748237663645
9_43070,0.8242249677859471,0.7738741182854042,0.8307501549907006,0.8221043577981652
9_43074,0.867342671963203,0.8647679470381353,0.8808416647291327,0.8472462514417531
9_45096,0.486544211875267,0.26238857833509593,0.4365714711248464,0.28108255028345114
9_46076,0.7438341968911917,0.5065006915629322,0.8722146147143035,0.7677217538836754
9_46829866.bigbruiserweb,0.911968794908643,0.7838780657972415,0.9481928765205215,0.885748959778086
9_49752508.babygrizweb,0.8734264619960694,0.753075307530753,0.9488105101195408,0.8877197568786354
9_50017878.bearssittinginbrooksfalls640,0.9570746418698165,0.9093216836885294,0.9537089834637914,0.8894981523423531
9_50314,0.888814913448735,0.8697293216866171,0.9501563362148243,0.9460110041265475
9_52_52999,0.2827344174781276,0.16506077544139827,8.217151935139281e-05,0.06480627306273062
9_53915802.20051221_11miamibeachvigilancia,0.7592322643343051,0.5827372114995276,0.8276553106212425,0.6595049845307666
9_53915806.20051221_19miamibeachlifeguard,0.7798039093236745,0.7543633922577758,0.8755106588427543,0.8355609045417115
9_53915807.20051221_22miamibeachcouple,0.8841785171272695,0.8512794202526774,0.884114194767731,0.8534300791556728
9_53915808.20051221_24miamibeach,0.3692394366197183,0.34246253581998404,0.39603186238576943,0.384640522875817
9_53915809.20051221_27lifeguard,0.8284459624298609,0.680519711666815,0.8313521545319466,0.7263877926861352
9_54363879.teenagegrizimg_6010640,0.9046842310556363,0.7936916257717271,0.9449537837228527,0.8766247335645923
9_54375701.bearfishimg_6001640,0.9193424657534247,0.8503555090117401,0.9052259149701294,0.7922198388312366
9_55075,0.9368991657138017,0.8287082381107846,0.9736266678566647,0.9380047776134683
9_58060,0.8536031914504264,0.4043293286597276,0.9445336447233981,0.762975933908046
9_59078,0.18141267491284208,0.0,0.0003879670526441447,0.41280133000831254
9_61060,0.7881510813280536,0.8022510060362174,0.7770195499815566,0.6185883384480491
9_61086,0.24392819429778248,0.13218375319951503,9.995668543631093e-05,0.20676953016402558
9_62096,0.8007962027254631,0.8491845336265347,0.8352011610094332,0.8350050391131161
9_65010,0.05178434957579979,0.0,0.03914863319596971,0.25059604904632155
9_65019,0.96656213249706,0.8868095803365686,0.9697493865400861,0.8534511393077792
9_65074,0.6398786412150326,0.6061780702545149,0.8578116824102889,0.6037198439146657
9_66053,0.830138868797917,0.6597367580799659,0.9100158166973026,0.8630952380952381
9_66075,0.8740670661200463,0.6382123662421925,0.9299816971065852,0.8041135063792345
9_66136,0.18030837068302802,0.7667230829319099,0.1773729761887899,0.47845810431317953
9_66175,0.11059716948567484,0.15534405426102177,0.15850645704660304,0.23729220909272983
9_67444,0.08197844981218984,0.08931220498988537,0.21740214410371478,0.20447203165269157
9_69015,0.4200043020004302,0.14360653837236262,0.5720126479888227,0.3783182250249229
9_69020,0.8490412076703386,0.7846627297679448,0.9275751250704038,0.8872311398798294
9_69040,0.7390192163713502,0.5036908822481291,0.8984756764641528,0.8501431753102132
9_71046,0.4480879987547346,0.38824447518711647,0.45398030033909254,0.4342386771585017
9_76053,0.2817508804715015,0.37907086862734785,0.2873830026207413,0.37652487200556223
9_78004,0.14813199592964094,0.07052492181116339,0.24405951587830335,0.22604878687951782
9_8023,0.8256232023010547,0.7339696071163825,0.9159746657283603,0.8625348488097792
9_8049,0.6889985351938941,0.47904328018223236,0.6774010842301157,0.48503626181951714
9_8143,0.3480803822682278,0.09336498973305955,0.238056222630315,0.21648560096568373
9_85048,0.9074191502853519,0.8186552783709182,0.934347142108023,0.8406398760101849
9_86000,0.1842287072348422,0.07353615116156097,0.18428727418485397,0.0566728845175513
9_86016,0.16926834448338113,0.04461224489795918,0.16445090250323166,0.309301775147929
9_87046,0.7489692078252478,0.6706762213501678,0.8159906561902739,0.7465027288124961
9_90076,0.21305287719177848,0.08387607815525436,0.2237638748738648,0.10235977811041648
9_92059,0.841738612682346,0.6099378881987577,0.9691571943443305,0.9211705773793831
9_94079,0.8900590067202098,0.8323276025655623,0.9214671366739547,0.867660048388955
9_95_95660,0.46240568131380383,0.15019066119864738,0.9224806201550387,0.8481865284974093
9_97017,0.4576122763854718,0.2742791674622876,0.6943927034491618,0.5882417102966842
9_98350,0.8764213688049775,0.8163030369477031,0.9466729962813514,0.9317244351412917
9_c_121,0.8900198609731876,0.877354644051211,0.887816646562123,0.8612812448270154
9_c_141,0.7535216014019006,0.3519184280666956,0.9071250709885982,0.6825610260653703
9_c_146,0.8204098235623125,0.5490651558073655,0.9745534621972106,0.934833813137922
9_c_39,0.7197679607318161,0.6031430523635009,0.8358385226540691,0.7918723617371396
9_c_51,0.8623432979749277,0.6651968302658486,0.9314521408930209,0.8025007312079555
9_image_0003,0.8838375007285656,0.6630667695208708,0.9567231423313662,0.8746830505168715
9_image_0004,0.5598048846583787,0.3282013057112014,0.7778260659616592,0.6613115617592836
9_image_0008,0.9461383629044282,0.8168978402685414,0.97212018096748,0.9018371999463591
9_image_0012,0.9509553855103593,0.8271937504209038,0.9631315220889073,0.8713750520327459
9_image_0014,0.9277768366367384,0.7414601473543202,0.9604317601853753,0.8391038696537678
9_image_0015,0.9436785337766604,0.8088235294117647,0.9828218243819267,0.9386299791111431
9_image_0016,0.860016464440388,0.5796121388252389,0.9351789863348167,0.7858274703682576
9_image_0018,0.756736278827485,0.653195557843642,0.9030862088600388,0.8500675581232819
9_image_0025,0.5969313941978223,0.39666251078929704,0.9307055435565155,0.7827246067715276
9_image_0026,0.793352451369934,0.49831034291728993,0.9337986204644708,0.7900659681800544
9_image_0027,0.9496502503284451,0.8239604323136106,0.9723498888065234,0.8968259016601997
9_image_0035,0.775371878269572,0.4921020001078225,0.9614969617809075,0.882473475706935
9_image_0036,0.3321385902031063,0.44329787983376767,0.465060431730617,0.641446552029782
9_image_0039,0.17342707769965748,0.0,0.21049048805688933,0.020579696572391833
9_image_0044,0.9314118934695367,0.8497926715748498,0.9730128380223982,0.9170389563974267
9_image_0050,0.7492652046122541,0.4671371566137915,0.9652904210959065,0.8443374242659624
9_image_0054,0.9153204577572114,0.6793686827739042,0.9683476394849786,0.854434106701213
9_image_0057,0.7942700917013157,0.5686539182602175,0.8448286508181537,0.6382715540345524
9_image_0058,0.3818365968939905,0.21552298467688208,0.3735171055870047,0.21061575731279603
9_image_0067,0.7087058065555287,0.3793577981651376,0.9668511344770337,0.885899875336264
9_image_0068,0.9206384516990156,0.7876934369074561,0.9639205547067811,0.8871755332819327
9_image_0072,0.5252681483473992,0.27736039717059885,0.5406698564593302,0.3115534400692341
9_image_0074,0.9199511897498475,0.7422733738523212,0.9700725513905684,0.9034172147555047
9_image_0083,0.9456599614218794,0.8124579124579124,0.9774873330262552,0.8848582655065955
9_image_0084,0.16495551703017783,0.038213577253691865,2.9021679194358184e-05,0.20037803680299465
9_image_0086,0.9264753132697868,0.7265726809619714,0.9755585800158784,0.8688701517706576
9_image_0089,0.9149478281970396,0.7453495440729483,0.9596452898085079,0.8208583471707753
9_image_0098,0.6394736842105263,0.19054872771334602,0.9086110781639188,0.6880765883376849
9_image_0101,0.23490979789302346,0.1076026232693709,0.00036741881944532426,0.34804578447794526
9_image_0103,0.8984526112185687,0.6296683350750784,0.9750866678418239,0.912740224085479
9_image_0104,0.8765180171212423,0.7117151365393144,0.9294943372148669,0.8096228694135016
9_image_0320,0.6050669959299401,0.28222124945281724,0.9279532669839896,0.7934917355371901
9_pushpin,0.09071925754060325,0.09774014366100346,0.1035007610350076,0.22399707352761858
9_ss07002,0.7532293357803346,0.6724566802984949,0.8825383658233098,0.8701162091765178
9_ss07003,0.8743135745445214,0.8092145802720766,0.9116182345537132,0.856875090113904
9_ss07033,0.5839032993504538,0.6472446126007567,0.6329171281844729,0.7777311218419763
9_ss07036,0.828347799132052,0.7948458248930903,0.8919063306918351,0.8718855122869035
9_ss07043,0.7629024016351559,0.7762043409211223,0.795536959553696,0.8138104556891249
9_ss07080,0.7261792452830189,0.769467718087728,0.887431360585723,0.9400934711797196
9_ss07084,0.7486800422386484,0.6870204806290026,0.8163128491620112,0.7998514667656889
9_ss07085,0.6553387874973778,0.471751246699912,0.8887161952129313,0.8357186051199355
9_ss07087,0.8612477638640429,0.8286610039736065,0.8643822697265011,0.6958296290309545
