subdir,unrefined_iou,unrefined_boundary_iou,refined_iou,refined_boundary_iou
0_0_147,0.6884686832838883,0.4503634882808965,0.9003266760709778,0.8087610330173259
0_0_155,0.8599559955995599,0.6691209424418977,0.9089762190121744,0.7761763459092836
0_0_272,0.8964350700940568,0.6740801382635193,0.03159128595116931,0.0011229073091057575
0_0_280,0.7538080895008605,0.49931633077700494,0.012729400348203327,0.0
0_0_284,0.8609688721196604,0.7568229624304391,0.0766252371549154,0.08896570061153948
0_0_307,0.8436188264713763,0.6509732605913653,0.9681486396814863,0.8199647975861202
0_0_355,0.8326526690049488,0.5014199890770071,0.07550059560950706,0.0
0_0_431,0.9077438621287073,0.6052339413164155,0.9639532285693007,0.843666201866352
0_0_547,0.9046411668115522,0.738216367373067,0.8711421543602358,0.7169492717934286
0_0_579,0.6182730527443407,0.1799402598337352,0.08364629566404916,0.02977705385320167
0_0_610,0.14997543505805083,0.0,0.0,0.12769043791900261
0_0_735,0.8081605573063526,0.5484296535875394,0.21722744579998446,0.05742036851878303
0_0_77,0.4901175625032086,0.16389576700860747,0.9264887330346127,0.7627591912715239
0_0_775,0.9226724684978697,0.8148335604438388,0.979659582777362,0.9492059490799093
0_0_818,0.9152669987258195,0.856479914922415,0.37521063471260063,0.36610169491525424
0_0_840,0.8034842839901348,0.7031941808981658,0.9393034825870646,0.9117085353312766
0_0_899,0.8565093443142223,0.8852053438891638,0.49420754251910276,0.34147727272727274
0_0_951,0.8658252728495319,0.7784143088293174,0.9570401543047519,0.9228846678178678
0_10_10134,0.0,0.0,0.0,0.14583040754992557
0_10_10135,0.9071822308690013,0.8079898002549937,0.16205463707894968,0.08163708801159
0_10_10176,0.8770446609079213,0.6232725938608291,0.98269680436477,0.8869926199261993
0_10_10283,0.5264602779068294,0.14052213393870602,0.23791950795560904,0.0
0_10_10343,0.7404477679174738,0.48282331629682346,0.5116762828583628,0.2750050926869016
0_10_10392,0.5626298324655353,0.36099394828534753,0.9662862327491524,0.8870161245013765
0_10_10396,0.7733015697451823,0.4610936955764542,0.42441557014531767,0.4296781022951451
0_10_10484,0.8835324958295033,0.752821270310192,0.08804716399506782,0.050143760782058656
0_10_10507,0.8599860063748737,0.8091369289419411,0.6034575904916262,0.6177063683080726
0_10_10536,0.9548105798105798,0.823091570019041,0.0252215199443554,0.0
0_10_10545,0.7131391086243488,0.48910338910338913,0.9766700869471296,0.9385225225225226
0_10_10600,0.9422862601496577,0.7469971563176435,0.9750868736688713,0.909411074153786
0_10_10938,0.38691057632537074,0.17392118068552484,0.9880733944954129,0.9588377723970944
0_11_11060,0.2166644670274075,0.0662390276839973,0.0,0.056188785153788876
0_11_11111,0.38313580726636876,0.37798290598290596,0.0,0.07575171987323182
0_11_11136,0.826787858000343,0.6499560700811411,0.43578136612391055,0.1355980588067371
0_11_11164,0.6880733944954128,0.5357908569057335,0.951224001472483,0.8621239290695357
0_11_11179,0.4750266935579547,0.4486748708471586,0.0,0.05990906659534635
0_11_11219,0.00950501429779693,0.1297596123982856,0.029963153419443656,0.15196506550218342
0_11_11263,0.08326899746332855,0.0,0.0,0.0
0_11_11281,0.7959147529370093,0.5442916752171831,0.876118500604595,0.6903039073806078
0_11_11297,0.8787326191018919,0.6754400670578374,0.9877035278154681,0.929290764945361
0_11_11298,0.00013984058173682003,0.0006650594396874221,0.0,0.04183881596150829
0_11_11309,0.23266946756079826,0.1036415529039579,0.9769462365591398,0.9517821998687951
0_11_11313,0.06885824534115043,0.05375792614696009,0.14649338204467868,0.06323162991866861
0_11_11325,0.05492589363557106,0.28030250945342045,0.056243722798794776,0.30457194083370687
0_11_11328,0.8028962188254224,0.4691974447463103,0.006371717794563486,0.0
0_11_11346,0.8789644012944984,0.7551700680272109,0.9587528418317636,0.9187725631768953
0_11_11425,0.909939276044268,0.6921102404755471,0.8725216540531208,0.6206461383139829
0_11_11435,0.0,0.0,0.01823025323362326,0.13896281594418633
0_11_11459,0.8830742372599552,0.8150299068020587,0.36121655185341395,0.31065244584896967
0_11_11480,0.4915513926831736,0.2009464595866791,0.9920730102085588,0.9730389555248912
0_11_11517,0.944447708002898,0.7659222848425781,0.25199037983081773,0.0
0_11_11533,0.862211614956245,0.5813149619529994,0.2522508446770697,0.2581859464627151
0_11_11557,0.9528173003232148,0.8212578616352201,0.10806084979891589,0.0
0_11_11561,0.3162735338671283,0.018743038981702466,0.0,0.0
0_11_11571,0.5770480146096287,0.11028011006843999,0.6049096176326088,0.15643143052901085
0_11_11650,0.8616299340057278,0.5974291115311909,0.2790071382219338,0.1599834499879323
0_11_11830,0.928891394919024,0.7401510092968309,0.9771543759449017,0.9111427892611071
0_11_11852,0.8499172246794001,0.5495965286236297,0.984694470260223,0.9281540899187958
0_11_11875,0.9326009501187649,0.7384232992921598,0.9783464001608225,0.9104804823092382
0_11_11881,0.19261388766032728,0.07370701461689783,0.0010543756589847869,0.08156494089997926
0_11_11924,0.9385327589532566,0.8325683496308122,0.9656177809675466,0.8961025354473703
0_11_11945,0.12610272899661967,0.02057791159982034,0.17986225570991288,0.05888153261022679
0_11_11981,0.7956942763271658,0.7215526179367548,0.0932916307161346,0.17693891557995883
0_11_11987,0.20411433715957686,0.0027345393352965924,0.0,0.057460944514275455
0_12_12000,0.5892241615144718,0.29246487867177523,0.0015716309544891094,0.050375906000990414
0_12_12048,0.8767716412796311,0.6042294627051338,0.9842318346473471,0.9290157336260519
0_12_12072,0.9024621811507058,0.8475695027129831,0.2756892230576441,0.21538709504110032
0_12_12144,0.44902266425723864,0.36134132834281785,0.0,0.17357001972386588
0_12_12171,0.23884986882198614,0.16202383453906882,0.0,0.021568741291221553
0_12_12226,0.7739225979733855,0.5353725279521875,0.9129452519014986,0.7478859255708857
0_12_12322,0.9301956521739131,0.7387036521877359,0.3245384435615798,0.25805949834726816
0_12_12344,0.597084394484939,0.4577746030715283,0.980886143670055,0.9239377728586362
0_12_12372,0.9209118866158578,0.8074504497333439,0.9507698827518011,0.8810576361664859
0_12_12424,0.8948893164377806,0.5614354002558406,0.9362692108849932,0.7785075400769131
0_12_12429,0.9477451016842027,0.7768916155419223,0.9823542070152786,0.9184937161728282
0_12_12435,0.9398298341188712,0.8103456587764547,0.984450453930848,0.9408175074964491
0_12_12484,0.7229421228855938,0.37168784828528006,0.3768608462903371,0.11015920873625767
0_12_12518,0.5474887935605147,0.04697808812906333,0.9808307409192482,0.9138249940716149
0_12_12597,0.2990353143841516,0.22578069825283262,0.0,0.23012900540990427
0_12_12619,0.6674209910261413,0.5090465541776784,0.8472592896735783,0.7798279516269792
0_12_12649,0.8873427373236752,0.7600421380479091,0.8652877772691331,0.64774543517218
0_12_12693,0.9343015397662523,0.7914026530519214,0.006524082373631361,0.0
0_12_12705,0.846520367760553,0.4390847247990105,0.9373969110811216,0.7581134364573855
0_12_12750,0.8799745369419689,0.5642355451501052,0.9807473202036878,0.9353250721439484
0_12_12771,0.5405369660097871,0.2647776899006224,0.9606347268843455,0.8616557734204793
0_12_12793,0.9415357766143106,0.8567125645438899,0.9749780509218613,0.9489569686586717
0_12_12816,0.3132996292551399,0.23980245533114358,0.9827905175751839,0.9454755591814535
0_12_12833,0.3008401909861449,0.3062895343671328,0.0,0.11490937271279116
0_12_12845,0.9559496717151901,0.878956157042445,0.9576294277929155,0.8661199073546721
0_12_12884,0.43113340172498954,0.08656100295586587,0.0,0.051207629314812896
0_12_12891,0.3568672092890887,0.17577954787094974,0.18629420581013426,0.05420670179426249
0_12_12892,0.852584798875679,0.5892883489893277,0.9036105344567916,0.6837089779966807
0_12_12921,0.16621547289062416,0.19392242470260693,0.0,0.0
0_12_12923,0.8347806084306171,0.6203433376153218,0.9716297511621548,0.9238535249828884
0_12_12974,0.8835443037974684,0.7189707139322506,0.8634283122345471,0.6960455610159372
0_13_13027,0.8942694691113524,0.7042778533814568,0.9105449398443028,0.8203991130820399
0_13_13036,0.8060641337707694,0.6761826333607832,0.8340950639853748,0.7402556906766449
0_13_13173,0.7486838213546289,0.5488313195800137,0.3099273607748184,0.1562549573273264
0_13_13198,0.964297475301866,0.8579378068739771,0.45799095846009497,0.3423499577345731
0_13_13223,0.9447521462198837,0.8600170710888916,0.446334568141938,0.391362947155613
0_13_13235,0.42037390422803983,0.0,0.9862936471583101,0.9283955066979035
0_13_13264,0.6348970603298166,0.3810769318246432,0.967915728530074,0.9158439116125999
0_13_13295,0.9324027603513174,0.9205212093862816,0.047172967547674804,0.005563579949713796
0_13_13308,0.23851800325834263,0.10769500369952101,0.9755985619215176,0.9274626865671641
0_13_13331,0.6935031109824917,0.23327475102519038,0.2703614257161892,0.16155821450035512
0_13_13339,0.09725224557323574,0.0,7.825950853028644e-06,0.4506924045321024
0_13_13347,0.9453969690115358,0.8676882517712967,0.5107304306447775,0.45891080568175285
0_13_13349,0.9147204529370134,0.8570150467669785,0.4367782909930716,0.31451073631027565
0_13_13356,0.9244483159117306,0.8154814865512285,0.5642118458163585,0.42883224017851107
0_13_13361,0.7388075738401662,0.6231212248911364,0.3075336727460205,0.23340717039954056
0_13_13368,0.9581960104076322,0.8166904114320253,0.9777751366769669,0.8875323054986186
0_13_13386,0.9753140096618358,0.8937248009924532,0.9907693830582296,0.9595204816686378
0_13_13400,0.16640227912849234,0.0,0.9218294691498796,0.804596780651878
0_13_13420,0.6991426044830635,0.4763214176596395,0.5873571890493641,0.5011626483906498
0_13_13422,0.9031150207868892,0.8217157433593967,0.83952790818988,0.7551043621680031
0_13_13450,0.9333598391977559,0.7645365572826712,0.9814679633597853,0.9360641891891892
0_13_13453,0.9422535211267605,0.7439249680261475,0.9885392648853927,0.9683748432180613
0_13_13460,0.6365391454554692,0.5219897996895557,0.06983797589592146,0.0033647375504710633
0_13_13515,0.9503051252507148,0.7872291484565488,0.9857870983676493,0.9351116060130586
0_13_13553,0.9846259710627818,0.9223576863140526,0.2671924116252137,0.0
0_13_13700,0.783687024518925,0.6570586308548968,0.8869158625908808,0.7427339508144363
0_13_13845,0.3302278735993957,0.08941355674028942,0.0,0.0
0_13_13885,0.9574714913363281,0.8198328511732562,0.9859790200778371,0.9342407636556479
0_14_14093,0.7955264103485448,0.40254771885556145,0.7846247027681816,0.513458975823339
0_14_14181,0.8841843775876346,0.7622587968217934,0.20404280618311535,0.25613528562590226
0_14_14532,0.28372047628342767,0.12011666435189779,0.9774337294332724,0.9494343670762629
0_14_14597,0.8678334861036647,0.5819234030004792,0.9551452725682635,0.8163372267145852
0_14_14651,0.0,0.0,0.0,0.0
0_14_14747,0.7094907407407407,0.5362367243337118,0.8577691453940066,0.8150033489618218
0_14_14830,0.6930898970900806,0.41176696493720955,0.7275604395604396,0.4474913920314806
0_14_14831,0.5363801462870091,0.19077370588114795,0.9226595974230141,0.7570960446762357
0_14_14901,0.6937002930096274,0.18490105719707237,0.11418084919178462,0.0
0_14_14926,0.15540793207364553,0.07359081419624217,0.0,0.0
0_14_14991,0.6984554869410939,0.6176609031286283,0.0,0.06339569143526366
0_15_15022,0.9646054885735527,0.9019030457522085,0.35376044568245124,0.28418630933161126
0_15_15030,0.925607396258869,0.7657405556666,0.9723167687769457,0.9000173205161514
0_15_15264,0.7676407697790449,0.6502103903678706,0.8133303140096618,0.7498545101842871
0_15_15345,0.7419760977782943,0.6531248033230537,0.012980799234465686,0.09371270040969064
0_15_15522,0.9624432033320712,0.8223164072051512,0.21814761427768684,0.276045689199626
0_15_15620,0.970940324414916,0.9156092206366631,0.009519995070552715,0.0
0_15_15622,0.9328615550691175,0.8320543211860661,0.01217788059893323,0.0
0_15_15644,0.9119859720572431,0.7611857488209884,0.18644593253968253,0.13002137774799782
0_15_15663,0.38939074376218713,0.16168423064974788,0.9539250012685848,0.8224712474196402
0_15_15742,0.10650721368685365,0.2343164947776391,0.004678373627204507,0.18519866103915006
0_15_15763,0.8922602355580482,0.7414069814096563,0.923804780876494,0.8295767681763584
0_15_15844,0.5377906976744186,0.35294117647058826,0.6816937451645539,0.6167154863259329
0_15_15857,0.37765154374575377,0.11732857102361312,0.8672164768512458,0.6266470552184837
0_15_15859,0.8099290456526202,0.4854665986741458,0.48561141229943594,0.216582774049217
0_15_15876,0.9381808566895822,0.8881565501737175,0.9292507925913566,0.876565841735411
0_15_15880,0.9215783105755697,0.7490981963927855,0.9235343661468569,0.769287439119224
0_15_15935,0.6315046224075929,0.2993248677764508,0.003630965515857891,0.2617595555823924
0_15_15980,0.6428468686171284,0.4072432872643656,0.3922981145499822,0.2852214960058097
0_16_16030,0.39100398366194344,0.21629128877882267,0.8933814961547425,0.8375567895002524
0_16_16079,0.2903061224489796,0.0,0.0019865364308342135,0.47760544217687073
0_16_16196,0.5533941678961077,0.23056442195406773,0.9849810559598768,0.8700783289817232
0_16_16223,0.8846557043160511,0.6638577956651155,0.515527950310559,0.5090212113467928
0_16_16283,0.17504166666666668,0.0,0.0699495209642526,0.21144820650351995
0_16_16403,0.9047671172896941,0.7269111102359104,0.9656728011472275,0.9071671495150523
0_16_16431,0.9000850011591067,0.8943402363656077,0.9569605471682375,0.955632932719308
0_16_16627,0.829146104381636,0.7670038743004736,0.9264718785645345,0.9002555988315482
0_16_16629,0.807570271380044,0.6445652587157359,0.31478918719439064,0.24404894327030033
0_16_16704,0.810977577028553,0.5700410577899431,0.9754819574888779,0.8991397054942735
0_16_16768,0.9202258578253946,0.7539543057996485,0.02139696268731771,0.0
0_16_16801,0.9051198762567672,0.750057400009184,0.8124262946864786,0.5078815660227326
0_16_16905,0.9246419531575406,0.7231608275535005,0.9801634802831835,0.923712864632343
0_16_16940,0.7226050352575274,0.3980276631273827,0.9834186512352548,0.9107798660617844
0_16_16947,0.23949966428766817,0.17969547131308375,0.05218164530215523,0.21390672996369728
0_16_16968,0.6102863383502269,0.4176298819807763,0.017168102002013196,0.0
0_16_16989,0.7948601662887377,0.4442279397144789,0.10758209712184608,0.045388780951593564
0_17_17022,0.8743325087434957,0.5595420095631526,0.9808148390953088,0.914278024491993
0_17_17057,0.9574736576440154,0.8141490545050055,0.98227386548346,0.9218727559959787
0_17_17202,0.480229763788758,0.22080245007206095,0.028597898432357317,0.017044096954894204
0_17_17251,0.8926886281979135,0.6617983963344788,0.9867975626269465,0.9095610416794927
0_17_17275,0.8134904252278573,0.6784381994528724,0.6225767445488942,0.3496560438017689
0_17_17350,0.9030276675544926,0.7659028052153299,0.7395734597156398,0.5994255786450414
0_17_17352,0.756146211338348,0.3894419131090925,0.8870505247462293,0.6774219667219951
0_17_17369,0.8908398211031969,0.6938073394495413,0.1281171780847316,0.0
0_17_17388,0.8068803309813256,0.33857519788918206,0.9747866699441655,0.8955581411265485
0_17_17407,0.4838966270076328,0.3299721835883171,0.9430692249063857,0.8180459555389501
0_17_17525,0.6306367550419216,0.5927497253683852,0.961894712158518,0.9614267938614682
0_17_17526,0.15043512801068862,0.49715454714524826,0.0,0.1072583775391383
0_17_17553,0.9174757281553398,0.7129723225030085,0.975465806540164,0.9209323583180987
0_17_17569,0.9473872488083207,0.6714351017774073,0.00455000283195197,0.0
0_17_17637,0.8708967035992017,0.7017521638167616,0.6103181156855806,0.467386152331644
0_17_17660,0.8403184015813233,0.5720370246160038,0.8956733352296071,0.782984707329935
0_17_17674,0.75325259308112,0.6433992685516536,0.7974718655888413,0.6453079430434037
0_18_18160,0.9185551290814449,0.7472028710154106,0.9773979053109215,0.9196282557536596
0_18_18219,0.833006215243703,0.7632544378698225,0.8122133719526913,0.7292410955938076
0_18_18254,0.9089766970618034,0.8021532560369627,0.935352408734074,0.8671120669930902
0_18_18310,0.5782443278069371,0.3693200973965162,0.12597252905580636,0.003086266115784758
0_18_18314,0.7825437928408225,0.650484693877551,0.9281689053574186,0.9288540245566167
0_18_18358,0.8944193061840121,0.8383312637057783,0.056661610415876626,0.02964169381107492
0_18_18530,0.9385582970488631,0.835647576221772,0.9714100729230559,0.8923884514435696
0_18_18562,0.8876486823144372,0.6932614177640796,0.9649353084567786,0.8998428908091123
0_18_18565,0.8889286627461007,0.7820680286326349,0.953032712403453,0.916151910318005
0_18_18636,0.795554272517321,0.7824706015805195,0.7194466346498459,0.6225315354501957
0_18_18653,0.9394294801709572,0.6708235484654628,0.9905275399090813,0.9470588235294117
0_18_18661,0.3895561592169364,0.2730288668677294,0.2674959320752971,0.1817699728731975
0_18_18690,0.10770301037186947,0.1390007860090391,0.0033730604902181245,0.4047794932407476
0_18_18699,0.8388357668949477,0.6998155450960437,0.907059573351329,0.8926702432281209
0_18_18720,0.48642664186705636,0.36204233840590627,0.5060353955528665,0.5411110679158729
0_18_18723,0.7816958495460441,0.5683475833187925,0.5126920832522855,0.4262228444966352
0_18_18725,0.7804878048780488,0.7745638546937542,0.9306159148808631,0.9013360739979445
0_18_18732,0.920340170722385,0.8505350811566861,0.6264332303467216,0.6364745449749406
0_18_18734,0.6969710547540102,0.5219535475660197,0.4258296424674241,0.22554271215111363
0_18_18763,0.8641098484848485,0.815424739195231,0.9483170466883822,0.9219852595264231
0_18_18804,0.8359807304211966,0.5677571171503715,0.0017297047970479705,0.0
0_18_18816,0.8690708705357143,0.7779757265337935,0.6459819678557428,0.5140122086570478
0_18_18852,0.49249916124806287,0.3698048164692173,0.9312423873325213,0.7880221513184436
0_18_18880,0.9791981597108117,0.927397497260827,0.9707737735722435,0.835258483495046
0_18_18927,0.8474853653930887,0.6619445896497648,0.9404624277456647,0.8804028815368197
0_18_18928,0.8123951285520974,0.8160899948866541,0.18971337790428278,0.14623322268725647
0_18_18930,0.881687294771407,0.6801509533898306,0.9691074231890558,0.9203901825047199
0_18_18957,0.7809948032665182,0.6287960536457531,0.9443112668264798,0.9248715753424658
0_18_18961,0.7353121910817815,0.4902974668835696,0.9429676511954993,0.8602338395376965
0_19_19011,0.7294459749005203,0.3946515911833831,0.8490504017531044,0.5783349058723098
0_19_19025,0.8401880141010576,0.8265874019731849,0.45137940453428027,0.47151624994851093
0_19_19029,0.4605714285714286,0.08643930166463662,0.01816376450073866,0.06519498833866681
0_19_19068,0.8814521853767366,0.7940568194187438,0.9270199826238054,0.861381131651402
0_19_19090,0.18774511129743326,0.1586295016799962,0.0,0.054933154816987934
0_19_19102,0.6352659809134604,0.28777864904223144,0.9698540145985401,0.8918729267670324
0_19_19136,0.8025846575186146,0.5337140937342516,0.9150810308639852,0.8092605646866768
0_19_19137,0.8261324233584677,0.7051534056918212,0.86164098801663,0.7932113397174552
0_19_19193,0.8341778273027353,0.5592793490895002,0.7471335992023929,0.5145991514068781
0_19_19200,0.827492890560499,0.6290340195489543,0.8959305304603435,0.7692557974443919
0_19_19214,0.9248821632349293,0.8220946915351507,0.9291961682632237,0.8377098851155157
0_19_19249,0.8219180993263488,0.4767746942093788,0.9587874746749416,0.8362332186303495
0_19_19429,0.8948247078464107,0.7940638553587291,0.1879507848960543,0.13600354278403778
0_19_19593,0.82446780131249,0.5186804829356403,0.45410532020594346,0.31106142312245166
0_19_19602,0.8859686670661758,0.6547286512370312,0.9301389554384284,0.8387850467289719
0_19_19686,0.9156853758285151,0.6675838947401714,0.9764166206673393,0.9189867967853043
0_19_19773,0.7708853040634182,0.6746123285915674,0.029711435696473103,0.0
0_19_19820,0.629854820697357,0.622341523848854,0.00595528653714732,0.0034991685144124167
0_19_19930,0.7082115025439557,0.27639900876576545,0.12244665541624823,0.2503761511879764
0_1_1004,0.8128494991350526,0.5600490196078431,0.10484429065743944,0.037524502940352845
0_1_1039,0.2723623951561723,0.24046552596562903,0.27671767743560677,0.07523890708421194
0_1_1288,0.9221352888529607,0.6249086719496432,0.9666656233371936,0.7501632493143529
0_1_1339,0.7381594275253786,0.46841827900323724,0.9157877183474382,0.8372544263885521
0_1_1409,0.9317615559108996,0.6976039503956007,0.9160042709692727,0.708169426401976
0_1_1427,0.9235615507280475,0.7591741202039622,0.931688434654265,0.7917297460962844
0_1_1459,0.6899190581309786,0.34450971531857205,0.14178554867570442,0.18224423812772522
0_1_1611,0.6889663017204607,0.7953461314717859,0.7020136707925365,0.5209393848654661
0_1_1626,0.8380756448805191,0.7443001296291589,0.9762637688684493,0.9629511708008915
0_1_1650,0.9492562894044194,0.8339913047823697,0.9473833186564348,0.7881267738883633
0_1_1664,0.9413139890672809,0.850192821121329,0.010078909612625538,0.0
0_1_1696,0.8588283157038242,0.7529390966145143,0.8982667283855372,0.8224730171525818
0_1_1728,0.2882994109139652,0.7459069342659211,0.001201172344207947,0.04282230679824062
0_1_1865,0.9307402366244373,0.7762342380850609,0.6603616596405592,0.4823966503508875
0_1_1934,0.8638543537059344,0.7910510679299824,0.12829387241406434,0.12115191651615492
0_20_20053,0.9077517162471396,0.7599139133553864,0.05349826355016194,0.012660400841165615
0_20_20085,0.8141099087629959,0.4231985940246046,0.4719477083495448,0.12842947739681893
0_20_20144,0.9456837555528875,0.801179296789692,0.9707650477687146,0.8876305814920957
0_20_20368,0.40066025575637304,0.0074531355868403225,0.0009698996655518394,0.32989690721649484
0_20_20573,0.0,0.0,0.006714037934314329,0.1413447214221869
0_20_20656,0.8826559668651307,0.5663666238034005,0.18912179537130835,0.04817329453604914
0_20_20724,0.7842697014362595,0.4518274509803922,0.20608899297423888,0.05680353273540141
0_20_20772,0.9341533475731015,0.8406686227438428,0.9886721208307111,0.9725253312548714
0_20_20783,0.8789268973770819,0.7369174487036743,0.938018018018018,0.8750160290660397
0_20_20937,0.9406137301055996,0.7712178577062628,0.010281360444301647,0.0
0_21_21001,0.40352242656051945,0.20697818308987706,0.36828771272787353,0.40653196789371715
0_21_21087,0.7250116543724463,0.5155268667131891,0.9251809849862701,0.8164145289775634
0_21_21093,0.9674128760816068,0.848760025813589,0.6615861163534914,0.05594853433470148
0_21_21135,0.7538408224558161,0.8345231369729341,0.9153461812990721,0.9274817850637522
0_21_21147,0.956560015406201,0.8771999566332984,0.9751855354021606,0.937412355155362
0_21_21244,0.8289404466051118,0.498869715921935,0.9733108034921254,0.8829735746781532
0_21_21299,0.8302853740483987,0.4675428225784279,0.9549763613649168,0.8098315781469795
0_21_21313,0.8664232707647129,0.7047935688765383,0.870230599224386,0.7367061461227274
0_21_21332,0.12020972800898834,0.11212250106337729,0.0,0.0
0_21_21394,0.19915282954930533,0.0,0.894384416374981,0.7100291707181553
0_21_21413,0.8657089970539927,0.6253233587359295,0.9599705882352941,0.8550783968559381
0_21_21422,0.3594831618334892,0.21738995756280396,0.9843689067983882,0.9404400606980273
0_21_21703,0.698983321150907,0.48183888755694076,0.9792080143653719,0.9622885743872972
0_21_21781,0.6293435155017617,0.10761823845935996,0.5139419577874818,0.2983068372754297
0_21_21938,0.953745092704163,0.8377428689541133,0.23050902718343727,0.0
0_21_21974,0.9153418384036637,0.786381197681906,0.9725568465321833,0.9444541790783249
0_22_22047,0.9375415747645556,0.7834092980856883,0.2131520967922626,0.16298185941043083
0_22_22147,0.9035968752682634,0.7895441303834344,0.9913719541101735,0.980585229911751
0_22_22218,0.335578863591143,0.24449612753178135,0.0,0.0
0_22_22219,0.827625789171609,0.5082578825242277,0.7953688532680577,0.39561183720457777
0_22_22234,0.7362942401110341,0.5791158943342525,0.0534329007467556,0.0
0_22_22396,0.5802110701432892,0.22353906205804153,0.0,0.007610692460540622
0_22_22502,0.556236599823433,0.21655826621897672,0.9076766694656826,0.8277198354224476
0_22_22838,0.9354046084962324,0.8529188779378317,0.1864563471427746,0.19136719136719138
0_22_22933,0.38156647851345227,0.24446993281992463,0.732786001078684,0.4162179980221954
0_23_23003,0.8323974329589732,0.45795209903121636,0.9769605521347858,0.9205673758865248
0_23_23069,0.951809288631399,0.7484546096785588,0.985604338636998,0.9149359595856509
0_23_23355,0.9163028619305905,0.8191623748906812,0.6777921023731079,0.4405675401766324
0_23_23577,0.9553681560730019,0.8525873982699493,0.17281594017205762,0.008338942487472889
0_23_23645,0.4453465033939968,0.36383412333127246,0.04071106659989985,0.05038128695056122
0_23_23666,0.6746422058904791,0.25153452685421995,0.8875784536864612,0.3626829973453886
0_23_23683,0.20655009177857211,0.09878924960085152,0.9859681945743686,0.9615246636771301
0_23_23697,0.22830607152758525,0.1152970743041396,0.0,0.0975470621791215
0_23_23732,0.8336352013637333,0.5297944051230199,0.4946396853590459,0.5111407176000368
0_23_23748,0.1617213555675094,0.21170735337898183,0.0,0.12926829268292683
0_23_23817,0.8037738522576988,0.5975095837524809,0.06983781878011518,0.027396389524535977
0_23_23934,0.22937501955345133,0.19932634944195474,0.0,0.09607193563653574
0_24_24071,0.8807059869214653,0.6974994776067424,0.9661266568483063,0.921183932346723
0_24_24101,0.9168536315842347,0.7765167437298585,0.9595973965928086,0.8799760550733313
0_24_24177,0.798032021347565,0.3477472140979601,0.987114476243401,0.9486539369813103
0_24_24196,0.47752391455491355,0.08085861448603889,0.9553999709288241,0.8390280234615026
0_24_24209,0.2947646125599387,0.36683326669332267,0.012657862868346692,0.45594274316555206
0_24_24234,0.5760137927776859,0.2458206287456629,0.9436221247283612,0.8203755040322581
0_24_24237,0.8926895940305124,0.6878356164383561,0.7049430550663379,0.5351187016586936
0_24_24256,0.8184246209475284,0.7037479630635524,0.8585808499033074,0.5393324453498394
0_24_24368,0.6111642997712887,0.2538500682968637,0.9150110375275938,0.8311597374179431
0_24_24390,0.3090738393653476,0.06649220448932955,0.0,0.0
0_24_24431,0.004102163402842213,0.20062066447608617,0.0023987859205952906,0.055942738745526466
0_24_24440,0.8203666615313511,0.8165282720442862,0.8610188261351052,0.770764824440437
0_24_24442,0.890348866819455,0.8240957227341493,0.9141562102703001,0.8946962019207567
0_24_24453,0.8639382901221341,0.8068314715489777,0.9206051805705185,0.9017390195161359
0_24_24455,0.9036673742771393,0.8320774066972845,0.9663253879379299,0.9323845144994414
0_24_24456,0.8700758944705457,0.5608928766823503,0.983405632445087,0.9570210544631982
0_24_24492,0.9401246174833168,0.752156210323541,0.002411859288599553,0.0
0_24_24500,0.7944163154470625,0.5522831667116995,0.11579134769449884,0.006537036265978265
0_24_24532,0.5405231616039508,0.06590397016548831,0.002669816893089191,0.05930631972520291
0_24_24552,0.7246542284038716,0.396903149450983,0.018737707849097087,0.0
0_24_24558,0.4162503823019676,0.310237487321185,0.0,0.0
0_24_24670,0.6713453147407927,0.38066306630663066,0.9654411440173015,0.8403176542455711
0_24_24759,0.820531173478998,0.6917550330413401,0.3004404886244948,0.3097137837639997
0_24_24771,0.8623085885486018,0.8614002659143237,0.8368418517269618,0.6315845634003201
0_24_24829,0.5207787345563459,0.2556519520285787,0.19011829292203125,0.029263575754491324
0_24_24861,0.8966050116494698,0.5850700293593878,0.9852322350138945,0.9319965661025263
0_24_24866,0.8276006401575773,0.5483745123537062,0.18900425430636955,0.01745226185694987
0_24_24906,0.9169519796330436,0.8481352718078382,0.5803341288782816,0.4137575590984057
0_24_24918,0.919692691575284,0.8386875813411877,0.9758092954369137,0.9137451307735114
0_24_24926,0.7425587211297995,0.4525152876786378,0.7246368620358333,0.46997082473493207
0_24_24951,0.6162452107279693,0.21576075197730604,0.01991763118653696,0.03334849863512284
0_24_24965,0.846645003135511,0.7146398909135986,0.007000466697779852,0.0
0_24_24971,0.8795284646348476,0.8531186143816288,0.3817676702416333,0.24772238245662226
0_24_24973,0.8275479843649729,0.7090050236185049,0.3324179693000986,0.273023033878454
0_25_25000,0.9759952033234116,0.8406089253440845,0.9743275480948108,0.5637491690671393
0_25_25057,0.9280931903543629,0.8443882055205697,0.9810991567316081,0.9561983991932943
0_25_25064,0.4500370812240028,0.24264076888240327,0.17847675001791216,0.009468448492838736
0_2_2225,0.8143778511876671,0.7677112547250335,0.22179585571757482,0.21271902180763896
0_2_2268,0.9237685691946833,0.7344552421584893,0.9430700755615361,0.8218074171531946
0_2_2276,0.8944444444444445,0.8673846478724527,0.8061655103354552,0.9053295932678822
0_2_2301,0.9303525738323432,0.8118357758138495,0.016636376345589263,0.0
0_2_2304,0.0,0.035053808379479676,0.11020929144906072,0.2124405300200527
0_2_2310,0.7148574118913102,0.28004994366111396,0.8941656501072646,0.6605042016806723
0_2_2397,0.5615797517426473,0.3147662448364042,0.7284451480968401,0.5137328791941445
0_2_2546,0.8514723156061403,0.6984951391663338,0.9092140921409214,0.8732708427963827
0_2_2551,0.3565269964775774,0.2807889190003011,0.9658710366939793,0.9173812075741337
0_2_2580,0.9240191236319096,0.7965433123994394,0.07495617223243682,0.010300550303372373
0_2_2721,0.428734722588587,0.2351775859629263,0.6424529136086303,0.3497771952817824
0_2_2741,0.41778694549161866,0.2206075044669446,0.706405994703927,0.5636239160200821
0_2_2756,0.9172721041809458,0.8544905008635578,0.3100780959464485,0.26362849725987886
0_2_2950,0.6783435717791203,0.14895499856849118,0.9543856148839065,0.8149317579955184
0_3_3142,0.846427066401782,0.7931325937665082,0.9512331446936352,0.9315021261923917
0_3_3183,0.46379089606916046,0.14726857142857142,0.0,0.043295840028566325
0_3_3276,0.45487780448717946,0.5338887037654115,0.6439421207976388,0.6423155829096423
0_3_3294,0.8358320510002198,0.6429157268812795,0.9439223220312581,0.8777358949416343
0_3_3308,0.5443371884071326,0.3178789276744067,0.7090316378986082,0.40038725576483014
0_3_3317,0.845389203242086,0.6859535835304648,0.962671384343211,0.9296122499382563
0_3_3327,0.7889151740452855,0.5854330307048863,0.894772804919713,0.911289795384716
0_3_3344,0.5834780966767371,0.4818828181437968,0.0003931181204328924,0.15899987078433905
0_3_3345,0.8758689175769613,0.848168663317446,0.9422145964826276,0.9322732626619552
0_3_3360,0.8693113247946432,0.7485810937793648,0.8536423841059603,0.8376422323709265
0_3_3362,0.8904354631337693,0.818213058419244,0.9322867298578199,0.9059252506836828
0_3_3374,0.8608155395272442,0.7662208725106582,0.31275904104022756,0.19470943957572034
0_3_3429,0.8853367240361473,0.7906220742744201,0.6146585936704997,0.5040202741619629
0_3_3433,0.06760424377004688,0.299067563436258,0.00038740469844418274,0.1599949647532729
0_3_3434,0.11126307961969512,0.0,1.3860590183930032e-05,0.2976549626061605
0_3_3467,0.9525695713995531,0.7983663128467217,0.9777956693080215,0.900857249347745
0_3_3473,0.6102575342465754,0.2518147023888082,0.0,0.0
0_3_3514,0.5295287827924904,0.4114037958115183,0.967372568332923,0.9405343590809856
0_3_3524,0.60300953570838,0.2756677706568024,0.9634695032925121,0.8620593485051317
0_3_3551,0.8614780535689244,0.6600029344875651,0.8679733611084809,0.6459999179890925
0_3_3559,0.8407279243650745,0.7188955626379014,0.7607678072499002,0.614693446088795
0_3_3610,0.3717325470194453,0.3316304810557684,0.438410169764261,0.4091745785700446
0_3_3654,0.8462607377463366,0.8166692108075103,0.11404687266756232,0.1112457586039748
0_3_3692,0.927081106503057,0.6766528421566236,0.9792413793103448,0.895399134880063
0_3_3732,0.8442890442890443,0.7181921331316188,0.7701674277016742,0.48633902031841686
0_3_3797,0.5794622118992317,0.5720922229869236,0.05267426881053485,0.020961221739781405
0_3_3835,0.40621424170407533,0.638636738735765,7.01344243132671e-05,0.1632509661552875
0_3_3914,0.23408875516419614,0.004940260437642637,0.9330074305827141,0.6701128593788616
0_3_3965,0.4594935893305844,0.15750122283558102,0.005881248826878558,0.2876017507260605
0_4_4038,0.45719020438225005,0.07553109870631498,0.3457694138322411,0.03499946483998716
0_4_4240,0.7688436042229315,0.42712259917429546,0.8746971514595535,0.6164926327954104
0_4_4283,0.9518879834729714,0.7985497502881291,0.9903723800148856,0.9570376648831912
0_4_4316,0.9087776568734132,0.7297174662714018,0.41038896483161424,0.4103336816778866
0_4_4328,0.7349800277166382,0.4072591680350301,0.8156478542845316,0.4737435203966644
0_4_4430,0.7679055361982191,0.4775991498988791,0.8778044871794872,0.656160572337043
0_4_4666,0.9187261465306888,0.8738303949571555,0.012180185084376701,0.02383493418712202
0_4_4828,0.9041619173777764,0.8112992367751557,0.5988358320078514,0.5816933503003758
0_4_4838,0.9565302718084584,0.8466539873501703,0.29683897740662946,0.2112306331497703
0_4_4870,0.9473824643791025,0.8717353837995493,0.9828109201213346,0.9015461873926259
0_4_4976,0.4047627927793525,0.3277575903180276,0.0,0.0019481865284974092
0_5_5010,0.8849574570557072,0.7365208940719145,0.7813357400722022,0.5032027285583562
0_5_5031,0.9503205128205128,0.8505426896511695,0.40807156230497194,0.36205879461213253
0_5_5091,0.8978561188583344,0.7465784059397084,0.14951033732317737,0.15844686001803768
0_5_5108,0.7638458130261409,0.8430421432067998,0.13167961052509564,0.13560237709346298
0_5_5131,0.7873242951010563,0.8652682733313498,0.09459592479574762,0.09725595576455998
0_5_5189,0.9020326139289527,0.7685374354043986,0.3557990825262963,0.26395676421548897
0_5_5255,0.9080076933902519,0.8040654746019037,0.03713058853245769,0.06517658357707251
0_5_5268,0.8973414702581369,0.83189430591738,0.9686957862677821,0.9358959288429137
0_5_5291,0.9506512520193862,0.7755812027168811,0.16564042677424493,0.15975729389964757
0_5_5303,0.8957202695319614,0.7388066648049892,0.7938743392114926,0.6035728022565067
0_5_5318,0.812599352369738,0.4199315108247722,0.022073029366306028,0.03242346554064244
0_5_5335,0.600950729976435,0.33653323180680955,0.0,0.0910980910980911
0_5_5416,0.9266415151861591,0.7866071428571428,0.8122331691297209,0.6311096612841842
0_5_5463,0.9316028502075013,0.7586563663953648,0.9584063939974717,0.8508319835075836
0_5_5528,0.9580864336976732,0.7908507765023632,0.9691520890559491,0.8566917226348797
0_5_5566,0.3946804533559464,0.05129196468844642,0.9691032065254028,0.8668697712655351
0_5_5586,0.9335573422936917,0.7530464452336189,0.3723921669013183,0.36647237801972216
0_5_5634,0.8118894148454023,0.3926260688623728,0.02028090754746103,0.0
0_5_5673,0.4741768618113146,0.18485257708755345,0.15939588486028522,0.20064493013256898
0_5_5706,0.947132486913266,0.8913666375981064,0.04248679788766203,0.0
0_5_5785,0.8401885175664096,0.762000276663439,0.9447410043495452,0.94964730601831
0_5_5880,0.8536833684822922,0.7759624524714829,0.3005264945652174,0.24008664781274444
0_5_5887,0.9710467706013363,0.9120657452372058,0.5726901835912235,0.3919079854581923
0_5_5948,0.19618967147484256,0.29513812154696134,7.370283018867924e-05,0.11094441711756026
0_5_5953,0.36748808087770696,0.008807217622246524,0.0,0.00021627077100529863
0_6_6048,0.033516324761629586,0.017753134776305416,0.0,0.0
0_6_6087,0.3048022955161758,0.2713097253920342,0.0,0.2539147007314309
0_6_6112,0.5907589887195203,0.570951871657754,0.004166902885651114,0.1373664174654864
0_6_6227,0.18684652996540596,0.21172327782261022,0.03327441191896039,0.014515245572393646
0_6_6287,0.19469330228567927,0.039266428583751706,0.0,0.27847167811218143
0_6_6377,0.9114090498904216,0.674657256428977,0.9493709303608873,0.7974711331606446
0_6_6378,0.48568693154619436,0.24376436781609195,0.9354901960784314,0.886638990087266
0_6_6574,0.6468318404832993,0.2963504814598074,0.9835210623941504,0.9403159742539496
0_6_6618,0.0,0.0,0.0,0.0
0_6_6646,0.8970064724919093,0.8154009936124911,0.9042778858051971,0.8439277229861061
0_6_6693,0.9234582100996823,0.7456353934621561,0.7920494499262788,0.5914190210174458
0_6_6744,0.3303051575339637,0.19220514664030436,0.024628078509813727,0.017905047102127394
0_6_6772,0.9434101163619093,0.7875720164609054,0.6010035122930256,0.27857240158016616
0_6_6791,0.9392349035725577,0.8546596286858391,0.8015344235816677,0.5690570489592989
0_6_6818,0.9265833260736998,0.7124758687258688,0.9684961966062025,0.8671429863434928
0_6_6823,0.9710091220068415,0.8796039837350462,0.2049223556987987,0.005999750010416233
0_6_6825,0.9359047657940949,0.7479119789481713,0.02609940771917645,0.0
0_6_6826,0.9284120579159744,0.785534364879453,0.035878564857405704,6.837606837606838e-05
0_6_6830,0.45191945803537825,0.27624543181381034,0.7395704254440314,0.6990867579908676
0_6_6833,0.8921571980709375,0.7495684983743427,0.3726044967556964,0.30408546032781536
0_6_6847,0.9496252437677686,0.8076278479865924,0.0064230835741989675,0.0
0_6_6876,0.6966244470032119,0.324843028077242,0.09479909549486867,0.03365634192766915
0_6_6913,0.9327256228345158,0.6659782608695652,0.027602766885491476,0.0
0_6_6917,0.6470236802085596,0.41936706462004925,0.9714860784971486,0.9362425891729032
0_6_6923,0.6481752775336133,0.3752558329922227,0.509313038253555,0.42649037617738256
0_6_6975,0.9070224814350141,0.7206271635104866,0.9778731591800488,0.9228068155652774
0_7_7129,0.7429189109962991,0.3418446868983222,0.9575001228320149,0.8245140032948929
0_7_7167,0.5288537871231705,0.22253592884284715,0.9440322890640015,0.8163670453292159
0_7_7270,0.951222932232928,0.7891767564987198,0.9786921997108676,0.9049337019163192
0_7_7478,0.6221985667306632,0.01767439208643348,0.8934703183803533,0.47985347985347987
0_7_7540,0.33601800900450224,0.3251179863660199,0.08146908131689748,0.001312485733850719
0_7_7586,0.922077922077922,0.7980995297805643,0.9792194838119779,0.947634859289097
0_7_7609,0.8972366621067032,0.833530106257379,0.8451574569221628,0.6968510044210037
0_7_7677,0.8586016514389017,0.7736326870015496,0.07289177193581427,0.04158852730281302
0_7_7697,0.3278914519342442,0.14994264994264994,2.750880281690141e-05,0.24689513493323373
0_7_7702,0.6486928868727494,0.5185369382403472,0.2443534794124729,0.09901675668190002
0_7_7796,0.7941724941724941,0.4637195882164357,0.15163179916317993,0.10888899808363225
0_7_7804,0.8696544161861979,0.6573390110367602,0.2585617831286098,0.15432282371604203
0_7_7817,0.10276992839697584,0.0,0.0,0.3696896133171493
0_7_7819,0.2878613738838299,0.4578159645232816,0.983510011778563,0.9596179798608948
0_7_7821,0.0,0.0,0.0,0.11100916337984533
0_7_7904,0.9514050764050764,0.8443330845505918,0.2200577936426993,0.1670853736427507
0_7_7917,0.603931963772918,0.36957130848977304,0.9450916376048082,0.8371868202690728
0_7_7923,0.8436524453694069,0.8181527133023851,0.957310501736319,0.9526848591549296
0_7_7954,0.8313943779571389,0.6582317073170731,0.8890329975266936,0.7474747474747475
0_7_7981,0.2824353402810008,0.14169758165741542,0.0019844366652545208,0.1826785202179524
0_7_7986,0.9105341403844112,0.6669117286673528,0.985050317026351,0.9393215480172001
0_8_8006,0.704367417677643,0.41143756558237143,0.9346861128725428,0.7939449401357431
0_8_8040,0.080725,0.0,0.0,0.0
0_8_8108,0.18214494082347057,0.13279456332078243,0.0,0.0
0_8_8109,0.31233892291729426,0.1109302837035408,0.000671693534408043,0.06690153375324721
0_8_8151,0.8711608537220198,0.6121530609163118,0.9670639434251521,0.9135298057602144
0_8_8238,0.9146010046940625,0.8538767395626242,0.9398385276499697,0.9030953606352474
0_8_8241,0.917526773869997,0.626217485963103,0.9291988848561359,0.6541746777192927
0_8_8248,0.9118034751348113,0.8108436445444319,0.00976764199655766,0.0
0_8_8454,0.9197431781701445,0.7793424687212263,0.15482423335826478,0.07455064336854754
0_8_8471,0.9263079324150099,0.747315022165349,0.2605894983408159,0.12757093529500074
0_8_8648,0.011101202725568207,0.24269560911191812,0.1804343540203169,0.16867485814805508
0_8_8711,0.905777916212428,0.8125,0.17509776187702805,0.14560262913481462
0_8_8814,0.2974959009005142,0.0,0.0011515611505142768,0.18445914029286725
0_8_8859,0.17636859719627423,0.11876331477470059,0.0015577326621779935,0.4932895533807262
0_8_8860,0.7712934173111164,0.5821116297416343,0.08225406448057317,0.0013624981587862719
0_8_8885,0.6553818251765546,0.44372635033318825,0.4975524036651186,0.34428190265893827
0_8_8976,0.93574166190981,0.8048195921213178,0.11699843305670013,0.04937004530011325
0_9_9002,0.13560690571049136,0.17186749879980798,0.0003201995348680441,0.5386588658865886
0_9_9003,0.9365251691817754,0.8325036000822876,0.9674702964586458,0.8902144123811059
0_9_9012,0.9527694188452135,0.8384575713095569,0.9674239071642818,0.8378876151099417
0_9_9033,0.6608986186605496,0.5483749529426528,0.6729313356980253,0.561732203960285
0_9_9127,0.9415486307837583,0.8642796661424943,0.991650524347071,0.9805280951769589
0_9_9132,0.18210659898477158,0.40975,0.15031698365031698,0.2351124077569933
0_9_9135,0.37022388586764604,0.3824905214436949,6.999860002799944e-05,0.27057758100221374
0_9_9187,0.8447152098837493,0.6083600485542656,0.9723341621652519,0.9165402124430956
0_9_9228,0.2253141347139082,0.29369833927352695,0.002024564718585504,0.24336722991054363
0_9_9264,0.8868399295445559,0.7235359663241302,0.6555355355355356,0.577155915487311
0_9_9353,0.8295405052264808,0.7456702747710241,0.2912621359223301,0.27886929505972957
0_9_9398,0.8483874159081916,0.7671204100495757,0.8852674239397226,0.8414432727734722
0_9_9419,0.8685674740484429,0.5552199358127242,0.9538207457282601,0.8275221906364216
0_9_9453,0.8904172750326597,0.8095498326388415,0.9554358053203319,0.9201000588581518
0_9_9459,0.8625864194222627,0.7282184655396619,0.33318853171155516,0.22104231334749225
0_9_9496,0.4076061439399021,0.32015257840025624,0.09808423052564914,0.38413861589562714
0_9_9638,0.898401719786896,0.6848684715085512,0.9543348606240561,0.8593735855888477
0_9_9659,0.2363047955280965,0.32821374290056793,0.0,0.046012683848333555
0_9_9699,0.6332781456953642,0.6383114224628121,0.2386889918061988,0.1660377358490566
0_9_9799,0.6716584515433144,0.04460835967685283,0.9874703564692922,0.8508767254703405
0_9_9837,0.9536517220670027,0.8401813934313591,0.03157001259514813,0.0
0_9_9880,0.102677716954408,0.0,0.1420345746461522,0.18408328614365987
0_9_9938,0.879951628861446,0.6766054289389491,0.2620247366010078,0.2917866842235207
0_9_9990,0.9049923430321593,0.8257826229410539,0.17800940810179702,0.17553815426560568
10_00000006_004,0.9441342233072748,0.8051833740831296,0.9683618595255644,0.8882633394197607
10_00000010_010,0.7503694841297769,0.42423847107168483,0.020022507737034605,0.0
10_00000013_001,0.29069868615679106,0.07930842529224925,0.30590887135726935,0.10344941846979688
10_00000013_008,0.8952138711757541,0.6893969864793787,0.8359859675036928,0.5415953440602533
10_00000014_010,0.866874270144025,0.7963214546974605,0.9562906083874778,0.9188736171639289
10_00000014_016,0.8955677867902665,0.7815875745687108,0.9575133930939373,0.9124651486988847
10_00000023_007,0.9187558031569174,0.8922893819603842,0.9379718168092602,0.9195232295110493
10_00000024_023,0.9043977812995245,0.8207774798927614,0.9337336478661805,0.8945637277295568
10_00000027_009,0.8855497406129305,0.695303910790011,0.9196960411815174,0.7825009830908376
10_00000027_010,0.937110881455902,0.7641866913123845,0.9649304449400021,0.8667965895249695
10_00000033_020,0.9472706667506139,0.8521750865985874,0.9676484153653555,0.9018390698105341
10_00000034_013,0.9078919824157421,0.8370673800367832,0.9616345062429058,0.9555879140880961
10_00000034_014,0.8403415498630579,0.6956282217762563,0.8167643983817446,0.672184736599472
10_00000043_019,0.9539032516553498,0.8664037152490617,0.950365474679389,0.852138596268562
10_00000067_018,0.8616447430680421,0.7424390243902439,0.9416066129715981,0.8951755246126691
10_00000069_002,0.7633406742334407,0.6502859563651768,0.5347851505407776,0.5428072218986605
10_00000069_018,0.9041107597641227,0.8037391380672343,0.9772727272727273,0.9596536114938005
10_00000076_017,0.9317498020585907,0.8386003480809746,0.981748158070998,0.9582227464857958
10_00000083_002,0.8583540418067535,0.7427428106348345,0.7809418565113907,0.645453307922679
10_00000085_008,0.936493374108053,0.7962665348003461,0.9626676038062284,0.863079247817327
10_00000087_005,0.8392107349443579,0.5318073348404924,0.9498809153981568,0.875176016352487
10_00000089_017,0.9144086599878976,0.887787492342819,0.9680672268907563,0.9564891655140618
10_00000093_007,0.8919397954439795,0.7274273404134699,0.9585026940164477,0.8652294257533819
10_00000094_012,0.8873887388738874,0.7982447188488622,0.9331467149678907,0.8836481324278438
10_00000094_022,0.9458932853717026,0.8739174035919409,0.9852663094862906,0.9691566265060241
10_00000098_007,0.7997174143412222,0.7233215913800248,0.8402102685965291,0.6513840830449827
10_00000098_010,0.9112535247372469,0.8099391243268556,0.7283821670056622,0.6181102362204725
10_100814280_70659ccbfa,0.9317493029458116,0.8093479578900954,0.2627715161722157,0.14052005373248896
10_108765872_c1d462aa15,0.8911951513138777,0.8202897439828299,0.1570098652216201,0.1575603088403709
10_111078578_967ba44a4e,0.8377570540411287,0.8600458139363039,0.6810548230395559,0.7424629535002555
10_114197289_0b92e3abcc,0.9066750265264782,0.8639702741949261,0.5112545254210609,0.39385419554112383
10_115003816_5268a2536a,0.8482462419470294,0.7118734312010344,0.9025059447594659,0.8555528865401554
10_118134441_c58fc0719f,0.7599500185116623,0.5637575556843587,0.04376673971268566,0.009158941137049034
10_132474673_88eaf528f5,0.7461019437840861,0.4565107073987618,0.7966344973465033,0.574433312015917
10_134815623_dcbd7ad8e0,0.9227970139175451,0.6699480817207201,0.8945853783533401,0.6087224031849439
10_135418000_4666dec3c4,0.8850601748402525,0.8213780341787308,0.9479018415491439,0.920123187275846
10_137117726_7d0ef6a2f1,0.9437171466831891,0.7558742881248681,0.9631351920042083,0.8329189457981104
10_137385456_396ee799c5,0.833614417192695,0.7880105251115433,0.9091448610736445,0.88252854088507
10_139375137_1d54fa7e20,0.8838315217391305,0.7926095431816256,0.9082984318690952,0.8415216803389525
10_142031788_e469594839,0.7618585918854416,0.6685797429472152,0.9024685607824872,0.8937754078454148
10_144439584_97e8823d39,0.5023149029009222,0.3553269750333648,0.34596339325907266,0.357933653077538
10_152108976_efb920fd16,0.4405460544543234,0.18662616427608683,0.9746137175987166,0.824369105276574
10_152109747_5678ebbb1c,0.5081184928111055,0.24038956266078648,0.9748570971739218,0.7308367466354593
10_1557631_c5d89caa41,0.5887682497476426,0.40036212960061285,0.664078556748116,0.531516795659459
10_156234186_1b16bc540f,0.8941657773034507,0.8430250702174139,0.9333290159634751,0.8987146671070377
10_15955708.montblanc1,0.9052715337179232,0.6471662427444075,0.0039849360658609214,0.0
10_161208056_248b2c2ab6,0.8413129102844639,0.7833043478260869,0.017001143807840284,0.004832863471606927
10_161577795_24ddf05710,0.2502859543873573,0.09773187874606529,0.0003311121228425976,0.14478925884030885
10_162330937_390a32901a,0.4889122329065996,0.17486073491081924,0.9855481805771313,0.9403815958509778
10_163690182_59efbae927,0.6122483034820336,0.3268679533728263,0.03624307384866927,0.0
10_167944629_67a359c464,0.8775237777406975,0.806853920399089,0.003359320529885276,0.0
10_169329862_b3b297c7a9,0.9340773216420885,0.7316232171777859,0.9672664088335856,0.8227848101265823
10_178480338_a73f99f0ba,0.6481249412575582,0.321776691579755,0.0,0.0
10_184503160_143a47edb1,0.018546664475846204,0.11667650724922915,0.0,0.0
10_188491483_a44e3d6e02,0.8312431091510474,0.8466439688715953,0.9395821569734614,0.94049008168028
10_192447210_936a00b749,0.07882550648865652,0.3625321946590755,0.005940779610194903,0.4346862772827983
10_197325318_cceafb4122,0.8594252134790193,0.6207484480195855,0.98481806333439,0.9504748233215548
10_200477093_158e8132c2,0.9366796861254795,0.687994780339278,0.9824466899472472,0.8292769902826067
10_201960469_f9110392d6,0.8948215535339398,0.693447380479609,0.9801558079144219,0.9334044950483307
10_206775277_55350e13b2,0.25815012731772047,0.13182199832073888,0.0,0.046182266009852216
10_206775389_ad06667dc2,0.8928608672075417,0.5803765535912055,0.9752485621812932,0.848916027113327
10_215268421_d9e8d9a11d,0.46658605401047965,0.18933087217351177,0.03986696613683483,0.003825114136470201
10_217098809_9fddf98ceb,0.45844511619119593,0.08802015043820302,0.2056375175142174,0.004689368666205073
10_224830165_1fc5dcfecf,0.9212686189076907,0.6592396985201078,0.981140350877193,0.8585071018434572
10_229961305_0a965550ec,0.1826122616362518,0.2650165368611971,0.24250261376767732,0.3259929441219984
10_230453144_086f387b70,0.8245271381578947,0.6389228886168911,0.34118086696562033,0.3184650112866817
10_23411894_f0827bc59c,0.8719048318402115,0.8504422771603538,0.31219528596886453,0.17943171319768358
10_234794066_610aa191d1,0.23468257756563246,0.00843555314785435,0.006543894506884928,0.48359431030360983
10_236916255_307bc2272c,0.9253439898278916,0.8177077363896849,0.9633323696636793,0.9179870090451041
10_240787824_95ef80a11f,0.7251381661872596,0.5099032258064516,0.979866367732913,0.9109764623630855
10_245737491_33814f1975,0.09350200944858503,0.0,0.09910184647772323,0.0
10_245741115_52f74157d9,0.34645470603078476,0.02900044941443942,0.9800920050761421,0.9653732632639839
10_246111556_0fc2277e24,0.8661217681401168,0.7189445289804952,0.030111297453880165,0.02582134227703848
10_247193222_122354a299,0.35407794703149104,0.011013496307613954,0.023672917249743446,0.21605924651219963
10_252237817_b4d44ff2f7,0.022626879253796424,0.05221534694417789,0.1216422904120065,0.05565394729780497
10_256056095_92cb6f9946,0.8827284652383035,0.8021197007481297,0.2866531600533676,0.21761470836176788
10_256246201_af99191b82,0.376023976023976,0.05247249850630865,0.3948685669753919,0.07242117484851783
10_257305705_33f7249c08,0.46510117411941043,0.25506121589507563,0.0,0.004004929143561306
10_257430398_b468551510,0.900051981055793,0.7674268733665103,0.9025167150245995,0.7427536231884058
10_257476956_dd7b951ab3,0.4801248995879868,0.1882073749543629,5.2985044971056916e-05,0.4283761722161054
10_259829970_8ad028f44f,0.10725023668085018,0.0,0.0,0.0
10_259830185_a6b7dd03eb,0.6653966916832593,0.373402681253643,0.8633785140562249,0.5162138872511225
10_259871222_13311d0e2f,0.25408311172489356,0.22406827363929366,0.0004369038083448627,0.3120726243810422
10_259872599_ece5e7f0f4,0.28321177389945296,0.021413820492454327,2.870511238051497e-05,0.12424030247864445
10_260120621_66276c1d6d,0.8120261437908497,0.6542241984554178,0.7072407986528747,0.6930860033726813
10_260372546_03d18a4e9e,0.45695513907049573,0.2443206357432841,0.0,8.777704630239193e-05
10_260372597_3269d98a53,0.10232970661327573,0.0837573783838795,0.003699966363942146,0.2980355369164551
10_260610820_773d74b04a,0.48150405046956773,0.09826807228915663,0.5705352490136232,0.27408368472267275
10_261185388_23b72d8b06,0.47311537422318295,0.44060437651962486,1.4411506146507371e-05,0.24038255656270074
10_261412567_6cfa782a7e,0.36069500178582686,0.16928216283405842,0.0,0.0
10_261717707_bb5b8e0b80,0.9411508993098952,0.8403139385706739,0.799873045184373,0.5262158312419454
10_261964240_8eea8f76d8,0.8250256937307296,0.4004388143732406,0.9217280978561436,0.6734600673631329
10_262725611_c3ce2b827e,0.9115552492533885,0.8712769774952581,0.9525436362506988,0.9306300090228756
10_263409221_258fe30291,0.15228299464884057,0.02382675499638145,0.0001161350263239393,0.4171091286418888
10_263808439_8c5342f1eb,0.48457969432314413,0.3627787645549635,0.9367195861576882,0.8198329325401847
10_264482836_a97bd01e84,0.19389474213583444,0.013133469463523296,0.00012740837214569856,0.23077184400054354
10_264484124_5edf738e12,0.29114311621936717,0.18558901313042267,0.0005498774729543961,0.3961768219832736
10_264977419_e80d1f1333,0.904215121611211,0.7360426720853441,0.052441888717907184,0.0
10_264977628_cde9f779bc,0.9461044006498552,0.8422857745884339,0.9416292258967371,0.832790213152412
10_265627532_6350797cbb,0.9521606036876201,0.8722348563158983,0.9508787574777988,0.8621296871763
10_265870892_766e28e379,0.9431648220161531,0.8278086582545543,0.9772727272727273,0.8856353148533889
10_265917413_40738f7de1,0.9333916338726134,0.9054454858227547,0.9643797429146662,0.9461690071446169
10_266085492_354fea0ae0,0.944871730000506,0.8262885306156545,0.9803257711071419,0.9191651841888315
10_266284290_829ababfdb,0.9570532307095272,0.7387478131792398,0.9771970855446613,0.8298775780302194
10_266448508_94af676059,0.7647542457799131,0.5109845402766476,0.8428742994395516,0.6541978040328977
10_266501049_f8f3228c06,0.9092098481544622,0.8276528989556023,0.9599726892549287,0.9238987134609264
10_266505582_b6bea7d285,0.9121638851896977,0.7372863383806252,0.9636486861156465,0.8977230655312847
10_266618383_e120335223,0.893913676042677,0.8235087101882809,0.9398657718120805,0.8959373651439492
10_266623585_51b4e13abb,0.9101912557706483,0.8390423136185848,0.3577156434299291,0.19980601357904948
10_266684747_d96b086291,0.9279163314561545,0.8550896564310809,0.3220091167111035,0.27100831973249473
10_266685287_18eb05146e,0.9252257616354074,0.8501158045660085,0.3469387755102041,0.25237094136883903
10_266685774_034585ce2d,0.9169966929326746,0.8282496694478639,0.3524397282777605,0.27805056202572737
10_266691786_6d0cd9edb2,0.8646323795726186,0.7096168294515401,0.42792056481062846,0.3517393042782887
10_266773213_3f861ca816,0.9272653575932265,0.8419810136119343,0.5116121212121212,0.3713498182399233
10_266774009_d85fd2d1cb,0.14133374786258354,0.0,0.4601108841552378,0.2710116101577316
10_266774040_f40061481f,0.9475670745132576,0.7997908078508583,0.3740849922162234,0.13008272420886768
10_266809441_93200a116b,0.8854889042995839,0.818638195573782,0.932599202582115,0.8939326837909655
10_266939706_4c0698df47,0.9185116331474283,0.7585890375032782,0.9701993832249397,0.9075864723144272
10_266943402_f88493c435,0.9198478658966052,0.8330018416206262,0.9753499695678637,0.9497491439037987
10_266985450_6d8e8f730d,0.8897130271425795,0.6976978732734049,0.9220080208260044,0.7674946641841878
10_266996498_e98c27d9fa,0.9247089184971792,0.8195014553324875,0.5217839981940727,0.361932838602555
10_266996502_b334ade588,0.7816990168893371,0.5401750198886237,0.17852985434825813,0.16486532128683612
10_267001913_e22cf985d5,0.8492694330800701,0.6134246054382962,0.4100951791911487,0.26602492351317064
10_267014693_4f1ee75c4a,0.8395346872095316,0.5271397849462366,0.9599504676247271,0.8638979091893124
10_267183829_e8538b16ff,0.9639467711986796,0.8774569490346147,0.034560239674727156,0.0
10_267183852_ce52f4236d,0.8870139398385913,0.8153261096061679,0.8901441133365902,0.8593335139528583
10_267283020_efc5754cec,0.9361221325905879,0.7619515068224207,0.970453162175621,0.8354468599033816
10_267294594_3ac14453d8,0.8812609672751901,0.8133422204190454,0.969431861405996,0.9445034022098757
10_267300600_05f6c6fee6,0.9444821181118613,0.8030770648118292,0.9553895278544192,0.8679306209059876
10_267300813_22fcf61089,0.9327892295350703,0.8066923936224231,0.8672959259811969,0.7412421154779233
10_267303537_2872e24990,0.9300026716537537,0.8234615384615385,0.9058124734832415,0.8188765250033516
10_267303541_20c1da051c,0.8253176904110331,0.5252284342573951,0.9549431180900497,0.8183042931560984
10_267311260_f18be257e2,0.878881477343673,0.7538631753641896,0.1969612541327687,0.18193721909615315
10_267393563_c72e472e3c,0.8695070162481536,0.8776424744276669,0.9094223363286265,0.904336390612355
10_267412727_1727822888,0.783625730994152,0.3287621506070262,0.15435091896286404,0.0
10_267451067_221b5decc7,0.8148860940786824,0.6674815612828375,0.3568037757594051,0.08938688153090772
10_267463817_50230632ce,0.8461254417893127,0.7483798379837984,0.08679668515172285,0.04984714673913043
10_267466377_0af5d33261,0.6632085696991878,0.2585006616420229,0.952249362294195,0.7646065518405943
10_267466379_f8bbb5fcc8,0.8778836855919326,0.5212624205276583,0.9318819031435854,0.711023587201841
10_267496810_ea8700bc19,0.8599092284417549,0.7567498071483671,0.9672504378283713,0.9504074178139927
10_267551886_bddb4ac4b6,0.9642207398423287,0.8003266841558184,0.27462388672353083,0.09105294885964031
10_267558735_68fd4bd891,0.9032498851630685,0.8410680855256676,0.914265857973212,0.8967547012554045
10_267561242_d29d940853,0.8338894681960375,0.7871338694221074,0.6705370101596516,0.642914848925513
10_267640333_d68dd4aa2e,0.8963632307005801,0.6263313229821634,0.9678982988842144,0.8879788639365918
10_267661663_55aa54cc71,0.7556108155749315,0.3718526951876341,0.9468434545745874,0.8088207927547919
10_267687096_fc062d2623,0.8655129643848561,0.8158010027746677,0.6234726900468925,0.6635132711621234
10_267687692_468e936114,0.8463779060359242,0.6094438614900315,0.896343761779118,0.7365999354213755
10_267687863_2b911db6b9,0.8915656810470189,0.6837323943661971,0.0019564154122058584,0.0
10_267688089_a88a46dd9d,0.8526670528144911,0.6600744674357566,0.9195008563738684,0.7537760045597036
10_267688590_6ab2c60659,0.9480839095277159,0.7448764816661128,0.8406588378831783,0.4998986726112068
10_267688716_d3bfd5e5ec,0.9517591902904964,0.8434400680079343,0.8862583161275522,0.6799793535066778
10_267688742_7cf79bd0bd,0.10031325644311548,0.16819023719902013,0.9466348068498606,0.8868159203980099
10_267688939_7a331af52c,0.9445729619690941,0.8404651162790697,0.9506905271347986,0.857843466577091
10_267689043_8ed546e74e,0.940136635354398,0.8322418136020151,0.9494692712514494,0.8517046911048449
10_267689095_cc345739aa,0.7565993495197035,0.5559049435537914,0.7823918194288565,0.4992546054733255
10_267689217_5f9b7de27c,0.9603155040670446,0.8482631550425405,0.9436338028169015,0.7875268142102234
10_267689464_3dd591c84a,0.6182880251628847,0.4492908530318602,0.01408478783106229,0.2789529497125635
10_267690183_224c509150,0.9271751412429379,0.8010281221651043,0.9668922184630256,0.9117983028720626
10_267690371_4874327dcc,0.37254149477117915,0.12325632563256325,0.9644229982824896,0.9154036651807825
10_267692916_7a63f7888f,0.8654881796330666,0.8314854299928927,0.6814190131028715,0.6713722763096894
10_267692977_62b9a260bb,0.8736959201467184,0.8602959909210922,0.008721329487707732,0.0
10_267693197_b9d8dd822d,0.8709569552529183,0.8437822434039208,0.6769016287531028,0.6980121968251013
10_267693240_8ce8970324,0.8838301899547083,0.8358698197143526,0.6645362718089991,0.6451159695348895
10_267693798_74248c315b,0.9235068792995622,0.8812237325356859,0.6415593134992237,0.652474031792387
10_267693828_c8c86c50e0,0.9019371642519941,0.8642631666389766,0.6682663037639223,0.6733312667906592
10_267744690_ac99310c04,0.4155245882759415,0.034626075446724025,0.7137357037708074,0.35054496742373503
10_267767008_59aabbd596,0.9233610341643582,0.7393055446938297,0.9487847455351148,0.8365791701947503
10_267778234_50c3b2c18d,0.8961485102728414,0.7683694379391101,0.9541761218066027,0.8792852522639069
10_267779210_3d38f9a927,0.6879554475976065,0.48519339738851935,0.7936818801089919,0.7055917667238422
10_267780676_e2346e581a,0.9038180680158565,0.8788232795242141,0.9633781190019194,0.9524696584815129
10_267781157_7f33392f45,0.9409958456258655,0.8646596148630322,0.9745401311183247,0.9357198664677889
10_267781192_ae29cb453b,0.8765957446808511,0.7349027635619243,0.9172436750998668,0.847457627118644
10_267781224_2039c2b3fb,0.8651381909547738,0.7175673965320846,0.8981164957436826,0.7872283872682571
10_267781270_9648a04e83,0.9441473389195527,0.8217960922979283,0.9642352658311544,0.8445218634150699
10_267781788_2765356aeb,0.8615899581589959,0.783273381294964,0.9404988575780655,0.9064817800709448
10_267782373_d2cbfb0560,0.921321998612075,0.820178887359937,0.9362653745806933,0.847560359632286
10_267782444_2e0050ebd9,0.9012630804447351,0.5672244403570947,0.9539705483783539,0.8011268985791279
10_267782578_6f209f0815,0.8535308389733112,0.8009606147934678,0.8006184656162568,0.7708124373119358
10_267787440_0399594cbe,0.2617074740929952,0.1205109218807849,0.7799421106156614,0.7429437393445728
10_267787613_cd71b51421,0.6984804721838503,0.5199497844004148,0.8179683357321414,0.6766121880146966
10_267795560_bcae5fb9db,0.927341758984761,0.8297284223619653,0.9475555555555556,0.8159487362050551
10_267800563_c521d904fa,0.05428156748911466,0.0,4.194498914673406e-05,0.06768418800370872
10_267803933_d803fdcaea,0.7479998626515125,0.42803781954009573,0.8489874461651241,0.6931741923113796
10_267849716_999316bd5f,0.901241333954457,0.6786868842364532,0.03574347023395176,0.010717751803873582
10_267907104_92b81c94cd,0.6672835092736679,0.5524399284810955,0.849540159411404,0.7645435359056226
10_267920434_fbb13ef558,0.9255772831287705,0.8338932862593247,0.8906980581990208,0.7812969000672774
10_267921452_ed232ffb29,0.9151703438470855,0.8180823495537,0.9205748022724741,0.8340880065017996
10_267923236_a7d4c3971f,0.8444496268656716,0.8221832389761582,0.9507070707070707,0.9328621908127208
10_267935839_30e321dbe5,0.8657909765848086,0.3187782805429864,0.9535056063925763,0.6423851604171642
10_267942018_4013a57095,0.9465476014135472,0.8127704833859019,0.9453391142768659,0.8269469796512661
10_267960073_30075b5290,0.68663790054467,0.42446223111555775,0.8843759567302786,0.7989135438725716
10_267974667_352a19b37e,0.6177638006839277,0.43127440184202626,0.6237643240053116,0.3825961234355939
10_267974673_5cd8c01d05,0.6296884071995356,0.4240685012254522,0.7927083333333333,0.5628773208793713
10_267975486_b9cd08a46f,0.6712601788053072,0.483573883161512,0.9412804647051395,0.8599414945483557
10_267976432_b4e9429cff,0.9157766554209171,0.6874231547217705,0.9627193918947773,0.8587798845836768
10_267976435_62994d7dbe,0.803487340476353,0.5303141988390306,0.9139117021720098,0.7665773419237129
10_267987584_e90efadcf1,0.8319284802043423,0.588985962501227,0.9825304625060052,0.9461257066844031
10_268001653_da15cc1bb1,0.886818724307121,0.6390283400809716,0.9664015461235412,0.8917704221075008
10_268001846_db119074c8,0.9066833816500822,0.684367881548975,0.9672555546072658,0.8686646791150164
10_268008679_05d9f1e40f,0.9249882144144643,0.6787741203178207,0.9685851600046887,0.8067497221734807
10_268012766_eba8915621,0.5531011712915651,0.5876359412944778,0.8936582664081971,0.9027065414661091
10_268012886_472fbedb54,0.2660181958962447,0.2058282208588957,0.9496185914493525,0.9183006535947712
10_268014269_0353776d28,0.7776170674380763,0.5809379727685325,0.9808003701133472,0.9582991683261098
10_268014760_9676395938,0.4931571690230701,0.41637742053343074,0.0,0.016837845061280592
10_268014977_b47bfb117d,0.11798770215633424,0.11171916519440973,0.0020528141023961146,0.4879982968758316
10_268015474_2bd515353c,0.8836223642849574,0.7961018009416257,0.7540371724558196,0.6345177664974619
10_268023025_784a1ec774,0.9421953341896988,0.829036716543477,0.9536182928413668,0.827783344138622
10_268026286_c48d28c944,0.9087323793535321,0.7243134198340287,0.02426403952407402,0.0
10_268032800_bfc9cd4caf,0.9088329452852154,0.7662112757360016,0.9770314534906666,0.9537523203394325
10_268033410_d278ddd024,0.8381991814461118,0.7262767710049424,0.9363190312141142,0.8891552932497233
10_268037364_97cb639b9e,0.9141497045305318,0.8561632997520966,0.28119581464872945,0.139095970557705
10_268050666_fd8484795a,0.9157108646332242,0.7864093820177992,0.9462218515429525,0.8682574868518277
10_268051804_e75c8bd959,0.908391821788221,0.8156784131673349,0.23817658092175778,0.1202448179082271
10_268067924_c212238b2b,0.9172200537334617,0.7277843966969311,0.9612321935359436,0.8700299470168164
10_268077139_f4250e6df3,0.5179421266543927,0.38940625504656295,0.5544352554661833,0.4922589928057554
10_268087093_7d2ebb8690,0.06672281489799738,0.18622471709881494,0.9718544579205629,0.9270706882061818
10_268090450_7103d5475d,0.8175192243396857,0.7279601117746973,0.5388341804320204,0.41619596219450816
10_268092274_58b19335ec,0.8778484048932598,0.8524590163934426,0.8984647142304218,0.890432181206261
10_268095200_956217bde8,0.8772931742616858,0.6598380698799109,0.9484938081158675,0.8514140726530107
10_268096162_0b812ff56c,0.9305054945054945,0.8101882480303122,0.9586803778325811,0.8815481092037752
10_268101001_cb023c75dc,0.7194416749750748,0.35024234153686884,0.9714222663577182,0.8610821643286574
10_268113688_6486df5217,0.9014930808448652,0.7374907201187825,0.9717119275825347,0.9325955734406438
10_268118418_3053caa1d7,0.9006029955261622,0.9096751979800298,0.14676135140951152,0.16662883087400682
10_268121720_f0d8c64b88,0.1076057231183861,0.14324435802250898,0.0,0.0
10_268122508_c361b4db6c,0.766245487364621,0.5456108809505198,0.4754539805288959,0.5154168007724493
10_268127478_dfb1265d0a,0.8656561600749515,0.6000654940119761,0.8389233316646771,0.6824716747595925
10_268129990_04e858de05,0.5791940274106973,0.33799080842663703,0.8881510416666667,0.8453627180899909
10_268131111_8fbe13baef,0.9224115334207077,0.6856660333544438,0.9665612610911837,0.8611732658818951
10_268132722_ee1448d776,0.8845685965307502,0.802340651140871,0.204153644520617,0.24851575885564012
10_268136909_f2dc3bee43,0.892670249007832,0.7821220657276995,0.3315215266100966,0.24413180303591261
10_268139713_919734cac6,0.8883641479099679,0.7667694485164029,0.9459325122880654,0.899237231925713
10_268139718_1a9192a52e,0.5839374929566883,0.3972268223538328,0.9012730744748568,0.80307344854674
10_268142756_1007aab622,0.8663284052138921,0.8985298196948682,0.9653765794448314,0.9721632460485964
10_268145469_9c89086dd8,0.9080379303761217,0.8060098391171386,0.9827574171029668,0.9649918239928645
10_268146459_503a3645fe,0.9568932672943994,0.8572759383612157,0.9719816607233825,0.9231935522483342
10_268148358_2c990817e2,0.9481079961331308,0.8090585054080629,0.971152799448456,0.8478685721265421
10_268150486_bc129aa419,0.8484979937100098,0.8962891874600128,0.890759493670886,0.8519592635057666
10_268155424_8f0e352947,0.8800795680591077,0.7899798898312494,0.9495360233552289,0.9106422878574777
10_268155490_7dbe72fa01,0.9161982219032812,0.7696734979291054,0.9206589980196351,0.815792349726776
10_268158274_128ba8610b,0.909764445339239,0.7906789705384355,0.9722112298289584,0.9378908072795147
10_268167124_b277130727,0.9415168355671788,0.8912035333087964,0.8423572869993501,0.7111840782684447
10_268167939_2e6847d767,0.8752348035164175,0.7318864363666202,0.9483848914715434,0.8850169365690688
10_268168007_aba64bbe7a,0.8678898332788493,0.7525755925956947,0.14303109778943424,0.14195624755360328
10_268168010_d3852a2e6e,0.6555846246729724,0.5148845061143822,0.9485483278206541,0.9202694786174576
10_268168390_affe478866,0.38114049526317717,0.44637085729937004,1.0825674168858865e-05,0.5720434379552377
10_268169446_590c2cc58e,0.8648405689810164,0.8360017889087656,0.8707325962823472,0.696559421555782
10_268171006_3b22a27896,0.8990755741923186,0.8750947400333485,0.7947229551451187,0.6208825357364823
10_268171623_00e193c516,0.8474803149606299,0.8203074607611266,0.8800108098369517,0.8736675878405054
10_268172530_e440f57dcb,0.7595672795789747,0.46499729892910485,0.8767691148145047,0.7593984962406015
10_268173785_ddf856ecf5,0.8963665652407374,0.8474692724635469,0.020341337566977574,0.0006881260035170885
10_268179190_1a6efc3d39,0.8951803617226792,0.7358547008547008,0.962850561263666,0.9139724486927185
10_268180917_4556a9bb75,0.927073144223454,0.8355296601884801,0.44277470080173514,0.3576849740157775
10_268181570_6369b8852f,0.8779745434421693,0.8523290868423612,0.960870233702337,0.9550340100732125
10_268184826_e9accb1339,0.9091640733984333,0.84453915823122,0.9392802719493611,0.8733665559246955
10_268185248_9471d517d0,0.8830748085607697,0.8452850845602006,0.9079868552650379,0.8517744688364428
10_268186388_89489d8fdd,0.9187480339729475,0.6879777243939725,0.9664091255761514,0.8529645234169873
10_268199200_cf412367d9,0.9526550030693677,0.8141485545473729,0.9692730718919352,0.8607520564042304
10_268204981_fe60d55f2d,0.906162777715753,0.8515528589058001,0.9343465045592705,0.9073780873970868
10_268207227_f985bd3500,0.8307490718497489,0.413437446787808,0.9335861551196412,0.7434904729370683
10_268210168_c2c0833ec7,0.45010806181951635,0.2997113962117721,0.0,0.0
10_268211018_3b6c9d60fe,0.9499877018939084,0.7964523969591973,0.005931402045903894,0.0
10_268211019_270132655c,0.6066942568794017,0.3304068317021685,0.02827087442472058,0.0005240746806419915
10_268212162_6982292e19,0.808296136678467,0.6598309546903145,0.6244313874147082,0.5937989609961244
10_268213254_f293aaba36,0.7481321274085726,0.6643017447332223,0.889768574908648,0.923138768290722
10_268213338_b07e31403f,0.9061586873454709,0.8497414288450489,0.955728203230978,0.9261369417031234
10_268214583_21290bd084,0.7568423509017569,0.5576582520226396,0.11254401408450704,0.0
10_268214893_d72f1df309,0.6708810317345312,0.26740994129819673,0.9779977405992791,0.9385022692889561
10_268217148_13cbed044f,0.18668866409065255,0.2089711793380655,0.0019080992211595003,0.554691133567291
10_268217391_a99ec26edb,0.9404340325070372,0.8721927607929673,0.9380013422389825,0.8713990302338848
10_268217543_52a2013e8c,0.9263316234041733,0.8357235401867489,0.01670111616370401,0.0
10_268227714_a9172f0585,0.9461582678674075,0.9016955797314515,0.9756946195350713,0.9055125725338491
10_268231155_a6210a13b7,0.8712569785146337,0.8510004013071146,0.9037979385272542,0.909927129375224
10_268231902_1586ec90e2,0.9228692713484998,0.7153674832962138,0.9329212553867584,0.74906525845122
10_268231974_e051f78f99,0.9303414096916299,0.7340816594459761,0.9614290922347795,0.7726786276361347
10_268232243_8022b3ca0a,0.8301479898702121,0.39128503202399023,0.006125026811887795,0.0
10_268232438_d4c7878070,0.47931444208403845,0.4534008944960058,0.8956236486990233,0.7200080414132783
10_268232457_4d016499a5,0.5086697432680676,0.24162526614620297,0.5396899035526798,0.2821018651362984
10_268232543_47709ca249,0.9049409405645894,0.7672711571675302,0.9489712494890312,0.8837248392654536
10_268233109_174ef0fd9b,0.9089112663093498,0.7397959183673469,0.9501088427369536,0.8643599472121412
10_268239670_5f96290ab3,0.9460908834321197,0.7481256796199851,0.9723069448568112,0.7937468482097831
10_268242883_22851fd122,0.4751353205195115,0.13106754188979097,0.9441455366962932,0.8449682683590208
10_268246654_5600cde952,0.9027988109260194,0.8033059748608161,0.9399003403014098,0.8851254480286739
10_268252475_3716432836_m,0.9218366093366094,0.8437403400309119,0.7835153922542205,0.5868788567716792
10_268253251_48e9b94730,0.6228367148843486,0.505206593161822,0.979196665403562,0.9483447629384775
10_268256903_3b133255f4,0.8571099154496541,0.6395154752253326,0.9537661421834369,0.8907113462669018
10_268257348_58c33fa2d3,0.3182482983630534,0.09527065527065527,0.9775714035395129,0.9457947727041595
10_268257878_a7f3698218,0.9105525592754655,0.726577139287945,0.6108448835151873,0.44850018070112035
10_268260683_84238c97a4,0.7269647696476965,0.6946159122085048,0.7694196428571428,0.7595585776390592
10_268262004_d06aebbcd6,0.935249699047897,0.8529733175484928,0.9767262042836156,0.929702070680503
10_268262571_a713359657,0.6572110932397524,0.5043686119353775,0.7817556190057837,0.5666169525229928
10_268262591_b9821c9af8,0.8631564513917455,0.7877565982404692,0.8303433343643675,0.7624936644703497
10_268262614_2621f16475,0.8105085784313726,0.8281768382069284,0.8551146705496906,0.8613681427627231
10_268262624_e2c6dfa278,0.8421777732421676,0.671513353115727,0.9872968091511138,0.9736381809095452
10_268263570_c28d1e707b,0.8446340368208352,0.8578345070422535,0.4341614906832298,0.4601966752516975
10_268272471_95133f344c,0.8886018043966284,0.7793531805525808,0.9468296057182384,0.8893923980393971
10_268273406_d54a0783ee,0.14824551794647095,0.1442484059743209,9.702238306377281e-05,0.33535200605601817
10_268276931_3412319482,0.7409298085688241,0.45334119496855346,0.9893938329704292,0.9584883870139869
10_268278759_66f39a7eb8,0.621758627412751,0.3987522744996101,0.9684297691750337,0.9187475989243181
10_268283312_da35ac9f4c,0.9573495100326644,0.8265462005150365,0.05553798623105554,0.0
10_268283436_b55b7f7190,0.9468549796156086,0.8724387479292005,0.9879638147807421,0.9693165969316597
10_268283665_4ef68e1d4d,0.8936466654281999,0.8062908652320193,0.22334733134651855,0.1468378892248231
10_268283673_7b0903063a,0.10035192161604886,0.04906416734889761,0.0,0.0
10_268283692_95ce1b1fb3,0.6983088704530951,0.4420391061452514,0.9873446498939072,0.9680317040951123
10_268283809_06f7e47848,0.5877337915537638,0.452354874041621,0.9581843787238652,0.9487657196087564
10_268283974_7a8c597b0e,0.4891008174386921,0.2855815524959878,0.9698189134808853,0.9538723766911686
10_268284017_749118c309,0.4993077988001846,0.36906047516198703,0.08251914444151043,0.0
10_268284434_26bb088f22,0.710778024028928,0.5242900062354742,0.03446295232624928,0.0
10_268284540_ff074283d2,0.8610505217237517,0.6545154978889919,0.4117063831242094,0.2629235165324526
10_268284552_7906464eeb,0.8459126693518858,0.6725063321674104,0.975349748932628,0.9279177039097964
10_268284576_f631047f15,0.9325739083265527,0.8401108417041911,0.14065946824567513,0.0
10_268284865_e4bc4109fe,0.4521820140324318,0.2968183648811921,0.9694536787304773,0.9069116018500424
10_268284889_853fac59b5,0.9422235756602625,0.8395976122042892,0.9855890090616779,0.9593575748056232
10_268285156_43e66d3ffd,0.863536179909597,0.7319010515167562,0.09425929907546764,0.11948651716175492
10_268289886_b23a2eb6a4,0.8718311029839582,0.8319043198077658,0.9486791781552967,0.9395739334056771
10_268302285_c68ec99f56,0.7000035553027341,0.6511763238839471,0.8615748593875547,0.6992363422753084
10_268304754_2c3987b247,0.9303014626346235,0.835643937017753,0.9749464561438462,0.9326973684210527
10_268307429_6d09236528,0.7764370158988994,0.5558712121212122,0.8859673790776152,0.6812601039891641
10_268330988_399015a7aa,0.913074529408764,0.7707520516615095,0.9345142540824799,0.7043436525077994
10_2719989.izfennel_p320001972,0.9161034482758621,0.8227124183006536,0.6227611940298508,0.3848007645323472
10_28113685.growl,0.8980688349151124,0.6319220600485314,0.9257202773872221,0.7678504109175903
10_28242550.img_5000,0.9188877976089681,0.7703767296232704,0.9643286135478469,0.8986849315068494
10_28664556.moe,0.5084513798747108,0.331306990881459,0.5382344672476806,0.40091518124177533
10_29187800.img_5050,0.9375272886042788,0.6228534018230347,0.9484375877628204,0.7497849081431247
10_29421652.pict1700,0.8876936796343774,0.8781685817033593,0.9257855483555447,0.9234348179600687
10_29475162.fuzhou620fupeixi1,0.9301796039502636,0.6886924967809903,0.9654947208011321,0.7234295599524273
10_29566017.littledave,0.3895622062824635,0.34910300925925924,0.18027588393848104,0.22986738420142225
10_29665117_112d6360cd,0.8591427749544539,0.839092114499649,0.9242678503762247,0.9065335377221693
10_29912710.xcountry,0.8835713366782452,0.7650148294611963,0.6629425420777714,0.5725706895538181
10_29912713.stream5sm,0.882363581549593,0.7993956043956044,0.5220899212700891,0.494989512934048
10_30169653.kazi,0.9237070786313439,0.6081678100642937,0.8823099415204678,0.5315691116598812
10_30169659.rosco1,0.5533531796490493,0.4048204623708805,0.6101119839545378,0.46795643087834843
10_30589357.1kid,0.9200807919607012,0.6964991802488186,0.5211845102505694,0.35494220542346067
10_33152466.catlamp,0.895108351787409,0.650503397488349,0.9476985177629723,0.7940130748939098
10_34312677.foalhead,0.5327779466185173,0.5059528730880529,0.54886528616184,0.5190406865374301
10_34312982.naavah,0.44945727337496333,0.43065836368621,0.45206785242314607,0.4288398128977839
10_36687635.gpzoo_przewalski,0.8791697294270013,0.8394050441905583,0.9607441273845184,0.9401678459766332
10_38136691.kleinekater,0.7798951688269473,0.5969884853852967,0.8783351120597652,0.7011489288182446
10_38139938.pbdogs10,0.8778679026651217,0.7148478278326508,0.9326569622114395,0.8505372134499108
10_38173560.pbcats02,0.9031577204817283,0.7725933202357563,0.9222536706173713,0.8438839848675914
10_38173647.pbcats06,0.8587947785658938,0.7365395190721392,0.9399364907776502,0.9259938476100331
10_38527623_0542f07e1c,0.6975505857294995,0.6661352532784778,0.13371839581517,0.10284108648142366
10_39452112.img_0488,0.41570065129234424,0.31082095152333783,0.4229704506847304,0.28484272244671577
10_39459084.img_0498,0.9473558780772622,0.8240009338884782,0.9808581189710611,0.9377560733352647
10_39881820.b91u0017,0.6868811156032109,0.47547974413646055,0.8794210974382788,0.7573739887990043
10_39898384.img_0501,0.8039905559927781,0.5587061840980336,0.8196689975947371,0.634170187506547
10_40677597.img_1543,0.4545096554335479,0.2347922142231364,0.0,0.0
10_40682501.img_1575,0.6595184007269423,0.27639842983316976,0.0,0.0
10_40837312.dsc_0800,0.553468661713927,0.4435129740518962,0.16213921901528014,0.17626168224299066
10_40837349.dsc_0822,0.7760391645505914,0.5109513552826652,0.28545631735840404,0.22388160791086728
10_41100185.dsc_5762a,0.8902297435175738,0.7390849554302347,0.9716221939855993,0.9119013212221305
10_41105485.05_0226_aabbspoth2,0.32991410224334916,0.022495297805642633,0.7985798336376547,0.4969172633253779
10_41491048.streakedspiderhunter,0.5048956690747736,0.42257611852625393,0.8889121484892889,0.8151819170796567
10_42230402.p1010014_x,0.546484365359461,0.2649640657084189,0.9803413457242427,0.9511836648994804
10_43047581.ds20050506_0127awfcat,0.7538412965691433,0.4879676688506521,0.931371868711401,0.8166045962394405
10_43047908.nandaihe,0.8979218744170429,0.7905926622765758,0.011793530169012915,0.0
10_43097193.p5050256,0.08545163611370642,0.042073838620304546,0.0,0.0
10_43137038.copyofds20050507_0056awfairliegallop,0.8570213670670777,0.689707336940711,0.9517648461721917,0.9173195208805439
10_43642598.pasqueflowerpasque6,0.3437353945712745,0.20104602042868958,0.9787642782969885,0.9486848891181021
10_43642599.pasqueflowerpasque7,0.0861769896757285,0.02905704544298,0.0,0.0
10_43642600.pasqueflowerpasque8,0.1171528778445393,0.0,0.0,0.0
10_43642601.pasqueflowerpasqueflowerearlyeve,0.16521529150756878,0.00039646158039497484,0.200465881063305,0.13111042502830092
10_43642602.pasqueflowerpasqueflowerearlyeve2,0.06862408368742824,0.022667877087287833,0.36434718723761544,0.183725210988782
10_43900979.may25_05_129,0.9140257295262002,0.7783695206882425,0.944542806556628,0.86167292689974
10_44399460.pinkflower,0.9368217537732318,0.8347750178557257,0.9696246186496883,0.9162912605454993
10_44859864.1,0.9236621451001975,0.7996373526745241,0.9393720554351938,0.8444392304082591
10_44859870.4,0.9233539835758536,0.8033728687916976,0.8963378324732036,0.7534395365677046
10_44859872.5,0.9439908941047178,0.8365582544256895,0.9588028895768834,0.8863288191678411
10_44859874.6,0.9387580459128623,0.8262793914246196,0.96505228398459,0.8934182094259183
10_44859876.7,0.9180781034038467,0.7471649206177773,0.9630591557819356,0.8984267075978511
10_44859877.10,0.8897777340192483,0.705171102661597,0.9509682735887928,0.8597479552662327
10_44859879.11,0.9290840016884762,0.8069601622293452,0.9239049923460569,0.7842196198886543
10_45873784.happychap,0.929497051421703,0.805377269881027,0.002622130783815402,0.0
10_46084071.commontern1,0.33512551379917793,0.31132013128620833,0.904873626959582,0.86290681021285
10_46084290.commontern2,0.6392715287754585,0.48791330925257015,0.9571502657850383,0.9045170257123002
10_46084614.commontern5,0.85977212971078,0.7151180809520857,0.9517155995755218,0.8910643309288974
10_46642384.roadingjuly02006,0.8672248062015504,0.793443894290998,0.06580120546381825,0.019791388071676918
10_46642386.roadingjuly02008,0.790196288748257,0.6598741282531043,0.08623325240535923,0.02275342414906648
10_46642387.roadingjuly02009,0.8327670943694957,0.7069145602673909,0.028787404041986528,0.040441062276751046
10_46642874.roadingjuly09001,0.8514280339843873,0.7666480758505299,0.1533175786220687,0.15357093711297648
10_4869984_22f1e00917,0.5255689545743041,0.5691765120789984,0.9305650684931507,0.8920539730134932
10_49513253.0509180001.fsn,0.8677872637278676,0.591910712582276,0.10892529087568892,0.04080049643189575
10_49513256.0509180004.fsd,0.7903662582086521,0.5221626246339136,0.9606805293005671,0.9086459286367795
10_49513257.0509180005.fsdp,0.8672193651356623,0.6629836896733151,0.969332654100866,0.9271826755888087
10_49513258.0509180006.fsdm,0.8129633300297324,0.5272829092436386,0.9753899815909312,0.9543046685479479
10_49930782.initiationjunior1123,0.9221571598214652,0.8139989706639218,0.0771484375,0.001367807977409107
10_49930784.initiationjunior1125,0.8936044154791232,0.707181126857933,0.046969802636167096,0.00012398743593982476
10_49930787.initiationjunior1127,0.8947062487025119,0.7429838943003183,0.6845646863621699,0.5069412211485717
10_49930789.initiationjunior1130,0.7539198833151013,0.6059851503078595,0.0370293609671848,0.027974131448338095
10_49930792.initiationjunior1134,0.8185001129433025,0.6796126835496914,0.542879570877216,0.4692882505697175
10_49930794.initiationjunior1140,0.8596313830031714,0.7312409812409812,0.014482029598308669,0.00035995500562429695
10_49930795.initiationjunior1141,0.8214788598394033,0.6662063390481323,0.23710589444825222,0.2116009929722737
10_49930796.initiationjunior1142,0.9081903554305187,0.7855573236341593,0.014643906176833681,0.003480372318899231
10_49930797.initiationjunior1143,0.8822191272051997,0.8229648960350198,0.0547616564097215,0.05806696466222484
10_49930798.initiationjunior1144,0.7905009759271308,0.7503409710856519,0.5712259186381733,0.5730546427724517
10_49930799.initiationjunior1145,0.8982786300392437,0.7830893337317,0.00912952204266953,0.0
10_49930800.initiationjunior1146,0.8512454889534372,0.7273342085372161,0.6102088167053364,0.6147224241496729
10_49930801.initiationjunior1147,0.8034110496235145,0.6932874354561102,0.010866655960601681,0.010048055919615552
10_49930803.initiationjunior1149,0.8524627615827469,0.7470034590942,0.03473932934492987,0.03380130555307163
10_49930804.initiationjunior1150,0.8684145067409582,0.7168475921763665,0.2519645544223374,0.2274798927613941
10_49930805.initiationjunior1151,0.7847765867758641,0.6497370038937086,0.016172506738544475,0.007965521222149536
10_49930806.initiationjunior1152,0.8143416863929475,0.7327995747649579,0.2502863688430699,0.25572803687635576
10_49930807.initiationjunior1153,0.8333495051426354,0.6866207851794139,0.04074432367837023,0.07279763259731391
10_52202391.dscn0138,0.8416368660598179,0.7822466884569069,0.7231978906728189,0.6892926714583193
10_52202392.dscn0140,0.8614888423988842,0.8156047577132282,0.010709955543580762,0.0073946564515346945
10_52202419.dscn0189,0.8925962562775833,0.8570783035310826,0.6304654442877292,0.6421467556094603
10_52202423.dscn0194,0.9072342161232992,0.8456903254470732,0.00894460117978969,0.0
10_52202425.dscn0197,0.7251908396946565,0.6723358546300855,0.5516738329238329,0.5151323086674061
10_52202426.dscn0202,0.85385671778439,0.814104818853324,0.02175513755940826,0.028819721557151724
10_52202427.dscn0203,0.7560101223112611,0.7883880825057296,0.6179144385026738,0.6284731410426039
10_52202429.dscn0205,0.7562378067563404,0.6749048010154558,0.6217692512656542,0.6393264982912394
10_52202430.dscn0206,0.8688073884262225,0.7797254487856389,0.025892638786989483,0.019290062455530083
10_52202431.dscn0209,0.8518362415353059,0.8279769510813222,0.4032805978841114,0.43736705546854915
10_52202441.dscn0222,0.7816356754977785,0.8071023674558186,0.9336734693877551,0.9461289092295957
10_52202442.dscn0223,0.8053435114503816,0.8512439351708475,0.9192628345765687,0.940327868852459
10_52202444.dscn0225,0.9107263107263107,0.8802936630602782,0.9325558594354714,0.9002962670353545
10_52202445.dscn0226,0.8271872740419378,0.8635723470699896,0.46934369602763387,0.5296488870713326
10_52202446.dscn0227,0.8367073533789818,0.8057997446653292,0.9037282798178036,0.8981300586101033
10_52202447.dscn0228,0.8771779979501195,0.8245011329581171,0.5554502369668246,0.48969473758764787
10_52202449.dscn0230,0.9144832095651768,0.8290567023778417,0.5128398791540786,0.4442459431293732
10_52202451.dscn0240,0.7897782963827304,0.7255482206540709,0.4531797130916074,0.43382820784729587
10_52202452.dscn0241,0.8664871967439028,0.8188687056875227,0.1432137172623354,0.16816879395675957
10_52202453.dscn0243,0.873907703105808,0.8290984135173481,0.02752330279633556,0.0004121619479407755
10_52202457.dscn0251,0.8956691540553735,0.821473403420681,0.012461180124223602,0.0022536287242169595
10_52202459.dscn0256,0.8807248312951735,0.756628171763175,0.5461573967228248,0.4638377681397257
10_52202465.dscn0265,0.8400051820183961,0.7769715333705446,0.12900376372993316,0.16479244759128142
10_52202466.dscn0266,0.8492381098968754,0.7568524096385543,0.6073841186217445,0.626677411443187
10_52202467.dscn0267,0.8888431574305453,0.8381648897112814,0.6236018437933146,0.6108219503817802
10_52202479.dscn0285,0.7305347091932458,0.6833930704898447,0.5377237851662404,0.5578505728578345
10_52202492.dscn0308,0.8400343642611684,0.7881199731903485,0.9022322872856681,0.8870982510759088
10_52523077.horse_of_horse_shoes_079,0.8679468009758401,0.8328754031776371,0.32172664453019834,0.19952889808112145
10_54628916.jan8_06_536,0.8243782039111449,0.6330541413477856,0.6297793498399865,0.5037878787878788
10_54628917.jan8_06_537,0.4371481520332879,0.29380030454644335,0.8664259927797834,0.7413991651072406
10_54628920.jan8_06_540,0.9111760737575894,0.789338981555026,0.5808793539440411,0.4591584158415842
10_54628932.jan8_06_552,0.8887172925031991,0.702980774883885,0.9081647791899511,0.7751851851851852
10_54628934.jan8_06_554,0.8802948947413278,0.6565288868013152,0.9122624069772953,0.7907291282429608
10_54628935.jan8_06_555,0.8686684213353386,0.6929205851619644,0.003562586800313991,0.0
10_54646369.1ethansillykid,0.9139326463737218,0.8425653721182114,0.4010908778560385,0.2141299904619158
10_55488101.bitsy,0.8960446719404375,0.6077908217716115,0.9626771936120582,0.767976349418272
10_55651847.carlystreetweballey2,0.9174385082500154,0.8552683671738024,0.9476292962890498,0.9030579430509268
10_55651852.carlystreetweballey6,0.9153121491677649,0.7257280059102382,0.3605072463768116,0.26052286837158967
10_55651903.carlystreetwebstreet9,0.9172348227624609,0.6782001470124961,0.9226262569360336,0.7041941411739271
10_55657233.dsc_3867_y_jp,0.31927825261158593,0.15361136692540456,0.9748925361469324,0.9589853738365551
10_55768607.bitsy111,0.9328755678554644,0.6843622110784483,0.9758982370006695,0.8826269212855147
10_55768641.checkers22,0.8754308222550468,0.7558800470403764,0.9640985617125655,0.9231019876181167
10_55974006.arabfillycanter,0.6319153370539332,0.5477394408090422,0.9220849393033392,0.8983387556502461
10_57572381.cutesofss,0.22661607546907092,0.24247212315471084,0.0,0.0
10_58229768.20060405022_object_of_fancy,0.6371093304978545,0.24827417037530225,0.7846583150270142,0.5077547621525971
10_59242003.img_4193,0.8876245723635282,0.8277603733776613,0.01638933021155615,0.005815080441946114
10_59271034.127_2729,0.8615813156203128,0.48094050587816173,0.5054019750487571,0.2935165306998712
10_59271038.138_3822,0.8362399311801048,0.8054854635216676,0.9557791728212703,0.9514563106796117
10_59271039.140_4028,0.9492787930435881,0.8318561136163375,0.9726168007681865,0.9027923577577157
10_59271042.140_4092,0.9186166963265957,0.7694149449700715,0.9658400159812791,0.9048932347164765
10_59271063.img_0605,0.9311652035115723,0.8285425194315412,0.36681802604523644,0.279926259729619
10_59271070.img_1436,0.8163109367836585,0.6439609346025467,0.2156826454438892,0.11416115742071477
10_59271073.img_1750,0.945261053621825,0.8744842273392786,0.958462946020128,0.8727975371716775
10_59271075.img_1787,0.8953153817779417,0.8264105472072583,0.25315630854443266,0.23149185019285803
10_59271089.img_3385,0.8860529817346074,0.8350499211770888,0.4455962059620596,0.2931309518054817
10_59271094.img_3692,0.9349653394059141,0.7420918200275067,0.525032184236876,0.37161461334562634
10_59271105.img_9130,0.9245504541803127,0.7924609307916881,0.9775221297616284,0.938834550213528
10_60607682.rosebreastedgrosbeak,0.8633432690552953,0.6979826086956522,0.9355912020173718,0.886301427548743
10_60607759.rosebreastedgrosbeakfemale,0.6576920946207966,0.5346847387149655,0.6434120335110434,0.6203945590487343
10_60666278.easterncottontail,0.8881434572700483,0.665087036081265,0.9628826307503936,0.8872274482083627
10_60866179.americanrobin,0.652395030443811,0.270774122067537,0.7308398347865993,0.46769259878275676
10_60866226.cedarwaxwing,0.6083725369877957,0.4209925249169435,0.8992420864913063,0.7656350741457124
10_60866705.butterfly,0.8927277240009928,0.6766143407509632,0.9696195501249653,0.918416064031454
10_60866769.turkeyvulture2,0.7783039173482565,0.6320540374577832,0.9373370493571878,0.8969998514777959
10_61749596.jpvis3ea.redtailedhawkjuvenile,0.9217570350034318,0.8508537490720118,0.7671277461350692,0.7610693400167085
10_63193989.iibp3dda.fritillary,0.8886947289256564,0.583180658835363,0.95216135530691,0.8162473172290973
10_63359627.mq7fmcxg._mg_4055editfromrawsized,0.8412984670874661,0.7123342307308804,0.5641470180305131,0.4606601420072923
10_63451013.9howa94v.turkeyvulture,0.895292725120641,0.8280861097768656,0.95848203066097,0.912312734082397
10_63827110.laoeb6po,0.8747439496244594,0.8469346325619164,0.9533463398082959,0.934171414416646
10_64229307.utd1927n,0.826181592039801,0.7980669004074671,0.9499818115678429,0.9522563082399749
10_64386031.3qqfbtes.housefinch,0.788785852922148,0.6405631165838555,0.8677926616191031,0.8546682454063061
10_65345059.baxlulsq.img_7128_editsrgb,0.4692916194552856,0.2469041818920016,0.3021714387734607,0.0857425031423954
10_66471406.msmbvpwh,0.7128365364037152,0.4652310924369748,0.9340672074159907,0.9011993479273405
10_66830581.uvuxhte2.sept10_06_701,0.8836791489061895,0.6470683249878857,0.929155739950683,0.7890926640926641
10_66830582.bxg9hxcr.sept10_06_702,0.8786971492119164,0.6077872388311639,0.9241137587918421,0.7473233404710921
10_66830583.sdhhngr2.sept10_06_703,0.7851416354890433,0.5811009474028095,0.9113030556329526,0.8095514307811291
10_66830584.jsnb9pmi.sept10_06_704,0.8472422376522992,0.6663483434951885,0.9418904566833561,0.8723299375616168
10_66830586.6whtssec.sept10_06_705,0.8778406726046782,0.6731064090769703,0.9323547286241878,0.8171597633136095
10_66830587.j2qal6cp.sept10_06_706,0.8643025149267234,0.665433966492968,0.9406753878916946,0.8651108084684908
10_66830612.jwrzvoka.sept10_06_728,0.8161996103701483,0.6096038415366146,0.9274597959536572,0.8431372549019608
10_66830630.sejklgec.sept10_06_746,0.773927014000459,0.5910687797642282,0.7868948737310177,0.6006251502765088
10_66830631.ag3y7hqi.sept10_06_747,0.8708602652095688,0.6912062582943354,0.926682513742386,0.8285857071464268
10_66830632.ncrvs2io.sept10_06_748,0.8698116705957143,0.6399644444444444,0.8880205994191442,0.747694095431767
10_66830633.6hispsw2.sept10_06_749,0.9098939262391,0.7340360610263523,0.8460182071680472,0.616923956546598
10_67151572.bn0308dt,0.8999489969398163,0.7488181818181818,0.9257379644287178,0.8283813747228381
10_67444,0.8929805082654824,0.8442467628171386,0.024802473376846445,0.017942711106378448
10_68285988.3ddkraxw.toughtimeskid,0.9468065428216579,0.7641136281912981,0.9618371422232084,0.7613296461425588
10_73754853_140eb787dd,0.8858113404755683,0.8652165176328745,0.9203565687563934,0.9195450276531357
10_75671582_152bf239ef,0.8911015330896394,0.7063360048389535,0.07720093057426228,0.004862347623613204
10_8168705.izcenoadj_p7070026640,0.9456231960693591,0.7612341378452351,0.4706977177023474,0.2650938786905842
10_93082635_7f4aa15eed,0.903971771841829,0.7824954128440367,0.9181037205482914,0.8354971857410882
10_95071511_4720e4e540,0.21004412691741964,0.08426226970119213,0.23726560645620698,0.10318676267810632
10_96835757_c609dbaa80,0.8902582159624414,0.6631248063045114,0.530859949322739,0.35184726010414086
10_97146107_ddc8084759,0.8880043804228793,0.7798388852601785,0.9613432071165758,0.9211548359927004
10_97320358_cc615b9019,0.9183276942145991,0.7730347045126954,0.9531917900166037,0.8724400234055003
10_98048098_af08c0f2df,0.9529840426699445,0.7925753118977584,0.9312059012187299,0.6606853062549265
10_98053912_88fec4b17c,0.9009666803784451,0.5921637839745852,0.9552542122376588,0.7427762450994627
10_99533452_3c0e47e42d,0.7919477234401349,0.7059081849812519,0.9013042826445455,0.8624529546424553
1_25_25164,0.6125737463126844,0.5529536404486173,0.6278033794162826,0.5998952017366569
1_25_25191,0.7292591063873697,0.4282598387861546,0.2818667691340343,0.24745968353470502
1_25_25226,0.8655747571146075,0.7395799069592595,0.24223150126238105,0.21357380161366873
1_25_25246,0.9467313288069835,0.8508962520369364,0.43282424044429924,0.21819551389353867
1_25_25257,0.9248377177997951,0.8229953820319059,0.3010114632501686,0.12066417456315744
1_25_25389,0.9255383934008747,0.7912598791259879,0.03265940902021773,0.0
1_25_25406,0.8530547163477677,0.7362532904357999,0.9529546758462422,0.9176004137217721
1_25_25451,0.9553959238222519,0.7659745120755725,0.9660804020100503,0.8206710709318498
1_25_25580,0.0001278118609406953,0.06576113963889349,0.13571034929188136,0.0
1_25_25895,0.8968175275867584,0.7446263847817451,0.9621533328699521,0.839656862745098
1_25_25953,0.9032591826176927,0.8741112239715592,0.9520288381550975,0.9391644908616188
1_25_25954,0.8563050870983413,0.7566593745978638,0.07484332315603406,0.004901566894335074
1_26_26013,0.7793231684641131,0.48865253031637423,0.8001572836193737,0.5019059720457433
1_26_26026,0.11138968481375358,0.2264828303850156,0.008700781595634862,0.05697535431726336
1_26_26104,0.832997311827957,0.8669026169026169,0.9061680427391938,0.9188950276243094
1_26_26113,0.8017995678203266,0.5230285520054385,0.7284118888498066,0.5047405052885405
1_26_26169,0.9174935685409776,0.8040834377533721,0.05314106415648575,0.0
1_26_26213,0.4330835562496885,0.4841094313327476,0.45298296938668897,0.5348108074877816
1_26_26230,0.9742963356346256,0.8985544435890856,0.05027798975253461,0.0
1_26_26233,0.9401836578522235,0.8117437016464987,0.09120506443590323,0.0
1_26_26236,0.805413559037962,0.7988726042841037,0.52598408926542,0.52268635217861
1_26_26256,0.9039913334913166,0.8590042603476693,0.9265856256197437,0.876577139287945
1_26_26335,0.7717238962859145,0.6614409087372598,0.11679146689651457,0.03394544009887879
1_26_26366,0.5223122934046907,0.15198771185337534,0.9474646959830249,0.8267788364078654
1_26_26450,0.9530048604450803,0.8233269728771978,0.9686010137339199,0.8815303804656445
1_26_26532,0.8767907634307257,0.6007492724007678,0.9200160128102483,0.8113680292075309
1_26_26640,0.890503953358358,0.7575650452488688,0.9272219210076323,0.8723496321938555
1_26_26643,0.8212939378502292,0.6129853133633852,0.9363398346718442,0.7111224730590734
1_26_26739,0.8781113290089003,0.8375565072567214,0.5151930154925961,0.39313609467455624
1_26_26745,0.8939321754948244,0.8297400628916589,0.8758073574838529,0.7981655521416953
1_26_26763,0.9130365304100483,0.7295888542478566,0.6435803424265868,0.41558898566024455
1_26_26828,0.8691712738035405,0.4579086559890649,0.0008153665229321834,0.13043478260869565
1_26_26833,0.9404788881335449,0.8845875542691751,0.9720101781170484,0.9378520286396181
1_26_26847,0.78835904628331,0.7031550682479302,0.29129600558171986,0.24187628198207925
1_26_26853,0.5283899887934255,0.710299256019586,0.16252653927813163,0.26208644680907245
1_26_26945,0.7649524874231414,0.8422860973770218,0.147076977338859,0.13076489218621198
1_26_26980,0.9258160237388724,0.8811668167717402,0.9513974698440718,0.815212788481897
1_26_26982,0.8727675965915723,0.6925693479614813,0.9212195442019159,0.8270446562970396
1_27_27003,0.7620655777968808,0.2346723044397463,0.0036836204726931614,0.0
1_27_27033,0.8104350220264317,0.7989737126395391,0.9451736168798803,0.954136690647482
1_27_27034,0.8116703539823009,0.7601078167115903,0.2652203161789438,0.315259709429304
1_27_27051,0.886096256684492,0.8563854134879463,0.9562992482564985,0.9362696162600327
1_27_27075,0.8871103622577927,0.6078947368421053,0.18035816710216046,0.07011226435077314
1_27_27491,0.8865200116290338,0.7481998925308974,0.9567532326415299,0.9075498918009137
1_27_27543,0.08728578885438508,0.021806548493454772,0.0,0.0
1_27_27705,0.594923818103482,0.365314348137266,0.9343462805618172,0.799193945360571
1_27_27775,0.26375338753387534,0.42192717130848095,0.0,0.07362705895300635
1_28_28003,0.45257421808480447,0.2181544319156503,0.9701673133892436,0.8980919340849957
1_28_28351,0.8238294211625906,0.7082062072593371,0.3236431432122635,0.20349324639031208
1_28_28373,0.0,0.007122375358431228,0.0,0.17429558458382813
1_28_28391,0.5403145121982504,0.15600474424003835,0.9630314232902033,0.8418197392214714
1_28_28395,0.8233801387244121,0.7770410516605166,0.9147990726429676,0.9127542053728346
1_28_28407,0.6341793922968677,0.36798088410991636,0.9640635232481991,0.9196579590302575
1_28_28547,0.5987973063103768,0.21721695656702428,0.1058924088981217,0.0
1_28_28717,0.5514925936171818,0.48869334085096955,0.8651305188527232,0.7685730791450028
1_28_28763,0.830504560674287,0.8449559918754231,0.3503289473684211,0.31263763585991333
1_28_28970,0.5129047125244844,0.35194822232912054,0.4618167863603969,0.151617186758987
1_29_29028,0.9256415880675587,0.7188666602852494,0.20305153907566753,0.15928534291251123
1_29_29099,0.7434086434540773,0.2175350560427707,0.9799371658490879,0.9000364830353885
1_29_29138,0.19528526645768024,0.10590219224283305,0.0,0.0
1_29_29297,0.8701406865503658,0.6518491902574237,0.8755153103776957,0.6314552266216117
1_29_29329,0.7647700914176558,0.6056227856255464,0.9479550715939296,0.9180420813909538
1_29_29710,0.24291671121565273,0.20976551361073945,0.8714315923028124,0.9326271590800649
1_29_29762,0.9563670282595177,0.8506658774785439,0.9851704852967706,0.946501272264631
1_29_29788,0.8816942207149923,0.8410968592278265,0.4704130262112788,0.5016525318034423
1_30_30022,0.8824585015702109,0.8491560454702033,0.3637615942694462,0.23854241094212514
1_30_30051,0.7568269013766644,0.7525493989222053,0.795985060690943,0.3497762148337596
1_30_30065,0.9608797906522243,0.8728928397203101,0.9876200274348422,0.9587121861954595
1_30_30226,0.39975298926705577,0.056601128517856515,0.0011226860917469517,0.07031655422937208
1_30_30277,0.8316267387944358,0.6735052452069661,0.875819209039548,0.7548148556922907
1_30_30286,0.7869184455391351,0.7501710278775441,0.456777388075098,0.3262404884494464
1_30_30561,0.3144405389572349,0.2949733611304146,0.0008515560982663603,0.4843568196509373
1_30_30736,0.4006583327169169,0.27593081523789,0.8378885316184351,0.766023336835702
1_30_30757,0.8269502972459255,0.6107140020649671,0.9276525041538096,0.703534151254349
1_30_30895,0.8362506630294764,0.5900125891733109,0.26664854580048925,0.06628858809052485
1_30_30927,0.24557245737801292,0.33066351666714683,0.009688403835468106,0.19534159594602846
1_31_31077,0.9044386852606031,0.8014721000041121,0.148,0.13445951368269
1_31_31255,0.8424622005340916,0.7113246436554708,0.9796224698658176,0.9389042310183765
1_31_31439,0.8204681071360453,0.3871027690020442,0.010494155154091392,0.0
1_31_31447,0.6564162073300455,0.6018726787675891,0.364150123170555,0.3959237730851299
1_31_31675,0.7143858419484843,0.6787823195551224,0.5100714331681575,0.34451464675473864
1_31_31682,0.9418341857975496,0.8504976041282712,0.7927021075810003,0.5939274945655985
1_31_31720,0.8777666555444333,0.8363551474593417,0.9364406779661016,0.8958744182377534
1_31_31764,0.3804957114878098,0.2599992056241808,0.002660488752709065,0.299599076661402
1_31_31773,0.8575550331267365,0.673084298534939,0.0025752855659397717,0.0
1_31_31980,0.9275932715117533,0.7861438537406784,0.9761285474828044,0.9341825902335457
1_32_32148,0.4110147276106954,0.0,0.435989483264233,0.1805382679169087
1_32_32150,0.9339748794116243,0.8088612931662259,0.9549574782298722,0.7012091948330651
1_32_32165,0.884095757288457,0.7377609250638234,0.9663483401546157,0.8076825343045909
1_32_32185,0.8424853610930384,0.8233790947397037,0.00433548189073051,0.0384304906878856
1_32_32195,0.3995266703076643,0.45121347201584944,0.003538541959869717,0.10194438636838804
1_32_32226,0.014863359890345242,0.13840981258950252,0.0,0.0
1_32_32258,0.844872141960572,0.573441960038059,0.10061117578579744,0.0
1_32_32331,0.5788438285703319,0.1200273544353263,0.9819419824058581,0.9130879748081087
1_32_32486,0.9025967498743508,0.7499413741890096,0.1525273425953296,0.008299348930385633
1_32_32606,0.8422047244094488,0.8403828559363784,0.3504603135108236,0.2663709336713139
1_32_32691,0.6064516129032258,0.4731905323496339,0.9325664749520713,0.9500950570342205
1_32_32951,0.9285071414595969,0.8137762877171594,0.3227925386332056,0.1915139903404782
1_33_33259,0.37697846007378316,0.32628803245436105,0.41497659906396256,0.3730903243098365
1_33_33347,0.9387659979413878,0.769864758550931,0.9829692247276937,0.9283782641764556
1_33_33527,0.7601902889442825,0.5525520944564787,0.011753839048608706,0.0
1_33_33554,0.416993951208325,0.07344659845199013,0.005981025711535817,0.0
1_33_33625,0.7467094512285706,0.4047186932849365,0.9232998531104847,0.6917840498507619
1_34_34086,0.9612459441920831,0.879560908404071,0.9654933333333333,0.8688944859224611
1_34_34236,0.0,0.0,0.0,0.11513458965994697
1_34_34261,0.7765874561745227,0.5758706467661692,0.9911026691992403,0.9635849056603774
1_34_34288,0.8164182297981599,0.6053201117538268,0.9087492851891186,0.7456217162872154
1_34_34382,0.7856973715368222,0.7297107224905058,0.7868286529907721,0.7208404593207915
1_34_34467,0.6224443352085496,0.29930590824445574,0.9427825794140756,0.8021053667174972
1_34_34578,0.9104357181280258,0.7847974017939994,0.8356613934702121,0.654326986791536
1_34_34999,0.5498214730548867,0.5182657988662608,0.5962871230884592,0.5892938736775509
1_35_35222,0.926187730198296,0.7239103669047032,0.977115423084617,0.902984613483285
1_35_35516,0.6615906327980037,0.40786633278646056,0.01402321083172147,0.022294843863471313
1_35_35795,0.8314650424415214,0.8417205902890927,0.2742808536962573,0.2327818570499117
1_36_36235,0.9376139188069594,0.8555620838229534,0.9337684099126907,0.8453343854803709
1_36_36237,0.3256693566145516,0.05508680344785723,0.5897405332379704,0.3931452473430364
1_36_36285,0.8529255210252631,0.589627465303141,0.9536273510608728,0.8519086671780046
1_36_36321,0.14664487852797825,0.0,5.034486230680159e-05,0.040954284812457255
1_36_36429,0.1401930220836678,0.15106754791030058,0.2366178428761651,0.14893512851897184
1_36_36543,0.8249245364381199,0.8423996913580247,0.7092347632587465,0.6800219916156965
1_36_36717,0.8414605278731211,0.75820431885365,0.9345201131580763,0.8801546391752577
1_36_36781,0.6693917653819773,0.42993038210129136,0.9420911674682991,0.7574608282572884
1_37_37003,0.6921612418994618,0.47298212703871606,0.9410301953818828,0.8434417628541448
1_37_37328,0.7663965210515912,0.4909509410118698,0.011450972301026461,0.0
1_37_37335,0.9719900712772983,0.8808359936153233,0.2040271599157106,0.03326933262711865
1_37_37446,0.9767078208509348,0.8883414526129318,0.991909887120254,0.9609804034915314
1_37_37488,0.848031113271755,0.7784962671212745,0.9005886926580029,0.8824162311712266
1_37_37508,0.6964158345221113,0.6712007504690432,0.008305647840531562,0.0006595000989250148
1_37_37702,0.6669035172308786,0.1515728692583756,0.9784978800726832,0.9112
1_37_37703,0.19196774364687783,0.0,0.9769854848501573,0.9204252325490503
1_37_37791,0.8331756386634132,0.7225076256220903,0.3497621640208608,0.4834554640207546
1_37_37952,0.18603191463679597,0.12526337056599418,0.0,0.15461115929459382
1_38_38060,0.13968068819712764,0.006181318681318681,0.6202597402597403,0.7337795383144379
1_38_38093,0.799826411819091,0.49592103353171724,0.034508715391310486,0.0
1_38_38130,0.8752310138823226,0.6847536814714058,0.19160335311641224,0.021878747501665557
1_38_38131,0.678198117125848,0.3068742105048694,0.9708047599838645,0.8582587879551468
1_38_38229,0.8639434406912805,0.7981849046748498,0.959971535314001,0.9480473204104903
1_38_38399,0.34057403987605245,0.14217623079335215,0.07951221115603327,0.06016882606988614
1_38_38642,0.05013927576601671,0.0,0.05903435217744117,0.0
1_38_38661,0.8967679078239505,0.6950264280710692,0.9728899665165686,0.9173538902832556
1_38_38763,0.4259471050750536,0.13767939265026105,0.18370454978107748,0.11918114830369941
1_39_39114,0.944428707542554,0.7959359311498925,0.9497029380646211,0.8110312213482603
1_39_39185,0.8716603997625173,0.805900100569896,0.9098008148483476,0.8565909299972404
1_39_39354,0.9083956492182189,0.6629791765262659,0.5780631673262152,0.40844734330257715
1_39_39391,0.8891075122344988,0.6980862221616836,0.9724071775194674,0.9224594637983625
1_39_39603,0.8406764770481001,0.7418633631432341,0.9612002069322297,0.934668293298557
1_39_39648,0.770150622596917,0.44019747753307364,0.9450448286903619,0.8179076923076923
1_39_39670,0.8805660132415942,0.839147545357524,0.029926402495491545,0.02472032371042878
1_39_39738,0.5977920579996705,0.5163008736415938,0.11044853513093078,0.13513513513513514
1_39_39739,0.3615843953297085,0.14054040989945862,3.935148748622698e-05,0.2421200391339487
1_39_39748,0.9162634450026197,0.6573877518324188,0.978671480627152,0.914147455415398
1_39_39917,0.2234944606053104,0.0,0.27900975104696263,0.0
1_39_39949,0.571970802919708,0.5570222758139239,0.9236947791164659,0.9435672812468168
1_40_40642,0.12848788336210715,0.1038931788931789,0.00028407623573162543,0.4184400340486537
1_40_40818,0.7510893583627615,0.3891222854188211,0.9742961066954061,0.8688924359315421
1_41_41001,0.8131200799700112,0.5586313175993836,0.9697042921436554,0.9299996357941509
1_41_41022,0.8413954251045339,0.5296485108666488,0.9762310652184502,0.892082962685519
1_41_41023,0.8481394569225612,0.5240282685512367,0.07690217391304348,0.0
1_41_41677,0.8608642972536349,0.7912364130434782,0.9443863926622548,0.8588668599639526
1_41_41686,0.7920023522493385,0.5145342989338161,0.9702090465438123,0.9192733789507983
1_42_42334,0.392187635159349,0.0287517894410045,0.02845259476321013,0.0
1_42_42429,0.6678492664685013,0.18315018315018314,0.007637752318603383,0.0
1_42_42470,0.8980285686332061,0.6360223905169575,0.11340447683498178,0.14253879168042258
1_42_42484,0.06267849493074397,0.13382467028704423,5.3872053872053874e-05,0.48552029216604087
1_42_42881,0.2490803580210485,0.2419286501143971,0.0002546248690150914,0.284447989062322
1_42_42923,0.8513077543495794,0.7107242639157533,0.035948312817686325,0.03872222222222222
1_43_43183,0.9540140632414478,0.8236575353941527,0.6189402480270575,0.44867569876724034
1_43_43206,0.8232397833579518,0.5074401835463782,0.9630709426627794,0.8190274841437633
1_43_43215,0.5083625048619215,0.38278388278388276,0.8866054511004227,0.8639127497345817
1_43_43257,0.9358000961076406,0.8333546571136131,0.8727464470446442,0.6914726882219772
1_43_43268,0.10085635085635086,0.10854878220030893,0.00019737314289815545,0.32785673211205124
1_43_43412,0.9247698766591046,0.7846947826788162,0.9871155677553078,0.9459577822545328
1_43_43637,0.8932783305023053,0.6544990427568602,0.4003640646750187,0.2462533692722372
1_43_43730,0.4692534554098072,0.20507821566169987,0.9229630315088141,0.7565461525239214
1_43_43894,0.48108791623222485,0.2273407371504436,0.9890525158601103,0.945697896749522
1_43_43899,0.6928200537153089,0.4743717242306142,0.938212029252276,0.8737055276844479
1_44_44044,0.9172407148706585,0.7449064849926088,0.44410548086866597,0.39165708058364107
1_44_44073,0.8688203622124328,0.7751188193112649,0.43885457608085343,0.3798199549887472
1_44_44108,0.9037232980634857,0.6973785659213569,0.5276752767527675,0.3397580358201874
1_44_44112,0.13495522924329384,0.032012708804698406,0.003432199186588632,0.2873649064229857
1_44_44118,0.907654506364536,0.7394492508968137,0.9635210441413697,0.8848402527608811
1_44_44224,0.9589431666983463,0.8482819297130847,0.9855810008481765,0.942352879745183
1_44_44321,0.7525125628140703,0.6755297994432135,0.14487493869543894,0.21374833151316588
1_44_44344,0.8757213079717888,0.7689720985185858,0.009395973154362415,0.003137180340336534
1_44_44379,0.9086913624540317,0.7441475721730498,0.9867929474995084,0.9624952883528082
1_44_44553,0.38591527155545075,0.29130943917025637,0.002136771648510195,0.2869365211913447
1_45_45131,0.8416375581416393,0.40265996122152203,0.9740531760280414,0.8664496770584347
1_45_45191,0.731625098675087,0.30219381083829727,0.9836625490977401,0.9359033516506565
1_45_45246,0.9463723038767254,0.8103501491820707,0.9708906682695404,0.9006586368763874
1_45_45286,0.9537112561174551,0.918009339110681,0.9718500932677633,0.9504997211856046
1_45_45287,0.3959485588380772,0.4279225806451613,0.0,0.0
1_45_45328,0.8199681147867677,0.5564801218252026,0.8456480359923862,0.5890300695682171
1_45_45329,0.8598629424011104,0.635570837693726,0.9499633878447644,0.8406789581504244
1_45_45358,0.8807942621862133,0.5055864918268367,0.9617683686176837,0.8335814230425722
1_45_45397,0.8927565974688874,0.7258373911760366,0.9414305308314121,0.7185182518539852
1_45_45405,0.10769072377226398,0.0,0.2857142857142857,0.28119542014360566
1_45_45431,0.0,0.0,0.0,0.0
1_45_45577,0.6911870245442802,0.5213755815415566,0.5673022562573881,0.5572861413829685
1_45_45595,0.7435505573182278,0.3414557842046719,0.87763854452858,0.6512913861794203
1_45_45691,0.9663030856005309,0.831286595160371,0.31142299190969763,0.0
1_45_45762,0.029193453527753554,0.0,0.0,0.10874439461883408
1_45_45771,0.44587006645870064,0.08264541680584053,0.018859889274198453,0.0
1_45_45777,0.9385584777844193,0.7247213643077749,0.14379587186349063,0.06792111879321182
1_45_45784,0.8724559023066486,0.7774946686238126,0.8883187772925765,0.5356905399185093
1_46_46108,0.8423258250392875,0.7274792101696157,0.17353864856650794,0.17766420594359267
1_46_46151,0.1843156508737084,0.0,6.744338970476656e-05,0.47826960759684467
1_46_46171,0.9665506470325748,0.8222326454033771,0.9905818913778139,0.9480559240738851
1_46_46312,0.1316213148935047,0.24648692810457518,0.0,0.0
1_46_46443,0.9240765535165787,0.7586589082848434,0.057231739538055056,0.0
1_46_46662,0.9781520651085869,0.8780149008713222,0.9862130309094952,0.8674663373904863
1_46_46672,0.9632777468421206,0.8624211314297936,0.9829885476472554,0.9376547377897817
1_46_46825,0.0,0.0,0.0,0.0
1_46_46856,0.6642900180759188,0.4831274584224691,0.24036281179138322,0.12445313227217723
1_46_46857,0.790155673535499,0.7187415389613906,0.18254148670152306,0.08121377025907962
1_46_46992,0.9232951813022987,0.8436752817943755,0.7192617624122692,0.5582587118351494
1_47_47122,0.44493183165382333,0.10008299705217366,0.946751863684771,0.8785324739712445
1_47_47184,0.8498972352980176,0.6022175041283322,0.9349403741657853,0.782012110438309
1_47_47211,0.901788539204556,0.6310964050598008,0.9326305682795591,0.7197344097785491
1_47_47334,0.9392135142619773,0.8098059907460021,0.9854754593751524,0.9428217383607718
1_47_47340,0.22530831775111876,0.012960059035144359,0.006264362149904821,0.4879518072289157
1_47_47611,0.6566149853152107,0.30525533890436396,0.9826191401420143,0.9319327134644049
1_47_47764,0.9202255982265111,0.7194525904203324,0.984963467579683,0.9465920651068158
1_47_47779,0.8887997930677703,0.7093227241400915,0.14184686126713425,0.02625277420862049
1_47_47781,0.8834052906519094,0.5799110751818917,0.9795002686727566,0.9229190187827158
1_47_47818,0.30225278557179236,0.21439343163538874,0.4081784782492945,0.262627556466419
1_47_47851,0.9395460069784765,0.8095371042492602,0.9815610529389679,0.938317525261918
1_47_47854,0.9536206427869435,0.8254227173264372,0.34671924635776097,0.20473547389868615
1_47_47956,0.9169641676583367,0.8065581236479563,0.2713702749140893,0.2130718954248366
1_47_47964,0.4484322155956941,0.012766134397870926,0.5914954270103338,0.3585089491916859
1_48_48039,0.7860648898051342,0.5807215204279048,0.958157589094688,0.9286654382732298
1_48_48060,0.749861704802615,0.5478266985511324,0.9564536027474909,0.9094186994419013
1_48_48156,0.5624140473960098,0.30517982920900083,0.07269148300467504,0.0011272801803648288
1_48_48173,0.9533549102460367,0.8242756994850797,0.9780481724986757,0.9112256019023085
1_48_48240,0.9232860520094562,0.8151198705692013,0.5149575385140613,0.23427468235082835
1_48_48251,0.5021735288920304,0.0786487622325842,0.2957202541867079,0.31609302325581395
1_48_48311,0.4850949628406276,0.4709985420656928,0.0,0.0
1_48_48383,0.7583137214775402,0.8635176316935133,0.48102618920363444,0.4778218746352282
1_48_48386,0.8433457500846596,0.779269202087994,0.9408623262389068,0.9232454875728043
1_48_48388,0.8876927351020976,0.7500292340674333,0.2677260659066063,0.1767107805607204
1_48_48451,0.32500118056320737,0.013882285822953314,0.5110638709054015,0.5271154745208041
1_48_48466,0.9499854843392148,0.8599069716235929,0.958731059341833,0.8863378040463742
1_48_48572,0.930964732759031,0.8065181518151815,0.024841235430640925,0.0
1_48_48594,0.7991589269342687,0.5087324306069281,0.9839840835613032,0.9387907323667894
1_48_48668,0.9351308971911645,0.8139078156312626,0.97843607057286,0.9500968139412075
1_48_48755,0.8643168554358608,0.6146130254374887,0.9297630877046179,0.7846097201767305
1_48_48840,0.49647378054243624,0.2861306422820504,0.5247153436861131,0.3912622008289878
1_48_48924,0.6776417462213795,0.20809216992464782,0.0011767083070852104,0.30543489241337507
1_48_48941,0.7240012067405077,0.7169428944226979,0.630526850753854,0.7194482847313763
1_49_49039,0.8889405050270431,0.6848674635028448,0.654038440173314,0.630688276152389
1_49_49123,0.7443047371595601,0.393135918721348,0.11442879109005527,0.0
1_49_49284,0.23361528120098587,0.10857262628379795,0.0006325872819833117,0.24921734774804857
1_49_49419,0.31477546394673467,0.2037229149131907,0.9912112951133173,0.9759161097026965
1_49_49481,0.22858137702274267,0.3251361388520079,0.17666190702839918,0.1439633931714185
1_49_49500,0.5371294354945726,0.45225807636503884,0.05938881889374738,0.02669091335718895
1_49_49503,0.5988118958010479,0.39255493811568576,0.9130002340276152,0.8188138304417374
1_49_49609,0.8694747612551159,0.4763898677500933,0.9804862818561448,0.9248623716708823
1_49_49612,0.6906095551894563,0.5639937967524175,0.9765496111242046,0.9734574021813744
1_49_49674,0.9558296324040879,0.8008080808080809,0.9851742238105875,0.9319715024273375
1_49_49859,0.9299484116209612,0.8146302393877369,0.5812368592764445,0.3269928851459271
1_49_49900,0.1367347621676789,0.0,0.0,0.0
1_49_49937,0.8685593450997634,0.5167226706026442,0.9822379678499988,0.9207093029447787
1_50_50413,0.7851055711015009,0.5307000044332136,0.8363096254310787,0.6115911669721568
1_50_50473,0.2981429484862806,0.12235644195685288,0.0,0.044341905351415224
1_50_50477,0.9001040413564392,0.6262202325436796,0.9137038440031027,0.696376038534898
1_50_50516,0.9540172877993481,0.847476540705047,0.981033330858882,0.9430729651321912
1_50_50665,0.8626499074719411,0.646324457135268,0.050254470617682234,0.0
1_50_50833,0.19295177886878742,0.029154006478668105,0.010262647763122886,0.4240920562946486
1_50_50836,0.9496284062758051,0.8583193128486674,0.9782954998008762,0.8918419431488164
1_50_50878,0.29274869631821376,0.009663828408119973,0.0,0.0
1_50_50979,0.8646239072102484,0.7042518837459634,0.8124383905367865,0.6272064635110214
1_51_51078,0.8326206475259621,0.8066174408823255,0.9137778526599554,0.9295127594648067
1_51_51116,0.8936676717981272,0.7279483562981447,0.936307519640853,0.8581004886605689
1_51_51123,0.9367784697184894,0.7998638143335414,0.984255614725631,0.9471327813554125
1_51_51134,0.7349577856150475,0.5558929588157145,0.2178649237472767,0.14616616876650648
1_51_51286,0.36004067703800763,0.11414982164090369,0.85326483709612,0.5640747990504352
1_51_51295,0.8354456220335812,0.4455136729611451,0.45573610461450853,0.36228200240062136
1_51_51366,0.7840264650283554,0.6271886818882196,0.867530407191962,0.8202877925363694
1_51_51642,0.9160090865614539,0.836475115778488,0.9110395880270358,0.8700373260943333
1_51_51689,0.5910794223095465,0.3265515320334262,0.030318838800748763,0.023823937893949647
1_51_51725,0.6746160064672595,0.900215672178289,0.8874862788144896,0.9668833178582482
1_51_51784,0.9529666725238681,0.8675649519839203,0.26965744239912226,0.1575426144627378
1_51_51872,0.9475057626234071,0.7695620304196444,0.9776406035665295,0.8722305670296658
1_51_51875,0.8970146617205441,0.8713287578062202,0.17838630806845965,0.29104303086997196
1_51_51972,0.5209129983696458,0.10701051876643557,0.0030911518868391116,0.2201450335972324
1_52_52012,0.5009476939447345,0.24410245672808487,0.015158535778116105,0.0
1_52_52036,0.9751734309280603,0.9095479913520036,0.9945413319150127,0.9789788215558818
1_52_52052,0.8001087957151226,0.3133423426713905,0.9834159061277705,0.864952571143285
1_52_52082,0.1968988051506129,0.18181034977887542,0.14745593922971814,0.15984980555183048
1_52_52303,0.8318868531018965,0.830175048624618,0.9431048908496235,0.9427884615384615
1_52_52465,0.8353637709210976,0.7625580783729289,0.9044107789247888,0.8705177417844772
1_52_52759,0.8810077159059218,0.6858169502725922,0.9450644970619937,0.8677044547126643
1_52_52878,0.4332790587740953,0.23912797921608495,0.02980520023409414,0.439961960058061
1_52_52930,0.8283201082610567,0.7485743666448537,0.5987704018151211,0.6283773190488633
1_52_52964,0.9068247821878025,0.8102227941767876,0.9106951182860332,0.8139266682573769
1_52_52999,0.8825036887473791,0.7754518770276533,0.9450879450879451,0.8889824088881407
1_53_53009,0.8047510162601627,0.6881549136222034,0.6534643118403177,0.5700647119916913
1_53_53174,0.532574974146846,0.40198104850616057,0.9677538310251578,0.9105070664198311
1_53_53496,0.5539195637355147,0.24602354885354266,0.61007371007371,0.48617028959341374
1_53_53497,0.20616474269161675,0.11627638712654285,0.00043873546688765933,0.1382193802262666
1_53_53538,0.4413264498147151,0.30138864780420066,0.27625797306874555,0.28331438676266263
1_53_53692,0.798175598631699,0.8715608919382505,0.353065912705425,0.2934002869440459
1_53_53725,0.7490161984076141,0.5873080360770293,0.26475870459417183,0.22288384023451813
1_53_53766,0.7666508038319091,0.520662316705255,0.12557687636628614,0.0
1_53_53905,0.8876756838446426,0.8023463491507616,0.2891366324837241,0.24074518818403265
1_53_53918,0.755786929441294,0.8020340077486009,0.8195402298850575,0.8765496466226393
1_53_53989,0.8873992775771048,0.8211376980870004,0.9059436274509803,0.7845057880676759
1_54_54098,0.885280065060486,0.8381404577988804,0.5183530678148547,0.47358397404246316
1_54_54381,0.1037474394505362,0.08454992043174428,0.9073820246720188,0.8473210458636948
1_54_54383,0.9173538300809672,0.7797977880096834,0.7160011170064228,0.5939028651292803
1_54_54722,0.342806506740933,0.09683917693894191,0.9465003043213633,0.8832607342874922
1_54_54860,0.14220522484573034,0.023457466228550567,0.0013191451939143434,0.14291416368970403
1_55_55005,0.9316634637308231,0.8038103269827883,0.9735991940806614,0.9392664337885043
1_55_55083,0.9622055210290504,0.8089742314197592,0.5080811489856377,0.2513250714966635
1_55_55207,0.32374619008035466,0.16118350779747917,0.0,0.0
1_55_55230,0.8571233872433218,0.8564296316286601,0.1725457742836454,0.1531323283082077
1_55_55344,0.19920315340571215,0.24053085850756276,0.0028091328886608517,0.7678229764578653
1_55_55346,0.42412981744421907,0.21054733521036761,0.027700195125683898,0.0
1_55_55407,0.22525643454491326,0.21200219935590292,0.0,0.048977901592440615
1_55_55469,0.9340869537950173,0.6587959176416202,0.9729250256988428,0.8172488141440276
1_55_55491,0.8157979928779541,0.7179971133562785,0.29871031746031745,0.1846531394026456
1_55_55512,0.8028369415318609,0.41371443555788645,0.7113643799760061,0.2536821197016827
1_55_55530,0.6063737718271139,0.24715592237341066,0.9106269113149847,0.7831673028582069
1_55_55589,0.29600893211967527,0.14334382039205465,0.0,0.16301023800026593
1_55_55601,0.8940908777494312,0.7459468782338737,0.06346035648432698,0.025636700961376286
1_55_55613,0.7136367793664827,0.524099413571628,0.044985061886470334,0.03798856426725151
1_55_55623,0.6737042225335201,0.3237960632907029,0.7297458407846963,0.4598452508004269
1_55_55677,0.11752793366447362,0.21809008634141266,0.0,0.0
1_55_55731,0.6231068488193251,0.3425527091362503,0.018410965268904636,0.0
1_55_55762,0.8594892563842952,0.8254182784172998,0.924913820119085,0.9012010082538428
1_55_55825,0.17032449556208795,0.07589859775886351,0.0,0.13699887069452288
1_55_55826,0.7663947215906558,0.6996463638698461,0.46961886005560705,0.24929688873264194
1_55_55874,0.4732126944144101,0.5334442941849579,0.000563352683273324,0.23017142857142858
1_55_55915,0.8988282113641388,0.7006958892316522,0.9798345651216289,0.9022637752672813
1_55_55923,0.29435123452267564,0.18369943051549442,0.9797526971772008,0.9467021552843418
1_55_55970,0.7497340425531915,0.4371797218155198,0.9219866134203274,0.7988802214393558
1_55_55978,0.1985546774332102,0.0,0.21036165686397196,0.0010072655217965654
1_55_55982,0.8191139834639131,0.4655592807071015,0.2838189271388901,0.05351170568561873
1_56_56041,0.9378088015626795,0.7503147293327738,0.04114117791110567,0.0
1_56_56043,0.8829924405228428,0.6853963083604777,0.8971476853748463,0.623057576574149
1_56_56048,0.14096799005975977,0.23399191170275507,0.022341505875525896,0.06060606060606061
1_56_56055,0.8271191449539477,0.7011893962302187,0.8630518518518518,0.608942879296976
1_56_56060,0.6706309041835358,0.29252642174131854,0.0034586844422085272,0.0
1_56_56083,0.21057424740703262,0.38754129306276547,0.019573575672841664,0.0623028117740873
1_56_56150,0.9311753614079196,0.7287513554091251,0.9457423580786026,0.8944776275804255
1_56_56155,0.9329777250950758,0.7533538871760687,0.6194659821641219,0.5254516310704848
1_56_56159,0.3716031998082512,0.45874457165416505,0.09862531969309463,0.10355183797066196
1_56_56172,0.9409940296192914,0.7947694150529048,0.6129921421812646,0.24351631726820835
1_56_56174,0.9480190556594102,0.8404804353945763,0.9360205939599422,0.7670194003527336
1_56_56243,0.9228886849642668,0.712105095202638,0.9345296844623897,0.7469858962693358
1_56_56265,0.8995926192187874,0.8401540154015401,0.9599502650350108,0.9127729381151714
1_56_56371,0.9108646354879992,0.72587499034227,0.9478064267846835,0.8494041170097508
1_56_56543,0.0660987844387863,0.0009373326191751473,0.37096467907330044,0.1863358637289391
1_56_56546,0.29052318847877534,0.28084290343201007,0.8845654993514915,0.7579491255961844
1_56_56638,0.8288062543850857,0.7486059844498547,0.972123368920522,0.9663492650457614
1_56_56702,0.564176568337144,0.45997647793005786,0.0012334258402713536,0.1245971595581535
1_56_56734,0.9514358415121774,0.8218267772723218,0.9843087469848927,0.942377408891433
1_57_57054,0.7167912794353993,0.7196243623434843,0.2619093914057943,0.168141592920354
1_57_57302,0.899735041268752,0.6015585509688289,0.9842165314401623,0.9166059344091619
1_57_57303,0.5220148190367626,0.3816777515554602,0.012778658707210148,0.001990166237415125
1_57_57320,0.9192520630941189,0.8174885020667171,0.27498300475866755,0.17539533637094612
1_57_57441,0.9543692870201097,0.8440520311023908,0.974654466097477,0.9080612924716855
1_57_57642,0.7430340557275542,0.3952962191128312,0.3479297511049081,0.3100500777067864
1_57_57798,0.815351500941692,0.5956688596491229,0.23372401794707445,0.03161503807359566
1_57_57840,0.933634554800199,0.8540699750089253,0.9630526686630263,0.907452258965999
1_57_57848,0.8599413980745082,0.6562222741069343,0.9665566449859238,0.912199574079708
1_57_57910,0.7394713912285797,0.8464260075889652,0.8316344885477875,0.9125083537536199
1_57_57941,0.8480878888619802,0.5253378933868262,0.9788757979965744,0.9220002846704939
1_57_57942,0.960624685138539,0.8364460486003273,0.7970400804963944,0.5128950940469265
1_58_58095,0.45206124516616963,0.31027034103554363,0.0,0.0776635129576306
1_58_58150,0.9001038992788167,0.6732415685161535,0.9872386641325007,0.9470168314886371
1_58_58417,0.8756030878095851,0.7287433839849753,0.9431183570527832,0.8812971554430854
1_58_58478,0.9032375926113874,0.6222396499772981,0.955154917413365,0.8334533345333454
1_58_58671,0.8090380607656027,0.7986460218513305,0.3855954935622318,0.34842348857390804
1_58_58696,0.8784942313831,0.6917558914955233,0.5303339445750148,0.4987114878020845
1_58_58820,0.15231561568869917,0.0,0.0011173184357541898,0.35850434147740606
1_58_58837,0.6674105778049526,0.45894076397859385,0.519042387622448,0.3717127783818614
1_58_58843,0.8929507556745302,0.710394726873248,0.9520986767259445,0.8388177109700533
1_58_58854,0.8094508071061413,0.8019202087994034,0.26973397296118623,0.08896047577747491
1_58_58924,0.7609058845368479,0.4466061769324725,0.026605695281646226,0.2618695496965679
1_58_58944,0.9515168584533676,0.8630574917457157,0.982564750473784,0.9453966161283235
1_59_59047,0.8534709713177221,0.8333677685950414,0.937703141928494,0.9256864200148415
1_59_59085,0.856751327795179,0.5925164354600481,0.963100415579395,0.8510507510853279
1_59_59137,0.6280799236684066,0.5115053960124383,0.979254037655037,0.9468059558117194
1_59_59160,0.13663613534423946,0.22162446500729263,0.0,0.2193832957294144
1_59_59204,0.31360864504247815,0.34001823154056515,0.18718723231594608,0.24684664990709368
1_59_59208,0.8532577769347496,0.5854819145958386,0.05343596298663406,0.0066037112857425875
1_59_59240,0.8424478398521228,0.6071866568555311,0.0337910169885967,0.0
1_59_59253,0.9472333974695353,0.7827009334464784,0.9820932009167304,0.9242474583028772
1_59_59300,0.8688509683872336,0.6104977375565611,0.9733922334086706,0.911084191399152
1_59_59420,0.9445607911576498,0.8500402252614642,0.943700547778454,0.8098198629045114
1_59_59421,0.9425407620542332,0.8505806303987186,0.9590092766074122,0.8560459560914572
1_59_59466,0.8674240477047243,0.6662426863393539,0.9379241163627781,0.80472016183412
1_59_59468,0.8024852371119081,0.6128302785051178,0.9568931354850073,0.9098122701761177
1_59_59495,0.6155085790122287,0.4640375676841248,0.9532293986636972,0.9416998795069051
1_59_59550,0.576196556734622,0.46013213350039867,0.9635828997964262,0.9587597527611713
1_59_59563,0.8433744362470346,0.6029197912805452,0.9172122799359814,0.8506394321483123
1_59_59625,0.13634906747286446,0.1972884525479196,0.0,0.18032786885245902
1_59_59743,0.5131723140314732,0.3290212471245888,2.4310198128114744e-05,0.09804819040768954
1_59_59823,0.3805263885051119,0.20419070374271028,0.8397503516174403,0.8164433880726015
1_59_59909,0.8441488284151529,0.5421243855524684,0.9598572702943801,0.8766483354029921
1_60_60087,0.8375306440829062,0.7146374096869146,0.9006287254021393,0.8729575394357437
1_60_60097,0.3558631599762705,0.005284600850259801,0.9813627144658225,0.947115769261541
1_60_60281,0.9640666771504953,0.8713801384376324,0.9929054880534942,0.9717180883242589
1_60_60387,0.9265376703139441,0.7624106230847804,0.9554083885209713,0.8342586880526424
1_60_60441,0.6038106722942418,0.4301523426271917,0.01783799296146933,0.08530080540620949
1_60_60473,0.6664573222951755,0.4088100028743892,0.08216842823048073,0.1196798835940342
1_60_60686,0.8440819423368741,0.8174001011633789,0.9127717856531415,0.8968211367567245
1_60_60730,0.9070597070972587,0.7621975406584689,0.9339255001850522,0.8278356251490343
1_60_60758,0.3592464715030468,0.0,0.0,0.037547926490679125
1_60_60884,0.6324718174319494,0.3823476662332422,0.020881267636205774,0.0
1_60_60933,0.9198058891265011,0.7318864153924803,0.922962648556876,0.7461303179163963
1_60_60982,0.6252964719833976,0.2542184998152482,0.1168984906777153,0.04204730321611813
1_61_61011,0.9048991354466859,0.7079183088498746,0.0697891680343391,0.01333760136577038
1_61_61018,0.9229083718568795,0.7385025719184607,0.9728067896423314,0.9120737919324492
1_61_61059,0.7227963359862395,0.30963990997749435,0.0013171759747102212,0.3008187064735971
1_61_61098,0.07625440576610827,0.14651131941987974,0.000897631034617336,0.16277852549723343
1_61_61141,0.0734757855056318,0.0,0.0,0.08006130695276578
1_61_61147,0.6989696830047072,0.3099980280023664,0.0,0.0
1_61_61192,0.890599354802196,0.7129975808225203,0.9467110218428321,0.8172772501130711
1_61_61260,0.13388886232126632,0.013781968785829608,0.0,0.12257825865815879
1_61_61269,0.8668476785229432,0.7778867150942556,0.138411547834781,0.1411834427425237
1_61_61280,2.0530929845812718e-05,0.0,0.04943323648565699,0.07402366244372317
1_61_61292,0.37326607818411095,0.1263081695966908,0.1921468256445471,0.18145187925226236
1_61_61299,0.36089514124809047,0.1299162498890237,0.0010253871720528958,0.41489043327902103
1_61_61562,0.9050879622506026,0.6449769273104441,0.9783591096640188,0.9155745836161436
1_61_61579,0.8807017543859649,0.7430531732418525,0.9007198152926796,0.8991105463786531
1_61_61603,0.4805540082037778,0.26007149731885054,0.18845304448417288,0.0
1_61_61640,0.6359540636042402,0.5216838279830406,0.9356956560841803,0.8640124598461988
1_61_61668,0.9505782575173477,0.874150999114086,0.44583065035415326,0.3064473799317645
1_61_61767,0.9227963759213759,0.8218916336836358,0.9805314823181501,0.9529899758036641
1_61_61845,0.8433046232281488,0.43912128309270404,0.30305348664521503,0.0
1_61_61911,0.8075886238037472,0.4216702089975204,0.849618138424821,0.5297345886360411
1_62_62065,0.9570828037931371,0.8813789359391965,0.97599879239207,0.8182871075891497
1_62_62066,0.8804347826086957,0.6858092512233405,0.1436559545126127,0.07136940459229317
1_62_62467,0.839795153634774,0.4314984816223952,0.7416396218428107,0.5199173053650665
1_62_62514,0.8353026987600292,0.8371116708648195,0.966202445652174,0.9697389058031184
1_62_62798,0.9703805536461914,0.7374975291559597,0.3804462825815139,0.16484187568157033
1_62_62852,0.9731045505483806,0.8962096689986426,0.9674137866195329,0.8813576843556168
1_62_62861,0.545286309121321,0.39502965412271035,0.0,0.0
1_63_63034,0.6144464179988158,0.0,0.07620515926547917,0.0
1_63_63150,0.22786338497910247,0.10851028941543002,0.0,0.011349776392465104
1_63_63372,0.922118119457922,0.8553237991162636,0.9453593146611035,0.8904216048183408
1_63_63377,0.28554944079531336,0.21341392084226946,0.0,0.0
1_63_63398,0.907701740319766,0.750734073790374,0.96997228210656,0.9133748164720688
1_63_63410,0.8238535721314701,0.6803578879050577,0.8154344821011488,0.6243880729862038
1_63_63411,0.12279549797543585,0.0,0.0,0.0
1_63_63499,0.41165641545245674,0.3089838639337113,0.4512359621055273,0.38453492426296826
1_63_63566,0.8521059307773953,0.537638182137217,0.962431570715274,0.8676416044084141
1_63_63567,0.42076006936867616,0.1083863668505162,0.11936346762747024,0.01676340840492222
1_63_63592,0.9487000928505107,0.8025506867233486,0.027049046765520612,0.0
1_63_63633,0.895866454689984,0.7788684306791854,0.9762620568708505,0.9506989937191869
1_63_63720,0.619318043926708,0.08930302367030424,0.45628747207962694,0.0007834728464805575
1_64_64053,0.9179960448253132,0.7751937984496124,0.9119646861984265,0.6522118444011085
1_64_64272,0.27858333333333335,0.0,0.0,0.0
1_64_64480,0.45730701531035856,0.11888969954234928,0.1495315790747779,0.0045418364002434795
1_64_64709,0.6586069210292813,0.565571488236113,0.3643132006023089,0.4256034526019973
1_64_64723,0.8261703500016974,0.5672802284988893,0.2105306306490951,0.0
1_64_64815,0.1266856344382902,0.018499985703256797,0.1822271714922049,0.0361169332597904
1_64_64878,0.5806219923866983,0.07031541778426646,0.03410028038924625,0.0
1_64_64891,0.9061737857988991,0.7277207805270569,0.1641625143733231,0.11513417521704815
1_64_64938,0.4095977071755618,0.3678621054721101,0.9257104869536313,0.9158839860594247
1_65_65200,0.9556790942010507,0.8328710124826629,0.9712230215827338,0.8859797730889676
1_65_65241,0.8412698412698413,0.8164130225390098,0.9350739371534196,0.9385423966362999
1_65_65292,0.4291603179665261,0.26943359108172354,0.0,0.004634478424801005
1_65_65437,0.9414231924121824,0.78707453683757,0.4033486307932826,0.18884040822363557
1_65_65742,0.664096523166988,0.6737833230006199,0.15662947161142107,0.22194443324327595
1_65_65743,0.9143277198609997,0.8575833381813951,0.6315405917504737,0.6004364596021112
1_65_65815,0.9107496153000659,0.8012525765022991,0.9599395914474207,0.898909151469731
1_65_65819,0.8505109058754176,0.7191904413557669,0.2949148681737942,0.2477151643782215
1_65_65838,0.9052423156703753,0.6852849740932643,0.8927714748784441,0.661547212741752
1_65_65856,0.5436984910383262,0.440603595890411,0.006487602669008984,0.46197270231605
1_65_65859,0.8961625282167043,0.6698641731490065,0.9616714966813125,0.875326433891092
1_65_65864,0.5845437322387117,0.4982006543075245,0.2441860465116279,0.20583667658858548
1_65_65984,0.26690810522573766,0.17804685224483002,0.0,0.0005832037325038881
1_65_65994,0.7740784780023782,0.5759230306674684,0.18838087634722264,0.11862999136270015
1_66_66017,0.8754586618783667,0.5240143624017918,0.9791939311935763,0.9133787814230933
1_66_66053,0.9026966171661395,0.757713742014408,0.9568874250088225,0.8847639972725206
1_66_66111,0.9619053622457556,0.812461155997514,0.9884507903239892,0.9402274382387541
1_66_66201,0.5102873976479321,0.15137811391368758,0.9561726179795442,0.8006803213432728
1_66_66209,0.9040541459764642,0.650156259213397,0.6306929204869983,0.4210745275169381
1_66_66254,0.955188449156125,0.865327107706836,0.9697430696416498,0.9049204984959175
1_66_66552,0.5811616533797817,0.2385250664010624,0.9843299438458036,0.9477470407429207
1_66_66598,0.32665807920436163,0.4633476902288658,0.0,0.0
1_66_66640,0.12661745944960817,0.0,0.0,0.0
1_66_66667,0.4255213208787269,0.1730788856005715,0.9502527988443481,0.8500654585543995
1_66_66696,0.8650888405084627,0.5575653990409724,0.986442604318883,0.952549182599058
1_66_66821,0.912392692053709,0.8699407281964437,0.09577034416211,0.026749289956106377
1_66_66889,0.17794152697227297,0.08499196871289895,0.9063025210084034,0.8116558741905643
1_66_66903,0.8675718668333144,0.76549822347139,0.9534329107568721,0.9116936874784408
1_66_66940,0.7868346267351624,0.5811378590492298,0.9475349766822119,0.8954462221955393
1_66_66941,0.9154057287634598,0.820703095719961,0.39200184218606077,0.3295880149812734
1_66_66979,0.8486943729312247,0.8311404876223732,0.952476741262258,0.9486652977412731
1_66_66988,0.9272482907730965,0.7887942163697392,0.9764662395268605,0.9322017916077322
1_67_67033,0.8500762970498474,0.8535200460387493,0.3252734171564616,0.26782360146998774
1_67_67050,0.8943248532289628,0.6811812467260345,0.9487738829547164,0.8902057613168725
1_67_67163,0.7933668131408245,0.8411620795107033,0.31690604822769797,0.3189961796864708
1_67_67165,0.78287253005651,0.6437954382352024,0.9251567031527739,0.9101710847903741
1_67_67202,0.632257347630424,0.6813123744539744,0.10575332927147707,0.10552561730877504
1_67_67219,0.5825034387895461,0.16262587565674255,0.9641613328313253,0.8499017506252233
1_67_67339,0.7690066996795806,0.5828992801545034,0.9152339662131859,0.8165891472868217
2_67_67381,0.2903027250853338,0.24681591064955422,0.17968410375307928,0.23825503355704697
2_67_67412,0.5316272555760038,0.3471898197242842,0.5469802270362085,0.3232218212953336
2_67_67426,0.8826106492922938,0.8276059097216554,0.8843098311817279,0.8268587804489731
2_67_67911,0.8198304088657543,0.35264731750219874,0.0023804440649017934,0.4765266628440367
2_67_67978,0.9181383840969201,0.7912974324017269,0.9397545728177819,0.8516787815853236
2_68_68009,0.7857931542142068,0.784173071448904,0.8251755472945064,0.8320900012032246
2_68_68042,0.9215051083977075,0.79296373826727,0.20007570432055372,0.021780560849441872
2_68_68315,0.29259514105753454,0.022346066443025645,0.878154550382461,0.7463125074949035
2_68_68340,0.8798711194322288,0.6971373328320533,0.9636524822695035,0.9122338812397647
2_68_68343,0.4333742879481738,0.13386469619605076,0.08238125802310654,0.0
2_68_68401,0.925,0.7771470215948756,0.9627116019818331,0.8698576260520727
2_68_68592,0.9467463014794082,0.8105176019518996,0.25496758551626,0.1539680784400457
2_68_68593,0.657619213020394,0.303292317924842,0.9098273435622833,0.7023600656517064
2_68_68614,0.5329500221141088,0.5886191433431266,0.15579635464208946,0.10733621702139849
2_68_68615,0.9110262452262939,0.6687144482366325,0.8081519800214056,0.5188687162559096
2_68_68619,0.9456815429050591,0.8267254038179148,0.9615071216713927,0.8767943190464114
2_68_68620,0.9191645952137252,0.5962604576151598,0.5289751338741318,0.27444958034302397
2_68_68707,0.23627894640873903,0.06381027724837283,0.9179286761113825,0.8102766798418972
2_68_68825,0.07923964117898334,0.25357396329717125,0.02513156481580926,0.13997477931904162
2_68_68857,0.9437126585374376,0.7930167597765363,0.527118581318722,0.5422871593144142
2_68_68928,0.8115184678522572,0.4716981132075472,0.9666777188328912,0.8947423819798958
2_68_68931,0.8284641068447413,0.6240144256267015,0.010825439783491205,0.0
2_68_68932,0.4554870923191331,0.22812655292363757,0.9766473988439306,0.9474774096385542
2_69_69141,0.8083618025052871,0.8420747369293231,0.9109139992286927,0.9078085183836913
2_69_69152,0.9570730744560122,0.8893406730889528,0.0338607431840437,0.0
2_69_69224,0.767812367395749,0.7905272647419154,0.0002847110183164088,0.10014394406744807
2_69_69370,0.7997498294291563,0.8079614546288861,0.9374324324324325,0.9570496083550913
2_69_69372,0.9184617256906413,0.8585879103022425,0.9408195530487544,0.9071874198786428
2_69_69490,0.9553756394537691,0.7970298788503215,0.0017028993520136232,0.0
2_69_69494,0.8072215201299874,0.6093950343862921,0.8355399164284143,0.69071809884622
2_69_69499,0.7959224227008982,0.36153002467781736,0.8711942499078511,0.4993563044301401
2_69_69606,0.8299441786283892,0.5985926755157525,0.9066054243219598,0.7721382289416847
2_69_69612,0.917078462094733,0.8207751327955931,0.9774342920498271,0.9547020450047643
2_69_69648,0.8152661962796665,0.8456044482791679,0.01465381589299764,0.03814021067925899
2_69_69666,0.2828013237963062,0.15045846817691477,0.0010316368638239339,0.28156493240475217
2_69_69781,0.8738372646750691,0.7536961531643326,0.9378495080342606,0.8465654124956852
2_69_69802,0.9702860973638031,0.8614548454408696,0.41351477417915594,0.2476751750794076
2_69_69903,0.92146529562982,0.7449539949812707,0.3659064731628657,0.2675634343497394
2_69_69989,0.5709122451930028,0.3624652746661887,0.9713454107492348,0.9432578555751834
2_70_70132,0.9157591287636131,0.7273720048821224,0.9717808753289794,0.9258790436005626
2_70_70211,0.8518038453229639,0.8747261616511011,0.9485155956407366,0.9601955745000941
2_70_70242,0.6366057582091565,0.304080430139206,0.8984319145893904,0.7341609589041096
2_70_70269,0.8847660276231705,0.6775839744077995,0.9515225895528112,0.8220272049144361
2_70_70304,0.17582282432854318,0.0,0.0,0.0023190326321020373
2_70_70320,0.911217729038154,0.882090824550527,0.9726380489739268,0.9493001166472255
2_70_70531,0.5913253984264676,0.32998570282805034,0.09866266375545851,0.010907231721865591
2_70_70577,0.7495778101649432,0.594323704953537,0.8292919495635306,0.7088688603274492
2_70_70587,0.6916490619360074,0.42005546830621177,0.018993870987317193,0.0
2_70_70604,0.8953410504161484,0.8550920452626246,0.9384282178217822,0.9329177276319256
2_70_70612,0.8776061263334957,0.6748910644558882,0.8441362530413625,0.6604417018512504
2_70_70640,0.9562037121696992,0.8299927771758757,0.06930835046125902,0.03542354235423542
2_70_70669,0.9184015388911296,0.8803679201485608,0.9658480944712828,0.9430814823867282
2_70_70693,0.956774021825925,0.863360067539046,0.004757135703555333,0.0
2_70_70761,0.88551201011378,0.7885225760212962,0.2212147134302823,0.23647483142543516
2_70_70783,0.89140380447869,0.8203625709577,0.9461887319030177,0.9170815854471321
2_70_70803,0.9212063188128291,0.8492650500889429,0.34450056695186065,0.20625049200976148
2_70_70863,0.3578439195659113,0.2595839524517088,0.05616142765498338,0.0
2_70_70895,0.38551422910662825,0.3641600092624754,0.0,0.06351690900852659
2_70_70915,0.945808488249737,0.871338311315336,0.6514322795958097,0.4464229600921756
2_70_70926,0.6288235884063785,0.6677163198247535,0.6594081942336874,0.5063965884861408
2_70_70943,0.789219300401409,0.38622216074145804,0.40130463144161777,0.11858081764509301
2_71_71085,0.3298535294773919,0.0,0.9790543143297381,0.9364297051207083
2_71_71115,0.9623339498907012,0.8743892396376612,0.98516279231384,0.9463504489983882
2_71_71150,0.8457578253706755,0.7630191404839293,0.12951807228915663,0.1650429799426934
2_71_71279,0.7654864658563796,0.788929719797887,0.04821401195768818,0.04871805631320549
2_71_71449,0.6866726835138387,0.47923611260457216,0.6730223418965141,0.41450322076908064
2_71_71631,0.9516535922866918,0.8611979028756024,0.3622360428116864,0.12043811054256354
2_71_71632,0.9328859060402684,0.8551433014885581,0.9480414141896083,0.8977279102384291
2_71_71768,0.9351145038167938,0.9042788953290146,0.969233746130031,0.9572201850881789
2_71_71771,0.7060447990181037,0.3661570836170081,0.8671190104479405,0.7090648928764792
2_71_71951,0.9492794950762329,0.8216646431943883,0.24207238949391416,0.0
2_72_72069,0.9025665606344503,0.7653443113772455,0.9725049947673865,0.9299568965517241
2_72_72074,0.912189429668887,0.861972580859843,0.9070898253686082,0.8446997615434642
2_72_72102,0.5550363914098302,0.5188507898068138,0.5210667508284678,0.4765195985608786
2_72_72152,0.7585457271364318,0.6003317609247836,0.47962565802300644,0.48810500410172275
2_72_72319,0.908434627013019,0.8980243646484464,0.9529190207156308,0.9431488957492282
2_72_72352,0.929357691862037,0.7804226522616645,0.6729324868251795,0.3027060154629455
2_72_72377,0.8986578604538431,0.6793505834601725,0.12379475423100263,0.0
2_72_72453,0.8899412239895261,0.6310753277410108,0.7087173856511312,0.49299261497146696
2_72_72562,0.8978701782614219,0.7016011644832606,0.004923591434808862,0.06286054118346714
2_72_72593,0.9531602708803611,0.8753167764825139,0.9025873566284343,0.7197380605900251
2_72_72714,0.2733412750749856,0.0798761210400671,0.0,0.1521675710368166
2_72_72747,0.8190351808015672,0.5642126483984171,0.9375908550284129,0.7954969963148064
2_72_72778,0.3608661209400581,0.41065714418216387,0.9885834787667248,0.9792645391219829
2_72_72940,0.39454374412041393,0.5408171236622139,0.007628429681526397,0.4145376627657821
2_73_73034,0.918989737244341,0.7646896297660711,0.6879329915065169,0.5672751859364435
2_73_73091,0.9449422976044763,0.7820093134768776,0.7167493824642509,0.45649573638924257
2_73_73097,0.0,0.08467959073774906,0.5971310111067397,0.09897248922770964
2_73_73123,0.771605476584983,0.6104662473250762,0.891566265060241,0.8820926600728787
2_73_73225,0.8244033872209392,0.7315097375575653,0.33401203146691344,0.32360643471754585
2_73_73260,0.8782287072977422,0.617982587811468,0.9780106392735944,0.8969140164899883
2_73_73453,0.7261291526689063,0.38036452004860266,0.24355108877721943,0.027916666666666666
2_73_73493,0.778500237304224,0.41667359667359666,0.9763188177578584,0.9307296071346198
2_73_73494,0.5042887531736774,0.317188315075639,0.4406695542320881,0.4343806681879352
2_73_73629,0.8706611570247934,0.8373308251032032,0.8834862385321101,0.9055533036076205
2_73_73776,0.8378181818181818,0.7281524401170778,0.9433759801898473,0.9040434071651553
2_73_73838,0.9413319994283265,0.7943543343201435,0.8861214343727696,0.6539291217257319
2_73_73901,0.519379337436166,0.19325237650420352,0.9863827680118842,0.9690297604645536
2_74_74023,0.8653745141296355,0.7208619000979432,0.9571767497034401,0.917667005764666
2_74_74056,0.3472854511970534,0.04931448933985626,4.3087661848029814e-05,0.4171705304180875
2_74_74096,0.9469431195553628,0.8325445941026575,0.983146530410417,0.9449374878538576
2_74_74102,0.8226731679334576,0.6692992874109264,0.9459551325628824,0.7977914289893228
2_74_74124,0.7922166029357346,0.6134669589727529,0.8735774029891676,0.848851269649335
2_74_74166,0.8235601001669449,0.7253918994191135,0.7738630684657671,0.7010271460014673
2_74_74171,0.8516172057352451,0.6629410825482995,0.025554752238473945,0.0
2_74_74172,0.8563333475352563,0.5884500497842682,0.9283424251124509,0.776664902864918
2_74_74193,0.92054619159377,0.651886763201141,0.017075806230690795,0.0
2_74_74275,0.7034449912684553,0.5690773312371032,0.8679245283018868,0.6660672810369371
2_74_74293,0.48148932703275216,0.4644847122723229,0.0002360464367717431,0.04147777604085248
2_74_74294,0.19175234772280167,0.2644698045211314,0.002626094205919133,0.2856417202844565
2_74_74361,0.8551495016611296,0.6529787343597138,0.49223073177210147,0.35765605095541403
2_74_74385,0.9052457877366684,0.7308154506437768,0.9261529755729511,0.886040897472309
2_74_74448,0.7862875916826376,0.325213546808602,0.7728143060410702,0.46619411123227916
2_74_74478,0.1147100461409396,0.09973315543695797,0.0,0.0
2_74_74515,0.0,0.0,0.0,0.0
2_74_74560,0.8011299435028248,0.711323518076004,0.5973103273280893,0.413616147793363
2_74_74641,0.5578206380208334,0.274603052849582,0.0,0.14245933801658123
2_74_74722,0.23836206896551723,0.0,0.46905415522835037,0.1675835866261398
2_74_74783,0.6155274313828635,0.2767158087622855,0.010389436289295529,0.0
2_74_74876,0.075071474684128,0.0,0.652348132713576,0.5635854882284832
2_74_74879,0.42671226054911854,0.272457280592261,0.10748998294124648,0.4080662532031047
2_74_74953,0.7745713551419026,0.5739621489621489,0.4590964590964591,0.5224524346984843
2_74_74979,0.874058913822089,0.8658753398870529,0.9293973941368078,0.9188367335655443
2_75_75089,0.8951783992285439,0.6711409395973155,0.07358795051102743,0.07010454749534988
2_75_75104,0.3777828227648736,0.4870699742569623,0.00590784439855097,0.08622266747974562
2_75_75154,0.42238702323082766,0.41755552477259084,0.0,0.04575249082328264
2_75_75169,0.35631194729657545,0.24936670099935973,0.0,0.0
2_75_75231,0.20865530303030302,0.03470530930345835,0.0,0.02414955562365921
2_75_75252,0.8469177072067643,0.8039123996570805,0.9436328015673103,0.9144632579864876
2_75_75273,0.8137224464452033,0.8093121331281701,0.6387922114570596,0.5646983832647621
2_75_75278,0.26380946120642434,0.3403224640300774,0.001145366039896917,0.162676535004909
2_75_75430,0.3355000609936741,0.25246045192362604,0.0,0.03528161530286929
2_75_75449,0.5843596059113301,0.5432416267942584,0.9098819142324425,0.8598588235294118
2_75_75568,0.5093769890022055,0.28522501377146553,0.0,0.0007389942639969033
2_75_75665,0.8958448498249493,0.7959550331091833,0.9517871567043619,0.906747941396642
2_75_75699,0.5836244199989573,0.25179170932641254,0.8980954076183695,0.7646391167517929
2_75_75707,0.9603783421464214,0.8276285285694804,0.024191672481972553,0.0
2_75_75723,0.9607712895852463,0.8108083012210409,0.9548791802815765,0.7418521296990914
2_75_75734,0.89793627493308,0.5042798845426495,0.9425411005355347,0.6825455311085378
2_75_75742,0.9033098060714041,0.800600772421685,0.6359318455971049,0.5360462480163228
2_75_75751,0.8796869796869797,0.6091174131990459,0.8729683806146572,0.6883765919716266
2_75_75805,0.9372417945151446,0.8052937998919633,0.42805929444884316,0.40395108710859895
2_75_75818,0.24526362399974697,0.28229227857189476,0.0,0.042566047870019136
2_75_75920,0.09801284392229516,0.17248221458645888,0.004648351367687998,0.5223047640167054
2_75_75971,0.7704855553014711,0.7883125269048644,0.8262377191292621,0.7194417117560256
2_75_75986,0.8933194335852662,0.8112699647065861,0.3020459614079317,0.2739278515326336
2_75_75991,0.9026985613348089,0.7814743477499563,0.3095824628145561,0.251699264807879
2_76_76026,0.7619958318009072,0.35363484087102176,0.5930549760903752,0.4389672419231289
2_76_76032,0.9540311831623323,0.8470191809227579,0.18016115407108974,0.0
2_76_76096,0.879464734882785,0.4385657274156488,0.981839501229766,0.8625712019612084
2_76_76123,0.8791880230504155,0.7571255481190861,0.26738830032243205,0.19038767923526287
2_76_76149,0.8795284957283444,0.6733093597043253,0.5263955440881353,0.40583494664805725
2_76_76170,0.341503563546905,0.3994666896047482,0.0,0.1818482628220279
2_76_76184,0.1461913007444242,0.06847171605133894,0.0012742714267018412,0.2891958435922046
2_76_76186,0.6966647779449405,0.3127884995823625,0.7559931871407282,0.513004525300544
2_76_76256,0.9644370929391088,0.8422969665926812,0.9733077087337177,0.8113789381713522
2_76_76257,0.10393501478697713,0.0,0.3328025477707006,0.3203427601209742
2_76_76272,0.09419375,0.0,4.0308494343374626e-05,0.14544550388099717
2_76_76273,0.8697117184575065,0.7806860995439223,0.014624913971094288,0.0
2_76_76326,0.8667440199928597,0.8642745709828393,0.9420505200594353,0.9292091836734694
2_76_76343,0.8197290152015863,0.8698725607327757,0.09790429756615421,0.1003199268738574
2_76_76407,0.8764209498570332,0.7345200644517763,0.036643590355693485,0.004377907204002658
2_76_76631,0.8288830653729018,0.8325272341002576,0.22116437779088383,0.2675496688741722
2_76_76635,0.920515670148922,0.8110066810100781,0.9767795241939313,0.9464578401019851
2_76_76639,0.8655163743792822,0.6152554131522255,0.013302294645826405,0.0
2_76_76750,0.8894203175817869,0.8893374697207939,0.08286184917281386,0.08706393491502322
2_76_76795,0.8616863327342346,0.7458337458337458,0.9701884740848133,0.9550094966761633
2_76_76819,0.9387069938796125,0.8201763913629057,0.055047029859226056,0.0
2_76_76831,0.748475778738499,0.7454267278653629,0.6673801369863014,0.5207100591715976
2_76_76847,0.4148761361981821,0.2515860735009671,0.9863058281594232,0.9065125458133634
2_76_76874,0.8304866755839078,0.3698442215651008,0.004909240924092409,0.0
2_76_76880,0.7714870559903673,0.4956913694816386,0.24916912564062743,0.14537678612870072
2_76_76889,0.646608179908563,0.4225481209899175,0.024985695212664506,0.0025502768872048965
2_76_76897,0.33969313935924955,0.031053459119496855,0.003742133015819017,0.57672268578368
2_76_76940,0.8049193128578865,0.8542513058618688,0.9040233415233415,0.9462221872788741
2_76_76952,0.7355671711655485,0.6288655258874764,0.10333492391707756,0.0
2_76_76957,0.8173710740597131,0.5531221719457013,0.9839766247231255,0.9527366657358279
2_76_76961,0.2873179847898876,0.04849948700410397,0.11685261303581915,0.006745506553387696
2_77_77008,0.35309199318568996,0.0002248538450007495,0.0007801983933057263,0.47104236185736104
2_77_77023,0.3757734629804615,0.0,0.0025370466470622153,0.0
2_77_77055,0.6309654768870685,0.12057633973710818,0.11684843089249944,0.0
2_77_77058,0.21647836956865724,0.0,0.0,0.0
2_77_77109,0.9055823569951758,0.7473804481105786,0.9851501129882707,0.9431787483115713
2_77_77133,0.8923741809563641,0.6772202415793115,0.9405770594602665,0.8022466784512744
2_77_77153,0.8627567140600316,0.7475375388521648,0.8806112702960841,0.8476520331054336
2_77_77162,0.933462154534591,0.8169642857142857,0.9723445912873225,0.914946962391514
2_77_77167,0.882937580571381,0.7448695095753919,0.47159117523068994,0.3723934223868095
2_77_77181,0.7562565172054223,0.6177389378781288,0.26660471485865206,0.16109901311217162
2_77_77435,0.9105143377332726,0.9241245136186771,0.937951924956029,0.9169173470849449
2_77_77513,0.28824521247566526,0.2686491456107536,0.0008392886820674755,0.30878216480883425
2_77_77529,0.18999130564193345,0.1017958938751018,0.00010375058359703273,0.21236517719568568
2_77_77552,0.424339564344199,0.3619896892852167,0.013275140934715404,0.0
2_77_77563,0.8766590637558379,0.7200860580892102,0.950794452056441,0.8564511838254855
2_77_77691,0.8117474118787728,0.5591917931115185,0.6292212532175651,0.33397237763605775
2_77_77805,0.8407769007062734,0.8280321639268544,0.17890673255095738,0.03233845966810528
2_78_78096,0.32550001508341125,0.28618034712253687,0.0,0.0
2_78_78222,0.9132104245527083,0.8379197009731263,0.8631439054690434,0.6926234765875561
2_78_78261,0.8615288870449124,0.6944495328814801,0.3638407545514367,0.3116686390532544
2_78_78416,0.8709677419354839,0.719828304717453,0.2507283558725051,0.19530667991060344
2_78_78470,0.8913420987348053,0.8658051689860835,0.9064935064935065,0.8884353741496599
2_78_78523,0.849956634865568,0.662021612538749,0.43646648004386596,0.3662879651030307
2_78_78545,0.1402319564193071,0.0,0.9931071049840933,0.9805009245251303
2_78_78560,0.9134793557276571,0.7733973828060294,0.9566291172097477,0.888359016335101
2_78_78606,0.8636447336115886,0.700584556824361,0.10100336794835812,0.0776127049180328
2_78_78635,0.7491089709562447,0.6018112308849336,0.34838840052541176,0.29700409234808123
2_78_78641,0.7506910145452897,0.5865936758288033,0.7823353293413173,0.7166015802379438
2_78_78656,0.7813172507239831,0.41800076599004216,0.003534890044526019,0.0
2_78_78661,0.19538853121724808,0.19641212657015508,0.0,0.0
2_78_78701,0.2779588416053636,0.35065627685105627,0.005968513048509394,0.08222040982770924
2_78_78705,0.5439217788814267,0.25706010137581464,0.01800212705247594,0.013368474533214785
2_78_78706,0.8181853597724882,0.6819530910670334,0.9407265774378585,0.9011070110701107
2_78_78716,0.778618412500325,0.4217785961171948,0.9422417205436073,0.9042671100027708
2_78_78784,0.9331352154531947,0.8534332952683581,0.8216389425569012,0.7317171536117584
2_78_78817,0.15959781011013358,0.11480505439556726,0.21707901037509977,0.25413382326794287
2_78_78867,0.9337792642140468,0.8796248582912501,0.5444705882352942,0.45026133150544084
2_78_78986,0.7610419649741161,0.6023383301799835,0.6804006677796327,0.5781816400509454
2_78_78993,0.8648566988950276,0.546017832854768,0.069058430218053,0.05944850965314812
2_79_79121,0.7144483229625133,0.5665268366139615,0.31199916199654326,0.32257568772091594
2_79_79244,0.9000556792873051,0.8427947598253275,0.9533476001222868,0.9284112831743052
2_79_79248,0.6227967097532315,0.5526092568688917,0.0,0.0
2_79_79255,0.5788894626939398,0.39622335245103346,0.9631604459524964,0.788828445285399
2_79_79293,0.8320424339230282,0.6558939426337173,0.930089346100452,0.8572812746716428
2_79_79319,0.9258868628683853,0.7035636483209339,0.9491094147582697,0.7914520213044617
2_79_79323,0.9349638116145851,0.7960798700277764,0.9822992700729927,0.9445719531787927
2_79_79327,0.326714188730482,0.33489324363849077,0.00036733076201799923,0.4757266893167233
2_79_79407,0.7873022978215458,0.40787017834923267,0.8605145149870191,0.6551012980710906
2_79_79409,0.8993012170854736,0.8262534109884739,0.8825305752680055,0.8395857016546672
2_79_79424,0.8847974252177205,0.6531852812449344,0.9506949215240712,0.8693754197447952
2_79_79584,0.9388807785888078,0.8301008533747091,0.9825955872276277,0.9519403129693329
2_79_79609,0.8373282712911425,0.5421945104249142,0.19444763545854873,0.132309509746013
2_79_79621,0.8462532299741602,0.7411177354466579,0.9075084437516238,0.7977685579726396
2_79_79705,0.9283693224125094,0.8396830565505264,0.9682514527205494,0.9109258194364578
2_79_79799,0.9096488639716731,0.860728952772074,0.03372452927521279,0.04122911385856914
2_79_79889,0.8790763264586638,0.8533070702882024,0.5304666600614287,0.454770545738222
2_79_79959,0.8839025932953827,0.7928668500778945,0.5411293439685161,0.5170595628582815
2_80_80006,0.9838462988958495,0.8186618265819652,0.008047176037298022,0.0
2_80_80028,0.9656668655421164,0.9108675272229033,0.2042691467309093,0.21218049034950442
2_80_80209,0.2647253166559641,0.16602218521550144,0.02851116189136931,0.0
2_80_80262,0.24651787444964418,0.0272674326256155,0.2806761385971809,0.2931776275353411
2_80_80272,0.19009462108942118,0.055294305538303196,0.0009898190045248868,0.08169208368457354
2_80_80321,0.6990866751345793,0.47706708268330733,0.031914893617021274,0.011730854360336431
2_80_80333,0.5256227811315667,0.10556450848421652,0.33499246281179784,0.2635967485125283
2_80_80334,0.18976302584381557,0.0,0.12794019025856287,0.15771115533585842
2_80_80398,0.81064465132619,0.4953743265836894,0.37114200852309415,0.25614591593973035
2_80_80504,0.7215060774773872,0.5190499272903538,0.7575931334778792,0.649159736360813
2_80_80528,0.8801741284197095,0.5394751250136877,0.9461829652996846,0.7018821876271124
2_80_80552,0.9363046224894349,0.8018555334658715,0.955624164785033,0.8639173809189266
2_80_80562,0.8974573736165121,0.7684239020098802,0.9223307208017474,0.8262610650555009
2_80_80567,0.9112987012987013,0.8347874859778138,0.801970373520448,0.7074866310160428
2_80_80595,0.9378113910892864,0.8502202643171806,0.9728741237427614,0.9413793103448276
2_80_80715,0.9671331540320007,0.8452792093937623,0.9726718273516303,0.8617816705832088
2_80_80829,0.8424682194588307,0.5734816149116968,0.3481157941720334,0.2774730298043518
2_80_80834,0.9786448851055455,0.7918991025951977,0.15184345623041537,0.0
2_80_80887,0.957948948723718,0.8413690889722569,0.9830468810941522,0.9387384736119286
2_80_80949,0.9192372771052975,0.687949564187188,0.9504432094796308,0.7981700275384206
2_81_81003,0.7966224844775199,0.4244378376114903,0.9053952256019949,0.6251394209786141
2_81_81295,0.9413741598207618,0.8068745417690948,0.06829638627391436,0.03737169579518884
2_81_81304,0.8179465328409558,0.5349555490629826,0.9748988772539977,0.9229576329011848
2_81_81442,0.7802556556924775,0.4386520737327189,0.15593668889001985,0.03709319958007699
2_81_81531,0.8284726853816771,0.6191971548560402,0.4790195719773185,0.19705434230573896
2_81_81637,0.5585656822635542,0.2833519063917854,0.9758866980037849,0.9538323621694308
2_81_81639,0.6823747027217476,0.4647060669784376,0.15373693042468053,0.008832531700918234
2_81_81675,0.8848674969566439,0.7014694064975319,0.3820699862564753,0.24647562413492594
2_81_81676,0.8450127154563436,0.7376710306132493,0.3943474646716542,0.41903085524953404
2_81_81718,0.8584958217270195,0.7916832132523969,0.8384524279510462,0.8449357451732749
2_81_81784,0.8896604349484929,0.6599305582647369,0.9681577819065313,0.8882626921285515
2_81_81827,0.8514047567722929,0.8651242812514148,0.9212230510697598,0.9363197399244634
2_81_81838,0.7347737860470434,0.5928104575163399,0.9347160569416807,0.8725108720531014
2_81_81862,0.7092637822749477,0.49458753266144084,0.8803552142085683,0.7792475792369966
2_81_81973,0.6494148673149827,0.7696885101381135,0.8902158934313276,0.947035016716523
2_81_81988,0.7555190230155002,0.5565921787709497,0.024992310058443556,0.0
2_81_81996,0.9365201852002274,0.8656394885964501,0.17069076823757262,0.1375166889185581
2_82_82045,0.6738176922742867,0.6192217781464444,0.029027065097092263,0.005619081299854611
2_82_82074,0.8447956403269755,0.8372093023255814,0.9232758102339006,0.9268357708714199
2_82_82130,0.8277921619395081,0.5116069340993353,0.9591249078203462,0.8839583742391518
2_82_82198,0.7405578780452645,0.5227292110874201,0.2745859841678403,0.23494846803152544
2_82_82204,0.9508818373698709,0.844973872000899,0.5978493815091928,0.43924152051989673
2_82_82220,0.8430416447021613,0.7302132766050292,0.31350382036488383,0.2289044578089156
2_82_82287,0.9654705085145248,0.873292331138083,0.9871502779549804,0.9569063279655251
2_82_82301,0.5239255605557411,0.2622000491866634,0.10744513519586547,0.037052208237134135
2_82_82346,0.7329466357308585,0.5921364714468162,0.029559793010562132,0.053556441460344106
2_82_82348,0.9205332409972299,0.7956469165659008,0.9697572475780013,0.9060686534867709
2_82_82372,0.8925551375418493,0.7131660808790854,0.9754750502085586,0.8997618102421596
2_82_82411,0.8496818915582566,0.7684006211180124,0.8182819383259912,0.7340372875763076
2_82_82528,0.8804556887113478,0.8586594387034842,0.952420424403183,0.9088396093126113
2_82_82695,0.6336580533311318,0.43616627148784826,0.9639291465378422,0.8942008486562942
2_82_82757,0.7660753421825249,0.5365645494564729,0.9814284198238353,0.9583984375
2_82_82947,0.9150469469529334,0.7425068646788103,0.9347791471609185,0.8372794327397205
2_83_83048,0.8799458088720603,0.6861886620799454,0.9381787183573626,0.8472144587292715
2_83_83133,0.6644209175489253,0.3286965023776721,0.009808807538963392,0.2418999390444038
2_83_83230,0.7907904485097168,0.7259314390788494,0.1815279994448685,0.10309414088215932
2_83_83262,0.8069100710610144,0.7450523042126096,0.04434089884262739,0.08963700716108322
2_83_83356,0.8787018415552664,0.7008416596938525,0.9321202119343351,0.8356201093364777
2_83_83493,0.879058618435389,0.6380253085455397,0.9524652234751831,0.8577684463107379
2_83_83591,0.8536878216123499,0.625968422084927,0.7989195083267249,0.49651741293532337
2_83_83593,0.014007704237330531,0.11372033314546935,0.038716480867731246,0.1143197193685793
2_83_83604,0.6535960748334596,0.5464898239195061,0.8740571829503596,0.7534386889083992
2_83_83713,0.9204401874872631,0.8414483087184373,0.9557163780477298,0.8548498685484986
2_83_83714,0.9145596291613991,0.8162549886743609,0.24827705031013095,0.17019580489263117
2_83_83786,0.10761341557931393,0.03816046966731898,0.0,0.0
2_83_83792,0.946047678795483,0.7863695937090432,0.978540597768548,0.9203616013775291
2_83_83872,0.9652772157021449,0.8942714340638216,0.984401789821436,0.9022046353872244
2_83_83877,0.9391236083357123,0.779303330790745,0.9823741690408357,0.9087593705679746
2_84_84012,0.9283989050507219,0.8406245967221577,0.7696469248291572,0.6780990696504903
2_84_84202,0.8601439408675355,0.7113447218572054,0.9834462001504891,0.9313508920985557
2_84_84204,0.6688607356028972,0.3754986192083461,0.9858931963695209,0.9197306027077177
2_84_84233,0.9260187915024936,0.7930033550721906,0.43527907460822507,0.31757174553522716
2_84_84240,0.9206366304903993,0.8211526139233349,0.4852317045193852,0.35731136107217343
2_84_84305,0.7980039716889862,0.5515843379921049,0.98590830835937,0.9596385542168675
2_84_84342,0.8704887048870489,0.7926316657051018,0.9397103733622303,0.9088497922376447
2_84_84343,0.6874260419862384,0.40180553500073996,0.9890047031905428,0.9648665719248382
2_84_84392,0.18437444385121907,0.3765099963074326,9.132086499123319e-06,0.289228079294946
2_84_84466,0.9036540947009752,0.7949690556997404,0.38251612903225807,0.2286392405063291
2_84_84496,0.8150789947336844,0.768739949162214,0.9202927372524063,0.8860558671879427
2_84_84564,0.6170880187149427,0.5552773547404558,0.21462051171791013,0.17176683703176554
2_84_84574,0.8021758220314177,0.38925612739837745,0.0017751598652492285,0.0440960437667798
2_84_84979,0.32605385329619313,0.20557313214894135,0.0,0.03680715935334873
2_85_85029,0.8956859746383738,0.8523761936486787,0.5371628721541156,0.3609221253865617
2_85_85032,0.8364770190160905,0.863929327984856,0.01939160003676133,0.009377380045696878
2_85_85111,0.0,0.0,0.0,0.0
2_85_85210,0.15864740056606585,0.21879315690087653,0.0006029860919947042,0.2591157894736842
2_85_85288,0.6095492456189673,0.33998089994944103,0.9838814407394676,0.9515570934256056
2_85_85416,0.916341415336093,0.8313590625398039,0.9237867539113293,0.8102198598695337
2_85_85496,0.2328872211799041,0.0,0.0,0.0
2_85_85551,0.2980656092624841,0.28234735373564074,0.6883444691907944,0.6733226837060703
2_85_85617,0.8000808921245739,0.7345030243232809,0.7814086521272793,0.5924319859583914
2_85_85861,0.901012891344383,0.8367702125415326,0.9469613259668508,0.9604607907841843
2_85_85878,0.7582062940180084,0.359664713755952,0.9684578357863557,0.9112834071745034
2_85_85925,0.8439883992182082,0.5821957236842106,0.9744640023617107,0.9243968086129001
2_85_85947,0.9072352360671064,0.7998031040074125,0.2011173184357542,0.14693349930578828
2_85_85964,0.9337391063770922,0.7895936703768272,0.9821859725575643,0.9387537993920972
2_86_86008,0.9500959692898272,0.8206745142002989,0.9797946339847632,0.8942184762536105
2_86_86011,0.8990825688073395,0.8317951603826674,0.3593799181617878,0.29509861563953177
2_86_86020,0.9303538668965364,0.7279572391354868,0.9652044854881267,0.8586507125832968
2_86_86173,0.884247089748404,0.8014724549378015,0.29517051472145733,0.24789759618962567
2_86_86179,0.857601576905958,0.60251583469903,0.9605981226806374,0.8919934136050222
2_86_86180,0.856877834272365,0.6179054054054054,0.9636220161767607,0.8928740717332913
2_86_86185,0.713280801859735,0.396275271387312,0.5117233790418148,0.47436861902203115
2_86_86190,0.8809394882902396,0.8459210985686023,0.2817624521072797,0.2827105349166576
2_86_86206,0.9267385194022607,0.7886448404475757,0.0799375387708828,0.0
2_86_86299,0.7485974222896133,0.8253743574461745,0.9461077844311377,0.9622706225347282
2_86_86300,0.7688537707541508,0.6736495071946152,0.9172143579373104,0.9141965678627145
2_86_86311,0.7439468537128212,0.6492346515257164,0.8260696076258036,0.7624973181720661
2_86_86324,0.9280781897375969,0.8442397999634079,0.6719132369299221,0.5119722073757349
2_86_86425,0.9004242281404666,0.8096563981042654,0.952780487804878,0.8671419313026572
2_86_86449,0.9108249366883991,0.7476956443159226,0.9519167359577946,0.8605981992980314
2_86_86516,0.607893175074184,0.21956779713946661,0.6008041892650084,0.4791053227633069
2_86_86534,0.799071799071799,0.5853645940921297,0.9418331374853114,0.8504647896743128
2_86_86575,0.20490712167967567,0.20373337831379495,0.643231441048035,0.7019378652722239
2_86_86600,0.8912601166523488,0.876743175443448,0.22401460964845532,0.12338084138932406
2_86_86610,0.8862419510814444,0.823406682059699,0.5078527086538972,0.24126742283166863
2_86_86682,0.8235716565592084,0.8357936860827034,0.8418716478638801,0.8772492343032159
2_86_86808,0.28226919856053234,0.17406170966110268,0.0035086236050050727,0.2626912997055683
2_86_86828,0.04328978970183352,0.1564282249836932,0.0,0.5162747149859558
2_86_86832,0.41232664017474147,0.3850872256612268,0.0,0.06372344856309871
2_86_86904,0.9095115326182036,0.7302949590608662,0.02650377363253149,0.0
2_86_86945,0.8162459162459162,0.667420814479638,0.8767638455851628,0.7109430877694901
2_86_86999,0.9309152765583846,0.8279937992507428,0.991,0.9766873734906121
2_87_87077,0.8502818871603578,0.6647793830534947,0.9285514018691589,0.8348135964912281
2_87_87675,0.8739081919273539,0.7404832410626153,0.9333872822522254,0.7804215144001526
2_87_87881,0.9506800179345389,0.8299603308007799,0.9820379156172514,0.9370009186629921
2_87_87900,0.6122376071745343,0.5187659357470679,0.0003017382748442112,0.15046314727818033
2_87_87983,0.8355497139322715,0.7187560738581147,0.9511233919188259,0.9174598340059392
2_88_88065,0.7672377025874325,0.6238575667655787,0.7932181845371616,0.6502511402343976
2_88_88159,0.9492433699722924,0.8442820089601509,0.04712391490985405,0.02281021897810219
2_88_88163,0.9050700724296061,0.7239350691796492,0.9639974018743621,0.8481457229597
2_88_88168,0.3028533930713009,0.07801075593691462,0.9709757636491854,0.897315995131638
2_88_88198,0.8544788212709731,0.6227778580719757,0.8872711912137426,0.6436293588080355
2_88_88294,0.8539443597560976,0.6239364950132302,0.9581350743240751,0.8896834477498093
2_88_88308,0.8966064649718164,0.6445038948776458,0.9834367468334957,0.940049185652638
2_88_88416,0.693462783171521,0.8501818438614456,0.2638488632724944,0.31528349295364333
2_88_88528,0.8767619569519286,0.7428308070462925,0.4017952333459435,0.28310877986903904
2_88_88618,0.9537265097609925,0.7584664885204777,0.9726987596825548,0.7873791102514507
2_88_88645,0.8582548949521427,0.6301101461554756,0.951609232029863,0.8813310496696843
2_88_88911,0.7616301798279906,0.5143054383677227,0.9894917844860527,0.9783697176046465
2_89_89063,0.5174509612092159,0.22490486438721263,0.9595589927726373,0.865720831156304
2_89_89079,0.957189106836793,0.8498331479421579,0.22463105135446915,0.285492127259768
2_89_89090,0.8863419024582325,0.7120652807460657,0.940810802772077,0.8146210535893004
2_89_89100,0.5924213196628174,0.42071015424164526,0.0,0.010743936187530523
2_89_89169,0.8569512260556956,0.7547489823609227,0.5289467131474104,0.5201132591290764
2_89_89210,0.9214585043418153,0.8488618867296409,0.9087519806132911,0.8320505312473856
2_89_89214,0.32368516880819853,0.0,0.956605345811166,0.8494773131672598
2_89_89218,0.8993230297611444,0.849815216006117,0.09826784012556758,0.0056868407095291415
2_89_89250,0.9402828706128863,0.7892085716725007,0.9719631901840491,0.8126601941747573
2_89_89272,0.5810321111094676,0.3240992044922789,0.9874383359609419,0.9337704483740645
2_89_89273,0.8325106698830952,0.6328142837572492,0.9751040981810213,0.93684933074019
2_89_89281,0.8199485567304944,0.4877126654064272,0.9844546086150996,0.946631890454933
2_89_89283,0.9498576204036152,0.8618774842179098,0.9833246708246708,0.9383616692426584
2_89_89299,0.8426582969432315,0.6315534568349679,0.18421619293712316,0.04703335175971992
2_89_89301,0.9177503250975293,0.788704390348756,0.009993367234136635,0.0
2_89_89348,0.8643760292516817,0.694951907559228,0.3213092637800334,0.23175675675675675
2_89_89429,0.888846665399962,0.8355426677713339,0.5323441502988898,0.45798694606664375
2_89_89433,0.8122721749696233,0.8501732238621802,0.23167657122276247,0.19680955177138384
2_89_89460,0.9066671948659034,0.6353971548625525,0.5283247500757347,0.5942819813242132
2_89_89464,0.8784351334369522,0.7526412819967383,0.9120814496269343,0.8265931372549019
2_89_89493,0.94359135067377,0.8171416327405185,0.9552557986510939,0.7775034172582566
2_89_89660,0.5767731878409976,0.24282771441491233,0.025119236883942766,0.0
2_89_89673,0.9131725508476656,0.7134126197555335,0.009051110573953214,0.0
2_89_89688,0.21732638635105928,0.07905749636098981,0.0012014707159607424,0.20266636791395923
2_89_89851,0.9295901787326232,0.8661479279594335,0.9507308101829446,0.9031662269129288
2_89_89895,0.8510988129611806,0.7828282828282829,0.27994350282485875,0.19347697756788665
2_89_89905,0.20225569601090002,0.3017495534657514,0.0,0.0
2_89_89940,0.0,0.0,6.685981724983285e-05,0.04683704091840137
2_89_89952,0.8646933470716344,0.6214129591764789,0.982739059967585,0.9361629716063788
2_89_89954,0.8651969033995288,0.6420368450434644,0.9869077106185865,0.9550120935232465
2_89_89955,0.9108448481334751,0.6929242807385848,0.9836864406779661,0.9151153683956865
2_89_89991,0.8577885569396979,0.8351851851851851,0.26981486221312173,0.20843869002284843
2_89_89997,0.8880837359098228,0.8296129086196806,0.9483080857761165,0.930489312842254
2_90_90039,0.8032293713163065,0.7421558466032224,0.9235415439010017,0.8823498639882821
2_90_90079,0.331451252236136,0.2264497262319562,0.8945623342175066,0.8775853537852548
2_90_90119,0.6500526216369377,0.14424799904431967,0.9878644162365742,0.9189763075547608
2_90_90135,0.7772168568920106,0.6782470573860628,0.28188390538358954,0.21462710345514288
2_90_90287,0.8926382529059528,0.7359378372544787,0.9439714155389995,0.8536456836255629
2_90_90306,0.8671607225567393,0.6994593389443174,0.022753916657785356,0.0
2_90_90342,0.7570713442676326,0.5614048719841486,0.8747228381374723,0.8102086191399782
2_90_90354,0.870166379804934,0.7825772200772201,0.9579805383546064,0.9522140809174896
2_90_90390,0.8781888765647282,0.8490559937928359,0.9262404621287236,0.9239592906497839
2_90_90392,0.9430850185233253,0.7563182369591589,0.033002226837140644,0.0
2_90_90393,0.11854143479655166,0.02692797960484385,0.1362340849317179,0.03275082186024668
2_90_90407,0.8237322893363161,0.8152912944940675,0.9427671589921807,0.9400864278913059
2_90_90434,0.9208695897045985,0.694150992012368,0.01715067660027368,0.0
2_90_90503,0.8345409598499701,0.6448945531785768,0.948220064724919,0.894247833803111
2_90_90567,0.8945150911597978,0.878956372968349,0.45443796976606704,0.32802616060898465
2_90_90626,0.899272626829942,0.7447175152833053,0.08926859900188386,0.059057504356390636
2_90_90635,0.20358237255997427,0.1285700617136296,0.001470255598280932,0.0968363136176066
2_90_90658,0.8521117436780088,0.7515030799306555,0.18751294263822738,0.1518624641833811
2_90_90674,0.9432909218640231,0.8131382113821138,0.009816389794134012,0.0
2_90_90726,0.8542191753200927,0.8066223607598659,0.6069915254237288,0.6055555555555555
2_90_90771,0.6995870441315488,0.45901289386047306,0.09896773948253902,0.23098293425056224
2_90_90800,0.7836620790258134,0.5824536944831706,0.034516129032258064,0.025702331141661684
2_90_90859,0.37451005183967634,0.11771486842980336,0.03538149898717083,0.01631116687578419
2_90_90887,0.199536126942822,0.0,0.9610782657657657,0.9223754789272031
2_91_91016,0.4143689755660166,0.07445108599159614,0.9922244890103545,0.9696360794820272
2_91_91042,0.9082197614991482,0.8377404431458485,0.945942837425959,0.8930025008581376
2_91_91073,0.8568392216134517,0.7838488748400693,0.4975866370193611,0.45976008724100326
2_91_91116,0.8552332391648867,0.6104790132899894,0.974016770993268,0.8771980901362525
2_91_91198,0.2528807658833768,0.13937616539039446,0.001435381143765105,0.5374995167588047
2_91_91391,0.9258308818927208,0.7958586540625703,0.40780284716626375,0.27594415492504665
2_91_91457,0.9467000926481007,0.8714744994885284,0.9818546078992558,0.9634891536816377
2_91_91491,0.8094028995003686,0.7466423478693417,0.4872658804875632,0.4481284085275161
2_91_91603,0.3946979729041459,0.15686029043565347,0.5191176470588236,0.30824564079101213
2_91_91635,0.10890318076236255,0.08963700234192037,0.000308870768470472,0.11969315319441264
2_91_91646,0.6973522621211377,0.3225473048179361,0.12548384826518405,0.17966331269349844
2_91_91670,0.6782155982033483,0.2842301312458167,0.0555588996568952,0.0
2_91_91717,0.83911249149081,0.49277671553006164,0.9722574106916646,0.8982973478796732
2_91_91732,0.8593723301247366,0.71225913228514,0.9594382756368387,0.9151045911437109
2_91_91853,0.8902654867256637,0.6818613960470353,0.04877710481298257,0.005449720405648754
2_91_91953,0.021148431873240357,0.01645376284365454,0.0,0.0838955386289445
2_92_92067,0.6311689617046939,0.48434367676539514,0.30178315554847956,0.2830119663479124
2_92_92133,0.9605323718932188,0.8190573201222335,0.9796887470071828,0.9508897924697681
2_92_92143,0.8306413426632293,0.5802622169249106,0.9021331530091596,0.7891514101929737
2_92_92154,0.8462182236635631,0.8265685148916053,0.9401689347724074,0.9295550079721698
2_92_92179,0.9208589442583164,0.7917671702424781,0.9208397480755773,0.8357728609005106
2_92_92216,0.14055764945963392,0.18558781707261135,0.0008429334082607474,0.25427524429967424
2_92_92253,0.37006050129645635,0.42905921466439034,0.009579719813208806,0.5596646942800789
2_92_92269,0.9475814511293225,0.8675121951219512,0.6436564223798267,0.47523497729432884
2_92_92287,0.47417116422513494,0.26971523161679123,0.963277083151176,0.9140909353515512
2_92_92300,0.9139495493315589,0.6717408769926847,0.9667029308014374,0.8683198380566801
2_92_92306,0.17350875839185123,0.21947166491532466,0.0,0.018795046390315772
2_92_92312,0.5050640264693254,0.19995069793239453,0.207485193848604,0.32130575101846465
2_92_92517,0.9529643842372124,0.7991232342912811,0.5184275184275184,0.38183104724580885
2_92_92558,0.9441746450210443,0.7854505494505495,0.11822611847099444,0.008081517919887562
2_92_92577,0.6031031843588376,0.33110797278212867,0.1828490159901599,0.08584746860028486
2_92_92678,0.4669816756943644,0.3414085593111425,0.9711794623395495,0.9370448092828046
2_92_92683,0.8704299744161096,0.8160143412010756,0.9265971078162182,0.9060619783916672
2_92_92684,0.47868826041414875,0.31828028661889685,0.8840628413005125,0.7809537805863767
2_92_92712,0.6573331127471255,0.6043443974478457,0.0,0.07038301099734547
2_92_92797,0.815445321307779,0.7228825805248683,0.9374243035930561,0.8941366325981711
2_92_92836,0.8112975168097997,0.6679832140212293,0.17338858573011118,0.06075875201406181
2_92_92852,0.89364340046242,0.7563420932705454,0.046642000224240386,0.014382530120481928
2_92_92860,0.3432208860068124,0.02051376339567136,2.219780463712139e-05,0.4761150479366403
2_92_92935,0.9511323482171539,0.7566160946629351,0.7212807217233674,0.7018560474032765
2_92_92937,0.8850248893805309,0.8446471003789096,0.24759704940019372,0.2421496962833316
2_92_92976,0.9661071659134925,0.8591319804473412,0.9862503212541763,0.9232216403111811
2_93_93105,0.746326071922545,0.7133595818342271,0.22598677814505153,0.17105783401028
2_93_93142,0.9032042723631508,0.8101031166724597,0.9684523324920622,0.9345664447627876
2_93_93275,0.7734252993232691,0.5454823621978406,0.006873428331936295,0.006601994071678793
2_93_93311,0.20233286586441163,0.0,0.0,0.0
2_93_93335,0.7426080115387137,0.564090655768159,0.17659531256346725,0.1718290942667674
2_93_93337,0.9258523095536447,0.7834564611844496,0.9824195194359403,0.9394648829431438
2_93_93365,0.8356844413188268,0.8012370143517684,0.9522393785364918,0.9153737194057384
2_93_93375,0.5754669048022294,0.3641631114197837,0.9856975130750347,0.9517893487109905
2_93_93399,0.7740574742947535,0.6990645822655048,0.087770880975716,0.07026029402405651
2_93_93506,0.7733852535342419,0.8361264474519959,0.8983354928735174,0.9379836854214599
2_93_93515,0.9435244999858953,0.7937453855078578,0.01647382425927587,0.0
2_93_93571,0.6343925296429411,0.21646966278179147,0.0245413390517036,0.004628347640333874
2_93_93663,0.5619141769185706,0.4029424908047162,0.08691792429989509,0.0872570449577598
2_93_93686,0.8777499727994778,0.7383224390476645,0.5591146920828318,0.35972143612963553
2_93_93781,0.3035898898434993,0.021301370926423327,0.9519868842220314,0.8211370672670982
2_93_93790,0.9280298397945457,0.846967817266292,0.6051352771210927,0.36306374401612496
2_93_93798,0.19526824391869377,0.05540217191238726,0.00011099395082967979,0.047174953067280326
2_93_93890,0.9662047342093296,0.8215088938867308,0.04636117282292913,0.05028576696165192
2_93_93933,0.9164457990988604,0.8467861997540294,0.9731236597569692,0.9570534898432558
2_93_93961,0.9338636784853799,0.5345670960378281,0.05874450415241817,0.0
2_93_93978,0.8552651829962754,0.5604197067611701,0.977084703520371,0.8740423838424037
2_93_93981,0.8867654706188247,0.8302940866448825,0.09785955138542736,0.029026356129159867
2_93_93988,0.8690131295074893,0.7908713692946058,0.09433962264150944,0.012565809079169564
2_94_94015,0.920804294908133,0.7738263147289945,0.06645179981168972,0.0
2_94_94088,0.14846848078763844,0.3596217105263158,0.0,0.0
2_94_94130,0.935048115086273,0.7886331122382625,0.4895555555555556,0.4896949947117171
3_100_100061,0.9519009577983186,0.8151901901901902,0.34804968402702113,0.22625017910875483
3_100_100070,0.9149912216118253,0.7802542892156863,0.972751875999508,0.9347862183478621
3_100_100074,0.7113870381586918,0.7102756039469207,0.8923448183402601,0.883356070941337
3_100_100139,0.8337621799468511,0.5786068903264631,0.9763946333097953,0.9298392732354996
3_100_100159,0.9281093616501892,0.7204269049391908,0.4011727275117667,0.24326163384115224
3_100_100170,0.9297819218277028,0.8055670037726278,0.4026235408329979,0.27408825833405864
3_100_100376,0.41108840061318347,0.5478394384733494,0.0,0.2902941996952855
3_100_100391,0.8251990308065075,0.6047673711931933,0.5844845908607864,0.5613680397607616
3_100_100396,0.9359850839030454,0.8223408799658266,0.9478978978978979,0.854376588101288
3_100_100461,0.7370910090734122,0.44402096236303,0.6367433680199326,0.401170993227991
3_100_100465,0.9182097132578563,0.792837316363144,0.9540761024587826,0.8675336125192858
3_100_100486,0.9026190354159193,0.7605894402960418,0.9642677964212052,0.8470638540478905
3_100_100517,0.9195964153662969,0.7888701517706577,0.9572174611676486,0.8898566503356923
3_100_100631,0.8572681660292621,0.6430215242994449,0.9119867576405991,0.8035642771325591
3_100_100633,0.9317264162486235,0.7970823077384883,0.7109680786292076,0.5006193669642476
3_100_100791,0.6596984924623116,0.3867457392906495,0.8518229166666667,0.7461419123050543
3_100_100991,0.9196278333168366,0.893431138218083,0.967779421085992,0.9524011539114203
3_101_101034,0.8477189870923244,0.540220037875372,0.9680055044293455,0.8490218763146824
3_101_101035,0.834705734826952,0.5285853941127485,0.9716368128474366,0.9110520487264673
3_101_101060,0.8995011264885742,0.7880060773974439,0.9734239802224969,0.8960999078718395
3_101_101115,0.9237829752515637,0.7313097794261175,0.9730819529206626,0.9138506820626026
3_101_101314,0.17236625435606787,0.10472488194317618,0.4165574077542611,0.29383740587060087
3_101_101372,0.6299627853290612,0.3951443643995689,0.9765158928064139,0.9322963923093541
3_101_101389,0.3237168102299973,0.102863575599803,0.056692202652348,0.41204349570967186
3_101_101394,0.20727634271593498,0.07481409830119098,0.001802662532560592,0.5679628968961826
3_101_101403,0.8854476028850233,0.7756006045130023,0.9521606977666182,0.9369567671294728
3_101_101415,0.9104702022963368,0.8383696884797546,0.975696239934993,0.9621104815864022
3_101_101434,0.618867741779263,0.4379936297485563,0.2764834155859061,0.0871236172843632
3_101_101449,0.5284404771435434,0.2462128817794436,0.973013719282376,0.9138480810841589
3_101_101455,0.01722448979591837,0.7671118530884808,0.0,0.0
3_101_101466,0.9515707021672234,0.7091366303436715,0.9867746335399438,0.9205694837256124
3_101_101469,0.13138868927070405,0.2898205720376621,0.0007782661958636593,0.02429251189581768
3_101_101470,0.5127711686494052,0.3724362825023599,0.3397109981268397,0.20499835309617917
3_101_101513,0.6585955144702978,0.17786657967705105,0.03568420109328793,0.0
3_101_101693,0.12392002699015739,0.0,0.0,0.000961452464001431
3_101_101770,0.5557448685054522,0.3879386873409481,0.017740597843724084,0.0
3_101_101797,0.4572235673930589,0.6353188024552173,0.005477855477855478,0.1162710252086306
3_101_101875,0.903954802259887,0.655498482372169,0.13796341265986725,0.0
3_101_101902,0.9175114039533705,0.683991374823407,0.04376276989342316,0.0
3_102_102105,0.5072618351841028,0.3885320528810177,0.9895203546956872,0.9572013612505047
3_102_102136,0.7389911293525752,0.3340174966352624,0.9640833778727953,0.8905117328035225
3_102_102292,0.8697222643800273,0.6208711508972605,0.60701946430404,0.422493767624341
3_102_102440,0.9104293821608309,0.7922327566546118,0.5570745642161721,0.39415055138245164
3_102_102445,0.7585034013605442,0.8116969428444838,0.9338563023711891,0.9645662847790507
3_102_102510,0.8295475702848631,0.7314481185860889,0.9439859139429955,0.9509646302250804
3_102_102736,0.9505070447814772,0.6651049009038892,0.006018977481943068,0.0
3_102_102751,0.5929059067972692,0.7325815399677285,0.4179345413454942,0.24953088914549654
3_102_102768,0.7951451773091079,0.5418420279925614,0.9547511312217195,0.8892248722316866
3_102_102820,0.543501326259947,0.43775722441031995,0.9480923221855865,0.9322839919624917
3_102_102824,0.8572783718523629,0.6732663514578409,0.9127870131136353,0.8091554180227285
3_102_102831,0.9389647895146063,0.8917391545237964,0.9561056300584865,0.9097817392298023
3_102_102948,0.8729134446162872,0.8200683043531023,0.9346151567221662,0.9413210917542209
3_102_102983,0.7579171617026507,0.8444623069414939,0.5516462233699161,0.2854945537872367
3_103_103048,0.8900115277683597,0.6880663361258335,0.3208267975509791,0.2672325778127826
3_103_103161,0.915018315018315,0.8427192982456141,0.9596607160469475,0.92577224527432
3_103_103198,0.9095562380380113,0.8042316847394869,0.9649533827396606,0.8973952929612843
3_103_103222,0.6978849389763361,0.43727128869548015,0.8600103403181169,0.6491683600511778
3_103_103262,0.20717001790285114,0.15747336316391436,0.003161240443260888,0.22247740405986072
3_103_103279,0.8143883251624672,0.6630006415543946,0.8944573944573945,0.7907915580765497
3_103_103291,0.9318582732725165,0.8480354505169867,0.03394961617472159,0.011217948717948718
3_103_103299,0.9584474404887298,0.854593572778828,0.9784981624705172,0.9361512971793421
3_103_103319,0.9164782149856777,0.8614888546193747,0.9194834183673469,0.880653632915086
3_103_103439,0.8450272479564033,0.8044069385841538,0.7009636542985052,0.6676637062261286
3_103_103474,0.9081793921807394,0.6742812671671855,0.9391977556580615,0.7591911764705882
3_103_103561,0.7854915916105057,0.6538812061655506,0.8495315052007221,0.7338898503512166
3_103_103660,0.012958403524685759,0.0,0.0005364704079091066,0.13046974054488666
3_103_103713,0.24638681162933815,0.41151762581455603,0.0,0.0
3_103_103778,0.8696400486661325,0.7121895402840412,0.966871746332229,0.9257280160665615
3_103_103795,0.2759368712273642,0.033709503928825366,0.7719421101774043,0.5159817351598174
3_103_103946,0.35157954899719424,0.32008252695202394,0.9736209283684325,0.9072706183993651
3_103_103951,0.8664959765910754,0.8102120294244916,0.932300163132137,0.9183635169372244
3_103_103967,0.35269358999502165,0.17920184190330007,0.219185698400479,0.18142071364768933
3_103_103969,0.6124579355813474,0.37241582988777316,0.9286329850263924,0.8770340148963424
3_103_103970,0.9606776499844576,0.9126562627665659,0.9294967512813269,0.7620094722598105
3_104_104060,0.8284324986599281,0.600489396411093,0.11992628426629809,0.0
3_104_104066,0.552900118657081,0.5765177249368522,0.02768640350877193,0.03902800714502376
3_104_104094,0.8785026459616553,0.8214446782922429,0.942759811918242,0.9167598657932577
3_104_104344,0.8385912008041444,0.6984982529179986,0.9324457153069431,0.8469387755102041
3_104_104351,0.353939654079154,0.34417708636231464,0.0,0.0
3_104_104400,0.8562274589446409,0.5184712073987021,0.9806540952225797,0.9260384235705065
3_104_104428,0.9018150857231317,0.8015873015873016,0.31685651139068344,0.15835497174278296
3_104_104455,0.9656175162504277,0.9125147960830733,0.45864661654135336,0.30340017436791633
3_104_104464,0.9374222958972234,0.8160354156419085,0.4305184185249604,0.2396212195681379
3_104_104507,0.9554980595084088,0.7602626562169031,0.6668865546929179,0.4816138097149739
3_104_104547,0.8571235347159604,0.6963110495323865,0.9671300167224081,0.9176529421570262
3_104_104577,0.7266803840877915,0.48736383442265796,0.9678039215686275,0.9059450308703445
3_104_104580,0.10972478621596961,0.0,0.0,0.0
3_104_104584,0.20727443609022556,0.0,0.00028489126649995254,0.1321747427247325
3_104_104639,0.816243691947634,0.671280276816609,0.07690251292104794,0.08125780181893835
3_104_104650,0.8811081663077688,0.780840905590636,0.19336010459469555,0.1780372951591637
3_104_104668,0.8622859140160783,0.8421005811884711,0.9270693335441537,0.9161324619281404
3_104_104715,0.9557508043701163,0.83370915208132,0.94162831796469,0.5508768864524866
3_104_104800,0.6093574190380721,0.30889114468262974,0.3033804874809059,0.31655390166892194
3_104_104837,0.9404532304725168,0.93491183375793,0.9154965318896972,0.9216124282885718
3_104_104845,0.23999830838196734,0.05393968103584399,0.012919732724350841,0.0
3_104_104849,0.8387444429475953,0.7951252279051915,0.9347975291695264,0.9188074352548037
3_104_104873,0.45646077023052195,0.3566846145033795,0.8493537364433219,0.7279506299820006
3_104_104957,0.8976476925839468,0.8541154019986943,0.9551844762721933,0.9639649159885871
3_104_104961,0.8932443703085905,0.8409494737801266,0.9176256123960351,0.9013768961493582
3_105_105166,0.8040412024800534,0.4885195785091713,0.1548504024083062,0.0
3_105_105268,0.2220910700503927,0.003730106100795756,0.00011700353935706555,0.22836245428687527
3_105_105297,0.6712754642886362,0.6355927848296418,0.03460332770677598,0.09347033476963872
3_105_105346,0.557804535716924,0.5608536739066504,0.13636961958667895,0.11612864586452656
3_105_105395,0.19790629457197448,0.07463536301035623,0.0,0.0
3_105_105409,0.9298423995932893,0.8559630401897053,0.39175629827474195,0.2726696495152871
3_105_105413,0.8665801908644492,0.7738945821255052,0.21216897856242117,0.1981551502056758
3_105_105455,0.7228475813811986,0.7553741215378256,0.9210422424003158,0.971424774056353
3_105_105499,0.853212384736487,0.6812522490104355,0.9328652166466861,0.873178947368421
3_105_105656,0.9012515788265013,0.772100901890766,0.9456553327521069,0.8929175731206188
3_105_105695,0.7748860683213439,0.6070369421154761,0.9735588606979683,0.895328022912378
3_105_105736,0.9264104271715345,0.8207114982184266,0.9606647354779692,0.9030187782267649
3_105_105778,0.3220989206294161,0.39473800967212386,0.00045497383900425725,0.15663302090843548
3_105_105937,0.34248770715716625,0.3018616542436354,0.9772533755017637,0.9133840476011147
3_106_106116,0.7957811328836064,0.6234196980465637,0.08441540984487997,0.055087777227450334
3_106_106139,0.9230821684282304,0.7034994419276476,0.6796595807390488,0.3955854951985094
3_106_106188,0.08787864956562752,0.3353665298879894,0.004463612762750188,0.5081586049408345
3_106_106205,0.8468573328899235,0.8351103628881407,0.328899416909621,0.3780973666310368
3_106_106215,0.9470187982931612,0.8017843464155364,0.4018553504820036,0.17103809613988574
3_106_106219,0.8820985724705637,0.7930608365019012,0.3721875368123454,0.34240939349112426
3_106_106258,0.8927518796992481,0.879001987193641,0.9215544924306966,0.8966557260711434
3_106_106263,0.9200364411868232,0.8673025579192145,0.9243738819320214,0.8136637458926615
3_106_106276,0.7285929987682283,0.4119473236192479,0.7474690428380187,0.47031879809454014
3_106_106307,0.7057777777777777,0.6849428676741615,0.8718861209964412,0.934944715865261
3_106_106331,0.8989135746776437,0.7255556835195209,0.22016079158936303,0.03252585737615678
3_106_106354,0.5132214826297073,0.28181259745782733,0.9438467704509977,0.8333333333333334
3_106_106394,0.8471129867638596,0.7318785183125999,0.13334072267789848,0.10205607476635514
3_106_106509,0.9409034946491145,0.9087597150259067,0.9545589252197965,0.9319637361723364
3_106_106740,0.6120733325292486,0.4198461346009507,0.9543695014662756,0.6947104627226349
3_106_106954,0.9639360229661147,0.832852193995381,0.9820180084745763,0.9192913385826772
3_107_107016,0.9321101269220445,0.7508565834557024,0.2426338189556392,0.1105451505890343
3_107_107056,0.5956755093011177,0.3423586262864731,0.004779589859518812,0.0
3_107_107058,0.8229597813354158,0.6248987564914955,0.36800732415709053,0.35674190382728166
3_107_107068,0.9248886644323033,0.6930192224309871,0.9548147791319428,0.7777455389525606
3_107_107069,0.9521255029161338,0.8369274903551291,0.9647514063668585,0.8648374499163158
3_107_107071,0.8926735431660642,0.7612430111012074,0.46589863447311275,0.3750372689326178
3_107_107090,0.9784863618901268,0.9013371150729336,0.9601376285811064,0.798820872095249
3_107_107210,0.9324146086323737,0.7883094785306776,0.2152789492709965,0.15365147211833188
3_107_107211,0.9378207658902488,0.8394832768433843,0.7116307233685779,0.6140176050489952
3_107_107270,0.8880866425992779,0.7224304281955187,0.7209708616709303,0.5006316454363617
3_107_107390,0.8182845154522714,0.853880651656599,0.9341201509141918,0.9497071994488461
3_107_107466,0.44191314754658917,0.3252153805989632,0.4689774644034829,0.44752367644775654
3_107_107486,0.7936691498803217,0.6336004996356823,0.2509854582795058,0.27310688688064816
3_107_107505,0.7903056979521726,0.479164888926814,0.8568960361497824,0.6509889709233434
3_107_107615,0.9252333333333334,0.8252902155887231,0.331294964028777,0.2616757112317053
3_107_107623,0.812059186189889,0.6318827255082236,0.9196905091350634,0.8278732366116199
3_107_107692,0.939309970116816,0.8053622867272324,0.040993788819875775,0.0
3_107_107694,0.8785239928680327,0.36916278514272066,0.9391341376863024,0.5766794245743698
3_107_107745,0.7700190308885961,0.6718720171051125,0.9094944512946979,0.8686306858354937
3_107_107883,0.7762793410118093,0.6253609097872842,0.9612092515024586,0.9352626963246432
3_107_107888,0.5771708521390271,0.4587086092715232,0.28610810278625576,0.2693172239393088
3_107_107891,0.8968506889118005,0.7039672601777479,0.06281479161773533,0.061600972803037043
3_107_107892,0.5449701214174247,0.422371831342057,0.16601507958670764,0.1458313206453483
3_107_107913,0.8863113424616197,0.7682535913569987,0.34811473316878033,0.21042676439295424
3_107_107934,0.9349724141625154,0.7342184368737475,0.9776644540041595,0.9044186591654946
3_107_107985,0.6168680822227242,0.1728535456096174,0.001990163559418964,0.0
3_108_108132,0.751810595198706,0.5617029958853335,0.9468617635733538,0.8982996599319863
3_108_108164,0.9411618298571357,0.7463321063818756,0.11000580505567577,8.721817626793424e-05
3_108_108198,0.7620004099200656,0.5486256819135543,0.04545210912794125,0.034415658743179825
3_108_108227,0.895203585391437,0.7591713221601489,0.925138393088106,0.8649226384364821
3_108_108284,0.07056739256541712,0.16629461912962137,0.0,0.0
3_108_108347,0.6270966200170268,0.5093808323237615,0.01959061056870296,0.09650576495892246
3_108_108360,0.15436757813623164,0.0,0.0,0.0
3_108_108436,0.28360965035526475,0.11020912201145819,0.00010970834458547124,0.4706243100699129
3_108_108450,0.9755918324497401,0.8986699729486023,0.9780281841652324,0.9048894460907226
3_108_108487,0.8817919612951247,0.8053107015371166,0.5555439275809743,0.4897257742626949
3_108_108559,0.8537063241536954,0.5991548742138365,0.976260938743039,0.8863846723435764
3_108_108588,0.8485068111812087,0.5837174447869242,0.7760148361838038,0.4474975179583017
3_108_108638,0.8793736965804893,0.6751602133619863,0.9521096339328939,0.915225764156355
3_108_108679,0.9348941469489415,0.8104938958773981,0.9533063711329377,0.8689594625543935
3_108_108707,0.8468664511315593,0.719278350515464,0.9415969690471084,0.9089218178436357
3_108_108793,0.7572766547885592,0.41012173913043476,0.9690009570174344,0.9098442714126808
3_108_108853,0.026085378578233454,0.08849987222080245,0.0009625400508959534,0.23907350832346155
3_108_108866,0.5366305739278856,0.1951908251476881,0.04434341928752422,0.0766376934492262
3_108_108926,0.19942110731779725,0.16118977647163593,0.9445264452644526,0.9007444168734491
3_109_109071,0.9196819415969413,0.7560093684513293,0.05451295799821269,0.07969016140806229
3_109_109104,0.9376064494152379,0.8121965573046932,0.971656279961649,0.8686383425912025
3_109_109147,0.35133246616428193,0.03154996066089693,0.9853184939616386,0.9297037832375419
3_109_109164,0.8996882654197284,0.7437211093990755,0.9375492633238344,0.8374558303886925
3_109_109182,0.7998241576375061,0.3849814565624077,0.8765933140933141,0.672747757507475
3_109_109191,0.9193880872301182,0.7547296166080697,0.954544126668809,0.8588240558439234
3_109_109233,0.8771725032425421,0.7106598984771574,0.005081495685522531,0.0
3_109_109239,0.9183021991014424,0.6583854779753423,0.9614913465464711,0.8486403283735249
3_109_109241,0.3348963323887382,0.24823452409659305,0.0007604902925650891,0.14769778305034478
3_109_109254,0.5357442587930114,0.24215799614643546,0.6819393769295538,0.49372706829210555
3_109_109297,0.24954356988073098,0.1854892179458845,0.3687716087044946,0.20246741378481073
3_109_109356,0.9247489239598279,0.7371791140345771,0.9683263161960678,0.8847521298718722
3_109_109377,0.6960045721411129,0.5216100908922278,0.9088748308772443,0.6772501534512583
3_109_109424,0.7489878542510121,0.8461705359080061,0.42821109817617387,0.45893809413401343
3_109_109435,0.941888045540797,0.8458714004857176,0.951969325710137,0.8655220096796497
3_109_109506,0.8749522150957821,0.7511382747446573,0.02173596623162389,0.002305501559603996
3_109_109647,0.8543788187372708,0.838898756660746,0.9497793035801864,0.943894174377688
3_109_109655,0.4889299060746856,0.0958411214953271,0.35008748503545445,0.46131037003940045
3_109_109674,0.6607878208061229,0.3998017660839791,0.9102355299423703,0.7409866017052376
3_109_109799,0.8492138499871122,0.7450366564991705,0.4885274085829531,0.45037605848629886
3_109_109851,0.893311282616685,0.708343271478319,0.06989180961783702,0.0
3_109_109921,0.6221968438538206,0.4724648985959438,0.9566129388385957,0.9019217173340189
3_109_109932,0.870402078290134,0.8602688340106284,0.954127825095567,0.9523019317504893
3_110_110340,0.13596036843790615,0.09060061079063454,0.0,0.0
3_110_110554,0.8382742588611708,0.5724025311288018,0.05448536636198529,0.0
3_110_110864,0.9480545884266436,0.8415325955547289,0.005628918233960251,0.0
3_111_111113,0.5445512981890808,0.7165020343710738,0.3669985229517945,0.2701775504062594
3_111_111124,0.3762262888141325,0.34762838102704824,0.425101823799683,0.18728654074022444
3_111_111223,0.8560391267366033,0.7667878676301376,0.8916078305519898,0.8401888430649013
3_111_111246,0.9059997585610237,0.7023488255872063,0.8982386632789285,0.7246416607172278
3_111_111383,0.9137657630446273,0.5105338992951439,0.9492895639392455,0.8382507212168896
3_111_111461,0.8085722160970231,0.7319949012109624,0.6982263097388733,0.5992991974680683
3_111_111687,0.7411260558321567,0.47451026669813545,0.00015864202427222972,0.22612412521476763
3_111_111694,0.9400386847195358,0.7661045780637527,0.06902804642166345,0.0
3_111_111750,0.9413183605626951,0.7240126676602087,0.9692142550450837,0.8490271563833108
3_111_111870,0.9416034312108215,0.8913237924865832,0.7124183006535948,0.555105432637374
3_111_111873,0.9408161371159856,0.8305346203005862,0.532329988851728,0.4345480653549113
3_111_111877,0.4386528326745718,0.15101662281630227,0.38021223470661675,0.23430663452093936
3_111_111955,0.9653651540980058,0.8550872968091511,0.9752360142308878,0.8599881093935791
3_111_111956,0.8162872565125557,0.5179302643007817,0.892687757335696,0.6700485853100886
3_111_111962,0.873375812093953,0.8322171403680715,0.15183096580769506,0.060048988010828926
3_111_111965,0.847876544758798,0.8299207109871918,0.2818801682866676,0.23677375256322625
3_111_111980,0.8853412332675006,0.9072531943296676,0.363389997536339,0.33920010507650883
3_111_111984,0.7651664540076557,0.4559257697174188,0.029331514324693043,0.0306039273805113
3_111_111987,0.0,0.0,0.04005734967565961,0.15434735706580366
3_112_112024,0.9651355314820947,0.8571289537712895,0.9890702347693967,0.9488319206119495
3_112_112102,0.44861869870284543,0.2893224284625368,0.4801010224449061,0.46144083929100216
3_112_112121,0.9375124616182159,0.845310400429992,0.9436065024300319,0.8456919200042893
3_112_112122,0.9211195928753181,0.7691956905888389,0.9079582311525987,0.7340230268646755
3_112_112125,0.27297162029399225,0.042838465604050184,0.0009506908353403474,0.22193443350847333
3_112_112131,0.9131455399061033,0.6513480632628232,0.9767994973972357,0.8883926515953773
3_112_112135,0.1209944161894939,0.0,0.09563002155594748,0.020604881499823133
3_112_112198,0.8248500534056363,0.32160430018606573,0.9839009748716295,0.9379513100887147
3_112_112202,0.0,0.0,0.00705877289259044,0.14091631134520524
3_112_112244,0.3136357577642511,0.26067304327539953,0.3159851301115242,0.23566168920702907
3_112_112493,0.9265174848047099,0.8097506304286916,0.47507916031429576,0.4438876081654472
3_112_112621,0.606970767748153,0.4527765942337736,0.42136352448929365,0.37744924665770674
3_112_112691,0.5917951567347317,0.5630574950723282,0.8979233470758895,0.763242297599378
3_112_112751,0.7369601132877036,0.6640929064657878,0.8733010467114514,0.9205797592812341
3_112_112855,0.31022028535609814,0.0,0.9521660866434657,0.7723392409761529
3_112_112861,0.7294584589550814,0.43538070902838044,0.9691697749028404,0.8970527016901174
3_112_112981,0.4845040169604999,0.30710669559590426,0.5027305648034578,0.28769057936125825
3_113_113361,0.001039041429013574,0.009943339628930119,0.9847768220516092,0.9174997127427323
3_113_113371,0.8832342177493138,0.8617052446527981,0.5715392561983471,0.49996282804252473
3_113_113388,0.8444345295004992,0.5021659015969483,0.035576802113473395,0.0
3_113_113414,0.8482934397163121,0.8320958612070867,0.5411019632678911,0.4739036557218375
3_113_113455,0.25393968103584397,0.08993829636846429,0.005969406790200224,0.0
3_113_113865,0.09463250260848742,0.09918301901198748,0.003390227848557801,0.32177890542641197
3_113_113879,0.0,0.0,0.13804259908331087,0.13996052051591637
3_114_114100,0.6120953489374542,0.610957839518166,0.0017360778069788409,0.629937106918239
3_114_114110,0.573416943317349,0.3889746812713234,0.9784629819174343,0.9356317836206396
3_114_114352,0.9091115655532833,0.9041902431564459,0.5332172182134859,0.45710712183637436
3_114_114436,0.18064397184656594,0.04378268574145308,0.16559306841948013,0.25660834342506367
3_114_114749,0.4641930257797631,0.391289021189926,0.4589848840239771,0.3447973462462348
3_114_114781,0.0,0.0,0.0006027727546714888,0.09687786960514233
3_114_114842,0.872396694214876,0.5989277626288303,0.30988678206407655,0.10985925632626616
3_114_114960,0.9442132165023731,0.8456845684568457,0.9651429445038985,0.909119729472683
3_114_114993,0.8561905536135274,0.7036015709868806,0.9399443929564412,0.8438139534883721
3_115_115015,0.6136670206354218,0.35263967196309587,0.9352145903275565,0.7875261116084751
3_115_115077,0.9421722254169063,0.8459267723658525,0.9578855759043439,0.8942748463864235
3_115_115125,0.4397708427559174,0.2990371908627525,0.07397260273972603,0.0
3_115_115151,0.7435061592835329,0.561190053285968,0.5695355253041473,0.33625257257958574
3_115_115358,0.9388338833883388,0.7980298134056083,0.9502970489887349,0.8346596408215937
3_115_115396,0.9173529237514071,0.8137254901960784,0.9366651754329903,0.82843265949068
3_115_115537,0.9704764541541869,0.8797058022337237,0.9730050277169009,0.8941169965719341
3_115_115554,0.93291015625,0.8479661699556987,0.9816811472835758,0.9741321388577827
3_115_115555,0.9355527277205369,0.823776705720193,0.9783131476542346,0.8880753138075314
3_115_115573,0.9179068131392392,0.8639540070377162,0.30862962090887686,0.2380105837605424
3_115_115657,0.7437980378678998,0.5390812435285501,0.08576106120392914,0.10771461545290445
3_115_115743,0.8927188802858844,0.7948052870949404,0.6781585635812085,0.6610423135919787
3_115_115809,0.9620660694288914,0.8406622131861748,0.5580644222655454,0.3509403761504602
3_115_115912,0.6703341483292583,0.4674766355140187,0.9012490241998439,0.76125
3_115_115926,0.8359138337260181,0.876577840112202,0.9193485086342229,0.9360299358517462
3_115_115927,0.7940615271315234,0.4887100960290683,0.7200471996291458,0.44861227045075125
3_115_115958,0.9320290751623879,0.8565481641828324,0.956045765083546,0.9031386224934612
3_115_115965,0.9200693851702966,0.7125980023627967,0.9748688290007155,0.9045210821350231
3_116_116231,0.923445671121441,0.8694399580950718,0.2837382790239859,0.2095027179383934
3_116_116237,0.8994644466832812,0.7838266384778013,0.9358981677036361,0.8196663944943428
3_116_116355,0.7563658279343076,0.7950195377177296,0.8603253182461104,0.9098664688427299
3_116_116365,0.7959170814693466,0.3007729360367425,0.9380697656897461,0.7493700787401575
3_116_116448,0.34455480781674647,0.3349097915571904,0.0,0.0
3_116_116499,0.7149040711277492,0.4945736434108527,0.9873562280773309,0.9752080149431143
3_116_116634,0.22551448170731708,0.08023483365949119,0.010656440104188761,0.49020029491275496
3_116_116747,0.904045643153527,0.7988412388997185,0.9701534963047186,0.9440646733638471
3_116_116977,0.0,0.0,0.2597945433372151,0.23431374878240005
3_117_117086,0.6566313435890976,0.3037832036490475,0.9280497573387363,0.7053154580888337
3_117_117101,0.8845049777072009,0.7183125599232982,0.9596302003081664,0.9242746918967986
3_117_117104,0.8144839782980127,0.6135208681682568,0.017222978692084053,0.0
3_117_117128,0.3451340675125688,0.05206045730525772,0.0,0.0
3_117_117165,0.9520301070709213,0.7891512696373876,0.9767428952042628,0.8222384784198976
3_117_117200,0.2940419094215727,0.04422776269233934,0.8820244439480487,0.657810940544651
3_117_117213,0.9501251933132042,0.8327137546468402,0.9713488551087166,0.9018154474164787
3_117_117218,0.22167910266578186,0.17115171326834394,0.0030840566436018345,0.4148442117706662
3_117_117248,0.920434554489059,0.844390989175308,0.9549537648612946,0.9113932857888328
3_117_117328,0.5949442477583298,0.310001482433167,0.9393858335116627,0.8657639585422936
3_117_117382,0.5476755447941889,0.37129194584225306,0.5604090448274343,0.40325455958312384
3_117_117393,0.7606037838945428,0.5992632009823987,0.39688544782685203,0.3078798691644365
3_117_117435,0.49864082895976314,0.31519193926062583,0.9626857635149688,0.8961285609934259
3_117_117491,0.8710586534987353,0.6918482080112438,0.9588695985541377,0.8816108116553394
3_117_117677,0.7364608603546656,0.5481976044472463,0.9662923944182608,0.8946003112902582
3_117_117679,0.3278973718808515,0.19407831375030957,0.0,0.09685056540294695
3_117_117809,0.42725745946539845,0.4388048671048117,0.13801682265134463,0.1829863788229247
3_117_117819,0.32857473793942205,0.13912384296201724,0.14684760100453803,0.1441673660232586
3_117_117907,0.9253408613129918,0.7162458263772955,0.6103670634920635,0.2419129181328698
3_117_117923,0.9625796366909031,0.8257076189509993,0.9887499692957677,0.9223248818220885
3_118_118110,0.8777235994135097,0.7521605686131977,0.651277471460744,0.37028099308765183
3_118_118188,0.8565981272323583,0.7859963512920582,0.9260044582178002,0.8678147154627324
3_118_118210,0.903141252340337,0.7370150328562427,0.012358156842927367,0.0
3_118_118272,0.9523414836303357,0.8068844551633414,0.9658803433587754,0.8280411835957778
3_118_118274,0.8257912270960578,0.5117300637188646,0.9324414159880339,0.7919938414164742
3_118_118283,0.9550662472595558,0.8391955674122717,0.7159814994938166,0.5379386877514218
3_118_118374,0.7260036006443258,0.33496245612476117,0.7594856801116353,0.40065565607104325
3_118_118420,0.9233683264310251,0.8081332370463983,0.896009051635466,0.7131364662022956
3_118_118428,0.8691827587651322,0.8034751615059034,0.8897932756786755,0.8573211499888567
3_118_118489,0.9205809641532756,0.8319439355075119,0.4586383949795569,0.4247842170160296
3_118_118555,0.9363594951633216,0.7781902993954972,0.967807012558959,0.8841497965280998
3_118_118577,0.9545718027437257,0.8395846902417532,0.19310980268776123,0.077601585728444
3_118_118582,0.9291636673864939,0.808878224355129,0.9360962261999772,0.750811526995694
3_118_118639,0.7868898186889819,0.7113502301160304,0.4650181647720614,0.4700431378814507
3_118_118675,0.8231654075395771,0.6097047682039565,0.8688368512741563,0.7359903223697116
3_118_118775,0.3126719564298793,0.057328145265888454,0.9328544659587757,0.6102082767715161
3_118_118791,0.6144345812427634,0.20410216148580682,0.9489072652096869,0.8250498953414789
3_118_118960,0.7234075640706643,0.45367696750015357,0.20733645461964692,0.19973955724732045
3_118_118966,0.2521431456740623,0.0,0.011178871279546495,0.328607156219846
3_119_119029,0.6240038307623901,0.3427752316730936,0.24203508388436526,0.2355209221153456
3_119_119047,0.9352158503282785,0.7537809029521737,0.975935332011893,0.9092143430228969
3_119_119057,0.9028843823220489,0.6686590593491517,0.6558327109783421,0.5715413551293363
3_119_119076,0.7911829448481742,0.6767158873393492,0.9027971540178571,0.8488145744946344
3_119_119106,0.44039472076255654,0.20129593810444874,0.8808045691581823,0.7195923620047998
3_119_119338,0.5982207030938044,0.3505641197497766,0.3778622874089616,0.1921207002807514
3_119_119619,0.04453020134228188,0.0,0.0,0.025138385982436427
3_119_119650,0.6829750056977892,0.16692417219546185,0.005183537263626251,0.0
3_119_119710,0.9485666782869862,0.7990336156284096,0.043756552447166586,0.0
3_119_119732,0.9743849407279442,0.8973453641951092,0.33523821165541057,0.12205505297276377
3_119_119915,0.915372027288377,0.6601974659943218,0.9815243028256949,0.9217356246535302
3_119_119930,0.5454113090890561,0.3589048864244983,0.6839421531869309,0.5063723030607125
3_119_119956,0.9369087495858947,0.8414708218474045,0.009820415509213976,0.0
3_120_120015,0.05391081871345029,0.0,0.00019659722961737263,0.23120361810049725
3_120_120175,0.20092639258885928,0.14126063582102188,0.0,0.0
3_120_120191,0.8016085790884718,0.5273483947681332,0.816174326069747,0.5844056078356059
3_120_120197,0.2761889884886208,0.09658121833872159,0.0,0.005440097799511002
3_120_120282,0.9614326028638122,0.8245863495346433,0.9901324706775342,0.951507026627219
3_120_120394,0.5929212524875117,0.3777550666229584,0.5214483246511029,0.4916549592582186
3_120_120451,0.936261040235525,0.7671449951580245,0.9289928578822068,0.7512560559842096
3_120_120534,0.26136691517977645,0.0,0.0,0.044428135937676416
3_120_120553,0.32988574130855947,0.045924013279232755,0.8519884866420724,0.7487234255581884
3_120_120641,0.919666201067297,0.875136816636903,0.029417471960259248,0.005135874932979654
3_120_120771,0.9225493192081763,0.8132729635685239,0.3836546888694128,0.23603687867450562
3_120_120781,0.7833185411463601,0.3836549375709421,0.10965886152603957,0.019031973715842615
3_120_120849,0.8844886599916829,0.6600298423948522,0.06422250316055626,0.0
3_121_121090,0.9213658934766342,0.8580067449703453,0.04608464828196431,0.008629120404993385
3_121_121194,0.5620232309086416,0.45746082043255004,0.15336452296161815,0.13886644951140065
3_121_121200,0.8102674995995515,0.5890120132560066,0.056141378636984964,0.08875869644818747
3_121_121217,0.9711857572655935,0.8736747280160765,0.0431408864478222,0.0
3_121_121302,0.8379912130827435,0.7664312873438349,0.9108275813985917,0.8930810630860567
3_121_121834,0.8141461342395921,0.9025530073561229,0.1920346572499909,0.20639173794229335
3_121_121982,0.9067952694842962,0.8327954059605147,0.9151073973445429,0.8695174047286723
3_122_122004,0.2589207370576192,0.23022682345268908,0.0002349601057320476,0.40569668976135487
3_122_122407,0.8271823204419889,0.7638223770134959,0.9140657339183708,0.8905285437121524
3_122_122545,0.8208007283289619,0.5889999324734958,0.011062985962531963,0.0
3_122_122582,0.8798261114325479,0.4819955559614038,0.9250814332247557,0.6344919462274434
3_122_122822,0.6529114920725815,0.5188944320201846,0.9218885987815492,0.7805500838987379
3_122_122851,0.4306208702898982,0.2691992795153103,0.9055551731259035,0.7658607001082641
3_122_122857,0.9018570457249703,0.6248033877797943,0.014360589465767268,0.0
3_122_122869,0.9647370288490407,0.8625992338866374,0.9715621128505463,0.829994245959094
3_122_122904,0.32976314872866597,0.28599430452309627,0.4486910994764398,0.44576984763432237
3_122_122910,0.374113475177305,0.10726675021340744,0.6279706913029627,0.5897304892067953
3_122_122940,0.13215104517869183,0.10329710238916703,0.030846413669779457,0.027105999378302766
3_122_122956,0.9193495292645993,0.7354647415237849,0.19529478458049887,0.27738059020383327
3_122_122977,0.6381685889000697,0.41686487895474245,0.035952467563962656,0.0
3_123_123046,0.6770973062122045,0.34459459459459457,0.048660931666937184,0.0
3_123_123059,0.4142808777164138,0.11045235455183182,0.5138134231269611,0.3336264669314977
3_123_123241,0.9546600390555654,0.8532469746037157,0.9788753237143915,0.9283816496427939
3_123_123287,0.8261592997178615,0.7809823457437511,0.8891934546058643,0.8742907027498908
3_123_123301,0.7903219837157661,0.5492470850178708,0.00543147445802313,0.0
3_123_123318,0.5932996417960181,0.1420246017342206,0.9843190172630404,0.9290817050669442
3_123_123374,0.6222948449571543,0.2841949648066018,0.9844707120980092,0.8618417584734595
3_123_123424,0.8874353513842409,0.7638724911452184,0.2442930153321976,0.181065218583731
3_123_123495,0.31437569470174137,0.16885859395883454,0.058338937457969066,0.0
3_123_123510,0.9097229348383786,0.8346940567114388,0.43589815568593326,0.48103899191631005
3_123_123516,0.4241368950071015,0.40065705744813096,8.253094910591472e-05,0.2660994845680929
3_123_123538,0.9204029320501866,0.8151789759855007,0.48351006907286703,0.4614673242909988
3_123_123573,0.8713295764014345,0.6328542403491609,0.9184468311105866,0.7746484784889821
3_94_94137,0.7278647200924273,0.47364864864864864,0.10453102453102453,0.005014782380898918
3_94_94173,0.8291020948524258,0.6812292621267183,0.9130472931473195,0.8381376659678547
3_94_94174,0.9669750889679716,0.9141082307967985,0.15087190052240454,0.05241279595156335
3_94_94199,0.31198800663918186,0.5284803702651131,0.0,0.16410940627084722
3_94_94218,0.9191067196851026,0.8012644693412673,0.9737590486039297,0.9345243986934574
3_94_94263,0.8939711231125317,0.7720089222153671,0.9509914104519547,0.8748977529711783
3_94_94291,0.844638403990025,0.7914518233211157,0.33040201005025127,0.3484358841778697
3_94_94324,0.948249027237354,0.7789250728091077,0.5345155515775342,0.39050330519013027
3_94_94359,0.32212641465855724,0.15585434173669468,0.0011385993553518355,0.49678164713649114
3_94_94371,0.8543459693844031,0.6987776277450075,0.9183965378126605,0.8330262457519552
3_94_94374,0.8325456116277888,0.6994000786782061,0.7707892349561536,0.6377296325878594
3_94_94490,0.8524413007171627,0.8063736769443166,0.16089250889067339,0.11051755506522665
3_94_94592,0.3492990104230418,0.13289117299812486,0.0,0.23061013443640124
3_94_94612,0.22834853312822767,0.2306165194426737,0.0006534666405280011,0.5143436004345656
3_94_94620,0.6095682360598829,0.3704635972598375,0.0013586246538119873,0.148993994652172
3_94_94650,0.9250904010519395,0.7403200826019618,0.25060666225457756,0.07089873501556394
3_94_94683,0.08941236068895643,0.1800452017572818,0.0,0.0
3_94_94693,0.8976773187840997,0.7817089452603472,0.06841940749487722,0.0
3_94_94781,0.7407869413358044,0.3151771319011722,0.4799520958083832,0.4715156611309649
3_94_94816,0.197426942479329,0.13867327636814297,0.0,0.0
3_94_94826,0.6226787372330548,0.3304830550208175,0.05985653065027017,0.0
3_94_94844,0.9192291922919229,0.8360706538580726,0.959386449729864,0.9048077540278581
3_94_94894,0.8829193603266418,0.6120172577080922,0.9597297503626231,0.8522821049958738
3_94_94902,0.9424323440595488,0.7089065894279507,0.872795405482465,0.5066110626192093
3_94_94917,0.6320928759107766,0.21932665881429134,0.8840708703028954,0.6455686054435403
3_94_94937,0.43165390009709786,0.2099091789462664,0.7897569122286139,0.4557291666666667
3_94_94953,0.8242862996858352,0.49843336582648656,0.5312460706651578,0.4698486143942061
3_94_94985,0.8938132295719844,0.5518099441288323,0.374375570131619,0.16093387987880947
3_95_95010,0.808417730808748,0.7988184438040346,0.195753382935213,0.1442413434388468
3_95_95044,0.8250111957008509,0.5680310299071144,0.8942895086321381,0.7732416559232201
3_95_95049,0.4479915672175583,0.21530105004468275,0.8482703777335984,0.9067868604870681
3_95_95116,0.170252650088751,0.17291780689610767,0.00012194130558491179,0.15660991487230846
3_95_95325,0.9234723488931266,0.8524736415247364,0.9764842632331903,0.9398483572030328
3_95_95340,0.3072839782300753,0.42618692454091867,1.5870748623212556e-05,0.11268852986957222
3_95_95343,0.6795693322913954,0.09871409190113845,0.9827322703528821,0.7212789415656009
3_95_95361,0.5063746600181324,0.0728424925896903,0.0,0.07132231404958678
3_95_95422,0.9061577114647155,0.7578748063572207,0.9635449101796407,0.9046073564973909
3_95_95440,0.15874629768798904,0.17018670271183578,0.0,0.0
3_95_95489,0.944304398113823,0.8421941313375622,0.26331425712230666,0.1456787214827031
3_95_95581,0.9004153481012658,0.7861793220578869,0.572524101665206,0.3515288544358312
3_95_95588,0.4803364879074658,0.17088841506751953,0.4403337531486146,0.18164898049891662
3_95_95597,0.38196259362543983,0.12979715682418386,0.9665677772706527,0.8787188988883007
3_95_95620,0.9479645108835193,0.8104866686490236,0.1075062276779015,0.04840316993308973
3_95_95622,0.945438282647585,0.8085886722376973,0.21434775943998774,0.0494661775011336
3_95_95642,0.17922642634218186,0.058998399268236905,0.16486435211534814,0.06397412914337938
3_95_95651,0.8409379766141332,0.8589051001744012,0.18115834691156865,0.15951137470124813
3_95_95660,0.9335466867469879,0.873880266075388,0.9698357391737182,0.9423678880500829
3_95_95680,0.8118876551273677,0.8757777301008367,0.32032594973028805,0.23518033906018887
3_95_95681,0.8120980358074048,0.7904931317323847,0.3422101069406584,0.2664628775711103
3_95_95684,0.22171155147718508,0.17908407382091593,0.1214944580822733,0.2814844480042718
3_95_95689,0.9034446261907053,0.7115414771836287,0.9363550717052235,0.6560198464997287
3_95_95695,0.9540035763957878,0.8594310303609849,0.9122247376003293,0.764336917562724
3_95_95850,0.931704009615681,0.8099756379022952,0.9737499178658257,0.8206292441837104
3_95_95854,0.41956902722582873,0.1472902097902098,0.06283092128485704,0.003356663333809456
3_95_95901,0.2384261841547489,0.05292593352100073,0.0,0.04160046826657747
3_95_95922,0.30654012525017754,0.1331383800485544,0.2381625967837999,0.1811602593793423
3_96_96013,0.8510479455842505,0.6008864007464427,0.9640333165068148,0.9121835080811318
3_96_96016,0.7108685182212233,0.4378289724616676,0.7197739723667436,0.4638347171268585
3_96_96054,0.8346931207120342,0.806136245449818,0.9038259958071279,0.8933396453151743
3_96_96082,0.14886394885191806,0.31388660640920296,0.0001782292919841376,0.0719514320571661
3_96_96207,0.870442949049767,0.6622628353334067,0.8689885618815062,0.6120631845615081
3_96_96221,0.8220871975269161,0.7839908705575481,0.9268499455007873,0.9276950834460983
3_96_96340,0.9540463079251602,0.8131239185411953,0.9746073386472942,0.8440713263048288
3_96_96362,0.84698510715583,0.7849063717481463,0.3603381849315068,0.28214557443570887
3_96_96469,0.8997833739507176,0.6902897086070406,0.9406965056465441,0.8186256943200143
3_96_96537,0.3470549027352622,0.286062486151119,0.005657120940935822,0.17948439325201707
3_96_96563,0.8642450315075133,0.6506613756613756,0.6927849264705882,0.5092130344013797
3_96_96597,0.9250146455770357,0.7765359297860669,0.9781625781625781,0.8816435282569065
3_96_96682,0.8500381183012691,0.6296861377506539,0.8591549295774648,0.7174262389920936
3_96_96769,0.8912427076882965,0.6410990269032627,0.9712418300653595,0.8997084152709025
3_96_96778,0.6641057414291615,0.5287325615909766,0.9321078287425854,0.910997395714351
3_96_96962,0.7297197640117994,0.8007244626901715,0.9019698725376594,0.9439647969698658
3_97_97137,0.8883228646322766,0.7058397858021564,0.9754904654613398,0.9259080293146492
3_97_97280,0.6856279088269223,0.7133335055674684,0.7517176343796309,0.7332019057006736
3_97_97290,0.951168294390187,0.8144590823544682,0.9887448005872278,0.9535031397728074
3_97_97313,0.6735037204788095,0.3332683307332293,0.0,0.053128371089536136
3_97_97359,0.7888630540001899,0.48837471359350937,0.9122335880471668,0.6938416673814221
3_97_97407,0.18675742964293593,0.29567657186583346,0.0,0.008076780102058059
3_97_97676,0.7199675118657834,0.6818257123923128,0.06028356620549968,0.04723775631248941
3_97_97700,0.6445596096832178,0.38760509248138364,0.0,0.054358916222650495
3_97_97709,0.13298307063631057,0.17127010945419818,0.0004051316677920324,0.12074983839689722
3_97_97710,0.634066853594445,0.5203367481488995,0.13591267547004002,0.0024021138601969735
3_97_97769,0.29744682780826265,0.1562188291260646,0.24687122800330347,0.23817658255649374
3_97_97770,0.27250165453342157,0.23560960778352083,0.23756492549161923,0.2851849762079407
3_97_97847,0.8133092224231465,0.48240821678321677,0.9806843430602874,0.9358911856474259
3_97_97863,0.8191803971271652,0.5441018219599986,0.9716455209534794,0.8755319769136595
3_97_97915,0.34387794577517006,0.05714677499528634,0.007956538477991187,0.06833668123990705
3_97_97923,0.8906203722689268,0.6601882292270999,0.10756401401785486,0.0005528680027643401
3_97_97970,0.9431244860311604,0.8010549519760668,0.9684088806660499,0.8856117809019232
3_97_97974,0.9442045212198763,0.8071670790944918,0.9726123007342472,0.905596436870643
3_97_97976,0.9250340533177661,0.7495431843099037,0.9743060814162989,0.8576673136973584
3_97_97991,0.8061675882603148,0.6559316180279744,0.9487113001089043,0.9088906026220117
3_97_97994,0.6487503527862273,0.37755480086446436,0.13183865095333908,0.15414579855314414
3_98_98011,0.4668639053254438,0.2945522895939333,0.09499841610643765,0.0
3_98_98012,0.5622344570983232,0.1950489849048848,0.5930792408287516,0.20714837024283084
3_98_98020,0.9080546365750598,0.6421767217781671,0.9497927554514327,0.8102278893109062
3_98_98084,0.6010072138287736,0.4633271827560178,0.8094021065675341,0.7826536290643136
3_98_98087,0.9150674869158021,0.7076612903225806,0.03517172223614941,0.012087738677607702
3_98_98109,0.16863702780303882,0.021576622494053687,0.38481580222976247,0.027060761895251886
3_98_98252,0.9178776734387831,0.7362432564982835,0.0032380952380952383,0.09242932438907522
3_98_98257,0.4139507256856567,0.22707126668345504,0.17012914093206064,0.10341951626355296
3_98_98321,0.0,0.0,0.0,0.0
3_98_98428,0.9697684707270314,0.836999327634233,0.8593073593073594,0.5898980220381904
3_98_98431,0.9487306043125521,0.8176006818666098,0.09613759022043046,0.0007327349331379373
3_98_98589,0.9302409493645512,0.8371295836904064,0.9632424640691907,0.8976598922735708
3_98_98592,0.8951130385897281,0.7128717628405323,0.08916228318045473,0.08687605465135267
3_98_98614,0.622722325597725,0.41358839050131924,0.7680712764765214,0.653375623017671
3_98_98996,0.36881258317153515,0.23931409975592965,0.9005977061009101,0.6871007319033718
3_99_99041,0.9512086073612553,0.7309924787442773,0.4318728717366629,0.3103954341622503
3_99_99079,0.10106517632854946,0.07579860897396443,0.0,0.0
3_99_99198,0.5760964330389295,0.41801683658361183,0.8882319642744827,0.9259200318281281
3_99_99223,0.8889183597687126,0.8342424775646665,0.6232848232848233,0.49480241071067427
3_99_99257,0.7633697210276768,0.8206086804135756,0.0,0.5050412465627865
3_99_99263,0.9325483560130673,0.7781912311923637,0.9194779918155505,0.7560392690370261
3_99_99279,0.7602246841996273,0.4075876049811758,0.45969624192402664,0.2584034371953641
3_99_99358,0.8558841401660928,0.8350023163821674,0.5297055578140426,0.31679926910046063
3_99_99416,0.9391973541944921,0.7536059675875499,0.9410848558940265,0.7430379377715569
3_99_99456,0.896988677427126,0.7148055041016141,0.3313993719061053,0.31827933329666097
3_99_99483,0.877725620835857,0.8684747145187602,0.7142978832147877,0.6281097717363426
3_99_99610,0.9312292722037975,0.8036269703199957,0.31918214452942095,0.22596243258322485
3_99_99711,0.42076014053018207,0.593963687809479,0.0005577452219825983,0.27541793390622765
3_99_99780,0.8885514924408838,0.8866284227334555,0.9431152516056179,0.9053112373367688
3_99_99802,0.7736394306375086,0.23787528868360278,0.9878471020012465,0.8127292219150257
4_123_123574,0.8610843207495178,0.5283229615445987,0.938452451269935,0.7889194769442532
4_123_123581,0.8338732068486812,0.6538949225425877,0.016037216135153333,0.0
4_123_123636,0.8223061248951217,0.6154457139365797,0.7355101447167479,0.5901332373064458
4_123_123637,0.8460520511689458,0.850336071695295,0.9309482111583688,0.9283819628647215
4_123_123716,0.5404975241688281,0.5980221653878943,5.9668837949380936e-05,0.21306057855663385
4_123_123733,0.35444483485593814,0.3615912510550846,0.0,0.0
4_123_123812,0.9517820299030553,0.8239643472095615,0.5238095238095238,0.3967549421857516
4_123_123856,0.9618772717553987,0.8523404448892326,0.9707860678846538,0.874449141109812
4_123_123861,0.5622923238696109,0.5958151978596814,0.004301120389408753,0.19310521375543988
4_123_123878,0.9387507580351728,0.7777038099139697,0.9594626100134056,0.8490576169253075
4_123_123913,0.8849485522852357,0.7512663571127057,0.9045136145783957,0.7941077817531306
4_123_123977,0.3535959601444357,0.3400582495376177,0.0006822351498612481,0.6228538725677223
4_124_124056,0.7982589686536284,0.587829338772735,0.8701236230698928,0.7581100141043724
4_124_124057,0.8109303893477162,0.6148102280177752,0.8707141748978642,0.7612506359557837
4_124_124127,0.3250073157476694,0.2664560369499306,0.1247114644780713,0.1825910235859858
4_124_124187,0.9410721823554242,0.8471504062730837,0.9741820609837525,0.9401673640167364
4_124_124229,0.953085988651244,0.6089561091340451,0.9798495089912,0.8451681793913508
4_124_124232,0.6670424934856685,0.43746515067031927,0.5152520941994626,0.3449452711843562
4_124_124323,0.6130420746798666,0.5556658298791524,0.28187586206896553,0.22851376352525649
4_124_124375,0.6158022842164389,0.5583472372166062,0.620040642539191,0.4748714117410419
4_124_124377,0.18700526733955214,0.0,0.009122954595525647,0.5226099253461374
4_124_124385,0.9606491727263147,0.8258432349559218,0.9702914187318817,0.7891386782231853
4_124_124475,0.9451481173864895,0.8190549790240671,0.827905456921904,0.6355846263056485
4_124_124483,0.9440606039350472,0.8495532795816082,0.19154228855721392,0.16148229434854178
4_124_124492,0.7118336359135171,0.39048896839594516,0.06480554628702777,0.12513772353589286
4_124_124515,0.9205645881722351,0.8582316109038012,0.024718579552048276,0.0019413150022277385
4_124_124600,0.9507424065060687,0.7700686045689228,0.03824023791052496,0.004370750659081449
4_124_124643,0.9347949630604493,0.8089483051198212,0.9514082720121797,0.8682864990492288
4_124_124760,0.8275372231283211,0.534782270000779,0.9187457954312791,0.7159985356031484
4_124_124876,0.19794961282582615,0.056645401382243485,0.039248866736405964,0.26772334293948125
4_124_124880,0.8713844425723112,0.7928508876681792,0.8924409611219964,0.8446366502303775
4_124_124969,0.9145359455420886,0.7611101274787535,0.9420148725212465,0.9186716064812749
4_125_125046,0.8390669006296356,0.5030893994979726,0.9853421048039507,0.9273698157144578
4_125_125138,0.9343876295905816,0.817326192085695,0.09162332632510789,0.0
4_125_125153,0.3902802796986073,0.2902421879992332,0.002784569410486281,0.5904975386779184
4_125_125225,0.3648432066285645,0.41408773575075547,0.0016803089410123125,0.5647338379755518
4_125_125345,0.41771248765138486,0.39826602783481635,0.7972410772936283,0.6588269794721408
4_125_125437,0.2452179333991376,0.15648447779239713,0.8570763894763557,0.6253163392076566
4_125_125471,0.8487386161415262,0.8942311089129897,0.9168266922707633,0.9417787963921337
4_125_125512,0.8983233902489199,0.6701967912747965,0.904617798699843,0.7351894818252127
4_125_125513,0.9209347814896793,0.7393995929443691,0.9173797088565396,0.7493220609347583
4_125_125518,0.8575212224108659,0.6853045651887909,0.9363153904473086,0.8660741187104549
4_125_125648,0.9049325879644854,0.6576972681439793,0.9776465929952125,0.9150349650349651
4_125_125649,0.8587297369120382,0.5839680121858339,0.2425545074996134,0.13837384524667495
4_125_125685,0.9567008764701476,0.9244087001307397,0.9591892525189408,0.8963895192902827
4_125_125796,0.9838257768721345,0.8521830115095596,0.680502304743032,0.0
4_125_125888,0.9519238273628347,0.8168290043290043,0.9746804426838731,0.8805561125593209
4_125_125921,0.4314656979181221,0.07663281586344874,0.37497576423447293,0.28768699654775604
4_125_125923,0.5601525762376637,0.459243654649859,0.20744661697454178,0.1935054675481269
4_125_125926,0.3939336252300273,0.37849698299506307,0.9862201570261176,0.9775838724236497
4_125_125929,0.944706184683913,0.8580003334630134,0.9645847324826505,0.9152796175776076
4_125_125931,0.8069064093818017,0.5511268137069941,0.06830364180986914,0.03843931749027462
4_125_125956,0.9290302977689036,0.7841856123741583,0.986130374479889,0.9556891560899577
4_125_125980,0.8932986849358218,0.889602053915276,0.9254445964432284,0.9181514476614699
4_126_126005,0.9544020067972164,0.858377577478701,0.345781927309103,0.1795329390169284
4_126_126023,0.9561161161161161,0.8622573595577838,0.9798514934089771,0.9044972530982497
4_126_126025,0.08210064534841563,0.11400777056084468,0.0,0.006860122110173561
4_126_126037,0.2748804134030097,0.11040644906702746,0.0015263711557104845,0.2944872386496752
4_126_126053,0.5075649493615148,0.16116434572228677,0.013707186730055176,0.0
4_126_126054,0.9481052685265466,0.8113214260300292,0.9679320414122644,0.9115686741252083
4_126_126155,0.33292199206698986,0.00014285204099853576,0.2253606844950417,0.0
4_126_126297,0.8753745422261681,0.5337945423598528,0.965925364333249,0.883280513256551
4_126_126373,0.8719289508632138,0.4690478482718783,0.9869751580742179,0.9373684509926618
4_126_126638,0.5702973351673073,0.22758620689655173,0.9485092433601677,0.806110064867127
4_126_126682,0.9322762348191319,0.7085588981018296,0.2042511605179575,0.14097357440890126
4_126_126746,0.3255199178818004,0.14654227462061237,0.2801361892858682,0.32265777386270683
4_126_126766,0.8287957136627001,0.6004004654057418,0.9669330942954608,0.8800241764883651
4_126_126785,0.9146798620482831,0.8989222839547493,0.006058621254298346,0.0
4_126_126800,0.5536458333333333,0.3167707138913662,0.9631879914224446,0.9041440743609604
4_126_126806,0.866046928375427,0.633496943878496,0.927726555865583,0.7371817143991661
4_126_126887,0.831898713020224,0.49721642310368824,0.904066265060241,0.7083269082498073
4_126_126893,0.3564109120232874,0.2684984333574355,0.9660056657223796,0.9142813291382089
4_126_126942,0.5264560996812518,0.25566583953680727,0.9567261430181728,0.8139394244821851
4_126_126969,0.8289244354932415,0.7054299769599601,0.3237794397733079,0.18867097991643078
4_127_127026,0.8554601342155896,0.8105684237692754,0.9231181355478167,0.9140108855646458
4_127_127080,0.9438075017692852,0.8629071249615402,0.18997312229356428,0.15829592614550692
4_127_127117,0.9069767441860465,0.7515099223468508,0.25838655670614497,0.09733696791780247
4_127_127358,0.8988534784298484,0.7619613165931456,0.8058207812101098,0.6112504878184758
4_127_127386,0.48389139260307645,0.43586573247240923,0.9687476003992935,0.8916104918908095
4_127_127394,0.24722791114773568,0.09101941747572816,0.0017396132136578144,0.5096939008256922
4_127_127435,0.9639876108982098,0.8731266496667114,0.9786234817813765,0.8292813581671337
4_127_127445,0.8846944105868013,0.6827841392069603,0.9322804404906533,0.8161126957331626
4_127_127517,0.8392006925407589,0.7725952602230484,0.9561446977205154,0.9378961521224151
4_127_127592,0.4295971195432175,0.1459842899382003,0.9800187478415314,0.9405861391898771
4_127_127620,0.7782177273160958,0.3763726776711099,0.8964531240494007,0.6845313452431191
4_127_127625,0.9391888903630976,0.7990763873116814,0.9289260282588674,0.7385006784260516
4_127_127671,0.8645381613183001,0.739972337482711,0.03516800401203611,0.008765979650404383
4_127_127716,0.34251514771158303,0.23835535230352303,0.0,0.0
4_127_127749,0.010970015291536466,0.0,0.0042550362342929325,0.0
4_127_127769,0.004962610469068661,0.05645668301269961,0.004068829131907349,0.05087634949079942
4_127_127785,0.09068037306025375,0.20586455505800585,0.007323242625759863,0.3869649308469876
4_127_127788,0.5761832165676014,0.19903450459006014,0.9305341246290801,0.7606587189331178
4_127_127854,0.857425056316063,0.5563077447098395,0.8714308759477335,0.6665970554453378
4_127_127894,0.8925334239746204,0.825472399940485,0.6207930065563534,0.610314356077068
4_127_127915,0.7883723074086593,0.4668193025713279,0.2343556381660471,0.267386733726347
4_128_128052,0.07860805449509693,0.3393435757268499,0.005147541868773679,0.4435976309627657
4_128_128083,0.9251325942955999,0.7045475811733882,0.9409791135053398,0.8104403476931894
4_128_128107,0.7294771968854282,0.47812822910003444,0.07754234070023544,0.03576135138373068
4_128_128152,0.9293240435154626,0.7668275030156816,0.6394027996998474,0.4787300839808492
4_128_128173,0.29942334460131237,0.21115060940220545,0.0008634021841228877,0.42962778847946315
4_128_128189,0.8800128199991988,0.6776227167412038,0.01747997086671522,0.0
4_128_128245,0.4799498893585135,0.3305906365607858,0.8231328296834656,0.4888740630273537
4_128_128295,0.6284725384825576,0.5450059962309406,0.027791226880991577,0.03274528757854036
4_128_128324,0.9309491191386065,0.7432586576630014,0.9628787491696899,0.8556927431555317
4_128_128372,0.8362010567673757,0.690409450395435,0.8324151056796554,0.6602135830396129
4_128_128373,0.9385578153889916,0.8327062228654124,0.9809573987656179,0.9457429048414023
4_128_128411,0.9265108182044267,0.7408542246982358,0.966047490872265,0.8852260698623923
4_128_128425,0.910446482132145,0.6170369010464476,0.8948366036013901,0.5651795113805496
4_128_128485,0.7464678870227087,0.12787813255311029,0.006219010000840406,0.0
4_128_128511,0.9599473433605019,0.8594541361845808,0.934583236591595,0.791571441630862
4_128_128521,0.9168147310612179,0.7301511673236021,0.07730086309610298,0.06959291417601117
4_128_128599,0.7632940937690278,0.5468646238497297,0.9688136038342854,0.9330373389620787
4_128_128631,0.8751239552344525,0.8239663411593601,0.9040062232594321,0.876321237877302
4_128_128633,0.4784042467626478,0.3794365379029916,8.072328059412334e-05,0.1164
4_128_128655,0.7404482246523558,0.46943448395040394,0.771914450155136,0.5519610519610519
4_128_128684,0.9186028226599049,0.7332810098433565,0.007211178396422229,0.0
4_128_128692,0.944499645138396,0.8429450307607663,0.9781612193940298,0.9386366053387217
4_128_128762,0.5346487786040833,0.1367908694192682,0.00443546514328178,0.03749360904391297
4_128_128805,0.8252580752580753,0.7423244169192252,0.9280174985086498,0.8988609433529546
4_128_128828,0.8483677987658392,0.7017396875462028,0.7836318771705355,0.5079735117237651
4_128_128830,0.6973222239689776,0.34736617729343744,0.796606089782164,0.5051237689645994
4_128_128849,0.7208549222797928,0.45151268361837543,0.24378406630329277,0.1466529187817259
4_128_128867,0.8997901129817354,0.7128410532994924,0.9631576337581197,0.8637366440282044
4_129_129015,0.8886693981075017,0.5042657080002146,0.9272661666537797,0.6099614360979849
4_129_129095,0.9390973132372215,0.8257885081957512,0.8443334780720799,0.6385105700004585
4_129_129141,0.9264357180035857,0.7718078094458839,0.9696465952468908,0.9065742290222328
4_129_129196,0.868787143588488,0.5951672989507502,0.9510136847440446,0.8261891843009586
4_129_129283,0.7446949816956621,0.28522824768497973,0.9324425440940673,0.7556021821233739
4_129_129409,0.8448303329616058,0.6553716355632996,0.9104893410852714,0.8434922911437791
4_129_129425,0.6782728674620566,0.5095957396925345,0.23954790324284356,0.13367697594501718
4_129_129438,0.9006632277081799,0.825636192271442,0.9340956010798793,0.8851057664445089
4_129_129551,0.9331434639891871,0.7540861196382643,0.026530823334712454,0.0
4_129_129588,0.9277112627036057,0.8227610043712514,0.9734582068557045,0.9023804760952191
4_129_129806,0.9588579001264984,0.8884438127234354,0.9839892217069808,0.9567586884660055
4_129_129868,0.8056755978104293,0.4727265309452899,0.8057015982069919,0.4526131182041389
4_129_129870,0.6568864502929415,0.44384850861436487,0.28003944217495425,0.29184974584302575
4_129_129872,0.1965626609558405,0.1026358759038955,0.9299151103565365,0.8367297231468702
4_129_129938,0.5556946835707205,0.4559045226130653,0.3471575023299161,0.40074726959187584
4_130_130020,0.8805244755244755,0.785066912129151,0.816421135336869,0.7236399807916581
4_130_130039,0.8681636006074034,0.5806765636407886,0.9210745638404267,0.7702104597597327
4_130_130042,0.821388452033251,0.7036337300837584,0.9020072838146862,0.8474320241691843
4_130_130043,0.9152635668954798,0.794536959386606,0.9532693861775763,0.8890514508656425
4_130_130048,0.9312065162056677,0.8258533230160777,0.9309036230846341,0.8313216526065326
4_130_130070,0.8929891304347826,0.7595986544484399,0.7618775042930739,0.5028142589118199
4_130_130110,0.9369538443493051,0.7865468900562619,0.23648593724597627,0.1053845736307876
4_130_130290,0.9581873721379929,0.8374869422474257,0.9457227309609366,0.8084322140873517
4_130_130292,0.8348321095619173,0.6944379069585,0.9427949709864604,0.9083054747536143
4_130_130314,0.5346636752553615,0.4432276291146875,0.5642981748118833,0.3756267305245828
4_130_130330,0.5840918742268422,0.05971938829171838,0.9700063211125158,0.8885600994259336
4_130_130344,0.8750570619921483,0.8143754361479414,0.9528798461382731,0.9326032315978456
4_130_130456,0.4812187164819449,0.12154361345877851,0.0,0.023135531950392082
4_130_130556,0.9040488777739086,0.7173256516284905,0.33515138801482414,0.1498597058073293
4_130_130602,0.7769998703487618,0.8317654285067727,0.15044897959183673,0.08278477389811105
4_130_130704,0.7004208311415044,0.6113141862489121,0.91754659810853,0.8808946538974421
4_130_130762,0.2614784694756537,0.0022642611934847712,0.0006734460233012324,0.2891748131109833
4_130_130822,0.7692130518234165,0.634547808396523,0.9061799850634802,0.8580255783876993
4_130_130855,0.0038258575197889183,0.09307795698924731,0.0,0.08480796300020109
4_130_130889,0.8279606125276124,0.508807927134421,0.9746302106678619,0.9207747760867983
4_130_130901,0.9812552068869759,0.9190635762822303,0.980969225327202,0.8887843874911827
4_130_130925,0.47480968593397344,0.38416388537230983,0.0,0.11375609756097561
4_131_131042,0.5515436944008373,0.3116030888542737,0.9722364017922976,0.8780860425323882
4_131_131044,0.20126126430757266,0.26722277100940256,0.0,0.0
4_131_131164,0.81756090852834,0.5973399180649868,0.9465294373234847,0.8578391551584078
4_131_131261,0.24711750460837822,0.19289899123386636,0.13702720304593957,0.009971136184728419
4_131_131262,0.9274985883681536,0.862656952410479,0.9590515937821327,0.916367854882936
4_131_131328,0.902619468339191,0.5969083458433075,0.29827036965770853,0.30466130114017437
4_131_131454,0.7388496325607687,0.10566788556678856,0.9861901048106371,0.9197363319115937
4_131_131495,0.8819294138433676,0.6258131525720221,0.023389762596413902,0.0
4_131_131498,0.5731844976796688,0.46510623596476075,0.9332761210040764,0.9298768375049662
4_131_131588,0.5828343107293301,0.27792262405382673,0.0,0.20343051675977653
4_131_131610,0.8550037907505686,0.8299673014041162,0.5474242759230599,0.5231256873018953
4_131_131627,0.8480775308121774,0.4662541806020067,0.8408611228366399,0.5490979203966396
4_131_131654,0.8567003753769153,0.5277147994683762,0.901044647967945,0.7487848554617549
4_131_131686,0.9416754478398314,0.9000490677134445,0.49227262619524126,0.5424456796361798
4_131_131961,0.900636764397173,0.8473997522134591,0.3187799731440629,0.26140155728587317
4_131_131974,0.1478199267516775,0.0,0.3062416207358856,0.004441464845386742
4_132_132100,0.5295732568936977,0.3985024958402662,0.9608812949640287,0.9140977040268936
4_132_132238,0.7922527630256926,0.49972387894853104,0.05830672735094989,0.0
4_132_132307,0.8012003000750187,0.7301489380452983,0.5706944876985363,0.5033898305084745
4_132_132365,0.10593534615315038,0.1409467455621302,0.0,0.0
4_132_132370,0.9571250111537432,0.8105965581255331,0.9803793633779186,0.90427957787559
4_132_132381,0.9086650056432207,0.7411458897433121,0.9266040256091382,0.7609775847473224
4_132_132400,0.8900649506855906,0.6270962047661077,0.9446353875256441,0.7799437926573582
4_132_132405,0.9293986990322068,0.8665455120101138,0.3491513974499704,0.2883192969608202
4_132_132455,0.9318817662084905,0.8339443522556246,0.9795039502655096,0.9430901073300607
4_132_132457,0.9372509960159362,0.798361153262519,0.9089026105987181,0.7273101340230426
4_132_132481,0.3044837467797493,0.18426835691324167,0.002167907297981736,0.6131446964593158
4_132_132501,0.6025924480860103,0.24864073609368464,0.0037769225252790857,0.48480041319265105
4_132_132513,0.8765337423312883,0.7986971896519636,0.34374352814480386,0.2695772695772696
4_132_132515,0.922266139657444,0.7813347236704901,0.2534435261707989,0.12007856441389161
4_132_132555,0.8585318424890618,0.7288604333989999,0.5933737341519815,0.5724263069601835
4_132_132581,0.7462393078360043,0.6638408350332476,0.33955598202992104,0.3190915850786962
4_132_132583,0.5743735275219534,0.3832805650267901,0.0,0.06976460171587336
4_132_132584,0.9277740654848473,0.7424125116135026,0.9797446988078912,0.9179667627607258
4_132_132615,0.7500864496369115,0.8522031219126655,0.09919990723562153,0.22421939194741167
4_132_132690,0.06794302806483311,0.23862210562336034,0.036738219123254194,0.351421836601635
4_132_132784,0.8832212398297187,0.5859245283018868,0.2414008400499489,0.12721151307103248
4_132_132826,0.8705345669493704,0.789643198631171,0.9208469518260622,0.8842309827873404
4_132_132900,0.916752967418147,0.8216549372732439,0.040330965170680994,0.00016328530024084582
4_133_133027,0.9580665411173885,0.829620253164557,0.9794522778338598,0.9189936597868609
4_133_133075,0.028176295721856016,0.10214257325577195,0.0010388531061707874,0.08403457553380274
4_133_133086,0.8969182727186702,0.7250233064014916,0.9533609560661576,0.8336141038197845
4_133_133160,0.812165596575709,0.4906960414289476,0.007350525624178712,0.0
4_133_133166,0.09989565217391304,0.25769870641360815,0.112160090373598,0.1625793471851261
4_133_133167,0.9211207640527013,0.8352530327165788,0.5594534711964549,0.4285943947269707
4_133_133201,0.8548186385214546,0.6277098614506927,0.1516570161389676,0.2874429725048184
4_133_133219,0.9275079099199702,0.7954535244170897,0.007082484214746267,0.0
4_133_133232,0.7807881773399015,0.8779878244152515,0.7604385128693995,0.7270607050043313
4_133_133244,0.907381193124368,0.8262355835276828,0.9240450913866696,0.8401028596214022
4_133_133309,0.511179752463607,0.08190517974169843,0.9602374252911335,0.6802608695652174
4_133_133388,0.9103922662204871,0.9311744463072443,0.9449372134741878,0.9433227925079056
4_133_133414,0.7465315785454267,0.6451246705858504,0.0019431624969638087,0.17645089752709317
4_133_133490,0.22724905746839133,0.19168250766186912,0.0036261079774375505,0.2282793867120954
4_133_133491,0.040483066940971674,0.29804508065377633,0.0002507876299001552,0.3521817987837405
4_133_133603,0.8052259927385003,0.5763582460011032,0.944108025335839,0.8618992097421946
4_133_133636,0.9005867887317085,0.7249634828458442,0.9187432578209277,0.8158818632596185
4_133_133660,0.9429522031972734,0.6917429120072291,0.057708846969783845,0.08538570033633504
4_133_133693,0.3987459386876716,0.31908032633581634,0.00029439472444653793,0.07618735311799749
4_133_133698,0.9549677419354838,0.8720771184784732,0.5146603205962912,0.37634581391611766
4_133_133759,0.7907529722589168,0.5645462890558597,0.3011037527593819,0.1534355520527334
4_133_133761,0.647649906459141,0.36740022379709064,0.9861663599121296,0.9399242523181403
4_133_133770,0.8853132915334468,0.5873468567985539,0.8730179110226616,0.6026425536890517
4_133_133812,0.1381441998359932,0.2333442730554644,0.0,0.0
4_133_133920,0.9312433816829611,0.7675819015524005,0.027874289324068224,0.0
4_133_133974,0.8398491611513006,0.8026117831136788,0.8942530710420067,0.892598061244142
4_133_133988,0.9066187098726007,0.7617872565435798,0.9243740606327211,0.8112968820605513
4_134_134054,0.9116840134128816,0.8182023283097193,0.007356102221160735,0.0
4_134_134095,0.9539534568765095,0.7668753949560522,0.013360037700282752,0.0
4_134_134121,0.9491632641324975,0.8342580073663108,0.24356723375915723,0.16916065018351953
4_134_134170,0.9590654613315237,0.8365043695380774,0.9838038295617952,0.9302040598859822
4_134_134183,0.031268770095042926,0.034875444839857654,0.00024832381425378696,0.0765914413455397
4_134_134206,0.46078351523049355,0.3989143192488263,0.49403840522110193,0.532299050421292
4_134_134216,0.894391464450949,0.8523268534881764,0.6651111073672861,0.27574639382757465
4_134_134310,0.1736635836337984,0.005301676943467989,0.0,0.0
4_134_134338,0.9206126356094448,0.8200565574645182,0.9405011867810845,0.8641247379454927
4_134_134339,0.883011845542712,0.7147092663067528,0.9254249181350382,0.8207340574632095
4_134_134356,0.603204327923429,0.8612841399137517,0.05919540229885058,0.06317947924323906
4_134_134378,0.9406828057107387,0.7762208463293143,0.9364084543976504,0.7001450017059024
4_134_134424,0.946192232588414,0.7939109113199837,0.9497838227346425,0.8144833871903223
4_134_134559,0.7894341974653154,0.27027249696195754,0.9107438472574771,0.6153890959925443
4_134_134592,0.9488658116385911,0.7963751044912227,0.12982694778206,0.08680947012401354
4_134_134647,0.8480187973939977,0.5803653290076874,0.07304413476359747,0.0
4_134_134652,0.9371302733278639,0.8433761508352169,0.680586855539714,0.4890365089652193
4_134_134659,0.7130954924161504,0.5858881011688063,0.8755063882829542,0.826704676077061
4_134_134664,0.93280862078073,0.8600065189048239,0.958179787828029,0.8835692171605485
4_134_134679,0.769789029535865,0.5522778387991004,0.9412474946270315,0.804986224044083
4_134_134689,0.8613815484469171,0.7674015679819812,0.17317908157242357,0.1784321010588891
4_134_134692,0.9022610135058876,0.867098919368246,0.3177023240481292,0.23613818669905084
4_134_134693,0.8317577090996596,0.5511133603238867,0.9692004435136135,0.9241054064566316
4_134_134720,0.9154375614552606,0.8212227481178115,0.9742822503675806,0.9551102307514213
4_134_134777,0.8904159527541832,0.788781712473573,0.025050668828536685,0.014290730337078651
4_134_134797,0.9447120648127874,0.8560238878310542,0.9299776113641628,0.7498842699750023
4_134_134940,0.9465530208072198,0.7706011551289351,0.964436785210716,0.862378640776699
4_134_134943,0.7024009771044709,0.24693449670683412,0.9900392945261811,0.945682743567141
4_134_134970,0.9647259348562639,0.8227885425442292,0.9835335141418055,0.9308085501858736
4_135_135051,0.9461349059184728,0.8128743985073161,0.9757280005103179,0.898283090437213
4_135_135123,0.6214372993094825,0.27565221092054304,0.8177656938325991,0.4900165140369314
4_135_135127,0.9164008120649652,0.8056453350570998,0.6024732199117833,0.4373601789709172
4_135_135138,0.9570401916422677,0.8740940632228219,0.9779982265573044,0.9373538660001612
4_135_135150,0.8818440599564115,0.661940010107316,0.16151480006051133,0.0
4_135_135184,0.8014773073408468,0.6698762480209377,0.9337812341815839,0.8889445107628327
4_135_135259,0.9179341284604442,0.80309513621452,0.9260963251994642,0.8121666426409111
4_135_135266,0.7975220470732141,0.44811114580081174,0.8885832850801003,0.6708189343405931
4_135_135294,0.790008431703204,0.6483784900980798,0.922310958350182,0.8738096312677709
4_135_135296,0.4671523549940138,0.5132283108464611,0.0,0.0
4_135_135297,0.8022182826492114,0.6795046439628483,0.925088531735222,0.8544976123184875
4_135_135395,0.9444800286951398,0.7949686106814666,0.9375401412973667,0.7760040954996044
4_135_135402,0.9057470051190036,0.7822564579321336,0.9396344945745289,0.8662198208056905
4_135_135492,0.3599153407158245,0.147071329860742,0.9727834188213127,0.9520017453910767
4_135_135531,0.79802532732346,0.6311086672623548,0.7581515364766597,0.6127014346909635
4_135_135659,0.9314521259001043,0.7503992484734617,0.9287435087531453,0.7377570782993637
4_135_135701,0.830516463537809,0.842359014317717,0.9000309501702259,0.8930830442766783
4_135_135739,0.7836175859984759,0.3842552713381521,0.26391959798994974,0.27100498068240003
4_135_135773,0.8751131221719457,0.7899128401360545,0.04661190965092402,0.02074539277257284
4_135_135774,0.8800174520069808,0.8046434297250757,0.252663497787248,0.28798199030247057
4_135_135781,0.8679951914185315,0.7656832098659702,0.032897137792607264,0.019953213155359847
4_135_135795,0.8717321112384127,0.5659008081128188,0.5374518207056413,0.4269406392694064
4_135_135809,0.6597420090141429,0.469532643596147,0.8537048284239296,0.812062496499972
4_135_135945,0.29989023051591657,0.147475712693104,0.5504853397378164,0.04805545217714924
4_135_135964,0.5474268983897,0.2308228487784477,0.919577685088634,0.8260604675957658
4_136_136025,0.9706835518771502,0.9252086385933618,0.9794884910485934,0.9429251656907535
4_136_136057,0.8540974529346622,0.4890476535867121,0.9482773761086556,0.818049124219851
4_136_136065,0.9492632212054818,0.819260993144959,0.9677215332836394,0.8825273722627737
4_136_136256,0.9510287073095082,0.7844439311698811,0.15788333814611608,0.00891946992864424
4_136_136419,0.6874447842337751,0.4898823353069025,0.7078318463781726,0.4403532223437437
4_136_136517,0.8419258046917621,0.8654712481229573,0.9332493041331863,0.943434216321651
4_136_136550,0.9671672645467259,0.863938368727836,0.15431840087164228,0.0001590988640341108
4_136_136593,0.7841719393391584,0.8589094997189433,0.949347420758235,0.9718543046357616
4_136_136640,0.9293427286501046,0.7915430532222897,0.026523917300307707,0.0
4_136_136642,0.8868990672088017,0.7858324560084223,0.6977890206642794,0.6637554585152838
4_136_136687,0.9623754457293299,0.8856390757531442,0.9548874752035023,0.8353632248329381
4_136_136759,0.8815939278937381,0.880262399077278,0.9445779725717517,0.9158020452340077
4_136_136792,0.9095845584748175,0.7220455838548814,0.9559857334849581,0.876695679447973
4_136_136917,0.31103294249022895,0.16791009313818667,0.3768493111934599,0.34185602515629093
4_137_137087,0.8964884230473145,0.8298329588746703,0.5547679989499246,0.5710513447432762
4_137_137110,0.5973913943618233,0.50052360788599,0.7521698902938715,0.5961454013173945
4_137_137215,0.2620795665867633,0.0,0.8804156609254183,0.629448007041368
4_137_137256,0.02054240032382109,0.10666404753719982,0.5865751703474605,0.21033613129069897
4_137_137270,0.34523316164426815,0.35692229601116704,0.13876799464345496,0.2002490823282643
4_137_137280,0.8955437448896157,0.8112329465765651,0.9514665066386617,0.9027124273456961
4_137_137324,0.758968511534076,0.6081343943412909,0.020040307701041756,0.005825076382741784
4_137_137444,0.7493631770159102,0.34347826086956523,0.9640703562545851,0.6861682102251336
4_137_137457,0.14379441624365483,0.0,0.8150391729262579,0.48658618376928237
4_137_137461,0.8227567383145684,0.7827157598499062,0.9606418407508326,0.9528102819873393
4_137_137616,0.9598022235879099,0.849454430446471,0.9887483645878762,0.9546094497944473
4_137_137626,0.8621500936284631,0.7155062808320195,0.03803742481621742,0.0
4_137_137663,0.8433023040866178,0.509845121496594,0.9327636434259079,0.7504147465437788
4_137_137833,0.909070191431176,0.8034038006563382,0.9843270586284103,0.9637176938369781
4_137_137858,0.620497932130043,0.3646558715775932,0.9183427024776182,0.7713076247999587
4_138_138052,0.714828681642841,0.4745474425950674,0.9231795354676711,0.9287990859342113
4_138_138100,0.8902557947640837,0.7953007658561975,0.9543798642159298,0.9118501775912173
4_138_138232,0.36723114397817935,0.46258429410485097,0.0,0.08382940915148823
4_138_138332,0.821889924058561,0.5699689498686341,0.92963841138115,0.7748315033382907
4_138_138371,0.9414000958969793,0.7852395755172045,0.9776384459263555,0.9231723893386916
4_138_138637,0.008282208588957056,0.0654949677031696,0.0,0.0
4_138_138720,0.7304043741185108,0.23834212693281284,0.8899617941068718,0.6699194419068184
4_138_138730,0.857023474891742,0.721164293475153,0.2845984038037018,0.23488145501786295
4_138_138754,0.8070895237124436,0.29424373111587426,0.9507751759672448,0.7861524360149474
4_138_138762,0.9019898888954206,0.5683488486036257,0.97121584897165,0.8525410729423162
4_138_138864,0.9038587311968607,0.7839124662363228,0.07137954701441318,0.0036101083032490976
4_138_138867,0.7562349708004122,0.628050192156318,0.2540857787810384,0.2924277456647399
4_138_138880,0.9109574997803228,0.7323091053312737,0.13987869598180439,0.07351607178071386
4_138_138906,0.9374716467563889,0.6816053511705685,0.9512583958393226,0.6946832393363631
4_138_138911,0.6914073788652345,0.6249157448158281,0.9496081396947614,0.9323114355231144
4_138_138914,0.8974266631744369,0.7293617021276596,0.9708315193730953,0.9247680516337232
4_138_138932,0.8456459795677254,0.8334837939369231,0.5860324712409235,0.5555863087000645
4_138_138935,0.8052048260381593,0.7242032078199215,0.08351372413195948,0.051883538015730646
4_138_138939,0.8669788122747331,0.7677754895458829,0.2157611393226681,0.250488097276931
4_139_139018,0.9512276045122761,0.6456339128736082,0.008998953610045343,0.0
4_139_139056,0.1519020550940096,0.16820080288714975,5.901943425656591e-05,0.5826052889324193
4_139_139062,0.9591232227488151,0.817704280155642,0.5046231437377416,0.3443160064791636
4_139_139102,0.8523334192787948,0.7483955468238376,0.8808198380566802,0.8532525951557094
4_139_139123,0.3961744966442953,0.0,0.013362364137591965,0.16227522066851707
4_139_139219,0.7539758269720102,0.4971429812935885,0.9155749026830187,0.7931655350913388
4_139_139232,0.18436487787796552,0.21575109956607727,0.00012161196661751517,0.23771265003415412
4_139_139240,0.4146609637040259,0.4043465405085748,0.0,0.18871312262019008
4_139_139244,0.8236624412307326,0.8262161935862011,0.9063357195423831,0.9143399295201952
4_139_139245,0.9112327656123277,0.8687710718387611,0.9589191083081505,0.9396922115459729
4_139_139246,0.8830318462912133,0.8006987454343338,0.9635557834590872,0.9384070314096886
4_139_139249,0.7188355312266733,0.5057315936626281,0.9687863645697857,0.94041024105405
4_139_139256,0.8984242995795513,0.8354465270121278,0.9578012215435869,0.9364026856833062
4_139_139261,0.6081964830693213,0.4026541614827575,0.38697694744892386,0.3985030147619378
4_139_139325,0.6856576338400528,0.25981823818303446,0.9695346310029932,0.9072645739910314
4_139_139369,0.9369806094182825,0.7642252177024932,0.7488613546206964,0.6115563937346116
4_139_139387,0.9470368076684886,0.8434367927578403,0.38791246173035493,0.23112419155584624
4_139_139403,0.9523728813559322,0.8231113857562181,0.38181818181818183,0.2453339329885316
4_139_139410,0.9062809449710001,0.8140210028314397,0.9439814814814815,0.840678203601205
4_139_139482,0.38434803788396865,0.037245298990265435,0.0007123293168661523,0.4475457458596628
4_139_139513,0.31339698182938097,0.05311125993652273,0.9652132806851677,0.8521917457062291
4_139_139556,0.5802066570678411,0.18904627524041753,0.649066909421939,0.4899029783393502
4_139_139680,0.8047349050034815,0.7492486707251291,0.45871559633027525,0.4652463790328761
4_139_139734,0.37022797001825314,0.24613346917982679,0.4388659793814433,0.47317496329907915
4_139_139824,0.13634380685868722,0.099158261374356,0.001369347163739687,0.15190392501464559
4_139_139965,0.5896473906911143,0.43250730179759717,0.9628069843372924,0.9181356115496918
4_140_140016,0.8735115704336104,0.6612399643175736,0.8651792524790236,0.6376061296334645
4_140_140067,0.2606006971799825,0.1285253356069345,0.0,0.0554934554501857
4_140_140136,0.18029716037294052,0.17981400179389131,0.9459918182609452,0.8172673324649009
4_140_140140,0.9021386479507383,0.7395431745636944,0.9274471903907221,0.7898606811145511
4_140_140266,0.7361702127659574,0.7997136721546171,0.8599812753562883,0.9035863996273871
4_140_140285,0.8293360976299298,0.7485824798909938,0.9360790059145911,0.9124845252833064
4_140_140318,0.8785357189843441,0.7965344989072745,0.9353722719075485,0.8680268180797485
4_140_140326,0.13932878105477262,0.12023815938358748,0.0,0.0
4_140_140347,0.8674963684189863,0.7389791675505961,0.1511390834145909,0.14673237625883864
4_140_140448,0.44378743861994496,0.24527715420480056,0.9606194945016985,0.8955940854161976
4_140_140686,0.9383351588170865,0.7396712572190137,0.9795863030678649,0.928604118993135
4_140_140696,0.2796275035081005,0.06043246986245318,0.9151389518688865,0.7710852713178294
4_140_140699,0.22171397441436702,0.0,0.008698724314414484,0.4691060291060291
4_140_140700,0.6675625676288875,0.25483219117905465,0.9603002070393375,0.8697394789579158
4_140_140705,0.9662576687116564,0.8861345336968237,0.031705596488477816,0.0
4_140_140735,0.30403468985969545,0.23587792712824415,0.17977803166313042,0.1494178201988906
4_140_140766,0.9288179266553168,0.8089579996900346,0.11794290222375622,0.07890095609393855
4_140_140875,0.9180137824434855,0.7609550818772299,0.8891083619225838,0.7109792818300301
4_140_140899,0.9205049888006516,0.7782990854020667,0.9434236390052132,0.8348409134037573
4_140_140907,0.8828205904376504,0.4485531651659908,0.9921353584184134,0.9426450742240216
4_141_141015,0.8281299776999044,0.7975809320526503,0.8341574743248383,0.540773083344035
4_141_141033,0.27029446497276294,0.0,0.0022615021921636815,0.38276271139680523
4_141_141115,0.8553891480481218,0.7422718201441779,0.5516978978407686,0.41727751045554706
4_141_141132,0.191725616701925,0.1957555433204865,0.0004299604240973274,0.5152132938415971
4_141_141180,0.9597126878528452,0.8198482549317148,0.09729162640457194,0.12028953475522157
4_141_141190,0.7499755930879625,0.7163496110348434,0.1743035667794845,0.15361708309122604
4_141_141284,0.8795439349685048,0.7752290133653702,0.9475671302538814,0.9193976279650437
4_141_141406,0.8631327173113091,0.6552617445423814,0.02190697233800682,0.022765536929946564
4_141_141410,0.9238665751834063,0.7187454412837345,0.9680205741760546,0.8809407419477486
4_141_141412,0.9706914435788219,0.8588768409127691,0.9813922842731858,0.8489816963134829
4_141_141471,0.8256997019629337,0.7027012527160064,0.961533774726837,0.932422099025043
4_141_141472,0.24580049646928398,0.275169475517871,0.0,0.05279312461632903
4_141_141474,0.6566835999696717,0.3739509902651897,0.0,0.0
4_141_141480,0.8021917534027222,0.6760391711848023,0.9256820319849483,0.8722266244057052
4_141_141483,0.21171817782334848,0.01585160202360877,0.0,0.26623556262535447
4_141_141568,0.7893230945304857,0.43646884579616296,0.2687016136554426,0.024300415237407474
4_141_141591,0.690816526336401,0.4134684318692348,0.2856469701253416,0.14615782091976084
4_141_141718,0.8383176156134954,0.5508300243984117,0.9413156649313772,0.8589555880917521
4_141_141727,0.3544796883695047,0.17998926505377413,0.0,0.0
4_141_141728,0.9159198052116251,0.8208704145864988,0.6997291807718348,0.5265582007417156
4_141_141743,0.732250793976027,0.6707700144324645,0.35135505064330685,0.3306041159548573
4_141_141747,0.7127762231014185,0.49633577614923385,0.11603853902371178,0.3589003501466831
4_141_141769,0.9120363244574419,0.8646211646837821,0.9559104899758756,0.9348102536644134
4_141_141771,0.7981935483870968,0.6902682592520071,0.9401650618982118,0.9038295421825511
4_141_141791,0.2260632408303127,0.0,0.2316133885817322,0.018176156929903087
4_141_141857,0.9519119351100811,0.8577310717797444,0.7104622871046229,0.5154134910704129
4_141_141883,0.45001541148669477,0.17275416926485612,0.302937389890229,0.06108485575227481
4_141_141892,0.9191705562038117,0.7474224843066387,0.8591824863835863,0.7277252784340196
4_141_141894,0.0,0.0,0.3331677394271891,0.28802737553728663
4_141_141903,0.7930991888664718,0.690504140359783,0.12432656444260257,0.001829246842790305
4_141_141904,0.9597365247240004,0.8758251219745528,0.07824550128534705,0.0
4_141_141905,0.9409569589829544,0.8454498582108791,0.08163607128500602,0.0
4_141_141906,0.9278221081412867,0.7635363261222958,0.06311743686754948,0.0
4_141_141907,0.8653480295938396,0.6738392215764383,0.06242802805597236,0.0
4_141_141914,0.7405990081611933,0.40737140857664944,0.3822663000785546,0.35591643406918716
4_141_141919,0.38310294591919575,0.17429181494661922,0.6416907910919377,0.441204619409175
4_141_141959,0.6259879125987913,0.29009112810306903,0.9206769111067885,0.7053216838760922
4_141_141975,0.5356055550921678,0.3502914496602628,0.5497257545920808,0.36746695595078366
4_142_142009,0.9520772089411503,0.9085588487972509,0.9685338865836791,0.9492550442575183
4_142_142011,0.4254752687553067,0.23982584289878017,0.43293453221371775,0.24592495062541145
4_142_142037,0.8118036735922914,0.5653727077875684,0.9376925370167942,0.7901171152660776
4_142_142071,0.952522801953137,0.7116701875680174,0.3578123490192289,0.020811319887903707
4_142_142102,0.9343645706415215,0.6809080146188294,0.23088888260414606,0.01776408211356324
4_142_142115,0.9198498802924746,0.8278677333915845,0.17745736217073796,0.11954256399294608
4_142_142131,0.9557801642451043,0.8167464870269986,0.9846813513606971,0.9611107807575667
4_142_142233,0.19809471830112382,0.14941254125412542,0.0012798166814962885,0.2948396793587174
4_142_142237,0.7769757311761045,0.6596494242997079,0.7697010869565217,0.7178564081464719
4_142_142258,0.5635820523990291,0.17150578052299004,0.9868809807293734,0.8322307488753639
4_142_142301,0.9245321399511798,0.8006248894653069,0.94503337259521,0.8305431771648801
4_142_142305,0.3695678228145449,0.15280987915208347,0.967519049464032,0.776675316745535
4_142_142344,0.0,0.0,0.0,0.0
4_142_142364,0.5870579636813403,0.2528188026044148,0.976615190671289,0.9294102629563441
4_142_142405,0.7954367934224049,0.33379125372060314,0.8426201323820167,0.26789378966312
4_142_142457,0.6612228461486834,0.41699241502498124,0.7431302880805706,0.46017804436827575
4_142_142469,0.8631676684748082,0.47812832328961363,0.07267414459421247,0.0
4_142_142509,0.9134200593151793,0.7959224706450057,0.09385244392058639,0.013519034354688951
4_142_142520,0.7660723130262507,0.5731278723979454,0.6149006416246184,0.5757767913760304
4_142_142527,0.9164198053322048,0.8815864484078508,0.9413105413105413,0.9238621863037005
4_142_142529,0.6595365418894831,0.5744823214537259,0.9313809486720149,0.93359461249724
4_142_142537,0.30963783685831886,0.4256865635821305,0.0,0.15558597091531223
4_142_142541,0.8503563394393089,0.6172213394858846,0.019697775414340157,0.0022139054346107215
4_142_142588,0.0020477815699658703,0.050245220698628766,0.0,0.0
4_142_142598,0.29498221708017314,0.27921409636675504,0.025284336845875995,0.0011682644400920867
4_142_142625,0.7606630725785748,0.45531597820518793,0.9428376224094739,0.8390237569778008
4_142_142627,0.8799864391456662,0.8606509124547977,0.9573477604428787,0.9205013736263736
4_142_142628,0.8482749775554701,0.8032283533643302,0.9445498321902817,0.9632311977715877
4_142_142635,0.8734115563427053,0.6646409162624906,0.303759627077422,0.20893150684931508
4_142_142638,0.6040819856438641,0.5244279159043878,0.11663440265486726,0.1109762129592158
4_142_142642,0.9073115745247733,0.8266771488469602,0.9570355643914292,0.922286448298009
4_142_142643,0.8963033815337872,0.8469052127977673,0.9548347613219095,0.9340498799958259
4_142_142644,0.9110734702519585,0.8802086351782092,0.16508567931456547,0.13405714285714285
4_142_142647,0.7569377061905685,0.693069838627393,0.024017149916430492,0.004067593838791685
4_142_142656,0.884648207851318,0.4641727900244934,0.9773982789758844,0.8951463283260518
4_142_142658,0.8613997459550632,0.4480903472500111,0.9555571666787501,0.806423658127065
4_142_142667,0.8630895091434071,0.5982783357245337,0.3606520892449786,0.28334819722257615
4_142_142677,0.8561857718730483,0.7316747198519584,0.9505844155844155,0.9202525438273875
4_142_142715,0.31333165955310066,0.21689381240434372,0.04491552956465237,0.06549277932607044
4_142_142738,0.6001591788566567,0.39710074604233636,0.9493480662983426,0.8608540046896211
4_142_142742,0.8577752037397096,0.7991073010025151,0.2657295850066934,0.26072583798386234
4_142_142758,0.9037421321793863,0.6359253306960069,0.43496675959682607,0.3959948606619113
4_142_142765,0.23989516129032257,0.0,0.056476324298701516,0.13402798239269995
4_142_142789,0.688859752438943,0.5438765670202508,0.9461176690441336,0.8771073965133798
4_142_142848,0.35759149655755523,0.1894662682506134,0.02085796318189495,0.0
4_142_142887,0.9013615090058148,0.7848876328892478,0.7120167351049818,0.6350433671754185
4_142_142894,0.9169668555292073,0.5684216051650832,0.38501164489006434,0.20733553269939842
4_142_142916,0.731003955547184,0.3119553768074308,0.9744430217669654,0.9055758303691043
4_142_142947,0.3038395638629284,0.0,0.06981286775344844,0.23995305498257344
4_142_142948,0.8609176388647048,0.7261321249113721,0.08904109589041095,0.08911205073995772
4_143_143056,0.8652407962715416,0.6519835596854896,0.977126906091159,0.9319251456745854
4_143_143078,0.9293470714027828,0.7208990271720899,0.9755686355704103,0.9114763078608601
4_143_143191,0.9252486531288852,0.8347112023525495,0.3809257289975933,0.2042384494909945
4_143_143196,0.9016596653123063,0.7990472700622939,0.9676356008390771,0.9401027261951798
4_143_143198,0.867090689768615,0.8588613899318059,0.9333085869834199,0.9303064884251712
4_143_143199,0.8759550561797753,0.7161375813792706,0.9468227212009415,0.8919332406119611
4_143_143253,0.8046915865287892,0.4895889390238854,0.9553148273527421,0.8886479117610608
4_143_143262,0.7548452395606801,0.36298029176138247,0.42647592647592647,0.16150532390473868
4_143_143495,0.04096681687832855,0.43476456383942047,0.00922830477782421,0.48872253234810104
4_143_143505,0.7772265532719111,0.3631291501316255,0.9734728189800113,0.9426653984358486
4_143_143609,0.4813461637420882,0.20473742196107234,0.9746545008270636,0.9272355141506105
4_143_143630,0.9596392333709132,0.8948892501524081,0.966332462060625,0.9185085027822559
4_143_143648,0.7743247922437673,0.49141159757200054,0.9214547019582526,0.7897821519407277
4_143_143691,0.891091665471238,0.629451354574885,0.9828366109524879,0.9373320302956267
4_143_143733,0.8886147660818714,0.7617723124969502,0.9060892568461275,0.8067048917816003
4_143_143735,0.48214702450408403,0.5221214492887067,0.45903860783567896,0.5280510879848628
4_143_143747,0.7935319090187416,0.656199764226771,0.9103816202727703,0.8381545700095844
4_143_143757,0.5702539550374688,0.49314268298877434,0.3753541930427443,0.3861694758716232
4_143_143776,0.9333483160496998,0.8270326471199834,0.9713210130047912,0.918774850351728
4_143_143828,0.9839873520350252,0.9074936979604308,0.9827955218966085,0.9149078478002378
4_143_143913,0.9286168723756203,0.8088571085206105,0.953618480418697,0.8652725823266082
4_143_143962,0.16127905109971574,0.0930836269237901,0.0,0.0
4_144_144039,0.8068,0.46262850791886634,0.041899804814573845,0.006886331938633194
4_144_144110,0.37581159649797524,0.45356133408705485,0.0,0.07850561655938407
4_144_144178,0.9666559305656796,0.8535731222412724,0.23068424928979764,0.04191697060716584
4_144_144346,0.47712454568154705,0.2421691221988362,0.9740334348250703,0.9276744555714512
4_144_144363,0.6986359761295823,0.49640797328746333,0.9840780101321753,0.9372112557748845
4_144_144374,0.8972148541114059,0.8105622125582705,0.9374085791067116,0.8975895591956319
4_144_144408,0.8677709152161707,0.6524792765636774,0.19879203638803966,0.3621568743700717
4_144_144439,0.5686471498322249,0.5689618644067796,0.0,0.0
4_144_144500,0.9692257607384286,0.8499029640084685,0.13064156454127446,0.002100989957980201
4_144_144604,0.9424154156397042,0.8819095477386935,0.7505633969873088,0.5303758741258742
4_144_144643,0.30749288594822016,0.2001067235859125,0.0,0.0
4_144_144682,0.8970295513703874,0.8049779701630981,0.9287614297589359,0.8548885635269237
4_144_144722,0.31675323011422435,0.13917849845444544,0.36684489524290337,0.356981981981982
4_144_144785,0.9366430827037614,0.7368477179013223,0.9866811575672335,0.9470541750812187
4_144_144868,0.8310718418007784,0.6371068890230873,0.9689859084046301,0.9362780593772628
4_144_144961,0.9770173300839426,0.872112518628912,0.019757521329142345,0.0
5_145_145114,0.3928241983671334,0.3861576850676356,0.0,0.004653130287648054
5_145_145174,0.8143830703012912,0.6295535050509468,0.8553378988161597,0.8318996265368638
5_145_145275,0.9421199688759991,0.7900382661062668,0.85746218612622,0.634737792133764
5_145_145322,0.8712928097543482,0.8358288602191041,0.9402235086026692,0.9249103704687293
5_145_145349,0.9022231973087611,0.7520185089003258,0.78835679993545,0.5868853870662188
5_145_145398,0.8476794922649742,0.5096671519994582,0.969963476990504,0.8061023622047244
5_145_145486,0.8769379066591694,0.8348201917216158,0.9207005808836473,0.9088649544324772
5_145_145523,0.9327977273736073,0.8279014977281651,0.9729348745418663,0.9063280841420187
5_145_145612,0.15838304104011144,0.0,0.0,0.0
5_145_145707,0.891860465116279,0.6193736186728478,0.21104204985095454,0.16793710149096314
5_145_145717,0.4126943963252039,0.14865022788360407,0.8197944750517719,0.5646486157590508
5_145_145732,0.9138332176823544,0.8336708860759494,0.9745189117451891,0.9108034498411257
5_145_145766,0.5136176215277778,0.2012090715309082,0.9572793114306707,0.9068595222441377
5_145_145770,0.9066539584202061,0.8250280303974088,0.9206539578336068,0.8773524516707207
5_145_145834,0.9347767616998386,0.8346729916106645,0.23521384709304413,0.1828219099512475
5_145_145839,0.8491774639685544,0.6535294117647059,0.9279972635539593,0.8332646048109965
5_145_145845,0.8851627355382791,0.861345239088709,0.9539130434782609,0.9514623799955347
5_146_146158,0.9427938362372847,0.9310419368785128,0.9532561351322639,0.9492543957266859
5_146_146174,0.21690337476843774,0.11174203317502925,0.006268027512757932,0.20666544812039236
5_146_146290,0.930747644818601,0.7718622861892471,0.9824068875163766,0.925507570962559
5_146_146319,0.8831702397848659,0.8465902950394467,0.9641196013289036,0.9400625434329395
5_146_146327,0.686389273172289,0.4323762453910724,0.2644888269597977,0.1949322736401316
5_146_146330,0.4799822311066689,0.422038870553722,0.15875891083323596,0.12764040083627712
5_146_146332,0.9092693404436544,0.786620009782895,0.18867086563307495,0.1743917406685438
5_146_146373,0.9409485300311684,0.7433612440191387,0.9745317462673276,0.8513555239918483
5_146_146431,0.9597634776181457,0.8607813334428789,0.029057320857287183,0.0
5_146_146464,0.26866292368475775,0.0,0.29693752808049567,0.008335161219565694
5_146_146546,0.9473725306473022,0.8446645655110311,0.156082915192893,0.15439408375300576
5_146_146551,0.9404495144971821,0.8350669818754926,0.04177097489449968,0.0
5_146_146552,0.9461547558043281,0.8587650415230778,0.03751552795031056,0.0
5_146_146553,0.940738813735692,0.84,0.01930202975499143,0.0
5_146_146579,0.8982382653689787,0.8047343394666115,0.9477858559153999,0.9189403373712216
5_146_146593,0.585258832107112,0.3203595855624027,0.72692902086323,0.5177211923093467
5_146_146599,0.9574148692423166,0.8526969992115394,0.7341320626276379,0.5326823580849669
5_146_146660,0.8612734470732397,0.6419929639905042,0.8451357620412062,0.7154200819672131
5_146_146821,0.8810793600254716,0.8130283083342326,0.5239401159915479,0.39594292590682484
5_146_146838,0.7284730545003961,0.46883558253868746,0.36556214968677875,0.14664634146341463
5_146_146987,0.9046020761245674,0.7516510953608248,0.024765577737447066,0.0
5_147_147030,0.7514505879102324,0.8110305485951911,0.009386088748139952,0.0
5_147_147073,0.9139418585481123,0.8052769634315692,0.38706250368883904,0.2613044384246718
5_147_147132,0.41092234744692513,0.4084206586826347,0.0,0.0
5_147_147338,0.8981344596972897,0.7270546997509455,0.41105543376135295,0.31592615326502665
5_147_147342,0.9410180065220474,0.8362886952041562,0.006357207342762564,0.0
5_147_147349,0.93667060076571,0.8368501529051988,0.12906794505393196,0.0
5_147_147364,0.9387621234128286,0.8464807591546836,0.8896018667055564,0.733736675309709
5_147_147367,0.8200722087655957,0.6122920517560074,0.7222867895290276,0.548990016252612
5_147_147389,0.44251192858242266,0.2682156553124295,0.9528383591843161,0.8704477611940299
5_147_147394,0.6894998690756743,0.35567586916640564,0.9569134351743047,0.8456443547679621
5_147_147401,0.8974671453509436,0.7889563210530814,0.3556782046127417,0.2899240386604794
5_147_147693,0.939171041386888,0.8487755515077919,0.98751617076326,0.9655367477481398
5_147_147694,0.6810858070694034,0.4564831993403422,0.039701930124602984,0.0
5_147_147712,0.5094604810630663,0.3088443396226415,0.9797054897380277,0.8935029805139508
5_147_147898,0.7449878009971359,0.4571273796625909,0.8079948470712236,0.5104348796547747
5_147_147978,0.6590265606040178,0.5483579391382947,0.07468061973362326,0.0393999705145216
5_148_148004,0.8616545556176635,0.7027828191167574,0.9577464788732394,0.9098560200319955
5_148_148059,0.09533338669655007,0.20455375624010716,0.0,0.0
5_148_148067,0.1681311475409836,0.23712065762062948,9.145690855325333e-05,0.5164195564269085
5_148_148183,0.9450501526384649,0.8753054906859284,0.8384201077199281,0.6142475645992402
5_148_148271,0.18376999265882807,0.19547555817842038,0.032675180519839024,0.23954263249994007
5_148_148348,0.8755480607082631,0.8341010165184244,0.9734680985470625,0.955886169016521
5_148_148420,0.7317145984675092,0.8681975308641975,0.25608766233766234,0.2731315760928517
5_148_148437,0.9629229418518268,0.8924597083653109,0.9701305918310642,0.9146700706991359
5_148_148438,0.9524049104447575,0.8761520737327189,0.9904089376053963,0.9738829063002847
5_148_148493,0.9472680259420966,0.7907966275313214,0.9550778650339412,0.815268088499103
5_148_148498,0.9428715724428864,0.87046758637529,0.9615312733615748,0.9036935477169803
5_148_148588,0.907301422129726,0.6897532243322839,0.7383907936432299,0.5203684483653347
5_148_148593,0.9399396735273243,0.8783051632322297,0.9423596238010988,0.8791007650068052
5_148_148599,0.2836296617519514,0.15691771302033028,0.258160237388724,0.21176024690021117
5_148_148658,0.38686276638083866,0.005055117083034375,0.4086566023313587,0.01518038227521357
5_148_148662,0.9002982961727084,0.8380514705882353,0.5149546320152347,0.4266933011242219
5_148_148710,0.45274784173350435,0.14100770421773276,0.06564890423780784,0.2198798009202742
5_148_148763,0.9348443546388608,0.7349588233178695,0.9822817106755224,0.9243414615053427
5_148_148788,0.779753676008546,0.5027901785714286,0.9404798761609907,0.8637487409577878
5_148_148954,0.8584855705586444,0.6749215207534007,0.9414204516360285,0.762438001738508
5_149_149055,0.8606482213438735,0.7187591776798825,0.5150413223140495,0.3955742273615906
5_149_149100,0.37490589445333955,0.16521278474306905,0.0,0.0
5_149_149153,0.9478311543528934,0.8042704626334519,0.9669734420194583,0.8728559067542119
5_149_149167,0.9494364722547268,0.849747219413549,0.7376008293109592,0.48372320555012005
5_149_149223,0.5867123303683097,0.45822143788843706,0.0,0.0
5_149_149420,0.9419142899805883,0.8516814819419407,0.9545811724029546,0.8883868915049316
5_149_149500,0.805962032825786,0.8301534098233854,0.224763683043529,0.1832811945689683
5_149_149560,0.8974886431816234,0.7818500782324214,0.4783020207278406,0.44465009695046714
5_149_149561,0.6581211501533704,0.46671098554096724,0.4625185625185625,0.37758317305724926
5_149_149641,0.6063747408388079,0.3587605748649475,0.9331299766271838,0.8771881838074398
5_149_149774,0.9322272656127719,0.7680613195561955,0.9246552675124103,0.7631088980298766
5_149_149828,0.8678275146906326,0.7605639609184978,0.9149207595309357,0.8654726280584404
5_149_149842,0.9328797083839612,0.8403781310211946,0.9571251676813538,0.896829359630508
5_149_149844,0.4032087040708128,0.15144236783507217,0.23933283829325414,0.17091212168568004
5_149_149848,0.8785597700309387,0.6130540710468406,0.036872747435542,0.0
5_149_149858,0.7648401826484018,0.4209735761142787,0.9648856410743096,0.8915750155633949
5_150_150008,0.7720264317180616,0.6848789635185817,0.9217402497103875,0.8842618230147303
5_150_150052,0.4593681486539913,0.24649859943977592,0.9828397992139772,0.9439076268611364
5_150_150104,0.9617326241774091,0.8726914925825008,0.5823353293413174,0.2833775659426962
5_150_150118,0.8789694079329999,0.8260948408740593,0.9708826205641492,0.964262605146583
5_150_150186,0.8501905247682199,0.6526123846382852,0.9600627833972794,0.9018983019984522
5_150_150197,0.933792199278925,0.7646532438478747,0.9614307139421037,0.893266403001724
5_150_150207,0.9306768856359311,0.7420734942955691,0.976841982868881,0.9080947715975473
5_150_150259,0.5835443037974684,0.46646411186252407,0.6044757721099108,0.5218225419664269
5_150_150306,0.914527205493925,0.8078460769615192,0.11468418626094974,0.04044501100938695
5_150_150467,0.3229568257465099,0.1800597962047715,0.42849790456584075,0.3361005508573202
5_150_150486,0.8135437881873727,0.8425614717848929,0.8793662225423119,0.9210691036554832
5_150_150513,0.9357984208482547,0.7921343677781446,0.540575500385785,0.47002353979696926
5_150_150590,0.940629839958699,0.8554110255729581,0.1344676180021954,0.056179775280898875
5_150_150624,0.16766939911258177,0.44730477777180633,0.11720496415632467,0.37415481832543446
5_150_150633,0.9415378768685078,0.8574669482906986,0.4530022633470909,0.22030685385936852
5_150_150723,0.9258365508365508,0.8366936790923825,0.9513495123610796,0.890687436505249
5_150_150724,0.9092197777273758,0.760538235196879,0.9206869107383372,0.859608593775783
5_150_150725,0.860827386782333,0.7626245276537272,0.867460758088124,0.8553814092823341
5_150_150853,0.8740003017956843,0.8367260900987714,0.40925147182506305,0.39342915811088297
5_150_150946,0.870996336130481,0.7835573940020683,0.9366277128547579,0.9232638513878388
5_150_150979,0.40143222306776716,0.23635463509220678,0.8465017803868733,0.6244355139412521
5_150_150996,0.7027012483857081,0.30966638152266895,0.004002163331530557,0.0
5_151_151129,0.6686514592418652,0.36366137129495907,0.12430011198208286,0.060756251044161054
5_151_151131,0.15364117895557794,0.06336601128210745,0.24267646389439804,0.06707498364749956
5_151_151134,0.8720246429571549,0.7926865377023292,0.9264724116553007,0.8895250212044106
5_151_151210,0.9158223289315727,0.7011628409631263,0.9785690134984005,0.9105347515663704
5_151_151223,0.9002281684297864,0.6651746144300655,0.6213046318121148,0.3758231945529635
5_151_151224,0.9327880411789592,0.7821628056038824,0.9665013148458045,0.868233651384687
5_151_151237,0.8241239395057175,0.7586354859472216,0.012133107324471407,0.017770317203056264
5_151_151238,0.25937856519696667,0.16924926529521775,0.00012526860479682397,0.5329822339255358
5_151_151244,0.6331330868761552,0.39493525651532535,0.11582640906696573,0.13057770545158665
5_151_151256,0.9645186773501863,0.8185234305923961,0.5244985740333816,0.4389483933787731
5_151_151334,0.9394006588950836,0.8062557403816716,0.9736806632068478,0.9024808000442014
5_151_151463,0.8794424052110076,0.4807766042734149,0.922744326500732,0.6628234691263131
5_151_151526,0.5145859367651604,0.10270703999324296,0.31531010700339773,0.07432697976026724
5_151_151533,0.7689984411535464,0.81021409455843,0.27909903108091105,0.26414862959102337
5_151_151548,0.8591685634303953,0.7589798033416749,0.9201979854116012,0.8877488145310365
5_151_151641,0.8720866465588155,0.6467399196476112,0.5175914717482135,0.21269700332963373
5_151_151669,0.8966764748444359,0.6921973216725882,0.8838169879262868,0.7434871054531137
5_151_151683,0.5403660763579224,0.25696393867415246,0.3608409191881954,0.02212131796483875
5_151_151771,0.8135775862068966,0.5944589521788803,0.8562508736778343,0.7458524027459954
5_151_151933,0.9058865164562935,0.636632623842703,0.18984375,0.046195870490881336
5_151_151965,0.8117970576103396,0.4367302583916928,0.9413987382342026,0.7088958426464014
5_152_152074,0.8173215232038762,0.8067506027323869,0.015902366863905327,0.002855417055625721
5_152_152103,0.8576243811663916,0.6547672842295527,0.1581511504134938,0.07945681796823607
5_152_152125,0.9297964486790818,0.8264242961649302,0.8290986773328485,0.6567489458473492
5_152_152191,0.7339884991024431,0.35337581344902386,0.9679844673028463,0.9134877005941474
5_152_152323,0.9100613218260277,0.7441908146528158,0.9528079623040677,0.8669238889091108
5_152_152335,0.7352769800640946,0.5407248322147651,0.2877761988352977,0.18172416340400385
5_152_152353,0.9437069813176008,0.7893716626435521,0.9547112944162437,0.8304326579709055
5_152_152356,0.8789896355274899,0.6912269606071557,0.952463167587477,0.8685073676996132
5_152_152357,0.9376347898017666,0.8135672079281626,0.9543680765357503,0.8376742726498408
5_152_152370,0.11497899159663866,0.0,0.0038652875702372856,0.13000341664695525
5_152_152379,0.8952132474309142,0.8360466284795498,0.9258713215781094,0.8287024832603996
5_152_152424,0.8965024982155603,0.7610434628033064,0.9082456279180185,0.7993296089385474
5_152_152463,0.7716427041908841,0.7401531296866367,0.9629054185278695,0.9651856126178111
5_152_152639,0.8267518238699795,0.41394709721745104,0.20208352827422726,0.09692943808039042
5_152_152659,0.8182392320323355,0.7211895910780669,0.5536884298157713,0.3262035072042891
5_152_152697,0.9611877224199288,0.7687651331719129,0.9744538203675875,0.8045387994143485
5_152_152703,0.8418080950661458,0.7004810413129599,0.19496977968414897,0.10215525462521458
5_152_152765,0.9525835105717503,0.8525459506770324,0.9797781486207912,0.9352735111829695
5_152_152787,0.9399028322372018,0.5593478529375437,0.21388101983002833,0.17504771388266535
5_152_152955,0.8539103146420018,0.7719204590951555,0.9467881112176414,0.9154498351389543
5_153_153003,0.09814687714481812,0.1591686534673992,0.0,0.0
5_153_153355,0.40339825463792406,0.20243197912784197,0.9353276353276353,0.9604106928128757
5_153_153455,0.8290423861852433,0.8111928104575163,0.9482822312523088,0.9642666191409731
5_153_153554,0.5327446105895886,0.2854695806261075,0.7321392362284556,0.584346701164295
5_153_153651,0.004881416103742419,0.05309979257893524,0.003303910449233197,0.019587384396490395
5_153_153790,0.6934677932224947,0.7067238173931006,0.9130489021956087,0.9314460896223339
5_153_153805,0.5119613450350065,0.3908017888125901,0.2065392585770205,0.0047943477163764825
5_153_153857,0.1741557508428674,0.1514304470279313,0.0007860544689508484,0.3896170055110452
5_153_153860,0.8769601930036188,0.8568154591384968,0.238758456028651,0.20757027257240204
5_153_153872,0.8748102226720648,0.7131365257645899,0.9774360448404714,0.9491346745146271
5_153_153947,0.7495283853092024,0.2052130193172797,0.9805034647457229,0.7267448820782952
5_153_153969,0.2494596290614977,0.030641185357966443,0.00013543218493785745,0.43215689182175426
5_154_154001,0.6156623735050598,0.15883585564610012,0.08262980948823309,0.0
5_154_154018,0.5196192515360268,0.38633447833464385,0.9672832627590818,0.8580239064089522
5_154_154148,0.8836706504113867,0.6886951996877846,0.9510061817703538,0.8641342508074709
5_154_154155,0.5982101881597063,0.6299842673466066,0.2355321351275054,0.24052690816624286
5_154_154276,0.8901917808219179,0.7414902327757632,0.5015221626887482,0.40115761353517365
5_154_154290,0.9190084165018627,0.7962915925831852,0.9677371614621874,0.9299799942840812
5_154_154292,0.8160546408351945,0.5415770749442902,0.03704527402700556,0.0059483267493075425
5_154_154297,0.5675399571593344,0.46359143327841845,0.0,0.0
5_154_154324,0.8828964576107352,0.8015944374512978,0.637952,0.504361239657832
5_154_154523,0.8737964546027175,0.7311551324929252,0.18141137743030553,0.12310513447432762
5_154_154579,0.23922549000969565,0.0,0.2735751633276445,0.00012345297984630104
5_154_154580,0.36778846153846156,0.0,3.0501443735003458e-05,0.2601690438457475
5_154_154588,0.6687966557181249,0.6442225085910653,0.6773898260755852,0.6861006677515291
5_154_154657,0.5995942555122524,0.3579918268677334,0.8723648609191599,0.6260554885404102
5_154_154732,4.2258282623394185e-05,0.014661081492764662,0.9922856420200658,0.9733101807190173
5_154_154733,0.0,0.0,0.0,0.08171626439934175
5_154_154914,0.8693242647521884,0.7895355434870714,0.9344578657708527,0.9324849108688532
5_155_155012,0.9490231712857792,0.7190673185408049,0.9728633141602425,0.7514194464158978
5_155_155026,0.9628962175366933,0.8084708813453753,0.9927084631683909,0.9598800362154821
5_155_155028,0.86990095007075,0.6146381793655629,0.9773210161662818,0.9273241811175337
5_155_155096,0.31136811023622046,0.0,0.005483787064331541,0.2405231429447226
5_155_155113,0.8588615350339757,0.6387898240608655,0.9066502781731143,0.7588304416948918
5_155_155118,0.9005100947318788,0.8249453807740325,0.14168771634390495,0.05778697296140401
5_155_155145,0.9444582094482986,0.8617273967756608,0.9773516140229087,0.9130572911151117
5_155_155196,0.9082025026024516,0.6791980899685451,0.9630060764090983,0.8569172322533829
5_155_155204,0.35463392857142856,0.0,0.0,0.0
5_155_155206,0.8392438540602272,0.8122600796356787,0.6416105001773679,0.579533179918283
5_155_155260,0.7612818085320022,0.4802576683021261,0.9812336448598131,0.9436870805369127
5_155_155261,0.9390928398058253,0.7698979591836734,0.9652169323340019,0.8717068261204192
5_155_155333,0.8505056426791734,0.8288504216600089,0.9219012428619415,0.9158640226628895
5_155_155335,0.8526827012025902,0.7638746978343759,0.43848167539267013,0.5050467181912562
5_155_155340,0.9001324503311259,0.8125977893302377,0.3711851549279337,0.37855842252520316
5_155_155413,0.293551763001127,0.19061748195669606,0.0002670702394729814,0.4782228823555109
5_155_155420,0.8266812259959334,0.7679033649698016,0.43251328302897707,0.5678162825402089
5_155_155451,0.7586662124180223,0.5911265328122894,0.8583941605839416,0.724979896191242
5_155_155459,0.8970808627093243,0.6251192012116452,0.9654752524890767,0.86369825708061
5_155_155509,0.49808722264728383,0.5802996670366259,0.0,0.009401659799199118
5_155_155514,0.9092942345924453,0.8552403584335858,0.9615694705724268,0.9329405016425927
5_155_155658,0.9478399670459812,0.7854436464400837,0.9833220705500744,0.9425993001411996
5_155_155745,0.8656895860766016,0.8368558642385573,0.8930956280710596,0.8690004102283605
5_155_155855,0.7546622758349143,0.4264574718235628,0.0002479646237136835,0.3133132142680453
5_155_155885,0.3250348085825469,0.3834996518913901,0.0,0.09149501486333622
5_155_155983,0.9075897815623843,0.7980593189307946,0.9251141552511416,0.821322994911558
5_156_156109,0.9608749304362554,0.8458174904942966,0.2996021754456642,0.2529918438905404
5_156_156160,0.5560551299565947,0.4579347777728345,0.5788113221383002,0.45961389331047714
5_156_156251,0.817247857226723,0.7450480590515639,0.9451511991657977,0.86552554158866
5_156_156260,0.83651945917389,0.5139239642345232,0.21458645209580837,0.06443702745044616
5_156_156392,0.9137423502982416,0.8335035005834306,0.19717116964512577,0.14748301206490086
5_156_156402,0.8776783463574489,0.8184360938830111,0.90579561744829,0.890139037433155
5_156_156422,0.9348057858472701,0.8197357500168241,0.4989452912357104,0.5189927851306799
5_156_156485,0.7441421534778806,0.43263831625240506,0.8688343558282209,0.7749983714415999
5_156_156556,0.11597542242703533,0.19145752143413874,0.0,0.052262587635436585
5_156_156576,0.8929213386972524,0.6267812545908623,0.28342067651262504,0.2611888770322014
5_156_156589,0.7814145723618425,0.6053528282014745,0.9155740326191237,0.8342076099002586
5_156_156747,0.9719542693819221,0.8914986489295365,0.0587849411421699,0.0
5_156_156884,0.9429016232056595,0.6104663212435233,0.1619429288783738,0.0
5_156_156914,0.9223139763997432,0.7842475565884562,0.4694538389580485,0.31697709605050345
5_156_156935,0.9159900836690424,0.6746308822459816,0.9288623141564318,0.7914974724455126
5_157_157051,0.33076774068573644,0.12821610232267197,0.015850706644803623,0.009158767229930852
5_157_157137,0.930892386678376,0.8677572476560355,0.38186036395272965,0.19064623491887395
5_157_157174,0.8591532726497361,0.5822765088960209,0.8994039331028333,0.6931574864235842
5_157_157199,0.5922416791209617,0.0,0.8532997174045548,0.4251202388191719
5_157_157291,0.9302597484674209,0.5991977784634372,0.02707415869231703,0.0
5_157_157343,0.29655552727581236,0.15116104868913857,0.0001526847060819408,0.1702291353069075
5_157_157357,0.97630900257902,0.7095043981978116,0.1566357557023658,0.0
5_157_157397,0.9598611468243764,0.864811769005848,0.12440025589081992,0.07624756595777175
5_157_157409,0.9489856447977222,0.8203303270672607,0.9461048048515005,0.8191259195153613
5_157_157410,0.7462772651006712,0.44175907898078387,0.9641915336571825,0.9256853711955291
5_157_157450,0.9204957240179736,0.8035982008995503,0.9542769976923378,0.890120719389012
5_157_157466,0.9522744220730798,0.86676662739638,0.9452715046449256,0.8373314172009728
5_157_157483,0.8432968832795414,0.7726239855725879,0.8674403747870528,0.8118128259972232
5_157_157542,0.42207237154525595,0.2458615265536441,0.0043222596371312256,0.5724377141406878
5_157_157619,0.16773762323595984,0.20380464406410118,0.0,0.3620897633209933
5_157_157620,0.8904230317273796,0.8883537112510806,0.3334795963141729,0.2865327625946658
5_157_157631,0.20399321906197024,0.1879432624113475,0.056105610561056105,0.007129030735092772
5_157_157653,0.902061555766732,0.6811159112543018,0.9757615529541269,0.9145895646394151
5_157_157860,0.6439895534466269,0.5857751154734411,0.8021852623170628,0.5280337052641326
5_158_158013,0.91655221406583,0.837866927592955,0.9632975719932242,0.9480157926705811
5_158_158057,0.9198721054161418,0.7085476850019786,0.01136184314344327,0.0
5_158_158124,0.3142512077294686,0.3628913292902803,0.001098623318036867,0.6068183822880833
5_158_158155,0.3753330501602502,0.4835506056251283,0.005068750691193276,0.589018399558178
5_158_158233,0.321639520315017,0.2554125728197548,5.22384161312229e-05,0.12892849219847666
5_158_158271,0.9675060313630881,0.9028784021930684,0.8727669014906784,0.782362414616538
5_158_158297,0.9127202323330107,0.806349649049412,0.963610684168986,0.9386934673366835
5_158_158331,0.8726424141678921,0.8285742861429214,0.2814362657091562,0.23747143945163748
5_158_158352,0.0,0.0,0.0001788314641187441,0.14084093948708323
5_158_158364,0.9078819417067465,0.6247647270834168,0.9127241673783092,0.6458509822905321
5_158_158449,0.8981927710843374,0.7818265379817477,0.12436661698956782,0.03887292952753499
5_158_158540,0.5712306200058506,0.4328425992506528,0.5880776959142666,0.42222898491918576
5_158_158683,0.9220227794099891,0.7056489629164048,0.14646762260197735,0.0
5_158_158727,0.898174041783188,0.7046347767588429,0.045516339869281046,0.04672731149172056
5_158_158836,0.16618273468244726,0.22529728576761052,0.0,0.0
5_159_159008,0.8706712920698679,0.646755584649374,0.9824927052938724,0.9489043620724964
5_159_159009,0.5457661532415645,0.15326258648690738,0.025099315323053543,0.3275495866418325
5_159_159069,0.8984176164656412,0.8783246713543259,0.6304142011834319,0.5730791450028885
5_159_159091,0.8854949362953283,0.7620008406893652,0.9526292134831461,0.8955072730620511
5_159_159148,0.8948311156601843,0.8592010478061559,0.3135096497498213,0.32843090440263584
5_159_159161,0.9195982123102792,0.8189646335212711,0.9479432624113475,0.887674687401492
5_159_159257,0.8398297686599738,0.5271382199743339,0.3839031707443232,0.12284519984799806
5_159_159364,0.8498542274052479,0.8619069985908877,0.9595803764270286,0.9313715610198529
5_159_159443,0.3914192177359141,0.5499447889238087,0.26990774459820344,0.316595487683879
5_159_159505,0.9720432342548326,0.8481590424992392,0.9525884298696449,0.8328674972760434
5_159_159649,0.9144611545281408,0.8458653330951955,0.9594628290528265,0.7880698536436241
5_159_159663,0.7517960374922826,0.32908060373192943,0.9692474201795145,0.8513444716989864
5_159_159681,0.8629998789395101,0.674589336514637,0.6267644873699851,0.4796545194217357
5_159_159803,0.0,0.0,0.0,0.0
5_159_159913,0.8658378658378658,0.6011036657469452,0.9922333963954993,0.9757586327171259
5_159_159925,0.602506209076541,0.3773083886541943,0.9025902955125866,0.9176966843241122
5_159_159927,0.9512510179438938,0.8351292582749457,0.9359109240750482,0.7913393370377467
5_159_159951,0.7555628005542424,0.7576351630210483,0.4434730177871571,0.5128054007715388
5_160_160012,0.9162131813077654,0.6614560071460474,0.21218685251459785,0.19808826520235917
5_160_160069,0.24581249946396563,0.0,0.0008617133428060686,0.4044967937538569
5_160_160098,0.2760143132397468,0.27283866187952355,0.0,0.0
5_160_160104,0.9365798034678203,0.795796902981144,0.9709499198003921,0.7959576991500297
5_160_160115,0.641335636154289,0.16367867609032927,0.9860949451280346,0.9126471920289855
5_160_160128,0.715713028169014,0.7617908122095773,0.1052599425743784,0.09356544324541603
5_160_160129,0.8837394419139433,0.8507712127015076,0.9419666845781838,0.9361260736642888
5_160_160230,0.8993826287760969,0.7734469110308037,0.9692624553536512,0.9384020143708162
5_160_160233,0.9044627789236828,0.8008582406067561,0.019164033770135185,0.008159748618924535
5_160_160300,0.9523063533507398,0.8503449184937827,0.9710989678202793,0.9162337662337663
5_160_160330,0.9327297668038409,0.8169453734671126,0.982552182440938,0.9552149918608807
5_160_160343,0.7348015566470871,0.3935166476324343,0.9827097898635401,0.9311288395575597
5_160_160348,0.8932568251479079,0.7015054419692809,0.17007779772591264,0.06562685273863274
5_160_160350,0.9109997868258367,0.74707986951489,0.16551724137931034,0.053890581654463594
5_160_160390,0.9491600845477807,0.732440159201749,0.9702679091438555,0.8102834776420353
5_160_160391,0.6333910863715118,0.6539492353775815,0.0,0.0
5_160_160395,0.9036534763687886,0.7993683581579958,0.8982660676493521,0.6330549166767542
5_160_160397,0.9547174822388952,0.8104877711759017,0.005212858384013901,0.0
5_160_160431,0.9372305751235411,0.7570832887843473,0.9533554572271387,0.8740543420351625
5_160_160446,0.2397049969897652,0.26665924400155877,0.0,0.019706997843385143
5_160_160462,0.0,0.01709837019790454,0.0021319841813401677,0.31269524470669907
5_160_160469,0.8973139134889848,0.8094431505399111,0.022329068535571674,0.0
5_160_160480,0.9382864208306059,0.7950885419880299,0.47503191119019067,0.2905647435408886
5_160_160595,0.9414746718117505,0.7799514301133297,0.9686489077039818,0.8868046108684757
5_160_160618,0.9548643222881376,0.8193253556958447,0.9858975267521791,0.9517196430361977
5_160_160680,0.7375617378686832,0.3662743895426841,0.00749063670411985,0.0
5_160_160682,0.9570446735395189,0.8000107723796187,0.55460911491218,0.3242832732105563
5_160_160777,0.9000050072605278,0.5777000437254045,0.005007232669411372,0.0
5_160_160822,0.7790396686727497,0.5697626276566381,0.9318634877601467,0.8370218858662303
5_160_160866,0.9472934472934473,0.8891569407315641,0.5757840809696364,0.4996185701830863
5_160_160877,0.915126484254001,0.7564455388180765,0.9764174611138986,0.9304520615996026
5_160_160955,0.8844232779649205,0.8710826531992605,0.5959652738742115,0.5851268431175016
5_161_161112,0.778715177080587,0.8507290513104466,0.04579729430028831,0.09617513839959738
5_161_161126,0.7353084283937936,0.5235509285312324,0.13216490299823633,0.08689591078066915
5_161_161211,0.8669506208489749,0.775497195308516,0.9424042061658567,0.9026622877506812
5_161_161406,0.9743942108650652,0.8833804896051175,0.015156654467553333,0.0
5_161_161511,0.35003871633829475,0.017799269509748444,0.0100135843198137,0.38441368140978677
5_161_161761,0.9273645095702167,0.7052478979414323,0.9606650446066505,0.8652552780864378
5_161_161901,0.9567918667043208,0.8386564160776018,0.11764532831254412,0.0
5_161_161904,0.9103065212919152,0.7903284158057644,0.9766407534758559,0.9306304393971556
5_161_161922,0.9215090483745193,0.7694424841213832,0.04394514152319813,0.0
5_161_161927,0.8749109369433559,0.6301896716084284,0.11846592355066932,0.0
5_161_161952,0.6742775999639363,0.48090088302410955,0.508537441106693,0.4363796955369668
5_161_161972,0.43558300969389313,0.15623439060939062,0.297509095997761,0.05195466700623965
5_161_161983,0.8973704748754278,0.7476084538375973,0.9396593516693061,0.8599346028082323
5_161_161998,0.4653228791600767,0.4349331051649035,0.9698145752479517,0.9423693491503687
5_162_162074,0.8489669159589301,0.5675334055615746,0.9362072719355541,0.8141336914970555
5_162_162079,0.9436190619475684,0.8354683081018134,0.9903396943542639,0.971721902017291
5_162_162119,0.7534487662660884,0.20461403067638922,0.9811418603554759,0.9133010231556273
5_162_162125,0.6682157676348548,0.47735855362096047,0.9880081048670554,0.9609703978379738
5_162_162126,0.7602714600146735,0.4624929142785161,0.04070308461140789,0.0
5_162_162166,0.9370681780921376,0.7992109972344233,0.025764050278631583,0.0217416760997697
5_162_162198,0.9030470914127424,0.6496570924152917,0.06058370402517088,0.027693282636248415
5_162_162224,0.15703529411764705,0.27498792387208965,0.0030107146019658195,0.19386894352432876
5_162_162225,0.8111579369857516,0.840797724702738,0.1254630773030378,0.13016815797593334
5_162_162283,0.8641672219689265,0.7016921019871825,0.8999519710348395,0.7795975217328659
5_162_162325,0.9490560282005219,0.8718227243102324,0.9846235795454545,0.9615594081873469
5_162_162349,0.872930399529601,0.6346865133062697,0.9411661950179925,0.8357164743131448
5_162_162354,0.9239548342709134,0.8474611745991879,0.006822057987492893,0.0
5_162_162366,0.2598338894707358,0.20400323052408706,0.0023312052621396787,0.5834476309226932
5_162_162402,0.8846302864125414,0.7430453879941434,0.9502063814453253,0.9080366972477064
5_162_162408,0.6618260407977553,0.5206169199364935,0.9549754929898553,0.8460057149956516
5_162_162434,0.9260760470951553,0.7930283224400871,0.09748676697370066,0.01575111285036443
5_162_162516,0.7592280985750495,0.47154067746101125,0.6363134505506638,0.3048780487804878
5_162_162517,0.1622578558540156,0.0,0.17512722996931782,0.0
5_162_162550,0.9057770978148801,0.7221838286109191,0.9630306286942504,0.8882466281310212
5_162_162556,0.8204146199317293,0.857400873655914,0.9343239227340268,0.9676137956818395
5_162_162567,0.4892581875912222,0.46957276832233413,0.0,0.0
5_162_162596,0.923715435147935,0.8169731258840169,0.9208554988600586,0.8643816898200866
5_162_162652,0.8922773478986497,0.8620707121872151,0.9731057452123231,0.9601135025163293
5_162_162691,0.8450019389672762,0.5660745325815068,0.8789823294208693,0.6631660301873068
5_162_162733,0.7513625498007969,0.5299315635105663,0.8544680226154637,0.6613938852744823
5_162_162776,0.8921335619106989,0.6537430216712823,0.9534610215053764,0.7798795830337887
5_162_162830,0.723258077072791,0.47642835776248876,0.9353776111408677,0.7390663183618438
5_162_162831,0.7735096557514693,0.5559430398140076,0.14815484804630968,0.07909904444107387
5_162_162862,0.9574834619625138,0.7919928140639035,0.9842198486393645,0.8816315766339942
5_162_162913,0.924512693242335,0.8343629988311905,0.04446060063754823,0.01852624986953345
5_162_162941,0.8988111849081878,0.7710936948386641,0.9411620869884159,0.8725234051817984
5_162_162967,0.9181132075471699,0.7800026818039602,0.9710911098470907,0.920259979628462
5_163_163052,0.0,5.238070294903357e-05,0.0,0.0
5_163_163074,0.7934601267934601,0.4555825024701338,0.794308059960895,0.4729555268664025
5_163_163078,0.32128423888639424,0.1563508235693666,0.004008732638235405,0.37026708621023907
5_163_163079,0.8613698521542669,0.536420408264014,0.003685121875416241,0.09723912802921324
5_163_163129,0.8275996028834117,0.7184533189837414,0.91543056246889,0.8611463352777073
5_163_163211,0.7599368435504908,0.5093766892594287,0.17905041183319678,0.1602638727202173
5_163_163223,0.8256406206814861,0.7071847189060126,0.1413137717087973,0.343999645931532
5_163_163229,0.9304499621012012,0.7354016114295208,0.945981426557106,0.8086315885215335
5_163_163256,0.8935308182784272,0.8177134024159844,0.9647752394988947,0.942887394120578
5_163_163374,0.8863814756671899,0.7882464156294312,0.9718738521278271,0.9421238047307499
5_163_163434,0.9353253865979382,0.775222650538349,0.17988461207267717,0.053927923256416904
5_163_163456,0.9302938463565688,0.7183608302288451,0.9745371018796045,0.861037527593819
5_163_163463,0.9024473147518695,0.8402547065337763,0.9466947858337575,0.9151806391848077
5_163_163464,0.9111477890103844,0.8612194850072455,0.9676161036284684,0.9566255239869585
5_163_163465,0.3826808721506442,0.206393854157215,0.9783549783549783,0.9409144623216071
5_163_163466,0.3288630098801375,0.38239745530102864,0.0,0.0
5_163_163539,0.8574103613288023,0.8304681862557833,0.0031545741324921135,0.06002791996277338
5_163_163578,0.9379650903604129,0.7723444868627891,0.6456121145776318,0.42996501946100407
5_163_163588,0.9120699940345993,0.7939182030091121,0.749493206814751,0.7449749655322545
5_163_163594,0.3930131004366812,0.13198865427040657,0.02185736623835747,0.49888513728737977
5_163_163607,0.3392527855697985,0.0414785718473354,0.5130161200290939,0.28404456590287996
5_163_163674,0.9443073559269093,0.8189854147227815,0.9748106684227856,0.9138982338099243
5_163_163675,0.8903354662129674,0.7662500505602071,0.9479722411649083,0.8920167334843995
5_163_163692,0.7845968009040076,0.6004097927800427,0.22622336227308604,0.275681907378336
5_163_163696,0.037411394066684166,0.15565528130973158,0.37502948530452423,0.4571630592764269
5_163_163713,0.8785674314493565,0.8470670391061452,0.4432189973614776,0.34568909765478745
5_163_163729,0.8391772771792361,0.7040778839088905,0.9621487089080162,0.9212410501193318
5_163_163896,0.9217019712355833,0.8801818557553214,0.12612301313061505,0.07364127439091611
5_163_163956,0.9221889463653689,0.7080586642138076,0.9400411952258684,0.5278963797495605
5_163_163957,0.9300272862576484,0.6943959145276173,0.9400704800378186,0.7408025206190344
5_163_163966,0.7094509198146328,0.5385879419764279,0.4025206774320599,0.30321917368116685
5_163_163989,0.9554364270209827,0.8618321572580645,0.9782138070856672,0.947303282959875
5_164_164002,0.9523863636363636,0.8551114850652083,0.005894962486602358,0.0
5_164_164088,0.9326750259023534,0.7857094526016645,0.9526062060068352,0.8080767424699805
5_164_164187,0.9417192065200677,0.7984112514650346,0.5519781830022794,0.29140883580371274
5_164_164212,0.37156232668906797,0.16654275092936802,4.879000780640125e-05,0.0794188523731359
5_164_164224,0.9615749680882401,0.8437050594848999,0.9695254237288136,0.8763937992929018
5_164_164225,0.8240490255617512,0.4150224374955481,0.9490633877840909,0.7342246484085863
5_164_164379,0.7261512815169827,0.46606125356125355,0.9836819844535893,0.940242261103634
5_164_164390,0.2621117743749459,0.058081858619475825,0.9208792952940242,0.7983967935871743
5_164_164391,0.868421052631579,0.7487631748763175,0.9608867427568042,0.9241796114080216
5_164_164392,0.8849208616650477,0.7894590691991559,0.949830252734817,0.9350353737311596
5_164_164407,0.8659031015609163,0.878611643877993,0.9222908478382931,0.9402752531809919
5_164_164441,0.416215206426303,0.20670334831913037,0.880855567314655,0.7177864548269827
5_164_164442,0.5339255858059042,0.21023910579179078,0.0013086558235184146,0.0
5_164_164467,0.8178580262181548,0.8709095801937567,0.07814735336194564,0.10738293759556851
5_164_164472,0.8990735738439682,0.6671572890881113,0.09417937084739932,0.07291894083523064
5_164_164570,0.9291917919179192,0.725519162586527,0.023100951642976486,0.0
5_164_164571,0.7909058431248015,0.5775228535579853,0.8480001712915382,0.6922615476904619
5_164_164581,0.9308770610666524,0.7589564744780107,0.053167551350103856,0.0
5_164_164583,0.17599123348668932,0.0012077294685990338,0.7450342550150327,0.501790739319519
5_164_164617,0.8614729848964551,0.7749464574500634,0.3437146430060144,0.2405103961077707
5_164_164621,0.7002210281620365,0.3809342843779233,0.944521384928717,0.7997590361445783
5_164_164643,0.39463641811128747,0.10604097162866359,0.0,0.005028829063163827
5_164_164666,0.8855364225111703,0.8435879091396888,0.009832174944905916,0.0
5_164_164713,0.9349562081401339,0.767652618703436,0.9768239166209545,0.9228445411153404
5_164_164750,0.9470656885628543,0.7975765926406224,0.9748523611322975,0.9015038908804757
5_164_164763,0.9344209666121878,0.8019538188277087,0.2697684578418523,0.12394709911044635
5_164_164832,0.3967977416580288,0.13139793895185176,0.823685227084598,0.5404189025445733
5_164_164923,0.7868289390088945,0.5672214494699985,0.8180873612900544,0.6253674727358938
5_164_164983,0.8538223140495868,0.5784628177714422,0.9356473882398378,0.8180186399723852
5_165_165000,0.9250271428152235,0.7449580670926518,0.9535087444858117,0.839364238410596
5_165_165017,0.8699573630698589,0.8888526423711436,0.30760573947294384,0.27084726334893494
5_165_165110,0.8780409901517168,0.7129960765251206,0.9374264239789912,0.8656617525260891
5_165_165210,0.0,0.0,0.00036204009594062545,0.12523108002515676
5_165_165306,0.5830021792077938,0.3180415263748597,0.006591088847877669,0.0
5_165_165503,0.3954821308159137,0.13885012177434802,0.9091620986687549,0.7634181936111561
5_165_165607,0.8154561242210645,0.6745012298442198,0.006163232272925356,0.0
5_165_165655,0.8304128750846056,0.7455181460428509,0.004900685228554081,0.0
5_165_165714,0.08175421936375016,0.14195554742522637,0.11342521245211572,0.17550735530978204
5_165_165717,0.8945479535736103,0.655890045072617,0.9902387041773231,0.9656628861947595
5_165_165737,0.9048890372100784,0.7821894498014748,0.91990009811792,0.8049212598425197
5_165_165911,0.9047040561517177,0.8156648888356205,0.23807404110097188,0.25472993136377203
5_165_165988,0.3295680710475803,0.1144135506551614,0.00072366868559742,0.27818174896257664
5_166_166065,0.9247664172164903,0.8575154730327144,0.976592606689186,0.9544918651261495
5_166_166071,0.8230187738827047,0.6045879589110508,0.174911838790932,0.05312998405103668
5_166_166189,0.9614700149713284,0.8517391745259102,0.0021741046508211652,0.0
5_166_166191,0.32305862200228397,0.08886859293700874,0.012829048448222882,0.5519650912521744
5_166_166319,0.7461378737541529,0.5910926318314477,0.9347956566813991,0.8867141495148898
5_166_166408,0.9158339738662568,0.7119672525884903,0.9251520209848575,0.7380177020708083
5_166_166487,0.9583333333333334,0.8612399505256648,0.0034903288803939084,0.0
5_166_166543,0.6769029953283869,0.5056962669107924,0.9571841083341631,0.9296796796796797
5_166_166575,0.7132949408632113,0.29614684890609694,0.9569280866090119,0.6129731532432883
5_166_166633,0.9591959453655184,0.8849354721987698,0.9864478039180606,0.9631692190861916
5_166_166643,0.8665275049115914,0.8461538461538461,0.32422535211267606,0.3195830561100022
5_166_166666,0.9023856275532083,0.7263839255613243,0.7570748002353521,0.5968647577428289
5_166_166681,0.9460157898480286,0.8445737078278212,0.9285874579229523,0.8005201213616511
5_166_166694,0.9168263803197774,0.6846943712703618,0.367280947747954,0.13193092355879116
5_166_166776,0.47285019162037634,0.2962233578461922,0.0008858143164466192,0.06508828570289768
5_166_166827,0.9875849096039293,0.8947227191413238,0.9593882967519063,0.6123631270690094
5_166_166915,0.8235395708302751,0.8413550351989615,0.5002821525675883,0.570343443112148
5_166_166949,0.8702984167261385,0.7681171229900043,0.09471805421103582,0.08488284608770422
5_166_166997,0.0,0.0,0.0,0.15726190635945195
5_167_167128,0.7951896754008604,0.5821197557185704,0.6887745643307378,0.5746667265137574
5_167_167168,0.16546806747619,0.0751605790432365,0.0791381599101399,0.5468311719988618
5_167_167181,0.8879419838570902,0.8190153705676457,0.8052700683660071,0.7375944855676967
5_167_167245,0.9504146217634117,0.8393887320486069,0.22493887530562348,0.13035317362311682
5_167_167302,0.9127505474145191,0.8855586930213796,0.3392243495336279,0.2643398714356354
5_167_167321,0.9499644977565603,0.7822217214961694,0.15177435766980413,0.0
5_167_167349,0.8849619597474775,0.900556648390742,0.37426152628052867,0.19891829244736334
5_167_167368,0.7986527132168336,0.6463249097472924,0.7677638453500523,0.6419454679439941
5_167_167534,0.18487960107604487,0.1921793534932221,5.853886980955355e-05,0.11016246111303145
5_167_167613,0.8673001046783155,0.7784433199077421,0.4092253651321871,0.2719549677107435
5_167_167664,0.8983032009484292,0.8184858619641229,0.29276436336984407,0.28207309491869254
5_167_167742,0.8440199730522311,0.7761123007375684,0.007418536951826462,0.033067933735713366
5_167_167757,0.9554333913846283,0.8217205138186064,0.1310699813821049,0.08735535931790499
5_167_167828,0.6079257127910018,0.3193717277486911,0.12484425616745577,0.08053443906933887
5_167_167846,0.7981454257604885,0.678908259502715,0.7294412229836584,0.7340088270031703
5_167_167878,0.8629606825578326,0.8269871489766778,0.08112615263880714,0.11109719438877756
5_167_167879,0.9274852331280633,0.8222362869198312,0.010123279042562765,0.0
5_167_167881,0.9139180672268907,0.8172268028292805,0.6929714285714286,0.6739585149032595
5_167_167975,0.8049500579438221,0.5802282541640963,0.15425221951804752,0.0005775339301183945
5_167_167984,0.9364759263927401,0.7810535684485732,0.9613380400067238,0.8660211267605634
5_167_167989,0.8849209189150504,0.7861229377328366,0.038495754144763444,0.007835845673683511
5_167_167993,0.2956739415039779,0.08858412401443272,0.9809164002712389,0.9328593358649108
5_168_168039,0.5922449508026929,0.6243239995192885,0.9235433151782961,0.9256076198817604
5_168_168042,0.8597475455820477,0.7822327044025157,0.22996515679442509,0.24447292534444087
5_168_168077,0.9363329583802025,0.7718938269449053,0.9911196447857914,0.9639074343657447
5_168_168126,0.8534921275736779,0.4871933038761361,0.9707600972326104,0.8810872566287428
5_168_168130,0.4391748539347847,0.7488437744008649,0.0,0.03983469533604698
5_168_168177,0.8761277849383171,0.8517502761589152,0.3364554445083983,0.22565401481929534
5_168_168178,0.9319982065461067,0.7554251865352851,0.108571062658086,0.04509894155545329
5_168_168234,0.37921815589353614,0.5875813936755765,0.0011043248968921142,0.6365718905807842
5_168_168242,0.5680156840778603,0.13164238172333154,0.9632911392405064,0.8877117214386936
5_168_168277,0.8803617707727297,0.7700061399918133,0.5841755875844746,0.5379651104164566
5_168_168383,0.17961834216339206,0.10113182965556551,0.0,0.0
5_168_168405,0.9410845882729895,0.7382033096926714,0.8493936240256568,0.6867618222445164
5_168_168407,0.34866019052982306,0.00016726323888535777,0.0,0.0
5_168_168420,0.9145995970788214,0.7722783063403297,0.9388014305290953,0.8565852940093523
5_168_168519,0.9291271266136616,0.8052097930920782,0.8875399361022365,0.7387513852973772
5_168_168533,0.9522374447330333,0.8380597014925373,0.056901431901431904,0.005568411917847845
5_168_168608,0.8926777352064709,0.7638454421289157,0.9479040239006629,0.9141084705560371
5_168_168643,0.867519735166794,0.8262138244439129,0.4673889646265337,0.47956956499670067
5_168_168671,0.3881933615504567,0.4545224967380782,0.0,0.0011095331084679566
5_168_168673,0.8299125880857946,0.6428243733578012,0.4730999519251781,0.3653316380589108
5_168_168694,0.8366598430569772,0.6838495115360632,0.36065739060294416,0.3007878446820484
5_168_168728,0.1435557203884562,0.14913279689337788,0.001985440105890139,0.1835643658040403
5_168_168878,0.9444640462917225,0.8290816326530612,0.11725778868317346,0.04091637140222298
5_168_168888,0.7048445436355241,0.37158271000198584,0.7566689573311676,0.5006169703128402
5_168_168927,0.8481997516898883,0.6958469840046252,0.04521354454672608,0.004813449482260678
5_168_168995,0.8576441867561795,0.8656147721166528,0.47386483632523757,0.32289875594214623
5_169_169035,0.9383326604763828,0.8630367196033947,0.5939200802062446,0.5277824408259191
5_169_169042,0.9249694559566873,0.7710036371493392,0.01775421984355702,0.017412111172464568
5_169_169043,0.9535707401696222,0.8518099120522402,0.0176852530254415,0.017019555947654755
5_169_169114,0.8404002125840516,0.6008688150841087,0.06013197690404179,0.0
5_169_169115,0.8796952224052719,0.6795263992748697,0.00936373425722178,0.0
6_169_169128,0.837026473599532,0.620253164556962,0.9019588247051769,0.7444237660064998
6_169_169139,0.7989511279895113,0.45617734214725325,0.912255976615513,0.7845009019843656
6_169_169149,0.9567963781394847,0.8097285800157211,0.9946224462244623,0.9764054164956915
6_169_169167,0.5961711711711711,0.29682902909447534,0.930961357210179,0.9019873532068654
6_169_169288,0.706592512208356,0.5678929265739494,0.3033644859813084,0.2717879135789584
6_169_169361,0.8317103853142618,0.4872420678943865,0.008667691877533901,0.0
6_169_169367,0.8830326307975341,0.6611453984389182,0.9554513055494945,0.8728323699421965
6_169_169368,0.849003124295423,0.5965390439108804,0.9575696617493668,0.8813673268862802
6_169_169397,0.03731980273141123,0.2478377390668778,0.9856445454106046,0.9554345634200444
6_169_169476,0.761888745148771,0.5159916177127349,0.19172870683152404,0.1876491759802993
6_169_169491,0.19002073073084053,0.10509326508496461,0.0022043146749539263,0.3554112554112554
6_169_169526,0.46477893691008443,0.1318768985302691,0.5462622011806652,0.31730964261084743
6_169_169536,0.9107242964457899,0.732489360167352,0.041932515337423315,0.0003434852301351042
6_169_169538,0.8633943266531126,0.8480405976881872,0.15224215246636771,0.08692163680128377
6_169_169616,0.5363312673084532,0.3226358965113134,0.9863702742171021,0.9753608165218085
6_169_169631,0.4533984767926426,0.2440272447533105,0.8966344635979037,0.6878781886493969
6_169_169647,0.9067472088884094,0.8247324864266512,0.9788288022645515,0.9595554537121906
6_169_169667,0.6871957795330671,0.5297975936582029,0.9623750734861846,0.8313637815394442
6_169_169686,0.912117218875502,0.8525570960133464,0.03390757451462948,0.01927141955143163
6_169_169688,0.9100212089077413,0.7839837122497455,0.9828846600139244,0.9628593628593629
6_169_169901,0.05073818760291368,0.08565613490986625,0.0011117340200112124,0.5400762437870965
6_169_169936,0.6274218391115195,0.393015192941906,0.0418728751560012,0.0
6_170_170047,0.8976960293271382,0.680704547027476,0.9188518698847696,0.7560624595236382
6_170_170061,0.9323304992369741,0.7278191873046406,0.9364976058760635,0.7610443304494297
6_170_170079,0.44988447573990537,0.33749184605348986,0.16852651299177324,0.13585253456221197
6_170_170155,0.7444947965295016,0.49611708482676226,0.3912791052985394,0.3469539666993144
6_170_170160,0.9101256159344854,0.7404886960493263,0.8459909228441755,0.7439394606009944
6_170_170170,0.8854362256366858,0.7531506936287737,0.6460737855045499,0.5654634395881958
6_170_170247,0.8456222564954324,0.7022653721682848,0.030894936176181793,0.00759144237405107
6_170_170273,0.9050187843175032,0.8137602593981154,0.9718020344700363,0.9525916910991868
6_170_170375,0.8910913999228692,0.8210548946538627,0.946068376068376,0.8875458161116744
6_170_170471,0.2827902001200198,0.14340884984633795,0.007629408334027637,0.36938742783835793
6_170_170474,0.5957126739375705,0.5787196726103478,0.8847239016525594,0.9092726580350343
6_170_170540,0.4821815659412122,0.2651849499920622,0.9791536190390981,0.9464670290226643
6_170_170554,0.8641136504014824,0.6181991589716912,0.9546407681271383,0.8515044939429465
6_170_170601,0.7534034120282612,0.5782634770440461,0.9538908765652951,0.9141049211167643
6_170_170674,0.24059342076972695,0.3849211666443343,0.0015292553191489362,0.07387169433553016
6_170_170722,0.07850736268254427,0.31112771787480875,0.0,0.0
6_170_170744,0.8783324661014356,0.6602217799260733,0.9824616131156633,0.9419222017553365
6_170_170745,0.8563244545576228,0.5957879355801913,0.9840576545097183,0.9498453173338334
6_170_170862,0.39241144585906973,0.09903745354045554,0.1993576017130621,0.199348426739247
6_170_170880,0.8100570575374607,0.6119368323269856,0.9342368505969668,0.8808344038661529
6_170_170883,0.29660509600642476,0.10535432171612387,0.9465577938587914,0.7418867924528302
6_170_170933,0.6961422390284696,0.5754687170844744,0.4603777931352223,0.45663795663795664
6_171_171024,0.9121390327394013,0.8953634499636219,0.9552694325226514,0.9381896912976673
6_171_171096,0.6982335346238501,0.2950287743357414,0.15139023601681215,0.0
6_171_171145,0.9143690883477561,0.8133643102113065,0.42857142857142855,0.26570611293569235
6_171_171163,0.8068882432145135,0.703971119133574,0.011613108495068405,0.009349715313155529
6_171_171169,0.9149749223787915,0.8200645508337816,0.8859295829543978,0.8538725425517878
6_171_171234,0.8700168166979919,0.7953929539295393,0.9568143578238923,0.9393675407265442
6_171_171274,0.056456251981075595,0.013088936980158006,0.0,0.31350274040857
6_171_171354,0.9438064989005619,0.8405949256342957,0.3402938901778809,0.22640337804272231
6_171_171506,0.8720254635477189,0.8030045672441777,0.49214927750597337,0.5101520756267982
6_171_171556,0.9264502394890899,0.8745053702656869,0.9501880770545993,0.9112855740922473
6_171_171590,0.6580181016477141,0.17343128500689992,0.13483675392241204,0.08404122777211462
6_171_171592,0.9256613963681903,0.7157433874877881,0.9781657551535549,0.897664862301948
6_171_171620,0.9230952255062655,0.7376800606520091,0.9623271068016541,0.8742956801717199
6_171_171631,0.9314699314699315,0.8430969816038578,0.09771017607671323,0.07231920199501247
6_171_171739,0.7751686706117372,0.5841176470588235,0.9468499207073863,0.8769508440386453
6_171_171771,0.9128679796784744,0.7801975648977717,0.9722796078578673,0.9065393518518519
6_171_171866,0.6410465836759984,0.28228038920104154,0.964264943457189,0.845515675486857
6_171_171885,0.6757654385054489,0.4911486680034374,0.04877300613496933,0.123428000333139
6_171_171936,0.8745145029336419,0.7277142989313966,0.04507441530829199,0.0
6_171_171964,0.9381997707837433,0.8406002839180694,0.9915819120638397,0.9777989216619093
6_172_172009,0.9082163847906921,0.7496271748135874,0.9196672398098513,0.7953567192001356
6_172_172101,0.9440164675794529,0.77142702351284,0.9523013923013923,0.8448612538540596
6_172_172328,0.9068162926018287,0.77987187819144,0.0805869177675184,0.08220740480786103
6_172_172511,0.9365901801134962,0.8586914653607,0.3580529408705601,0.2635985288424313
6_172_172514,0.8463389056813275,0.8316030474085185,0.9195718008310444,0.9294291754756872
6_172_172558,0.9587596792035398,0.8643395014885296,0.9800904003443822,0.89445211786372
6_172_172573,0.8554319547860411,0.5756450915381289,0.9666683972794766,0.8904509052924791
6_172_172668,0.4341999529216958,0.04004068799704087,0.005333112500517577,0.49335608293263017
6_172_172678,0.9245945037398101,0.7364919174778959,0.9673898274378369,0.8525102733607289
6_172_172688,0.9266293429053601,0.8054612773835236,0.27382945557415855,0.21176906910619359
6_172_172693,0.8492606488633856,0.7236428209030948,0.09001217246460376,0.021327360373959197
6_172_172700,0.8941058026725243,0.6282037339133587,0.9731206016107314,0.918874466571835
6_172_172745,0.1251837042725311,0.2717484250388287,0.005915928414293358,0.5406577201002802
6_172_172802,0.9272418113477716,0.923422000379099,0.9563331132698293,0.8140944404650394
6_172_172842,0.9602582586347396,0.9229822161422708,0.982684546283036,0.9629472493282422
6_172_172922,0.9539700036743829,0.8182707355242567,0.9826942535152298,0.8796505985118085
6_172_172926,0.7822591572196378,0.6432906271072151,0.24721470294913805,0.07536137729413675
6_172_172963,0.9202108568864962,0.720910653523696,0.07205825053574907,0.0
6_173_173010,0.7598148365170514,0.6271534410425779,0.9628573572446912,0.9568753546434651
6_173_173092,0.007827345575689947,0.1588618443606445,0.0003335398103587935,0.21622916777594378
6_173_173102,0.9044228399287964,0.8847882540950859,0.3784026996625422,0.3351713859910581
6_173_173107,0.9142615748563704,0.659327316145222,0.9869372693726938,0.9154891742330629
6_173_173119,0.9416276303973204,0.7822746861532697,0.14608514211557547,0.18097405553026855
6_173_173175,0.6827901555565518,0.3494919617670419,0.9011681809753384,0.7846522134933747
6_173_173190,0.8448782173086888,0.7599605800366043,0.36574074074074076,0.27181995109536405
6_173_173247,0.6269940261274863,0.6124116069251402,0.8756229235880398,0.757453073242547
6_173_173323,0.9630541871921182,0.8258180881216182,0.0685246087548197,0.002608317635125344
6_173_173461,0.8581326029162974,0.6911443229979924,0.9182212086659065,0.8382746653445712
6_173_173567,0.8514403618760416,0.8701894532304205,0.954706684856753,0.9696156262493575
6_173_173657,0.9394988516779214,0.7392828118650955,0.0297244521588197,0.0
6_173_173675,0.9764802127006852,0.8560339897050413,0.9784747527329516,0.7636158669766786
6_173_173705,0.9051497705022419,0.625930426857056,0.03222938430762392,0.0
6_173_173708,0.9177482733984282,0.7250557289344628,0.12359331928003892,0.0
6_173_173709,0.8863599370625577,0.6828696397168237,0.9910768854663244,0.923511592683211
6_173_173740,0.48311485917528624,0.5016939911990342,0.0,0.044310034319888544
6_173_173794,0.9056763285024154,0.6933231635766252,0.015201351231220553,0.0
6_173_173847,0.9043314046930248,0.7367406481192039,0.009679854358154612,0.0
6_174_174049,0.8495297059173711,0.4846192468619247,0.9688136349688973,0.8824128276915245
6_174_174050,0.838555078683834,0.47944652055347947,0.9551593280875049,0.833258961773018
6_174_174086,0.5662130455185359,0.22224166083508282,0.9060445387062567,0.7930131490973925
6_174_174161,0.687449150002141,0.44103072348860256,0.7100416101176716,0.4981010809231668
6_174_174175,0.5999356723578761,0.326039719035828,0.18128210005706677,0.13898621066503808
6_174_174181,0.8671336529817201,0.7507759385161099,0.8007908196157648,0.5950059541530217
6_174_174201,0.2809536529985308,0.26563999232393015,0.0019768706138183255,0.2307017543859649
6_174_174252,0.9194415882306415,0.8180668727170554,0.9548660084626234,0.9043824701195219
6_174_174253,0.6439571357604145,0.29125883632408917,0.3255046477091469,0.2899187481191694
6_174_174261,0.6857436600411241,0.5664754148929607,0.16949306248299628,0.1712865084958108
6_174_174321,0.8448585151322261,0.8290431458663738,0.36638781201115417,0.36332402834442773
6_174_174330,0.7963101386246263,0.7690642396394805,0.061161420152364525,0.04914094020581169
6_174_174336,0.7872827655436351,0.4563773250664305,0.9587123862841148,0.8582226186564011
6_174_174349,0.9166198539443062,0.7595523400406964,0.7931242981774207,0.539131336166684
6_174_174394,0.8453683442742523,0.7246062197092084,0.9597033975566766,0.923732772716655
6_174_174395,0.7468620345570086,0.6051265561119022,0.945597807468311,0.8772180540669287
6_174_174475,0.8922974767596281,0.6196010905438369,0.013811579104033338,0.0
6_174_174476,0.9062313412582098,0.739253046024802,0.007067772753137073,0.0
6_174_174480,0.8633131001993115,0.553307424175648,0.49723973731718163,0.37593254756544386
6_174_174534,0.8208220764183712,0.6093071607656088,0.9880767496618406,0.954786491766676
6_174_174563,0.8988114173342202,0.713032485442844,0.05694614246187504,0.0
6_174_174684,0.37965181805250087,0.10316145281018027,0.0,0.0
6_174_174747,0.9390695607082006,0.8156674208144796,0.9593777009507347,0.8254028538874721
6_174_174769,0.9502059544293238,0.8581394359606959,0.45625067765369187,0.41361988215742557
6_174_174805,0.8664144933306789,0.8265442213161605,0.9541998389838089,0.943964794635373
6_174_174861,0.8643362892692651,0.6418305458555412,0.956278815347347,0.8972933430870519
6_174_174938,0.7105399579820468,0.5807844936965149,0.02629665071770335,0.0
6_174_174960,0.15652518492426912,0.2874471161570182,0.0,0.0
6_174_174967,0.8698779183417549,0.6607520755331271,0.9883922897691167,0.9625008911385186
6_174_174973,0.8142441362780346,0.8339447987808319,0.5751459891404569,0.5944333996023857
6_174_174986,0.39995838643397746,0.3222428809081123,0.0005717085919634107,0.14006900458314023
6_174_174998,0.8443061132362375,0.4696539040294265,0.96968340977738,0.8866026989583868
6_175_175009,0.8860891363088843,0.7428658397382238,0.9602507428074498,0.9246413502109705
6_175_175026,0.7005582922824302,0.445545148895293,0.9018073411589342,0.7961246840775064
6_175_175085,0.927607986488675,0.7129091980139696,0.9911874533233757,0.9636443063780216
6_175_175104,0.9676234388062727,0.8466967989598168,0.9809025063832004,0.8053255761915418
6_175_175106,0.9301876809113262,0.8600984518798601,0.39050863306949873,0.2050020992023031
6_175_175174,0.8156893149140119,0.693937684157733,0.9100511635583429,0.8663509788677645
6_175_175203,0.952426536344514,0.7081462722075131,0.9881581368451489,0.9001835802416428
6_175_175269,0.8780674427501777,0.7773519341816137,0.911088969640136,0.7565001669767664
6_175_175275,0.9257142857142857,0.6876294194340057,0.8907467224016721,0.6180545933213246
6_175_175335,0.0855993083715856,0.21188384137700017,0.0,0.0
6_175_175466,0.7897665580890336,0.6171532389424884,0.8685511785066754,0.6743245306060144
6_175_175479,0.920496217251974,0.7152941982797025,0.9891992418010801,0.9487179487179487
6_175_175480,0.9552899936265137,0.8411447532144338,0.13097851393600746,0.0
6_175_175481,0.9097956730769231,0.7411656539814518,0.9444566067240031,0.8128907725231841
6_175_175506,0.7014859755561418,0.4305744253029727,0.8423049952563627,0.7173219538467912
6_175_175528,0.19967898367597842,0.24958350877835345,0.012365832409984014,0.4607303651825913
6_175_175578,0.923618012119795,0.7765855915782167,0.04872511718832111,0.0
6_175_175647,0.7624428689675028,0.5873514458728668,0.9261226010806782,0.8737485073941398
6_175_175670,0.5691895512391159,0.5410179139460908,0.9573085846867749,0.9670593892762683
6_175_175676,0.8567001994991299,0.806251043231514,0.9202623403520883,0.7990587366769714
6_175_175726,0.8174450171145297,0.5756911395112561,0.710374700365869,0.5150517131796383
6_175_175807,0.9078028141296861,0.8651043391851606,0.9573894282632147,0.9310922886889007
6_175_175967,0.9157699080414792,0.8206828661727371,0.004912430585219991,0.0
6_175_175973,0.9297465943514303,0.7325293753865182,0.9766719103710241,0.8798002345730392
6_176_176020,0.884212987316617,0.8009910907269756,0.9493952271984308,0.825737123497962
6_176_176068,0.7464312864262185,0.26252271309630354,0.9326649774154456,0.7339979892761395
6_176_176075,0.7599154135338346,0.6731037521110214,0.4491874848411351,0.19654658669824654
6_176_176121,0.9233035176743786,0.7547981234006256,0.5536928378504238,0.47300339603922614
6_176_176144,0.003364509059480816,0.035615163450831794,0.061653764303118155,0.08492063492063492
6_176_176160,0.7975304400931333,0.5621964621220178,0.988192270000239,0.9511671061627112
6_176_176305,0.3062280157252224,0.06632717055916514,0.9815412186379928,0.9476391453442363
6_176_176314,0.6574181365606626,0.22532575385407164,0.9188016027197669,0.7820646926295461
6_176_176357,0.8829168197966434,0.7111041264424588,0.09590371475148278,0.0350016092693917
6_176_176381,0.8890249127746832,0.8131540452346123,0.9667275309393386,0.9438181927783471
6_176_176386,0.9614863800976224,0.865841362312346,0.2905706059416307,0.12094422165512213
6_176_176392,0.5954378401848435,0.2546514047866805,0.03814021067925899,0.0
6_176_176411,0.12869829399392382,0.09717942021415513,0.9707220692132679,0.9469878077934497
6_176_176526,0.7991382719646983,0.5241166318466709,0.05348456075544341,0.05198759024616544
6_176_176617,0.92011378136963,0.7402950483576236,0.4534810126582278,0.26059690215338116
6_176_176649,0.4598774438284214,0.4953533131701952,0.0,0.0
6_176_176713,0.5931198102016607,0.5298580446314791,0.0,0.0
6_176_176761,0.8680393606734543,0.7148986619996612,0.9488461538461539,0.8947467520241009
6_176_176798,0.9571915227156251,0.818656911418866,0.6847544412875831,0.42385528547201806
6_176_176817,0.8192645365572827,0.5511420456818272,0.9415120634091108,0.8317241379310345
6_176_176923,0.9155467534304711,0.8773475655807864,0.9839585895858959,0.9749496875331003
6_176_176938,0.8228666289912404,0.5407909410654542,0.010814058275758487,0.0
6_176_176943,0.7938355837587672,0.46413199426111906,0.9251935609647413,0.7974329438867862
6_176_176982,0.8574672965116279,0.6199466284303182,0.9809081707444767,0.9365981635330127
6_177_177018,0.5872072803153258,0.4316348534462104,0.11105092091007585,0.07179212429681221
6_177_177044,0.8349177711470405,0.7405246252676659,0.94581519109821,0.917695976519506
6_177_177110,0.9063513255769597,0.7784939306047911,0.3524458075583511,0.217764758452907
6_177_177129,0.3177491082596007,0.0015647184955521428,0.3583900912509533,0.2240155617475422
6_177_177213,0.7648683302100799,0.7449027975343765,0.7048699643039266,0.6404405413187446
6_177_177225,0.6659552604537191,0.5683809269043001,0.07269924098671726,0.09995092425977425
6_177_177229,0.9301297360098109,0.8444841024146847,0.9384736535761975,0.8363686062801107
6_177_177279,0.8875723082664676,0.6707536963577353,0.3406642493036944,0.2549237916074788
6_177_177302,0.9252619892225622,0.7921287584577812,0.956671490593343,0.8580975629276881
6_177_177307,0.8668822932521563,0.7311473057329411,0.25286053737890696,0.13710210011887466
6_177_177397,0.8860050308712555,0.6788979690913505,0.004417075058034563,0.0
6_177_177406,0.8648187840997662,0.6251029484434195,0.987617493105195,0.9659666908037654
6_177_177408,0.8521576345221523,0.6190502213235696,0.9827295229522952,0.9521759923481588
6_177_177411,0.8478956671284574,0.6163851260186735,0.9794828555368185,0.8966867469879518
6_177_177415,0.9602317144059813,0.7959026271390697,0.9727674954820216,0.8627224627224627
6_177_177585,0.9681503922939486,0.8802451333813986,0.7613763819900657,0.48464885772996497
6_177_177589,0.6896374509437488,0.5551960411115341,0.6796800947867299,0.5146647689727037
6_177_177722,0.8851020321220125,0.750163505559189,0.4255197132616487,0.2464485381724865
6_177_177913,0.922333893864143,0.8041187509021797,0.15438980270076985,0.09266345718635559
6_178_178076,0.8495642868062987,0.7404718188393702,0.3778095749120611,0.2889623008161679
6_178_178122,0.8156273338312173,0.7377738825591587,0.23522740161052513,0.21875970195591432
6_178_178143,0.8933524268917696,0.8064397348825791,0.006449981029467561,0.002035796081092544
6_178_178145,0.8916037520018303,0.8046228710462288,0.0411092316366805,0.01595020424042015
6_178_178184,0.6842680421383923,0.5792288055891441,0.8125069544898186,0.8048834628190898
6_178_178187,0.7763641065425394,0.39562993956299397,0.0063090548265750425,0.0
6_178_178230,0.83777933405488,0.6629105576541392,0.4422610015174507,0.43379833578071464
6_178_178275,0.8139954853273138,0.6143989806031431,0.9498217713188922,0.8838237949088283
6_178_178277,0.5206775275902494,0.328723176730591,0.9537792693158417,0.9142648668369209
6_178_178279,0.6901920083030617,0.5854542033212589,0.9545758679652071,0.9373023255813954
6_178_178280,0.6503538684252855,0.4246575342465753,0.8148808060948636,0.6669477652661342
6_178_178281,0.7543457687901579,0.470276117865238,0.9120987330138515,0.8423946663000893
6_178_178282,0.62607861936721,0.4108447962212364,0.8370765417261323,0.7919014084507042
6_178_178399,0.7445005409304003,0.5879399434532514,0.8597552195824334,0.7804095443673065
6_178_178407,0.8995287464655984,0.8417537942664418,0.8781705205256188,0.8594658910629297
6_178_178412,0.8962102143075584,0.7533904466854234,0.7899302905408844,0.643410626893498
6_178_178463,0.6333950513381585,0.6082763261186498,0.5798205439760725,0.42844948784896564
6_178_178466,0.9079927135598095,0.6943681592039801,0.8810122164048866,0.6515956174345725
6_178_178467,0.890513162683489,0.8333782981708304,0.5105210084033613,0.46667736414206246
6_178_178470,0.6578548355198102,0.5270054694621695,0.845478749630214,0.8161214953271028
6_178_178511,0.4851995154708283,0.41446194121613583,0.0,0.0
6_178_178685,0.9488953816187401,0.8296246252586243,0.975586199495627,0.9186810240829275
6_178_178773,0.5868555352002094,0.4248683043863767,0.46122698025293984,0.41729372363098605
6_178_178822,0.47592419608696207,0.14933098935442915,0.961972731146144,0.9068241025814527
6_178_178865,0.8464609554743537,0.6209610604805302,0.8786887577330584,0.7025486434639627
6_178_178879,0.9530817858553932,0.7596626844694307,0.9743589743589743,0.888309627698759
6_178_178884,0.9229043504623313,0.7778762425830316,0.404367642718956,0.25314259410077544
6_178_178885,0.8976566135104268,0.6827443231511775,0.9781787857027033,0.9324105698364192
6_178_178886,0.5919743834309852,0.5689856355369574,0.7048271363339856,0.6841091080375112
6_178_178980,0.038988969312952385,0.05339195979899498,0.0,0.0
6_179_179030,0.9228535949770013,0.6388018250347154,0.0945684721221999,0.0
6_179_179051,0.09289888085569971,0.14697196066849658,0.10154651828819246,0.1694272736586865
6_179_179071,0.45601223213674436,0.3877303507057912,0.0,0.210304145470289
6_179_179090,0.9657663412111811,0.8511309836927933,0.9874220749650613,0.9209006928406467
6_179_179159,0.9428235178737803,0.8312147912754586,0.9852925945106162,0.9584086799276673
6_179_179207,0.849252195932579,0.7411419315650941,0.4819730048011595,0.5217270677995491
6_179_179253,0.2030730523856591,0.3072562358276644,0.11666899538912952,0.1562213670514935
6_179_179254,0.007516691976822119,0.0,0.0006959910913140312,0.11009311544070903
6_179_179287,0.23421986727712332,0.05078393073958718,0.002066115702479339,0.1643594462671041
6_179_179313,0.05510929360790614,0.09276977707634641,0.06739339918092026,0.13606855362243572
6_179_179324,0.8543012019797314,0.6137406171809842,0.6008031244842951,0.35574095192365407
6_179_179346,0.25542454227647093,0.27430234096019046,0.00030781692993114623,0.09761018541065154
6_179_179391,0.939373876856143,0.8680659670164917,0.9713942788557711,0.9361245909039612
6_179_179398,0.48788163796845607,0.2504220596510974,0.024764588121895158,0.0
6_179_179416,0.9113432320441989,0.7198709846140435,0.900953552752999,0.7307692307692307
6_179_179431,0.9082551050033872,0.8353826179929739,0.4247205098735764,0.2690866259770853
6_179_179434,0.8974018427824355,0.7411500059197285,0.9630091185410334,0.9112247071352503
6_179_179438,0.8969610636277303,0.7635933806146572,0.9765139304628138,0.9377086628009137
6_179_179605,0.25193496244176095,0.10945645821157218,1.1377340887887682e-05,0.15693130399012753
6_179_179654,0.9139479685391166,0.5552874785311197,0.9908110166264754,0.8850350535027147
6_179_179687,0.9503281887528827,0.8876017740120474,0.17204903241864228,0.0
6_179_179688,0.8178183709289475,0.5953112203112203,0.9452304191162526,0.8772291075799371
6_179_179783,0.7643410528953578,0.4741142840643317,0.988654339169803,0.9595516113965437
6_179_179931,0.9113261577959909,0.6873043874125079,0.9864782028630151,0.9455796213049993
6_179_179932,0.888872208669544,0.7565008428679029,0.055740748554791344,0.020048644892286308
6_180_180004,0.6903420729209341,0.4089621687234473,0.8342196224408402,0.7402956556717619
6_180_180008,0.907384403036577,0.8245405740243651,0.9404095904095904,0.8735415882574332
6_180_180009,0.8307658058771149,0.6419419602117175,0.33716903734484044,0.25599925446158145
6_180_180080,0.754418747801618,0.31648135829452945,0.9389048165137615,0.7790807924547133
6_180_180098,0.9676985697748236,0.8424548087486268,0.404993439839469,0.061616054738475645
6_180_180161,0.7407962653711857,0.36121655185341395,0.9722925780950188,0.9053214041895727
6_180_180163,0.7560700932474436,0.4803893704703709,0.9646734346575905,0.9238683127572016
6_180_180170,0.9328383169442772,0.8866583963008909,0.9797536457595922,0.964414466798465
6_180_180223,0.9469767110604658,0.7741480436558023,0.9788528604288789,0.9142304904566321
6_180_180224,0.246169813185727,0.051458059490774546,0.0,0.0
6_180_180251,0.9409742397830718,0.672296587006798,0.9751918158567775,0.8258910282671037
6_180_180282,0.8656982818667286,0.5269984336786568,0.9662593861151364,0.858642710250027
6_180_180315,0.9527073181838882,0.8229175809707715,0.9804459282222487,0.9145905843561092
6_180_180375,0.8745423735905107,0.5183143874153174,0.910484834010031,0.4943417515680483
6_180_180377,0.8749585161694753,0.7966919595314164,0.13561581073764006,0.11908200426974758
6_180_180405,0.9456612143055171,0.6433144808451606,0.2513089005235602,0.016633251652186827
6_180_180414,0.9247618061309031,0.7364468602488914,0.9454362865431823,0.8325040128410915
6_180_180459,0.9320100211986896,0.8790510221040385,0.9541314248536109,0.9327286795048143
6_180_180464,0.8813161398836639,0.7453335018750263,0.5495885664789952,0.28359865299249964
6_180_180488,0.9608634556163482,0.8121661086972006,0.06637002924886427,0.0
6_180_180577,0.9219776781057683,0.8922256320327342,0.987532292485679,0.9849033351305554
6_180_180703,0.934545824709036,0.8544149686018198,0.968028863327856,0.9254774518096425
6_180_180705,0.9385935708208486,0.8624687129495455,0.012252777558900007,0.0
6_180_180781,0.8948099565029264,0.7005224780386978,0.9778692873203143,0.9181488203266788
6_180_180885,0.8932814316768616,0.810973264089248,0.1895277323252271,0.14084441334266387
6_180_180942,0.861612857346039,0.7940949440370514,0.9095215157353885,0.8667166621216253
6_181_181006,0.7445607970719805,0.3829745376875949,0.9802518313472639,0.9429866532359608
6_181_181152,0.7024365925095033,0.3325212464589235,0.7429540709812108,0.45078937067803243
6_181_181182,0.8967824461281118,0.7769691016252902,0.9769592730812916,0.9545174853861143
6_181_181247,0.9006461759376388,0.6263984696539331,0.01672291532365098,0.02615983238551332
6_181_181344,0.8139224712816762,0.6948775055679287,0.0001577287066246057,0.03393731430723522
6_181_181363,0.8757822277847309,0.7885997634428169,0.9418978102189781,0.8883133540525875
6_181_181382,0.12660510748809695,0.40896745604421786,2.699711130908993e-05,0.1538961883699753
6_181_181415,0.4228181122563803,0.02322777178396903,0.015701929474384563,0.0
6_181_181419,0.4043048476423733,0.014624550540963253,0.009250416132289137,0.0
6_181_181443,0.5397233350971351,0.3720533193249721,0.044230943533037255,0.0709070907090709
6_181_181487,0.9001724562700173,0.819997187456054,0.9199226097705164,0.8532212612962783
6_181_181586,0.7239830053230454,0.23550113015364368,0.9829889282352414,0.9237942444600421
6_181_181594,0.6754730348023733,0.4902599093702797,0.19545494198726338,0.20713091517045867
6_181_181625,0.6102860069335014,0.03848297588755604,0.9814301373396093,0.822841560362359
6_181_181781,0.921499636010677,0.8107667210440457,0.9653974731906395,0.8774138934447913
6_181_181787,0.8860439489207234,0.7546450863695747,0.15670050944827835,0.11933024680614056
6_181_181837,0.21264778733944487,0.13605394063700874,0.0,0.0
6_181_181841,0.9208441222164682,0.7131329850514664,0.975772157564906,0.9063757094836612
6_181_181842,0.8971671034568826,0.8240829652391012,0.9426799345692476,0.9141642671054436
6_181_181845,0.9392294291617712,0.8671682824482708,0.3635540219969808,0.3038461538461538
6_181_181907,0.8414915788880752,0.846839546191248,0.9279619618315639,0.9283021993952698
6_181_181909,0.7951573086821787,0.7492633590825835,0.7602523659305994,0.7258528924177646
6_181_181932,0.8465729676181042,0.8819878279795252,0.8793757606127854,0.8845782424318764
6_181_181933,0.8967389069375334,0.8661378120021243,0.9479076544783935,0.9264875844919973
6_181_181934,0.865077926785067,0.8557606225466565,0.9229423868312757,0.9130034268027561
6_181_181937,0.8732634556193328,0.8431200701139352,0.9363678588016721,0.9255010217617323
6_181_181938,0.8521251002405774,0.8247104024034434,0.9244442444424444,0.9215955554168357
6_181_181941,0.5320716435781876,0.32503712083716324,0.5714080408148601,0.3957682969129379
6_181_181950,0.9007127339253725,0.8774971261689501,0.9106072670885546,0.8780487804878049
6_181_181951,0.8584773971867282,0.7956560491626401,0.9241987811164003,0.9028824607863108
6_181_181954,0.8875272057592499,0.8492101755480559,0.9243796480376997,0.9134997332068536
6_181_181956,0.8658124221391706,0.877964047667138,0.9538409245411285,0.9519393282773565
6_181_181957,0.8699919549477072,0.8746928746928747,0.9216686674669868,0.9112508485476437
6_181_181987,0.41147987491173205,0.2067235159068547,0.45068909306461175,0.2570406319742109
6_182_182027,0.8224681484236958,0.7689740337761164,0.9718718606987387,0.9498335710889206
6_182_182070,0.9631015711988123,0.8381471013993245,0.1407880792575227,0.0
6_182_182072,0.9579505635003315,0.8502748451269523,0.3069526627218935,0.023523876734885908
6_182_182190,0.5977320551788637,0.5393126177024482,0.12203345869537024,0.04740256140156345
6_182_182191,0.8737605033650592,0.6639497594869054,0.1313163530323051,0.010331611398100316
6_182_182214,0.8150695638580585,0.8414167686658507,0.327639469380338,0.31975940827440463
6_182_182221,0.8565286413546765,0.8444018841554946,0.42709291628334867,0.4093850308248841
6_182_182225,0.7790432047674226,0.559890622915833,0.22968272819816762,0.10358785648574056
6_182_182274,0.7201259484850049,0.4234270685818329,0.9523742821123407,0.8514842632331903
6_182_182357,0.8244083092116465,0.6329826593314674,0.9434578283452881,0.9150967199327166
6_182_182417,0.9303831770635738,0.7887580015908489,0.16837537135201258,0.0
6_182_182421,0.9385628436261347,0.774864229553376,0.9326188215077104,0.7758005795378558
6_182_182422,0.8145444714787781,0.579059189658268,0.05398827303905299,0.0
6_182_182424,0.7275085102934025,0.47284937376400793,0.024842644683339833,0.033950617283950615
6_182_182431,0.6287959325167553,0.47675985592825815,0.971999564760074,0.9344056069727739
6_182_182480,0.7307383627608347,0.3024930274916045,0.07619439868204284,0.0
6_182_182481,0.08738851903027257,0.18433316807139316,0.0002453104812991643,0.25329865516366407
6_182_182498,0.8179549784014382,0.6410060362173038,0.6115510471204189,0.6117425073500373
6_182_182531,0.9559481496968429,0.7988118811881189,0.9857621805198763,0.9517186318177998
6_182_182532,0.8825235678027556,0.6790119760479042,0.9299477048227774,0.8439731932164994
6_182_182566,0.8563991145363614,0.6011041741912182,0.9863471453122017,0.9559552939620396
6_182_182687,0.49964461911531066,0.07961963344212905,0.0001347164219318335,0.4201342977884939
6_182_182722,0.8166629403036647,0.5700539518326937,0.9741797997819407,0.9108488890642883
6_182_182727,0.4494946544371093,0.3847191903155388,0.5010157096424702,0.48927613941018766
6_182_182767,0.5158943174669742,0.47597972731815263,0.000557742782152231,0.1610928161970972
6_182_182867,0.956064478081384,0.8320936550029105,0.9648064013019597,0.8564564564564564
6_182_182890,0.8971692950599472,0.5941745765866369,0.01829876899190418,0.013143539924151904
6_182_182903,0.15212670360940542,0.08031663287962158,0.0004824349809218894,0.11626461781820237
6_182_182962,0.8051978322941553,0.543836344314559,0.37439630937792834,0.32274755837267965
6_183_183016,0.9338542684117992,0.8372745270567532,0.003803870751995987,0.0
6_183_183024,0.921808214086601,0.8053723182979735,0.457854788774593,0.2606206398845321
6_183_183025,0.8574091332712023,0.7421862729700016,0.026228915117804008,0.035765259004281756
6_183_183027,0.8685828343313373,0.8124484487024934,0.9340146242621795,0.8940388296417828
6_183_183051,0.09516839713976429,0.17027348394768133,3.256003256003256e-05,0.24955482065632154
6_183_183077,0.89288906367309,0.7171299948948809,0.34875074955026986,0.22203265902997807
6_183_183192,0.8133384022158258,0.6587042705876449,0.6432274358633524,0.4447526825438367
6_183_183264,0.7545630808317176,0.7246058760300967,0.138731396172927,0.10394724357149634
6_183_183280,0.90558675168935,0.7751746136501128,0.9634196677329481,0.9110639587753865
6_183_183414,0.934808552958727,0.8480019463536281,0.96350518721365,0.8891845068679619
6_183_183464,0.9228466793436158,0.7528671410927483,0.9794003204394598,0.9279112754158965
6_183_183467,0.7976535444201004,0.6227453378171813,0.003898635477582846,0.0
6_183_183470,0.7839605631641539,0.36811005158668125,0.23331946857184802,0.005358538309827708
6_183_183522,0.8718680848026269,0.7760110980685092,0.26982190778238596,0.16251667407736772
6_183_183532,0.8901074234407568,0.733451171011931,0.9640390230007833,0.901689628281778
6_183_183539,0.9069470572426767,0.783934576582085,0.9631598375784423,0.9089638157894737
6_183_183614,0.8112578977599081,0.7757054041128647,0.7416413373860182,0.669716620769299
6_183_183629,0.395152251074164,0.1372954634782069,0.0008508626802174427,0.010569797108492285
6_183_183630,0.9097197959611487,0.8440710209258085,0.22767823103316812,0.16486601965451994
6_183_183665,0.10966723905880169,0.21800563014291902,0.007115438629341822,0.026908396946564887
6_183_183704,0.42369492511269446,0.30339272638515985,0.0,0.02131890859915679
6_183_183720,0.895543592044265,0.6546548956661317,0.45391417566321274,0.14185858947934402
6_183_183730,0.3838654177021602,0.3580709094913015,0.0021256495040151155,0.10535154500671742
6_183_183779,0.7296893667861409,0.5616671392117947,0.8148274683976768,0.6339911841314366
6_183_183795,0.05636847710330138,0.0936152274717079,0.0,0.16136093564325474
6_183_183803,0.9210517306309699,0.7435211959190354,0.9862724001038845,0.9531923101652414
6_183_183804,0.7924326253792611,0.44966309948474037,0.9366657942946872,0.8310078525537024
6_183_183829,0.9241808827511508,0.8430593607305936,0.8422356146289111,0.6269355419517465
6_183_183831,0.9248812351543944,0.8212014134275618,0.9770304839053506,0.9344048354969434
6_183_183834,0.9659787084463192,0.8624922950482844,0.9892910854120209,0.9565122258082162
6_183_183879,0.39279329235064103,0.19845065034429993,0.0,0.43536322614740436
6_184_184105,0.9242624880453174,0.8776927185330248,0.5157062864858425,0.3430379746835443
6_184_184112,0.9277943018159048,0.8466145612097528,0.231348621922996,0.2220824295010846
6_184_184173,0.8948340965694545,0.6877064620928772,0.4182658036554418,0.2309714480442032
6_184_184198,0.9337700455144838,0.8161120840630472,0.16985253959584926,9.015506671474937e-05
6_184_184204,0.7366067732052662,0.48332306270220304,0.06374854739638094,0.08385654490106545
6_184_184209,0.0068012011582597506,0.0,0.0,0.0
6_184_184223,0.7920468068226895,0.6493897246664775,0.9288049400653832,0.9190813810110974
6_184_184238,0.9055385112223479,0.7818927522037218,0.9060085341944413,0.8428281086407587
6_184_184306,0.8786788750817528,0.7640801001251565,0.9256594724220624,0.8563329175643497
6_184_184310,0.8687074434033638,0.7016085790884719,0.12572002679169458,0.04819822734036359
6_184_184311,0.8951273806579273,0.7686542305129913,0.11224095053882288,0.06358743926014944
6_184_184312,0.9456531717616818,0.8675164156044805,0.007272727272727273,0.0
6_184_184313,0.7390931606020195,0.5779548850779193,0.28304489591171306,0.2701725888324873
6_184_184314,0.8853113690253338,0.7869619112012621,0.03724062113508314,0.016224188790560472
6_184_184315,0.7756265946270449,0.7353775743707094,0.5229022324865281,0.5951253207025854
6_184_184317,0.8901762008206614,0.7028363553686126,0.0571041948579161,0.004013797428661022
6_184_184318,0.9001673173452315,0.830110497237569,0.10036560915202264,0.04707065167717759
6_184_184320,0.9198878278005154,0.7767809462779024,0.022451581068300506,0.0
6_184_184326,0.9271811623792025,0.8714675177870869,0.03607567091948966,0.006368623494545684
6_184_184327,0.8596981848881384,0.6980203260639424,0.18344861357654405,0.16445227042313643
6_184_184334,0.8955034832172261,0.7366599021129283,0.0036932264655036933,0.0
6_184_184339,0.9195652173913044,0.8227650727650727,0.041557075223566546,0.0
6_184_184356,0.9294390940328122,0.8121526023244062,0.9744116740314459,0.932135593220339
6_184_184358,0.8891882183908046,0.7055427752940666,0.031093358395989975,0.01194369401393431
6_184_184364,0.9113312221719565,0.7446869718436477,0.0026622122461763325,0.0
6_184_184366,0.90416576732139,0.7728534602419195,0.004089590565409672,0.0
6_184_184376,0.9684385069058431,0.8457114835948645,0.9542351846106112,0.716368628032945
6_184_184478,0.09971837461923098,0.2493843375472008,0.0,0.0
6_184_184487,0.8706279131456288,0.8606285379660356,0.051464291830792944,0.05842359990781286
6_184_184513,0.8159276902406254,0.8001654680837523,0.9031428571428571,0.9279259741198583
6_184_184775,0.9496940404398723,0.7949113699078622,0.968120105648487,0.861487975706519
6_184_184950,0.8986555697823303,0.7203568386605101,0.9611330928954095,0.8899610038996101
6_184_184954,0.8702266693894221,0.7335270662972224,0.7362722636907841,0.5476622524226864
6_184_184979,0.8136435422364315,0.5611180642469754,0.9542140701184119,0.8870435806831567
6_184_184995,0.9311530384120317,0.686755296731926,0.9800327332242226,0.9137439914545131
6_185_185021,0.8446435064291145,0.6959421901056142,0.0033075246185071037,0.0
6_185_185044,0.941302758998721,0.8181163396899438,0.20126487193777412,0.11884596846381601
6_185_185045,0.7325524012363315,0.4205156851791962,0.10937776989895409,0.07411178205308243
6_185_185046,0.1625212457807675,0.048453309006468735,0.009531944633185145,0.2985622619496963
6_185_185054,0.9095195828248086,0.8252547581819162,0.9323889246619447,0.8682981090100111
6_185_185092,0.8068833652007649,0.7109365257513406,0.15330766538326918,0.1537867476702878
6_185_185101,0.9381711409395973,0.848820294482881,0.9670391558229837,0.9113962264150943
6_185_185118,0.8788819237488439,0.5638755094479437,0.66540616569439,0.38839303582149287
6_185_185147,0.9163285584168254,0.780912632164719,0.9570709301298472,0.863363963244107
6_185_185156,0.10963026655202064,0.2459884717245677,0.1278572481934818,0.2696355817111815
6_185_185166,0.8044728231519426,0.5207143466030176,0.963914301352725,0.8995251456939348
6_185_185178,0.9668020062096967,0.8198989469707701,0.9902458426455547,0.9490342805137021
6_185_185184,0.34602786218872095,0.13744328306115325,0.9376915219611849,0.8664869721473495
6_185_185235,0.741467415305028,0.6766363921077356,0.46953917364372744,0.3501616513305148
6_185_185261,0.7519385164345022,0.41301757066462946,0.9860040075292975,0.9408846872082166
6_185_185267,0.7981622800186887,0.6342091705306543,0.9424406652962063,0.9140375660545179
6_185_185311,0.08864469965726655,0.15601318810308815,0.0007047070284162746,0.2593192868719611
6_185_185320,0.7858528419206547,0.4991261483307192,0.3478775179126673,0.26250059583392915
6_185_185321,0.806950202159783,0.6398512175078933,0.9361130994989263,0.8964210526315789
6_185_185363,0.9458448245935469,0.8121901327878515,0.981487878726301,0.9054926716006385
6_185_185435,0.5173630664113826,0.313334587173218,0.5597246221783373,0.3583907114891319
6_185_185436,0.7645250212044106,0.42369477911646586,0.7926791068152325,0.5558168626469853
6_185_185479,0.7472978753743048,0.2661772702555737,0.056499007785070984,0.0
6_185_185538,0.9365974729241877,0.8302339143394026,0.28993514292577466,0.15236435568952525
6_185_185581,0.9015223415967503,0.7511050144795001,0.06703440144848204,0.006851959081258444
6_185_185592,0.27722753757376806,0.037583846207039626,0.0,0.0
6_185_185621,0.4018781544232881,0.15586760905439487,0.9802360691737579,0.8454486765655261
6_185_185660,0.8807228146350807,0.7474591534799948,0.4504304160688666,0.4332699619771863
6_185_185714,0.8700922685332485,0.6970872280184618,0.9540138031238649,0.8889637515159682
6_185_185883,0.1074415612266781,0.0,0.00010765421466250404,0.23042527821939587
6_185_185884,0.1863911805504855,0.1582786644472731,0.27853275881118106,0.32346353072938544
6_185_185897,0.8352824231084084,0.6733289840460234,0.6078083407275954,0.48049211140855497
6_185_185915,0.9678560896490711,0.875715359269322,0.9906519289912,0.9565964761495488
6_185_185917,0.9353652476395561,0.8009301433571463,0.9831005833480644,0.9474641446684681
6_185_185947,0.9101901766996107,0.8742069343941836,0.9647571707953064,0.9464356902112855
6_185_185951,0.44766606608513443,0.0,0.0,0.0
6_185_185952,0.9118708053691276,0.875,0.29489124936772887,0.18651208250480267
6_186_186022,0.42234278122232066,0.18722152801443953,0.943879605395611,0.8772214016865978
6_186_186041,0.09739983344128805,0.04965266931441236,0.0002327791895404551,0.22177546161103373
6_186_186067,0.9263291813367259,0.6564868479714668,0.1973540174522253,0.3551093951093951
6_186_186109,0.06610407876230662,0.21584699453551912,0.06809001731102135,0.21298830554864395
6_186_186111,0.9034840808156627,0.7557346559206448,0.9103639538466806,0.795282893865112
6_186_186114,0.24923210257325296,0.12921145334658116,0.2919531238247108,0.21543600143146846
6_186_186120,0.9551242097765115,0.7630842988413903,0.9819140685590197,0.8285354727072518
6_186_186212,0.9244970559371933,0.8472792607802875,0.4435467849811271,0.3663554962850067
6_186_186216,0.9221622277498028,0.8242901128977078,0.02723146747352496,0.0012518118329160628
6_186_186294,0.8449364107395195,0.6165883120002745,0.302795778559526,0.20856768898793732
6_186_186299,0.39009432460821863,0.22935543436251987,0.4576585843127909,0.37409744356989527
6_186_186302,0.9060752632842785,0.6399561883899233,0.0627721197894976,0.0
6_186_186329,0.9614812365680278,0.841651653113892,0.9068081040691834,0.6964882580197074
6_186_186340,0.8586009459795868,0.7770196033076967,0.930832440157199,0.876007049345418
6_186_186480,0.5965778289357181,0.34857677902621725,0.9553504880212955,0.7992337572500399
6_186_186611,0.8615213389837764,0.773459608346225,0.8886665365091762,0.8424916917845274
6_186_186617,0.5375384615384615,0.19105857787389538,0.9887137879024289,0.9667751327282069
6_186_186637,0.8173007026896051,0.36262909711574626,0.9245136330822057,0.7107908847184986
6_186_186717,0.4633278861866769,0.32745662058086666,0.0,0.06489846663903855
6_186_186720,0.960049989585503,0.8738714991762768,0.05727675084613382,0.0
6_186_186736,0.95180851442188,0.8648067544181656,0.8863577434529762,0.6972182294749303
6_186_186738,0.47528800141785316,0.32077405805435405,0.90270865237366,0.6890923890923891
6_186_186799,0.6396836917905031,0.4039905734485467,0.873897249610794,0.7438878289035807
6_186_186801,0.9265310481072134,0.8093457325346659,0.04695158655086422,0.0
6_186_186803,0.7395681117064459,0.47074157303370784,0.8307931297262442,0.6341801217334256
6_186_186851,0.9240710467017187,0.7026724769580811,0.9777285503310943,0.9135964706434505
6_186_186911,0.9436078396116155,0.7657244400363666,0.9604672479845817,0.8440867548765516
6_186_186937,0.8889780631353665,0.8230893433799785,0.8951374955741768,0.8024420436641908
6_186_186942,0.9311862927854678,0.8194858214719188,0.6183779699437495,0.48404480135249367
6_186_186978,0.8828567981662444,0.7672713717693836,0.7117109038737446,0.6549392097264438
6_187_187026,0.6681814876754163,0.5669338378055458,0.9075647885846186,0.8869220204486494
6_187_187033,0.9218754675204213,0.8184103512014788,0.9833349512992267,0.9517339282092881
6_187_187035,0.8038181214217324,0.5036666758219122,0.9552557830237971,0.848280469570197
6_187_187039,0.9256405036787158,0.801086089697338,0.4504160670712632,0.3768084569037053
6_187_187042,0.8806262870591312,0.6842128121606948,0.9302845007506133,0.8097013186710778
6_187_187060,0.8568614014048312,0.7896566869189664,0.05349057073195004,0.05839779428658957
6_187_187068,0.8889588695985542,0.6576132845482691,0.005002148161787271,0.0
6_187_187069,0.9114836692147325,0.7236317747077577,0.7776894665482257,0.600451467268623
6_187_187085,0.8721923335574984,0.7272290758661446,0.016228896665769335,0.0
6_187_187089,0.0,0.0,0.018366588176973602,0.15530767800706452
6_187_187092,0.9131242158092848,0.84464366204237,0.5303474484256243,0.35053280987100394
6_187_187105,0.7791411042944786,0.5539780337530137,0.947158334917316,0.8763195079378273
6_187_187173,0.7481671554252199,0.65319323072049,0.8763873110198375,0.8208012459980963
6_187_187187,0.847926267281106,0.8265669515669516,0.9040451552210724,0.925029750099167
6_187_187192,0.7779287248831037,0.7415748198389148,0.8729165913445894,0.8061107421049454
6_187_187262,0.8518958283859732,0.7170345852851252,0.5322273425499232,0.42118290401496616
6_187_187270,0.9082675529705027,0.8677701674277016,0.17530425270067004,0.11887121377206362
6_187_187278,0.9284776670096143,0.7976477256624628,0.06293225325742234,0.0
6_187_187296,0.662483455071327,0.47276395427034296,0.0,0.13676171502096043
6_187_187445,0.9221170160363418,0.8038557130382212,0.9267246444940651,0.7955542766707431
6_187_187483,0.9216651046547953,0.8010564274467977,0.9689153994791229,0.9166306228373703
6_187_187579,0.5537270087124879,0.36490189023883984,0.012177477694719075,0.0
6_187_187587,0.8627606958807457,0.8280742111316698,0.9683415512248572,0.9672503242542153
7_187_187609,0.5694321206743567,0.2405452946350044,0.1303284653004586,0.03595170780163521
7_187_187644,0.8676481522789798,0.8277986388171791,0.9380138112463006,0.9264705882352942
7_187_187772,0.9548221723806473,0.871762814788355,0.01478092068774265,0.0
7_187_187858,0.8959865789134082,0.7779772591262717,0.18876889848812095,0.00029231218941829873
7_187_187877,0.8014088322947711,0.6485298510647378,0.9516823161189358,0.8253234750462107
7_187_187891,0.9059747679124018,0.8685922642453707,0.9593052954197173,0.943625065508722
7_187_187936,0.8859813084112149,0.8391766195167594,0.9396607958251794,0.8632667736047348
7_187_187965,0.9600678525582248,0.725182034460385,0.3823045169295378,0.1702920367303929
7_187_187975,0.8479229458786529,0.8286445012787724,0.13837102689486552,0.09078471180157119
7_188_188008,0.1455307648930171,0.03474570423021186,0.0009693500738552438,0.16960280564391159
7_188_188009,0.4069545769210288,0.1816248766713163,0.5043920595533499,0.37290691627665107
7_188_188016,0.8817465576908917,0.8137694194603434,0.8939602756384273,0.7341829450886173
7_188_188041,0.6110000571134845,0.46965146965146964,0.5928428428428428,0.5423949625447834
7_188_188045,0.6059729644765797,0.44390851940169085,0.005499066196306288,0.015183289992450298
7_188_188053,0.7204466692337312,0.37270854788877444,0.9436589079834675,0.8888328004935778
7_188_188076,0.9200199327270462,0.8385636872506401,0.9649484536082474,0.934205512511114
7_188_188077,0.8638764268271907,0.8073425558672729,0.8929037875489769,0.815601744931999
7_188_188080,0.9421289984268485,0.8006526362103101,0.9267888326443997,0.7613062627564723
7_188_188150,0.6303877072765566,0.2463204920290077,0.9307276060999061,0.799163179916318
7_188_188152,0.12054733397783893,0.0,0.3900619623413343,0.021166157217832632
7_188_188170,0.3980832782551223,0.2864945614116988,5.01222984081158e-05,0.6645373691710481
7_188_188171,0.8895711500974659,0.905589946184714,0.84127325518873,0.7869523195876289
7_188_188172,0.8628735886650432,0.8790630158820516,0.8433782129742962,0.7974212964328917
7_188_188221,0.8882047958522359,0.8244446365286542,0.95185228467921,0.9294106676613204
7_188_188270,0.10322005854651903,0.09816500074593465,0.12917810431131924,0.1520268833212812
7_188_188335,0.7523022751895991,0.596277145811789,0.14885132722294964,0.236654478976234
7_188_188357,0.37433489153615823,0.36928296197017924,0.0,0.0010113082651466397
7_188_188375,0.7829348746241644,0.6348454828500116,0.5488431876606684,0.38298904965571634
7_188_188376,0.7602584250043652,0.4760799390664104,0.44426802159415685,0.4559386973180077
7_188_188443,0.8468755531952558,0.8210512809546213,0.4203619284431551,0.36884963377854374
7_188_188465,0.7136334936130944,0.6350922470616956,0.36978888295029394,0.3041391457507706
7_188_188612,0.851718088948509,0.867937206035062,0.8902382604672681,0.9056579372777239
7_188_188629,0.8580072766893009,0.5209571349338404,0.9421583764068828,0.7640614625818078
7_188_188631,0.9215598386373823,0.7520667483159829,0.970019914957748,0.9125751503006012
7_188_188644,0.9293219132273306,0.7312322722975102,0.9705990613784853,0.9303668807073021
7_188_188671,0.6596741660201707,0.48281722054380666,0.9091678420310296,0.7472122710530299
7_188_188715,0.9160023062088709,0.6880514705882353,0.9213901796612347,0.7763444030813461
7_188_188770,0.9558570563294972,0.8169832051483283,0.011684789496362761,0.0
7_188_188794,0.7424031998222321,0.5411249014972419,0.9674411721178038,0.9412307895257569
7_188_188816,0.7879399631352585,0.4436564223798266,0.9575264084507042,0.9523954604311067
7_188_188817,0.8642806267806268,0.6603809075946391,0.4811316914308976,0.42942145247835095
7_188_188821,0.9094546610843182,0.7356691470665221,0.9627705133329527,0.9027812895069532
7_188_188829,0.9281546543740526,0.6850958710739913,0.9493949879879218,0.8051242801953495
7_188_188858,0.91732806375328,0.7475767571682315,0.9628409170581225,0.8550797312205396
7_188_188878,0.8496164908916587,0.6870328680774426,0.9183914843287996,0.8982449759025188
7_188_188879,0.944738476094734,0.8101681016810168,0.007073109664496745,0.0
7_188_188898,0.9123042625768849,0.7194050033806626,0.41379310344827586,0.24265055333016497
7_188_188900,0.9214960748037402,0.865894708496028,0.31179942600314076,0.21149377593360996
7_188_188931,0.8056582343830666,0.3644630989856593,0.2014184034000717,0.030244338498212158
7_188_188996,0.9648936546696394,0.7324969292858396,0.9810272345092305,0.8451226468910439
7_189_189052,0.5509022353891732,0.22358467883630176,0.9596489137773542,0.8876554174067496
7_189_189055,0.8060552977937695,0.5314659755449229,0.9184202940328625,0.792077000260136
7_189_189091,0.7925230967557115,0.5583787950664136,0.35469031870114254,0.18236572935599984
7_189_189111,0.6348180839285985,0.4467651178219525,0.04371819680355479,0.002320656745859078
7_189_189150,0.8216276477146043,0.714013671875,0.9174417710815589,0.8755214050493962
7_189_189216,0.6743407766430096,0.21688951968327483,0.9790141324706283,0.9227276167410883
7_189_189231,0.8695994667636188,0.6647085115892982,0.9209895155211403,0.844605368057401
7_189_189257,0.5345740973093546,0.5137984965440694,0.5452228779955761,0.5634511118677807
7_189_189291,0.33627004046509246,0.3824712342181653,0.0,0.0
7_189_189358,0.9042859099000411,0.747485485321776,0.06272713506965476,0.0
7_189_189395,0.9584328328004209,0.8107419127988749,0.8695963295028833,0.5846646421969897
7_189_189445,0.7193161520796122,0.7475409836065574,0.8122598672720922,0.806378959604766
7_189_189447,0.4561164429238308,0.1514017563448713,0.4380796164279856,0.43233325068187456
7_189_189451,0.9344868953457636,0.7617423154266015,0.9802764738814005,0.9278466741826381
7_189_189454,0.8989322979859258,0.7990981396297387,0.5865929250828257,0.5151061429596965
7_189_189457,0.8893070215695273,0.5558164524216977,0.2045928157302907,0.09301551645243146
7_189_189629,0.916164641739306,0.8019603920784156,0.5034321600701037,0.2388353765323993
7_189_189652,0.9163027910713661,0.6972482801751094,0.4162734053889481,0.24589797469486296
7_189_189653,0.3923049687241827,0.3046390473827834,0.0,0.018930707315976437
7_189_189654,0.9186788967037242,0.6727592666174718,0.372713495224333,0.27163216830675263
7_189_189656,0.9459695141093167,0.7960782104017581,0.3429540344281028,0.17083726111920472
7_189_189668,0.9266968802698144,0.6910510972993785,0.976657223796034,0.8257191201353637
7_189_189749,0.8301006629020378,0.8623537508602891,0.9083006169377453,0.8988607491189247
7_189_189839,0.89822152241811,0.7024259721726721,0.4618843069873998,0.4482585608562947
7_190_190013,0.9174008112561794,0.45656706045865186,0.23783356801868324,0.12516535678157342
7_190_190099,0.8727330420561888,0.7171370967741936,0.8944192256341789,0.762273269507234
7_190_190101,0.8332382799133112,0.7984912561435593,0.9438881795578254,0.9445229388297872
7_190_190106,0.725422138836773,0.5174597740499829,0.8853640040444893,0.790135883241067
7_190_190188,0.9253507197538552,0.7636587550380654,0.0656691604322527,0.0
7_190_190198,0.8471491808860807,0.6090848251631253,0.9723734891751893,0.8826527931052603
7_190_190257,0.9104376233140343,0.7829402743813985,0.9504915730337079,0.8801099743092802
7_190_190266,0.9158405826421202,0.8231429169282276,0.4406579980801117,0.4453727506426735
7_190_190268,0.7843514575827055,0.5906789606035205,0.9447960076143438,0.9163421386008539
7_190_190361,0.5936313791649093,0.48223298496048944,0.17155995755217546,0.1754894851341552
7_190_190363,0.6133333333333333,0.6513617318435754,0.7479144942648592,0.784617655742545
7_190_190595,0.9036813264015737,0.8521551159439277,0.14046024782575234,0.09843741492894865
7_190_190605,0.9211406335501915,0.802917125334172,0.006648235913638757,0.0
7_190_190623,0.9611080429032351,0.8689720653640498,0.9888033801116644,0.9106744082179544
7_190_190712,0.641200230813618,0.5055605055605056,0.1222077254576365,0.03154799411888259
7_190_190778,0.5056129096922922,0.4043193902037359,0.029728958630527817,0.4713535023723279
7_190_190781,0.8758655150260547,0.7370325693606755,0.9580857555805363,0.9116306059852441
7_190_190783,0.43378292446199673,0.20948523423770948,0.8774140012070006,0.8197276560447916
7_190_190869,0.8829363240337381,0.753525155645297,0.9403366863700785,0.8989666247730764
7_190_190902,0.9678064031026159,0.8399131464666404,0.9628632060071824,0.77111812127585
7_190_190969,0.7733114997219305,0.4270045123221104,0.9743256546564284,0.843266592726636
7_190_190978,0.2933608447627139,0.30720761267922586,0.0013822609840381766,0.25886337975159956
7_190_190999,0.019322958920274358,0.0,0.04062472580503641,0.3092149595687331
7_191_191004,0.8369316738633478,0.6811847432346048,0.9001853839398966,0.7981474852335779
7_191_191005,0.8895316549426139,0.7680638911204575,0.9217230199166281,0.8256863028899503
7_191_191007,0.8104263365996218,0.5919493168986769,0.0047489823609226595,0.0
7_191_191008,0.8809016250218417,0.6952786253412558,0.8934823382306971,0.8100241200277993
7_191_191009,0.737356205852674,0.54672229304284,0.020360262008733625,0.006195124125328698
7_191_191025,0.8102794066919627,0.615203893270683,0.9116484905958591,0.8030827655534458
7_191_191094,0.7005242841504868,0.1013586629794397,0.38835800260247233,0.22290902890271974
7_191_191137,0.894991652754591,0.6448230668414154,0.1356271683536607,0.022877784467188442
7_191_191154,0.9317796610169492,0.8196267793370555,0.8546834203655352,0.6870085775553967
7_191_191174,0.7679450055324057,0.6739012682343712,0.8686492158162138,0.8614135163878952
7_191_191197,0.8194569764580428,0.425367492650147,0.9864477198535958,0.9517405671251825
7_191_191272,0.6191051454138703,0.3086866227441994,0.7032312462601317,0.4687348307665152
7_191_191278,0.8476532567049808,0.6182915347085509,0.436638807318726,0.3439890571964132
7_191_191307,0.8433520619563095,0.4242389387316923,0.6534149351985188,0.284792027729636
7_191_191341,0.7217133273126048,0.26546152417507585,0.025680213535388324,0.0
7_191_191373,0.45056428719795055,0.43865568026990204,0.0,0.0
7_191_191513,0.9139388401161842,0.7888888888888889,0.960966149506347,0.9084345683282176
7_191_191527,0.47084601086200273,0.0026613987433807993,0.0,0.0
7_191_191528,0.8323889599707549,0.6246298788694482,0.763661677688827,0.5422581929149529
7_191_191563,0.5326610185809184,0.17144402379664683,0.0,0.10562871366629195
7_191_191567,0.8597719628540604,0.5106704574081405,0.8895719972675665,0.7059311938197177
7_191_191576,0.8254906333630687,0.7482749210557094,0.27156862745098037,0.21254284315325608
7_192_192101,0.8650708791777325,0.8222267268028176,0.9602360981671326,0.944417304456386
7_192_192173,0.5515354211006385,0.15850079024610522,0.38861862774906253,0.016073417855816667
7_192_192202,0.8681839511966213,0.7747471936172187,0.8830252277874335,0.8108200068050357
7_192_192350,0.9191092609489051,0.7229854128310438,0.9651112882457539,0.8707414829659319
7_192_192365,0.9382376717865805,0.8315460992907802,0.35309289429566265,0.29066295042803103
7_192_192428,0.8203614300626305,0.6629254605343419,0.923835954363244,0.8093568828367265
7_192_192549,0.9356115582530676,0.81218993621545,0.7524616683077788,0.5222091016441094
7_192_192563,0.23082659175055711,0.0,0.0,0.0
7_192_192564,0.28098363867933773,0.20949179887066416,1.8263172313030775e-05,0.1724095190877541
7_192_192682,0.8321782178217821,0.61873168574114,0.8735002608242045,0.806020942408377
7_192_192719,0.9497157498598767,0.7904374364191251,0.2158164232884506,0.15767396837916323
7_192_192727,0.7966116271069832,0.46855531686358753,0.9632926880722332,0.8585825747724317
7_192_192856,0.9117535708139735,0.795459506657935,0.9484658040665435,0.8929170254225767
7_192_192869,0.9095904095904096,0.7664856477889838,0.36832244207832565,0.32625069741491536
7_192_192893,0.9711011068079501,0.7944103324158374,0.21960252570225855,0.0
7_192_192895,0.8805710780973149,0.6123778501628665,0.9533290189957745,0.817062389492296
7_192_192907,0.8970716510903427,0.8538017263264788,0.20122327014660565,0.3080677530705627
7_192_192928,0.41869777158774374,0.21995192307692307,0.949041095890411,0.8708049037554779
7_193_193017,0.7956341892943442,0.6261532153352013,0.3994461228600201,0.3706900012041906
7_193_193020,0.1288597619813445,0.10966087733342615,0.006324835290747637,0.14343870386055027
7_193_193048,0.6198382622963629,0.5293464255564936,0.5972340167414776,0.5066014893325415
7_193_193104,0.29512076881398464,0.10051963048498845,0.9589707271010387,0.9157866086009798
7_193_193139,0.12362847222222222,0.0,0.053027687633777534,0.13741191543882128
7_193_193494,0.9300534227854392,0.7993233048328837,0.9363212196885062,0.8062746520379018
7_193_193944,0.9238793414253095,0.8207563072427937,0.9684924119867498,0.8997227224651974
7_193_193945,0.7545535537517323,0.5510115680578912,0.06959742984526619,0.004002183008913953
7_193_193972,0.9621223857474825,0.8878023876845743,0.04041542548909106,0.0
7_193_193991,0.3670487685155776,0.33057126572844053,0.31017991345934864,0.36935531788472964
7_194_194027,0.09558303358807528,0.0,0.0,0.0
7_194_194034,0.23422896259839363,0.10345464622205801,0.0,0.06548965037397808
7_194_194103,0.8284781188765513,0.7886795743938602,0.9365054602184087,0.945010183299389
7_194_194181,0.3871614196134204,0.2810056757311208,0.0,0.0
7_194_194183,0.9398200560090568,0.8503209242618742,0.9641546711826136,0.9237931338805048
7_194_194203,0.00033893709327548807,0.034141137021795456,0.09235927656980289,0.2228578943907411
7_194_194215,0.9387405791900174,0.7892552560769828,0.34924357921895155,0.1612578447494714
7_194_194229,0.7822780136606978,0.5843095866314864,0.9640923603720327,0.8840869347989008
7_194_194243,0.8758139534883721,0.7727496595880291,0.9463063939151877,0.9126427116012807
7_194_194244,0.8552457841324933,0.7802569977089352,0.9370170515864451,0.9121246232615563
7_194_194269,0.8132581983251155,0.7820627802690583,0.9496490407112775,0.9268130807288524
7_194_194271,0.8688615299488173,0.8583058400102832,0.9512344263548116,0.9527889002700438
7_194_194272,0.8434707216219821,0.7726022966197639,0.9572135515797487,0.9416605705925384
7_194_194797,0.07808103545301069,0.39880496399571014,0.028695652173913042,0.13938655998144606
7_194_194808,0.43394663882187734,0.12382617040235794,0.010267450525792829,0.02661075104841784
7_194_194833,0.865538907684872,0.8205369127516778,0.8872863247863247,0.8269125683060109
7_194_194854,0.25429868870860756,0.004885038754640787,0.0,0.0
7_194_194859,0.8835989375830013,0.5799570166361537,0.9798458067874761,0.918015102481122
7_194_194899,0.39115132369604777,0.07181599725369035,0.4424011559175095,0.3221951219512195
7_194_194908,0.9443068377992945,0.8088253941417642,0.9671554867651303,0.9164430816404753
7_194_194993,0.4256280346210682,0.1317914774224551,0.08017449353911232,0.0002754441536978378
7_195_195096,0.8874867864693446,0.6223238129724347,0.4520497669468198,0.35132270646091235
7_195_195176,0.14394274970715334,0.21855300164872465,0.005493555245836597,0.3964943142551988
7_195_195198,0.8298588893005086,0.358398138509583,0.991504510700271,0.9609184171958964
7_195_195319,0.2844715876367825,0.041716036772216546,0.987818708783131,0.9562369982279066
7_195_195335,0.7052082510076662,0.5148283480625425,0.9230129697372796,0.8346241192569731
7_195_195396,0.9178774883185048,0.8412363680183166,0.9647211060409998,0.9294125055097286
7_195_195416,0.9529715949156526,0.7791609822646658,0.22820131422869086,0.16659464131374244
7_195_195452,0.738971052964227,0.4302083836967558,0.7945596951735817,0.5872395037584794
7_195_195501,0.42443344222131485,0.10155896507753692,0.9811287057983094,0.9461914146174278
7_195_195610,0.8390252176863056,0.8431227681320035,0.06033417853195501,0.09013231573271392
7_195_195611,0.8879167941266443,0.8128558969886626,0.9661786634133116,0.9101929872247894
7_195_195659,0.7983870967741935,0.5607941374411127,0.06480389643681107,0.010254648937736126
7_195_195718,0.5001442834881976,0.2871432056599171,0.06231248557581352,0.03558835588355883
7_195_195808,0.9422443952222245,0.7027332400731734,0.026271966343836276,0.0
7_195_195809,0.9630476270368895,0.7924128751210068,0.9576111652061019,0.690887497300799
7_195_195812,0.9600016031421587,0.8141626794258373,0.9740986324077912,0.8586532050671493
7_195_195813,0.936661852692387,0.7546462513199578,0.9734248216522354,0.837321589642914
7_195_195882,0.9026841286307054,0.8350284433718325,0.9667785954133028,0.9590204587724737
7_195_195886,0.18674741464796712,0.32707535596118814,0.00031795583304428256,0.48131023070183976
7_195_195985,0.8050584996558844,0.8481422235148695,0.10998726835478852,0.1268901787078051
7_196_196096,0.1606361829025845,0.07969911017337859,0.0053102726552777466,0.29278582714223284
7_196_196240,0.5939413035649982,0.2406033085955472,0.985831729928284,0.9318131256952169
7_196_196386,0.8890225322748777,0.8729612781537779,0.9542234814945989,0.9513868354130937
7_196_196416,0.8325439361834726,0.7477159949914205,0.14631594679420118,0.17373737373737375
7_196_196513,0.7957000982211067,0.44272967487458353,0.723325571839474,0.43375921797290345
7_196_196614,0.8680032957978577,0.6926605504587156,0.5124844720496894,0.43040519641200126
7_196_196631,0.9014705882352941,0.5410776480229461,0.9855991621330695,0.8623834616943656
7_196_196740,0.19530575289037472,0.09097440318574625,0.0,0.0
7_196_196751,0.7297141207045914,0.3800462921213214,0.013232037229121696,0.0
7_196_196775,0.9272904589044807,0.84862539114886,0.23885109599395313,0.2142752597941162
7_196_196776,0.7254425636387131,0.466884176182708,0.9823356578993947,0.941138957974619
7_196_196820,0.9367654770350721,0.7736463421038811,0.7003469632608061,0.3826312777851138
7_196_196827,0.9649433776464795,0.8879259615899,0.9792775987790402,0.8297758804695837
7_196_196847,0.768019884009942,0.46145374449339205,0.9652242639794507,0.8851757703515407
7_196_196980,0.8544923172297746,0.8317795275590552,0.05488655744482919,0.06689389354314657
7_197_197004,0.9542465918687417,0.8545010300388061,0.011798107255520504,0.0
7_197_197020,0.9432399468443377,0.6162836249673544,0.9789059706828745,0.9041771327565354
7_197_197036,0.8143694573876447,0.43729857819905216,0.9395575729117754,0.7587522058404964
7_197_197085,0.8338379411999044,0.7435887562572199,0.9252255139887358,0.8783684096333261
7_197_197087,0.9347918825035042,0.8190852224834746,0.34572822331127623,0.19341177452330288
7_197_197089,0.8728978491940715,0.7383268482490273,0.9856233662916241,0.9659845507521344
7_197_197102,0.8985965269990145,0.6947052315473368,0.9190286335628851,0.8254422980140141
7_197_197113,0.9377287249491723,0.841015854374633,0.5523485784919654,0.46488271771366946
7_197_197114,0.7203011056222065,0.4405951465905348,0.4336455893832943,0.3874183006535948
7_197_197134,0.8476792055560793,0.606177805280528,0.42023937451365473,0.04644455922865014
7_197_197135,0.9526740775609226,0.8359884596086302,0.9781187407883299,0.9187890753537348
7_197_197182,0.8196297086757016,0.5157348839036656,0.6877087183477613,0.367157490396927
7_197_197186,0.9682119205298013,0.8319054919289386,0.44853264319546854,0.3169885080713106
7_197_197349,0.8926335648743675,0.5930918281381634,0.058204428268122534,0.0
7_197_197350,0.29177900369156745,0.26388816305199897,0.002207174388205546,0.31125524926198495
7_197_197374,0.9327468660655377,0.8366980464711324,0.8444743810098946,0.693732590529248
7_197_197381,0.5562497458901975,0.394071580682833,0.0024545653233805755,0.11320577459054897
7_197_197390,0.8475768343162753,0.5790563108623041,0.9492871775575902,0.8536771169059478
7_197_197411,0.2524270025113385,0.0,0.0009317734755150636,0.017999824391957152
7_197_197500,0.28985274258890104,0.3389559400901556,0.8056630678345895,0.6252286907163297
7_197_197514,0.7890929588050166,0.5143098060612072,0.11792368593368653,0.0
7_197_197520,0.6276812951886815,0.3657549702369373,0.08709346356654989,0.013403164949034183
7_197_197546,0.6445755787562415,0.2123220857535583,0.7059874888293118,0.3414925373134328
7_197_197589,0.9161130571325039,0.7844459686023472,0.941122952950351,0.8664257091223383
7_197_197633,0.8888368096242482,0.8499306351408408,0.8864545296470179,0.8525755945978248
7_197_197636,0.8906659258671323,0.6345435818205227,0.965707340365499,0.8062975778546713
7_197_197678,0.8868194842406877,0.8528312086130005,0.9552593705024717,0.9445030192657913
7_197_197679,0.9149737032071775,0.8776362038664324,0.9421195201503676,0.8846069437738665
7_197_197680,0.8697118682826435,0.8518924849149753,0.9573541653326503,0.951598539495948
7_197_197682,0.8907353331563579,0.8723700433520264,0.9356139138447362,0.9337549933422103
7_197_197687,0.9073087577242702,0.8650198310053457,0.28879285171990887,0.23233288450679754
7_197_197710,0.8736603301259486,0.8334700056771589,0.7036118980169972,0.6219976218787158
7_197_197734,0.9456253199492533,0.7675324100703509,0.9844430471133468,0.926372088373488
7_197_197741,0.9552249584747599,0.8457280541807762,0.9734503276342548,0.902839964180632
7_197_197748,0.3690955104668003,0.2347117171828705,0.0,0.13331819214172155
7_197_197852,0.966565139138862,0.8982706002034588,0.9889457303330591,0.9599798499944028
7_197_197860,0.9262907108120056,0.7779313323256316,0.9898447623833073,0.961238396207782
7_197_197876,0.9121437801809155,0.6209974110914294,0.9675203229450215,0.8651842388917721
7_197_197897,0.8685750186515884,0.8406785693101607,0.9542293812164422,0.9554697797025042
7_197_197974,0.35924879977407514,0.21324008904679453,0.9730957372466806,0.9138041940048888
7_197_197995,0.943799722647982,0.8599703849950642,0.9332477050356994,0.8422369389256806
7_197_197996,0.9236862952204912,0.7540398599515217,0.36550608703254434,0.18890412403754878
7_198_198044,0.9456703511848921,0.8070443169332194,0.653986832479883,0.5171486213853396
7_198_198073,0.6130750114114724,0.4273313718682042,0.8114469210426898,0.7310148612246133
7_198_198095,0.46871952784192966,0.37496800614282055,0.9255557821741791,0.9597763233144818
7_198_198179,0.8301004332414337,0.3533972609357262,0.06267395724353027,0.07833172329791255
7_198_198183,0.9303005008347245,0.7096614040313772,0.9704728821156432,0.8210825610783488
7_198_198209,0.23863931446377565,0.0,0.27709737761620723,0.1999077270086463
7_198_198394,0.9304433282376064,0.8633449026413318,0.9775758634748675,0.9517077442762417
7_198_198400,0.870057590862895,0.8301747779460521,0.45537249681034003,0.37666556805875984
7_198_198450,0.8925931800158604,0.6274898878119515,0.9488984142103685,0.7736240913811008
7_198_198494,0.8851983465080862,0.6913234706117553,0.9596430744270938,0.8612357993904128
7_198_198520,0.900183430143687,0.6561355513391872,0.9839941386986784,0.9347721822541967
7_198_198545,0.6722105143247707,0.515266984206568,0.6340961475139941,0.3503523303251329
7_198_198568,0.8515791472393932,0.6442641616851694,0.22584481220889902,0.0010326928825719489
7_198_198603,0.5293431114672427,0.17277332051613858,0.9836732038898104,0.936829779366449
7_198_198638,0.8953962980541054,0.7702224358694227,0.8922066920796273,0.7962291515591008
7_198_198640,0.40203357594820965,0.3005883546358288,0.902468085106383,0.827477840451249
7_198_198642,0.831392235609103,0.8976413944417357,0.031105807478122513,0.026319172183302268
7_198_198659,0.2006010348645412,0.15482706088134063,0.16065999355338925,0.05608115399834526
7_198_198720,0.4995706516553764,0.7125739075674352,0.0712636824396269,0.5920764932495749
7_198_198728,0.652459300812538,0.24141499670712202,0.7429455730795825,0.4033231181765945
7_198_198748,0.6389077202592401,0.5050267168018998,0.12195535941610795,0.02664082612594371
7_198_198769,0.9301486440485646,0.7007334725797834,0.9646498653328203,0.8416715715126545
7_198_198781,0.960455836359061,0.7977959051374858,0.9812555786968165,0.9312045370484527
7_198_198918,0.9186454733932273,0.7303509979353062,0.3784443981053949,0.3050013053369634
7_198_198953,0.9214309097943514,0.8246023688663282,0.3646960329726945,0.24233071455293678
7_198_198958,0.4125353911064231,0.17670564585325194,0.003296999058000269,0.0
7_198_198970,0.9162838834070546,0.5677834816682361,0.9611064955844795,0.7393932812047495
7_198_198998,0.7985434403528567,0.4107059373539037,0.9717164013093081,0.8976930792377131
7_199_199045,0.8705768782663693,0.7130499565415339,0.9595079059587154,0.9130882697260595
7_199_199048,0.9042200336786242,0.6251208897485493,0.016787991648326842,0.0
7_199_199051,0.9676407357273669,0.832958311172933,0.9917911429887478,0.956899594141521
7_199_199059,0.6146840148698884,0.33228982351073,0.12918724590935055,0.0
7_199_199073,0.22705625,0.0,0.028738909716444005,0.24154254356871496
7_199_199143,0.5012214122218162,0.0352427597955707,0.7219791970448138,0.13511029411764705
7_199_199241,0.8592459884717246,0.8728215767634855,0.3773329726805518,0.32834035470952305
7_199_199273,0.8116650559945426,0.6638922781941782,0.9714563511354956,0.9478270710728837
7_199_199281,0.20839840594539286,0.059094802802192,0.055856903009169574,0.09841291372761801
7_199_199309,0.9582586427656851,0.8030832803560076,0.03458147257528913,0.0
7_199_199366,0.910367566247405,0.8546511627906976,0.9524818001323627,0.926153195090986
7_199_199393,0.34129821958456974,0.0,0.0,0.0
7_199_199395,0.2784340858809762,0.023819207890589254,0.0,0.04066191279734364
7_199_199412,0.39421014492753625,0.0,0.007732456988208003,0.20339841084674135
7_199_199422,0.2919047151139123,0.11391496263993406,0.0,0.15559895833333334
7_199_199442,0.7464651940190631,0.767599645704163,0.8785173568175649,0.8258349789645403
7_199_199464,0.5532712511938873,0.26203607853785194,0.9421148394194558,0.8333900529923671
7_199_199546,0.5675979262672811,0.31166263353597357,0.9881674757281553,0.9641788918957414
7_199_199569,0.8409770910552404,0.6783522410265947,0.8694460549201497,0.7225408864659872
7_199_199642,0.8825842194620678,0.876559924652696,0.06226587020350309,0.06176266481609993
7_199_199643,0.9162851243379119,0.8722025403957487,0.9452048284383614,0.9226352103271757
7_199_199669,0.9251829973031976,0.7218294864151265,0.08199609149211418,0.0
7_199_199691,0.888933030646992,0.8016702647426429,0.963397614818574,0.9395700537432821
7_199_199692,0.850702048177251,0.8216760502381983,0.9093094898189196,0.9092975808802098
7_199_199936,0.6541935483870968,0.4678033371132351,0.8665000757231561,0.6096081439129829
7_199_199947,0.8778095627298733,0.8573288206196303,0.2976662669495434,0.20240963855421687
7_199_199952,0.6301521876981611,0.09677798337592151,0.9934812586185283,0.9700730360429903
7_200_200012,0.8142979615164794,0.3943733092876465,0.9341679612537696,0.7530942692438115
7_200_200055,0.7581471043543841,0.6073071810776729,0.8553952893920029,0.7683856502242152
7_200_200346,0.9486581503010895,0.7597997313469288,0.013172378366478315,0.0
7_200_200378,0.7907726514730405,0.8208627045204682,0.3162726008344923,0.2822695035460993
7_200_200384,0.9194886959839741,0.747277338505147,0.6580459770114943,0.45305929041047205
7_200_200407,0.6023627158250032,0.46282882195958824,0.0010397612400115529,0.2208872458410351
7_200_200443,0.753114111823905,0.22245591794398986,0.9715788429095961,0.853309481216458
7_200_200555,0.571562591615362,0.792995370965668,0.010691657866948258,0.002096688263701514
7_200_200585,0.6848633484482242,0.36260672591043736,0.9440188272995844,0.7627173040920032
7_200_200654,0.8103250015130424,0.7290968274789875,0.9070589034581154,0.9009723102938068
7_200_200663,0.9181773921012687,0.7735010515455736,0.9678567009033535,0.9179322429906542
7_200_200704,0.7392445532049258,0.3609828496042216,0.46158635288258,0.0
7_200_200707,0.4891610958692376,0.2884760560606558,0.8273292977183253,0.5077546704265069
7_200_200717,0.8947999563937643,0.6147941072062478,0.9699661590524534,0.8514079652118577
7_200_200731,0.9532177805730776,0.7968737442738889,0.9157229341328801,0.6777605094575642
7_200_200745,0.9073227657298454,0.7382386786705476,0.31354122170012816,0.2545103092783505
7_200_200846,0.8866477084848886,0.7624132824070465,0.9015623853883958,0.7920261133131266
7_200_200848,0.7999124582808995,0.7896592743648568,0.28855179919733354,0.2221154725958459
7_200_200910,0.7693219535324799,0.765596469872185,0.934728523342602,0.9479872972277058
7_200_200932,0.5856513291949011,0.4910678997707691,0.2564289180009704,0.13597226881359722
7_200_200933,0.8894498442955553,0.814537980005606,0.9358807953896475,0.8564439474419905
7_200_200940,0.9066171102409238,0.848117558725732,0.9700925195438571,0.9450784192478497
7_200_200941,0.9320074005550416,0.8430314775048448,0.9908321579689704,0.9828534644194756
7_200_200973,0.9101320812672781,0.7446393762183235,0.009083520581345317,0.0
7_201_201035,0.03518646408839779,0.5944716058668672,0.0008477509872766706,0.5861249309010503
7_201_201080,0.9475409836065574,0.876632723783121,0.7456202442045655,0.5324731806320673
7_201_201121,0.9001816784291804,0.670865501828525,0.005821851348728896,0.0
7_201_201126,0.9403398519866044,0.8353092331951176,0.9603865156748721,0.8774644521448202
7_201_201151,0.8809232785955962,0.6936333724488623,0.2503802129192348,0.19123907911462643
7_201_201161,0.9135081591157916,0.8302798576814827,0.94979316597722,0.9246963117682625
7_201_201213,0.4259716080986735,0.26312958106381545,0.4799371000976033,0.46667773948428354
7_201_201231,0.8586445366528354,0.8085361287907151,0.9167637403367573,0.8745186136071887
7_201_201292,0.8196759152393703,0.6239225410319991,0.976154576422628,0.9391557182855912
7_201_201326,0.8565371834536496,0.8726774291806275,0.2585953177257525,0.20173102529960052
7_201_201366,0.9359242442346756,0.8189750794941951,0.64121822906763,0.4445636491435759
7_201_201394,0.8623981268854969,0.8303268065431364,0.09196121363778542,0.086947293951185
7_201_201412,0.1046633341878151,0.09547208759648178,0.0003204614645088928,0.3957295000262316
7_201_201516,0.9068417998628475,0.8520679320679321,0.9636780292179891,0.9426494685097265
7_201_201545,0.9415279408717275,0.7941705649514214,0.015406624848684934,0.0
7_201_201725,0.9045651318378591,0.8641010544345127,0.3285118019573978,0.283790946676561
7_201_201727,0.8949185667752443,0.8801551453260016,0.2729841338839383,0.19207738369415017
7_201_201743,0.8471279073581996,0.6576931826799121,0.17057437521727375,0.020592630389619858
7_201_201758,0.9450822809031765,0.8408199766114054,0.9555342934837345,0.8493675995694295
7_201_201820,0.8832532347504621,0.8886277442444314,0.26496368645128976,0.24967381660664892
7_201_201903,0.46872006484415296,0.5933411214953271,0.007194244604316547,0.059960841899167894
7_201_201983,0.8967579151112954,0.6688311688311688,0.9515483383685801,0.8057381581372489
7_202_202033,0.4307596367463071,0.34431894807821983,0.49154433090892863,0.47147147147147145
7_202_202075,0.8339922765722693,0.7703389830508475,0.23650906700268448,0.14560964847771732
7_202_202157,0.7719996682425148,0.5671685857691172,0.13869789428448645,0.030743086667696585
7_202_202166,0.8590848939327105,0.8048240384287807,0.10299215471629265,0.11862901136321576
7_202_202183,0.4523733962007526,0.36063961260057,0.009417893998597335,0.042076352650370775
7_202_202200,0.9611383993065588,0.8487730965107959,0.48624540087276463,0.2092047549424703
7_202_202235,0.6425629578394693,0.46949778881686555,0.9852186541875101,0.9168423348113688
7_202_202260,0.9203511203511203,0.7977952130300924,0.9203381402287419,0.8885116302640247
7_202_202280,0.8194174757281554,0.5471905662867954,0.9794747352190288,0.9188107184797694
7_202_202289,0.9553642446076825,0.8942324548588793,0.8967433697347894,0.7535694876735339
7_202_202293,0.9629248702125576,0.864805768783438,0.9795316433166366,0.9176362226100446
7_202_202296,0.9492982409593802,0.773082058128787,0.9718612304088349,0.8765619723066531
7_202_202308,0.9067033037254777,0.7955278434745217,0.0201436822087618,0.00699537402685321
7_202_202335,0.8602389781623403,0.435607828494975,0.93396047730286,0.7884763915349364
7_202_202345,0.8610980318297391,0.8209941137998692,0.19203925845147218,0.15149941581202128
7_202_202363,0.16661925892213753,0.0,0.000687915615684476,0.09222560975609756
7_202_202422,0.8758683006720506,0.6666666666666666,0.05300148300986524,0.0
7_202_202435,0.4360414645355666,0.10733766233766234,0.4500274053461506,0.10469742076560318
7_202_202443,0.13123321477825362,0.27255556531670033,0.0,0.0
7_202_202446,0.8672522373218429,0.7832783278327833,0.10454792534879508,0.015658330685789496
7_202_202466,0.8799587250630589,0.7941797178718205,0.9431876606683804,0.8997302685586959
7_202_202489,0.6147359607678966,0.3912703922249219,0.4857184494316526,0.3122057973408209
7_202_202553,0.7882837673656965,0.8220324088720166,0.6670872500157718,0.705781539645343
7_202_202565,0.7861880451822969,0.6865079365079365,0.7367814435960236,0.6130364018895638
7_202_202576,0.9563667679353156,0.8434038765822784,0.9780515787898438,0.8643762260749696
7_202_202578,0.9244720143953026,0.7879004576659039,0.9749455889051981,0.900577293136626
7_202_202587,0.9070205748390137,0.7910596777853415,0.2111293670010377,0.20561909497762307
7_202_202607,0.7462517037710131,0.7088481556913329,0.39651416122004357,0.33244057582859055
7_202_202613,0.21449649575802288,0.28192371475953565,0.22522522522522523,0.29511986910436083
7_202_202637,0.7608737123235406,0.5430711610486891,0.9856275554454219,0.9687540017928031
7_202_202638,0.4361983078991065,0.2942482744823447,0.9557829213322363,0.8928438238097212
7_202_202708,0.34530175706646293,0.1880138954839677,0.001193380434897401,0.4561073444322175
7_202_202722,0.9348201839977697,0.8456234623850836,0.9394456540928617,0.8553065565179865
7_202_202723,0.8870786241988355,0.8797424861658649,0.5183757667879051,0.382463650453908
7_202_202729,0.5736928708150039,0.4144590829673703,0.9644038790644609,0.9057134612610013
7_202_202783,0.1263073679297959,0.0,0.00036883230424566965,0.30482206780374815
7_202_202789,0.5613894302418893,0.41483796296296294,0.10734117886800143,0.03231981152911728
7_202_202818,0.945076500588466,0.8073805828591136,0.4027979274611399,0.13683892153473903
7_202_202920,0.7944149963141082,0.4062113587347232,0.5855771110242377,0.29156131820637493
7_202_202969,0.5797201915805394,0.28374025489006116,0.44225138271337167,0.42481371756890207
7_203_203002,0.8048679654798202,0.530309891958336,0.9620862201693611,0.9184210526315789
7_203_203015,0.8914780292942743,0.848704268292683,0.9112366058499856,0.8558361247101263
7_203_203031,0.7333259102549827,0.5172845299546379,0.5900200428502316,0.49485420240137223
7_203_203068,0.7662798807938621,0.8265042451088963,0.49178235200255305,0.42719881744271987
7_203_203069,0.518693343346028,0.3589177443661725,0.8068713153079894,0.6924270410048023
7_203_203099,0.9494869771112865,0.7534328358208955,0.9897654516134182,0.9434685538565231
7_203_203100,0.4953614989202178,0.3119301032565528,0.5209531767201209,0.4138316842068459
7_203_203101,0.943618695889084,0.7274023694602896,0.9917283970369423,0.9560062666723124
7_203_203146,0.5497457202206145,0.3955421899876172,0.1514875925685332,0.16665455866327641
7_203_203209,0.9245866927274208,0.8260981248394554,0.09523599859105318,0.04769237537947116
7_203_203246,0.9406988776566106,0.7183446110134958,0.9752551288795371,0.9014802340010637
7_203_203252,0.8323138324542227,0.6701808655029828,0.9425897035881435,0.8456806331820398
7_203_203283,0.9244417351129364,0.7786822577018214,0.7920650095602294,0.6123580155353449
7_203_203446,0.952755415387169,0.7482081529042856,0.9952306271080843,0.8997212131452226
7_203_203453,0.7899189918991899,0.8363492794630519,0.6299036090562654,0.4914766748509295
7_203_203526,0.8691052190181279,0.7175810052086856,0.5580330773774365,0.534828897338403
7_203_203706,0.46713447510307643,0.48882225553889724,0.2230065915373166,0.1686359099835807
7_203_203760,0.8335160151016928,0.6759180322692684,0.9375981846744632,0.7993766345430444
7_203_203763,0.8979778764179525,0.8082725672617551,0.9425412644036126,0.8910463121783877
7_203_203765,0.8887506404157213,0.748881153654898,0.8753417167851285,0.711449159327462
7_203_203849,0.699239932438439,0.42243905297702766,0.5202115602568946,0.4090909090909091
7_203_203851,0.6733678343949044,0.3905173578279076,0.5559510204081632,0.47992012425116487
7_203_203897,0.7879678403105074,0.616802137846565,0.9541335178139052,0.9099650972291474
7_203_203899,0.7867628122585629,0.6280446712236449,0.0057775345131666975,0.1679697888410191
7_203_203906,0.9254462723136156,0.8564167059686633,0.5712127649530284,0.2639637904468413
7_204_204017,0.3503117919140091,0.245869461648404,0.00022976666798716475,0.5533226764101393
7_204_204029,0.8735763097949886,0.6764882261224163,0.9206284708113233,0.7153126908800451
7_204_204044,0.9625110447258804,0.7576711250983478,0.2696642267921459,0.0
7_204_204115,0.8410803244266952,0.5772678026199153,0.9804506133620058,0.9338112917680195
7_204_204119,0.0,0.08554817275747509,0.0,0.07122289972899729
7_204_204201,0.8887506222000996,0.8092030403713987,0.5182595182595182,0.4029538566611175
7_204_204208,0.9539312907721205,0.8646476698483998,0.3209719752772839,0.15927629561484208
7_204_204227,0.9348458990061239,0.7628205128205128,0.9715317612067134,0.920142364586809
7_204_204229,0.5344705160894684,0.33539300953668943,0.1072,0.0
7_204_204239,0.9157510938259601,0.7134476388033578,0.09055682361059504,0.0
7_204_204261,0.31396937776390965,0.11787868632707775,0.0007414238955496483,0.2641659016940666
7_204_204300,0.2883407654185592,0.08203087452179095,0.0,0.007764586732684409
7_204_204312,0.11003773769250498,0.14240395605420914,0.0024082270242124447,0.09673087847957444
7_204_204391,0.3911933077619938,0.17374356842159971,0.0,0.449919387343813
7_204_204406,0.5105344101654747,0.037911179522262126,0.0023700582639323217,0.0
7_204_204419,0.8699301595437945,0.7890275034921247,0.54762252042007,0.4781603541564191
7_204_204588,0.8024603316099126,0.5342470681343982,0.036792703444611705,0.0
7_204_204589,0.15405310562638905,0.20100079895715067,0.1820282992276904,0.1656267175325725
7_204_204599,0.9473445301861099,0.783898868928809,0.9664731872130295,0.8850143456190687
7_204_204609,0.9260569938536041,0.7869836035540899,0.030535117056856187,0.0
7_204_204661,0.9404859912362236,0.8163729147905142,0.28802307993949916,0.05470341140529532
7_204_204729,0.8798989006973416,0.5693458200404788,0.9890851942041,0.9462729283205412
7_204_204731,0.6295171366444621,0.4351647687800163,0.9459032038173143,0.8300215368361169
7_204_204745,0.9329458219900424,0.7503509786109506,0.3714742581524588,0.3509728963532494
7_204_204777,0.7418514985292949,0.4603320397712921,0.8493059078540792,0.6938678873017126
7_204_204789,0.9271297305715621,0.7026807473598701,0.9646998409753512,0.855914382275629
7_204_204802,0.31967885437474064,0.031431513903192584,0.0018734654456171382,0.20468544535954045
7_204_204804,0.9498185776487663,0.8706413236701764,0.8482516949798126,0.7107617240444565
7_204_204911,0.9658082191780822,0.8720111331337241,0.9528650646950092,0.8244634298812252
7_204_204934,0.0,0.0,0.0,0.0
7_204_204940,0.9292538977641924,0.7242749840008084,0.9871736709696045,0.9187279151943463
7_204_204947,0.7235156109005595,0.6513987205208767,0.9241390131011218,0.9140449941740612
7_205_205028,0.8841438987260636,0.8258239465999165,0.9348304711580802,0.8753709198813057
7_205_205039,0.9315898856944925,0.8156273545184595,0.9627982207844723,0.9130514875195727
7_205_205040,0.6526991423286058,0.24753088543996696,0.9733851674641149,0.9381080274544912
7_205_205157,0.9615033368458026,0.8517756388981081,0.2604128674593333,0.1079828660436137
7_205_205159,0.9618447034842984,0.859392378387871,0.40052980132450333,0.1887964989059081
7_205_205162,0.9441852951273197,0.6881759567387687,0.24400615410914997,0.14283891818336453
7_205_205166,0.9355082085948817,0.7633916697696685,0.9529607954187905,0.807739656372103
7_205_205174,0.6432114216845131,0.5135260115606937,0.8907995036341074,0.4806756586411194
7_205_205250,0.8632050606220348,0.5393249288328589,0.9354742466570832,0.782800019132348
7_205_205266,0.8700324918770307,0.7460974402807143,0.9746144320612405,0.9652686145146089
7_205_205299,0.8749937258445013,0.6906056628539283,0.0030559204889472782,0.0
7_205_205328,0.9505646462318507,0.7918718545375832,0.9900504721195875,0.951631977294229
7_205_205332,0.7319336906889021,0.5132463424278371,0.10298869143780291,0.18526675108737542
7_205_205363,0.9201644837039293,0.75,0.9642565692834992,0.8886308510089281
7_205_205373,0.9245246709260257,0.7563051310721829,0.9669867699789804,0.8865720301568973
7_205_205377,0.9554837841474902,0.8419842941965141,0.9661883829587239,0.8310506438549392
7_205_205420,0.46763106083358363,0.21876966645689114,0.9599358403136696,0.7873780091086532
7_205_205422,0.819890483942578,0.7772580812805322,0.9277573207083991,0.9172053986616763
7_205_205457,0.8500655651717808,0.5772097602137684,0.9338126952319208,0.7263029692159086
7_205_205463,0.5575278569577611,0.36133745434110703,0.6374520765062435,0.4671492351993237
7_205_205479,0.8168551270899778,0.7109946837198552,0.9235328297501453,0.9285122597746852
7_205_205500,0.54638130104196,0.28278828006559203,0.020465881626986166,0.0
7_205_205509,0.9202210499874404,0.7764828303850156,0.9770419187554019,0.9340245775729646
7_205_205544,0.9423164614683083,0.8135860979462876,0.9527268971216086,0.8465126028402243
7_205_205569,0.4849474912485414,0.29502302778190465,0.17731600694652375,0.09589571190170992
7_205_205643,0.4567000621187264,0.2941540299016785,0.4071224674510896,0.3980895670512343
7_205_205687,0.7447364125999674,0.6059004843681197,0.5085116248261244,0.4933816425120773
7_205_205702,0.93915810868635,0.787618028745523,0.9216520650813517,0.7501206828454821
7_205_205703,0.9368191721132898,0.8347756087744013,0.9493122182406658,0.8555339545485017
7_205_205721,0.7206868795277703,0.5602486540489537,0.9599238371565871,0.9397939717665014
7_205_205756,0.9426184978948798,0.8062166285278414,0.9763243140243902,0.9165612632094333
7_205_205773,0.7343199436222692,0.70609375,0.07260360645365391,0.13649268399213801
7_205_205900,0.9108555523000293,0.768515328970031,0.2686573162400032,0.12987881649354738
7_205_205968,0.9427930233473759,0.8237597112620053,0.8949048546909332,0.7504759706917441
7_205_205976,0.8845426613093831,0.5235872438863186,0.9779392338177014,0.864573837739289
7_206_206016,0.19554104477611942,0.0,0.09579664027233036,0.3303470950374015
7_206_206022,0.8803129625713682,0.6582927292286275,0.07830545837925912,0.049980192790175626
7_206_206025,0.8752588622243879,0.8234845596645063,0.6373636446970391,0.5949516860579768
7_206_206026,0.9492925193077401,0.8363751070253707,0.7097382137283195,0.42328079230018134
7_206_206027,0.9208448117539026,0.7292244478685157,0.5863026376677464,0.2898614034391009
7_206_206051,0.8706215711099053,0.4898637947418435,0.0013156072566126574,0.0
7_206_206054,0.7407103344475068,0.2962819750148721,0.9801455301455302,0.9271443593210155
7_206_206284,0.9214795886952774,0.6408827785817656,0.9866454584617423,0.9322862582208377
7_206_206305,0.16449589966232514,0.0,0.32942326490713586,0.17656726931204508
7_206_206320,0.7693017394630842,0.5458842063804648,0.6955978450130078,0.43601552733732485
7_206_206323,0.8973527642222073,0.70986724413897,0.9263392056259194,0.793962793962794
7_206_206330,0.7485872803863146,0.7625303836805022,0.13589708498699876,0.08303804238817945
7_206_206416,0.5870169522420707,0.7326428726472138,0.0,0.0
7_206_206481,0.5299638448136977,0.19267878787878787,0.9806190643686247,0.944565172823814
7_206_206495,0.6063761991010934,0.05406436493446331,0.9833370116971971,0.8468162675215287
7_206_206548,0.9693163700257053,0.8823382619003057,0.9943286687472734,0.9770745243128964
7_206_206592,0.915611953055656,0.751698500192283,0.9686101814338559,0.8889897431242625
7_206_206596,0.9079737067733639,0.7231978806135966,0.9594519704433497,0.7974548405004911
7_206_206605,0.040350549290802236,0.0,0.0013360369921164342,0.46717623127658264
7_206_206606,0.05158983670129899,0.04199249026835234,0.005683297671206512,0.28065157920915196
7_206_206631,0.8960108624403034,0.7933124235819468,0.37603993344425957,0.1955941537809786
7_206_206703,0.38647557246562875,0.17182686090297059,0.15856530402753458,0.1422601231151522
9_100075,0.9155478014614782,0.7876067024976289,0.6868640021825126,0.6319992241044873
9_100080,0.8561697964098898,0.5825121141177111,0.8644038668098818,0.6464392031142661
9_100098,0.9297297297297298,0.795777802665472,0.9381719287808609,0.8318629404063976
9_100633,0.8972107648956589,0.7004998529844163,0.7311556656904709,0.5252267953702462
9_100999,0.25245296938399114,0.20440238105434458,0.34581937535952356,0.2654646076943676
9_101_0136,0.9294493892806227,0.7958271236959762,0.9771844461708304,0.7913082437275986
9_102_0208,0.7903134093721778,0.5547223079977062,0.9683918745604236,0.9050250276279009
9_102_0260,0.79061888795753,0.5159160984930733,0.8556751838653424,0.6300450580001917
9_104022,0.5719594594594595,0.4355813016944952,0.020722364100693176,0.05825158809040232
9_105025,0.8935903953697548,0.6762684515627801,0.9014060356652949,0.7285311619166928
9_105053,0.34085951777397866,0.33184380236632305,0.0,0.0
9_106020,0.8295351645034712,0.43567275747508305,0.9045551837448373,0.715938041373688
9_106024,0.9076024511681348,0.8560962443124855,0.9223433242506812,0.867542728152209
9_106025,0.7269372693726938,0.5433100986059164,0.9592684021543986,0.900670865279299
9_108005,0.9142736349149566,0.7982112436115844,0.8663265306122448,0.6991837387964148
9_108028,0.8692145862552595,0.7845155755723554,0.180231783668576,0.2270086808955029
9_108041,0.8459404823468573,0.565051990869896,0.9564041540458675,0.8795926361143752
9_108070,0.8583553963557078,0.7483181638306292,0.8721428571428571,0.7130983302411874
9_108073,0.8597213240049386,0.7742058104805865,0.8637510513036165,0.77856860419138
9_108076,0.038687482856359146,0.019138154864106537,0.0,0.0
9_108082,0.9146260972873078,0.7741272202292414,0.9567824575098464,0.8833457318207178
9_108_0873,0.8960712839206156,0.7969038817005545,0.949484263422375,0.9034322280395579
9_108_0881,0.9133282462164568,0.811655810764484,0.9539428727620609,0.9173462640511351
9_108_0883,0.8788640361899975,0.7878434119386722,0.9392536345957959,0.8805683242791476
9_108_0892,0.8678452651846665,0.805056767855705,0.941525088897669,0.9217746136482028
9_109034,0.7270061895971333,0.6822770952438876,0.49733333333333335,0.40698234349919743
9_109053,0.8546039361064166,0.7937503134874856,0.946574913981858,0.9005423983674347
9_109256,0.7865329512893983,0.7790111985916182,0.8604311699977544,0.9093814837660517
9_109272,0.7614678899082569,0.4663156993665468,0.957032701597919,0.8797720797720797
9_109_0936,0.9091690445903668,0.7730666783109907,0.9747725392886684,0.9353406678247442
9_109_0946,0.9353671365453398,0.8679069333706346,0.9490252191021284,0.8972751272864417
9_109_0947,0.9294395383404739,0.8576737451737452,0.964980362820273,0.9162251819577165
9_109_0952,0.9018989378822014,0.8371967331251501,0.9577643249331268,0.9262892919382947
9_110_1002,0.9234112173424,0.8113000231320842,0.9909360580092288,0.9710608913998745
9_110_1003,0.9142552001220566,0.7806705569559063,0.006897318945377684,0.0
9_110_1027,0.9259312320916906,0.8351327609169996,0.9112249253094323,0.8156502446239617
9_110_1028,0.9301533219761499,0.8723148246452207,0.9803672178195219,0.9597759866802891
9_110_1030,0.8839502968562437,0.7713262931805979,0.9443653449135047,0.8961675754128584
9_110_1059,0.894563697672506,0.7884407484407484,0.9229582577132487,0.8605364656381487
9_110_1065,0.905156123459012,0.8384838138047284,0.9416269821788011,0.90761314998634
9_110_1072,0.8664882943143812,0.8176110929140736,0.947305745757666,0.9209209209209209
9_110_1082,0.8785497994925935,0.7561459909228442,0.9705855359765051,0.9332541812925872
9_110_1099,0.8935967626755534,0.7897317914875582,0.9690024298942668,0.942617031055085
9_111_1123,0.8746582463706727,0.8215191608966889,0.9581599028789456,0.9445018450184501
9_111_1124,0.8740982822526006,0.8263050221078334,0.9283347324702867,0.8987594617325484
9_111_1136,0.9163069719803936,0.8017322538128413,0.951878811725359,0.8881559369110207
9_111_1139,0.8727523375689283,0.8337404500805572,0.944309437019036,0.9237472766884531
9_111_1149,0.8806122448979592,0.7724070005303432,0.9489864580704853,0.9215748657784848
9_111_1150,0.9290387882731447,0.827624076029567,0.9249581621786095,0.8231897496417432
9_111_1152,0.8651139904871248,0.8155913184703971,0.924629535002555,0.8966738527871881
9_111_1153,0.9043404255319148,0.8463437573477546,0.9633644859813084,0.9122557582158671
9_111_1162,0.8862109605185622,0.8076028830504534,0.919859064702114,0.8765916934428181
9_111_1197,0.9129788746043026,0.8333333333333334,0.9733888170087771,0.9531478176212883
9_112082,0.9130537787254205,0.8470863278205906,0.5805885124427121,0.493610838070003
9_112268,0.8072118991923026,0.5269368907131863,0.2391885259311774,0.1685067169314544
9_112449,0.9052054189368282,0.6614190093708165,0.9892455663325352,0.9606441313250503
9_112515,0.9115376199556126,0.7335725075528701,0.9225005932806726,0.7651217976657465
9_112517,0.8918092595447304,0.57322467032517,0.005992336723228947,0.0
9_112535,0.6801097621819391,0.7366748271270884,0.0975669397236826,0.07444512946979039
9_112_1276,0.8834520154177827,0.8505317620005749,0.9565344011649072,0.9360702738973953
9_112_1278,0.9230085546050438,0.8460504201680672,0.9448395386362278,0.903831485067183
9_112_1289,0.9023430448752663,0.8184373456907358,0.9594157125937623,0.9256221950224398
9_113009,0.821441213653603,0.8501861504095309,0.6749064115514884,0.6290644171779141
9_113016,0.8603252032520325,0.8281952472703917,0.5954454860854802,0.5019625820130075
9_113044,0.8860125960870711,0.7861850317040292,0.29898266767143933,0.3432600310574563
9_113418,0.8923241481179647,0.8301743425218456,0.4604574419663177,0.3549505157222199
9_113783,0.904710964822053,0.8663105599342572,0.6692508789326602,0.6276269416525257
9_113905,0.6075476766048885,0.3308847825534403,0.789756363353312,0.7283484550472685
9_113_1342,0.8112276925836248,0.5856535781064083,0.9550947443689668,0.8947222442348839
9_114_1426,0.9176313073554434,0.7533273782938812,0.9495293833715458,0.858082397707521
9_114_1427,0.8945574491478835,0.8030737027652308,0.9799059427105601,0.9154758461093434
9_114_1428,0.9020788985008379,0.8475136660201023,0.9321045149272024,0.9053986218226624
9_114_1429,0.9061285283539797,0.8465955069168818,0.9524092801903629,0.9159707104690283
9_114_1431,0.8809110499221836,0.7777020238266111,0.9800228310502284,0.9631256864898792
9_114_1435,0.8987265737626141,0.8247968545216252,0.939898624185373,0.9157801418439716
9_114_1439,0.9152583544435576,0.8551203218704927,0.9432166056895394,0.9137507916402786
9_114_1443,0.9207293834833338,0.8259893244984355,0.984717334094296,0.9653130626125225
9_114_1446,0.8716146726088447,0.8503096587165635,0.9722520762090865,0.9694191792594714
9_114_1447,0.9025762835739083,0.8277733500322593,0.8597918411293217,0.7926015990567775
9_114_1450,0.8721786647659777,0.8479245283018868,0.9404644490271675,0.9455203377336997
9_114_1451,0.908739102700404,0.8615656963021243,0.9382665013090808,0.9105088631432431
9_114_1454,0.9001554817834181,0.8074886358311074,0.9667220529862457,0.9383302677294093
9_114_1460,0.9094410476144624,0.7952751266643101,0.932468483548674,0.8603372660448453
9_114_1462,0.9020036429872496,0.7498393109654197,0.8477304372041214,0.6569707401032703
9_114_1464,0.8718745376534991,0.8375270479134467,0.9647922576339062,0.9564267267068406
9_114_1467,0.9326671918404578,0.8593005144664181,0.958625556878832,0.909104251259723
9_114_1480,0.9261583403207919,0.8355513307984791,0.9665913305516922,0.9341864032626184
9_115476,0.942562901579295,0.7669650751547303,0.9669345941686367,0.7980521340590089
9_115479,0.879792944785276,0.5783498294934708,0.6200933562289888,0.05814143393761228
9_115_1510,0.9192745376955903,0.832227389100789,0.9519545752347675,0.9056750166260252
9_115_1541,0.8899263360390373,0.8029373081981587,0.9423916953594738,0.9075039568010428
9_115_1571,0.9100561510974987,0.8557938399082164,0.9438084176760135,0.9026097436610578
9_115_1579,0.867539231138217,0.7671612813756761,0.9112398609501738,0.865896788163118
9_115_1580,0.9041518608565551,0.7683437553783489,0.9661042711658306,0.9121911245587494
9_115_1581,0.8773614122019201,0.8406506131266281,0.9258517034068137,0.908359497645212
9_116593,0.924482163406214,0.8394639805737926,0.9470108695652174,0.943732704724813
9_116758,0.9023859319646592,0.7644879007054202,0.030929291027210246,0.011219147344801795
9_117003,0.8367045185710906,0.6818466799658022,0.36180589423813836,0.3575030750307503
9_117011,0.12365629171643364,0.0,0.9405842696629213,0.8601351915213219
9_117200,0.3756824665142728,0.08394462968576337,0.9418144096567334,0.8154423701298701
9_117435,0.47798961066780915,0.27474207107374854,0.9823239319554496,0.9519070050144355
9_117821,0.30314898044712923,0.06174466603670364,0.7409774436090225,0.5406683804627249
9_117838,0.9416234642425964,0.800301261532668,0.9186213026517209,0.7695752956429498
9_117_1751,0.697098503049344,0.6299326275264677,0.9009264024704066,0.9166114607485922
9_117_1752,0.7878362103572862,0.8160318988037949,0.9592629731762347,0.9630907726931733
9_117_1753,0.7625418060200669,0.7867872143518189,0.9420180722891566,0.9076757917337628
9_117_1754,0.8320820820820821,0.8265658920961647,0.934873045474107,0.9446276688074987
9_117_1757,0.9010025693989622,0.7765315899227865,0.9376976421636616,0.867469165085389
9_117_1776,0.798574416556583,0.42404953817414465,0.9857471580176529,0.8452168746286394
9_117_1788,0.9135758721159146,0.8365547495982278,0.9150458401165281,0.8537752111704878
9_117_1790,0.8747218288488772,0.7919135920474096,0.9477287909151637,0.8914106324944676
9_118020,0.27894149727317796,0.17037882527147089,6.292210243718276e-05,0.1704112071895178
9_118035,0.10960540406952797,0.03872246832502091,0.1436365620339723,0.204048610872035
9_118_1828,0.7482331060136391,0.4979297365119197,0.03488275747783578,0.0
9_118_1869,0.8699747523791027,0.7710509583068399,0.9229599869699766,0.8762999713767771
9_118_1871,0.8657735150085002,0.7861284820920977,0.9593954947248361,0.9357197963277272
9_118_1873,0.8712634100614519,0.7824376285433247,0.9582793164407778,0.931773105910353
9_118_1875,0.8899196812153665,0.7496038034865293,0.9586737145603076,0.909777844944839
9_118_1877,0.8836132020845396,0.7982729457847414,0.952242658922233,0.9226045423530559
9_118_1878,0.8883144529765072,0.790099916100984,0.9408606660515058,0.8844444444444445
9_118_1880,0.9365119945459969,0.8262892376681614,0.9305398434318295,0.8202116460745748
9_118_1883,0.8817318838309471,0.6819395583435764,0.962753989407733,0.8999902524612535
9_118_1896,0.8883069427527406,0.7808038529900808,0.9411288691078292,0.9376960193003618
9_118_1900,0.2297716947495543,0.05170414156908227,0.6216573696014722,0.15614787871899066
9_119082,0.8735394478337297,0.7820889858647188,0.18288352272727273,0.08960939494511105
9_119_1936,0.9098685841805108,0.6901903483137193,0.9923686926294063,0.9737799757394794
9_11_11346,0.8190283693062874,0.6615052920423363,0.9518680578929654,0.9094906255185001
9_12003,0.8091067250584918,0.6732331437855402,0.03080401823775809,0.006146080760095012
9_12074,0.5094281224703585,0.2097138239473904,0.6337608656008753,0.3274401473296501
9_12084,0.3748695470674181,0.01582267451991775,0.0,0.0
9_120_2051,0.819074220252191,0.49797808984633485,0.0023228229712365326,0.0
9_120_2056,0.7153814302896465,0.24329066216128403,0.857872461163786,0.4569673981757428
9_122048,0.3626679683013667,0.4342900713468765,0.001995427146123467,0.20984646762223103
9_123074,0.7002448091395412,0.5697695966396936,0.8420017213820239,0.8105296593345509
9_124084,0.9100619651814694,0.7111118094400101,0.06227438773966237,0.0
9_124_2500,0.0,0.0,0.0,0.0
9_125_2501,0.0,0.0,0.0,0.07707234843287532
9_125_2537,0.19209149531573183,0.04847765061541784,0.4337134032831274,0.16045134178220444
9_126007,0.13627043234355354,0.012474089428486823,0.00019030582145507832,0.34446484044055353
9_126039,0.9016501650165016,0.7872532092185272,0.23334553440702782,0.19833771400156283
9_126_2647,0.0,0.0,0.0,0.0
9_126_2677,0.0,0.0,0.0,0.09262977103665966
9_127_2790,0.8009947559063632,0.6329589797278005,0.9536569579288026,0.9294021739130435
9_130026,0.5574251149030588,0.27143814202769095,0.8625426467947567,0.6855683401269285
9_131260,0.8056103026539594,0.5317412515810396,0.1500686111354413,0.03087431693989071
9_134008,0.8696336940507037,0.7873076572885368,0.8801600914808462,0.7976590233138252
9_134035,0.9116166324818199,0.82025819265144,0.9225799939436762,0.8354986112355524
9_134052,0.8887351351351351,0.8718382935793039,0.8859766508236814,0.8634590851102606
9_135037,0.7881404174573055,0.7573927411543502,0.7637165062057766,0.7845097647137239
9_135534,0.2470427661510464,0.0,0.0,0.0
9_138078,0.8881896370883156,0.7815520381005743,0.9223815461346634,0.8047589521004496
9_140055,0.08740955137481911,0.21046558298213927,0.0,0.14175390423888792
9_140061,0.9094438398870621,0.6999645836612624,0.00017512794069000407,0.5968759302045387
9_140075,0.3082220211803523,0.05113724037897725,0.0,0.03804683744248335
9_140827,0.34316372164048864,0.17469837747885175,0.06927959846471804,0.22716157205240176
9_143090,0.11171294104542037,0.15298722228617476,0.00028451814819330977,0.3146360030449938
9_145014,0.922700545087772,0.7907962277665035,0.010592826612153874,0.0
9_145053,0.919834344031948,0.8260144524735964,0.9538095238095238,0.8785076030725819
9_147021,0.43560325684678014,0.7197764753986643,0.22151898734177214,0.34899020807833536
9_147062,0.8294655753490612,0.6908518900850416,0.8139347563431333,0.6675901623408185
9_147091,0.21803340673027735,0.05023551226581982,0.0002862160931503285,0.41181829223855215
9_15001,0.8894050946887673,0.6572765178480626,0.012357702462883608,0.0
9_15002,0.8258426966292135,0.7387960248258005,0.09679552696446822,0.1437404024892912
9_15004,0.9184735886904193,0.728743310128365,0.8460535380375948,0.5804549590536852
9_15015,0.8629559350621969,0.7829387852702057,0.7996962672847894,0.7247490788972176
9_15036,0.910208791605063,0.7910690460306872,0.24641470564931464,0.13134200371587823
9_15041,0.8290736180691177,0.7645222142717751,0.07985257985257985,0.11050073948869639
9_15049,0.7345143194567464,0.41286714322752693,0.009967845659163987,0.0
9_15056,0.8720447572640317,0.7697334700153767,0.17311966916515895,0.1335181030311029
9_15063,0.8870230190921539,0.7924488835433771,0.1331348976996879,0.12035573651924673
9_15074,0.9041203503672571,0.7629376516614669,0.009599096555618294,0.0
9_15087,0.8439627373701183,0.7493249095633566,0.15902559189817983,0.14653436164464312
9_15088,0.49414544499868734,0.3157172540871133,0.8411640211640211,0.7241174473862865
9_15105,0.8904803144360802,0.782608695652174,0.0011183180496533215,0.0
9_15120,0.4056651492159838,0.23410576351752824,0.43698664232971046,0.35209382369813247
9_15122,0.8661691542288558,0.8541191794203843,0.9239921612541994,0.9363140109175981
9_15130,0.8622131442989307,0.4708687926681006,0.9726578536825684,0.8252018252018252
9_15151,0.7461855489302,0.5165569279569375,0.3556311191886029,0.2568496664956388
9_15200,0.0690368762085694,0.1536982830180436,0.007846485343741107,0.09796730930427494
9_15207,0.8956007364751047,0.6960714285714286,0.2496721168138498,0.1979181060292018
9_15213,0.9159690060562878,0.7612038110601401,0.29665535627726614,0.14013017079456602
9_152_5246,0.7373279440681669,0.36514432765944255,0.04529965182606119,0.0
9_15319,0.8268526763629168,0.8335916671833343,0.15405760726664278,0.22865627319970305
9_153_5325,0.3387504621072089,0.30046682699108784,0.9725772577257725,0.8607051093045786
9_153_5328,0.6521960696881868,0.33453150242326335,0.9354750761121461,0.7894968461199942
9_153_5366,0.1336989872111651,0.012566844919786097,3.449941350997033e-05,0.2593543368339168
9_153_5398,0.8480308705027806,0.7055150884495317,0.978,0.9587178241864983
9_154_5439,0.0,0.0,0.14309681499569593,0.2948792524346537
9_155060,0.3764303498226995,0.1388256237074269,0.8965335615761925,0.6980351602895554
9_156065,0.5194959364441604,0.1879749478079332,0.12745429925524712,0.044487648673376026
9_156079,0.5938045552352726,0.5142620232172471,0.46399197592778335,0.2849847125625777
9_157_5727,0.8729093537063803,0.7660126947489901,0.9502650276305402,0.9055084745762711
9_158_5813,0.8863580786026201,0.6228782287822878,0.9757650369328175,0.9019410977242303
9_158_5816,0.0,0.0,0.0,0.151055053149294
9_158_5839,0.00017687375635640063,0.019854037510790238,0.0024762325889896085,0.04038506691711669
9_158_5896,0.8495835929975639,0.6326656015730613,0.9459977020298737,0.8653693407466243
9_159008,0.8916359033857189,0.6652650140730442,0.35968583925128156,0.2333174376092831
9_159029,0.7470796878694727,0.60737302266889,0.9008716458725005,0.8076694411414982
9_159045,0.7488648015233631,0.5519429543373021,0.8238078843174385,0.7241847826086957
9_159091,0.8626976744186047,0.6684992012028944,0.8095011310870341,0.6059460821365583
9_160068,0.8880329068916234,0.7668270186458872,0.8295401944144423,0.6923807165263332
9_16052,0.28877634077959663,0.1934496644295302,0.44422367300596083,0.2674521354933726
9_160_6083,0.0,0.0,8.641655247336519e-05,0.17017100855042752
9_161062,0.211404064424345,0.052619270346117866,0.00021257705918395419,0.3707190773214076
9_161_6109,0.5000068320010931,0.21580808857450406,0.0001050009068260135,0.3739005277466816
9_161_6143,0.30513864584735495,0.13747825366581062,0.001412236344585668,0.2668170753428724
9_161_6144,0.7420648464163823,0.3946181674017543,0.033195592286501374,0.0
9_161_6145,0.15985430999595304,0.11963352041061064,0.20389504665288996,0.0
9_161_6146,0.2184894556154978,0.07893054963783554,0.036419815621517575,0.0
9_161_6155,0.0,0.0,0.0,0.12453896754077999
9_162_6230,0.1332236013369388,0.0,0.1417238421955403,0.0
9_163014,0.4139490477865434,0.27945223011454534,0.9411411411411411,0.905025357307515
9_163062,0.3372746656328746,0.3998661637668816,0.0,0.012656027259135635
9_163085,0.8649265759312321,0.5300619793928388,0.9191720307964155,0.7069773731181827
9_164074,0.8958843200627721,0.5320473476545374,0.5214304987650221,0.30027102640321734
9_164_6484,0.37806521790536546,0.12421138573443183,0.005296885714961338,0.0
9_164_6488,0.13708165031736871,0.16996863354869843,0.3070371935756551,0.04844408207636907
9_164_6496,0.8034286194484517,0.3240839404153528,0.9864323959037272,0.9286083807553026
9_166081,0.36217954909877714,0.03981025360335705,0.14056593868122638,0.001481066367784805
9_166_6649,0.8813072863623739,0.7752023692003949,0.9601874742480428,0.9214081230989444
9_166_6650,0.7755746140651801,0.7206536719826737,0.7196671046868156,0.6286635259112323
9_166_6654,0.7997933350555412,0.6618977625347052,0.8072301583208705,0.7165938695837037
9_170054,0.19972227967028097,0.28971157985363755,0.0,0.0018539742466122833
9_17015,0.024760294542946763,0.13518852030442108,1.4238321017185653e-05,0.15272543741588157
9_17050,0.21591759221960063,0.2046431129147768,0.05980889465612835,0.07471188236852563
9_17054,0.1681680381117367,0.08851777084480333,0.0003343083994985374,0.04608594993488641
9_17077,0.26450836924927335,0.058968410802760836,0.4780120481927711,0.2884145194658642
9_17118,0.5912671232876713,0.6286008230452675,0.5846950620591124,0.5983209801845409
9_17162,0.8784257942152679,0.8075433705080545,0.36387152403535244,0.2911456451029996
9_17188,0.9683451755740913,0.8439554291575365,0.3736382518757153,0.32714237799765217
9_172032,0.218607778741485,0.1423758865248227,0.0005325651484525351,0.4503203261502621
9_17208,0.40785340314136126,0.2852344894968246,0.7152711247365395,0.6730137885751806
9_17209,0.9174255476249077,0.7648283038501561,0.9499128160418483,0.8642479577126382
9_17212,0.1976353092179844,0.0,0.0,0.25081575999610384
9_17215,0.899172788800833,0.8206262763784887,0.9372815657367987,0.8664625529910503
9_17216,0.8441140024783147,0.6083684358326313,0.11191928671984984,0.09606319276340936
9_17234,0.31883638098808775,0.029594003206378092,0.9150212831427252,0.7558624658322544
9_17238,0.9491128389154705,0.835923716710073,0.9476581161075917,0.8063572388708785
9_17249,0.9468953617141826,0.806786830972963,0.7207315766923736,0.4586259541984733
9_17261,0.9557470656656445,0.7932557445538645,0.1834098578303922,0.003150658774107313
9_17262,0.7475805032553229,0.6166571183042109,0.33870598994055784,0.3025256511444357
9_17282,0.754993232990198,0.21563690800217747,0.0795806399043946,0.0
9_17304,0.19795513505264764,0.07405682347461574,0.4433399602385686,0.40436014287473826
9_17317,0.8625751997845021,0.6608921381648655,0.49389367816091956,0.45549661066902447
9_17326,0.884605870712401,0.7994741454864154,0.04372218100890208,0.021832806664751507
9_17332,0.9242018284826049,0.803461887235291,0.5177702955480733,0.3428278777840736
9_17335,0.336355030264781,0.4937514806917792,0.0004887426281320257,0.13186885461540993
9_17336,0.9244866920152092,0.7910257294612678,0.07137177483480026,0.002867663831589924
9_175_7528,0.0,0.0,0.004736746219712151,0.09106629588951463
9_175_7541,0.002397109963199298,0.0,0.015294236807454674,0.005718129835183316
9_175_7551,0.6420536051340129,0.2447096017541176,0.9889209643442303,0.9449579395575864
9_175_7583,0.39992767440331384,0.18506807202459377,0.022596807910541857,0.0
9_175_7584,0.15339445370510685,0.08944744072453445,0.05262160933474769,0.057494866529774126
9_176019,0.04436274509803922,0.10834307422559906,0.4983387081012411,0.3918389941085762
9_176035,0.30695415434256523,0.2010359769561536,0.0,0.0
9_178_7847,0.7702353977844915,0.5002858273602744,0.5454581172402955,0.4450807467644027
9_178_7848,0.6053536887746491,0.14769054164275142,0.8266002517150303,0.3091884641180416
9_179_7945,0.6089531265683027,0.2550099956116827,0.9274289806636429,0.8525942423492535
9_179_7946,0.9096952908587258,0.8504749426793318,0.01723613505018757,0.0
9_180_8015,0.8305665293771539,0.37862044899383507,0.004197855553307708,0.0179210490370168
9_180_8023,0.780320756556498,0.504031092409983,0.9867883962234755,0.9529903503792765
9_180_8024,0.8568563162970106,0.5169880624426079,0.11888898892590258,0.035517012814847544
9_180_8028,0.9736003091638085,0.8364498571967451,0.1289538316504999,0.0
9_180_8044,0.8539112473347548,0.632577003178779,0.987955063120102,0.953013865938645
9_180_8048,0.9281961471103327,0.772319643571143,0.9236452476967003,0.7360067272822831
9_181018,0.9039409537816271,0.4228787943292605,0.06402530882796023,0.0
9_181079,0.9526338277482757,0.7649682921495736,0.9386796409697173,0.6925008829415689
9_181091,0.5632510778827631,0.43043561696411436,0.7522689606187357,0.6203603881102726
9_182_8259,0.7512677041440812,0.25368490441661173,0.9412168469606282,0.7575535925279919
9_183087,0.9577857427319793,0.7833859095688749,0.7460689655172413,0.436038087352515
9_183_8309,0.7721792577082841,0.5394967317469134,0.9907601115760112,0.9690960939054314
9_183_8314,0.20826128159285637,0.17631700949174048,1.983064628076229e-05,0.4534993529432339
9_183_8315,0.3638715060492282,0.21310937105329628,0.9814908034849952,0.9316190611866942
9_183_8318,0.6125683386610103,0.19540770028519575,0.9810541069572992,0.9070285937238727
9_183_8320,0.3155885095235981,0.07975239093410193,0.0,0.0
9_183_8321,0.2920242675347736,0.3104389604717187,0.016360505166475317,0.09930683264959683
9_183_8322,0.8244404250508705,0.37558901682905227,0.011306337324240877,0.0
9_183_8336,0.9079831759515071,0.5999020767881187,0.9876876332139132,0.9420207312905798
9_183_8358,0.6007744979868181,0.27477140346881,0.9851292340375309,0.9255296535109474
9_183_8395,0.6444559611065868,0.24928296985767628,0.9970094381035997,0.9820524325363759
9_184_8457,0.0,0.0,0.0,0.12244555511608117
9_184_8471,0.33052749719416386,0.073615036262726,0.1758522543502167,0.06885211489346814
9_184_8494,0.0,0.0,0.00014238060369375967,0.10359436663313472
9_187003,0.8412941961307538,0.7456640737539614,0.006482213438735178,0.0
9_187029,0.9372060774146871,0.8043311122501281,0.4860362095531587,0.4388861508132085
9_187039,0.47979441305712495,0.46712189233032786,0.9294173006038742,0.8950313614561555
9_187083,0.9037279427505428,0.5830273785796706,0.9479788105145301,0.6511275026343519
9_188063,0.1838870513896431,0.13827288827288828,0.8397048149044277,0.7496068818795671
9_188091,0.04706384796070895,0.013760223264467615,0.005572869324330173,0.22376789905105268
9_189011,0.9449866514945949,0.7497983220393676,0.018304253251261164,0.017872765904261966
9_19021,0.9227133614845233,0.7675489067894131,0.08758941939777075,0.0022736668044646548
9_196015,0.6939387449132577,0.6064496639226644,0.8398965219890773,0.8831035661387718
9_198023,0.21149263431542462,0.3038614556517669,0.22397309820328842,0.3337431693989071
9_198054,0.9055214576552122,0.39413531325602735,0.9314117056016077,0.5203847135926462
9_202012,0.773428809788654,0.620633683937151,0.3902922665747047,0.3664600828779933
9_207056,0.9214394480872619,0.8521121859558772,0.6948716256352716,0.5913432835820895
9_208001,0.8171867440735365,0.6795386674904748,0.6797587525742865,0.5646427636744308
9_209070,0.7744911804613297,0.49622458857696033,0.91801206549842,0.8371037911746426
9_210088,0.12748694860864984,0.0,0.6466041275797373,0.4361251099912007
9_21077,0.7279684129116294,0.3404839540072078,0.6123394610929237,0.48155111633372505
9_216053,0.37120341487440484,0.28510905382080654,0.34738597802956234,0.26931376780319377
9_22001,0.9640863955932449,0.8132857044720753,0.6249201518055086,0.4062784349408553
9_22010,0.468162071705066,0.2109648747970259,0.9502243409983174,0.85578231292517
9_22013,0.12597050328900408,0.007524991760957926,0.0,0.0
9_22029,0.21241976645271055,0.07244291286401333,0.9596275499324757,0.8967660571119719
9_22038,0.48922736572138964,0.19808682855040471,0.9775166984732825,0.7621071468515827
9_22072,0.36669869275337,0.36334838045458145,0.30413075780089155,0.31473784556720685
9_22104,0.8415341986291381,0.6357811191611752,0.7316434770629563,0.568252748835646
9_22267,0.35616713539574124,0.2080784644589749,0.4586066045334254,0.3049748179281858
9_22323,0.881167014521071,0.8035886876497037,0.7172568578553616,0.660090927060684
9_227040,0.2545219119506956,0.11622937195773478,0.0,0.06902804642166345
9_229036,0.9580681788175649,0.840702947845805,0.2400968309859155,0.03451011503371678
9_23001,0.40535007506482873,0.468627574876785,0.0,0.004483888923248191
9_23002,0.9029927256749499,0.7398873527905786,0.9722685011017359,0.917265419364018
9_23003,0.9050221655432076,0.8171220857357734,0.6420499867056634,0.5132517838939857
9_23025,0.9502128975475154,0.7697467125584679,0.19490022726705128,0.13382610387084226
9_23051,0.9529933766317279,0.7747487646438288,0.9619250482593357,0.8645306660804573
9_23074,0.9017263534275658,0.8282703402802308,0.032090199479618386,0.0
9_23080,0.8992617289830912,0.8032025715816418,0.2352749755938822,0.2484963596074707
9_23104,0.9434551545223283,0.8286095221710894,0.0037546605051725045,0.0
9_23117,0.9080806594053576,0.6101321585903083,0.06398286031687253,0.09932604586175721
9_23118,0.959532544154911,0.8694343409005393,0.9871562524623749,0.9564061669324827
9_23131,0.9592145409028086,0.7495820795720495,0.9786778650772149,0.9096643388150484
9_23267,0.8519738459269456,0.7564137430876621,0.03430245920478051,0.02731153584942272
9_236017,0.8181029245856114,0.7529788501638368,0.8936752483275897,0.8651912315395296
9_236037,0.7874465049928673,0.5807500343422318,0.32321810060205863,0.28109195714829516
9_239007,0.9018892228424217,0.761438679245283,0.835539187478421,0.693578534820621
9_239096,0.42880468059051635,0.2816567169713375,0.0,0.021547238176001234
9_24004,0.379176240066044,0.08229207636220616,0.8820772010684544,0.7522865510250056
9_246016,0.7983974758168306,0.5846267857878051,0.00046799182245868125,0.08382332831943115
9_249061,0.10282976699407456,0.07327947336923997,0.0,0.35025203373758546
9_25098,0.6567929978872936,0.40207457503198685,0.0682238355052532,0.06300891818534315
9_253874181_300410d0fb,0.9290304073436604,0.7768664563617245,0.8923169993950393,0.7824534907668017
9_260081,0.6399320125351888,0.3221760400191268,0.000215311004784689,0.26168764449011045
9_268002,0.7947725072604066,0.7564382365779135,0.8907239819004525,0.8246610267701935
9_26926127.forsythia1,0.45449727802668977,0.42056782334384857,0.9525444895410553,0.9019300750840665
9_26995738.ibiris1,0.8517954574292602,0.704855905380643,0.11504688197648459,0.019627005456470396
9_271008,0.8973425783578578,0.7864922991536006,0.115360435875943,0.11461708394698085
9_27551937.vinca,0.23302464895166386,0.005988376659074845,0.03997641509433962,0.05097121460332319
9_28010,0.8455210237659964,0.7326850462939016,0.1388646288209607,0.1747977819606247
9_28011,0.8903140203449801,0.8565934535509786,0.12510014173907685,0.13172262585443445
9_28015,0.9009131247937218,0.7902759526938239,0.2440708252111761,0.1083203648076436
9_28026,0.8162216193060117,0.7765277910191629,0.3510349507974211,0.4105211406096362
9_28052,0.8956607495069033,0.9118192431838472,0.40710682167141915,0.29222983793478957
9_28058,0.5274020639214507,0.5431908181757165,0.06966509231429799,0.11253869969040248
9_28080,0.8737088638001441,0.8578541901540774,0.42227855038706585,0.27969993180268243
9_28081,0.7347207009857613,0.5109298125428162,0.9293981481481481,0.8443752359380898
9_28092,0.8431892650959588,0.739282769991756,0.24653227297947106,0.1502787799278452
9_28097,0.8522442633806466,0.7363614940497231,0.8995560131265684,0.8076935047150726
9_28106,0.764416954702565,0.5883687817033016,0.39432607276396225,0.318525763113193
9_28112,0.9040703975031428,0.8136850401001344,0.6452953118360795,0.5367332231124676
9_28117,0.6263385008790155,0.6443123938879457,8.357011532675916e-05,0.6149025693056012
9_28153,0.8557290214664065,0.8589427950760319,0.8741052966438683,0.8665465285077839
9_28162,0.9233820388514086,0.8334791119996668,0.5321590702741965,0.3443042151282686
9_28173,0.5580304359433998,0.36222087194288316,0.48983200707338637,0.3905471331899491
9_28176,0.939951530383269,0.9061116664286735,0.9328141127897157,0.8792863116810705
9_28180,0.7001095290251916,0.7130137821685572,0.2525031289111389,0.3054644029105436
9_28184,0.8432722765459303,0.7667956026058632,0.5592084006462036,0.5950349107835532
9_28187,0.8419149302565869,0.7717187917669073,0.8954869358669834,0.8570806100217865
9_28195,0.8001124148106513,0.5670298987862101,0.06015724269377382,0.055752610281260925
9_28198,0.8196887578840607,0.5691796787687199,0.048192314972553475,0.03833250053537012
9_28210,0.8791424871708791,0.828077801517719,0.05942422596414992,0.07447244035877777
9_28244,0.8405276485483776,0.6217082078554494,0.1747140606807753,0.16572021737803017
9_28247337.003,0.6952961480556678,0.6133231887733536,0.8043854337860047,0.690517382079321
9_28278,0.647754661052165,0.5760618808522188,0.723848663305512,0.5461898211829436
9_28313,0.8416799060578849,0.7622730329522529,0.00975889781859931,0.001171754548257786
9_28316,0.8575209061077591,0.8055753093443322,0.9251446480231437,0.9354041106475043
9_28321,0.896246516964432,0.8874446404781623,0.22261709495170404,0.15931526990128125
9_28334,0.8246949327817994,0.5310263699637291,0.47404040903028205,0.37726654578422486
9_28579914.05,0.8960649756775538,0.6429094571088528,0.9736540664375716,0.871075032414454
9_291000,0.869200316706255,0.7994035664293104,0.8842242503259452,0.8220044261776794
9_293029,0.8930848455125061,0.6859302325581396,0.07890064868555821,0.09231847927703335
9_299086,0.8225712998133007,0.8277983348751157,0.24542435709321184,0.10397651699307435
9_299091,0.26884570452347156,0.16230246424550723,0.0009393379802098567,0.42993339427974403
9_3,0.5035250316856781,0.30990359333917616,0.4257491768432459,0.34474017743979724
9_300091,0.03852551086533892,0.07112249856429739,0.0,0.0
9_304034,0.7802982686703617,0.6485910719473226,0.906195637628797,0.8492645033331497
9_304074,0.7351895132608475,0.7917363107575048,0.9138517936632626,0.9437839424629385
9_306005,0.2967727625596096,0.07609039548022599,0.772550472309687,0.7360983666727839
9_309004,0.5870897944464479,0.44063732693943847,0.6137886597938145,0.4455413757123365
9_317080,0.8802109313760422,0.7964967198374904,0.732811382243065,0.6917894024039275
9_326038,0.8464458025088453,0.7887478996465612,0.9153995820422282,0.8880306494469505
9_35008,0.756789308053926,0.5650035637918746,0.09584828293182983,0.1324514542525227
9_35010,0.831392277123102,0.5162728809292624,0.07527832260559685,0.0571590495081569
9_35058,0.376499940596412,0.19937084935337296,0.9517133956386293,0.9450125409994212
9_35070,0.8146266829865361,0.7945949998125866,0.8956489675516224,0.6962649753347427
9_353013,0.5850420218155808,0.33807674551231565,0.9745631552670994,0.9061907073203018
9_36008,0.6402233240281655,0.564436161609058,0.19068016614745587,0.1321841667041721
9_36011,0.8764276868033577,0.712448255470136,0.18597720380633692,0.11668889312249953
9_361084,0.9205446577629383,0.769832812787066,0.01506713780918728,0.0
9_36253,0.03525619501712444,0.05893072785157537,0.0,0.036718023373367305
9_36254,0.0,0.0,8.697542944118286e-05,0.08468592440529231
9_36302,0.06075247806160514,0.19099560906797003,0.0004052684903748733,0.3233740069183107
9_37073,0.8279336974948202,0.6878046748052165,0.8969806506485222,0.827362168182662
9_376020,0.8906634436914577,0.7206299851291064,0.9754946800828077,0.8407184739850071
9_376043,0.9358774846148404,0.8545924589044437,0.9634196159988117,0.9074231442139465
9_38082,0.5941137222922381,0.5295552005381317,0.7520290732889158,0.6335303600214938
9_388016,0.9121983544094097,0.8088101071239852,0.41883586406362977,0.35585506739016276
9_41004,0.8661667280088333,0.8719336347776552,0.8394466894622319,0.6592241768155165
9_41025,0.877473164528556,0.7832062832062832,0.9015402451142762,0.8395334654672968
9_41069,0.5136584826365849,0.3148608500576002,0.944749005697087,0.88520025701435
9_42044,0.8975075704635453,0.6707352655125463,0.37740112994350283,0.3237156201349248
9_42049,0.687595098902859,0.43702474028060406,0.8620409112040911,0.7961672473867596
9_42078,0.9243950039032006,0.8623777439687025,0.9626890476981884,0.9169670149185638
9_43070,0.5736798163222709,0.44576710314403756,0.06391549547936622,0.09099099099099099
9_43074,0.809850863422292,0.7740387732607145,0.8149184149184149,0.8196084077166714
9_45096,0.6942618051404662,0.3293244512004292,0.1171302187481064,0.055697062319578876
9_46076,0.7332856632105827,0.5291109715618552,0.87780925401322,0.7738917827149995
9_46829866.bigbruiserweb,0.9208826695371367,0.8073972602739726,0.9516812284882181,0.8899162595952547
9_49752508.babygrizweb,0.8995403808273145,0.7800751879699248,0.942777514231499,0.8752442996742671
9_50017878.bearssittinginbrooksfalls640,0.9441476204610666,0.8854281888571928,0.9511309400290516,0.8847548291233284
9_50314,0.2539946737683089,0.13589330108177114,6.180045320332349e-05,0.2521016281758805
9_52_52999,0.8867778208607987,0.7839234745043585,0.9636818495514148,0.9257522802830108
9_53915802.20051221_11miamibeachvigilancia,0.37560019206145967,0.25650195058517555,0.00014874090821198553,0.1989820416786709
9_53915806.20051221_19miamibeachlifeguard,0.7940689830724195,0.7425413118267441,0.039775910364145656,0.0
9_53915807.20051221_22miamibeachcouple,0.8607594936708861,0.8003089996137505,0.38988005241407114,0.3536902460164011
9_53915808.20051221_24miamibeach,0.8968985750209556,0.678620240807029,0.1356118400976503,0.06125204291906488
9_53915809.20051221_27lifeguard,0.8795356343380707,0.7894579065700724,0.02824140918278949,0.0
9_54363879.teenagegrizimg_6010640,0.8904692184340793,0.7460323665077008,0.9447424082187642,0.8755325369643304
9_54375701.bearfishimg_6001640,0.8876979936642028,0.7825670498084292,0.8988646288209607,0.7769663246971541
9_55075,0.9221374682172482,0.7866475462077757,0.9564085297418631,0.8892422414738458
9_58060,0.8317601001569921,0.4059181132351864,0.455317445266241,0.00676144767424311
9_59078,0.0,0.0,0.0,0.0
9_61060,0.5086666021109713,0.538034798688745,0.7492592592592593,0.5907249312689915
9_61086,0.7000911577028259,0.6943896991196952,0.4880034275921165,0.49653948535936115
9_62096,0.7790985997666278,0.8418056120374136,0.16259563093372661,0.1659098847362906
9_65010,0.056695298516157046,0.030663738972995878,6.096631611034903e-05,0.09516560378522938
9_65019,0.9666993143976493,0.8866657338743529,0.7373619285656696,0.4621049738939269
9_65074,0.8735112428959724,0.7212307120282581,0.28257686676427524,0.15764724635371005
9_66053,0.87387627609325,0.7721407389596858,0.2367415296087946,0.3304358780549257
9_66075,0.8779303062302006,0.644907740234843,0.8961635195017765,0.6976505064006991
9_66136,0.1717447738762126,0.5271317829457365,0.0001489104717152832,0.0414278738660019
9_66175,0.11203580669976922,0.11247681733881232,0.0,0.0
9_67444,0.11571655249816169,0.11683516483516483,0.0,0.04234832992501704
9_69015,0.8593753518430949,0.579391486296436,0.8819153527813746,0.6546848621271807
9_69020,0.8817422977690089,0.8261054905081278,0.9239560147503405,0.8800901708043121
9_69040,0.8055142503097893,0.6830653865818327,0.897274325908558,0.8485196528841246
9_71046,0.16373621506709773,0.1126654170047282,0.0025049034666918732,0.4291365984101982
9_76053,0.1336188958475015,0.03879706997460154,0.82203075094704,0.6915304189179706
9_78004,0.3475060395054711,0.22028711872131254,6.157066773389157e-05,0.2865158032541612
9_8023,0.7885629154251662,0.6679203742775892,0.9147841006577067,0.859045144527444
9_8049,0.7937505532442242,0.6610988126383578,0.8679831373419126,0.8130709184520843
9_8143,0.7836743450162238,0.36874833098081106,0.5292291118785843,0.3664830119375574
9_85048,0.8932005494505495,0.7646749421418052,0.40090161760806153,0.26493529516043257
9_86000,0.18998993240327916,0.17900379449497078,0.10712966383450313,0.1674148068533856
9_86016,0.6474171989809105,0.30516177451634424,0.9698952879581152,0.8919332507469212
9_87046,0.7978474496958353,0.7516962697144236,0.8068163635393888,0.7265771980433965
9_90076,0.21318454935622316,0.0826712570621469,0.0039017044287767816,0.4176820118840406
9_92059,0.35560772981759076,0.1415918354837721,0.9391121985319818,0.7843383913829703
9_94079,0.8892206995295562,0.80268162434208,0.20370033639421767,0.1839195607005046
9_95_95660,0.9181345258738706,0.8409207598836215,0.9197460678415766,0.8457903780068728
9_97017,0.21841848615727563,0.0,0.0,0.010221847795563043
9_98350,0.8697282762524766,0.8256398666591332,0.9466783216783217,0.9355397463656047
9_c_121,0.8880285152409046,0.8655031622768393,0.8863758029978587,0.8666336142786316
9_c_141,0.9090871642774757,0.6697382769901854,0.4266720028459623,0.3577724358974359
9_c_146,0.9060696071288461,0.7479631053036127,0.9741606825016879,0.9326763756867533
9_c_39,0.743982292723416,0.6329155672823219,0.47541388682975044,0.466592712688796
9_c_51,0.8793945606946874,0.7093490106108402,0.19688977187093237,0.1730459556546513
9_image_0003,0.6048231678733267,0.31265028750653423,0.9498099349268733,0.8450745973718012
9_image_0004,0.8900762538932445,0.8273387955376568,0.9459924116670619,0.9103949793295811
9_image_0008,0.8031353919239905,0.4741913939509589,0.9723226433430515,0.9050373259802273
9_image_0012,0.003527419809989653,0.05907618114686158,0.9718322995849461,0.9173048600883652
9_image_0014,0.9033496732026144,0.6479356088835893,0.9535000294863478,0.8439544729752021
9_image_0015,0.30984245299000507,0.30378693300041615,0.18837219288075915,0.12829192724769062
9_image_0016,0.8090820476622634,0.5470076049818142,0.003572170301142264,0.0
9_image_0018,0.8451449122064735,0.7760732185661364,0.9827779159413081,0.9595296834811821
9_image_0025,0.6532916666666667,0.4601072652880681,0.9805269186712485,0.9616083723492151
9_image_0026,0.5753049432912476,0.3125739728343572,0.9606010859957065,0.8625895776803729
9_image_0027,0.4366713576772091,0.3916108215438074,0.009066825864706541,0.0
9_image_0035,0.6334311940243041,0.3856053082010861,0.9615823073415413,0.8820711678832117
9_image_0036,0.8680741306839893,0.7759962573895292,0.9327269791722728,0.864254447238521
9_image_0039,0.8893225823018849,0.7553162326218915,0.9705384354893328,0.888997555012225
9_image_0044,0.9158552833862867,0.8340074219238628,0.9752842313395946,0.9196835612764817
9_image_0050,0.7404709772554627,0.648879803078977,0.9709809506854192,0.8879568603954464
9_image_0054,0.8408212068790069,0.5139971817754815,0.9688455772113943,0.8764483473594341
9_image_0057,0.8821742707080934,0.7507220396374863,0.9524109014675053,0.9182125288923132
9_image_0058,0.3769520732364028,0.26699904877488767,0.36894628705606103,0.21110194714383046
9_image_0067,0.9085885451634561,0.7429419640258456,0.9683449235048679,0.8863636363636364
9_image_0068,0.7883819401493887,0.5879137877694132,0.969562121751513,0.9120979294178929
9_image_0072,0.8606688336730759,0.6834014623754966,0.9744788376500316,0.9066194690265487
9_image_0074,0.15264375845959044,0.21955434849700636,0.9722174063800277,0.9059540889526543
9_image_0083,0.9304809934385337,0.7686754966887417,0.9804023888212443,0.8848642565761711
9_image_0084,0.43587985187217115,0.18770042852683258,0.9830911823647295,0.907987791260329
9_image_0086,0.9356949702541915,0.7988096778367189,0.97782591346976,0.8820351501059974
9_image_0089,0.8909499054820416,0.7093099151486382,0.9720875376752719,0.8975558659217877
9_image_0098,0.0,0.0,0.013444820217025956,0.1620202810655711
9_image_0101,0.943307158095411,0.834332784184514,0.9712627134906928,0.9121964418588919
9_image_0103,0.8475847736834102,0.6169732349377685,0.9762761876659781,0.9169141669141669
9_image_0104,0.8832881933995386,0.7335615553546053,0.978103011539544,0.8853025512829938
9_image_0320,0.7280286343612334,0.3452546296296296,0.9415728672985783,0.8308064161722698
9_pushpin,0.11177017079968556,0.11183964031472461,0.0,0.036885245901639344
9_ss07002,0.7768425519875513,0.7518648125978451,0.15573696145124716,0.13458544669311506
9_ss07003,0.8692174444670878,0.8031537077374752,0.18423928674144377,0.15088137208194377
9_ss07033,0.6580974341362901,0.7655736070965813,0.04068135022150122,0.1478824765424048
9_ss07036,0.7943116845037385,0.681195098752308,0.5214503679770238,0.5180364656381486
9_ss07043,0.05369889402982508,0.10111618379710799,0.0002789132002885309,0.3825081039852539
9_ss07080,0.5203650498563461,0.37119625477393126,0.0,0.1766284295968337
9_ss07084,0.8243516822520004,0.707840616966581,0.8071603836716484,0.7827997021593448
9_ss07085,0.27046201765011246,0.24135126681263686,0.0,0.07647162651134057
9_ss07087,0.8458669299544731,0.8063821386266556,0.4259023083790333,0.2659056375891222
