subdir,unrefined_iou,unrefined_boundary_iou,refined_iou,refined_boundary_iou
2007_000033_aeroplane,0.6739768723461921,0.5550268992754299,0.9034697929469604,0.8414486311748661
2007_000042_train,0.7199027815284904,0.28601412415427924,0.7446321829919502,0.38994031455470246
2007_000061_boat,0.727579556412729,0.6185349046630907,0.6606088560885609,0.4268225526326937
2007_000123_train,0.5802094999670597,0.3029742922225838,0.955568586164159,0.8097531433844735
2007_000129_bicycle,0.6423817479663663,0.5475027746947836,0.8538141548147732,0.6670623974300779
2007_000129_person,0.8376826498693063,0.7439991452788528,0.913243935983996,0.8840858377249204
2007_000175_sheep,0.7731603069159071,0.6062466875011422,0.9446916000603227,0.8286874818666726
2007_000323_person,0.9395224339437628,0.48193480822097134,0.9773902660826224,0.793576831459735
2007_000332_horse,0.7710759117451659,0.6925751819177024,0.8122159802483272,0.7319080027135261
2007_000346_bottle,0.2799795011957636,0.34800831312781433,0.8334769230769231,0.7261185576741552
2007_000346_person,0.9319395100537564,0.6866766917293233,0.942639488620293,0.706983760759606
2007_000464_cow,0.8406458406458407,0.693933022206267,0.9197670901391409,0.8439097103918228
2007_000491_cow,0.8791624040331425,0.3981903565960814,0.9585921325051759,0.6756957417253436
2007_000529_car,0.004965060684075028,0.044974003466204504,0.0,0.0
2007_000559_bottle,0.596229379418696,0.6660312619138391,0.7987651497827578,0.7587297724784037
2007_000572_bicycle,0.2159804124422374,0.42924404292440427,0.23286677786641527,0.4612122915016986
2007_000629_train,0.6495884836152701,0.42629527091926095,0.8162353154350255,0.6658085737781115
2007_000636_train,0.8901818688593129,0.6915808103154035,0.9449012545025463,0.8925451887767835
2007_000661_sofa,0.18354430379746836,0.4013823610727122,0.20813021564901263,0.35096350963509637
2007_000663_bus,0.8991394234387937,0.5455093594979034,0.9766281495432222,0.8974120840849422
2007_000663_car,0.4092890220648325,0.29513172966781215,0.38377379937482237,0.3026014210405684
2007_000676_sheep,0.033920989477570614,0.11636087348041423,0.11481890053318625,0.21155103316942842
2007_000727_bus,0.41425075999110256,0.42034274100420344,0.6870471684163832,0.6824571340301735
2007_000727_car,0.7001094491061657,0.632437470871524,0.7013422818791947,0.5016714422158548
2007_000727_person,0.5469713456655785,0.8802616132819051,0.40120036934441367,0.7853116710875332
2007_000762_bottle,0.5247975708502024,0.4131616203132849,0.7396293568973982,0.6711424670004552
2007_000762_diningtable,0.3658587590706623,0.2955101887076726,0.3454793657460884,0.3184180253084216
2007_000762_person,0.7375636590240024,0.6039037320401217,0.40501404241065675,0.35085998792999396
2007_000783_horse,0.7967408059898701,0.6855397315134549,0.7919154929577464,0.6574213503723902
2007_000783_person,0.6798015982364287,0.6102653048114601,0.7864077669902912,0.7439428385839558
2007_000799_horse,0.7791224961710562,0.5664154168933095,0.7796191999455514,0.6155204898728215
2007_000799_person,0.6766850023195705,0.4390681003584229,0.7685479819125774,0.6183586500790432
2007_000804_chair,0.07714032114903574,0.19649727246626472,0.11227196013823033,0.22545539195716696
2007_000804_sofa,0.10987134930796903,0.11940531470714481,0.1457391968433781,0.1020826759230041
2007_000830_chair,0.3715637674628211,0.3372454027498209,0.4176046825754165,0.3265320072456338
2007_000830_diningtable,0.24526758588455247,0.2853853178226863,0.5852342959883133,0.49135139404470424
2007_000837_boat,0.7177914110429447,0.7122209502003435,0.8796487603305785,0.7238380809595203
2007_000847_person,0.8779480223201899,0.8353448037780662,0.9524948630662128,0.8993828209048186
2007_000925_sheep,0.891076740035693,0.8196106224204778,0.9186063115807511,0.8717040620208608
2007_000999_person,0.9340197951408002,0.6429841741518652,0.9597176355858951,0.7275834433339619
2007_001154_sofa,0.856198347107438,0.502415812591508,0.9635178180370296,0.7417241680496113
2007_001175_person,0.328936678614098,0.39672048087331013,0.40150040087046157,0.5485951609350911
2007_001239_dog,0.8424485592293003,0.6831352368517061,0.8789376842758652,0.7613772513896254
2007_001284_person,0.9296002554958216,0.7020561263532924,0.44164754602943646,0.2833993835314839
2007_001288_aeroplane,0.7752334276902277,0.7805772066568359,0.7488806325616842,0.7076787163936775
2007_001289_bird,0.7753903810118676,0.8341068043662985,0.8480666757753792,0.9022669680158893
2007_001299_cow,0.8687965260545906,0.8764475753519022,0.9033950506750708,0.9194263260256936
2007_001311_bicycle,0.40417619161349755,0.708609647959377,0.3827555945590171,0.6684026701386736
2007_001311_person,0.7457749530550339,0.7459092750101256,0.7328616978876046,0.708601327735611
2007_001321_car,0.4461111111111111,0.13762188759934563,0.9324539726349798,0.45218951014349335
2007_001408_bottle,0.2344915586965057,0.2751905558654025,0.5576561417400772,0.45720927718008325
2007_001408_person,0.912798197218121,0.6514827728414502,0.8733620292571356,0.6305700163506174
2007_001423_person,0.8005004026228,0.7186291286715581,0.881011515014676,0.8430855232224022
2007_001430_person,0.849173328686257,0.560269209197981,0.957026913683795,0.7791501976284585
2007_001430_pottedplant,0.41464530892448515,0.4267430754536772,0.5608013666718434,0.5989949101217705
2007_001457_chair,0.2983514274225975,0.34688553795253546,0.16739894551845344,0.31322299341519844
2007_001457_sofa,0.7365392519523223,0.5364814729995878,0.8533809645317683,0.7186467426147852
2007_001526_person,0.909630841796217,0.7057411155388502,0.9109176423496448,0.8232183483982045
2007_001568_aeroplane,0.7615254562250536,0.5031691680023314,0.9721857254203318,0.9074622263336417
2007_001585_person,0.8926134082697712,0.9105656267019373,0.9545035787683368,0.96036513079902
2007_001585_sofa,0.10411852657333152,0.17000351933680052,0.4228104399300417,0.3990228013029316
2007_001586_horse,0.5281695984069035,0.5196194739787353,0.7383737288476225,0.7133427947106395
2007_001586_person,0.6748080949057921,0.5752080221890336,0.8908956328645448,0.91224330277837
2007_001587_bicycle,0.31482861400894185,0.6932406650313437,0.40164576802507834,0.7699403147042865
2007_001594_person,0.6428571428571429,0.6102259215219976,0.8418910457107076,0.9104247104247104
2007_001630_bicycle,0.3361522198731501,0.529640641632713,0.4158049081648402,0.5146928529238038
2007_001630_person,0.7701325089873395,0.8110549215244083,0.7216450779609359,0.7396762970806232
2007_001677_chair,0.1236095488063992,0.19173688844170544,0.03346332872059379,0.11907855286827904
2007_001678_chair,0.0,0.0,0.0,0.0
2007_001678_person,0.6459532231666755,0.5070933550754179,0.6905233710222637,0.46284042961258154
2007_001717_person,0.8541172524497472,0.7691661098777938,0.924234700721702,0.8854192669919437
2007_001733_sheep,0.7159869008633521,0.9046287137155916,0.7480314960629921,0.7094687731947832
2007_001761_aeroplane,0.8380410827543279,0.4932223398192624,0.9740850642927794,0.9078906759027469
2007_001763_cat,0.44173046864651494,0.32209721867098495,0.3648045576831777,0.32466856445709635
2007_001763_dog,0.07881558893969083,0.15634242356252678,0.1467998928834438,0.2293212778300094
2007_001763_sofa,0.7647509467780637,0.6146723451023492,0.9361113398665898,0.8325544788233558
2007_001774_cat,0.924038881607689,0.7443330646786218,0.9413247549711232,0.7943361188486536
2007_001884_aeroplane,0.7644602939897365,0.6264587031232297,0.844987122007059,0.8793604651162791
2007_001955_horse,0.468052738336714,0.5420913025268742,0.4717624148003895,0.45176536002224077
2007_002046_horse,0.9005429548172688,0.7207062832062832,0.8892954553107427,0.7402286162471495
2007_002094_bird,0.8305243885263602,0.865223219489451,0.9164033770135184,0.9334674347017768
2007_002119_person,0.8049984111258576,0.6485692386305569,0.8281539030706623,0.7798104512651074
2007_002260_motorbike,0.8232207874443113,0.5787108730420655,0.9729030501089324,0.892810838843511
2007_002266_aeroplane,0.90418410041841,0.8021616541353384,0.9538080495356037,0.9024368883147593
2007_002268_cat,0.22270675541274576,0.26051067105769643,0.1824433415057107,0.3145647104547221
2007_002268_dog,0.18398151713515595,0.2893765381460213,0.9599061956275059,0.926338456968887
2007_002268_sofa,0.2945966975015129,0.2919742375672735,0.4793680329422305,0.42458015267175575
2007_002284_pottedplant,0.5601681366649303,0.40549888468382667,0.593367603508968,0.548645729478232
2007_002376_aeroplane,0.7551568999179423,0.6648688568615164,0.8941298736129271,0.8420515437611635
2007_002378_person,0.5494202394022977,0.462332327509699,0.7529714325432683,0.6843043224677597
2007_002378_pottedplant,0.23349529710694067,0.121241244931276,0.27528707818205816,0.17928958458759783
2007_002387_person,0.7532195268044325,0.8725356236580128,0.8290290944753187,0.9585013797495224
2007_002400_bird,0.9693787845176768,0.7948726312012786,0.9790104322901043,0.7681168110814619
2007_002412_bird,0.7013262599469496,0.8549237983587339,0.8673899939722725,0.9210980392156862
2007_002426_person,0.38909283134122347,0.3574708410067526,0.4831125925488924,0.44772363903231727
2007_002426_sofa,0.08669147059337282,0.16601558883972378,0.0,0.0
2007_002445_cat,0.8066892202157269,0.40532534641082185,0.9563546423135464,0.8022419235053844
2007_002470_cat,0.8892141080052686,0.661448177242929,0.9275791883984226,0.7735546467805309
2007_002539_bus,0.9712318726768232,0.4806624186458582,0.9880165207855909,0.7628117746748702
2007_002539_person,0.7702683715048475,0.7404424607025034,0.8853794816079467,0.8995595660113869
2007_002565_person,0.7931107803529662,0.8076335877862595,0.8936688311688312,0.9413474240422721
2007_002565_train,0.8395975896231233,0.6310754148703714,0.8833690666811409,0.7510279420150665
2007_002597_cat,0.08277070179920441,0.08020835788530889,0.0,0.14489344035427623
2007_002597_dog,0.4481659718980863,0.3580760095011877,0.527965221905009,0.4913705764206111
2007_002618_sheep,0.7692637035837027,0.5878853506590733,0.9339386743032758,0.8526307410650322
2007_002619_aeroplane,0.911099315444595,0.8184280794086917,0.94574785598247,0.8966128276676782
2007_002624_person,0.8392060884433566,0.7219727280150241,0.9265479708786852,0.8767854524123772
2007_002643_car,0.8033309709425939,0.4067393736017897,0.9409371146732429,0.8124238733252132
2007_002643_motorbike,0.10486349665521605,0.40620222756060276,0.02855622561191912,0.30827997671711294
2007_002643_person,0.5698523930222156,0.7128500451671184,0.8738049713193117,0.9154961486180335
2007_002648_sheep,0.7348049917791973,0.7081176493921184,0.8398805821619605,0.7068346443618854
2007_002728_person,0.9334901676921221,0.6854562737642586,0.9671120246659815,0.7840333135038667
2007_002823_motorbike,0.8699852888553139,0.6699750879829175,0.8608499281461712,0.6035132662397072
2007_002823_person,0.635764598954783,0.5698341710531524,0.7458989767744031,0.6828092425295343
2007_002824_person,0.7615689547256416,0.36237431073629583,0.979866134081831,0.7610337610337611
2007_002852_dog,0.9032935941105373,0.7297554823793176,0.9515553436493145,0.8317367641234028
2007_002903_cow,0.9245467508657568,0.6554964843080089,0.9687342064912927,0.8697641145352887
2007_003011_chair,0.11129905277401894,0.23840142447324167,0.20365448504983388,0.2517435697148915
2007_003011_sofa,0.5325143661311129,0.3661642684591955,0.754257045890512,0.46418411470186616
2007_003020_person,0.8855128906627184,0.6472355572972797,0.6289856613672214,0.6086876933496861
2007_003020_pottedplant,0.003028185418122525,0.055838659526688546,0.0,0.049166110740493665
2007_003022_horse,0.7150333417742889,0.7784922501079706,0.833901655547319,0.8925636759247408
2007_003022_person,0.536629375676651,0.8058757902566009,0.6043058648849294,0.8544272749570763
2007_003051_car,0.9039019407558734,0.6616234756097561,0.9649570188787892,0.8932107141062365
2007_003088_person,0.8927539223781998,0.6560489752971279,0.8714373843306601,0.7376740783319834
2007_003101_bus,0.931464404885185,0.5401511873552394,0.9398017478831571,0.618698006074211
2007_003106_person,0.7390282131661442,0.5272915052930545,0.9477273834461928,0.8909921374358042
2007_003131_boat,0.4451063829787234,0.5378904249871992,0.5539407490217999,0.5558534405719392
2007_003134_person,0.6189292321924145,0.48058201612059037,0.5319726008441155,0.5544873680618476
2007_003137_bus,0.9214583012178202,0.6385234420060973,0.930245744255873,0.7029160903642231
2007_003143_car,0.949840722293599,0.7798252996314461,0.9645075891281327,0.838508357277474
2007_003169_cat,0.6441167925624637,0.4015041120211715,0.6131198706962616,0.4083961029024195
2007_003188_bicycle,0.32780297376428036,0.5309605488850772,0.4354323522701346,0.7610950656958061
2007_003188_person,0.8745142666814699,0.7082696552895228,0.9713161026517347,0.8448058497226425
2007_003194_dog,0.16139086671813788,0.30460441508217856,0.22114631142953095,0.34170167234683363
2007_003195_car,0.5,0.6321548821548821,0.7096450100468855,0.7496425166825548
2007_003201_cow,0.8433860510210265,0.7027321066731943,0.8994836349944867,0.8660914702581369
2007_003349_bird,0.878576499274669,0.6311940175856685,0.9672306919081923,0.9376032581549929
2007_003367_person,0.7141158989598811,0.7435649045114863,0.8349745331069609,0.8909090909090909
2007_003367_pottedplant,0.3342383107088989,0.459508369778314,0.4804290291126898,0.6472102490421456
2007_003373_dog,0.41924824452705495,0.17599844145723748,0.7092891677810925,0.4959338323629979
2007_003373_person,0.8411455540062212,0.6689444444444445,0.9613432253026162,0.9139905402041324
2007_003499_train,0.947483966452886,0.7654412938234825,0.9541159085546822,0.8043442756818553
2007_003503_bus,0.23038479394816616,0.3167701863354037,0.9812788718696815,0.9379943631239204
2007_003503_car,0.4964114832535885,0.662635058861474,0.5894895541675641,0.5855471937619005
2007_003503_person,0.5629222972972973,0.7395420519594892,0.7634941329856584,0.9355159965143782
2007_003506_pottedplant,0.010655606954857235,0.1758025956284153,0.0,0.0
2007_003530_person,0.7360992876024911,0.5087186129932244,0.7757843276852248,0.7145590493693512
2007_003530_sofa,0.11503075834286025,0.1880588311520021,0.19044481054365733,0.18797832712495768
2007_003587_train,0.6002530909588385,0.2886274181391843,0.7870477449198744,0.5239940248342825
2007_003621_bicycle,0.1792452830188679,0.6659148202202467,0.22805604767273313,0.7369332179239629
2007_003621_person,0.6681255946717412,0.7160067322172026,0.8167450611476952,0.7512510235647348
2007_003682_bird,0.14401861410499853,0.24370816200862086,0.11881429045459573,0.3210471412249764
2007_003711_bus,0.8095168994497853,0.4253836432569056,0.7903549740335365,0.4331312248502394
2007_003742_diningtable,0.22994329834720714,0.1926275866657795,0.19590655032369617,0.1854185418541854
2007_003742_person,0.7945715180949396,0.41993281075027994,0.9344877344877345,0.7036409822184589
2007_003848_train,0.8149289214497113,0.6531846788194444,0.9263733869210469,0.8217252396166134
2007_003861_boat,0.747597269172135,0.6075756242114837,0.7966581704899461,0.6125191891976566
2007_003872_dog,0.6516013169709668,0.75898888646764,0.8288238542241856,0.925047639212365
2007_003917_car,0.843959707839453,0.4212013266183516,0.8921371118174628,0.6319922968134084
2007_003957_train,0.8542879417879418,0.7298271087090963,0.8949624020613136,0.7990174791010748
2007_003991_cat,0.8873806028483727,0.6574660927123667,0.9605662285136501,0.9046075730567709
2007_004033_motorbike,0.2952776456668252,0.20562598640438196,0.25436089904891884,0.36656590663511646
2007_004033_person,0.2877498936622714,0.5612244897959183,0.754337899543379,0.7674619973061382
2007_004052_aeroplane,0.8876480750246791,0.8445067215483645,0.925184205554506,0.9007101583520798
2007_004112_dog,0.3049493931692058,0.21377090669014084,0.3183501208070539,0.226738614416088
2007_004112_person,0.3084891115821931,0.34579626884111686,0.37611297271421734,0.3474932785070378
2007_004121_person,0.5836095405212192,0.556301539808801,0.9213344633638956,0.9221006564551423
2007_004121_pottedplant,0.17608337904552934,0.23021152055341226,0.0,0.0
2007_004143_bird,0.8919810107340801,0.76887347130762,0.9361192570869991,0.8632446841485338
2007_004189_dog,0.5802187040966215,0.5334360786377477,0.9133598896889842,0.9323721523020552
2007_004193_chair,0.5525737984874359,0.7179027559937262,0.9307273626917367,0.9363072809043393
2007_004241_boat,0.605658747300216,0.36808908269739915,0.6870935223725286,0.4989585577820872
2007_004275_motorbike,0.3829947997688786,0.3504241393629012,0.9343508441544223,0.8358470811284983
2007_004275_person,0.8416872455449509,0.5453037108979807,0.9023292369248357,0.7521001200068576
2007_004281_person,0.8958790004384042,0.7006973001966744,0.9189301264772963,0.7251763896059198
2007_004281_train,0.9250010545408529,0.6568524479078435,0.9499620596205962,0.7547935935032709
2007_004380_motorbike,0.758601745783059,0.65165003147199,0.8540553940459288,0.7996134518747584
2007_004380_person,0.667808772667033,0.6793887208129703,0.7330372645919594,0.7381978269014612
2007_004392_person,0.846240017345427,0.6225834524771555,0.7805918628553699,0.8161581920903955
2007_004392_pottedplant,0.22839781967652578,0.3163869917228278,0.4145192166102194,0.7648694577475668
2007_004405_chair,0.49318314377369493,0.5374344182808265,0.43012190501660313,0.4453321315415711
2007_004405_diningtable,0.5213393366732196,0.302085390418263,0.5442931179944558,0.40669646317203606
2007_004483_train,0.9281650784552554,0.5994873940788785,0.9509320341342371,0.7336296386495784
2007_004510_chair,0.07870834377349036,0.2543692172125129,0.4702786747996651,0.5783620378844607
2007_004538_horse,0.5538713791218801,0.6896898912605719,0.7302039082412914,0.7467133163698049
2007_004538_person,0.5732060884271564,0.47716013099336635,0.765021619203817,0.6901416695937244
2007_004558_pottedplant,0.12282600293731159,0.2702630076248698,0.16372093023255813,0.2738908703043232
2007_004649_train,0.7798123371860695,0.6016345900342737,0.8946891724989707,0.7776184451005201
2007_004712_chair,0.16891606916912696,0.33142693737489276,0.2960331557134399,0.4758078207232188
2007_004712_person,0.8443793385594003,0.6248793003558916,0.9600784617084761,0.8663960339129185
2007_004712_pottedplant,0.5340499353697531,0.5228136882129277,0.6286661382143115,0.5997738835500283
2007_004722_person,0.7155338611099717,0.568820574043675,0.8876186877037177,0.8389740345630733
2007_004856_cat,0.8703289520716525,0.5421735307049685,0.9270488432989245,0.7000648304996131
2007_004866_cat,0.87993228519459,0.658707525738315,0.8004181252430961,0.5204079355515386
2007_004902_horse,0.9238438562158822,0.47120567375886524,0.9545365428602549,0.6375022101726882
2007_004902_person,0.9208709416677893,0.6453643911439114,0.9617233790418148,0.7691085778359186
2007_004969_sheep,0.7895104895104895,0.7297530464790252,0.9331868131868132,0.9605560175834621
2007_005074_boat,0.5210080372895385,0.31979152519353526,0.6669978024624462,0.4791950886766712
2007_005107_bicycle,0.31743877613965826,0.6756708599123339,0.37918606397356963,0.8501442030378773
2007_005114_horse,0.25982893157262904,0.30458959249730266,0.31087314662273474,0.3490979381443299
2007_005114_person,0.5235294117647059,0.4843928435477731,0.5390835579514824,0.46411255822796843
2007_005173_person,0.6011708022955619,0.6093680811309955,0.4639369136409292,0.539609908228738
2007_005281_bicycle,0.32988901645618063,0.678390620836664,0.3689839572192513,0.7277168889475769
2007_005281_person,0.6935245143385754,0.8495934959349594,0.7649129669469978,0.8899891891891892
2007_005296_car,0.4734396652446811,0.3809651762682717,0.8692101776491902,0.5369828512167117
2007_005296_person,0.7091454272863568,0.8363593492100919,0.7982954545454546,0.9121962402567629
2007_005304_person,0.900040346984063,0.6014339755432392,0.9600173494736012,0.8010359383145822
2007_005331_car,0.800570278430057,0.6239635157545605,0.8679039301310044,0.8653535679690023
2007_005331_horse,0.7373057824763736,0.7488729967665038,0.8841587582126254,0.9103394596766095
2007_005331_person,0.6281330700288622,0.5560386117456341,0.7313455199280791,0.6528366421295264
2007_005354_motorbike,0.6620003483410258,0.5405374057606804,0.9382240237446563,0.8702663897648899
2007_005354_person,0.6127825290164935,0.5507106068233745,0.6662822878228782,0.7038812251578209
2007_005358_boat,0.011517077045274026,0.11465502769850595,0.012330066392665191,0.11800759668508287
2007_005428_bottle,0.024384554375379064,0.025189232020351567,0.0,0.0
2007_005460_cat,0.9370452858203415,0.8179712830013895,0.9722350569160331,0.9363627460581726
2007_005469_sheep,0.8231078025747113,0.6183635324466689,0.6884140409886069,0.5281400926503926
2007_005509_aeroplane,0.7434111170653286,0.7882654355436051,0.8309733585063982,0.8977681974711496
2007_005509_person,0.52844658462636,0.7615359079340489,0.3556983107304306,0.3629416799119697
2007_005547_car,0.5511099997221528,0.49020640864018666,0.8619550326376018,0.8089290344887199
2007_005547_cow,0.8353455818022747,0.7364026179192056,0.9372382536859618,0.9206139551830934
2007_005547_person,0.6067692307692307,0.643056943056943,0.7917808219178082,0.9105745886161316
2007_005600_aeroplane,0.5702850449043343,0.705800364533076,0.6372570918025463,0.6564684242795831
2007_005608_motorbike,0.6520188511017705,0.6219689775245331,0.727874079853455,0.6749749444420237
2007_005608_person,0.785427339402204,0.5915739666507427,0.9051103893434198,0.8329546683977064
2007_005626_train,0.7979266746432845,0.3607492886500158,0.9361330937142016,0.6343758364388807
2007_005689_train,0.9519905800915229,0.7120663473893237,0.9631512417813265,0.7743407475349691
2007_005696_dog,0.8210356374073188,0.5022214908672042,0.8920778019515627,0.6577848574807521
2007_005705_boat,0.3694018357666482,0.49040116256835825,0.5475366925306161,0.7856968573101698
2007_005759_motorbike,0.865210783137349,0.9138981575511388,0.9268831831321204,0.9507003418991948
2007_005813_pottedplant,0.24253665430136018,0.44991545033819863,0.4840486573330273,0.8779135618479881
2007_005828_aeroplane,0.8933068578070515,0.8607862477103001,0.9550658999542008,0.9416771519502628
2007_005844_chair,0.5005506916313539,0.6314271689777887,0.385785374905114,0.4780641324998912
2007_005844_diningtable,0.03651257302514605,0.10142348754448399,0.08485962355028835,0.1274137738586896
2007_005845_cat,0.10377358490566038,0.3216096736445196,0.16829404813732196,0.37915032679738564
2007_005845_person,0.9014139937593119,0.4907266733553103,0.974966118987072,0.8446488831753174
2007_005911_bus,0.8411678392716054,0.43941905587160457,0.9835050998725032,0.8059377027903959
2007_005915_sheep,0.889155854557104,0.8493739194215959,0.9340667976424362,0.8763955764855283
2007_006028_person,0.48877965377217353,0.42681436210847973,0.5677200902934537,0.5169252468265162
2007_006035_car,0.44317498496692725,0.6353919894220704,0.5402997164844067,0.523266751507774
2007_006046_boat,0.4406779661016949,0.4837293388429752,0.8113449691991786,0.851875498802873
2007_006076_person,0.8887513079874433,0.6333001529534584,0.9109278931698466,0.7094708024484103
2007_006086_bottle,0.6390889298274995,0.630929076946243,0.9248849441157133,0.9065248680633295
2007_006086_diningtable,0.3406272217394739,0.15912965926081368,0.2554210443162967,0.11588745109036765
2007_006117_person,0.7368196056180386,0.33120342135563624,0.7660601797077351,0.453220332696623
2007_006171_dog,0.6361556718423836,0.44504204967729316,0.6689736818140425,0.559862662399593
2007_006171_person,0.5557454331172658,0.547925608011445,0.7548087085182836,0.7345513164965073
2007_006171_sofa,0.5146433903755598,0.4645796353074068,0.5607857373346241,0.5526758119611777
2007_006241_chair,0.5506861664830212,0.5282312925170068,0.6168176648233126,0.48857607845623824
2007_006241_diningtable,0.5399416348651509,0.20151837126405264,0.5285367099580501,0.39815040526540313
2007_006260_cat,0.8466530465088331,0.6596730093186765,0.9429041715961113,0.8545676429567644
2007_006277_car,0.742687544436912,0.48385640099345223,0.9770103163216506,0.9157798913896474
2007_006364_horse,0.7993368972004395,0.5696512413906498,0.9224599462633097,0.7420540101889004
2007_006364_person,0.7981319511931757,0.7270120202574898,0.8718761962049544,0.8249941586835342
2007_006373_person,0.8256220440057578,0.8653322798700729,0.9268449197860963,0.9581256231306082
2007_006373_sofa,0.7708145580589255,0.438846579444119,0.9386379430159834,0.7255598033861278
2007_006444_dog,0.8328079024800337,0.7725234175418677,0.8924813678211311,0.9072134091589344
2007_006444_person,0.8441455696202531,0.55203018707483,0.9435165937925597,0.8337754199823165
2007_006449_bicycle,0.2906686030479622,0.3723403425880445,0.3945621948958784,0.6079271079668528
2007_006560_person,0.9029276171360472,0.4446514413080723,0.9346912959569258,0.7254590675768641
2007_006647_motorbike,0.819917758930866,0.6073128248734794,0.9013182838976872,0.720087145969499
2007_006647_person,0.65398937626636,0.6789990332416153,0.788022843031332,0.882325869900154
2007_006678_sheep,0.8067120793939749,0.421018593371059,0.8406568753552093,0.4559712515036621
2007_006680_train,0.8548029190401025,0.5909009138663021,0.887369985141159,0.7137314880441675
2007_006698_person,0.9079053520926975,0.665551894293349,0.9340934902103303,0.6561824432079951
2007_006761_cow,0.8781472833974885,0.7851512616143379,0.9278008838055628,0.8942838120601103
2007_006802_train,0.9206929071325756,0.48001255520929087,0.9641972223957357,0.666828383933815
2007_006841_cow,0.758762021558123,0.803906416027511,0.6431732502868382,0.6720528123740621
2007_006841_person,0.601708489054992,0.8498374224061483,0.748786610878661,0.7609180035650623
2007_006864_person,0.6200865556496378,0.5170583775587566,0.7935964805083711,0.7303470233192787
2007_006866_horse,0.7087863649720835,0.622459105605173,0.792511320097527,0.805299672383889
2007_006866_person,0.5739153369378874,0.5521581866409453,0.8337093135675153,0.8631139646869984
2007_006946_aeroplane,0.882889137737962,0.8568929483706169,0.9361702127659575,0.9289074415991009
2007_007007_person,0.7794714752484723,0.42833570959422007,0.9112261589035875,0.7701884253028264
2007_007084_bird,0.8015680212014135,0.6276663429662124,0.8344460789860813,0.8687595892836067
2007_007109_horse,0.7202530874228145,0.454344499234824,0.7484770759858929,0.5679804508907457
2007_007109_person,0.3682371625198518,0.3858629770513732,0.4889464532841276,0.4963262488288377
2007_007130_pottedplant,0.15183522577237918,0.7046399649813964,0.16398204383416953,0.779316408396527
2007_007165_sheep,0.38092005521236394,0.11538857040026736,0.6896623419827013,0.4477895392278954
2007_007168_train,0.9402200524208647,0.7560791908758339,0.9623224936617963,0.8536093300906478
2007_007195_person,0.8871257576219048,0.5978761771188139,0.9708069234519746,0.8269241288769761
2007_007203_chair,0.2019704433497537,0.35173985450083267,0.25114573785517874,0.47083577999608534
2007_007203_person,0.8855052583447646,0.8659606656580938,0.9189892233370495,0.915583619421285
2007_007211_motorbike,0.9354027130860504,0.7899815009612245,0.9605263157894737,0.8581288620677194
2007_007235_bicycle,0.3059106248082626,0.5884193237218761,0.4344459279038718,0.774575208119512
2007_007235_person,0.6846050491478679,0.676772599115876,0.7794524761611812,0.7647259236826166
2007_007341_aeroplane,0.20248671353493922,0.26456320370518244,0.2445631883516894,0.2998724269157585
2007_007341_person,0.5984357541899441,0.5736788617886179,0.5967115779858415,0.6566242279087356
2007_007414_car,0.383313373253493,0.2928508567582958,0.864715626725566,0.7412247474747474
2007_007414_person,0.8440894568690096,0.7959544383346425,0.8932584269662921,0.9495594713656388
2007_007417_cat,0.2831292002443779,0.30784081708912003,0.29016687759366633,0.3658207798335187
2007_007417_sofa,0.5823439200554071,0.2791829875569944,0.8945375680047052,0.510975955741542
2007_007470_aeroplane,0.5279694299968156,0.5629103604229068,0.5120774599698918,0.5852761476002895
2007_007477_boat,0.6729550141296876,0.63504753673293,0.8829263390614008,0.8516846789574062
2007_007493_person,0.8680169329413014,0.5191355914569802,0.947708211429686,0.807957272234693
2007_007498_person,0.6108473541007274,0.1380821541420525,0.9606854838709677,0.6880044870387982
2007_007524_cat,0.9315541172800998,0.7390933636492824,0.9610627300335874,0.8138344324991719
2007_007534_sheep,0.9188887056279437,0.5484537675532634,0.9564917853964731,0.7568027908885697
2007_007624_pottedplant,0.6507854430041189,0.6109125826526643,0.46048372179060304,0.5328088682281423
2007_007651_person,0.8265949554896143,0.7929650075277157,0.8753246753246753,0.8795059744954312
2007_007688_motorbike,0.7831754424616288,0.3253950647893205,0.7978061401501451,0.32219159682677373
2007_007748_horse,0.6780957404721086,0.6346213387825872,0.7818284850774462,0.7238966962524654
2007_007748_person,0.5117275866174544,0.48359793420045905,0.8071681911517641,0.8882402001668057
2007_007795_chair,0.16575492341356673,0.39781950333131433,0.25103656238220884,0.4359690588740868
2007_007795_person,0.8018091173471315,0.7236622523686477,0.5840563068810071,0.4854910064613773
2007_007795_pottedplant,0.31272727272727274,0.4855564788112811,0.13009682258284466,0.321648736854829
2007_007810_diningtable,0.9182389494004425,0.21455599039979242,0.3501189331443899,0.05197407189157337
2007_007810_person,0.8854360396307442,0.5549842759446912,0.885252405038183,0.5036329037280513
2007_007815_car,0.48070113598128594,0.3232763622498881,0.8525809205930296,0.655181647772918
2007_007818_car,0.07184049079754601,0.25789679854706027,0.067764449007707,0.2995353197733665
2007_007836_bicycle,0.1582541472056692,0.3548381135422827,0.12586183587941058,0.3124662206235906
2007_007836_person,0.7440020606417427,0.793701323402807,0.7922906267332224,0.7324097328008563
2007_007849_person,0.4646443943431031,0.7318789200981729,0.5639309984317825,0.9072800698537438
2007_007881_train,0.8940783651138466,0.7070736535055735,0.8851542884911314,0.6748497090831771
2007_007996_chair,0.07860385925085131,0.223494682932034,0.09950135992747053,0.17274521582425126
2007_007996_person,0.7171426630127058,0.6173302457608127,0.4816278951903097,0.5927597675523555
2007_008051_bird,0.8757537949677687,0.6103700663520076,0.9145543636604423,0.781000804740654
2007_008084_bird,0.5812175418349682,0.5332119846291642,0.7718655554537961,0.8265315695656253
2007_008106_chair,0.5878888746639355,0.5370936232029254,0.6021066208082545,0.47633895311939517
2007_008110_person,0.6490746145658071,0.700567808721851,0.8956870611835507,0.9293440292934403
2007_008204_person,0.5745048080874496,0.415114401606742,0.8830254159436562,0.7354052197802198
2007_008222_dog,0.9155938182871285,0.859056671947525,0.9399256144890039,0.9088772845953003
2007_008256_horse,0.7585165296190636,0.6051471058181895,0.7820210877205696,0.66856014913916
2007_008256_person,0.6717224184500311,0.6759304804066241,0.7107491856677525,0.6791663107542496
2007_008260_dog,0.8258292205464722,0.7264667742874533,0.9632214103932354,0.9234490522408495
2007_008260_sofa,0.9686710956918657,0.6105734112490869,0.959944622675417,0.6261216928153766
2007_008339_train,0.8852190974493133,0.8206254299169268,0.9394546912590217,0.901046304541407
2007_008374_person,0.3850793356221583,0.49163869006144295,0.4766604976352046,0.6051412944393801
2007_008415_dog,0.8162893109737112,0.7639340125540169,0.8857787593623968,0.8782651878828008
2007_008430_person,0.946091055235598,0.686733968434523,0.9722186557103422,0.8858162622596802
2007_008543_chair,0.22822222222222222,0.1841529502844256,0.21181245142906485,0.24655084312723557
2007_008543_sofa,0.3915148343201073,0.2721558768070396,0.4378263391993812,0.2151536258803498
2007_008547_pottedplant,0.6397117506220366,0.4166095872366882,0.6673790759457975,0.5585885486018641
2007_008596_horse,0.8374495789399193,0.7134374015925142,0.8672913488777512,0.7947141703311495
2007_008596_person,0.48852854924961187,0.6012167824140504,0.7397393503209493,0.6658852487839184
2007_008645_boat,0.5321791494166354,0.6327744199649055,0.6890868596881959,0.6395429706905117
2007_008670_bird,0.513854394935476,0.5414098432464566,0.4993906303319846,0.4949544112398196
2007_008708_person,0.9515482602813162,0.8202675196277988,0.9623060446162688,0.9044567601893546
2007_008747_bus,0.9502901842038859,0.8489228466779568,0.9671876590978515,0.8957914219039189
2007_008747_car,0.49787835926449786,0.4544825677919203,0.5672811059907834,0.733522612046238
2007_008802_horse,0.7632150615496017,0.6934553247609627,0.7764237751803034,0.7509797239734196
2007_008802_person,0.7147323173114498,0.7455065359477124,0.6923076923076923,0.7265656979124028
2007_008815_cat,0.9099689689895398,0.631690219205519,0.9342319817371454,0.7672134902230239
2007_008897_chair,0.6198261589403974,0.602966663268427,0.8014106894496325,0.7110268162899742
2007_008897_person,0.6272509792581298,0.4526192703461179,0.6642491467576792,0.5267266827685476
2007_008944_person,0.9360028353614044,0.6441678228753445,0.9864761877372599,0.816072259593011
2007_008964_dog,0.12577968367119627,0.26162584309549164,0.20495981314831352,0.39037969889215035
2007_008964_person,0.37079245025892615,0.08384262423118227,0.3982227770943874,0.19122507375285586
2007_008973_cow,0.898475269616958,0.8199977555829873,0.9371676102247384,0.9067759344393364
2007_008980_dog,0.8821233161616485,0.74019448636876,0.9103433483476051,0.7992415264280636
2007_009015_bus,0.7409635700412146,0.5994066342579354,0.948966558290757,0.9457794477455436
2007_009015_car,0.5104799513973268,0.5052545885139136,0.652295719844358,0.3911778962675715
2007_009068_person,0.3158040409631885,0.3391444871575133,0.34940982972136225,0.38637089052026813
2007_009068_sofa,0.3177088494698246,0.2272118997375058,0.42193660305945435,0.34965360115311295
2007_009084_dog,0.7499814855957935,0.7726212400245549,0.7975937721160651,0.8369960410438717
2007_009084_motorbike,0.7309186788787122,0.4813093105541327,0.7866087743709242,0.6205389274115685
2007_009084_person,0.2894302229562345,0.5122861856386212,0.328125,0.48790689216221134
2007_009088_bird,0.32037972434449324,0.22185199424722685,0.5003800386268769,0.26593812528859473
2007_009096_car,0.2302690582959641,0.22201870615744349,0.3032672688867916,0.21417785577276252
2007_009221_cat,0.8804791434780305,0.8036947833681815,0.9378896003159112,0.9020115346743565
2007_009245_cow,0.801672412807863,0.679400082810655,0.8698068326292909,0.8211414427923615
2007_009251_horse,0.7466254861587738,0.8063983488132095,0.8650742032755868,0.8860722716542582
2007_009251_person,0.4394255269863331,0.35203631320136175,0.6009725400457666,0.6897999778981103
2007_009252_pottedplant,0.10304984549240898,0.575925925925926,0.10736071573810492,0.6217450890817725
2007_009252_sofa,0.8802284347095433,0.34429860350173686,0.6277305911428003,0.29361522846528015
2007_009258_bicycle,0.39039853266612173,0.4731116555827791,0.4413131702450858,0.5737215655995723
2007_009258_person,0.7708728549312052,0.6323646593921259,0.8903360190441311,0.8245247815565366
2007_009320_person,0.8994574470500102,0.7465094479254033,0.9597833574839062,0.879244762954796
2007_009320_sheep,0.5760506208213945,0.6210960368569756,0.6055525751072961,0.5720887773149997
2007_009323_bird,0.8744048596289608,0.8715892177939474,0.9216817118020729,0.8987441130298273
2007_009331_dog,0.6323539723722039,0.6901930942642442,0.8642629904559915,0.8966470922523205
2007_009331_person,0.8217677136596055,0.7501173280492256,0.893841475004752,0.8959217150291306
2007_009346_cat,0.8991147786946737,0.8499666757177063,0.9616479110076316,0.9389892913630824
2007_009392_car,0.5438790560471977,0.45589653411991604,0.7655339805825243,0.7473898179802273
2007_009413_chair,0.04482150879496838,0.13703022692618172,0.20010974313248053,0.25544150666727766
2007_009413_diningtable,0.1374120783708407,0.265967243307242,0.20395346803113792,0.38035347851989143
2007_009413_person,0.9356076711347819,0.7271072330942704,0.6340279627934993,0.413466037939599
2007_009458_bottle,0.004203867558153501,0.06256765074177048,0.0,0.0
2007_009521_chair,0.26409198850143734,0.4616153413704791,0.4361049107142857,0.7114149234063581
2007_009521_sofa,0.667541705478872,0.4356401384083045,0.9142999089177776,0.7565839293226756
2007_009562_dog,0.9589988536492167,0.7998694851655906,0.9748615968305997,0.9051520730157907
2007_009592_dog,0.7790714812085483,0.39139816585748616,0.8417614833544037,0.6857521537442015
2007_009654_person,0.9405022210969687,0.7347041868481264,0.9782663422002181,0.8471286447432552
2007_009655_person,0.2979384388316233,0.26290785477444345,0.3081370551158713,0.3057019855912845
2007_009655_sofa,0.15173791934116507,0.32611652433722044,0.13739278740391034,0.28554897368783577
2007_009684_person,0.7764311911975762,0.5624598089884965,0.9262464882658418,0.8050777585079464
2007_009684_sofa,0.41715368820091614,0.3112919011499878,0.8176832114516882,0.6286683436237518
2007_009687_bottle,0.25243427458617335,0.3108108108108108,0.7127182633317602,0.6249579322878105
2007_009687_person,0.8969638798591052,0.5682587379408509,0.9560986538349145,0.7881518060074889
2007_009691_motorbike,0.7458182034644919,0.5401566118892688,0.9141440581406092,0.8117680259630309
2007_009691_person,0.7617032708711129,0.6162165160002219,0.9134713515089663,0.8140053523639608
2007_009750_person,0.6586572438162545,0.7400460397305824,0.7972623011468738,0.8549157429936018
2007_009750_pottedplant,0.3998986782112099,0.40067009539256065,0.3114223111365152,0.27887261429205507
2007_009756_motorbike,0.7965431644754988,0.7089311199579359,0.8864320293078634,0.8673128152808479
2007_009756_person,0.7714770797962649,0.6279745881339507,0.913361109525712,0.8817409326424871
2007_009764_bus,0.7178267620109777,0.4050001860188251,0.9591555658392005,0.7954713101012585
2007_009794_cat,0.9702743620988885,0.7516101932231868,0.9809130115444735,0.8664178909736175
2007_009817_bird,0.8123787976729153,0.6584612161525166,0.9371878948318393,0.8771219135802469
2007_009841_horse,0.3499947932937624,0.5334315449318063,0.8307296452857931,0.8697619516033839
2007_009841_person,0.4548802946593002,0.36571762111680395,0.546904568802379,0.3853250684734035
2007_009897_cow,0.8127643973151334,0.7967154904571683,0.9390445271612885,0.930067431786719
2007_009911_aeroplane,0.9365123955333942,0.9256371562709591,0.9668026042784574,0.9564812462958259
2007_009923_cat,0.9058519475724571,0.7979274611398963,0.9515730629225169,0.909586342744583
2007_009938_car,0.7456758488148623,0.6967068273092369,0.8848428260192966,0.8311419984973704
2007_009938_motorbike,0.6316101259823862,0.5297608303249097,0.7817533856022808,0.7705378293802825
2008_000009_cow,0.45830337886412653,0.5146516393442623,0.7902035998819711,0.9371456500488758
2008_000075_bus,0.9369214265849104,0.7394295500177158,0.9689418018412976,0.8895642735307799
2008_000080_dog,0.786454865404737,0.8113157369855728,0.91365620234527,0.9249887188031518
2008_000120_boat,0.5859262176709991,0.29313723058607605,0.7195557805285844,0.44902062749176636
2008_000123_bird,0.7870791628753412,0.7687823409969214,0.8474493132766514,0.7767635936888773
2008_000149_chair,0.4426963711529628,0.4894004014049172,0.7766367137355584,0.7188842878349871
2008_000149_sofa,0.7000868055555556,0.4159351789331533,0.7742433430729367,0.520253766851705
2008_000182_cat,0.8265790434465133,0.6889613488150151,0.9550482132728304,0.9424882629107981
2008_000213_person,0.40024397873005946,0.02912062615101289,0.023157565326240026,0.3960022824339045
2008_000215_person,0.9381074506609723,0.6628902783796612,0.9613529851253141,0.7404525746867019
2008_000223_person,0.31902071563088513,0.5510545497998447,0.536403235843186,0.6567538516660695
2008_000233_person,0.7868771431219301,0.5513026472026262,0.925843343163346,0.8064650677789363
2008_000234_person,0.9368797246042938,0.42698569314257523,0.9553709687525175,0.8155279253178819
2008_000239_dog,0.6021758583337258,0.5013657719342972,0.8534263959390863,0.6897128245476003
2008_000254_person,0.49075844486934356,0.7005583308845137,0.3643061809250921,0.3903277378097522
2008_000270_dog,0.2819564047362756,0.27740164684354984,0.8202749819090849,0.6386512688907898
2008_000270_person,0.6083868650999481,0.4625801956629024,0.7423805016564127,0.6732238724087934
2008_000270_sofa,0.3562619484949582,0.41088306023153065,0.7501169022697025,0.5584567180684401
2008_000271_person,0.8879159800280394,0.5577830188679245,0.932474971617298,0.7672055427251732
2008_000345_cat,0.9641613245166827,0.8905478725574185,0.9776342975206611,0.8639538878497538
2008_000359_person,0.9685448656776843,0.5405411843170883,0.9737444420147241,0.6073597095875019
2008_000391_pottedplant,0.5656818925106291,0.4817460751600022,0.8171107994389902,0.8583119266055046
2008_000401_cat,0.7813245892521957,0.23491976541857318,0.9657407674761066,0.7664529914529915
2008_000464_cat,0.6508393123054014,0.4360979039710708,0.9312805921925108,0.8452545310342802
2008_000469_person,0.6461318051575932,0.7470965344234879,0.5588357588357589,0.8201212665618685
2008_000474_person,0.8253958839926457,0.8327507679271263,0.8596668649613325,0.8582407897056231
2008_000501_car,0.8650015561780268,0.747059321316747,0.9754016450149896,0.8009604239112436
2008_000510_person,0.6050457691448984,0.6866656800355188,0.6564111899993932,0.7477399111497717
2008_000533_bird,0.8985170107589415,0.795379238345967,0.9465558194774347,0.9361690995657406
2008_000573_diningtable,0.04454754290347282,0.08428148006501578,0.43587327230299766,0.3717531831537708
2008_000573_person,0.8548470710212546,0.6808370044052864,0.5681617983862444,0.5886192493674866
2008_000589_sofa,0.3927413635903151,0.4335243494156551,0.41719641197015,0.4690156381805204
2008_000602_horse,0.9238192905671434,0.7466715301842057,0.9375080768733731,0.7958889966523793
2008_000630_person,0.8349751753487272,0.7833225754397289,0.8831445921549319,0.9274189903737515
2008_000657_train,0.9118726109755864,0.6677133357960843,0.9576651572973721,0.8243660223443873
2008_000661_dog,0.8263576383014718,0.6975632090349494,0.915596739979904,0.8429541849956609
2008_000661_person,0.6735305390056096,0.5692374100719424,0.8666734293636302,0.752289744036218
2008_000662_person,0.7238035220390016,0.7382719292484841,0.92620796289138,0.9214008153145636
2008_000666_person,0.8069767441860465,0.7170763470616962,0.8955922186653533,0.9
2008_000673_chair,0.148752950181795,0.17965344955883916,0.8623341879389143,0.7112474033039865
2008_000673_person,0.6518072289156627,0.30605994311966744,0.8444489118962658,0.5888237816206946
2008_000700_person,0.7727939737820387,0.7910064618925379,0.8028963414634146,0.8322039563645204
2008_000725_bicycle,0.4807239552678046,0.8697787089171141,0.6036776212832551,0.8491773308957953
2008_000725_person,0.8287373004354136,0.864526809528189,0.8768225238813474,0.9280317340385342
2008_000731_person,0.341963545981773,0.2647033234731164,0.4566498818700332,0.3917237087741133
2008_000763_diningtable,0.04024136467083789,0.01522233041220383,0.1458491287865614,0.018096661320892257
2008_000763_person,0.37886067261496226,0.5824098090073095,0.8560523446019629,0.8565613662507743
2008_000765_horse,0.46757190328864445,0.4275643849881844,0.7218561853913439,0.6622807017543859
2008_000782_motorbike,0.02873151913979996,0.10267592514184097,0.06947427234473487,0.10938182135684973
2008_000795_person,0.6439123683216519,0.42266273774444146,0.8279440891856714,0.577215560105294
2008_000811_motorbike,0.1387762700645375,0.17725275259855033,0.1306047319655857,0.1856808863890489
2008_000811_person,0.4345640408899579,0.4981398557880924,0.7653701380175659,0.7685189010535013
2008_000848_bird,0.609912070343725,0.8407749356742849,0.7715762273901808,0.9091360476663356
2008_000853_cat,0.7365808253180267,0.7246608140462889,0.8157650695517774,0.8383299798792756
2008_000863_dog,0.8532947976878613,0.8468074366955498,0.8955458726700557,0.89156158231128
2008_000919_cow,0.9545361089694167,0.6640890915700076,0.9843294178391635,0.8415897005317661
2008_000943_dog,0.9080420236382966,0.5506321550632155,0.9663388741909184,0.8717208101128178
2008_000992_person,0.9095380424501532,0.6539880197114107,0.9832410256410257,0.9209562031059152
2008_001013_boat,0.023663766314481045,0.06938375655040507,0.021342736509998607,0.08347610889015801
2008_001013_person,0.8036723163841808,0.8492781099606241,0.6844024887363227,0.7040888124462513
2008_001028_person,0.8812831808426522,0.798517308538041,0.9533178114086147,0.9516811091854419
2008_001040_boat,0.8919451703112823,0.8157853258728032,0.9650855404259564,0.9279774903410045
2008_001070_dog,0.8470321036154932,0.7115502138928499,0.9566966398485566,0.9222267703643062
2008_001074_person,0.8343347328796873,0.5855792153218312,0.9521023240535436,0.8750095792781056
2008_001076_person,0.7267446583800471,0.6103201205449122,0.8986511978871911,0.8674427601730383
2008_001078_cat,0.6887770963457027,0.5231193292752957,0.7185371670862595,0.5854231340261844
2008_001078_pottedplant,0.4699941574159085,0.4887339364951305,0.5097129856492825,0.5687518887881535
2008_001135_boat,0.7425120772946859,0.690442485958263,0.8665491978113697,0.8452807035484201
2008_001150_motorbike,0.5624309392265193,0.6516150296638101,0.7986001354707609,0.7654004106776181
2008_001170_person,0.9103181124545134,0.7809998442610185,0.9411193690277567,0.8820997130080758
2008_001231_bicycle,0.24104640298972282,0.8343528018942383,0.3079388560157791,0.9042754445705637
2008_001231_person,0.7291280148423006,0.8512812450872504,0.8199257425742574,0.8958032996956591
2008_001249_person,0.8800840077860875,0.6633635064316341,0.9553391266915978,0.8733846153846154
2008_001260_boat,0.7408691015729139,0.5777157633323946,0.7782105129184167,0.6816336215988188
2008_001283_person,0.7286040425413441,0.2799960921689858,0.7413521209852172,0.4015646893974778
2008_001283_pottedplant,0.29797576724951025,0.509030798677571,0.19393260714649294,0.2472299579309119
2008_001308_person,0.5550811492065125,0.23176459892724022,0.9503005747252989,0.8843599427008725
2008_001379_dog,0.9020983381660587,0.7832852639345362,0.9773402439795209,0.9248659003831418
2008_001404_bicycle,0.05582672361195851,0.25719037000642503,0.07511171005035819,0.260615431027981
2008_001404_person,0.8418525014616219,0.6990840439888593,0.8943464994066791,0.7710149124077024
2008_001433_cat,0.7867781797678899,0.39995293916317276,0.9334975369458128,0.7330165113020167
2008_001439_chair,0.7283097378993687,0.5761276934036775,0.7161040905826445,0.824822289402729
2008_001478_dog,0.2855552328395779,0.38360579710144926,0.2650001497768325,0.3715203426124197
2008_001491_person,0.5811175543144224,0.5227233354507131,0.8961861053964235,0.8283286248063428
2008_001504_person,0.914573229433455,0.7146523853007232,0.9333802529957587,0.8423724151726553
2008_001513_cat,0.6155913978494624,0.4480423186737788,0.8362201052561455,0.6852970516515186
2008_001514_bird,0.7686237670267732,0.7585496334456112,0.818573300879985,0.85804
2008_001531_person,0.8155578688369453,0.8158552190603863,0.8655060169658709,0.8818499417734154
2008_001546_aeroplane,0.9396619356679267,0.8975229916364919,0.9549683257918552,0.9284697048161574
2008_001547_person,0.9256188487921264,0.9090135365161709,0.9275300692503948,0.9095564484361459
2008_001580_boat,0.7359133503711817,0.8872824772619736,0.8876845018450185,0.9418932063687093
2008_001629_person,0.9357449648351273,0.7040064024833875,0.9639834643294359,0.8124016780283168
2008_001640_cat,0.9152184831742842,0.8294641949367947,0.9481662255525384,0.9098378300803674
2008_001682_horse,0.8989650073928044,0.9060779063305209,0.9362515937101572,0.9459071816412253
2008_001688_pottedplant,0.3218015665796345,0.3668893968700545,0.2874115983026874,0.3082843664652818
2008_001821_person,0.7052015396129584,0.3166780984540706,0.9526134562480643,0.7578894806924101
2008_001874_person,0.8778452837584344,0.7162833486660534,0.9722769182684794,0.9556542387516576
2008_001885_cat,0.94224123515969,0.6687786119758286,0.9830572894586811,0.8412692187009727
2008_001895_dog,0.5488704915928636,0.27711840628507295,0.520259319286872,0.5067055886956889
2008_001895_person,0.0831321379160676,0.08650481189851268,0.21865761524143218,0.14743646506685557
2008_001966_bird,0.7363984216190362,0.5009737549846981,0.9102180730800088,0.8888383838383839
2008_001966_pottedplant,0.0,0.0,0.0,0.0
2008_001971_aeroplane,0.8980777827447475,0.9250128073770492,0.9222137983320697,0.9409476891164841
2008_001992_horse,0.8006963746675035,0.4178007863229617,0.9560637387708542,0.7602730558158212
2008_001992_person,0.7212391479671711,0.5791037120936893,0.8134289211400595,0.7756855747558227
2008_002043_bird,0.8569866375056677,0.6549878207670085,0.9442822952542175,0.8856347875717904
2008_002152_cat,0.8823828582800787,0.578792699633214,0.9444799583303738,0.738449859958642
2008_002205_bus,0.9307604092152922,0.613217690488137,0.9742094720274718,0.7683966924957096
2008_002212_car,0.8156273700956362,0.554482533330611,0.9438890096355864,0.8296931295813145
2008_002212_person,0.8283500654735924,0.8437210451541169,0.8698218384522899,0.8361016735875173
2008_002239_dog,0.8606147039990686,0.7302947005050182,0.9000866991539358,0.7826440898730055
2008_002240_motorbike,0.7372756543731527,0.6403295466918303,0.7985242254896642,0.7180407453932394
2008_002241_person,0.7049247606019152,0.8022876926210033,0.745973540408398,0.6540255526262422
2008_002269_bicycle,0.4112069883881964,0.5848556746002191,0.463496746860342,0.6673996701484332
2008_002358_aeroplane,0.8943413532773583,0.8538907984448075,0.9236823715473169,0.8953813656085864
2008_002379_chair,0.4514285714285714,0.7328657195506152,0.7810920945395273,0.8953863326305346
2008_002379_diningtable,0.7549119907662444,0.4000576129052908,0.9823872706812175,0.8431403986959543
2008_002379_pottedplant,0.2730505333800771,0.496985162471961,0.3041486068111455,0.5511619148889036
2008_002383_motorbike,0.8119854231340262,0.6290685888050456,0.9118319472515821,0.8452341192973082
2008_002429_bird,0.7849684269940381,0.590160440831735,0.9159321895257766,0.8788382752606174
2008_002467_bottle,0.6006691908074315,0.4703225158820071,0.9731084692655055,0.9378709122907543
2008_002495_person,0.7090985955188125,0.8738208100624208,0.7282614406557033,0.8602203817748519
2008_002504_boat,0.6221565984036292,0.3876588021778584,0.9118034318722392,0.6997790710205841
2008_002521_chair,0.3851891315929675,0.4920257081647227,0.6064231738035264,0.8747138016301859
2008_002536_dog,0.7740151258607066,0.6348780149067172,0.867211561241412,0.9155004664800747
2008_002536_sheep,0.8184499314128943,0.7253037884203002,0.8893592457186839,0.9130585249557794
2008_002588_person,0.9578474455601109,0.7446891191709845,0.9781719647740673,0.8688002124692915
2008_002623_cat,0.8289275441720312,0.6004204204204204,0.8906929544795593,0.7927165430756687
2008_002681_cat,0.9150221004793625,0.7351414699480998,0.9620278004905969,0.9164674181183347
2008_002775_bottle,0.6967465058284521,0.4444717746894601,0.9637895039953926,0.8897027143472641
2008_002775_diningtable,0.07105312208760485,0.1583872344617001,0.13872671153917668,0.2550702028081123
2008_002775_person,0.7685044303231003,0.6114262560777958,0.9498138636256538,0.9021178320475652
2008_002778_cow,0.9259725846606077,0.8398971061093248,0.9535103785103786,0.9360334297653488
2008_002835_horse,0.8219848300619536,0.6662701744565724,0.8627473440050399,0.7479740680713128
2008_002835_person,0.6273518674529627,0.5954866144776264,0.6269212410501194,0.6059553822004471
2008_002859_dog,0.8763581250114129,0.8252807328605201,0.9568260942416175,0.9370540458478822
2008_002864_bottle,0.5471428571428572,0.6934387661743563,0.5270333803479078,0.4272604182337897
2008_002864_person,0.8315523840571836,0.6588473110191801,0.9186827685555421,0.8326945126945127
2008_002900_train,0.3725650679325585,0.26433646917534026,0.6843905181298604,0.3562126454860019
2008_002904_dog,0.7706123130899675,0.5978273331804632,0.9632264700840047,0.9156754837564353
2008_002929_person,0.6172991843982304,0.4547301994759078,0.9072719259585721,0.899311122988301
2008_002936_dog,0.9434803433919163,0.85853544412384,0.9585387388713119,0.889475758770201
2008_002942_person,0.917658349328215,0.3784208541134068,0.9846540315620329,0.7058324429639872
2008_002958_car,0.6878215088476218,0.32407055773083826,0.8255396661410472,0.4075624066791445
2008_002958_dog,0.8904200344507751,0.8702320725929494,0.9461931665321496,0.9494160289971808
2008_003034_boat,0.6081261101243339,0.546619991484933,0.8853196527229676,0.8098302732033567
2008_003034_person,0.7387193665096594,0.6392120571126388,0.868466278241187,0.8382986798232536
2008_003076_bottle,0.39063076355588344,0.7273316062176166,0.42427536231884055,0.4348661047690174
2008_003076_person,0.9178375432997314,0.7724698235840297,0.9564743848325938,0.8846955486080095
2008_003105_train,0.8333614210118305,0.5861195654588675,0.9060601429062703,0.7473370468093423
2008_003108_bicycle,0.48411163304780325,0.6590888087977081,0.5635560176761113,0.6720057131197715
2008_003108_person,0.8352831425545862,0.7149764041824743,0.8754380045163133,0.8133326908714192
2008_003110_bird,0.8616600790513834,0.6059433765873291,0.921977490851343,0.7656243768196865
2008_003135_pottedplant,0.5250334896182184,0.6738567730802416,0.5373998648779076,0.7811169183120402
2008_003141_bus,0.7872585348740325,0.5361962941164532,0.8137474507706195,0.7091854859172799
2008_003141_car,0.011878520695566984,0.10371130055765657,0.0,0.0
2008_003141_person,0.588553750966744,0.8693911592994161,0.7189631650750341,0.9468678255165628
2008_003155_aeroplane,0.84930441784911,0.8145742541066041,0.9163025914177988,0.9117932732488536
2008_003210_person,0.9034249714660604,0.5275921534813537,0.9205758727901019,0.6137693521899265
2008_003238_dog,0.8766588602654176,0.6005300830576001,0.9617677474298924,0.8253071631096556
2008_003238_person,0.4971085120207927,0.3575800181953519,0.8471922420181063,0.6669940096238829
2008_003270_bicycle,0.23947417144973154,0.39760643485180647,0.367913765293678,0.6273052497296098
2008_003330_person,0.8934144233748023,0.3944587628865979,0.9506166459969685,0.6782934727035165
2008_003333_car,0.6561497789720031,0.4111134322122415,0.6807404142794182,0.45176383215744526
2008_003333_motorbike,0.16942528735632184,0.5138075747370603,0.21585541178886836,0.5032946825356286
2008_003333_person,0.7041065754094353,0.6025550536420101,0.7900341296928327,0.802499406786364
2008_003369_aeroplane,0.9508236094710085,0.8625067301425373,0.9692191270912587,0.9097841355388011
2008_003379_horse,0.775698720985315,0.8626189372665558,0.8397254532117783,0.8922578501412195
2008_003379_person,0.6027397260273972,0.7339398952302179,0.8599432550941449,0.9190740386454945
2008_003451_motorbike,0.6872921150459793,0.5300462249614792,0.9047369424323294,0.8307426011403747
2008_003451_person,0.7793993394269914,0.63165409566378,0.817718368657675,0.7113732529811514
2008_003461_horse,0.7717090039921682,0.6960546958222773,0.7895700431959264,0.7700179533213645
2008_003461_person,0.6427358344912768,0.6193353474320241,0.5879232605428344,0.5677184039374231
2008_003477_chair,0.532674284247015,0.49564537740062525,0.6697658402203857,0.6758606124604013
2008_003492_person,0.7511632934002298,0.4533081223817829,0.9652691931856979,0.7842711480362538
2008_003499_cat,0.9362040419437071,0.763774011299435,0.963497350287895,0.8775146360854795
2008_003511_dog,0.7967638171361732,0.7557852695876894,0.8441700687045703,0.7589164251493464
2008_003511_person,0.9383073998904674,0.7369285840032862,0.9732239257179874,0.8758136728796876
2008_003546_person,0.7819147669072631,0.8232225826247042,0.8519165104875356,0.8719039390314147
2008_003576_dog,0.09406121973153915,0.19201400416503184,0.5240438380675464,0.606778021227556
2008_003577_car,0.9368644037471999,0.5613749748725352,0.9774137854049146,0.9058726560890171
2008_003676_person,0.8907054364428353,0.5244612521760009,0.9309055581723975,0.7585350496711907
2008_003676_pottedplant,0.35085318737926596,0.37225688949929836,0.3262106072252114,0.34577973015374963
2008_003709_sofa,0.9403305286446985,0.8573232323232324,0.9750085587127696,0.9126109169131487
2008_003733_person,0.8277352911185888,0.4197250042437617,0.9073865850264403,0.5489396260543753
2008_003733_sofa,0.3206622740327758,0.4074806894714813,0.7841592494587443,0.80898813521379
2008_003777_bus,0.7824904465177127,0.25041031183699614,0.9615724263426905,0.7073316857634988
2008_003782_horse,0.8177289603960396,0.7071768297011429,0.8492000127742472,0.8124768897575405
2008_003821_chair,0.2804562636779627,0.2893714732393678,0.5519943927615649,0.44826340506786394
2008_003846_car,0.4058279182118191,0.2307635175282234,0.980883322346737,0.9344760691432377
2008_003856_person,0.8687922844393263,0.731917513080948,0.9413817440401505,0.867349011006864
2008_003858_boat,0.952253128879643,0.7938438357638702,0.9673730986156213,0.9018384668446151
2008_003874_person,0.8712642166852935,0.6430147224348296,0.9550498237674601,0.8343931775608794
2008_003876_aeroplane,0.8781886862845684,0.8718043509171051,0.9074242933243749,0.9004610951008646
2008_003886_boat,0.6943339802118792,0.5250312448416535,0.7171410297409658,0.6793699598133613
2008_003926_aeroplane,0.8834496800465387,0.7559778754786555,0.9589546406577261,0.9129416905980772
2008_003976_aeroplane,0.8483984119030181,0.7873734195320098,0.9359624491848624,0.9078031886680603
2008_004101_bicycle,0.3395504543280727,0.6438734108736813,0.39296675191815855,0.6565104448533391
2008_004101_person,0.8189822018139729,0.6829745884985718,0.8339946018893387,0.6931787543812349
2008_004140_diningtable,0.18281839410813724,0.14398681122163853,0.2999352288209412,0.3994393833216538
2008_004140_person,0.8719866597387532,0.47090100541376645,0.9069089532462616,0.676002242199016
2008_004172_sofa,0.792289088063736,0.31929770522100726,0.9767834404335337,0.6482283464566929
2008_004175_horse,0.7868006518196632,0.7671686059776409,0.8693887297039159,0.9035916824196597
2008_004212_train,0.847103601930932,0.640892138399616,0.9087907941897755,0.7385618348191494
2008_004345_motorbike,0.8557329202882782,0.5437032777458309,0.9290542885301426,0.698613294634579
2008_004363_bicycle,0.36235589841379906,0.6397650363938194,0.452357896775443,0.7675171574053575
2008_004367_train,0.8853004548719177,0.5527704214653775,0.9446718814728172,0.6770719639088991
2008_004396_horse,0.8100433247065216,0.48376667522775,0.8706888706888707,0.6512909406076088
2008_004399_person,0.5042124542124542,0.7832049437060865,0.8334361505243677,0.9078996983408748
2008_004453_sheep,0.8782585235895187,0.7214257320789718,0.8816909835688314,0.7626244106862231
2008_004477_pottedplant,0.45462042202279895,0.6058530046913396,0.5276108083815516,0.636
2008_004552_car,0.9088043761396197,0.7515603058199407,0.9790587518351292,0.9228996885266886
2008_004562_sofa,0.030395881848265718,0.008975058263499777,0.18490554502659412,0.2548308602509662
2008_004575_diningtable,0.11113331202046035,0.03633640297348275,0.23925031969309463,0.010274820500123794
2008_004575_person,0.7583859154445266,0.5470718803718353,0.8513482848606331,0.7384342992042037
2008_004610_train,0.9578214720723855,0.8319748566691995,0.9711538461538461,0.8731855837994761
2008_004612_chair,0.11034656535897039,0.062409464027040076,0.15477205768336177,0.08607646107646108
2008_004624_horse,0.8480836927958748,0.8464175522797395,0.883312101910828,0.915475189234651
2008_004654_bicycle,0.5132167547783651,0.4559365575784653,0.5722610722610723,0.46164391073093164
2008_004654_person,0.7843200690175779,0.8336592592592592,0.8371099240933371,0.8580296415099944
2008_004659_bottle,0.30913216908396407,0.2188708315432364,0.9048286691716673,0.7618188379646337
2008_004687_horse,0.27078213098163945,0.33686421739519085,0.45702617412288843,0.48485182086397466
2008_004687_person,0.18590104459873646,0.24405506883604505,0.19268105760633542,0.24443547844798602
2008_004701_cow,0.9500822918739036,0.6723894570070574,0.9716122568255824,0.7682793743179338
2008_004704_aeroplane,0.6912812074152161,0.541482794603905,0.8868881436571787,0.883877873964442
2008_004758_bicycle,0.23759746038492702,0.32679548563611494,0.41160915999178477,0.6982065913590311
2008_004854_sheep,0.9206538243963438,0.5314474973807835,0.9514405490937488,0.6925175151798225
2008_004995_bicycle,0.37252516314566975,0.5043932557587272,0.6546245339960944,0.870072884129109
2008_005049_motorbike,0.6719024181468007,0.594780758246066,0.7961104441776711,0.7463350520675361
2008_005089_person,0.6836871695896618,0.6513433879344787,0.3533565785408483,0.3799694394552717
2008_005097_cow,0.9454734130108066,0.3724984865519329,0.9570314494773011,0.5550747703836334
2008_005105_cow,0.9128685762426285,0.8008485639686684,0.9431248494932025,0.9011783040921864
2008_005145_diningtable,0.9105374536391857,0.20685924916863657,0.5146843472437874,0.16148277913664308
2008_005197_dog,0.7564661579625409,0.6953764431676513,0.8479930370673766,0.904260030112479
2008_005197_person,0.728175005063804,0.6330505166711178,0.6419958056623558,0.488531582578878
2008_005217_pottedplant,0.35136939255274896,0.2589289445749296,0.5926754442029912,0.5993806828725181
2008_005242_pottedplant,0.6637343022885192,0.3735183213957097,0.8528162086359545,0.6486552368570732
2008_005245_car,0.5151136126745883,0.6001621402513174,0.6554442787129767,0.6966353111432706
2008_005245_motorbike,0.6039819307344821,0.6868860025054394,0.7021311542725742,0.7402811389732763
2008_005245_person,0.6845598845598846,0.7318370015253868,0.681301652892562,0.602261294495281
2008_005338_aeroplane,0.5567226890756303,0.46080908658777614,0.9198253120779533,0.789422509289162
2008_005338_person,0.5817813765182186,0.646811760213822,0.6500986193293885,0.9030692362598144
2008_005398_boat,0.8527713625866051,0.8196885986941236,0.8925188478639088,0.8270060032129872
2008_005399_bottle,0.27510460251046026,0.5361336590747892,0.28135593220338984,0.45844104974539757
2008_005399_person,0.7661604867647823,0.5665621307153895,0.9019433272956129,0.8215111111111111
2008_005422_motorbike,0.8457245228415903,0.6848066298342541,0.9230948747868234,0.8267765948238552
2008_005445_person,0.6794537499447563,0.5817231523070641,0.7518042045811107,0.7073509278977791
2008_005525_horse,0.9000062457060771,0.7284039459086684,0.956855575868373,0.9415161696766065
2008_005544_train,0.311154911570424,0.2229941540286368,0.7161670009500686,0.4253007631552638
2008_005628_boat,0.5255937174756363,0.6681291011750343,0.6951374745417516,0.5842210386151797
2008_005633_sheep,0.8357968828557064,0.7349304118864021,0.8825541619156214,0.8298574348115135
2008_005637_motorbike,0.9117922827262892,0.8018521303796653,0.9465075044327348,0.8950207283912094
2008_005642_horse,0.8326157905700993,0.7702145876812757,0.9028478866872599,0.8969020701805902
2008_005676_bus,0.881190727081138,0.9008587041373927,0.9222505706996106,0.9308901350604217
2008_005680_pottedplant,0.1295125921670018,0.13701857228948666,0.16375680151407618,0.10559855671303033
2008_005691_horse,0.8330691092713287,0.6186407550120064,0.867548291851205,0.7415339669999589
2008_005727_bicycle,0.18781677798304203,0.4413524674120476,0.2456037743205833,0.6183448759321706
2008_005738_person,0.7982282163162766,0.8204457074483996,0.8170022072102201,0.8703372070870642
2008_005812_bottle,0.5556303275011216,0.5650394329639613,0.8289583333333334,0.8384615384615385
2008_005812_person,0.768222566297498,0.4691805754037803,0.8088236819988172,0.5217886024680655
2008_005904_bottle,0.6374440691155404,0.2986752009526645,0.9814936041471312,0.8722476858092927
2008_005915_motorbike,0.8697940640822943,0.3807195527879087,0.9154348331302774,0.7288792179747128
2008_006008_chair,0.37391613677798036,0.35669752942818594,0.44216658513807977,0.395185435580452
2008_006055_train,0.8714204844912061,0.6601003630151612,0.9536519848207052,0.869724025974026
2008_006063_cow,0.6916704558372172,0.5355867280915161,0.843672651897461,0.48328322984856575
2008_006108_person,0.8470541588345865,0.6385554512080595,0.9435131615816974,0.8597712684772837
2008_006130_dog,0.7430992313067785,0.5733479884022816,0.9176761590664045,0.8334454761584353
2008_006143_bird,0.5510355029585798,0.7641251837849191,0.6702317290552585,0.8174126029837453
2008_006216_aeroplane,0.3886213461753836,0.2848582129481006,0.5025529603476372,0.35436427581796864
2008_006216_person,0.7780386490879537,0.684913920800553,0.7889714921266756,0.6458825072121689
2008_006219_horse,0.20979378152333525,0.45390070921985815,0.5524566884407839,0.729905696184053
2008_006229_boat,0.6838378558190372,0.6759532101080453,0.7972396354633092,0.7978460922912777
2008_006254_bicycle,0.07595966167859466,0.19580284944166346,0.11158493248045487,0.20002724053391446
2008_006254_car,0.7916522683516809,0.5654624510172312,0.912057644541721,0.7012363178203008
2008_006254_person,0.6747168198332977,0.8076906570533453,0.6839217041870111,0.6557811949759361
2008_006275_car,0.797722705961152,0.8859151735087322,0.8076463560334528,0.8924528301886793
2008_006275_person,0.8505286806182999,0.49026185668632843,0.9033590802945931,0.7021712907117008
2008_006325_cat,0.8449095385932983,0.6196612612612613,0.8696246034543532,0.6756937033084311
2008_006327_sheep,0.5027184190620272,0.4476171203075989,0.54990477534034,0.5089472342594953
2008_006341_cat,0.929205560064935,0.8175394410046525,0.9509086678902877,0.875841196368168
2008_006341_person,0.6386242731659038,0.5385335413416537,0.7018509254627313,0.6338305566317964
2008_006408_diningtable,0.01697516596090904,0.11906055413932885,0.12525000458724014,0.22240159373497287
2008_006408_person,0.8990343079847178,0.7206877585670899,0.9343691241959426,0.8536399409739301
2008_006480_cat,0.9529208018079984,0.7597759874238553,0.9412638861820308,0.6489271117166212
2008_006523_train,0.6277936062572447,0.05475280961080662,0.8014299642508937,0.3852066256415246
2008_006526_car,0.48759791122715407,0.38132931272772963,0.6206185567010309,0.5207236842105263
2008_006526_person,0.9518478509934859,0.7003570544773218,0.9620873552524464,0.7698612173532947
2008_006528_cow,0.8310286117686143,0.7915642788267131,0.8740952628613531,0.8803307506999154
2008_006553_train,0.932302236653778,0.7470821002227912,0.9728358806647533,0.9160065193495812
2008_006554_bus,0.6052347544522396,0.3837782375401591,0.6763259724767973,0.5591332570574638
2008_006554_person,0.6054248955174957,0.8316714551292885,0.7645280483708431,0.8715685875798121
2008_006703_aeroplane,0.7774259638666419,0.830694942254082,0.8347766187758315,0.871209816448636
2008_006722_dog,0.5756964069438837,0.46280421012525597,0.7542906889975955,0.6656885813148788
2008_006722_person,0.4295342159834104,0.48533168732746945,0.5215866218007545,0.5992127893745219
2008_006752_train,0.9569154513392432,0.8128966976359121,0.9481421647819063,0.7909591660217599
2008_006835_sheep,0.9029533651576352,0.7805626598465473,0.9552076659516978,0.935543378004449
2008_006874_motorbike,0.3007952796305798,0.35717232437529467,0.4351999329365412,0.3355096882898062
2008_006874_person,0.7547212010232182,0.6480837649634592,0.910501273287763,0.9128168299055237
2008_006981_dog,0.19055670361325067,0.22544552742372687,0.2899814471243043,0.289361466467298
2008_006986_car,0.8938943108783622,0.6574563722897938,0.9630533629903746,0.8724823479647285
2008_007025_cow,0.9426504603383373,0.8115659519168291,0.9543425231279054,0.8590938410551836
2008_007031_cow,0.9460321304593525,0.8780361757105943,0.9619232794588245,0.9344989021005096
2008_007048_chair,0.061821219715956555,0.2247596153846154,0.14874915483434753,0.2084811286915627
2008_007120_bird,0.6824578980010496,0.5939928955790806,0.911983032873807,0.8558786871624429
2008_007123_cow,0.5812453485487472,0.5169213537082966,0.9499460496343364,0.9305457456326223
2008_007143_boat,0.19252527126031715,0.4730440499671269,0.19741829730560392,0.4541699540539286
2008_007194_chair,0.033773029543224684,0.055321757571741,0.08986761157366144,0.07424403439281228
2008_007219_person,0.6729960757173044,0.1577573361902299,0.9086724341567317,0.5491961015581353
2008_007273_cow,0.8514471040293299,0.8397976391231029,0.8524459282914791,0.8631344116006693
2008_007350_aeroplane,0.8783213409977088,0.8218739903069466,0.9324283945874419,0.9038958389991841
2008_007378_chair,0.22782189449801474,0.42714671678609184,0.33600136239782014,0.5364954447162253
2008_007378_dog,0.8202537986308231,0.755145252816126,0.946622260227733,0.9568592001496212
2008_007392_horse,0.8297213622291022,0.8872870249017037,0.8449627726164591,0.8840938481433586
2008_007392_person,0.7155821159805223,0.7484522335460521,0.8889148737137512,0.9474241694752046
2008_007402_chair,0.39700268627173757,0.7876811139685128,0.45986519607843135,0.8370979704672645
2008_007402_diningtable,0.22576149711327892,0.17823751046608988,0.3691059324130424,0.22418921860262642
2008_007402_person,0.776066978881329,0.6308024393821908,0.9468210104878367,0.8834392716028174
2008_007498_bird,0.6374026834520458,0.47678663651096115,0.7331461570366589,0.6050617885834199
2008_007507_aeroplane,0.7315668202764977,0.8729372937293729,0.7918088737201365,0.9209133024487095
2008_007513_dog,0.8897956870412876,0.8393964614599834,0.9167295743568898,0.8882963950452702
2008_007527_chair,0.875,0.7460566996803437,0.9255132520980514,0.874296435272045
2008_007548_cat,0.7733308810005518,0.7101271135627774,0.8306391639594505,0.79503125
2008_007677_sheep,0.8524838473007834,0.7127197852110544,0.8801714588450609,0.7180168310098606
2008_007737_chair,0.07850959090137498,0.1984973093715098,0.31680906860671687,0.4240464811170462
2008_007737_person,0.8061554766269478,0.5582032862686813,0.8873891610098751,0.6868857341407724
2008_007797_bus,0.9476896452264205,0.683579479813907,0.9841207907680666,0.8916965046888321
2008_007804_car,0.8708715544124007,0.5958246815197261,0.933232311458212,0.6124601505799362
2008_007811_bottle,0.47529421413047934,0.3824629115908817,0.9689468885653245,0.7965130916414904
2008_007814_sheep,0.8968280297037283,0.8020715466968404,0.9222731439046746,0.8500148411991689
2008_007828_person,0.7135662271837808,0.5317838332951683,0.7708050962320412,0.7911442541451555
2008_007945_horse,0.8348144776870194,0.6354470317912136,0.8926004975941197,0.7646452169950473
2008_007994_person,0.8902724510634059,0.3162757090139609,0.9085265321907631,0.5937036737554244
2008_008051_diningtable,0.2049799457213536,0.10692533273178434,0.11365881275898622,0.0716279775451373
2008_008103_sofa,0.8423693346649546,0.45872415263270094,0.8907737796932946,0.5933673783301544
2008_008127_motorbike,0.6441140776699029,0.7555795890276276,0.7483374501235037,0.8065827686350435
2008_008127_person,0.6382621951219513,0.8155142155142155,0.7938484071768583,0.8361545138888888
2008_008221_person,0.8362831858407079,0.7798976268031642,0.8583000570450656,0.8480068827071982
2008_008221_train,0.7772922636103152,0.33909925113384665,0.8849675878539748,0.5956203124664217
2008_008252_bus,0.8308822640871025,0.4850243506493506,0.9637913956041014,0.8138481005208487
2008_008268_bird,0.2775670372792675,0.5149558520362519,0.8792235801581596,0.945083304869255
2008_008296_horse,0.5548961424332344,0.6704861679489278,0.7749879285369387,0.9373626373626374
2008_008301_bus,0.9476446098445804,0.5303860198226396,0.9834679127215095,0.7852758775014386
2008_008335_diningtable,0.11725081570361015,0.2686868686868687,0.13248702482816666,0.2301969365426696
2008_008335_person,0.8130453378956373,0.4981636935991606,0.9725283173594382,0.9057146251633599
2008_008362_chair,0.2604951560818084,0.5601206181681115,0.5005307855626328,0.6757443718228032
2008_008362_diningtable,0.7184466019417476,0.4590438639724002,0.43572649572649574,0.30778245946926364
2008_008362_person,0.6799448811147514,0.6488433606348175,0.2769661553445337,0.3814466054292605
2008_008392_horse,0.8989622940430925,0.8813639072743813,0.9437287008561217,0.925725623219943
2008_008393_horse,0.033424385029913455,0.1647611433140116,0.9089495305164319,0.5216485558245594
2008_008421_horse,0.7255986068785373,0.4031293543892243,0.898866115435374,0.652246461899759
2008_008434_pottedplant,0.7798544647725777,0.2849234069071463,0.9404294523487966,0.6965165287157873
2008_008469_person,0.8457100773290782,0.8222036061911601,0.9504512690047853,0.9335731414868106
2008_008629_bicycle,0.35739685323201326,0.6080628393207809,0.4258788882753543,0.6575150720260992
2008_008629_person,0.5782784517619873,0.8301014054438712,0.6443014705882353,0.9149925286402125
2008_008682_bus,0.9122080655122721,0.6236338112904843,0.9168250498907156,0.7151630065655422
2008_008711_bicycle,0.12487267119179764,0.38820690644325767,0.160159841139481,0.6131143492220301
2008_008746_bird,0.8132765096792834,0.6771256760842543,0.8401860190448069,0.7158073693706196
2009_000013_cat,0.8016207048181418,0.7551810962618632,0.8472682668081156,0.8163654140239164
2009_000022_train,0.7417975495436231,0.625697610020023,0.8735654732712114,0.8308601967138552
2009_000032_aeroplane,0.047104888467014716,0.187366452991453,0.1363994425256014,0.25167638773161927
2009_000037_bird,0.5321717990275526,0.3571742543171115,0.8882772425872638,0.8826734875444839
2009_000039_sheep,0.928673881862042,0.7603463203463203,0.974070051588379,0.9488391491728069
2009_000074_motorbike,0.6827043862818991,0.510330613417127,0.6741629837407656,0.4808775030519469
2009_000074_person,0.15314185375642794,0.3588155937597288,0.39466237942122184,0.44853054316048624
2009_000080_cat,0.8426046835553234,0.7423910320641283,0.9119271251238967,0.8829958788747536
2009_000087_sofa,0.4390708535611135,0.3616893273974251,0.7844687141736559,0.652961237331284
2009_000096_sofa,0.7715020478140775,0.6485693762719981,0.8637199174231498,0.6686379548106502
2009_000121_bottle,0.8710921041543777,0.4964025408518409,0.8162388916487278,0.6683098591549296
2009_000149_bicycle,0.15673715079487574,0.4608073835856407,0.1998600279944011,0.6518372681700114
2009_000149_person,0.47855029585798814,0.38437933082557907,0.4835285505124451,0.36150372987828816
2009_000156_dog,0.31456548347613217,0.49806759890380153,0.8483831065559286,0.9046264309422204
2009_000201_bottle,0.6686919385374015,0.6223094625693787,0.9113824884792626,0.8435996962281664
2009_000205_aeroplane,0.24260471204188483,0.2143655455632375,0.4822848879248012,0.537584422419086
2009_000219_cow,0.5190292583352234,0.386421983455358,0.6642282740910934,0.4810410624332163
2009_000219_person,0.05507740884090446,0.04956540173839304,0.04952638011815034,0.008458202739255507
2009_000242_sofa,0.8442038509561675,0.5073875629160578,0.8960359537937572,0.5748008453909933
2009_000309_cow,0.24300816271912218,0.23775960719871705,0.4056401281246904,0.33477406679764243
2009_000309_person,0.6289619164619165,0.4497073928102233,0.7809326232350755,0.6580546179809758
2009_000318_bird,0.8150494810523775,0.6332779284402065,0.9416286822232804,0.8938831760839606
2009_000335_bus,0.8771320543341269,0.5333394583917128,0.9627729240820352,0.7250889937197927
2009_000351_bicycle,0.2973008732468907,0.7386368966649468,0.3854464569431204,0.7525597269624573
2009_000354_bicycle,0.5450730848021218,0.6125555121327317,0.6710139930807366,0.6755302093353488
2009_000387_aeroplane,0.9049111807732497,0.8512058347954725,0.930042194092827,0.9101649813730708
2009_000412_horse,0.79265877584857,0.7791066892464014,0.7122661914072639,0.7122682164052304
2009_000418_person,0.8637701132300357,0.5976836571338222,0.9441562651969525,0.8739548331640228
2009_000418_sofa,0.09788213235607449,0.1695526489023727,0.36309425211197616,0.2755913051805037
2009_000421_person,0.6465462001794182,0.9018894089096897,0.5789551576143259,0.7377363539065287
2009_000426_bus,0.891910459724051,0.5404278417922969,0.963168813475353,0.8000746570442032
2009_000440_aeroplane,0.8456480732956076,0.7684625568410752,0.8788302393200627,0.8709410152640132
2009_000446_boat,0.7950804339693228,0.5482755890967623,0.9013473157858185,0.7371507948757524
2009_000455_bus,0.8717525773195877,0.6398261127303265,0.9347814132526808,0.8142204666090606
2009_000457_bicycle,0.16705347196435202,0.6027501494646448,0.20181147629894783,0.707941880142382
2009_000457_car,0.7644023170089521,0.5479989537012817,0.7786142935079106,0.6693474836249067
2009_000457_person,0.6262724188075618,0.5771257727779467,0.8215455140798952,0.7595584275713516
2009_000469_boat,0.6429126256685679,0.6110341963173197,0.6854331343765123,0.6742263349514563
2009_000487_sofa,0.7275419545903258,0.619607352757284,0.8768502790584809,0.775715282623866
2009_000488_pottedplant,0.7912839906356924,0.6235689528410882,0.914320462146549,0.8093370376423162
2009_000523_car,0.776091630830301,0.43168227923018837,0.9412098695335547,0.7569852735315528
2009_000573_bicycle,0.3975472883669534,0.6319136461355743,0.44995173745173744,0.7142791460405523
2009_000619_bird,0.8777289624873268,0.7384281372123317,0.8989885634957361,0.8137032842582106
2009_000628_train,0.8932948445254735,0.8509216680422906,0.9199799949987497,0.8877848973963826
2009_000664_bird,0.8374719856566563,0.7390033521380099,0.8610843952873287,0.7613558334547119
2009_000675_sheep,0.8117438772499262,0.7025920569585048,0.8876752920097853,0.8622131125434882
2009_000704_person,0.7865389527458493,0.6857656021789761,0.7555697008274984,0.6546023235031277
2009_000705_horse,0.5964050773649587,0.8212468193384224,0.663153586411542,0.8675235869471133
2009_000712_train,0.9165964980460738,0.6401606150044615,0.9745109798855878,0.8997079308020669
2009_000716_cat,0.7955546978030815,0.6149924235671629,0.9209524608032196,0.8002515152764607
2009_000723_boat,0.5432309573805293,0.5956545810950336,0.7657898519476786,0.7003767844191683
2009_000727_person,0.24899127944813224,0.26850400958613696,0.261735807860262,0.3425054676771273
2009_000730_motorbike,0.6950451442413565,0.6864808813998704,0.9045092838196287,0.8322098475967175
2009_000730_person,0.5915794130659194,0.581604211830288,0.9219704803986086,0.908311910882605
2009_000731_cow,0.6126895173552283,0.12572454346421952,0.6249213714302629,0.20771510719863695
2009_000732_sofa,0.7335215700796149,0.3075910280725403,0.9443233246628275,0.7607125347278967
2009_000771_cow,0.9124043890706772,0.6587366402726982,0.9699667394812237,0.8561103185924869
2009_000825_car,0.7958729118899444,0.5960757231069224,0.8881239242685026,0.7810973858086757
2009_000825_motorbike,0.6758647149096919,0.5793101847553617,0.7365033414431339,0.6257552051991816
2009_000825_person,0.73513165656674,0.7655865977830165,0.7683939642063399,0.6898705458427866
2009_000828_boat,0.8769970019302641,0.7830697744135502,0.8976137395755924,0.8343468646343389
2009_000839_dog,0.9624092017579322,0.5043264336613505,0.9741361034555862,0.4612217325570174
2009_000840_bottle,0.18133466301005569,0.3862178608628913,0.35030888642483765,0.3909200904834552
2009_000845_train,0.7356621149571293,0.6149344978165939,0.7830372108615488,0.6988586479367866
2009_000879_bird,0.31406236577613605,0.20540707979831008,0.4546981310825941,0.33944423487991954
2009_000892_dog,0.8272907053394858,0.7469735266728749,0.8944335531396661,0.8535855153732833
2009_000919_boat,0.758739537173806,0.8762726488352027,0.8240693523712391,0.9176759698086713
2009_000924_sheep,0.8819564995404882,0.777347323110035,0.9219217628519215,0.8954588739435781
2009_000931_horse,0.824792030399507,0.8828308681289248,0.8884957709104981,0.933396358756976
2009_000935_dog,0.8092800862010909,0.8522870128614254,0.8746824724809483,0.8860802157061004
2009_000964_cat,0.3112541894514024,0.37234375,0.9336781513306082,0.9190060364531443
2009_000989_dog,0.5308457711442786,0.6582070476538251,0.8058623619371283,0.8763066202090593
2009_000991_bird,0.8163809053904033,0.6582353908112106,0.7775429543832684,0.8506152994808822
2009_000998_bird,0.7151754989676531,0.5236811286325136,0.7643255950631795,0.6231962644976653
2009_001008_cat,0.7886689146329249,0.5352156591027195,0.9469749518304431,0.8630725808539838
2009_001082_bus,0.9161185176484408,0.5447096867960177,0.982866276643491,0.818218290505707
2009_001108_bird,0.6844718627746013,0.6081473733147373,0.8677985501716902,0.9254948602497663
2009_001160_bird,0.689420684067365,0.42721165838821906,0.9278311377700164,0.8803052516822676
2009_001215_diningtable,0.8480583556157211,0.06429344084964106,0.758841292920255,0.06115768921557368
2009_001215_person,0.5330818073065243,0.3580141236892788,0.9040019056693663,0.7676418160847227
2009_001240_car,0.8455512685607389,0.6540643851161679,0.8940771104378304,0.8111118477756415
2009_001255_bicycle,0.18229278319315015,0.3725157513518877,0.22941298485791328,0.6147914955744137
2009_001255_car,0.26949194885421635,0.13065597667638484,0.31353616323556205,0.14666705657011683
2009_001278_bottle,0.7561721138020221,0.7162921348314607,0.8174748398902104,0.8472531334192339
2009_001299_person,0.8179990810934987,0.697718849107791,0.8982537708817646,0.9002898766166196
2009_001300_train,0.807523235367998,0.6795080752704105,0.8796821094135042,0.7744520771998692
2009_001314_bird,0.7797444133123761,0.7769826819663801,0.8477598632885058,0.8644916745634222
2009_001332_aeroplane,0.8910021945866862,0.8741978524683907,0.9223965509578204,0.9052287581699346
2009_001333_train,0.8170510824961087,0.5305343511450382,0.9539897200459104,0.7694274934798572
2009_001391_cat,0.7377533588808347,0.4039830601292395,0.803978594695207,0.5674487103438401
2009_001411_cat,0.9143122588022298,0.7308232931726908,0.9479541257653805,0.8206844161481696
2009_001433_horse,0.6578163303790308,0.5207200989273286,0.7891733990597471,0.7521160431608193
2009_001433_person,0.7156356444346775,0.6274564202154714,0.7471597237692136,0.698270638139188
2009_001505_sheep,0.6925833423824519,0.6108562884873673,0.6815797459574283,0.5759552401746725
2009_001535_dog,0.9469962964744361,0.7451392182101484,0.9791287249987912,0.8952952726174294
2009_001536_car,0.047539036472667225,0.023180565737253217,0.09745357629131783,0.025379222746036788
2009_001565_bird,0.9044506134145249,0.8082614850083645,0.9413870385357654,0.8782873582670503
2009_001607_bird,0.6752973054342918,0.5191935841759914,0.8789831406125872,0.7874217285981991
2009_001644_pottedplant,0.7204596797956979,0.682911148257683,0.8063923982291329,0.7950134677809241
2009_001644_sofa,0.31659007620266416,0.30949181413835525,0.2540329286545817,0.34534299837830446
2009_001663_bicycle,0.10601719197707736,0.29918550765341945,0.1384436024482658,0.3189045317643763
2009_001663_person,0.21788990825688073,0.184054763497864,0.20374507494211788,0.21841118560794962
2009_001683_bird,0.49685403050108934,0.43930582649343003,0.5000525026251312,0.4320114111972373
2009_001684_pottedplant,0.34446671120017813,0.365628200291058,0.4063811404591459,0.49454196379594073
2009_001687_dog,0.8719934874312356,0.7042419292851653,0.9147908826244409,0.8013343611280933
2009_001687_person,0.8957126712812544,0.7734118349758948,0.9293575633478373,0.7716686875444244
2009_001718_person,0.8116206921430461,0.7176313283766537,0.8902214990552173,0.8519606371802843
2009_001731_sofa,0.3569176440913104,0.2633980357280953,0.36120570059276075,0.22679366070731516
2009_001765_bird,0.6602269983095871,0.6446837146702558,0.8725130599088585,0.8136992414100848
2009_001768_person,0.8223911541119557,0.7233568075117371,0.9207790064367057,0.9130484460694699
2009_001768_sheep,0.8722744412262965,0.7085064981862733,0.8858120125872212,0.7825518151975095
2009_001775_chair,0.2131250843948328,0.12352487694953448,0.2859691147240202,0.14099631819703223
2009_001775_pottedplant,0.40690804423572186,0.40595855656660146,0.42535049173467254,0.4237227113540405
2009_001775_sofa,0.21641986633468746,0.18607752164541702,0.0,0.0
2009_001804_bus,0.9451222616280056,0.7009843256834108,0.955270369172638,0.7309603100944477
2009_001816_bus,0.8946780851095083,0.6646569189835722,0.9304385558032708,0.7859484527839228
2009_001818_bottle,0.8428705931582802,0.6024750260921425,0.9569396492197211,0.8787075852250257
2009_001850_aeroplane,0.8659630904678594,0.8693973904998884,0.932904079913347,0.937522774704343
2009_001851_aeroplane,0.8954553817847286,0.8444766153573433,0.9220313384934868,0.8958756117941984
2009_001854_bus,0.9261240029006527,0.6075937441115508,0.9650564291448269,0.7952247117228336
2009_001854_person,0.7331130690161527,0.8288875716261609,0.8217461600646726,0.9170722211407436
2009_001941_boat,0.7907251893671472,0.5292360409436366,0.8976884090815443,0.642262923952334
2009_002012_dog,0.8730582887967634,0.6884151534298508,0.9047828335056877,0.7698438564783265
2009_002035_cow,0.7895209043603086,0.7307462983205804,0.8438476953907815,0.8641906564953505
2009_002042_person,0.8181907186215,0.7789182254034709,0.8739548494983278,0.8671527777777778
2009_002082_sheep,0.7639482564679415,0.6641439854693563,0.8579911244452778,0.7262501528304194
2009_002097_horse,0.7335499593826158,0.8921461820342677,0.7668930997497319,0.9024558976132826
2009_002122_cow,0.8746044690915022,0.8386007563479201,0.9263891736723395,0.9145349990085266
2009_002150_cow,0.6883993233096999,0.4376018684993195,0.8489081685170208,0.6897519279011428
2009_002155_dog,0.5575892085086759,0.30223360578552866,0.6292399218611259,0.4254020805946411
2009_002164_car,0.0418008611045191,0.14389406571848945,0.11194909262314401,0.20515615981530175
2009_002171_cow,0.37778117593088156,0.6165623123767047,0.8893127024109392,0.9172144516384125
2009_002185_bottle,0.2613370733987845,0.3372415432147667,0.27782744747429594,0.3100745110214219
2009_002185_person,0.910140712945591,0.49474003405565536,0.9713424860563985,0.7540621012335177
2009_002202_train,0.9121509796593882,0.7792927827740709,0.9390867105730604,0.8552507731612209
2009_002221_cow,0.520932117909899,0.5032411459935177,0.8993888016349083,0.7472267339392473
2009_002238_bus,0.809624314056564,0.34722501845513726,0.825726968926131,0.42154043906234145
2009_002238_car,0.3305569165441777,0.5722594637223974,0.45076972418216804,0.6194904582001356
2009_002239_car,0.08337818662230269,0.11464588733437445,0.13370704868680577,0.3246184381630279
2009_002239_motorbike,0.07120146579365721,0.18875777667435814,0.056912541787986624,0.12086394414286536
2009_002265_train,0.8814265335235378,0.6672654846520347,0.9033125994503111,0.6956670798280545
2009_002268_cat,0.8785900783289817,0.550430103841804,0.9480835737818978,0.6996980930179233
2009_002291_train,0.9417439922108959,0.7855049378783052,0.9573171642348303,0.8475483595520379
2009_002295_bicycle,0.19092360044568915,0.6347847358121331,0.19524269853824297,0.6849251967715447
2009_002317_motorbike,0.6922549691569568,0.5227658542500303,0.8865762482623887,0.7447136729626006
2009_002317_person,0.6016521340064249,0.4972528238739367,0.773591943304737,0.7397188964081207
2009_002320_aeroplane,0.8234937935210415,0.875609756097561,0.817258883248731,0.8881720430107527
2009_002346_person,0.5633778005541054,0.39897755723130895,0.9499577345731192,0.882392998562385
2009_002346_sofa,0.605572904155657,0.3006819759606877,0.7395387863368159,0.6170689610757619
2009_002372_person,0.8853246726635657,0.5014898217487607,0.6387928052576963,0.6174122766774587
2009_002382_motorbike,0.6321482475264129,0.41461772450194173,0.8274766025075049,0.6071159212610302
2009_002382_person,0.5611373011196229,0.6960565080041174,0.6456161863887185,0.6641009193927732
2009_002415_chair,0.5187978339660976,0.3586738464787245,0.540563372845112,0.4841372269522672
2009_002445_dog,0.5940724893027939,0.6883237273789852,0.9042307007654423,0.8552625258202431
2009_002487_chair,0.33676417479234383,0.7446418052471793,0.443391178044492,0.7452856740782438
2009_002487_diningtable,0.5622246156858905,0.4909043523586135,0.5778440234637946,0.515110644887357
2009_002487_pottedplant,0.387143072971748,0.68992,0.6049675486769845,0.5196749358426005
2009_002521_bottle,0.7414370528238697,0.5491765712365181,0.925467783606044,0.8291004572411608
2009_002527_cat,0.808918491758862,0.6789986390659695,0.9035677522503778,0.8476066897347174
2009_002535_bus,0.927123989749655,0.7115056675694653,0.9595296523517383,0.8171336783865786
2009_002539_dog,0.8958812376457299,0.8033669492546909,0.915923617138799,0.8565024216467197
2009_002549_cow,0.7856720222110964,0.8182064114703097,0.9076371308016877,0.9104736129905278
2009_002568_train,0.9038480354472136,0.6962816420124994,0.9319744812853004,0.7788052615962813
2009_002571_chair,0.09264482534172272,0.19490186743989787,0.08065591995553086,0.20909888457200151
2009_002571_pottedplant,0.09619135612360127,0.5256867267771022,0.10619868266714788,0.5505735140771637
2009_002571_sofa,0.6940191238047622,0.5333027733211093,0.9304611650485437,0.8066693132195316
2009_002584_person,0.6752037566794408,0.3878769707418235,0.927740515615175,0.7841484679897036
2009_002584_pottedplant,0.23545419204354023,0.3092373328220124,0.49208928827493903,0.4528617427551606
2009_002594_bottle,0.4066449245821443,0.5418443496801706,0.5859984399375975,0.6395824271422358
2009_002604_bird,0.7112850082372323,0.8663101604278075,0.7837351565311264,0.9044821861831184
2009_002618_car,0.8808272702775533,0.4703427580062831,0.9768951105976691,0.7824820629395468
2009_002635_cow,0.6844174075807207,0.6230389959659346,0.7394225531142182,0.6754661168877734
2009_002638_train,0.8295741163124676,0.49303285738861174,0.9441207810359382,0.7973422764637652
2009_002649_bottle,0.6739521161150298,0.46991387987920813,0.7597460105271953,0.642108605906637
2009_002649_person,0.6497599329745755,0.34767234658647955,0.9601328903654485,0.8808006195270149
2009_002651_motorbike,0.7774400073695362,0.6976589896692257,0.8088809445411356,0.7607287189685035
2009_002651_person,0.5805742748315266,0.6948080415857707,0.7239485474779592,0.9256333246278402
2009_002727_boat,0.15102989004181508,0.26459907223326706,0.0,0.0
2009_002732_person,0.8245419894257962,0.41242273528991147,0.8465652682600702,0.5021257037803056
2009_002732_sofa,0.43902932977532105,0.314672643813921,0.9529097098395202,0.7377762234705252
2009_002749_bottle,0.2507973586092269,0.3793324050728183,0.4569530437926515,0.3610830061920758
2009_002753_cat,0.7814220562867743,0.6196759719735649,0.8788744313974399,0.8033906694716001
2009_002808_aeroplane,0.7282995163012752,0.5085478566568383,0.9350407001061742,0.8732207675680085
2009_002856_bottle,0.6760860396457191,0.481316393530134,0.9432015908525976,0.8770177838577291
2009_002887_train,0.014633001199853932,0.09570878488349013,0.02344820454486699,0.06437862541747232
2009_002888_aeroplane,0.6265785894695939,0.888068577070664,0.7106130164731299,0.9305092383956737
2009_002928_bicycle,0.23545896399223504,0.471304143126177,0.31058099268949596,0.7231955340568812
2009_002936_cat,0.8828491096532334,0.7535080150765179,0.9484344146685473,0.915477606024574
2009_002975_horse,0.3796298129268534,0.3512332990750257,0.909992135929271,0.8557577933882443
2009_002982_train,0.9280262453133369,0.7721668961542156,0.963543599257885,0.8938177721447683
2009_002990_car,0.5893870601589103,0.4364934591129411,0.9636485905889824,0.8703351519875292
2009_003003_bottle,0.1861276258422513,0.25380830236088575,0.3466039707419018,0.28091301222142345
2009_003003_car,0.6983813752437334,0.4891037810473026,0.908955463359846,0.7909884601613925
2009_003003_person,0.7810816876122083,0.6488000296746912,0.7602388563845829,0.5317578125
2009_003005_aeroplane,0.7972189488569409,0.8558657284577229,0.8388468575384463,0.8921505502224304
2009_003043_boat,0.6232054733064154,0.7439192662536187,0.8193488238668961,0.7194411084097366
2009_003059_cow,0.8769379516232996,0.35679108695067147,0.8997920162192393,0.49615679194704304
2009_003063_dog,0.8445208000981715,0.8609417468596194,0.8887243222358169,0.9008152684374647
2009_003065_bicycle,0.2260403530895334,0.7324861518409905,0.309075930248524,0.8707596613488452
2009_003065_person,0.7972939424031777,0.7750179125865775,0.8664214131675758,0.8510205303166337
2009_003071_chair,0.1303992303992304,0.20489899345393117,0.16766783603248595,0.21482917025552684
2009_003071_diningtable,0.09483797970804815,0.21483242679868417,0.24299602953727412,0.3437945791726106
2009_003071_person,0.8859139513345121,0.794203051581226,0.9220768038574134,0.9192877643062145
2009_003080_boat,0.7794227460147398,0.6132700014843402,0.8145486593674791,0.6567803816196728
2009_003105_train,0.9606864603074331,0.8527049601644822,0.9699516705190167,0.8600630997765216
2009_003123_chair,0.20803782505910165,0.5991921005385996,0.19984627209838585,0.5936374549819928
2009_003123_sofa,0.7265112823846225,0.42024989228780696,0.771067044381492,0.4650290945053934
2009_003193_bicycle,0.18655790033693917,0.4979512195121951,0.2287983546297917,0.6850193648334625
2009_003196_motorbike,0.893722998729352,0.7528012898024989,0.9177670757599296,0.7988194989061791
2009_003217_dog,0.8563119445349215,0.7341647602882936,0.8837387429208059,0.8312011561931271
2009_003224_bicycle,0.3243212082780884,0.5583955855175824,0.3992745601432037,0.7027902040596999
2009_003241_dog,0.14487301371723482,0.16553115432939886,0.26382529059528004,0.18879018916780552
2009_003269_car,0.11771700356718193,0.16022540897430507,0.0,0.09714285714285714
2009_003269_person,0.8000598964646825,0.46546546546546547,0.959538350241424,0.7595425223245725
2009_003273_bird,0.7839376936604975,0.32279709655638084,0.9618810347498322,0.9137727427393367
2009_003299_train,0.5794237331435558,0.4555965954713345,0.5971240197608859,0.4570989441796231
2009_003304_bus,0.9242947076793687,0.684758423394787,0.9707760186867376,0.8756298464230757
2009_003311_train,0.8502409306077395,0.5750189681335357,0.934857480930547,0.7397559790530691
2009_003323_horse,0.8658486521005336,0.7619800935996309,0.9139383002492051,0.8963550983899821
2009_003323_person,0.7848386642243201,0.6546594005449591,0.9086447118429386,0.9397973950795948
2009_003343_bicycle,0.09327367636092468,0.16951513326306278,0.06492430994673273,0.17005964844368587
2009_003378_bird,0.8066207385644091,0.7313019390581718,0.9414175918018788,0.8994474879430632
2009_003387_car,0.07664474519462712,0.2002659002483039,0.05530623693202101,0.11600390616128813
2009_003406_car,0.27537604582459463,0.36253905140585063,0.9659898144302856,0.8821182995859135
2009_003433_train,0.7972299763796435,0.5999816841430469,0.8737637038467314,0.6995547281829388
2009_003450_bird,0.8534209333937471,0.6420749279538905,0.9326533281025239,0.8227187924016283
2009_003466_dog,0.3660819331896837,0.3840986788984521,0.6268596702854845,0.4135556077326446
2009_003481_horse,0.7507186242407579,0.6523346303501946,0.8150460671590649,0.6490431596091205
2009_003494_chair,0.21057970279454277,0.5332719419412835,0.19250306533543526,0.28697504564820453
2009_003494_person,0.8295921593423965,0.75419708877831,0.8756659312274659,0.8443698359406624
2009_003498_bird,0.6420722773888979,0.5446773112738869,0.8958784076157508,0.860798773364486
2009_003504_boat,0.7104450733213274,0.5773976306346164,0.8675006674548991,0.706052691346809
2009_003507_chair,0.05001651800462504,0.351061473724175,0.10650311526479751,0.35068430207752144
2009_003507_diningtable,0.22501532801961988,0.299379627776666,0.3570362566938811,0.3203829115535414
2009_003507_pottedplant,0.21606899682251476,0.33642849054467217,0.17640407086317378,0.3144373673036093
2009_003517_bottle,0.667683070959202,0.4667545466732204,0.9656040268456376,0.9020330195115296
2009_003542_cow,0.9274276208559474,0.6107429263126041,0.9676202069385271,0.828713949485369
2009_003549_car,0.6776477994019829,0.3995163390587214,0.9565425268514249,0.8101367163443773
2009_003564_pottedplant,0.27763755678950025,0.5440857387073443,0.3420219244823386,0.5967752637515759
2009_003564_sofa,0.2480935221654236,0.10753945061367622,0.4144607535650065,0.06920358074852179
2009_003569_cow,0.5363188058110089,0.6709507162930975,0.5935854152599594,0.5710381531158978
2009_003576_person,0.8905657953888639,0.7941992783791285,0.9531067627875043,0.9238504242170316
2009_003607_sofa,0.9297369546621044,0.627151831606429,0.9512036017153063,0.6844733544630353
2009_003640_bird,0.9125339945608703,0.8180242634315424,0.9538307544730367,0.911082856537402
2009_003666_sheep,0.8301453362749335,0.7975028606044289,0.8719139269577373,0.910555320050869
2009_003696_aeroplane,0.7457577955039884,0.7452773819920026,0.8549643354923342,0.8756858935650713
2009_003703_bus,0.9339285060026136,0.6754829970770656,0.9666297131326217,0.8167475121268191
2009_003707_boat,0.46365054602184086,0.4380936227951153,0.4964794498116915,0.5189984411535464
2009_003756_dog,0.7146483570010117,0.19221407467507615,0.8400630774697939,0.35391628677994197
2009_003771_cat,0.9411164734563908,0.8571016628752683,0.9599464267664005,0.9007411760864596
2009_003773_cow,0.8044906496062992,0.6019164040365453,0.8974581066879165,0.5157669255010195
2009_003804_horse,0.08820054747154589,0.32493365639783084,0.32835283029328605,0.5048791472751839
2009_003806_aeroplane,0.8329664018378482,0.7673292080755048,0.8951398815601389,0.8775557011795544
2009_003810_dog,0.8706078292654168,0.697951146644939,0.9194817718054,0.8359474757485087
2009_003849_chair,0.32764982822242017,0.4690881357548024,0.4347265221878225,0.37686172768329007
2009_003849_person,0.9365205241493901,0.6901030329415179,0.9591899889754947,0.8463138782766577
2009_003903_horse,0.6931070818647578,0.7452095579815253,0.8262365230523976,0.8668899758293207
2009_003904_cat,0.9244579062443584,0.7403883245467404,0.9558378580014092,0.8527846083173454
2009_003928_dog,0.5066392218589821,0.4350749264115601,0.6113394584139265,0.5029414664607093
2009_003938_train,0.7692864321608041,0.6328571823280745,0.9070571291406625,0.8233459420001327
2009_003971_bicycle,0.43228979249130384,0.6959675252962422,0.5162939507883105,0.7332632940035558
2009_003991_person,0.4531893448524118,0.5081151522331477,0.4606631989596879,0.5736443575964827
2009_004021_bird,0.8817572386250179,0.8707826932425863,0.8565656565656565,0.834088335220838
2009_004033_dog,0.504014272970562,0.5524826344224337,0.87578125,0.9135163814829553
2009_004043_motorbike,0.7119070189176936,0.5517742161254199,0.6628735610456874,0.49426462659651604
2009_004043_person,0.2659281894576012,0.41394290442697557,0.6964585615188025,0.7562457221081451
2009_004070_sheep,0.77599486521181,0.8341054489300684,0.8687392055267703,0.9192975120217437
2009_004072_bus,0.9234988165181889,0.4285114655591393,0.9570626128088628,0.5784823154353993
2009_004084_bird,0.7825494205862304,0.7345840439643737,0.8691695108077361,0.8711687502434085
2009_004099_cat,0.529482012240633,0.45086669921875,0.9134020618556701,0.9365950490425035
2009_004125_boat,0.5859278115005548,0.5177543773723522,0.6122529905492036,0.5390270199627536
2009_004125_person,0.4408682634730539,0.593437052932761,0.5333998005982054,0.6050013444474321
2009_004140_chair,0.5917038238075936,0.5240136540446138,0.5334511189634864,0.466840005055703
2009_004140_diningtable,0.662880608099253,0.47328342798141454,0.6097787928773845,0.4900803461063041
2009_004221_person,0.8044917455794854,0.7030063245444307,0.8847886426718843,0.8122490643075876
2009_004248_cat,0.890218497165835,0.5459189019279128,0.8992920898738074,0.5523563003682553
2009_004255_train,0.8152238420848923,0.5507886291735895,0.9329793213620093,0.8193050396480414
2009_004298_sofa,0.9356879843673149,0.7759578824217608,0.9830657576424016,0.9326737380039813
2009_004324_bottle,0.4216272354222605,0.3504044766133447,0.4548971294813355,0.3929744970426745
2009_004455_car,0.39059674502712477,0.4770350159163256,0.46648632401562967,0.6303748174590297
2009_004455_motorbike,0.7956941281431221,0.5537924337279696,0.948509485094851,0.8058436890212591
2009_004494_car,0.5671763506625892,0.7335124120044461,0.6964541914326706,0.7043436754176611
2009_004497_horse,0.9437821915212485,0.6395399927407492,0.9635453453877666,0.7865907356308343
2009_004504_cat,0.6656400453129425,0.3716298346586998,0.7196035452206233,0.4454860564046006
2009_004507_dog,0.9189534141671984,0.834904112158297,0.9534171768988913,0.9074312662566546
2009_004507_person,0.681735017180597,0.43133783335177606,0.9206155478906872,0.8257982255750943
2009_004540_bird,0.8070264765784114,0.7392407069826424,0.8709983079526227,0.8766247248868403
2009_004568_bird,0.6700838168923275,0.8399320693500963,0.7495923026744945,0.8370016554943415
2009_004579_bottle,0.33018679341669815,0.3759057788184002,0.39958916052597004,0.425049792294998
2009_004581_dog,0.5830070477682068,0.3965756011582525,0.8316349136021267,0.8483217052134263
2009_004590_bus,0.7806696200374851,0.3770933625769038,0.9320901611477528,0.7618354968850345
2009_004592_dog,0.9016285211267606,0.8411230856494611,0.8611224351134665,0.8262823323103902
2009_004594_car,0.9610673798741756,0.8190195470058951,0.9825168931860319,0.9223215162525779
2009_004635_boat,0.7986935866983373,0.8543297355194859,0.7654283082591342,0.7372134038800705
2009_004653_aeroplane,0.8501504513540622,0.8793402777777778,0.859214501510574,0.9355670103092784
2009_004687_sofa,0.6944776281494353,0.38163929180887374,0.9538959386248773,0.8199954138958955
2009_004721_cat,0.8451343432454336,0.6619154298515821,0.9257851159871582,0.7971241335420286
2009_004730_train,0.7183878139930934,0.6997411023425559,0.7846620662653551,0.7655798054167763
2009_004732_bus,0.9381661830810168,0.6990669969954141,0.9520151210292055,0.8145447488078075
2009_004738_motorbike,0.7690996772906922,0.6559381948799817,0.8799689821239083,0.868040593286495
2009_004738_person,0.6040113985094256,0.5344441799571531,0.7756417770484116,0.750511501023002
2009_004748_car,0.9094019110534387,0.7243743064973492,0.9747751169737047,0.8762656648959587
2009_004789_bus,0.8730796670630202,0.5239530456852792,0.912682589073436,0.782271879401576
2009_004799_train,0.8413396749900912,0.7012603387160299,0.9205253073606897,0.8510136548628808
2009_004801_person,0.3687061822817081,0.5998547567175018,0.7073283858998145,0.8055436490927276
2009_004848_bicycle,0.11807817589576547,0.45026767142905855,0.17136818891849673,0.49192820615662286
2009_004848_person,0.7516662038322688,0.76863633096111,0.8522599505284462,0.9176479525943934
2009_004859_person,0.8281890335633137,0.5271263563178159,0.9643101482326112,0.9028428736073761
2009_004867_bus,0.9672412282348818,0.8443755686988171,0.9762896224510398,0.8916908297454822
2009_004882_bicycle,0.12514036182158453,0.6290363633278468,0.1477364970340306,0.6895738735592036
2009_004886_bird,0.5388841927303466,0.37351292392765645,0.8213717444100159,0.8603857449003889
2009_004895_bird,0.6837338209663133,0.49932441561951085,0.7784878576344509,0.7294941942511945
2009_004942_horse,0.8678627867256213,0.8160595256549372,0.9110644716993507,0.8864151656379897
2009_004969_aeroplane,0.7882191910133572,0.6418483438883595,0.8837777982836579,0.8110185778347213
2009_004987_motorbike,0.114723641430562,0.4257584389688079,0.18623558328606543,0.4347795036600607
2009_004987_person,0.5367436245661688,0.5140946760421898,0.46126570106376585,0.5449419054996127
2009_004993_sofa,0.1421997238840313,0.07510512588492042,0.18478011252727064,0.09338491095072433
2009_004994_dog,0.61896813353566,0.36285562599544047,0.6836888331242158,0.4824921752738654
2009_004994_person,0.32894849785407726,0.1828665568369028,0.36798176050753373,0.2627044173435926
2009_005038_diningtable,0.29551139521956643,0.2736430512293724,0.3900467437528556,0.3633314921486625
2009_005038_person,0.8210132501948558,0.5717521381968155,0.8806277163995886,0.7342303511862374
2009_005078_motorbike,0.7374184038744999,0.6559606214428549,0.7948887129409695,0.7361101847528847
2009_005078_person,0.5869565217391305,0.8294469757884392,0.7686886483765416,0.8921423276501111
2009_005087_bicycle,0.1969473825143928,0.6630418365805769,0.24687729610580456,0.8404803784800146
2009_005087_person,0.6576186729609231,0.8450572805971697,0.7761282660332541,0.9183315621679065
2009_005089_sheep,0.5408866995073892,0.6571238348868176,0.8713978494623655,0.9339923469387755
2009_005137_bird,0.8905600182305019,0.7695194847319401,0.9285502344074535,0.8805739058629232
2009_005148_train,0.0524871658700655,0.16037599942375566,0.09757038179714617,0.16694373960976464
2009_005156_bicycle,0.15227546880140366,0.5970302577512141,0.16773342922210235,0.6923969917728015
2009_005158_cat,0.9326366603582106,0.8141013858765578,0.9496461241502784,0.8689890761665228
2009_005189_aeroplane,0.7245585874799358,0.8533839551006933,0.8013249700472197,0.9049753778230599
2009_005190_bottle,0.2782916748671521,0.27270795708063317,0.5360755869440733,0.40630126138356243
2009_005217_horse,0.7176248354290293,0.6318926059042177,0.7763822664096581,0.6975980354539176
2009_005217_person,0.8098648492549382,0.6348731961403808,0.8827091830428871,0.7368195660449182
2009_005219_cat,0.671377949585246,0.3308630427744001,0.8132147087977177,0.5929123746550452
2009_005220_train,0.9155857825277306,0.6897879494549596,0.945719277810134,0.8082583566704403
2009_005231_bus,0.8968259923463645,0.844853450265405,0.9084784634128861,0.8467435192228919
2009_005260_bird,0.7715679955805175,0.6177857935627081,0.8757105694190191,0.7737847325519129
2009_005302_bottle,0.08721007289595759,0.2731315659827171,0.09223820588465656,0.1892099173553719
2010_000003_dog,0.5065761784511784,0.4712418694290532,0.9526486118208142,0.9612389686797024
2010_000038_horse,0.8609494771648809,0.8345667855974324,0.8813341591539926,0.8594077128382158
2010_000038_person,0.800603915035402,0.8260709978501389,0.8835078534031413,0.8986719930900453
2010_000083_bicycle,0.27288494893042975,0.7368010149311994,0.35134497404436055,0.927817993795243
2010_000083_person,0.667900403768506,0.515617537491642,0.7322983718288527,0.5187372708757637
2010_000084_person,0.5309265337036102,0.654225167873027,0.7401026392961877,0.8926533938758877
2010_000087_motorbike,0.6330144012625765,0.2354354183282063,0.8166576670310421,0.5957146438325439
2010_000087_person,0.5317513690075896,0.516470090691227,0.8464393412201345,0.7948491537895511
2010_000110_dog,0.8992525445292621,0.5723030795177713,0.9231076333439796,0.6565910120977583
2010_000110_person,0.7171462960936645,0.5130798744332055,0.9493119948095483,0.8428536830086842
2010_000159_dog,0.9364272175515299,0.30701859628074385,0.9646637180614375,0.565965161574834
2010_000160_car,0.7918815819503766,0.31169387405467586,0.9129907847382851,0.6608381719267307
2010_000163_cat,0.8824725390790029,0.6770012997935622,0.9556732139364644,0.8718273280810109
2010_000174_diningtable,0.3322764743183259,0.20480499466550756,0.7174177831912302,0.4987675346210729
2010_000174_person,0.9057327518259681,0.7673135852911134,0.9495561968075392,0.865390166458193
2010_000216_dog,0.8826143981346546,0.677617544159058,0.8956941878641467,0.7371801109273134
2010_000238_aeroplane,0.5021779548472776,0.4174340597524897,0.8706958824945822,0.6657681940700808
2010_000238_person,0.7349697616506581,0.8832116788321168,0.8197313013835974,0.8570785070785071
2010_000241_bird,0.8440607844697271,0.7939751363623778,0.9056192268217584,0.8873366381252816
2010_000256_person,0.8100358422939068,0.6626555170303896,0.8964497041420119,0.7873803827751196
2010_000256_sofa,0.39179128020695314,0.38328479169304797,0.5611603494877113,0.45257181906589217
2010_000272_boat,0.8899814826639423,0.8151113416096722,0.9128453802844404,0.8712492448143921
2010_000284_sofa,0.6877376263058743,0.468466809106314,0.9198261289543589,0.7539149888143176
2010_000309_sheep,0.574069569447823,0.6764218990185645,0.5907127429805615,0.6801209724322438
2010_000330_pottedplant,0.6884820565770489,0.300512864592287,0.7520048903314073,0.5492597360798198
2010_000335_bird,0.5766536964980544,0.6945962355798422,0.6154485049833887,0.708359133126935
2010_000342_bicycle,0.19483965414703325,0.39410573901811996,0.26479946412124256,0.7260727122363942
2010_000372_car,0.929793421201707,0.682223598637349,0.8887100300085454,0.7718438340311107
2010_000422_dog,0.8346083058932529,0.55718814561516,0.9382987769802166,0.8052322544246401
2010_000426_bottle,0.06992421572083186,0.024832913114819707,0.14154035953471977,0.03505849539009839
2010_000427_cow,0.8283312963046792,0.6174108423367435,0.8964838947627244,0.7319531739712335
2010_000530_car,0.27509495387954425,0.3781884901100868,0.8938182279766438,0.7576089793787523
2010_000530_person,0.9520274705852648,0.7976907216494845,0.9615404338239064,0.8168429617575265
2010_000552_cat,0.9218873653439281,0.5698774651972158,0.9685374440304885,0.8045400192107894
2010_000559_person,0.902861156167957,0.6192580688362127,0.9242877904431721,0.8559765239119066
2010_000572_aeroplane,0.7989111548708444,0.7212728344136712,0.741764988521702,0.6656280799923696
2010_000573_bus,0.912584767866458,0.589250021725906,0.9372777623560825,0.6584152716052225
2010_000573_person,0.23914302258251302,0.4136323547940028,0.26846499678869623,0.4188331882074885
2010_000622_aeroplane,0.7984950604745638,0.7316252415539415,0.9244629859755015,0.8843421636821075
2010_000628_car,0.8865723236469698,0.842515923566879,0.9726758110167646,0.9609972846210812
2010_000639_dog,0.6695140993845872,0.6048947003008562,0.9217629878750332,0.89417337139891
2010_000639_pottedplant,0.8473617365200323,0.6725355900598845,0.8997302685586959,0.7915088032092712
2010_000666_horse,0.7727864583333334,0.841673951048951,0.8381673461463793,0.9031170065871381
2010_000666_person,0.7224965435512541,0.7643258662639483,0.7791692757253184,0.8132351696708132
2010_000679_boat,0.2494365138993238,0.6192191053828658,0.3700993204391009,0.8022933234695765
2010_000679_person,0.6068627450980392,0.8158798283261802,0.6018264840182649,0.8685631229235881
2010_000682_bus,0.9305183326680733,0.7280590625136516,0.9820158445613832,0.9341790965550189
2010_000683_cat,0.884526878135647,0.36947677614941177,0.962128556562575,0.6438873392747806
2010_000724_cat,0.7108485193621867,0.42744631844862174,0.900695792114356,0.7547137272936307
2010_000738_person,0.9225934878430258,0.8338609631173912,0.9374455689360041,0.877773010625142
2010_000764_train,0.08968687282850299,0.05203519222210811,0.1622741695266464,0.037698951599760985
2010_000788_dog,0.8746153259238536,0.6788069720880933,0.9026708684196931,0.7529884198729921
2010_000814_bird,0.9009886876215495,0.4516216629045671,0.9577758831759356,0.6829241656473878
2010_000836_bird,0.6525767226404169,0.8612295849370644,0.7347005208333334,0.9044655530079703
2010_000874_horse,0.8595284754198877,0.6532625066804865,0.8918979942549642,0.7276151233723382
2010_000904_dog,0.8649045823805306,0.2117760201628281,0.9631214835451313,0.5994883869654952
2010_000906_boat,0.5615421842232619,0.5306968528065179,0.6400220507166483,0.6259428571428571
2010_000907_cow,0.9407741039294509,0.8157453510822071,0.9664943976374533,0.9075513603553581
2010_000929_motorbike,0.38068965517241377,0.88,0.455188679245283,0.9295986263146598
2010_000941_cat,0.8738046740161398,0.5393973653165552,0.8947343264558273,0.6947112424578253
2010_000952_car,0.9124422589777976,0.6600973181949474,0.9630814559090504,0.8654836542767578
2010_000961_bird,0.7707286069220547,0.5352419539790536,0.911061186731862,0.8187637161667886
2010_001000_cow,0.7229591479496176,0.44517008201990077,0.7217437896518788,0.4058576466096175
2010_001010_cow,0.9162846540056756,0.9159592317131194,0.9113725928617346,0.8990511467424396
2010_001011_sheep,0.7833125276849354,0.7530282451423345,0.7996647108130763,0.7867414843221295
2010_001016_bird,0.7935045598362181,0.6242335766423358,0.8838492185105731,0.8905845252843789
2010_001017_aeroplane,0.7967137561366596,0.9237346239161122,0.8975475103514173,0.9619593962325562
2010_001024_aeroplane,0.8372313710060062,0.5343973170841256,0.8932390280220274,0.816252375522615
2010_001024_person,0.6405401827088574,0.7085002043318349,0.5748549323017408,0.6247686422901328
2010_001036_boat,0.4944563314530247,0.5483458437586878,0.8257491675915649,0.8696087084436599
2010_001036_person,0.5111045306485046,0.7867902665121669,0.5279688902183667,0.8109585558098144
2010_001061_bird,0.8734996841440303,0.6882514437186406,0.9231372139199499,0.81062344383147
2010_001069_bird,0.8320786281890422,0.8365700055075309,0.8530874724650039,0.8571114959631193
2010_001070_cat,0.7162162162162162,0.5889043888829274,0.7465483234714004,0.6381695440460381
2010_001079_sheep,0.8120457346878055,0.8215860589053694,0.8899450879054959,0.9030084991307707
2010_001104_train,0.8545808966861599,0.7560293212467125,0.9293737236215113,0.8722733069333513
2010_001124_dog,0.9276229923739874,0.761401201436036,0.934045280723101,0.7581145000815528
2010_001149_sofa,0.8697557089750398,0.617241879350348,0.9393224154834962,0.7929829466032988
2010_001151_train,0.8148183972529864,0.7627538219650085,0.9120484206544354,0.8993614499292624
2010_001174_aeroplane,0.9345722579543514,0.8791717825650184,0.9532807790401113,0.9163135894446498
2010_001206_bus,0.9629044083951975,0.8517235759106837,0.9742210215435335,0.9043737658081593
2010_001246_bicycle,0.37374429223744293,0.6121010377912669,0.4011185682326622,0.6210979547900969
2010_001246_person,0.4310474755086662,0.6106120743680802,0.6082830025884383,0.8665151945470037
2010_001246_pottedplant,0.7510984182776801,0.8395614576899321,0.6982738780207135,0.8171947884831913
2010_001251_motorbike,0.8608373880688556,0.5558152458158996,0.9129291326602693,0.614477332094037
2010_001256_sheep,0.5611342882982758,0.5156308186825033,0.8211107701749003,0.5380409722679665
2010_001264_dog,0.9648786268818608,0.7709689132195626,0.9695257991238033,0.7846913180678048
2010_001292_cat,0.8524792393789866,0.4300473348425602,0.9511422602601254,0.667272677189213
2010_001313_motorbike,0.5360795454545455,0.6711911505370598,0.6765913757700205,0.8252979251103987
2010_001313_person,0.2964199029126214,0.46177912191052245,0.5094779819189268,0.5381100726895119
2010_001331_cat,0.8678909503975767,0.6189449832822128,0.9070802533283661,0.6987484930248579
2010_001351_cat,0.83061846803409,0.5499529679687113,0.972668908590645,0.8834183673469388
2010_001367_bicycle,0.3490586085256492,0.4745480077233632,0.424445094678761,0.5751700997297046
2010_001367_person,0.8576205638184964,0.5911411279712306,0.9610451894367178,0.9025458272191554
2010_001376_dog,0.9007282235235646,0.5794246945204057,0.9131627668354487,0.629583614355188
2010_001403_bus,0.8623446975299512,0.49796507811474333,0.933956242194366,0.6671362642700995
2010_001448_aeroplane,0.8231202510112274,0.8570798119993822,0.8538898687046835,0.887512599395229
2010_001522_sheep,0.45015628117310635,0.452212389380531,0.7968948292156068,0.6358539105960993
2010_001534_cat,0.816522985185014,0.5902212047333056,0.9438215664680828,0.8055119787732652
2010_001553_car,0.021592180129358558,0.002011165435694719,0.11486650780528133,0.02413885718122608
2010_001557_sheep,0.8686279753944905,0.8073331104424384,0.900259247902322,0.8532031557272748
2010_001563_dog,0.5832693783576363,0.8643948296122209,0.543004359889021,0.6224195594510437
2010_001563_person,0.8285181733457595,0.8223722842043453,0.8632513661202186,0.8894037219901253
2010_001577_sheep,0.8869477881088977,0.677784178187404,0.9524753088330908,0.8231497510204954
2010_001579_person,0.89113821879109,0.7356188822990501,0.8760372940997188,0.7264642534565414
2010_001646_bus,0.9293756125990092,0.782355596740086,0.9816412267189469,0.9045128993085674
2010_001656_cat,0.900297022863853,0.5732337870110599,0.9624891042593112,0.8328339235449015
2010_001692_cow,0.45697293360844765,0.31342018853934966,0.7719086219602064,0.6197383897066686
2010_001692_person,0.6933482080602427,0.5596516829740915,0.912664730846549,0.8633879781420765
2010_001699_person,0.6885535003896157,0.7020845585832843,0.7516663340650569,0.7630766229966516
2010_001699_pottedplant,0.412691060676239,0.6165978474243552,0.507251153592617,0.7321367194958947
2010_001734_person,0.8291469783635912,0.8619586942038641,0.8462705436156763,0.8772022784474764
2010_001734_train,0.8093101020767336,0.6937672947687442,0.9099008236678433,0.8410307386450527
2010_001767_person,0.7653317801485943,0.6214423418395819,0.933322936701842,0.9075152295280717
2010_001767_sofa,0.2918763479511143,0.18118953478590055,0.4068503304713077,0.2529332007592877
2010_001768_dog,0.4400966183574879,0.5850605376564745,0.7688461538461538,0.9188977916748094
2010_001768_person,0.6568144499178982,0.7458572600492207,0.7810126582278482,0.9351014667470363
2010_001773_pottedplant,0.5472339247824349,0.5718878349305692,0.5897337756230331,0.6670482420278004
2010_001820_bird,0.6317676586590175,0.7651155079031723,0.7726537216828478,0.9200724262803932
2010_001830_bottle,0.43412291751513027,0.1660451564167436,0.44041889856042854,0.2500479590749227
2010_001851_chair,0.1703493580173186,0.34991155539100743,0.25190383753919665,0.23777805705667965
2010_001851_pottedplant,0.4011001872659176,0.6463078291814947,0.5084445874215859,0.7960931542206839
2010_001908_dog,0.8516264218718819,0.8055841256302837,0.9317318035138042,0.9266917810102565
2010_001913_cat,0.8380261660978384,0.7588344699318041,0.7983455383780852,0.7341813840517064
2010_001951_train,0.9074154948030395,0.7093830749354005,0.9572398888545848,0.8712623429604561
2010_001956_dog,0.9071403014446084,0.614208546348992,0.9623236911307674,0.7924329009018769
2010_001962_sofa,0.7537178596247394,0.4194284285691964,0.9688162964887215,0.8438674033149172
2010_001995_bird,0.9640356149448583,0.7247427502338635,0.9780856137163619,0.7759192748417992
2010_002017_person,0.569335633679328,0.43074102575709566,0.9183425270381792,0.8634602233872806
2010_002025_cat,0.9326920690083158,0.6886610194679744,0.9698086279597794,0.7952266115449396
2010_002030_bicycle,0.23085796683489546,0.5391308568862784,0.2874443070521502,0.6955028399599065
2010_002106_sheep,0.6158309455587393,0.25704712140028585,0.9193245317777096,0.7737897935225467
2010_002137_cat,0.8249496981891348,0.7831555484795415,0.9188011618695537,0.9057660626029654
2010_002137_person,0.8792836464014004,0.7793904208998549,0.91619644723093,0.8573520601743992
2010_002137_pottedplant,0.33794498057902533,0.5615133267398625,0.3719567963067811,0.5794416020314523
2010_002137_sofa,0.09557193234368731,0.20716804927723412,0.9267837518402554,0.7229742316050916
2010_002142_bird,0.7122376183289889,0.5993519172448174,0.8815625970798384,0.8622970238389023
2010_002146_cat,0.8193384223918575,0.6464057999158495,0.9558615319269432,0.8827508906769145
2010_002147_aeroplane,0.8697004969333393,0.8238970175504248,0.9186425467598716,0.8967226712447677
2010_002150_boat,0.7177533163985323,0.5100761539657048,0.8746828305610375,0.8154630039875942
2010_002161_horse,0.8194741115483105,0.3860759493670886,0.9343061424414779,0.6633761745328869
2010_002161_person,0.4208812875418405,0.4405445347581424,0.8199760500288287,0.7772340425531915
2010_002200_aeroplane,0.9041964214073658,0.8988822234689914,0.9134807247186527,0.9140560860735427
2010_002228_dog,0.9127631711493905,0.750364398287328,0.9491464564101797,0.8578000433536453
2010_002232_sheep,0.8412371134020619,0.8202548330404218,0.8852166285517371,0.8919286207587943
2010_002251_motorbike,0.718918563346928,0.5227349275850455,0.7487775868904454,0.574178757066102
2010_002251_person,0.6720897269982129,0.630492654550235,0.8737894022577263,0.8549141382019529
2010_002271_motorbike,0.9044472796865032,0.7428256252366762,0.9527636150879414,0.8578469474279253
2010_002305_cat,0.15848106170686815,0.12441761434797856,0.41249939721271156,0.2898886605820232
2010_002310_aeroplane,0.87513353115727,0.8897703840911474,0.921746190357232,0.9283561983764047
2010_002336_chair,0.1736550704250753,0.42443066608844454,0.1528756283182268,0.21710936360381386
2010_002348_cat,0.7735126469540434,0.5286087984171879,0.9751704545454546,0.8982593573761966
2010_002361_car,0.8609870977361833,0.42621639908962294,0.9358952266069275,0.6566011486462383
2010_002390_cow,0.7905533137019668,0.22369596176591278,0.963143215884974,0.5803706845582376
2010_002396_motorbike,0.07711522449241016,0.24645726148569366,0.10053079235147407,0.2390344827586207
2010_002396_person,0.6936207326189883,0.7176264506240421,0.8652962270821759,0.8821966807816732
2010_002422_cat,0.8038335370167878,0.5289508761663253,0.9639952299412916,0.8859283930058285
2010_002450_bird,0.32091561938958707,0.32954664983696225,0.8775110240078393,0.9448594806118819
2010_002480_dog,0.9781575826961606,0.8147296498258985,0.9854091704354141,0.8012710828648252
2010_002512_cat,0.959696853281179,0.86380731037397,0.9505643418299085,0.8776925410653145
2010_002531_cat,0.9287784339457568,0.8604342730244895,0.9552739165985282,0.9096626104455554
2010_002531_sofa,0.9271347120542491,0.5119242982886127,0.979077814436308,0.7099683312011074
2010_002536_bicycle,0.12291513963889844,0.432291444875016,0.17039222203756024,0.7351147900723601
2010_002538_chair,0.5941330998248686,0.5322277679386036,0.7861975642760487,0.8904957191164832
2010_002546_bus,0.9172123937054052,0.7380195820093518,0.9337272870009563,0.808118858828798
2010_002623_person,0.6550357088004914,0.26638888258134835,0.9441042418141655,0.5994729381700573
2010_002682_train,0.7899039312553304,0.4667941791221359,0.9151302530417258,0.7326644148619114
2010_002691_horse,0.929298390257748,0.7829907718120805,0.967635438653461,0.8748033415320525
2010_002693_bicycle,0.3395327942497754,0.5422508684551961,0.3661718398560504,0.6475252589845248
2010_002693_cat,0.7906751163993792,0.6578725294248279,0.9006660874601795,0.8941732938302407
2010_002693_chair,0.26036992949363613,0.18961297231145785,0.796811696318478,0.6529918404351768
2010_002763_person,0.5882219061166429,0.5005682418860344,0.7847622344766191,0.769575915472572
2010_002792_person,0.8875316139910191,0.682578806928678,0.9401328439084076,0.8194340656603397
2010_002868_bus,0.9678051463636832,0.7628909022587783,0.9751284201698291,0.8533376192006857
2010_002900_cat,0.949324658048456,0.5861537793977263,0.974060129937206,0.691612007790289
2010_002902_car,0.9034828967308941,0.585532886289057,0.9754593470809687,0.9195830648098854
2010_002902_person,0.8235229155162893,0.76953125,0.8675387490381444,0.8731547709633237
2010_002921_chair,0.6688600471954983,0.6570582165562694,0.8827238951896754,0.8429181362539446
2010_002929_person,0.8538935527893801,0.7993395898505388,0.8393640841916704,0.8421071289304832
2010_002939_aeroplane,0.47537959882744313,0.5118707357551171,0.7257628163419061,0.6873317361128264
2010_002988_car,0.8814053603666158,0.6945419725502713,0.9211732605729878,0.7734236043375983
2010_003014_person,0.806163096580233,0.6509935863736726,0.7730074077690046,0.7845841258862182
2010_003060_dog,0.5609059038715578,0.3660705322185093,0.5808227188366003,0.458951920457641
2010_003123_car,0.7804592314901593,0.8352691534509716,0.9196850393700787,0.9352416705771938
2010_003127_aeroplane,0.7110990795885219,0.8908929055230871,0.655836483931947,0.7840171942164909
2010_003132_aeroplane,0.6021573873529537,0.7030888030888031,0.6610021023125437,0.6693412279002849
2010_003168_bird,0.8652735182939876,0.8908625032571875,0.9040811791719132,0.9075619295958279
2010_003183_cow,0.6470064003888844,0.7307384590767262,0.6321213136729222,0.6691877954447787
2010_003187_dog,0.9344708658558722,0.6571698545412896,0.9774932239025256,0.7903698658532974
2010_003207_motorbike,0.6681930257132793,0.5208503927455798,0.8652029325069912,0.6880446366998935
2010_003231_car,0.882924618560854,0.7371958723847392,0.9064355718630811,0.8191218130311615
2010_003239_cow,0.8090450318064928,0.6747622902677906,0.6867224321684854,0.690921494891677
2010_003239_person,0.29690701531856767,0.5107706224910952,0.571211977636691,0.6663698737757293
2010_003275_cat,0.7854703423403732,0.6351776103336921,0.9325815738963532,0.8178192737168059
2010_003276_car,0.9063772422141521,0.6461655959387215,0.9534495600121375,0.8159458481889112
2010_003293_bus,0.8596983464600573,0.520038762372811,0.9325694206909418,0.7415536235167511
2010_003302_chair,0.5129787052568732,0.47181455717678994,0.7517436267436267,0.6900718230611663
2010_003302_pottedplant,0.7148558453175532,0.5604272587340827,0.7663043478260869,0.6960916442048517
2010_003325_chair,0.35883357414948114,0.5506824465672865,0.6783431123565986,0.7893024538185829
2010_003325_diningtable,0.1961886147080381,0.29875904174132323,0.964727991133812,0.6906831537708129
2010_003325_person,0.9469463704228784,0.8152644986270553,0.972145462584282,0.8862430215728169
2010_003362_bird,0.7398102347920283,0.4278835502119552,0.9058863241818299,0.8164410879480031
2010_003365_aeroplane,0.6158536585365854,0.3857601977750309,0.9358821186778176,0.8863087248322148
2010_003381_car,0.8200801857610014,0.20535001130284078,0.8568621523579202,0.3703026758297997
2010_003381_person,0.3622335025380711,0.4138356534145683,0.15713682432432433,0.22170518486789587
2010_003402_cat,0.814070780418626,0.5275016652149408,0.9420029487926057,0.8039287146033018
2010_003409_person,0.6616598778004074,0.7013981995786248,0.7524372536818088,0.8660796184186388
2010_003418_bird,0.6178580062857604,0.7279718743133378,0.95747062115277,0.9618461846184618
2010_003446_bicycle,0.15131200919364107,0.6138571775564732,0.24462659380692167,0.7075732117138742
2010_003446_car,0.6272557030983997,0.7063306247991553,0.7732591440962278,0.793511699449986
2010_003446_person,0.7014396456256922,0.808868501529052,0.7514567458538772,0.8794159208666981
2010_003453_car,0.90475367516013,0.6529503271037995,0.9397154335814224,0.7837607029687395
2010_003468_bottle,0.6420027743607193,0.4270046708780016,0.9373227453204764,0.8491229411090304
2010_003468_cat,0.8966465553528834,0.7733536504571353,0.9516176127073114,0.91017900646118
2010_003473_bird,0.7127686209054872,0.4289615585319186,0.9535289370232486,0.9201913700633837
2010_003495_aeroplane,0.8913210912481252,0.8864494337373336,0.9363701790779391,0.9445630081300813
2010_003506_dog,0.80173104664209,0.5537023186237846,0.8623364119388083,0.6844978783592645
2010_003514_train,0.8633230718936442,0.6845802398629355,0.9746907139663139,0.9068152170080739
2010_003531_chair,0.7926131850675139,0.6646354690488868,0.7386384266263237,0.6063398022019033
2010_003532_horse,0.8014495310739831,0.6430741112569826,0.6127832362660977,0.5412700930626058
2010_003541_sheep,0.7627455904796863,0.5125613689118959,0.9090738376023436,0.69961135854302
2010_003547_boat,0.7840283538194707,0.5038228604313393,0.8010976532929599,0.5407850489539624
2010_003597_person,0.7256509739610416,0.5342407686510927,0.5354890933878664,0.5938881974419405
2010_003597_pottedplant,0.23400625533124822,0.5171525062211162,0.26857438372694364,0.6073489803770681
2010_003597_sofa,0.4412999583346688,0.4574072434251306,0.5259261506720471,0.54884464273823
2010_003675_cat,0.5978295866994497,0.2214054256715139,0.7985056012840117,0.47134188978864505
2010_003708_train,0.39168638053396415,0.37505321413367393,0.609617373319545,0.5777712002367915
2010_003716_aeroplane,0.9156143440626522,0.8871226527216544,0.9497635475618265,0.9363572754099359
2010_003746_car,0.17206512425021422,0.34473563218390807,0.7852359954270782,0.6615800865800866
2010_003746_dog,0.8471209751202669,0.50155506896696,0.9485787395004728,0.8403100165237234
2010_003746_person,0.21792484766418416,0.22291151151848884,0.7645656447362917,0.44262373628479706
2010_003758_cat,0.5334890430720616,0.40248908581481724,0.9615616621983915,0.8906922822126532
2010_003764_cat,0.7781619270224646,0.4969001063868814,0.7670544558416412,0.4686457254631228
2010_003768_car,0.39782228271436904,0.5574278674191241,0.7289737654320988,0.6995636119503189
2010_003771_bird,0.8411867364746946,0.7093114726949034,0.9222406764306206,0.8353296069559045
2010_003772_bus,0.9169817120024589,0.7758986928104575,0.95597903763697,0.8611810681719496
2010_003781_bottle,0.4408682634730539,0.3954651550516839,0.7897696839850027,0.7789227166276347
2010_003781_cat,0.913075660541306,0.7994970186184237,0.9589759199134199,0.8962170982008674
2010_003781_pottedplant,0.5016302984700276,0.4510178117048346,0.45934445083381253,0.45790946951594186
2010_003813_car,0.8436876955541003,0.49960088993053786,0.9602420051858254,0.7656793985569403
2010_003854_car,0.9716721730789726,0.6847829735808519,0.9863991223865972,0.8115743384732533
2010_003854_person,0.7798569069895432,0.8752752752752753,0.8495726495726496,0.9316445516686771
2010_003912_bicycle,0.42302812190001615,0.6135975026275746,0.45070490653640605,0.638133483254357
2010_003915_aeroplane,0.7139134966128192,0.8659465715112354,0.9161078071618373,0.9566680889394585
2010_003947_motorbike,0.5077990984162445,0.5393330327666196,0.5725973208666727,0.6737941322725013
2010_003956_train,0.8075556088015654,0.5008955635161202,0.9272163612807699,0.8456925954450435
2010_003971_cat,0.8632390154129285,0.7808715083798883,0.9162952561206423,0.8708768112358439
2010_003971_chair,0.4976080103838309,0.3509039939523749,0.5152273349231792,0.3043400702830946
2010_004041_boat,0.7556425145165362,0.5989268947015426,0.9000804601126442,0.8254367818956708
2010_004042_motorbike,0.7173851921274602,0.6623285796819411,0.778575398295665,0.8067596141139157
2010_004063_aeroplane,0.18654141104294478,0.3716922748612889,0.4425225225225225,0.5306598769361341
2010_004104_cat,0.9703135817896283,0.8491934420465035,0.9750571535810557,0.8006686833306799
2010_004120_cat,0.898918001268127,0.7464200052245363,0.9521893388715819,0.8849206349206349
2010_004149_train,0.7054923637293118,0.13300667222685572,0.9024867328888284,0.36516476126429054
2010_004165_dog,0.6908304235615607,0.688689390751391,0.8587360594795539,0.8762681727852735
2010_004165_person,0.8259151183836294,0.7428661318231871,0.9331083481349911,0.8686920370962584
2010_004208_boat,0.6874325782092773,0.8152298850574713,0.9370516761821109,0.953940238427001
2010_004208_person,0.0,0.0,0.0,0.0
2010_004219_motorbike,0.7571653434348676,0.3766273903805293,0.8490566037735849,0.5827319615265014
2010_004219_person,0.2538458167156068,0.2891920569956041,0.3295053003533569,0.3802562559119443
2010_004226_sheep,0.8841133816743573,0.7882851437570012,0.8446673706441394,0.8022194653569669
2010_004314_aeroplane,0.6454622235872236,0.6913953598261116,0.7072391619995851,0.769843244588206
2010_004320_cat,0.36525376299743734,0.24207671445176288,0.564115344582411,0.45664511568925015
2010_004322_cow,0.04231875108546728,0.12945080869269676,0.09625751106130571,0.08113901398202591
2010_004337_car,0.6495495495495496,0.7823228634039445,0.657298277425204,0.8743199129488575
2010_004337_person,0.7821535393818544,0.7993762993762994,0.7943971985992997,0.839317057603319
2010_004348_bus,0.9067003764506716,0.48808638272345534,0.9499072151283524,0.6121930803571428
2010_004355_motorbike,0.9154243889336556,0.6781696658097687,0.9482493266641016,0.7967963386727689
2010_004369_cat,0.9018116418302841,0.3616651667050378,0.9738105094305451,0.6963785463250649
2010_004382_pottedplant,0.5882706640750632,0.5593380339141075,0.6960938782209093,0.7177828930541854
2010_004419_aeroplane,0.9009436990434615,0.8488470459817165,0.9294884521209715,0.8867004680187207
2010_004432_person,0.5595612843367905,0.5062114449782529,0.7358253315043438,0.7321979302309642
2010_004472_car,0.06019467213114754,0.1634072004571719,0.18680804615624513,0.24564078764171585
2010_004472_person,0.5493409205503134,0.34704076814103574,0.6931587947063641,0.6066219784684136
2010_004479_cat,0.45411415863602667,0.486244019138756,0.666739814205252,0.6290405999482803
2010_004479_person,0.7861112156449529,0.6153194044612423,0.8646449013355392,0.7684167608739969
2010_004519_horse,0.9284658685219933,0.756069485140226,0.9611854092893732,0.8721889885897862
2010_004550_dog,0.6859014866797486,0.2845009832841691,0.8875268233727154,0.6085456942003515
2010_004551_bottle,0.926994289669493,0.6505892970906775,0.967691515248397,0.8833586375338306
2010_004556_bird,0.7799247827778498,0.5935520420250296,0.9066381156316916,0.90998690998691
2010_004559_bird,0.8963341787009285,0.8207160728915263,0.905226143350459,0.8511688193560124
2010_004559_person,0.9118852459016393,0.8886716931955692,0.9137710962983974,0.870803846851751
2010_004628_dog,0.7455089820359282,0.786942353073379,0.8833781728857176,0.9246018671059857
2010_004635_cow,0.8326017279821628,0.606847390603049,0.8983483483483483,0.8425499497905052
2010_004662_boat,0.6966793358671735,0.42180261416280607,0.5859805390801444,0.33259738801781236
2010_004697_motorbike,0.366202319305667,0.33873379860418745,0.648405092261479,0.4753943642982338
2010_004697_person,0.7389559360089812,0.562238686968866,0.7927559912854031,0.5918780999618466
2010_004757_pottedplant,0.729490842566137,0.6004062060961456,0.8346566635406898,0.7528476381575969
2010_004757_sofa,0.1519869278079114,0.10962798766383963,0.2659068897948152,0.1689450870758419
2010_004763_chair,0.4956850680999097,0.49053615922668187,0.582748465582253,0.44020582142413917
2010_004772_boat,0.5911959517834369,0.378653396219408,0.7625433080970101,0.5609674385042587
2010_004783_chair,0.38664099442194977,0.3913255086950825,0.3994007898679014,0.4934659354958639
2010_004789_cow,0.8706914344685243,0.7990043015918074,0.8857740364252435,0.7867210514389305
2010_004795_dog,0.6943893454236327,0.8426517011574886,0.894890308247709,0.9330887114180876
2010_004815_cat,0.8643620666027134,0.6973975425475082,0.9425609797817386,0.8654714417218253
2010_004815_person,0.8812725132850673,0.7214640198511166,0.9552786700081183,0.7925412293853074
2010_004825_chair,0.17810398924249216,0.20254212806933078,0.5715826783787948,0.3605612101970305
2010_004825_pottedplant,0.2512862171676144,0.4819010096035459,0.11500339443312967,0.24148828334625247
2010_004828_bottle,0.6222492784992785,0.5004296059899349,0.822671899689077,0.8154329328415441
2010_004828_person,0.6,0.42307868777242486,0.4276935895433005,0.38044415253889413
2010_004856_horse,0.8288259691890977,0.5181997456643137,0.9188082071300345,0.6621311692321263
2010_004861_cat,0.9314401456717883,0.8066332578941696,0.9594823795464539,0.8713683618994099
2010_004941_motorbike,0.7953650353730581,0.6038688297175446,0.8717656468706259,0.7764013246657672
2010_004946_car,0.10275577967967613,0.18578765186308002,0.27400663720740387,0.21289188397304423
2010_004951_train,0.9651714758120433,0.023332165995447383,0.9390837889438515,0.23213916400487167
2010_004980_train,0.5406082556062711,0.23031505996736698,0.9457146301281794,0.8499644206032076
2010_004994_bird,0.7413657264822587,0.608710208782526,0.9287954887490707,0.8170788770053476
2010_005013_car,0.6441840525864533,0.5744223535733477,0.9333515432941819,0.9202685690306337
2010_005021_cat,0.9606900517538816,0.7712643393374793,0.9769994833982999,0.8797209399916072
2010_005021_chair,0.48403155395573255,0.5137587533287307,0.7036855461991003,0.6998703971944804
2010_005046_person,0.7303115958342714,0.4253722794959908,0.8938625521124339,0.7928429595096261
2010_005063_bus,0.8889474454691846,0.7980081580759655,0.9496183206106871,0.8750897962702221
2010_005108_cat,0.6503979210654539,0.3601968503937008,0.777958529597436,0.454359402735721
2010_005118_bus,0.9099079385423342,0.721270852692597,0.9375484933415673,0.7939777387229057
2010_005118_person,0.7803075455954226,0.7813160586430277,0.6982702562101704,0.9070054945054945
2010_005159_dog,0.8155266175872147,0.36949049737161344,0.9300898088861329,0.7577618763665275
2010_005160_bus,0.4847114721434593,0.3620918809592603,0.6822085889570552,0.5423514538558787
2010_005160_motorbike,0.773475057374079,0.7133394393379346,0.8101986587371884,0.7701950319562496
2010_005166_person,0.6718357609241588,0.5976795292014303,0.7177347358615068,0.7312416042985991
2010_005174_horse,0.8344430556223259,0.641256254938109,0.9409317690561319,0.8622209583392578
2010_005180_sofa,0.40974967061923584,0.33177919760547975,0.7413477088948787,0.4393128067826863
2010_005187_pottedplant,0.0680592507370389,0.21204621997283368,0.09697315412314164,0.19874862665499712
2010_005206_dog,0.9450876700986873,0.5265960880511265,0.9611075910972108,0.7614088932734115
2010_005245_dog,0.48601558917927556,0.5368991198375085,0.8196657598134474,0.9193674856246733
2010_005245_person,0.7860319121109076,0.7600488450188256,0.8482795990246546,0.8276646335159723
2010_005252_boat,0.1725313190862196,0.1929437188762567,0.4355131698455949,0.3376565516558586
2010_005252_motorbike,0.07687342292119007,0.24578841585967476,0.13613914537255745,0.25899333017458176
2010_005252_person,0.6342342342342342,0.7006925132231856,0.8903313049357674,0.9062657589510842
2010_005284_bus,0.8738992358790165,0.5435616674569987,0.9664826801555941,0.8187080485251554
2010_005284_car,0.7376910016977929,0.8101604278074866,0.8810126582278481,0.9103375527426161
2010_005284_person,0.3739089033486748,0.5487088483661731,0.2739938080495356,0.3775872627066748
2010_005344_cat,0.8982184168990941,0.6460381269432492,0.9508177984021213,0.828401262429158
2010_005353_bird,0.7153693931398417,0.5423903858792601,0.7982520029133284,0.7548728540080031
2010_005366_motorbike,0.7143253910247039,0.4868990687138183,0.7627769571639587,0.5735602643449071
2010_005401_boat,0.5509815507845841,0.48890195338931347,0.7118698663230794,0.5335038178067816
2010_005421_cat,0.8200852463919839,0.8209917609129522,0.9104561970125151,0.9157012026922653
2010_005428_bird,0.8238789658823128,0.7975064108232381,0.888806797192464,0.8826286827147354
2010_005432_car,0.8489954229699562,0.5782795484064343,0.9829825848073888,0.9316352409306429
2010_005433_motorbike,0.2101963654104159,0.2848907640252308,0.42780917270985425,0.33210938254903855
2010_005496_bottle,0.3292319449751624,0.295511990629431,0.9648462255358807,0.9206918107939154
2010_005501_car,0.8897221180685747,0.6059831320344412,0.9613687699225264,0.8579052459611545
2010_005501_motorbike,0.7412697350816163,0.6048945667231029,0.8388620725069323,0.6749923934389954
2010_005508_cat,0.09349979210422509,0.18372377591374203,0.15775686945365122,0.20779545190960916
2010_005531_bird,0.5650543395071177,0.5674591156874621,0.4049492592391599,0.5937710771672288
2010_005534_aeroplane,0.8495580367527332,0.837252033073599,0.8993317393170254,0.8730038546255506
2010_005575_dog,0.7828903953446518,0.7212118805590851,0.905161992263056,0.870752678284059
2010_005582_person,0.7745792241420648,0.5617753651610474,0.9202388193488491,0.8019481234986887
2010_005606_cat,0.7473387248448373,0.5825825825825826,0.9102623927635594,0.8764101871242316
2010_005606_person,0.5784931890077256,0.5301780140048933,0.8567753215936056,0.8367406942783778
2010_005606_sofa,0.6741101335357956,0.5441298985575902,0.8916631951676735,0.792855876617621
2010_005626_person,0.8505245989053213,0.753075209625016,0.9234620886981402,0.8654802646589094
2010_005664_bicycle,0.26193199542476864,0.48952539189482047,0.3377019624159212,0.4499493890535753
2010_005705_boat,0.45420806895726085,0.59813674403916,0.5421844342707652,0.6611030712333172
2010_005706_train,0.8178107946989499,0.6979070592408656,0.8645321395552528,0.7870470777399693
2010_005709_person,0.6036823888422389,0.4510039024942028,0.7120184400398574,0.6300764383241918
2010_005718_aeroplane,0.5335592479230433,0.632193470652361,0.7189143100753161,0.8029930230206613
2010_005719_sheep,0.9271871134226313,0.47504601060950524,0.9566743763423096,0.7395242290748899
2010_005727_train,0.8588631815468876,0.7663480050454756,0.8677470494979743,0.7864828513786146
2010_005762_bottle,0.021955165241506817,0.060915716096324464,0.1147378376508039,0.14963701376097086
2010_005788_sheep,0.8648655403378986,0.7706508875739645,0.9127507919746568,0.8967534961480244
2010_005860_car,0.8991104542539249,0.633150377884422,0.9735811857484862,0.9265418719211823
2010_005860_pottedplant,0.22869360070775582,0.38165661282999286,0.3085549964054637,0.4002071599663365
2010_005871_person,0.7690607425645617,0.6860158800831108,0.652412686659262,0.7437648865179819
2010_005871_train,0.5953843386188995,0.16677067082683308,0.7611488652391333,0.3212923126877182
2010_005877_aeroplane,0.8886823319452707,0.8744438952051409,0.9267906906680726,0.9292912673275472
2010_005888_aeroplane,0.7517482517482518,0.8590762881592523,0.8235502121640735,0.948306916426513
2010_005899_cat,0.9583637449406144,0.8222265826199995,0.9809263072154218,0.8950142820046741
2010_005991_dog,0.4749360228812284,0.3574832715544216,0.8816799420709631,0.8417681343412776
2010_005991_person,0.7377905671544317,0.44731987966358505,0.8371748830122974,0.5772008936525994
2010_005991_sofa,0.22850340039065284,0.27025067200100017,0.29022236030358173,0.3850416965331562
2010_005992_dog,0.8288282119318668,0.7018035682455316,0.8453371979373799,0.7746764946764947
2010_006026_sheep,0.2870198486362987,0.34975685842737864,0.28783924843423797,0.5410834629341628
2010_006034_aeroplane,0.7796733589930303,0.6165194805194805,0.8796653796653797,0.8090160913892642
2010_006054_train,0.6040395824861055,0.6214416775884666,0.760587143580226,0.7708164157661316
2010_006070_bicycle,0.19555471923668685,0.4476658389813285,0.20642542333565297,0.5429021762173821
2011_000045_dog,0.8923338432772395,0.8195476729720246,0.9120454228786401,0.8568834117074753
2011_000051_person,0.8964719016269639,0.8159328476401647,0.917207846831993,0.8460746658472884
2011_000054_person,0.8564716687862088,0.6186834945829778,0.8916085638966222,0.7374420463629097
2011_000066_bottle,0.6020249996444874,0.1295867803522563,0.7755520009567518,0.2906968115368442
2011_000070_sofa,0.8348302984752536,0.39125836253583945,0.957071956577152,0.7021513265330273
2011_000112_bird,0.6536834857873512,0.4912035566846618,0.7996432155201249,0.8521611801073811
2011_000173_sofa,0.14460172977875677,0.11282112463214826,0.19180651210916028,0.13564594428995616
2011_000178_bus,0.5927710211326099,0.3880108245848645,0.7274579423450841,0.6339828757012105
2011_000178_person,0.6091219863260166,0.7963469394645329,0.7487840981179954,0.8130937392697722
2011_000185_bird,0.6871736662883088,0.28374100044558054,0.9818237856839405,0.752908833412013
2011_000226_chair,0.22973974141433454,0.3265664287281257,0.22977914289893228,0.2189138805164033
2011_000226_diningtable,0.40722724113968034,0.22701214028776978,0.4565249537892791,0.2861211258217954
2011_000234_boat,0.8690410511044361,0.745168587741032,0.9183309254695334,0.8241362138063506
2011_000239_bus,0.9599727474024868,0.7625987244307855,0.9747584261383971,0.8938993045055942
2011_000239_car,0.563076923076923,0.8298826040554963,0.5891647855530474,0.8608082103912764
2011_000248_bus,0.7578092316273881,0.47002910841988,0.9062356812596326,0.7721130708411561
2011_000248_person,0.4398382204246714,0.5664570591782238,0.4394781348151727,0.5115397574123989
2011_000283_train,0.8489926191901057,0.3697389903102008,0.9484623030814181,0.6342164423323183
2011_000312_bus,0.9081617019413863,0.7351477128803275,0.9572316005819458,0.8567059713727221
2011_000338_chair,0.29570334746567106,0.6624898291293735,0.32266408018105397,0.5941512414435579
2011_000396_horse,0.7092477675192977,0.7350970741044572,0.7153812762263059,0.7652052795649001
2011_000412_bicycle,0.23052926780593863,0.47557668137704234,0.26296354399218025,0.6270131479039284
2011_000419_cat,0.29828085891186934,0.32852297385552065,0.27430255753714233,0.36014145836841727
2011_000435_boat,0.7087115041501822,0.39194317407803836,0.7332101495664319,0.38707353965090874
2011_000435_person,0.6667873740117086,0.799345596038203,0.780713986891647,0.8452209414024976
2011_000436_sheep,0.7961956521739131,0.8264327485380117,0.7358091787439613,0.8486046858677809
2011_000438_person,0.866293566194484,0.6501556236451054,0.8986165274952517,0.7896123494050417
2011_000455_motorbike,0.6887958838888035,0.5017040645943411,0.7406597774244833,0.6742384990864716
2011_000455_person,0.819801325655434,0.6608909214092141,0.9250785600088208,0.8288049881278208
2011_000456_bird,0.818405243036592,0.7562911343399148,0.8246457489878543,0.856442351119427
2011_000479_person,0.8297886519421173,0.5629364673820474,0.5220525735872816,0.5667116894232184
2011_000482_bird,0.924854668099486,0.7340170546208804,0.9681478354418314,0.8705971087366436
2011_000503_car,0.7620642636945696,0.6267332985529531,0.7296440985573226,0.6217521834061135
2011_000512_motorbike,0.7518547028570791,0.4861528389894904,0.901776946772306,0.7310873979584883
2011_000521_train,0.8120879488638265,0.4484987535573253,0.8777968397291196,0.5905127569977706
2011_000526_horse,0.8947268793942672,0.564215784661359,0.9501104176668267,0.7462327590438326
2011_000536_dog,0.8596406955519262,0.7110110861048595,0.9137343197169507,0.8547867179920509
2011_000548_cow,0.7099018100082811,0.5885199535697353,0.6220664880303878,0.668661312958054
2011_000566_cow,0.6837859405002369,0.3310609839457592,0.6810641234784791,0.44488436783009483
2011_000566_person,0.26717816917378484,0.32293491864831037,0.3044971076693413,0.378908204102051
2011_000585_bicycle,0.31223880597014925,0.6712298520644734,0.4518254048074022,0.767673648155427
2011_000585_person,0.7143834055162982,0.697331381601171,0.8625038214613268,0.7910411425789174
2011_000607_chair,0.15781800510266067,0.23963022508038584,0.3017610661589719,0.32531847133757963
2011_000618_motorbike,0.5689501642767218,0.38457705677867904,0.8936175325611573,0.7613724325394683
2011_000618_person,0.8065156023498894,0.80257182871451,0.9054898712252428,0.9142940151074956
2011_000638_person,0.8282790755274849,0.6111957719992218,0.9087138994409701,0.8190339366119452
2011_000658_car,0.7323410696266398,0.7789010989010989,0.748771021992238,0.6841755949559116
2011_000661_cat,0.8733926805143423,0.8364374970304557,0.8949012006676358,0.8495082967587486
2011_000669_bird,0.6527536231884058,0.9276566017232011,0.854504048582996,0.9673921838336434
2011_000747_pottedplant,0.6136215334420881,0.7316636851520573,0.7407519708914494,0.9023853749144589
2011_000780_cat,0.879741452627998,0.6585973362975771,0.9268762657543405,0.7959780791380271
2011_000789_cat,0.9153706772089959,0.6794205439706097,0.9662728270050387,0.7452690437939452
2011_000807_aeroplane,0.6691495965238982,0.8213326168726491,0.8335714285714285,0.9439214081047892
2011_000809_person,0.6677162649567756,0.5253094424142403,0.779866199426569,0.7121597917727607
2011_000813_cat,0.8382137628111274,0.5530950697435238,0.935404515335476,0.7707509881422925
2011_000813_chair,0.040884306533161496,0.17330434901494332,0.0699108469539376,0.16917204851267442
2011_000830_bus,0.8302810401925478,0.31967387666940467,0.883154999659854,0.5689974726200505
2011_000843_person,0.8572467803064322,0.4000466236692828,0.8722685392335017,0.5252075471698113
2011_000874_aeroplane,0.8682421027248614,0.7927807920985087,0.9125037997770797,0.8686797256205361
2011_000888_bus,0.8638748349555402,0.5267384071959584,0.9087901410702646,0.6458617803814474
2011_000900_car,0.8659081204184755,0.463948044496029,0.8940385940730531,0.6819681878995094
2011_000953_diningtable,0.8044441758330312,0.42709664970211536,0.8256574168240592,0.49382411743762494
2011_000953_person,0.699318506576778,0.5520179584868078,0.6597102761430511,0.4554922810730904
2011_000969_bus,0.22297899093623932,0.353448607848423,0.9489739601625609,0.9147344801795063
2011_001005_sofa,0.9400438116100767,0.6635048815398749,0.9888912434892203,0.9234424637034314
2011_001014_dog,0.1258464423377435,0.3400910886300431,0.7358146413606113,0.7478192478192478
2011_001020_sheep,0.7255163224516988,0.7257297534567269,0.6020982599795291,0.7223471682682479
2011_001047_cow,0.7723766698394985,0.7176102903192478,0.8692759729460029,0.8437997474886095
2011_001060_person,0.6167995508141494,0.7174876811488873,0.39766959217863124,0.4777756968505166
2011_001064_bus,0.7739669345495338,0.453500891000891,0.8106978446366315,0.494185713467377
2011_001069_person,0.8278715184400708,0.4818926575300513,0.8088741979389461,0.42962177546493296
2011_001071_chair,0.02013846842340801,0.15130766640475923,0.03203033076219114,0.13619298666027638
2011_001071_person,0.4955280625759606,0.3632880144430935,0.695823580140446,0.4948818561801587
2011_001082_train,0.5898967952199892,0.6921660871343833,0.6392075078206465,0.7243563547200654
2011_001110_car,0.8372657787775761,0.6818747407714641,0.8783841368142951,0.8032103806034845
2011_001114_aeroplane,0.8522693562741026,0.863410760373238,0.8768656716417911,0.9002560614547491
2011_001159_cow,0.8066891932905732,0.7302922571061372,0.8881626578714504,0.8268558352402746
2011_001159_person,0.8175538557602248,0.8195058165749842,0.858499595082088,0.9070602135675592
2011_001232_cow,0.8883274660040036,0.7435944851959153,0.9379266273564354,0.8712212279061484
2011_001263_aeroplane,0.5587912087912088,0.6655459130355763,0.5740089139103918,0.6076704545454545
2011_001276_person,0.7898142430791396,0.5504668057052475,0.873239239014535,0.6321086010797211
2011_001281_train,0.8522572962583826,0.5292315419387242,0.9232681583014177,0.7011303503773053
2011_001287_bird,0.9001982969788872,0.7682651012680745,0.9293542404316304,0.8367005637525963
2011_001292_cat,0.9237828517202671,0.6620261065429184,0.9725865287249746,0.8604455653635982
2011_001313_car,0.5006045949214026,0.6394281217208815,0.4036101083032491,0.6212102462566514
2011_001341_bus,0.8740835233935084,0.5150716484684724,0.9494007433288325,0.7102460416903975
2011_001346_chair,0.0005657388549445576,0.07687962340282448,0.0013149820285789427,0.07817437703983837
2011_001346_person,0.729825337165598,0.7829193603266417,0.8400520156046815,0.8488453463960812
2011_001350_sheep,0.7719155844155844,0.49672651249793687,0.891093438277172,0.7278030535629553
2011_001407_aeroplane,0.8947608011918556,0.8193781634128706,0.9238763095640419,0.9123979912115505
2011_001416_person,0.3648397104446742,0.3639751914509507,0.354269429800838,0.42663612565445025
2011_001421_bird,0.3861666038447041,0.33234176655965597,0.6853045905110191,0.7944002650762094
2011_001434_aeroplane,0.886623576976274,0.7335528359321613,0.9019843737327313,0.7672258790787848
2011_001447_person,0.8596347324575456,0.6083656266229875,0.8877846903630695,0.8331131719415539
2011_001529_person,0.5915564598168871,0.8854342327150084,0.7037696645888988,0.9110023940876444
2011_001530_person,0.6499029893030683,0.46268438018950864,0.9323224594838979,0.6134213875417054
2011_001534_cat,0.9386840091813313,0.7709155285786545,0.9706607224149569,0.8970357590966123
2011_001546_cow,0.5486507626124365,0.3623582008481835,0.6703409822003003,0.6531646980164921
2011_001567_person,0.7315542300073449,0.771473513616575,0.5768436900512373,0.6637757032925444
2011_001567_sofa,0.29646682954331893,0.27922216987193216,0.30802333365209905,0.3156683047770842
2011_001589_boat,0.7600193728054244,0.6523304866755839,0.8528349082823791,0.7483943862987631
2011_001597_cat,0.6968879575549511,0.2735210903502851,0.8973840734538315,0.7156368760408216
2011_001601_cat,0.5937404190086868,0.5123323413102858,0.9622144985104271,0.9000931906552267
2011_001601_sofa,0.8765650562585556,0.35784462009916745,0.8742739560106808,0.45694262784801953
2011_001607_cat,0.9212529356837668,0.7102576786437019,0.9383730365733496,0.750980875725848
2011_001613_boat,0.4497319034852547,0.5791044776119403,0.535685963521015,0.8371521035598706
2011_001614_train,0.840232714253748,0.5587559601213697,0.9071810875363936,0.7794458684242647
2011_001619_person,0.7144911072455536,0.6912542192433793,0.49242530649918737,0.4775918775918776
2011_001642_dog,0.927131935235663,0.6904190384747274,0.922273270816288,0.7523576329123131
2011_001665_chair,0.12682974751940268,0.4794016177195373,0.08506091045095106,0.41116366502941
2011_001674_person,0.8749232368085408,0.6839317748227455,0.8990357947906955,0.7859756669690051
2011_001674_sofa,0.09251101321585903,0.23572641124266713,0.15980182630658635,0.2933055975794251
2011_001708_cow,0.8372566371681416,0.822326434187793,0.8960953322971127,0.8928157373125397
2011_001713_pottedplant,0.6295592705167173,0.8159548751007252,0.7211845102505695,0.8892011582353944
2011_001713_sofa,0.7422159824279342,0.4538426715882578,0.9725229546388927,0.7868279032580452
2011_001714_dog,0.8303224238496435,0.6892709997477507,0.9402049859016247,0.856814947436074
2011_001714_person,0.5480654707088567,0.45771848496644135,0.6993356855394454,0.7425533590611956
2011_001722_horse,0.8001869907840257,0.6787855239786856,0.8665083477259643,0.8149667474672136
2011_001726_pottedplant,0.03594623168705634,0.78047071190796,0.04459659511472983,0.8230308167342738
2011_001745_dog,0.39266275319707405,0.2551838367423473,0.4216077507200838,0.29810952338688207
2011_001775_cat,0.8519474280990443,0.23162203251081745,0.9270445490088824,0.459906790365434
2011_001782_cow,0.5806320907617504,0.5937691365584813,0.6119255476857189,0.6118158494868872
2011_001793_boat,0.45104317289816154,0.4233024461952662,0.5577578994787309,0.3270695423161791
2011_001794_person,0.8080869040434521,0.689494985043111,0.8909657320872274,0.8785809964136024
2011_001812_chair,0.1541361482119776,0.38216052337641615,0.285431624173215,0.529965929618366
2011_001862_chair,0.11599456275487087,0.5135688132672841,0.13589981447124305,0.5680528325250233
2011_001862_pottedplant,0.37171933583288697,0.7022653721682848,0.5392996108949416,0.8795646916565901
2011_001862_sofa,0.41966003015023134,0.22965099509662532,0.4672432544409343,0.3065742902326982
2011_001863_pottedplant,0.5593756954138092,0.4183784975068642,0.6871162746764901,0.6662321792260693
2011_001880_aeroplane,0.6148254847645429,0.5637792799874234,0.6270683555859865,0.5088445488181925
2011_001984_dog,0.8952049572883476,0.6644345575884142,0.9498208623316724,0.8863857838922328
2011_001988_bicycle,0.09955984070425487,0.26307248467363864,0.12755716004813478,0.2594305183743003
2011_001988_person,0.9292134957867855,0.7125682335521227,0.9649703667919548,0.8257735775101801
2011_002002_bicycle,0.2152284263959391,0.5653807762315777,0.37267276743452193,0.6460492973969132
2011_002002_person,0.6644146521693234,0.6892356844433521,0.7534966066686338,0.7820850828369625
2011_002040_dog,0.8621265114419906,0.7163036802570039,0.9410918130376476,0.8373632100052111
2011_002064_bicycle,0.22823075729704573,0.596567829486848,0.262007574843799,0.6359367276322294
2011_002064_car,0.47499449217889406,0.34447069943289227,0.7297727755362072,0.39852062012361944
2011_002075_person,0.90312438294576,0.7540243718970965,0.9551699087900557,0.8522066458982347
2011_002110_dog,0.918008061370433,0.7853414460882725,0.9572333118694999,0.8958319571966444
2011_002110_person,0.30803727839674866,0.13416090509113765,0.45867968037754064,0.22934071050973734
2011_002124_sofa,0.4450924514547021,0.1858579305870905,0.8314863998534664,0.5235772357723577
2011_002150_bicycle,0.17062549485352335,0.4874732791791364,0.17969661610268378,0.43252476938845236
2011_002156_dog,0.8978119234990543,0.7350405535704158,0.9088387573964497,0.7438296876827699
2011_002200_chair,0.11331604464990416,0.38693931398416886,0.6647482014388489,0.5446931551921831
2011_002200_diningtable,0.7002404364846953,0.32345643323456436,0.12331086328476903,0.10165938479191491
2011_002200_person,0.6636951785387596,0.5247837297284272,0.5515441090781961,0.4497731130278153
2011_002247_person,0.5794666666666667,0.8404762828220145,0.7239626556016597,0.9126917712691771
2011_002247_train,0.7839883050993207,0.3157487014718769,0.952504065718694,0.6394061975270952
2011_002279_dog,0.9221735232592888,0.5860646599777034,0.9443624587509479,0.6362522827490981
2011_002295_bird,0.8668060325518889,0.8200721246067675,0.8633720930232558,0.9035669997811656
2011_002298_dog,0.5658038409660222,0.4465255407271054,0.7507631257631258,0.5656811624890818
2011_002308_person,0.9628414669361826,0.7770368497566525,0.9800336300459768,0.8850270140059878
2011_002317_person,0.8901200465232201,0.6819257334336319,0.9172136580359624,0.8052226378006497
2011_002322_car,0.8731076814117508,0.49154478976234006,0.9721437222446507,0.87761441292193
2011_002322_motorbike,0.6329033889731916,0.4834909573585532,0.7065239903348292,0.6587285405537658
2011_002322_person,0.7048265636583557,0.689917966376342,0.7416452442159382,0.7453541440782673
2011_002327_aeroplane,0.687449434306335,0.5170807032752689,0.8224722875377897,0.6911489042636584
2011_002343_chair,0.07050767997039048,0.12451219154367536,0.20861382733035233,0.2522351041125916
2011_002343_person,0.7642464962372935,0.4311548490201026,0.9557773301593114,0.8331439667816638
2011_002358_chair,0.5629047577929367,0.635064043915828,0.5932219127205199,0.5606757644875711
2011_002358_person,0.7628245490573725,0.6740870506466131,0.7366957824792476,0.7481515778507661
2011_002371_dog,0.8502005189903279,0.8138518541976755,0.8949401579691649,0.8551578262284413
2011_002379_train,0.7873318017722349,0.4671814671814672,0.8976390513665852,0.7882903710553694
2011_002391_chair,0.3072597505587196,0.4016297428062134,0.33566640378548895,0.38818220463686604
2011_002391_pottedplant,0.33980263157894736,0.2409916402421447,0.28869430852433686,0.2758874186095358
2011_002391_sofa,0.6792672966981682,0.4820006371455878,0.7536723163841808,0.5524229074889868
2011_002498_person,0.7117059653892404,0.4871900486036741,0.8221525600835946,0.6905535055350553
2011_002509_person,0.5554263565891473,0.7491443295004423,0.46656576774903685,0.4649406252524437
2011_002515_aeroplane,0.6556161700937194,0.5424787133396405,0.8286352698521828,0.7212883691793693
2011_002532_person,0.5946777418858638,0.6313056379821959,0.6548500881834215,0.7821766925980128
2011_002535_train,0.8908913418938199,0.7477036129822413,0.9484943892790829,0.9093695959754755
2011_002548_bird,0.6479902557856273,0.6837977142003436,0.7102191275855008,0.6897386253630203
2011_002575_person,0.6867172375646952,0.5905720131892765,0.790019308569327,0.729979619972427
2011_002578_person,0.9363021522728509,0.4661516452074392,0.9574764758571653,0.6655657444824371
2011_002589_dog,0.9386094778844662,0.7090928449744464,0.9749695874958528,0.8437360205306901
2011_002592_car,0.8087845841238047,0.4236469675486236,0.9307733970001437,0.6681227909932091
2011_002623_person,0.8239168877099912,0.766816627676804,0.9024318923924168,0.8867499899529799
2011_002641_person,0.8098785738474191,0.5303549140717508,0.6888494199922296,0.5939986360536486
2011_002644_sofa,0.5456972747360668,0.5139267376151,0.624408424041647,0.4471053798655886
2011_002662_sheep,0.5210442194992009,0.8490657022302592,0.5702387562465298,0.8886701931356871
2011_002675_aeroplane,0.5072902125019388,0.37454482995534183,0.779399699165869,0.7713094062122708
2011_002675_person,0.47821165817770234,0.8737704918032787,0.6055662188099808,0.8904402102496715
2011_002685_cat,0.9000185078209565,0.3402862121772192,0.9713064115581762,0.6450038594656508
2011_002713_bicycle,0.33683331987184667,0.47168490710104355,0.4375669582180719,0.6554307946395912
2011_002730_horse,0.5918518518518519,0.820097244732577,0.7013647310677014,0.9256241787122208
2011_002754_boat,0.8148714031066973,0.7648203857724296,0.9344450101832994,0.904191042485854
2011_002812_car,0.7847094801223241,0.7307801017524025,0.8955396794748021,0.8692829743287105
2011_002812_pottedplant,0.5355285961871751,0.7509234828496042,0.6802278275020341,0.8116129032258065
2011_002863_bottle,0.3804985961031226,0.34514064015518914,0.9088672195388682,0.9112464910708953
2011_002879_sofa,0.4647887323943662,0.40461616934455497,0.5260245547293793,0.4487110633727175
2011_002885_cow,0.8651351408734793,0.8009580733057924,0.929025931078523,0.8893698101667804
2011_002929_aeroplane,0.8391012624702039,0.7885789536693404,0.8825132888101404,0.8574578429241327
2011_002975_boat,0.7263954331279449,0.7065567496890647,0.7678017119744145,0.7492185700654757
2011_002997_person,0.6497520531052396,0.5308401470668935,0.7105519573565656,0.547686170212766
2011_003003_bicycle,0.4215090458604086,0.5965424774916483,0.5724166551390234,0.781261326567597
2011_003011_chair,0.14150781384166236,0.4693921509498988,0.14908685275500674,0.5312053783912423
2011_003019_car,0.6230791121229369,0.590879778903731,0.7179733626252918,0.7802262090483619
2011_003019_cow,0.30990864371047083,0.2957112424132803,0.7441323030259261,0.682402677470495
2011_003019_motorbike,0.7471461563840317,0.5682352049708267,0.8143070787637089,0.7598961713173265
2011_003019_person,0.7672831747171844,0.8604669758515913,0.7689075630252101,0.8748522342186146
2011_003030_bird,0.9699470482199188,0.5670812824264999,0.9909449974899837,0.8907451923076923
2011_003055_car,0.7783880860359603,0.5206207152343236,0.853581482639975,0.5471814671814672
2011_003085_horse,0.5294946946649848,0.6915799432355724,0.5734700468270628,0.7664724514136003
2011_003103_chair,0.12801589554357082,0.1931144108866747,0.23035499185148445,0.2323682549700221
2011_003103_pottedplant,0.19000993330495247,0.3092038073450713,0.33272798028278633,0.7705847255369929
2011_003103_sofa,0.37224742724355425,0.29480861792344715,0.4955293078706259,0.43894729609015326
2011_003114_bus,0.8481453337338964,0.5061523041818609,0.9328736952982859,0.701776939778311
2011_003114_person,0.5745535242523513,0.6576345190702453,0.6150180319422978,0.5975479971052744
2011_003145_bird,0.456055910859102,0.35162257265737,0.5377873452756208,0.48883243357679684
2011_003146_train,0.8081945699410524,0.4428236605313622,0.8624537037037037,0.6083383368357851
2011_003182_sofa,0.9253813812288033,0.39880736066602795,0.9740749005657579,0.6043668858539876
2011_003197_train,0.8376488835215836,0.3882479819601948,0.8987734932259478,0.6602355520973332
2011_003240_person,0.8047141568509537,0.5227989879750974,0.8968812662656257,0.7039952731001164
2011_003256_dog,0.8650197475412376,0.7799865916576791,0.9023698197658154,0.8400214336746844
2011_003256_sofa,0.15373080809727158,0.2206686518678939,0.3616020178828399,0.3515121467526029
2011_003271_bottle,0.2832339003407266,0.09176868619705089,0.4793816114906974,0.07495369488826187
