subdir,unrefined_iou,unrefined_boundary_iou,refined_iou,refined_boundary_iou
0_0_147,0.8635457819109884,0.80433469771187,0.8365316515463223,0.7521136173767753
0_0_155,0.9345692475463467,0.841462538610732,0.9088010204081632,0.7867077766358342
0_0_272,0.9038943587358194,0.7038747996606015,0.89503582395087,0.6690771038597125
0_0_280,0.7622207235625558,0.5068609878647196,0.7532570838887217,0.49959021191897907
0_0_284,0.69207219394112,0.7414189286227201,0.7398351361691767,0.7751374657849478
0_0_307,0.7803713049747657,0.6025244250257904,0.784772929652716,0.5982818077318652
0_0_355,0.9011399069672341,0.7122242990654205,0.8779819712137059,0.6515866209262435
0_0_431,0.9427410239761441,0.4935313411078717,0.93943702018766,0.7137981250568854
0_0_547,0.8393769665052552,0.6429900950608256,0.8257233173815691,0.6063244432936302
0_0_579,0.7786528428538199,0.3805034367453093,0.7683882603705525,0.3566583200546324
0_0_610,0.8732269039518451,0.6797040169133193,0.861229740159506,0.6500128435653737
0_0_735,0.8072387404340735,0.5170941959241746,0.7924017117699578,0.48304738562091504
0_0_77,0.8946546283857665,0.6736739659367397,0.8850432632880099,0.646078384684985
0_0_775,0.949555265285812,0.8749499799919968,0.9335412081193446,0.8432353636435269
0_0_818,0.9134815844336345,0.8380709942016688,0.9064062051134731,0.8283135347488542
0_0_840,0.882770153384846,0.8357925898515195,0.8548459133541759,0.7932590353291522
0_0_899,0.8688015422512584,0.8940582959641256,0.8563285126147999,0.8822189385543652
0_0_951,0.9181947952124739,0.8869243606513012,0.8982505098207577,0.8583031694182043
0_10_10134,0.9473170096379265,0.8768430182133564,0.9467995598990356,0.878345498783455
0_10_10135,0.9202759996674703,0.8427350427350427,0.9018390062913373,0.8054698574168265
0_10_10176,0.9505483549351944,0.8027781797135002,0.9427569516471576,0.7825010609704343
0_10_10283,0.17048928328121998,0.19386793486598436,0.17498370888637377,0.18558975815437048
0_10_10343,0.7457397963813223,0.5178477690288714,0.7410419634645555,0.48769574944071586
0_10_10392,0.9524331734064427,0.8886660554664222,0.9374943789909165,0.8536530577862639
0_10_10396,0.9485559808356308,0.8252422457028777,0.9453189286757094,0.8138592853353909
0_10_10484,0.9453332847406976,0.9354645951598446,0.9133525726754417,0.8900285067740323
0_10_10507,0.9073222787719586,0.8825908332263448,0.8999186330349878,0.8748490434119367
0_10_10536,0.9559587800314793,0.855834581269439,0.957154192012695,0.8376020264565156
0_10_10545,0.950468058841683,0.8673665431590504,0.9315489692020767,0.8204701338483052
0_10_10600,0.9310978169605374,0.7689335394126738,0.9094705023439301,0.6845265949149899
0_10_10938,0.431995637409216,0.23310284999872427,0.40286638927415624,0.2374911718368012
0_11_11060,0.8952311700902866,0.7181638306292046,0.8985040136219898,0.7279400031913196
0_11_11111,0.38798818510009847,0.41411797792308236,0.3789392774788624,0.40088901236282815
0_11_11136,0.8440784863349685,0.6480821407671437,0.8334198235599377,0.6316286884385173
0_11_11164,0.5299769792813532,0.38883349950149554,0.5186305111197815,0.37544860134703306
0_11_11179,0.629400897334389,0.6376193489805465,0.6114496389984126,0.6207852193995381
0_11_11219,0.9618281878146833,0.9036591833127099,0.952403028898161,0.8771240319038262
0_11_11263,0.08571631306322287,0.0,0.08528905080629219,0.0
0_11_11281,0.8318599311136624,0.5857958953381762,0.8220911102286266,0.5636074197120708
0_11_11297,0.932204736925767,0.842558302472225,0.9077613557223555,0.7862720524438446
0_11_11298,0.8583177117977868,0.6134257670396046,0.8356785398881366,0.5722002635046113
0_11_11309,0.8583457526080477,0.6196716372947733,0.8295405444332421,0.5807772430141512
0_11_11313,0.8507158506139502,0.48391647855530473,0.8468326824567632,0.4738524248459864
0_11_11325,0.887790755715284,0.7927734375,0.8669331253655683,0.7498107494322483
0_11_11328,0.7155911013053871,0.4380159356830091,0.712126756440281,0.41356252625682677
0_11_11346,0.8826352530541012,0.7622922792860563,0.8769164636767445,0.7513707439247276
0_11_11425,0.9475010269752157,0.8148111282536207,0.929344178679767,0.7568151276636591
0_11_11435,0.8875329126091863,0.6578471651602301,0.8997649775285532,0.679654172117627
0_11_11459,0.9029097260682486,0.8561530615833715,0.87607700869852,0.8109495295124037
0_11_11480,0.9621717971933001,0.8658518408108511,0.9570809411234943,0.848468459609617
0_11_11517,0.9812606820216488,0.9176268351607508,0.9746988925713362,0.8894941634241245
0_11_11533,0.43024063718013894,0.0,0.42756698496101314,0.0
0_11_11557,0.9635708027229224,0.860529536816337,0.9485189239393638,0.8045734170136084
0_11_11561,0.5078652336394449,0.29347899159663865,0.49596289540293276,0.2574940047961631
0_11_11571,0.5872214456048023,0.1356724670678159,0.5842237020796178,0.1234344894026975
0_11_11650,0.9738081689428427,0.8663105899361472,0.9560366232153942,0.7843062782483193
0_11_11830,0.971431379615372,0.8950732047408785,0.9473499249225265,0.8204960122364252
0_11_11852,0.9754007660661087,0.8942865429234339,0.9644489303838282,0.8596491228070176
0_11_11875,0.9542588495575222,0.815152200973181,0.9441818529548373,0.7778828503087278
0_11_11881,0.5856152044676635,0.5758302416070944,0.5398222773300269,0.5183758278862387
0_11_11924,0.9481577806675336,0.8544528059933183,0.9334356743848876,0.8143897160097068
0_11_11945,0.15899168399168398,0.03780808207181283,0.15523190906322948,0.03274853801169591
0_11_11981,0.8485693050910442,0.7857385168600312,0.8359937973182523,0.7719860999732692
0_11_11987,0.20451757234610665,0.011679441055320924,0.20332720505806914,0.0
0_12_12000,0.6016344206188448,0.30672780013100026,0.5937232957521295,0.30490525825035797
0_12_12048,0.9760283490828238,0.9055442705221651,0.9706471441397887,0.8878189981096408
0_12_12072,0.9097186700767264,0.8607680215584999,0.9029070872126164,0.8506979341150196
0_12_12144,0.47868128633453527,0.47001845018450183,0.4701479597734366,0.4756307914477115
0_12_12171,0.7908754143107818,0.649784949821625,0.7761079882222477,0.6338748495788207
0_12_12226,0.939368227108536,0.811124206364293,0.9318624269954575,0.7879977773661789
0_12_12322,0.9723441515613273,0.8929694323144105,0.9539576365663323,0.826602023608769
0_12_12344,0.9588210407558877,0.9012733195143618,0.9391804788213628,0.8478260869565217
0_12_12372,0.9473684210526315,0.8669545380479061,0.9381105312458182,0.854827002177595
0_12_12424,0.9216771066709342,0.7307882178706598,0.9084755672490948,0.6760495992982736
0_12_12429,0.9794786894082316,0.9114754098360656,0.9530031966799394,0.7908207210532792
0_12_12435,0.9535728704077513,0.8519139700078927,0.9415877104222242,0.8145794212528288
0_12_12484,0.9700913711549196,0.9071905958193108,0.9636743457320258,0.8887587273323649
0_12_12518,0.9355675942900694,0.7343868841375814,0.929616368286445,0.7062942824188498
0_12_12597,0.7495681464847124,0.5724472022643152,0.7100388468615825,0.5329073482428115
0_12_12619,0.744466800804829,0.6330522251574883,0.6903954802259887,0.5802109150993828
0_12_12649,0.8916542356912931,0.772710538426139,0.8824740695546065,0.7490674187971977
0_12_12693,0.9651799901375268,0.8926262577164245,0.9528340135686677,0.8524411094224924
0_12_12705,0.9032118991161888,0.6589295466957946,0.8706093437305914,0.529335071707953
0_12_12750,0.9720689420260236,0.9054278363349656,0.9583547787947277,0.8514667206150112
0_12_12771,0.5518178729187904,0.4691470054446461,0.5240948331400592,0.4594594594594595
0_12_12793,0.9525473183092102,0.8854850474106492,0.9380457380457381,0.8496029670486425
0_12_12816,0.2970813464414927,0.2593828593538402,0.2948288548882292,0.25484395082086475
0_12_12833,0.3090180970243828,0.33308445506325063,0.3026436638947499,0.3124827659348817
0_12_12845,0.9707065058187532,0.9147338891303489,0.964459231094212,0.8979057591623036
0_12_12884,0.9789614002550133,0.9219396136633999,0.9625024781217253,0.8610642121888786
0_12_12891,0.7455074978312058,0.6340040241448692,0.7537897310513447,0.6233136869679109
0_12_12892,0.864537996379463,0.6121528125940038,0.8523905365890707,0.5882179241104385
0_12_12921,0.9054086683568755,0.8376836278475622,0.8932834491359345,0.8229677201284434
0_12_12923,0.8798923679060665,0.598616105481094,0.8424765347169592,0.583497375328084
0_12_12974,0.8381590548404162,0.7567257894495623,0.8252521401587357,0.7149642651040973
0_13_13027,0.9197722909909314,0.8407006413350804,0.899119141001736,0.7978666308868911
0_13_13036,0.841412857221823,0.7331327889987108,0.8109921712733663,0.6808872934787611
0_13_13173,0.8774179681902852,0.7759247648902822,0.866843371813204,0.7581711576846307
0_13_13198,0.9781483131054448,0.9118828120581415,0.9687370771648334,0.8740728440163844
0_13_13223,0.9585715624707095,0.8936421944081201,0.9433536135693216,0.8565434200924349
0_13_13235,0.4187942788397273,0.0,0.4151257287556681,0.0
0_13_13264,0.9655900523969657,0.9304282775388069,0.9472154222766218,0.8822783663859458
0_13_13295,0.9410274677432122,0.9436376210235131,0.9214611166885474,0.9213731377103042
0_13_13308,0.9600384104003545,0.900460017617696,0.9416058394160584,0.85116455216815
0_13_13331,0.8665255099963354,0.6149100855496712,0.8722504230118443,0.6301369863013698
0_13_13339,0.21803485198404368,0.1579250942090287,0.20545709339708185,0.15630515787409296
0_13_13347,0.9629491714764475,0.9081551860649247,0.9535585317913791,0.887086019115359
0_13_13349,0.1669012147975607,0.47344265965187216,0.1668012793590282,0.46229197974063563
0_13_13356,0.9584399756246191,0.9070831248659853,0.9357895356365135,0.8512015423810507
0_13_13361,0.7715876741746991,0.6725013770732603,0.750758550379882,0.6451082268450721
0_13_13368,0.957802780648558,0.7921534866560078,0.9486675151374908,0.7538621628111742
0_13_13386,0.9804964539007093,0.9164136920339161,0.9692278149828377,0.868936733343513
0_13_13400,0.9176391519520988,0.7881547202116896,0.8921608805105088,0.727313366115333
0_13_13420,0.785192548731469,0.5284308171647075,0.7395193754320335,0.48535350078707823
0_13_13422,0.29941877883635926,0.4236373882940182,0.2931078306774856,0.3931556224501921
0_13_13450,0.9583532572807797,0.8524175073349142,0.9484285778517153,0.8197797876523791
0_13_13453,0.9686963413023378,0.914794331144141,0.9531432274789371,0.8753786603837092
0_13_13460,0.6599019556164673,0.5620327720305067,0.6487564766839379,0.5426547352721849
0_13_13515,0.9714248320390891,0.8739703459637562,0.9580321803476166,0.8187825108955433
0_13_13553,0.9902284889773703,0.9509689469997665,0.9837720488466757,0.9181160746979129
0_13_13700,0.784479301804458,0.658293916163758,0.7782115721800117,0.6374447569304942
0_13_13845,0.8823129962390305,0.6002720394457196,0.8653167001194136,0.5648036567629338
0_13_13885,0.9877532275348267,0.9460746839164952,0.9760940134376809,0.8926492409542289
0_14_14093,0.8295469468154957,0.5247555281472998,0.8173877716839325,0.4805167301990682
0_14_14181,0.8664589482890566,0.6948342485255237,0.8479812506658144,0.6648590551565783
0_14_14532,0.9450073142980983,0.9043775519893648,0.9285562180579217,0.8766096932802623
0_14_14597,0.8665282823040996,0.6334432589718719,0.8553623188405797,0.5900635295012744
0_14_14651,0.9617591558516578,0.860903937947494,0.9496743411087549,0.8113994106231582
0_14_14747,0.7548936170212766,0.6043978557038959,0.7285333333333334,0.5737440853719924
0_14_14830,0.9116106679558457,0.7561564322864286,0.8984849085789077,0.7250522982981851
0_14_14831,0.9204759484588478,0.7180816591056384,0.9107436077879427,0.7092353016523633
0_14_14901,0.6120147106344346,0.14964708149647082,0.6059447271397665,0.14663630417403523
0_14_14926,0.36433298185652474,0.0,0.3607975515347916,0.0
0_14_14991,0.9596944948578342,0.8464473428070859,0.9560952649910571,0.8302773497688752
0_15_15022,0.9686092801670692,0.8926519763354197,0.9626664094153965,0.8997011251758087
0_15_15030,0.933636955107352,0.7893519457858216,0.9238858287431146,0.7621664675428116
0_15_15264,0.43583838520675994,0.37562095791545597,0.41284109149277687,0.36416776600100076
0_15_15345,0.7439497650110182,0.6618077637502755,0.7440361434051918,0.6595524633320797
0_15_15522,0.9373194891991884,0.6990597739384271,0.9343742607049917,0.6955923812143299
0_15_15620,0.9743474212249557,0.9270755257704687,0.9587038076389094,0.8861381868368843
0_15_15622,0.9113657007237247,0.7371341904794733,0.8848067790826627,0.6985602879424115
0_15_15644,0.9400635512928899,0.8412880494899422,0.9248616249390577,0.7975904578930516
0_15_15663,0.9601554429632545,0.8837580773978073,0.9413179413179413,0.8353156450137237
0_15_15742,0.6422198041349293,0.3627961415829196,0.6326703343207787,0.34934717755995504
0_15_15763,0.9203790897017988,0.8203655718187548,0.9098197565543071,0.7890003459010723
0_15_15844,0.5069061610225964,0.3596537983197543,0.4977545132796003,0.34282590328512497
0_15_15857,0.4114865003804158,0.17473902003197592,0.39837155598025165,0.15517079726224334
0_15_15859,0.961382223907274,0.8645936864025746,0.9459855570655794,0.8135803604266274
0_15_15876,0.4431107776944236,0.3142809111540725,0.43216055982116824,0.29994197612732093
0_15_15880,0.9152140252734629,0.7377335984095428,0.9170808912629522,0.7392084895874891
0_15_15935,0.6768615145959668,0.34148999405587477,0.6675695855255162,0.322025976581718
0_15_15980,0.9194672641274583,0.8817011704919399,0.8921329440467144,0.8323365474592131
0_16_16030,0.3996701200969022,0.22291844032010896,0.38573276290916325,0.2127056154282473
0_16_16079,0.8225958516656191,0.4754888158923823,0.8096891164996821,0.46001002883289455
0_16_16196,0.644929725119494,0.4345391304347826,0.6143430205988388,0.3916083916083916
0_16_16223,0.954202917300042,0.8698735147566117,0.9308322824716267,0.804824055711848
0_16_16283,0.1881612068116059,0.0,0.18746764721632186,0.0
0_16_16403,0.9339409034303181,0.8177237820486775,0.9142706920884413,0.7413710831875299
0_16_16431,0.9085299172004374,0.9023172518586856,0.8932873034138857,0.8817649271779437
0_16_16627,0.8855993563958166,0.8503366131538063,0.8761761682612478,0.8371431820766518
0_16_16629,0.8305234456008296,0.6773470413172032,0.8136823498439204,0.645542305508234
0_16_16704,0.9309306527076481,0.7995795709712866,0.9108493771234428,0.7703000986239609
0_16_16768,0.9203337271116362,0.759373125374925,0.9240565115369573,0.7704434614948396
0_16_16801,0.9330714998551332,0.8240204593707778,0.925607738322515,0.8053905024480676
0_16_16905,0.9477504105090312,0.8047648902821316,0.9366156043100091,0.7653610771113831
0_16_16940,0.6615040989642138,0.4838360564167016,0.65573411515675,0.4743030132357082
0_16_16947,0.34793194661536614,0.3165999813901554,0.34361364243521625,0.30704837665340856
0_16_16968,0.8647209718793862,0.722261584242596,0.840289528106787,0.6900482647667203
0_16_16989,0.3348369224890946,0.048500756715853195,0.33130999138854467,0.04657470189385083
0_17_17022,0.7771711933033074,0.4341627397424738,0.7560076118544307,0.4064224034540657
0_17_17057,0.95956952943659,0.8351103181165412,0.944284262274679,0.7817844805796613
0_17_17202,0.28858791247449517,0.15854755873029058,0.28554621146723846,0.14684889061030265
0_17_17251,0.9354502154683602,0.781682121360013,0.914257847136017,0.7390296581151556
0_17_17275,0.8749145357582387,0.8478779984804081,0.8512058999402033,0.8247215138907529
0_17_17350,0.9142416225749559,0.7929598280263335,0.9003352801211335,0.760028935946337
0_17_17352,0.7713249981504772,0.4612833453496756,0.7504712366681778,0.42841007044556073
0_17_17369,0.9176666524319939,0.7693730349546883,0.8922083833326437,0.7317546233649075
0_17_17388,0.9729302645139127,0.896320844041661,0.9707760062817931,0.8833289089461109
0_17_17407,0.8557231800766284,0.6529552715654952,0.8411993173659742,0.6227192466156563
0_17_17525,0.5237766624843162,0.5347272044002597,0.4928862388570754,0.519404589899533
0_17_17526,0.6069658991547654,0.8690247340766372,0.5856881765780965,0.8701882912409228
0_17_17553,0.9007713993618142,0.6513160571172857,0.8712023706186955,0.5773496347325788
0_17_17569,0.9603473909417268,0.7479199204884283,0.9510787103956618,0.6978547854785478
0_17_17637,0.8880703252900563,0.7364409855236098,0.8739299067053357,0.7060182419245629
0_17_17660,0.9172527927182458,0.7893778569768343,0.885180126344545,0.685123728446721
0_17_17674,0.4419436078970078,0.3810725552050473,0.4383654818793819,0.37147459075668926
0_18_18160,0.9691040164778579,0.8928169505995576,0.9586663370959325,0.866579714592604
0_18_18219,0.687386110548694,0.590925459128556,0.6511122475070314,0.5580162867852988
0_18_18254,0.9165710068875041,0.82393686979395,0.9047484682360529,0.8008103797577482
0_18_18310,0.58849132327172,0.3856632173095014,0.579983844461157,0.3737078068842862
0_18_18314,0.8212718244433765,0.7078798319108397,0.7939221566142146,0.6762400081984014
0_18_18358,0.9396179727813151,0.8764159827794968,0.9351992607827357,0.8720710506424793
0_18_18530,0.9540709126723572,0.8800181790637782,0.9338384000513628,0.7880951208704643
0_18_18562,0.9069389997253364,0.7492468799311434,0.8997523526498267,0.7314201099985898
0_18_18565,0.9330282637954239,0.874407844001322,0.9142165886498711,0.8369768560585814
0_18_18636,0.8545116279069768,0.8613845602008688,0.8379857690202518,0.8374897232118389
0_18_18653,0.9679634336312208,0.8641812221732962,0.9528581510232886,0.8009440641963653
0_18_18661,0.4330529836032843,0.268342644320298,0.4206290527846797,0.26867536006964815
0_18_18690,0.7375592863058044,0.6446958981612447,0.738864889021302,0.6397448922000226
0_18_18699,0.9240423915795566,0.916524920568696,0.9045544830470084,0.8880835024644824
0_18_18720,0.5173242067915287,0.3729767642615639,0.4978169897119031,0.36493679916585875
0_18_18723,0.8165607793307921,0.6066398390342053,0.7839200065035363,0.573082033708651
0_18_18725,0.8763982875293468,0.8604804755221662,0.852448021462106,0.8319891399824323
0_18_18732,0.9403444437168489,0.9026971775257188,0.9205498676362709,0.8605451005840363
0_18_18734,0.9056207319208545,0.8488298545224542,0.8922873866636061,0.8276022545116086
0_18_18763,0.9082135317181059,0.8853706804688689,0.9117735621800662,0.8911363636363636
0_18_18804,0.9127690206356823,0.7745620715917746,0.8999356499356499,0.7371687518471086
0_18_18816,0.904589239277735,0.8546042617960427,0.8906008691592142,0.8292327795407878
0_18_18852,0.8788587731811698,0.7421557581344532,0.8563333333333333,0.6898570227081581
0_18_18880,0.9791981597108117,0.9265722183828611,0.9740128138075314,0.9095267994748558
0_18_18927,0.9222926426012675,0.8656427465152298,0.8958860338170683,0.8202282029021456
0_18_18928,0.8724781341107871,0.8802307774493394,0.8498695997278602,0.8606502753323279
0_18_18930,0.7763350971586109,0.5245389184120037,0.7531274264515573,0.4793966876971609
0_18_18957,0.8629617414248021,0.8547446722959389,0.8281397544853636,0.8080713280150165
0_18_18961,0.7896943933823529,0.5742112482853223,0.7741063889670701,0.5523056574280045
0_19_19011,0.9124034285275012,0.7521831591330709,0.8820258045380395,0.7004258308090785
0_19_19025,0.8643062435027212,0.8495783157806402,0.844366113036205,0.82786410977021
0_19_19029,0.7985489438885963,0.4891187940754511,0.7677018865807826,0.453071301599842
0_19_19068,0.8965356532546217,0.8071607356622048,0.868732816795801,0.7561194344798481
0_19_19090,0.2138741681045107,0.29144740821387527,0.20630061668771826,0.29036766940139774
0_19_19102,0.8378086752782317,0.4963962690785755,0.8140450275831221,0.47592311931661613
0_19_19136,0.8474089464678562,0.6586216616165175,0.8388243376444936,0.6631241811035086
0_19_19137,0.7851330547613812,0.6857532097593196,0.7706935123042505,0.6813671890819261
0_19_19193,0.9356722335696264,0.8288589574448502,0.9198594106419626,0.7936422413793104
0_19_19200,0.8922531438920491,0.7593604651162791,0.891313639220616,0.7583425543066799
0_19_19214,0.8201944321696862,0.6555268595041323,0.7749865273805082,0.590612904806232
0_19_19249,0.9612298124184974,0.8438114419987531,0.9566434605950995,0.8337158156435265
0_19_19429,0.9146791246619129,0.8695290137913089,0.9046744332189297,0.8114341989322552
0_19_19593,0.8792771877544656,0.5699966212411307,0.8897725711144703,0.5777964912280702
0_19_19602,0.932092206772301,0.8254301545640128,0.9217253121452894,0.8058582713486709
0_19_19686,0.9627277285642655,0.8648629875316918,0.9514063215758131,0.8263247282608696
0_19_19773,0.758727511021089,0.6948824343015214,0.74615740205709,0.6859185918591859
0_19_19820,0.658286229496827,0.7047345456516437,0.6520234291799787,0.6931296411768041
0_19_19930,0.9778024616156368,0.8787878787878788,0.9758371588199708,0.866738523345255
0_1_1004,0.8198780487804878,0.6321043580386728,0.7743640821330064,0.5729727557662943
0_1_1039,0.3155102527420124,0.2858899369412095,0.29601252726357585,0.2572430273325077
0_1_1288,0.9775384332136611,0.8559056293862923,0.9747268176545998,0.8773300332585661
0_1_1339,0.7487508440243079,0.481641302253901,0.7338605605373747,0.45061101710847906
0_1_1409,0.9472125170894728,0.7932032225121979,0.9398962562020748,0.7341328204548025
0_1_1427,0.9448311490565011,0.8309944823391406,0.9379091079109781,0.8049296967643571
0_1_1459,0.942896024704928,0.878408625200971,0.9367449750681129,0.870659885728637
0_1_1611,0.7013977128335451,0.81187887291009,0.6638819270398217,0.7814323607427056
0_1_1626,0.8934183169160503,0.8346138293570562,0.8966643975493533,0.8392799396356581
0_1_1650,0.9442303542251133,0.8180240916075943,0.9398760267489084,0.8055337519623234
0_1_1664,0.8823337039701746,0.7649557522123894,0.8786883154167597,0.7675886555911103
0_1_1696,0.9059174731571091,0.8383612662942271,0.8986255924170616,0.8243951337312617
0_1_1728,0.32610943380619545,0.813941117972201,0.31680688710624144,0.8120463605152193
0_1_1865,0.9434272674202622,0.8054590211410367,0.9367495260164315,0.7930317585489999
0_1_1934,0.9096567196584083,0.8919284718234763,0.8875579055729728,0.8653508151679832
0_20_20053,0.9164763458401305,0.7795529734527555,0.9050380701629546,0.7626122189560658
0_20_20085,0.9610918566116016,0.8400250286786943,0.9534866264668351,0.8105681934101806
0_20_20144,0.952473185967121,0.82563718800898,0.9436444529493374,0.7935916865122321
0_20_20368,0.8996356897677259,0.6563428966470791,0.8880837359098228,0.6204174471501204
0_20_20573,0.8778202124586797,0.6525593072705846,0.9670832544341349,0.8445127253753841
0_20_20656,0.984081041968162,0.9260999823767844,0.9791618784953651,0.9069660861594867
0_20_20724,0.8046662369288068,0.5595660999746257,0.7991308203991131,0.5486124463244247
0_20_20772,0.9436755952380952,0.8645512239347235,0.9401082202950115,0.8564209006407364
0_20_20783,0.8989768076398363,0.8026744944553164,0.882360800293931,0.771729587357331
0_20_20937,0.9684725775948382,0.8880155545443263,0.9545603998158743,0.8340471957329886
0_21_21001,0.5056703910614525,0.38106495228760057,0.48446176847501066,0.3415162043629322
0_21_21087,0.7604058272632674,0.5824521291797656,0.7368288731214034,0.5447649869788375
0_21_21093,0.9751695712199123,0.8833419676918005,0.9652304767939173,0.8388664710198093
0_21_21135,0.7741098797453431,0.8556674278596637,0.7584613607485272,0.8450956326071392
0_21_21147,0.9705800022393909,0.9298660649293929,0.9625730670138792,0.9078434204824498
0_21_21244,0.9183570593216921,0.689251974601208,0.9076852662580593,0.6649541007139889
0_21_21299,0.9586372903003955,0.8604379452003166,0.9446138211382114,0.8204805914972274
0_21_21313,0.8757295719844358,0.7557387569728983,0.8685632549268912,0.7429130009775171
0_21_21332,0.5393801421838805,0.3613758610927621,0.5254435107376284,0.35957819075991865
0_21_21394,0.20217645574845766,0.0,0.20107201915949136,0.0
0_21_21413,0.9392112032009146,0.8158535627307723,0.927706773267271,0.7915904224255402
0_21_21422,0.9819995523867379,0.9333166207069441,0.9692593877100608,0.8869856750990551
0_21_21703,0.9240161630358398,0.8648518041237113,0.8993673050615595,0.8221281930731861
0_21_21781,0.33709951318917697,0.2853232073472271,0.3552337272090554,0.27867711053089644
0_21_21938,0.9767312136425214,0.9092466976079971,0.9681174288758237,0.8806379092314177
0_21_21974,0.9480281881013688,0.8962680237489398,0.92404728881844,0.8440600147577273
0_22_22047,0.9596028389131838,0.8563461538461539,0.9406702262189125,0.7950884928654541
0_22_22147,0.9566363636363636,0.9160577437176973,0.9453924914675768,0.8964122405909251
0_22_22218,0.7292896208633316,0.40888079562964,0.6856777790684168,0.3695509021467141
0_22_22219,0.8467514757863385,0.5405227838002722,0.8387831089308088,0.5215214295557904
0_22_22234,0.7673869007427414,0.6027857231687601,0.752429583264701,0.6086919759871481
0_22_22396,0.9471053650799506,0.7760805979850504,0.9428560982743492,0.769463371366367
0_22_22502,0.8724809625983424,0.7300599460028372,0.8567162958115183,0.7014002385264366
0_22_22838,0.9385969769115774,0.8604460574840485,0.9408336082700979,0.8648997302685587
0_22_22933,0.42478354978354976,0.49001245559809936,0.4970588235294118,0.46402720851138046
0_23_23003,0.9485145282402873,0.8319309716490702,0.9338518899460015,0.7826650088073774
0_23_23069,0.9797752369018717,0.902672235921695,0.9708099936037835,0.8597575816579857
0_23_23355,0.688466436237948,0.4742928975487115,0.7373072414104067,0.5405789380216658
0_23_23577,0.9775548943156167,0.9136724462084813,0.9681602877479166,0.8853362166615178
0_23_23645,0.4752696975534579,0.35079355251480815,0.4535516615759135,0.3361060083799459
0_23_23666,0.7774384171037779,0.3377202602909995,0.778657419523685,0.33616948656687307
0_23_23683,0.538965715932008,0.4045392022008253,0.48576714596384174,0.36540923444567724
0_23_23697,0.32791745163480573,0.044751695678983065,0.32434426462103083,0.0435054923877433
0_23_23732,0.9194439546229354,0.7825570251102166,0.9036673404562519,0.7456833589273006
0_23_23748,0.16406181786431503,0.21750297796307325,0.1612840926160383,0.21223438025170854
0_23_23817,0.8200019274321785,0.6337188538776407,0.7967367386113582,0.5995152168058174
0_23_23934,0.21057210467706014,0.10015464386427726,0.2103780964797914,0.09995130265400536
0_24_24071,0.12568518904422357,0.04702211079401488,0.12290572089273215,0.040911553976759586
0_24_24101,0.9334060019756787,0.8187556788293243,0.9223137716495712,0.790816806090798
0_24_24177,0.9207209518617107,0.7444288881110722,0.9079983554192099,0.7113066331486031
0_24_24196,0.43754187489702895,0.14067949877276836,0.4315271789761033,0.11765329376225556
0_24_24209,0.82657223796034,0.7472710303128678,0.8473495862223216,0.7659225885725988
0_24_24234,0.44954868734635667,0.204142416045031,0.44246888493776987,0.21682940838598508
0_24_24237,0.8843595297029703,0.6443251058556233,0.906499866100463,0.7025751072961374
0_24_24256,0.879001577433423,0.6999484624634943,0.8664462660205606,0.6981859488485767
0_24_24368,0.8838383838383839,0.7774197546164333,0.863758465438311,0.7325176971234503
0_24_24390,0.4511580101411539,0.4991144845034788,0.45006015202056104,0.4839982463831653
0_24_24431,0.36249037549017854,0.44363666750229797,0.3583283201811812,0.4385095220390796
0_24_24440,0.8819237147595357,0.8791466775543534,0.8624432922877512,0.8218732043669795
0_24_24442,0.6357129881925522,0.4579709422583298,0.5985235081989522,0.4206664344595379
0_24_24453,0.8843645337563899,0.8446215139442231,0.8751905238862518,0.8282442748091603
0_24_24455,0.9306848592212883,0.8732439335887612,0.9179384352604805,0.8488205861329521
0_24_24456,0.940996018536649,0.8535284132244766,0.9297760041194645,0.8233762134006787
0_24_24492,0.9688468191062706,0.8758104738154614,0.9561280161988863,0.8362507814593194
0_24_24500,0.9599084011210609,0.8817114093959731,0.9383248137382647,0.818515867334765
0_24_24532,0.44927365821851184,0.0,0.44907204598634515,0.0
0_24_24552,0.8692117687521496,0.6278101921743033,0.8437547266842121,0.5828862345799882
0_24_24558,0.795836197584209,0.7283690081398855,0.779495990836197,0.7154854869603654
0_24_24670,0.922776681915474,0.7799405736462313,0.901272972862347,0.7239834596829773
0_24_24759,0.8997458227426143,0.8992959163146248,0.8964561882314023,0.8977268203352045
0_24_24771,0.9004475731108504,0.9062072189388627,0.8797707493101252,0.877901441281723
0_24_24829,0.6645385450597177,0.3510322516092452,0.6336604961278833,0.3238177623990773
0_24_24861,0.9744948059331232,0.8822798295454546,0.9659597356692793,0.8465599257454461
0_24_24866,0.8717290386161467,0.6302167356386337,0.8501656676024989,0.5835509581142954
0_24_24906,0.933656522129455,0.8841150016061677,0.920758043190833,0.8631862473263091
0_24_24918,0.9409787577305727,0.8915123995808593,0.943292025862069,0.8943543879262158
0_24_24926,0.7520802398229345,0.5192808475725038,0.7453148834168665,0.49511650620901354
0_24_24951,0.6586965176459567,0.2913992297817715,0.6255584946762398,0.259351798972016
0_24_24965,0.8753797581461845,0.8182233178124715,0.8705577783007766,0.821604388391392
0_24_24971,0.9027613178478312,0.8908532659832615,0.8953454246639667,0.8790428481105005
0_24_24973,0.636013092409093,0.6808247713872118,0.6261310968881042,0.6712917656927163
0_25_25000,0.9762669751103115,0.8423909261707606,0.9662702198477814,0.7806356046323727
0_25_25057,0.9499554168524298,0.8933728025131397,0.939963614311704,0.8715486910370326
0_25_25064,0.7350431851695808,0.42014358974358973,0.692208500719139,0.3836370020678085
0_2_2225,0.8715635014336313,0.849046981577102,0.8451038090567271,0.8094352488996343
0_2_2268,0.9452505761098027,0.8323066109893744,0.9393350281640995,0.8095745990072609
0_2_2276,0.9031662269129288,0.8798176324020569,0.8972746331236897,0.873256487183536
0_2_2301,0.925006476124687,0.8177559912854031,0.9256365990504963,0.813859658688185
0_2_2304,0.8262008447660522,0.49221359150437166,0.8067582173056138,0.48013657218053135
0_2_2310,0.8054945054945055,0.5422988983579298,0.7962019626938347,0.4910003977724741
0_2_2397,0.5483148522423117,0.3700399559107192,0.5310737450648618,0.3411500051126487
0_2_2546,0.8047222342124574,0.7117804762655733,0.8073017205203525,0.709239825953417
0_2_2551,0.3670735337898184,0.29370351097370595,0.35612445844820795,0.2795096533236951
0_2_2580,0.9348201034856203,0.8022794342118653,0.9252251180134079,0.7814523008982787
0_2_2721,0.8668319158938416,0.6474778141055582,0.8785696127446827,0.6755945373204615
0_2_2741,0.8930227542327186,0.8733386186634333,0.8888714897170895,0.8664830119375574
0_2_2756,0.8866423599602253,0.6909214884083382,0.8711125569290826,0.6786501773559582
0_2_2950,0.9691114969796277,0.8701116593092704,0.9643373842592593,0.8551654964894684
0_3_3142,0.9032714184716242,0.8686885245901639,0.8954777070063694,0.8585700399611189
0_3_3183,0.33315833333333333,0.0,0.48241799734473395,0.1466782852488208
0_3_3276,0.35380402894582436,0.49015964186164374,0.3398940765503512,0.48390417628891796
0_3_3294,0.94,0.878731343283582,0.8831289483463397,0.7538760766879689
0_3_3308,0.5382192499942939,0.3900344681623027,0.5334055371285453,0.37041765456866677
0_3_3317,0.9036975488159534,0.8525670149931849,0.889938900203666,0.826280293485511
0_3_3327,0.9535492312724894,0.9347171293871137,0.9379975874547648,0.9068791946308725
0_3_3344,0.6357830108989019,0.5419508867667121,0.6225863667513202,0.5092806559821096
0_3_3345,0.9076544340756856,0.8937149368863955,0.8866748302348881,0.8650066089626061
0_3_3360,0.901681079770468,0.8468811253314885,0.9051364170754449,0.8530720257728005
0_3_3362,0.8965731734901606,0.8350629021972288,0.8878212290502794,0.8168410221231349
0_3_3374,0.8682458246916276,0.7660610547898394,0.8434290136485155,0.7267435414125735
0_3_3429,0.9067551828558118,0.8315410301580206,0.8946957340745676,0.8152390309486258
0_3_3433,0.17359166666666667,0.0,0.17359166666666667,0.0
0_3_3434,0.11215516202867125,0.0,0.1113399596045498,0.0
0_3_3467,0.9672398488945771,0.8607720820902269,0.9624802446583609,0.8395497386876312
0_3_3473,0.2393212657943214,0.3027972027972028,0.23892941095132744,0.2959383488092982
0_3_3514,0.9257662277123878,0.8773839241138293,0.9078030389580716,0.8462513405479185
0_3_3524,0.9485479340996612,0.8072844134975897,0.9411224606909216,0.7822699515687513
0_3_3551,0.8186161639419756,0.5699445741973717,0.8189145620634067,0.5690850435856957
0_3_3559,0.9122978108080843,0.8629767689542701,0.8945306068688466,0.8342001112092369
0_3_3610,0.9278934533858563,0.8410239762556231,0.8979088899358533,0.7635463586496009
0_3_3654,0.8702260327357755,0.85240750922944,0.8383181078713553,0.8138571318959564
0_3_3692,0.9642452137949437,0.8322169229944805,0.9598503795843385,0.8134621509714407
0_3_3732,0.9272593980368997,0.8892357695761878,0.9303030303030303,0.891669859106968
0_3_3797,0.9547653825086726,0.9000218531468531,0.9453995758314155,0.8719508911744117
0_3_3835,0.4137359065743169,0.6832601469200148,0.4099682384559003,0.6688237688237688
0_3_3914,0.23680585289573133,0.0091828339393296,0.23737811989736413,0.010905841852153575
0_3_3965,0.9740028001207895,0.8882780526540834,0.9553873409566758,0.8093795514127585
0_4_4038,0.9505133112928484,0.8661502044329675,0.9459375216457713,0.8530620962144269
0_4_4240,0.7740221219798554,0.4358836206896552,0.7666945504253974,0.4198970992637275
0_4_4283,0.9687660608325935,0.866636550720273,0.9544732662784542,0.8083797529668201
0_4_4316,0.936078183816137,0.8103921506767202,0.9216875775541156,0.7780966343304532
0_4_4328,0.7515010006671115,0.4310748071351276,0.7318399480561643,0.4171621898708222
0_4_4430,0.8546912128267288,0.6520925417114641,0.8394873000940734,0.6326103275255818
0_4_4666,0.9577003666841278,0.9359270080475678,0.9069235995306034,0.8555517561428362
0_4_4828,0.9167482241515391,0.8246729185075392,0.9109394062627084,0.8294314381270903
0_4_4838,0.9527601499522211,0.7369751021924935,0.9302775060249588,0.666771730755761
0_4_4870,0.964773036151128,0.8620998719590269,0.9530277002362035,0.8840444028353618
0_4_4976,0.2736936346212045,0.004070237691444673,0.2706122906978194,0.0035640193627320604
0_5_5010,0.9164892201224382,0.8008074283407347,0.8957669549385525,0.7659114153095744
0_5_5031,0.9632434202447709,0.901731704424149,0.9621362769368126,0.8916592985558502
0_5_5091,0.8811396776669225,0.7854691860731116,0.8597323183477366,0.7362886048988285
0_5_5108,0.8200514138817481,0.8882727647678842,0.812718180960468,0.8784978910608191
0_5_5131,0.8525984519860509,0.896131056117114,0.846303009864261,0.8861471647831022
0_5_5189,0.8827521167763495,0.7325620542955957,0.8709436098586708,0.70538330078125
0_5_5255,0.8501395169825844,0.7363238087853293,0.8469301141186457,0.7186384742315515
0_5_5268,0.9336255707762557,0.9008461538461539,0.9128975832649128,0.8642364236423642
0_5_5291,0.9669355667454527,0.8326510289887143,0.9662817551963049,0.8551783166904422
0_5_5303,0.6500329858820425,0.5678481124961186,0.6409168964978925,0.5550873496620139
0_5_5318,0.9704075146549898,0.9111961573007381,0.9521517879757766,0.8540204455294477
0_5_5335,0.5892437421153974,0.29678698701000117,0.5841165784693152,0.28220648698035633
0_5_5416,0.962458419135118,0.8895644548377667,0.9512128325508608,0.8574194283111263
0_5_5463,0.9348552119759538,0.7699798288933714,0.9162142389588387,0.7095870304890253
0_5_5528,0.9859868491969387,0.9324853679893083,0.9754940991206186,0.878374754156982
0_5_5566,0.43481099759917224,0.1353933799668277,0.43393048691241193,0.14448160535117058
0_5_5586,0.9645281456953643,0.8712115625691321,0.9477821106507434,0.8103355848611558
0_5_5634,0.8964096695751681,0.6120143425512059,0.8884343305207534,0.5943264460819727
0_5_5673,0.7899068839374792,0.5364199567432824,0.7605154680433825,0.4889911504424779
0_5_5706,0.9486423357664233,0.8957416911045943,0.935664693831095,0.8791836482647895
0_5_5785,0.8815161609795624,0.8610171930076973,0.8773264137437365,0.8521231951063376
0_5_5880,0.8916596974074356,0.8362695577183689,0.8772808854322465,0.7996671026037332
0_5_5887,0.9766063326340441,0.9205156537753223,0.958608006114455,0.8814604077761973
0_5_5948,0.18023212833592075,0.1302337282714171,0.13672817004093993,0.11285920310842541
0_5_5953,0.9139604761354444,0.7911144905496416,0.9077309580906703,0.7759459266146914
0_6_6048,0.05129939387632996,0.07547385683230998,0.05034593683780541,0.06484113561944514
0_6_6087,0.7982953334753888,0.7722644628099173,0.7937193652903547,0.7608595950992596
0_6_6112,0.6096628906783131,0.6538786021935082,0.6025450918012456,0.6267715850795583
0_6_6227,0.9683263031033443,0.8573668456312064,0.958253421469137,0.810056386597698
0_6_6287,0.9438629876308278,0.8856359785723185,0.9144600506562284,0.824696670850517
0_6_6377,0.949765410127811,0.7800051072522982,0.9345028930751142,0.7362582986268608
0_6_6378,0.6900200171575637,0.5390980868508959,0.7084784040651172,0.5524958276437566
0_6_6574,0.9563185749322318,0.8460017473674529,0.950189801990356,0.8247343082932146
0_6_6618,0.0,0.0,0.0,0.0
0_6_6646,0.9430491390172197,0.8719877318533664,0.9304304717838553,0.8767318205646671
0_6_6693,0.97177731138849,0.8988996257610457,0.9634096316350809,0.8703907539900936
0_6_6744,0.22620007069635914,0.0,0.2245459394211605,0.0
0_6_6772,0.9597731788881888,0.8807359401504937,0.9554555518121,0.8684131285757302
0_6_6791,0.953888639136857,0.8832318760376314,0.945990701229221,0.8641095890410959
0_6_6818,0.9639827117016168,0.8617474335410409,0.9528822842776331,0.8157860233381408
0_6_6823,0.9702763127723,0.8810750673380958,0.9671502796627013,0.8711039148788527
0_6_6825,0.958816583020539,0.821035513029008,0.9480713087769427,0.8089506172839506
0_6_6826,0.9611382354391675,0.881361128142244,0.9476949924863057,0.841838635178425
0_6_6830,0.7818544366899302,0.7366792712272259,0.7810288774144196,0.7312829722752273
0_6_6833,0.9186058981233244,0.8154058808745916,0.9153066966797974,0.8016326868887784
0_6_6847,0.9549696911382661,0.8283056233592778,0.9449790104240366,0.8009583653541883
0_6_6876,0.932050757265657,0.8221657669101302,0.9283980582524272,0.8132498695878978
0_6_6913,0.38536113280586776,0.0,0.38479926759799266,0.0
0_6_6917,0.9371460037759597,0.8583941605839416,0.9231305695466874,0.8276262852033974
0_6_6923,0.5948175378821842,0.3497396479047855,0.5690359827374317,0.32754644059344223
0_6_6975,0.9524760953332382,0.8577140040527959,0.9298703104898995,0.7893797880155315
0_7_7129,0.9629946320839865,0.8851057664445089,0.953175685205209,0.8558609884631819
0_7_7167,0.9555727326266196,0.8653802107191938,0.9384370822645327,0.8133274248047416
0_7_7270,0.9655560098119379,0.8492822966507177,0.9588238857812152,0.8178483026874116
0_7_7478,0.6631414736927409,0.20686261645453352,0.6427112786679233,0.17039784663865545
0_7_7540,0.22088137416383744,0.23059353061704344,0.21995715337751892,0.22146507666098808
0_7_7586,0.9508937418255321,0.8750582027006053,0.9459821780616671,0.8642457239714417
0_7_7609,0.8961720867208672,0.8749950738916256,0.9046612526421182,0.892375262137459
0_7_7677,0.9384953616815915,0.9384133611691023,0.9193776520509194,0.9202526799387443
0_7_7697,0.9749262536873157,0.9187239738251041,0.9678654507277107,0.8987365086381552
0_7_7702,0.8449162538334513,0.6841734580943757,0.8564395522734661,0.7074646267686616
0_7_7796,0.8386948691691091,0.5259883678127071,0.8264859228362877,0.5103260869565217
0_7_7804,0.8949475829935934,0.6596278667243618,0.8697467100608461,0.6293594902749833
0_7_7817,0.8661046715841236,0.687653311529027,0.846771978021978,0.6457886798444074
0_7_7819,0.963196083573739,0.9185697115384616,0.9522864538395168,0.8932700859768752
0_7_7821,0.887239472564866,0.6717846708522409,0.8681483331252341,0.6211514318168231
0_7_7904,0.49639534687399756,0.2319260200313174,0.47139628448234405,0.20994918427387002
0_7_7917,0.9542836829008177,0.8862571807335395,0.9367282874084408,0.8453129035034863
0_7_7923,0.9100314889788574,0.8980564104726169,0.8824778183005825,0.8680366427333498
0_7_7954,0.8481990682876945,0.6897414798052527,0.8323950727384204,0.6601186063750927
0_7_7981,0.7614493213747123,0.4370750328044853,0.7458870693241557,0.41744463106909885
0_7_7986,0.9705141628229434,0.8837369447951338,0.9606464623830597,0.8452007176496973
0_8_8006,0.722139303482587,0.4571998060658299,0.7052964042759962,0.40755153554901136
0_8_8040,0.12459163987138264,0.0,0.12230288491888139,0.0
0_8_8108,0.3935141749949011,0.22441746209994384,0.3759181685338529,0.19123887748117727
0_8_8109,0.3224056665876715,0.1654553371068761,0.32316859752896293,0.13971758491077174
0_8_8151,0.9588707538754551,0.8906445707678967,0.9393996159790193,0.8424984106802289
0_8_8238,0.9243510506798517,0.8685278826294424,0.9135532912825489,0.8494073086904679
0_8_8241,0.9529978806317085,0.7854199445568293,0.9438275856276562,0.7561120165950511
0_8_8248,0.9133219816751804,0.8272901187880944,0.8958011181158558,0.7917637234650375
0_8_8454,0.9424633044787354,0.860258199581298,0.9265283489672381,0.8221162037825864
0_8_8471,0.9615674809016316,0.856135201666351,0.9513895343433405,0.8204486422668241
0_8_8648,0.333975,0.0,0.333975,0.0
0_8_8711,0.8127215707662939,0.6146161298135142,0.7791945872096806,0.5680344299021342
0_8_8814,0.5666568407089428,0.1309711356172065,0.5634599110534939,0.1243513762676149
0_8_8859,0.8483533819759417,0.7596089291708628,0.7917915468836014,0.7236463775158952
0_8_8860,0.9245996156310058,0.8118602627325846,0.9072145545796738,0.7733779587886608
0_8_8885,0.6978415147678082,0.5176861104387815,0.6753710207318455,0.4897792313982011
0_8_8976,0.9464619786508198,0.8362843669365602,0.933329718298403,0.7990507707045197
0_9_9002,0.9607561436672968,0.9244847739157183,0.9413110881441016,0.8845923261390888
0_9_9003,0.7326192573230673,0.5646807433857227,0.7191687327631836,0.5460542867525787
0_9_9012,0.9661619172528914,0.900060350030175,0.955933003066761,0.8560494904231273
0_9_9033,0.6646937854240859,0.5609801837844596,0.6564295621161086,0.5420915195225069
0_9_9127,0.9673069460613116,0.922423438730264,0.9546499010659347,0.8935936099111582
0_9_9132,0.840084388185654,0.8770014556040757,0.814850136239782,0.8513299556681444
0_9_9135,0.15917487373098374,0.0093220709877894,0.1589673088975598,0.008686496446433272
0_9_9187,0.8744416121949373,0.654553280452561,0.8605210321493196,0.6459425098452665
0_9_9228,0.22738652443670404,0.29698446542796225,0.22664641423456655,0.3053049992355909
0_9_9264,0.9207828169435713,0.8284582314760178,0.901896999159326,0.7892715559960357
0_9_9353,0.17743268570364248,0.05499376277304456,0.17650192227523276,0.05162900683131897
0_9_9398,0.886382710868653,0.8280317664734922,0.8467765968014305,0.7717241090497927
0_9_9419,0.9395804280603892,0.778031399621423,0.9227493197681297,0.7223734059014993
0_9_9453,0.945274040039383,0.9061644822123002,0.9025321386832879,0.8332871972318339
0_9_9459,0.9249136939010357,0.8514175179834371,0.9043390287769785,0.800822561692127
0_9_9496,0.4125874125874126,0.3469449303335545,0.4076061439399021,0.33398821218074654
0_9_9638,0.9414602924523657,0.8011668512051784,0.9230509943660615,0.7375330184903546
0_9_9659,0.49241091519044305,0.50091064923934,0.44397361730351154,0.4622045639771801
0_9_9699,0.806774441878368,0.825850792595056,0.7477781727692855,0.7698201553687347
0_9_9799,0.6281833217984961,0.0,0.6279402453038155,0.0
0_9_9837,0.9671779384884368,0.8859430186013657,0.9575522403712541,0.8531190838989703
0_9_9880,0.1405257436246709,0.0,0.13940102644058988,0.0
0_9_9938,0.9006647818445785,0.7443566213410141,0.9022556390977443,0.7323113996920811
0_9_9990,0.9511383820442435,0.9249105711113852,0.9130045120217566,0.8517204365197686
10_00000006_004,0.9599131539927981,0.8593992102764033,0.9531270503634884,0.8355204736063148
10_00000010_010,0.8974550101160685,0.6897432952391891,0.8713375796178344,0.6304802820004406
10_00000013_001,0.2949003685151268,0.0832758224062572,0.29066075079385795,0.08226229508196721
10_00000013_008,0.8954705094319129,0.7245160133843213,0.905434454333884,0.7234163743741944
10_00000014_010,0.9139518900343643,0.8862909451858387,0.8937934724451578,0.8519789767242304
10_00000014_016,0.9222560215429113,0.8397980134287776,0.9109582309582309,0.8148688834820221
10_00000023_007,0.8513805004314063,0.7998947210106783,0.8307789208482049,0.7751937984496124
10_00000024_023,0.9247408374826545,0.8782985249672967,0.9140235066816937,0.8542573026724674
10_00000027_009,0.903363700070077,0.751188845006851,0.891356376858287,0.7186464742072882
10_00000027_010,0.9477760736196319,0.8102262016965127,0.9351465486903625,0.7621525400520334
10_00000033_020,0.9594443199641497,0.8888331585427021,0.948015985399163,0.8575657009597273
10_00000034_013,0.9215351812366738,0.8925087108013937,0.92032675578188,0.8837451235370611
10_00000034_014,0.8628046059091314,0.7395846824677287,0.8691060144062928,0.7542916146796885
10_00000043_019,0.9620393697425168,0.8893976525216045,0.9561562829989441,0.8789561000510464
10_00000067_018,0.8744329697905607,0.7656193895870737,0.8518067777569743,0.7265039232781169
10_00000069_002,0.867840269238237,0.8449342436878523,0.8316788951230039,0.7620137299771167
10_00000069_018,0.9393128067826862,0.8699981728485291,0.9211260240543838,0.8342729306487696
10_00000076_017,0.9441367686010114,0.8711662160902396,0.9204065676309617,0.8194230943123249
10_00000083_002,0.9281456953642384,0.8740242844752819,0.9140637387030284,0.848326137730908
10_00000085_008,0.9619593812480269,0.8833290344768292,0.9494970391249257,0.8442399024923297
10_00000087_005,0.8974473090250182,0.7267144709741399,0.8710346510492923,0.6689122755908379
10_00000089_017,0.9363969824901377,0.930395085385786,0.9274105435673313,0.9144468643547217
10_00000093_007,0.9135740007737865,0.7845207704803899,0.8913441156828015,0.7267860508953817
10_00000094_012,0.8963667024375287,0.8176488426159911,0.8897546167467746,0.8011386336396324
10_00000094_022,0.9563202673959282,0.9035687869822485,0.9394164930038702,0.8559626436781609
10_00000098_007,0.8857778359283004,0.8367885836282937,0.8591683017912526,0.799945518932171
10_00000098_010,0.9230446414520275,0.8441675154274759,0.9068494552151005,0.8086570995216428
10_100814280_70659ccbfa,0.2577103792281827,0.019523447829634007,0.2543181118973322,0.01639392599144921
10_108765872_c1d462aa15,0.912457768464269,0.8579850550110774,0.908387535603452,0.8485188090701932
10_111078578_967ba44a4e,0.8783835303088067,0.8996162239446158,0.8663525911232334,0.8818950177935944
10_114197289_0b92e3abcc,0.9168543727352855,0.8825100133511349,0.8984521014041309,0.8564589247129603
10_115003816_5268a2536a,0.8624235006119951,0.7494310423304507,0.8526857510453522,0.7304842451912282
10_118134441_c58fc0719f,0.7743247717704933,0.5804666529010943,0.7560086727868247,0.5561224489795918
10_132474673_88eaf528f5,0.784705622770566,0.5849212924606463,0.7786294369924264,0.5621942179392142
10_134815623_dcbd7ad8e0,0.9158904989514651,0.6279889875336406,0.9161585085020542,0.6556113585394359
10_135418000_4666dec3c4,0.8934592043155766,0.834564634101518,0.8857535861662409,0.8181752195688466
10_137117726_7d0ef6a2f1,0.9665607723409523,0.8537115924952415,0.9619399783448078,0.834562273763239
10_137385456_396ee799c5,0.8601521064745322,0.8211391525816161,0.8614593217799531,0.826276368083155
10_139375137_1d54fa7e20,0.8867681552683623,0.811441230127704,0.8845714807543035,0.8036643585222141
10_142031788_e469594839,0.7081703910614525,0.6086424639297665,0.6697362362691573,0.5863111790878754
10_144439584_97e8823d39,0.5152159173881298,0.383607314979864,0.5165007651960078,0.39955731437386816
10_152108976_efb920fd16,0.8961132191570096,0.7035146630848444,0.8875774190273125,0.6820852661806937
10_152109747_5678ebbb1c,0.7469238948807535,0.49984081502706146,0.7370234955646128,0.4811350311059392
10_1557631_c5d89caa41,0.4288300885590334,0.2738208670795617,0.4136960276338515,0.25722409370460797
10_156234186_1b16bc540f,0.9074152414334925,0.864876351369299,0.9103151254132419,0.8646182249769221
10_15955708.montblanc1,0.0,0.0,0.0,0.0
10_161208056_248b2c2ab6,0.8993905297702766,0.8506803837875305,0.8798239985333212,0.8008727526618956
10_161577795_24ddf05710,0.8532322426177175,0.5882020487460261,0.802656261724319,0.523768481071405
10_162330937_390a32901a,0.9784330985915493,0.9193654062149008,0.972262404996441,0.8906106730240235
10_163690182_59efbae927,0.7259278827103421,0.47803013267371264,0.7009232728430436,0.4578155084894101
10_167944629_67a359c464,0.4713977979894686,0.4166199943993279,0.4460938162694037,0.3856511321837141
10_169329862_b3b297c7a9,0.9434002792396091,0.7654195617316942,0.9441696682974033,0.768882014081502
10_178480338_a73f99f0ba,0.8926836639968913,0.6148597422289613,0.8717139188819432,0.5664400138296646
10_184503160_143a47edb1,0.9103108041440553,0.8763541817131302,0.837899129172714,0.7673267326732673
10_188491483_a44e3d6e02,0.8996615268898082,0.9068100358422939,0.8830340784170025,0.8876791411353623
10_192447210_936a00b749,0.7522619560534253,0.7175233086301698,0.7400967177693178,0.7089021881428839
10_197325318_cceafb4122,0.9357483253907422,0.8050800383780236,0.9196305757516211,0.7519398642095053
10_200477093_158e8132c2,0.9434353458205597,0.7191311314875812,0.9315823548968486,0.6679509935495043
10_201960469_f9110392d6,0.9373602609683686,0.8139051474208194,0.892292662503053,0.6901871522508852
10_206775277_55350e13b2,0.8903805677228511,0.6847447073474471,0.8747432124812614,0.6535562310030395
10_206775389_ad06667dc2,0.9205350795941667,0.7203094777562863,0.910674037848182,0.6790082954492197
10_215268421_d9e8d9a11d,0.855792750722704,0.4948605425146526,0.8461144726980239,0.47323820617355855
10_217098809_9fddf98ceb,0.37591600735172315,0.09216514063271013,0.37075101882398603,0.09349451062835785
10_224830165_1fc5dcfecf,0.9466149561414925,0.7627148266822021,0.9388439992771769,0.729570874229628
10_229961305_0a965550ec,0.21762088691145554,0.2982981851077062,0.21090271857535284,0.28846153846153844
10_230453144_086f387b70,0.8093797276853253,0.6900942195059843,0.7961916096399881,0.6661125425982878
10_23411894_f0827bc59c,0.8968726393715063,0.8876631520274978,0.9027950971744882,0.8944120990002552
10_234794066_610aa191d1,0.8622634643377002,0.6767967675378267,0.8459072978303748,0.6363408625944637
10_236916255_307bc2272c,0.9007690947666195,0.7504249729562664,0.8787774281157046,0.703014784037105
10_240787824_95ef80a11f,0.8794859217109782,0.6399673624804515,0.8641618497109826,0.615956211643722
10_245737491_33814f1975,0.09726191395690122,0.0,0.0968253510567746,0.0
10_245741115_52f74157d9,0.35227207936598437,0.03112078945917636,0.3460859823554124,0.027875123725957036
10_246111556_0fc2277e24,0.898913458534384,0.7969431540125537,0.891859344894027,0.7880371864585161
10_247193222_122354a299,0.5689824165379589,0.3916145181476846,0.5435538092738904,0.3980156898938625
10_252237817_b4d44ff2f7,0.029672379619913723,0.025389078542594205,0.026359672290753918,0.03499172006623947
10_256056095_92cb6f9946,0.905912759590097,0.8458601458601459,0.8850868683305406,0.8072504786481312
10_256246201_af99191b82,0.3769384835479256,0.05057818705845137,0.3733915310923417,0.04772861973991563
10_257305705_33f7249c08,0.5132130255807116,0.25499238540571845,0.5039516756189752,0.25169579963475086
10_257430398_b468551510,0.8662276999268389,0.7045395590142672,0.8153202328966521,0.5795597760778451
10_257476956_dd7b951ab3,0.4833311595148037,0.19683751363140675,0.47897682474440006,0.17051445191783313
10_259829970_8ad028f44f,0.1298788016226976,0.0,0.12792544610726428,0.0
10_259830185_a6b7dd03eb,0.8052116659711597,0.46671280276816607,0.7850849448761974,0.4160989035780355
10_259871222_13311d0e2f,0.2590712780694504,0.22676727561556792,0.2587499564100478,0.2259787262214768
10_259872599_ece5e7f0f4,0.22234378674628574,0.02001196728940895,0.2167909554952943,0.018970958476649764
10_260120621_66276c1d6d,0.8267323437395993,0.7168564517080653,0.8110915147952185,0.6942206248913106
10_260372546_03d18a4e9e,0.3795572480188793,0.07171935902988306,0.3772656999680136,0.06350673356218643
10_260372597_3269d98a53,0.20049931129476584,0.06948033304622452,0.19166269730466634,0.05795344325897187
10_260610820_773d74b04a,0.45415511528839003,0.11788772196212409,0.4421222394101965,0.10866023311191879
10_261185388_23b72d8b06,0.0,0.0,0.0,0.0
10_261412567_6cfa782a7e,0.3716701124665793,0.15440921390411433,0.36932741021200616,0.15466732869910627
10_261717707_bb5b8e0b80,0.9617326899337897,0.8805114296784192,0.9582130965593785,0.8699049954030034
10_261964240_8eea8f76d8,0.8560817636223186,0.49387322646029114,0.8398672836811316,0.4676814570127667
10_262725611_c3ce2b827e,0.9272940486660803,0.8988793192902356,0.9262554137890671,0.898867690398635
10_263409221_258fe30291,0.9374710990083749,0.8713586956521739,0.9321661902817476,0.8562324476128753
10_263808439_8c5342f1eb,0.4323501349952295,0.4338768115942029,0.42537432621281696,0.4113370905823736
10_264482836_a97bd01e84,0.19517813073467064,0.017489040201473745,0.19219121917176576,0.015372564378732988
10_264484124_5edf738e12,0.2880211733980039,0.20533598711022652,0.2841851106639839,0.19144033728796941
10_264977419_e80d1f1333,0.9605119400655533,0.8842802172928927,0.944887321784455,0.8462598533708174
10_264977628_cde9f779bc,0.951246837730394,0.8607560949414671,0.9551316593023673,0.8691372633390706
10_265627532_6350797cbb,0.9574552397420656,0.893139704351447,0.9494992542083955,0.8639032109857573
10_265870892_766e28e379,0.954155518164014,0.8649918300653595,0.9439359267734554,0.8391309605385142
10_265917413_40738f7de1,0.9395539906103286,0.912852217334443,0.9215940152496044,0.8777393310265282
10_266085492_354fea0ae0,0.9506902348326626,0.8429908110602945,0.9381800819239565,0.8041863881181655
10_266284290_829ababfdb,0.9606416834448269,0.800967596759676,0.9518010291595197,0.7525445988836599
10_266448508_94af676059,0.7671477217447705,0.5788676607642125,0.7611702973445699,0.565541768139472
10_266501049_f8f3228c06,0.9258794478403433,0.865047233468286,0.9159945699912162,0.8409627182633318
10_266505582_b6bea7d285,0.6179443410882449,0.47809163303931723,0.5999925573087228,0.46776430425660537
10_266618383_e120335223,0.9273601619843078,0.8829247675401521,0.915619166148102,0.863296102661597
10_266623585_51b4e13abb,0.9450558342773911,0.9103274148884183,0.9290948702713409,0.8779621798452086
10_266684747_d96b086291,0.9290653217278125,0.842862819550532,0.9224006423123243,0.8305757776307081
10_266685287_18eb05146e,0.9325639739086804,0.8707034042787218,0.9253701777843807,0.8570801076154395
10_266685774_034585ce2d,0.9300232288037166,0.8601850155706173,0.9148528572593136,0.838288022511687
10_266691786_6d0cd9edb2,0.9002771828146655,0.8075944926773656,0.8766188041514864,0.7435321062006955
10_266773213_3f861ca816,0.943932094517091,0.875202922077922,0.9201590563845947,0.8304882297317474
10_266774009_d85fd2d1cb,0.13755957334140254,0.0,0.13657188349631233,0.0
10_266774040_f40061481f,0.9609072587094917,0.8471261476543831,0.9505031704470173,0.8000239205836622
10_266809441_93200a116b,0.9066339066339066,0.8581898391916892,0.9007474361202851,0.8538553287027293
10_266939706_4c0698df47,0.9680474077603407,0.8959245857931822,0.9515893846602508,0.845265055229468
10_266943402_f88493c435,0.9412062116287468,0.8746587807097361,0.9198505568870717,0.8337383108754878
10_266985450_6d8e8f730d,0.9259888541525079,0.8004034149544985,0.9050064184852374,0.7353006830662083
10_266996498_e98c27d9fa,0.9405191942692708,0.8620164483703929,0.9276317769950931,0.8291470434327577
10_266996502_b334ade588,0.7966622852314337,0.5778340772911891,0.7865969361780905,0.5479176526265973
10_267001913_e22cf985d5,0.7005186346640936,0.6045723295230587,0.6852122641509434,0.5650768294538263
10_267014693_4f1ee75c4a,0.9337236240686244,0.7808982683982684,0.9207313313189862,0.7246467165419784
10_267183829_e8538b16ff,0.9598622674478363,0.8700103234686855,0.95406288280931,0.8496247014670761
10_267183852_ce52f4236d,0.9105595188962915,0.8701081081081081,0.8832524545762329,0.8144019907719425
10_267283020_efc5754cec,0.9610248615785474,0.8556647157190636,0.953041192877065,0.8232436854484099
10_267294594_3ac14453d8,0.9064816574795667,0.8556722501561989,0.9044940269262373,0.8516218284570554
10_267300600_05f6c6fee6,0.9529863633656881,0.8553245057814248,0.9481325960315817,0.816069610293437
10_267300813_22fcf61089,0.9545291157440691,0.8744868961161983,0.942425205750415,0.8419206766723399
10_267303537_2872e24990,0.1254814841356576,0.30600758595375016,0.1211890770826132,0.36780669144981415
10_267303541_20c1da051c,0.8473962684489,0.5561391780473053,0.8375254554460895,0.5444039693505841
10_267311260_f18be257e2,0.9043554833028518,0.8301991559931887,0.8919667590027701,0.8111611556629682
10_267393563_c72e472e3c,0.8916979518129544,0.9061149061149061,0.8873571900670381,0.8948870083973673
10_267412727_1727822888,0.9812955812955813,0.9160913436006373,0.937988720268098,0.7341585617447687
10_267451067_221b5decc7,0.8323874123292728,0.7081026247939474,0.8239511719193157,0.6820902968321277
10_267463817_50230632ce,0.9107529331358925,0.8871595330739299,0.9009733865976481,0.8608130999435347
10_267466377_0af5d33261,0.6193328165245443,0.31140997297961187,0.6084686632434956,0.28768561108881546
10_267466379_f8bbb5fcc8,0.9098179133858267,0.6324158259642131,0.8874842729614763,0.5546172276994383
10_267496810_ea8700bc19,0.9187942678306704,0.8872495939361126,0.8990476190476191,0.8694171578258022
10_267551886_bddb4ac4b6,0.9691072958176604,0.8405789917216081,0.9692792876356553,0.8448600912879539
10_267558735_68fd4bd891,0.9253390949465851,0.9055004879050896,0.9175093134646088,0.8934007585335019
10_267561242_d29d940853,0.8739888846090353,0.8487834392151778,0.8531673966456575,0.8004358015047486
10_267640333_d68dd4aa2e,0.935544029372341,0.7852412488174078,0.9146757679180887,0.7138636038697994
10_267661663_55aa54cc71,0.7853192394541348,0.49700430630967984,0.7462153004445273,0.4228040019392657
10_267687096_fc062d2623,0.8896879570941004,0.859765474817378,0.8753439406627587,0.8500215899822482
10_267687692_468e936114,0.9541267614225584,0.8788083953960731,0.9407154821727686,0.8411276948590382
10_267687863_2b911db6b9,0.9347372810675563,0.8152223402640765,0.9314649681528663,0.8023807729978151
10_267688089_a88a46dd9d,0.9314921730849354,0.7906483243085028,0.9213902495917892,0.7133311280185246
10_267688590_6ab2c60659,0.8725931747423148,0.5713159554340971,0.8799675344195275,0.5845894381785601
10_267688716_d3bfd5e5ec,0.9032735426008969,0.7174985204182285,0.9217969307637401,0.76109537299339
10_267688742_7cf79bd0bd,0.6804857621440537,0.48748859637690606,0.6710382513661202,0.46724343301360416
10_267688939_7a331af52c,0.9499288087327954,0.8560165697868645,0.9515208235844642,0.8588874723210091
10_267689043_8ed546e74e,0.9449793073404487,0.8509977827050997,0.9436317618291794,0.8451466700239204
10_267689095_cc345739aa,0.8609423161602818,0.6581767822736031,0.8667942750250142,0.671253455113568
10_267689217_5f9b7de27c,0.9548168513427199,0.8326975769623381,0.959328759196495,0.8417837837837838
10_267689464_3dd591c84a,0.8954420870977565,0.7028985507246377,0.936683974391289,0.8062105100940052
10_267690183_224c509150,0.7924148758708665,0.6399013910899807,0.7750509309707679,0.6168927390858315
10_267690371_4874327dcc,0.9308705478918244,0.8417840375586855,0.9021657392089036,0.7750650749483888
10_267692916_7a63f7888f,0.8881254294459366,0.872562489454528,0.9039776159740549,0.8771018853274453
10_267692977_62b9a260bb,0.8937922101952077,0.8792245708279809,0.8977032898820608,0.8841684397577685
10_267693197_b9d8dd822d,0.890437005174241,0.867570385818561,0.8995203231507195,0.8809846092144182
10_267693240_8ce8970324,0.892855916783961,0.8374044812848077,0.9000763570734416,0.8378063312781722
10_267693798_74248c315b,0.9349074664964901,0.8868867748554374,0.9252332784442876,0.8858273652468903
10_267693828_c8c86c50e0,0.9269226892450357,0.9018848729759517,0.9149590163934426,0.8865222589884048
10_267744690_ac99310c04,0.43650190114068443,0.03903350548908671,0.43128415300546447,0.035207848948619024
10_267767008_59aabbd596,0.9602099737532809,0.8736632463090445,0.9468022133573543,0.8365384615384616
10_267778234_50c3b2c18d,0.6770901085705708,0.47980894485453757,0.6414148578994656,0.42629754996776276
10_267779210_3d38f9a927,0.361145664883692,0.258112050926881,0.3516949152542373,0.2526066765968632
10_267780676_e2346e581a,0.4966126995062579,0.6459120013134132,0.4764035055553518,0.6377300992463864
10_267781157_7f33392f45,0.42709158990898405,0.5117213347197278,0.410371537350663,0.49450601496637303
10_267781192_ae29cb453b,0.4927131782945736,0.4077336386858099,0.46819787985865724,0.4107530774800869
10_267781224_2039c2b3fb,0.6642426562051479,0.4670846394984326,0.6490793532105804,0.4541447954838071
10_267781270_9648a04e83,0.9464198312843694,0.8360177031528038,0.9505424746075716,0.8429269183366047
10_267781788_2765356aeb,0.2439909835093131,0.4007096917276558,0.22690851457251035,0.38768331125222716
10_267782373_d2cbfb0560,0.9462704015107234,0.8690470152660141,0.9390736711221636,0.8540962944290396
10_267782444_2e0050ebd9,0.9702742540646775,0.8611984131073214,0.9673034128715271,0.8355711738172663
10_267782578_6f209f0815,0.888947998404043,0.8558291308217146,0.8672635266640716,0.8225682429834679
10_267787440_0399594cbe,0.8395576882954309,0.7592914853946551,0.8196513258967337,0.7181887770123064
10_267787613_cd71b51421,0.6320942676609552,0.44599937571532616,0.5941650221345138,0.4141932141932142
10_267795560_bcae5fb9db,0.9431848351298253,0.8745397904276409,0.9320500078464194,0.8497545460831086
10_267800563_c521d904fa,0.054279026217228465,0.0,0.054279026217228465,0.0
10_267803933_d803fdcaea,0.681673444938365,0.4333480111551446,0.6327458120903132,0.3445604132275414
10_267849716_999316bd5f,0.9148443601472721,0.6821416718905564,0.8915257910706545,0.6503529411764706
10_267907104_92b81c94cd,0.8704641847313855,0.7872156481331388,0.8635661575424747,0.775011942041293
10_267920434_fbb13ef558,0.9359835068985568,0.8615822424587365,0.9182000927787227,0.8163628279235216
10_267921452_ed232ffb29,0.916168953457089,0.8221287719497642,0.905993690851735,0.8014136654325144
10_267923236_a7d4c3971f,0.4862231182795699,0.5718929461480117,0.4525247493929394,0.5589526497334588
10_267935839_30e321dbe5,0.935880367813245,0.6216237375714397,0.916802856969917,0.5313006561173292
10_267942018_4013a57095,0.9471277568642463,0.822836069130089,0.9382671935429628,0.7963823372938464
10_267960073_30075b5290,0.589280831282472,0.3300897907519481,0.5680913348946136,0.314337666357165
10_267974667_352a19b37e,0.6419965576592083,0.48412484864792144,0.6252591194579376,0.44914750198255354
10_267974673_5cd8c01d05,0.6799431009957326,0.4846178548490687,0.6586945085184736,0.45661078900932695
10_267975486_b9cd08a46f,0.6748726169347913,0.48663536447813655,0.6607252956672832,0.4647186423376292
10_267976432_b4e9429cff,0.9342765115994618,0.7481418986782371,0.9266883497303084,0.724739645440814
10_267976435_62994d7dbe,0.7829457364341085,0.5127379085244372,0.7764363303232561,0.502124079915878
10_267987584_e90efadcf1,0.9630381459866362,0.8941161471281953,0.9529741253187309,0.8617369414726243
10_268001653_da15cc1bb1,0.9581444271154473,0.8745088701035838,0.9408788564958959,0.8203998840915676
10_268001846_db119074c8,0.9640775345140148,0.864055538286188,0.9554097999228353,0.836507694651836
10_268008679_05d9f1e40f,0.9425027547820191,0.7526069759079468,0.934666890793971,0.7200140490546157
10_268012766_eba8915621,0.6318003108713541,0.6362199574908715,0.6175869120654397,0.6269674993284985
10_268012886_472fbedb54,0.14429264690368182,0.1514491130165584,0.1309753483386924,0.15598718031446945
10_268014269_0353776d28,0.954676738502555,0.905167582109629,0.9328706214076564,0.8648174542265102
10_268014760_9676395938,0.5402107850948078,0.41225484416145897,0.5227954212173609,0.40540929362681627
10_268014977_b47bfb117d,0.7815222047693845,0.6563652456114472,0.7949016751638748,0.668173062675952
10_268015474_2bd515353c,0.9201694603057653,0.8556459020855306,0.9044841284042515,0.8226760516836853
10_268023025_784a1ec774,0.9502393550012598,0.8502742230347349,0.9501300226491066,0.8552913125878828
10_268026286_c48d28c944,0.9269423832387603,0.7878220140515223,0.9137061285821616,0.7427521437321356
10_268032800_bfc9cd4caf,0.9163576280521388,0.7871741346667314,0.9083500090958705,0.7669566889390953
10_268033410_d278ddd024,0.31793084408861894,0.36105369417872424,0.29469510440315927,0.3108441743424176
10_268037364_97cb639b9e,0.9330197132616488,0.8804079441760602,0.9198523741324226,0.8588421887390959
10_268050666_fd8484795a,0.9289754467155161,0.821211096075778,0.9182801822323462,0.7922939737049479
10_268051804_e75c8bd959,0.9363567553929608,0.8816103595456847,0.9191410474277769,0.8494326241134752
10_268067924_c212238b2b,0.9637987012987013,0.881788550704678,0.9564616447823082,0.8546241601659377
10_268077139_f4250e6df3,0.5342892991575551,0.4399799654961322,0.527550695402909,0.43280841355517224
10_268087093_7d2ebb8690,0.9438739376770539,0.8806010681633023,0.9288389513108615,0.8556088036918708
10_268090450_7103d5475d,0.4966985473608388,0.5532534391087855,0.4574401817448976,0.551781523362492
10_268092274_58b19335ec,0.8848345253970178,0.8740833857112927,0.8783751493428913,0.8471337579617835
10_268095200_956217bde8,0.9210222588623248,0.781458895273836,0.9021883690001209,0.7307299352934499
10_268096162_0b812ff56c,0.9396789509382771,0.8281922084306256,0.9243783303730018,0.7876037032583865
10_268101001_cb023c75dc,0.875012130033964,0.6234473474882213,0.8371931127303105,0.5678921429785305
10_268113688_6486df5217,0.9525706940874036,0.8879240383054698,0.9279116215204094,0.8197441732716001
10_268118418_3053caa1d7,0.9189458973847076,0.9205137105171816,0.9053497942386831,0.9092686292548298
10_268121720_f0d8c64b88,0.11347250956052912,0.17052023121387283,0.10775733761981306,0.17387178700008374
10_268122508_c361b4db6c,0.269278895999428,0.37845676851527726,0.2527295867104294,0.3284567262696419
10_268127478_dfb1265d0a,0.9133274297099845,0.7525049065179217,0.9036188266009137,0.7383633256258169
10_268129990_04e858de05,0.6379025226254548,0.46575539568345325,0.6287269285376242,0.43620044358192406
10_268131111_8fbe13baef,0.9482855536818438,0.7911529759431131,0.9434809815402494,0.7726712047146969
10_268132722_ee1448d776,0.8938032921435412,0.8178332872218489,0.8920087375989806,0.8200999881903712
10_268136909_f2dc3bee43,0.9254284560901318,0.8548888543447847,0.9055371104209061,0.810747309383053
10_268139713_919734cac6,0.9251972645975802,0.8677225795988972,0.8978306152517401,0.7939760270464091
10_268139718_1a9192a52e,0.6050331229665634,0.46640902853622335,0.5703504638492122,0.4319542230308784
10_268142756_1007aab622,0.8949177066377283,0.9206000112784075,0.8887990658402947,0.9095264623955431
10_268145469_9c89086dd8,0.9442217768871075,0.8852574487567796,0.9352541702380167,0.8587856800602368
10_268146459_503a3645fe,0.9633519368762543,0.8984420986540046,0.9625394213629508,0.873095452587051
10_268148358_2c990817e2,0.9541867982898259,0.837724250407728,0.9459831886454457,0.8115041525684404
10_268150486_bc129aa419,0.8817082815501074,0.9215954193506409,0.881981981981982,0.9153442539032506
10_268155424_8f0e352947,0.8857198104998549,0.8039060438110319,0.8901979719942057,0.811292588689849
10_268155490_7dbe72fa01,0.9312402910636907,0.8370194694170205,0.9203763010408327,0.7814001187456145
10_268158274_128ba8610b,0.9503766993560335,0.9069004782509679,0.9308398896074473,0.8635472370766488
10_268167124_b277130727,0.9389385768775483,0.8842232653659968,0.9252498634187101,0.8610731004681311
10_268167939_2e6847d767,0.824365153586073,0.7170167571394855,0.8121375165956257,0.6742436057392389
10_268168007_aba64bbe7a,0.9187231643318732,0.8659996426657137,0.8998771238506843,0.8235777633571274
10_268168010_d3852a2e6e,0.7227180982283024,0.6204700854700854,0.6997454372869655,0.6117426661557457
10_268168390_affe478866,0.8622258998758792,0.897653700730305,0.81039041841655,0.8493431240321695
10_268169446_590c2cc58e,0.9250199566655263,0.9146231986770612,0.8933727034120735,0.8617632424119057
10_268171006_3b22a27896,0.9325049701789264,0.9081982543640897,0.9153300281909206,0.888651127244937
10_268171623_00e193c516,0.8745601832910563,0.8728636012790826,0.8626015606145926,0.8434520282281959
10_268172530_e440f57dcb,0.6644675103085455,0.39431030360984937,0.6338058710324452,0.36832295312997226
10_268173785_ddf856ecf5,0.8980328460566684,0.8395006354190028,0.8791053975521704,0.810463311904234
10_268179190_1a6efc3d39,0.9340076735263342,0.8412518682911364,0.9128349884369473,0.783725343100481
10_268180917_4556a9bb75,0.9361795936363302,0.8871119473189087,0.9318016046681254,0.8788481022523575
10_268181570_6369b8852f,0.9035818557288329,0.8864921154418328,0.8729547641963427,0.8463438256658595
10_268184826_e9accb1339,0.9473385540801271,0.9051969365426696,0.9316149685395739,0.8882260426270405
10_268185248_9471d517d0,0.858151023288638,0.8005648375432206,0.8533914086418584,0.800225172151965
10_268186388_89489d8fdd,0.9641795972268076,0.8569154355578197,0.9447211799715358,0.7861596772221543
10_268199200_cf412367d9,0.9150302672375609,0.7254509971916797,0.8981651376146789,0.6873666745674331
10_268204981_fe60d55f2d,0.9169813479803182,0.8748012514745859,0.9040183568390419,0.8555194805194806
10_268207227_f985bd3500,0.6570160636700636,0.24240717563621192,0.6204971204155636,0.22653371359576993
10_268210168_c2c0833ec7,0.9192746084534266,0.8153676470588235,0.8846206090901682,0.7303788321921343
10_268211018_3b6c9d60fe,0.9295248711160652,0.7399850709131625,0.9247255475257903,0.7269204014707343
10_268211019_270132655c,0.5607091390462147,0.23934778232570622,0.53525497472647,0.22412889703955988
10_268212162_6982292e19,0.905436943556055,0.8369061641146447,0.8955861009135149,0.8149126213592233
10_268213254_f293aaba36,0.4550185428879053,0.4949399413600681,0.3960133236181951,0.5105310893882898
10_268213338_b07e31403f,0.9359692092372288,0.8988564668769716,0.9272413793103448,0.8891367604267701
10_268214583_21290bd084,0.9250216165026558,0.8814385730955159,0.8949414798651061,0.8135863498644554
10_268214893_d72f1df309,0.9648343609572578,0.9023030658647498,0.9574379951328121,0.8821182444686253
10_268217148_13cbed044f,0.8645080163470606,0.8545633617859488,0.8323676716095453,0.8107106981416373
10_268217391_a99ec26edb,0.9545765664862174,0.904270616147818,0.9426181973567744,0.8782098830843135
10_268217543_52a2013e8c,0.9296139359698682,0.8592305941270203,0.9252495550568753,0.8548553025897929
10_268227714_a9172f0585,0.9529167471508596,0.9127912692950546,0.9439480097481722,0.889985008946274
10_268231155_a6210a13b7,0.8038828821718885,0.7530833499104834,0.7925243770314193,0.7320140378241372
10_268231902_1586ec90e2,0.9292225536619454,0.7439460425808548,0.9154658981748319,0.6907195910869739
10_268231974_e051f78f99,0.9264847071732273,0.7228907825408183,0.9253966083150985,0.7214243940476964
10_268232243_8022b3ca0a,0.9230752256327648,0.7081236520488857,0.8805882352941177,0.5666444795740079
10_268232438_d4c7878070,0.5708234277069375,0.5706409162909711,0.5588841671224808,0.5566085531217404
10_268232457_4d016499a5,0.520140466845693,0.27084154336689,0.5118110236220472,0.26045302371963813
10_268232543_47709ca249,0.9227298905740066,0.816734824793521,0.9017207457605946,0.7669346027782113
10_268233109_174ef0fd9b,0.943213728549142,0.847594129430522,0.9320769423489129,0.8094381123775245
10_268239670_5f96290ab3,0.9406001224739743,0.7307387264899161,0.9335189873417722,0.701216814159292
10_268242883_22851fd122,0.27636931350015176,0.04205346158147858,0.27278486430956256,0.016166370861949223
10_268246654_5600cde952,0.9168814802085123,0.8401605958338182,0.8938829934996388,0.7924262885437767
10_268252475_3716432836_m,0.9321112319403448,0.8626097867001254,0.9223688247928813,0.8485082702117792
10_268253251_48e9b94730,0.6606985247761947,0.5363672271752624,0.6395629000462411,0.514821021400511
10_268256903_3b133255f4,0.9376868342385584,0.8462618659776442,0.9253328908615754,0.8123283155697176
10_268257348_58c33fa2d3,0.3603732721829416,0.1550069162090791,0.35346120204923154,0.14714455803259843
10_268257878_a7f3698218,0.9544566414437458,0.8565241844769403,0.9444522422626149,0.8286075392900318
10_268260683_84238c97a4,0.8572940927376668,0.845223700120919,0.843246469067038,0.8559991682262424
10_268262004_d06aebbcd6,0.9536226485379028,0.8973172555617872,0.9455591619946887,0.8783297999815651
10_268262571_a713359657,0.7800456167027312,0.6022848034006376,0.7580690746707366,0.5836980543398189
10_268262591_b9821c9af8,0.884361549497848,0.800480547084373,0.882637112816141,0.8030039380895686
10_268262614_2621f16475,0.865943814687038,0.8746899255821398,0.8478959203340829,0.8603514855386555
10_268262624_e2c6dfa278,0.9360821234119783,0.8735112936344969,0.923046809462558,0.8461938315813793
10_268263570_c28d1e707b,0.8700670141474312,0.8806320138462398,0.8517072284780239,0.8644431012693005
10_268272471_95133f344c,0.9103205323359284,0.8207650753217094,0.8987450207735469,0.8001114062901705
10_268273406_d54a0783ee,0.6766666666666666,0.6264497288277013,0.6377631165567075,0.598917084208825
10_268276931_3412319482,0.9665975738217405,0.8853803316810477,0.9607240552497383,0.8641655105856807
10_268278759_66f39a7eb8,0.7776691116544417,0.552602043830114,0.7582042113627334,0.5315935655595417
10_268283312_da35ac9f4c,0.9727879839342158,0.8981575780020369,0.9584326927572825,0.8456137192240176
10_268283436_b55b7f7190,0.9607567807257409,0.9064972002488668,0.9528903216352846,0.8855988050259204
10_268283665_4ef68e1d4d,0.9173031256016944,0.849117534211536,0.8969421718978443,0.8199892360781335
10_268283673_7b0903063a,0.2551748610180184,0.16906023424428332,0.24455022856926972,0.15897597977243996
10_268283692_95ce1b1fb3,0.9400100221919966,0.8635661435889097,0.9196022130401289,0.8194290245836637
10_268283809_06f7e47848,0.7487365229110512,0.5850190266372922,0.7066210953024402,0.5578009769179197
10_268283974_7a8c597b0e,0.3363876576883737,0.2047586998693535,0.31316415543219667,0.18030407489386407
10_268284017_749118c309,0.5512157833430402,0.40035883216441037,0.5284308937417149,0.3751784555483452
10_268284434_26bb088f22,0.9273324673339955,0.842880390561432,0.9112191473448018,0.8119869291464095
10_268284540_ff074283d2,0.8877460974348051,0.7204790331974374,0.8755434293766677,0.6994178106806583
10_268284552_7906464eeb,0.8638775271707374,0.7057191634656423,0.8471356553620532,0.6686443725278677
10_268284576_f631047f15,0.9643319268635724,0.9123157816781456,0.9602730528200537,0.8998454632423284
10_268284865_e4bc4109fe,0.6397903145282077,0.4078576351901748,0.591221535271303,0.3826384922901199
10_268284889_853fac59b5,0.957813160490348,0.8697694744892385,0.9346166520210897,0.8375710330759143
10_268285156_43e66d3ffd,0.892742606010215,0.7654907037796238,0.8727251829431822,0.7334192809053144
10_268289886_b23a2eb6a4,0.9284316228406093,0.9158753211931627,0.897038427021294,0.8786802862293112
10_268302285_c68ec99f56,0.6205810069947697,0.6291100183203162,0.6186049433120819,0.6194902261402836
10_268304754_2c3987b247,0.9027295964944313,0.7857970342910102,0.8679964927663305,0.7274096385542169
10_268307429_6d09236528,0.7931739475111612,0.5717346392225878,0.770856102003643,0.5472348073538773
10_268330988_399015a7aa,0.9425355132672206,0.846093133385951,0.9262778676969665,0.8045625260815135
10_2719989.izfennel_p320001972,0.9320374674272837,0.8611268712084843,0.9263455103179029,0.8479661090217439
10_28113685.growl,0.9056467290564673,0.6989035806651368,0.8920727335925789,0.6187713925418843
10_28242550.img_5000,0.9383083200774605,0.8254876462938882,0.9307246476216605,0.8041136643414034
10_28664556.moe,0.5259137141763692,0.3994358081747794,0.5180505675508056,0.37105355472404117
10_29187800.img_5050,0.9418419753988997,0.6445204779899908,0.9362486828240253,0.6174379006410257
10_29421652.pict1700,0.9075157773952954,0.9044766848573583,0.8867998214684222,0.8882148665875423
10_29475162.fuzhou620fupeixi1,0.9278086506696714,0.684133600389758,0.9047072903161464,0.6045427494544733
10_29566017.littledave,0.38819033530571995,0.3221908811518545,0.37992399107196717,0.3161057692307692
10_29665117_112d6360cd,0.8938471600342104,0.8782510669136001,0.8907462088984536,0.8700438771439968
10_29912710.xcountry,0.9223228266049425,0.8536757172131147,0.9101552047096602,0.8298608925536602
10_29912713.stream5sm,0.8810820849325245,0.8161151392901924,0.8821014050091631,0.8007086399563914
10_30169653.kazi,0.9524092244234735,0.7593047117048244,0.9384034619279993,0.6890482651676682
10_30169659.rosco1,0.5326775735929489,0.389131772401956,0.5250819974726321,0.3790599800816012
10_30589357.1kid,0.9550185584135801,0.822961992136304,0.9502100353065485,0.8016250905703344
10_33152466.catlamp,0.9348650272431581,0.7827852375974913,0.9264985581937543,0.7365719742181905
10_34312677.foalhead,0.537668760378312,0.5267775467775467,0.5355069468159678,0.531016426671171
10_34312982.naavah,0.4494994110718492,0.4357193312926772,0.4469983775013521,0.4217186465755558
10_36687635.gpzoo_przewalski,0.9171673505275498,0.8975061401851502,0.9025048585618657,0.8710458510539223
10_38136691.kleinekater,0.7709265435613764,0.5785557644110275,0.7571535698780439,0.5465369204350314
10_38139938.pbdogs10,0.8823529411764706,0.7316790074044427,0.8763329041629527,0.7177105066330748
10_38173560.pbcats02,0.9132061197041023,0.7940507955331555,0.9103505496784899,0.8180359113251079
10_38173647.pbcats06,0.9183017047282084,0.8910300527643955,0.9003384731101918,0.8585722315907813
10_38527623_0542f07e1c,0.8821149956659925,0.8830193650375444,0.8671275688985699,0.8619865667786102
10_39452112.img_0488,0.41733854380913205,0.33498458272253956,0.4153295128939828,0.3118565761060614
10_39459084.img_0498,0.9547727819187305,0.8522312492640999,0.9512113377381979,0.8402656413841314
10_39881820.b91u0017,0.747870637207813,0.5296617673100762,0.7343289201229842,0.5190138998164175
10_39898384.img_0501,0.8137518778167251,0.6160782183595872,0.8088052464723068,0.5944110641021083
10_40677597.img_1543,0.3815851379016569,0.23342043611461524,0.379097765257267,0.22851096402359403
10_40682501.img_1575,0.6510195539077916,0.1934664376699585,0.6353476700417262,0.18233345853108887
10_40837312.dsc_0800,0.6638217759648573,0.6872955530015029,0.6466703357182169,0.6632470423887894
10_40837349.dsc_0822,0.8332165889712809,0.610787610377539,0.8051920886884979,0.5751737293909251
10_41100185.dsc_5762a,0.9273933440844451,0.8235009671179884,0.9071451618685692,0.7671875
10_41105485.05_0226_aabbspoth2,0.642353781703634,0.1956347178626177,0.6073819320763987,0.14547245431696215
10_41491048.streakedspiderhunter,0.4607751106343033,0.40249085113918076,0.4526095075844445,0.39391247705335464
10_42230402.p1010014_x,0.8338607594936709,0.6924184458431034,0.8022826086956522,0.6393409522271131
10_43047581.ds20050506_0127awfcat,0.8162317178090048,0.607066808623902,0.7700322234156821,0.5212779079807573
10_43047908.nandaihe,0.7315475418342198,0.5063663075416258,0.6984329729898128,0.4636366376322373
10_43097193.p5050256,0.0884809127200347,0.047669668167417044,0.08764470684128785,0.04870137034666902
10_43137038.copyofds20050507_0056awfairliegallop,0.8733141959594866,0.7610750147666864,0.8587558585428207,0.7294593813240821
10_43642598.pasqueflowerpasque6,0.4406092306274338,0.24829579298021134,0.4155691745990351,0.23213664055700609
10_43642599.pasqueflowerpasque7,0.2752740855729116,0.15418600004440203,0.25096013773010195,0.14941607510877034
10_43642600.pasqueflowerpasque8,0.3887063041529728,0.16276346604215455,0.3537068713755267,0.15810931065168354
10_43642601.pasqueflowerpasqueflowerearlyeve,0.5312431750345799,0.18570075259196883,0.5028479559026183,0.17171463071040452
10_43642602.pasqueflowerpasqueflowerearlyeve2,0.4348556495769039,0.22868217054263565,0.4173783218871305,0.21603777527056955
10_43900979.may25_05_129,0.9463866921188983,0.8659875170385251,0.92805908293927,0.8227548247753083
10_44399460.pinkflower,0.9557686161713007,0.890556547136135,0.946350710900474,0.8672947939955286
10_44859864.1,0.9419289340101523,0.8481464318813716,0.928277349366096,0.814051094890511
10_44859870.4,0.8949654491609081,0.7483459641525322,0.9183878370625359,0.7943976232340993
10_44859872.5,0.9600081119448388,0.8873342255748875,0.9343618840354423,0.80545015522594
10_44859874.6,0.966648694446584,0.8974477422335143,0.9276272306675479,0.7877542305023221
10_44859876.7,0.9522090637130072,0.8685802306796409,0.9303738651797842,0.8011089769144348
10_44859877.10,0.9307111226882,0.8342886920270974,0.918536099839216,0.7971481321444004
10_44859879.11,0.9447325458561414,0.825491984882054,0.9251294490833606,0.7759131915967447
10_45873784.happychap,0.9371326735676639,0.8627041920881716,0.9319912538641333,0.8545518508384474
10_46084071.commontern1,0.8960752903484182,0.8319259962049336,0.8757158109288556,0.7916666666666666
10_46084290.commontern2,0.9285670299895313,0.834337548831358,0.9090143724818089,0.7946763147693501
10_46084614.commontern5,0.9336437065290554,0.8550704421816153,0.9160527762506872,0.8146962680468537
10_46642384.roadingjuly02006,0.903766379140054,0.8532222652718584,0.8997940974605353,0.848627800975361
10_46642386.roadingjuly02008,0.9056720607661823,0.8279466888796335,0.8936929628878524,0.8122048526298649
10_46642387.roadingjuly02009,0.8599339377327992,0.7669958042840468,0.8562406224920618,0.7610326290786348
10_46642874.roadingjuly09001,0.8889911574241478,0.8506463527239151,0.880644111906311,0.8184308131241084
10_4869984_22f1e00917,0.8888368096242482,0.8618787276341948,0.8988940309043847,0.8889057673806269
10_49513253.0509180001.fsn,0.817242351172768,0.5741854855116691,0.7924304965400024,0.5381743670353113
10_49513256.0509180004.fsd,0.8245222929936306,0.5887477199823888,0.7891674278561521,0.5407826216336855
10_49513257.0509180005.fsdp,0.9468313641245972,0.8867175415076828,0.9213891379228991,0.835585243661758
10_49513258.0509180006.fsdm,0.75891303543001,0.48250965765285736,0.7157773432043582,0.4446519003529592
10_49930782.initiationjunior1123,0.941500083991265,0.8629713146992501,0.9344235079272848,0.8427855037998242
10_49930784.initiationjunior1125,0.9201050992604126,0.7756011070749005,0.9050452617585617,0.7373558118899733
10_49930787.initiationjunior1127,0.9133177772016248,0.7749929860656505,0.9062619726703844,0.7896995708154506
10_49930789.initiationjunior1130,0.801980198019802,0.7685214482665099,0.7714546908924694,0.7238133121188014
10_49930792.initiationjunior1134,0.8453588638092823,0.7703577874508971,0.8384921851057309,0.7501599488163787
10_49930794.initiationjunior1140,0.8252855044306496,0.7142805807100762,0.8320033211864016,0.7352996501260298
10_49930795.initiationjunior1141,0.8069704034456869,0.7022998163881368,0.8087615512508216,0.6997289804055948
10_49930796.initiationjunior1142,0.846577915713819,0.7055552004091287,0.858798693539393,0.7047321457333376
10_49930797.initiationjunior1143,0.8463678968951377,0.7726630690666764,0.8466613635300173,0.7771628642421504
10_49930798.initiationjunior1144,0.8111882084213248,0.8263055197274862,0.7906569343065694,0.7916775627615062
10_49930799.initiationjunior1145,0.8416601192401905,0.714148219441771,0.84772849703717,0.7134523852127546
10_49930800.initiationjunior1146,0.8597899649941657,0.7937257796641447,0.8300215788527243,0.7426584234930448
10_49930801.initiationjunior1147,0.8029028692267025,0.7255230735583582,0.7836818329995808,0.7082115141671178
10_49930803.initiationjunior1149,0.8146662847321684,0.6954168424012371,0.8264516730356977,0.6961944127708096
10_49930804.initiationjunior1150,0.830052188291221,0.7309275224190963,0.8315288879894769,0.751529933481153
10_49930805.initiationjunior1151,0.7368868847577318,0.640002509567727,0.7532266174991619,0.6523103251568739
10_49930806.initiationjunior1152,0.8103712287381534,0.7064841142292001,0.8373072096506498,0.7396783446675477
10_49930807.initiationjunior1153,0.8253643703470693,0.7755355962517982,0.814620884100292,0.7396177947300822
10_52202391.dscn0138,0.8122865538876975,0.7221195133587787,0.7942890442890443,0.6949103528050896
10_52202392.dscn0140,0.9003624843888026,0.885735763954144,0.9023884962222763,0.8809985288279663
10_52202419.dscn0189,0.909228794773072,0.8799646377001408,0.9110217467692188,0.8835723598435463
10_52202423.dscn0194,0.9256811076373381,0.8818709840343444,0.9300718132854578,0.885047173773062
10_52202425.dscn0197,0.8133865564188467,0.7120363521082109,0.8128547105561862,0.7044904827005994
10_52202426.dscn0202,0.8829743041955967,0.872586183829104,0.8758292725885046,0.8340109289617487
10_52202427.dscn0203,0.8434679334916865,0.8594403765690377,0.8234346224677717,0.8436415070078437
10_52202429.dscn0205,0.6979265740916872,0.6540456780974196,0.6755015645131603,0.6226681197512661
10_52202430.dscn0206,0.9079610345985892,0.8463157326713974,0.8978588202790441,0.8288085676037483
10_52202431.dscn0209,0.8875394275270465,0.8761790430457898,0.8868562689332666,0.8743185429654077
10_52202441.dscn0222,0.8879605013292822,0.9136414670658682,0.8619307832422587,0.8964982673718767
10_52202442.dscn0223,0.8894801473598035,0.9261601114564355,0.8601167315175098,0.9062598632298791
10_52202444.dscn0225,0.9271859146523426,0.9045356371490281,0.9049762919680061,0.8699892900856793
10_52202445.dscn0226,0.8766952005386169,0.9032501414471616,0.8771255644154098,0.9017957351290684
10_52202446.dscn0227,0.8857725103233764,0.8807622361034237,0.882303664921466,0.8772593851382666
10_52202447.dscn0228,0.8850315989957579,0.8345539768565988,0.8740419008686765,0.8183185333715268
10_52202449.dscn0230,0.9146895034863587,0.8287492983619942,0.908003338588519,0.818937295391589
10_52202451.dscn0240,0.8121247620442231,0.7299012939904433,0.7954091816367266,0.7255857675033945
10_52202452.dscn0241,0.8807984163642363,0.8345550010397172,0.884834325951762,0.8430819400590093
10_52202453.dscn0243,0.8904681371667087,0.8547946985446986,0.8853961548100676,0.8364044223682102
10_52202457.dscn0251,0.9213422529132499,0.8799744286399233,0.9204165918477285,0.8780059820538385
10_52202459.dscn0256,0.7919230627510225,0.6856656910054584,0.7879030788850429,0.6843360306477464
10_52202465.dscn0265,0.8922661496918922,0.871264557240167,0.8824714802923697,0.8555784451913694
10_52202466.dscn0266,0.8749450637260777,0.8132013952077647,0.8689756058988652,0.8058962529537527
10_52202467.dscn0267,0.9135456346183148,0.8836759011021745,0.9098630716682284,0.8769759043277485
10_52202479.dscn0285,0.3488684741205467,0.27004080558115046,0.32434402332361517,0.2522967750110879
10_52202492.dscn0308,0.8825114854517611,0.8570729319627998,0.8739766955482522,0.8416214323235861
10_52523077.horse_of_horse_shoes_079,0.8501172854485157,0.8296864696361129,0.8452153110047846,0.8092441860465116
10_54628916.jan8_06_536,0.8909467149508536,0.758257819351067,0.8621459397787589,0.700579595970964
10_54628917.jan8_06_537,0.46115708640870795,0.3817346758523229,0.4484543493889288,0.3593709829462679
10_54628920.jan8_06_540,0.9314488176846646,0.8374567946152447,0.9147992179275078,0.7924101314300636
10_54628932.jan8_06_552,0.9088064574641755,0.7571846078908914,0.8856312731114633,0.6988633051588459
10_54628934.jan8_06_554,0.813416524261813,0.6191114420451725,0.7938790418701219,0.5847792558318874
10_54628935.jan8_06_555,0.8804288070368335,0.7570464470027789,0.866889235905444,0.7186934023285899
10_54646369.1ethansillykid,0.9263685582514538,0.8667602777127701,0.9133454344566333,0.8471724987488932
10_55488101.bitsy,0.9171953175496134,0.6840690435766836,0.9127505633969873,0.6682087948034955
10_55651847.carlystreetweballey2,0.9318902780369472,0.8786766813829482,0.9156486684583435,0.8510710259301014
10_55651852.carlystreetweballey6,0.9318520727706532,0.8128776435045317,0.915490894888444,0.759715812484819
10_55651903.carlystreetwebstreet9,0.9223520335060068,0.6977516059957174,0.9157860422156421,0.6760637182980507
10_55657233.dsc_3867_y_jp,0.3081953187068386,0.17088071348940914,0.27999555826994615,0.1352348389418751
10_55768607.bitsy111,0.9535468006628535,0.7765252400123878,0.938005249343832,0.7118463180362861
10_55768641.checkers22,0.8905168088309082,0.7883102658568157,0.8956337602097408,0.7919543680576403
10_55974006.arabfillycanter,0.7399858109583061,0.6806323735371614,0.7154062804348398,0.652086230876217
10_57572381.cutesofss,0.23370987986372602,0.18363273453093812,0.22179504627109417,0.1775909186462056
10_58229768.20060405022_object_of_fancy,0.34754904002332265,0.12179458051226125,0.30056124370169807,0.1003295597137381
10_59242003.img_4193,0.9120963411827875,0.8690228690228691,0.8987924528301887,0.8502591668266462
10_59271034.127_2729,0.8714258611811259,0.4508725971294691,0.8357282057944654,0.3929328138883193
10_59271038.138_3822,0.8926572550329964,0.8829329817118615,0.8834807040740434,0.867044167610419
10_59271039.140_4028,0.9606597355923502,0.8759661583455192,0.9576692592120362,0.863849765258216
10_59271042.140_4092,0.9505237045203969,0.8676590206604848,0.9307857911733046,0.8070264765784114
10_59271063.img_0605,0.9484938412130575,0.8793774319066148,0.9346711527677641,0.8517869495042656
10_59271070.img_1436,0.5778578519689672,0.4215678164722751,0.5638546536336592,0.3972438911690359
10_59271073.img_1750,0.9398771556815497,0.8636513049766616,0.9416661781086944,0.8702053211857134
10_59271075.img_1787,0.9095636445851232,0.8592055219044936,0.8983869768824797,0.8443856227361382
10_59271089.img_3385,0.9102675793403858,0.8742469879518072,0.906793831671518,0.8674112868747328
10_59271094.img_3692,0.9540390924002187,0.8150051387461459,0.9409524451484614,0.7655938289666179
10_59271105.img_9130,0.9090991976659373,0.789193302891933,0.8981840012006603,0.7573999081534672
10_60607682.rosebreastedgrosbeak,0.711784157522922,0.5046259790779583,0.7043978382666468,0.48825591127851015
10_60607759.rosebreastedgrosbeakfemale,0.26455855373008186,0.24463488577498746,0.25672303300125776,0.236172037740473
10_60666278.easterncottontail,0.9293905043535403,0.7887863661574144,0.9116226658081134,0.7380430013163668
10_60866179.americanrobin,0.8800762033375132,0.6223795807329172,0.8679437152654605,0.5867094479665996
10_60866226.cedarwaxwing,0.3453552335941737,0.21647024799363748,0.3249790535863903,0.20046050467553217
10_60866705.butterfly,0.9356165096549212,0.7667222089978577,0.9171129813823005,0.733189604941149
10_60866769.turkeyvulture2,0.8925097680605204,0.8222346446789183,0.8636581469648562,0.7783168250117917
10_61749596.jpvis3ea.redtailedhawkjuvenile,0.4331203331418725,0.2527783257710265,0.3778612807264757,0.2390384535612063
10_63193989.iibp3dda.fritillary,0.9153867314657742,0.6464073977404079,0.9050174766039012,0.622883227801502
10_63359627.mq7fmcxg._mg_4055editfromrawsized,0.881411468178954,0.8015929689645702,0.8708774113254512,0.7858880778588808
10_63451013.9howa94v.turkeyvulture,0.8649657474090989,0.7981803477557622,0.8551391723479091,0.792101371067674
10_63827110.laoeb6po,0.8973597875331979,0.8637402566957745,0.8881848388841665,0.8528916990544695
10_64229307.utd1927n,0.8598705501618124,0.86005859375,0.8532434168272318,0.848317331005722
10_64386031.3qqfbtes.housefinch,0.6158302458740317,0.515426652245688,0.6147251638930913,0.5135258142511734
10_65345059.baxlulsq.img_7128_editsrgb,0.47908133725044494,0.27383376976045,0.4768354592380871,0.26825068870523416
10_66471406.msmbvpwh,0.8704516938519448,0.7680008527420988,0.8488555844420655,0.7297549349774624
10_66830581.uvuxhte2.sept10_06_701,0.9289204797867614,0.7723140495867769,0.9140434513628589,0.7341619195580873
10_66830582.bxg9hxcr.sept10_06_702,0.8930197103343134,0.6585742406113706,0.8614060860440713,0.569282579082791
10_66830583.sdhhngr2.sept10_06_703,0.8601505030861588,0.7033449914805847,0.8417207125851737,0.6689177489177489
10_66830584.jsnb9pmi.sept10_06_704,0.8848434698662253,0.74689537410742,0.8607958338897049,0.6943818536878473
10_66830586.6whtssec.sept10_06_705,0.9128045026822619,0.7553131109289273,0.9036175822276008,0.7271373619555777
10_66830587.j2qal6cp.sept10_06_706,0.8719461981883063,0.6938072098542208,0.849590965676685,0.632830436208593
10_66830612.jwrzvoka.sept10_06_728,0.834,0.6537568419306684,0.8069420752058147,0.5953999367688902
10_66830630.sejklgec.sept10_06_746,0.8109432749477744,0.6296691568836713,0.7906379001479866,0.5980633383601873
10_66830631.ag3y7hqi.sept10_06_747,0.7703451976390627,0.6127552623311342,0.7566082480189716,0.5923860329776915
10_66830632.ncrvs2io.sept10_06_748,0.8731634991238711,0.6641474123659397,0.8553431231904849,0.6096611239739003
10_66830633.6hispsw2.sept10_06_749,0.8881980290943219,0.6965413046997249,0.881133300240559,0.6688519347617525
10_67151572.bn0308dt,0.933568462877807,0.859978329393223,0.9260074873375909,0.8481886700705081
10_67444,0.9150878076414679,0.8803661278235735,0.9010342478478974,0.8594144903117102
10_68285988.3ddkraxw.toughtimeskid,0.9620001611300588,0.8293002369963827,0.9598660415271266,0.8183624061083866
10_73754853_140eb787dd,0.9113062419168199,0.8865151515151515,0.9001206596058453,0.875388159871782
10_75671582_152bf239ef,0.9243016601507168,0.7951624491099226,0.909597281791344,0.7577003646520288
10_8168705.izcenoadj_p7070026640,0.9440332309595881,0.8099131060722916,0.9364324512990554,0.7868486478258664
10_93082635_7f4aa15eed,0.9110925721776957,0.807209215904868,0.8901634147044413,0.7461275831087152
10_95071511_4720e4e540,0.21505098747902412,0.08704031465093412,0.215496054844134,0.08695487583282858
10_96835757_c609dbaa80,0.9266474476573192,0.7751926919783043,0.9077747378020976,0.7171864995884021
10_97146107_ddc8084759,0.8877804436587111,0.7839533060371112,0.8740627200795393,0.7600974483908194
10_97320358_cc615b9019,0.9298842750170184,0.8122492796203176,0.9242301458670988,0.7941340470614475
10_98048098_af08c0f2df,0.9501313485113836,0.7746585735963581,0.9389582026942288,0.7238578180385978
10_98053912_88fec4b17c,0.9065884787857882,0.6148716477843109,0.9021142229544207,0.5981560283687943
10_99533452_3c0e47e42d,0.8640438478331552,0.8104096066008546,0.8521191085129705,0.7949059250998309
1_25_25164,0.614754554046291,0.5647015610651974,0.6118949384808074,0.5521351989823733
1_25_25191,0.7298993028659954,0.43269048071442145,0.7274762603257933,0.427333838288203
1_25_25226,0.8800282286520819,0.7511015237745547,0.8759181532004198,0.7433957072096863
1_25_25246,0.9516571339026875,0.8646949486114148,0.9481994244380493,0.8538440641130127
1_25_25257,0.9180123690087614,0.8038014451775055,0.9184230736410957,0.8063472178724292
1_25_25389,0.9462840323767476,0.8491866335443545,0.923901630284609,0.7889137306298666
1_25_25406,0.8626967247979583,0.7543112937550451,0.8374753127057275,0.7172478117376955
1_25_25451,0.9595293128808573,0.7899802122683935,0.9518874599408998,0.7571365444100752
1_25_25580,0.9239249604093068,0.7840267077555213,0.9141957335551726,0.7560894227560894
1_25_25895,0.8874117684297155,0.7025467732630017,0.8616514550874281,0.6242445374244537
1_25_25953,0.9004138644593895,0.8775407463344032,0.8966136480246281,0.8732148425319614
1_25_25954,0.8751249107780157,0.8055965292841648,0.8673910750079122,0.7905901667674761
1_26_26013,0.7856039125673223,0.4879001301779098,0.7785007576432837,0.4803360444489072
1_26_26026,0.9016030585552351,0.8543142305215712,0.8822837731904887,0.8275206087507927
1_26_26104,0.8662955107811948,0.901875745419061,0.8541001983271536,0.8905625742360436
1_26_26113,0.6981752730883813,0.4478895257946847,0.6594902827883161,0.376310092436686
1_26_26169,0.8530873364939738,0.699939135727328,0.8121340273259596,0.6188844469826765
1_26_26213,0.43571870350868397,0.5016930539031756,0.4327815504159126,0.49076205476132784
1_26_26230,0.9825170330376655,0.9284349487580337,0.9748751195663726,0.9016730135638185
1_26_26233,0.9532657900409571,0.8531027466937945,0.9395020817401648,0.8111162514044016
1_26_26236,0.868332576101772,0.8771981071449436,0.877670793214122,0.8874628084709176
1_26_26256,0.9226984016193202,0.891487814900275,0.9231090535695639,0.8938352941176471
1_26_26335,0.7844222462203023,0.6698711859254475,0.771960569550931,0.6558933933933934
1_26_26366,0.930099957764325,0.8046146044624747,0.9112470782345662,0.7519814896864078
1_26_26450,0.9742339492180493,0.8774581335556946,0.9679849645987589,0.8522167487684729
1_26_26532,0.9626732288563657,0.8928357851931588,0.9500804741588534,0.8548682926829269
1_26_26640,0.8939265365498849,0.668758225949619,0.8738072892225872,0.7756801567563494
1_26_26643,0.7230082740991547,0.5145063093092072,0.7142160988791919,0.495946127043688
1_26_26739,0.8969986883728107,0.8627853605507911,0.8831740251858595,0.8458800498309308
1_26_26745,0.9058433668397217,0.8511446043329014,0.8987372192606834,0.8397349505840072
1_26_26763,0.9668687530722595,0.899869007073618,0.9553735530261503,0.8651246466204061
1_26_26828,0.90649369686309,0.5844686648501363,0.9028074924682356,0.5693962748876044
1_26_26833,0.946524876566654,0.8962032231630702,0.9267622372428136,0.8508468564334486
1_26_26847,0.8218272620446534,0.7362401061444847,0.7846999860782403,0.6970744680851064
1_26_26853,0.7205503452540452,0.887307179584841,0.6890151329643959,0.8738770518790273
1_26_26945,0.7945205479452054,0.8879173290937997,0.7822533566841798,0.8882882121890442
1_26_26980,0.923401226456417,0.8679437934555355,0.9003467591357696,0.8345269148683898
1_26_26982,0.9175421043855261,0.8084167740656291,0.8994354412899558,0.7733268197361993
1_27_27003,0.09382414751542269,0.2886639070370555,0.10223642172523961,0.2951281055900621
1_27_27033,0.8667649226234341,0.8632119514472456,0.8531032482598608,0.8502526412494258
1_27_27034,0.8389855499852551,0.8383341221012778,0.8181948219138893,0.8094254600075104
1_27_27051,0.9140495163420974,0.8930658356057655,0.9047518834967802,0.8770290022309408
1_27_27075,0.905553611013884,0.645626362975527,0.8837625788845301,0.5769794721407625
1_27_27491,0.9558606124604012,0.9032104069698055,0.9311188098634604,0.843337541604499
1_27_27543,0.6401191927400786,0.33773837861501,0.553417193206191,0.2938161005350255
1_27_27705,0.9555622150394931,0.8589986126876025,0.9547705583540564,0.8588431625680909
1_27_27775,0.13531312778408594,0.4745653573728268,0.13482209526455624,0.46653498093619367
1_28_28003,0.9655060990386946,0.8764211566979733,0.9455077507118,0.8115598319555495
1_28_28351,0.8307749906402097,0.7261082172850005,0.8321113458431714,0.7244211307158375
1_28_28373,0.9595044378698225,0.8808856755535472,0.9451156578228401,0.8414365128386129
1_28_28391,0.9647752666620591,0.8556326395771391,0.9475167391843452,0.7917006063897185
1_28_28395,0.8435617634220864,0.8075502667213788,0.814808610436385,0.7637808685779165
1_28_28407,0.787574889294087,0.6545670723178066,0.7729240957717779,0.6345595353339787
1_28_28547,0.39489742923915866,0.0,0.3982407166969618,0.0
1_28_28717,0.5695765133800987,0.5204643799472296,0.5398110329216081,0.47564541732809756
1_28_28763,0.8566128067025733,0.8762588914712304,0.8540354213716866,0.8671119460098796
1_28_28970,0.945314253647587,0.7821974965229486,0.9275980729525121,0.717102808719288
1_29_29028,0.6798792148968293,0.29942544649037794,0.6718454713640614,0.2860074563053665
1_29_29099,0.9605037513397642,0.8101102307957285,0.9518450575037042,0.7709994126038433
1_29_29138,0.27541203932941927,0.07724450609869568,0.2553952115447688,0.07315774100991358
1_29_29297,0.8589911488439307,0.6219403251742005,0.8674433891697079,0.6455104426037909
1_29_29329,0.8225794612053146,0.7303687308214699,0.7972972972972973,0.6971445480100606
1_29_29710,0.7613927291346646,0.7372919143876338,0.7029841467205471,0.7022087919994244
1_29_29762,0.9742684691680491,0.9119423219127434,0.9631166114694091,0.8766949918640391
1_29_29788,0.9050149210277313,0.8814962040989215,0.9036529183443973,0.8762571196094385
1_30_30022,0.9078581655857829,0.8800139154635589,0.8917255339364647,0.8599807863857819
1_30_30051,0.8302269715043075,0.8296649583790029,0.8082874482536876,0.8076219777668128
1_30_30065,0.9725130890052356,0.9082045316048972,0.9621546319944276,0.8769690385659967
1_30_30226,0.7324646448977481,0.5623584998523476,0.7341226301957082,0.5544435418359057
1_30_30277,0.9157568031923737,0.8418533948879631,0.8983096760212375,0.8133581313932499
1_30_30286,0.8419807134828137,0.855565371024735,0.8245725508317929,0.8317063647012886
1_30_30561,0.7949911553859045,0.8088395979020979,0.767759317467445,0.7841649748904798
1_30_30736,0.839637762461933,0.7815938987562062,0.7980392156862746,0.7361763823617639
1_30_30757,0.9052429052429053,0.7920171601615074,0.8852417085855572,0.7718222331248211
1_30_30895,0.9077663909124584,0.7106823958808577,0.8942549226156713,0.6768976057055527
1_30_30927,0.830908320384235,0.6918938492576691,0.8420868101816142,0.706916276651066
1_31_31077,0.8707067502181328,0.7690163131522435,0.8434479054779807,0.7203924572345625
1_31_31255,0.9738900493311409,0.9250723369894355,0.9590551181102362,0.8793884113130783
1_31_31439,0.8850189577638656,0.5003717195747528,0.8686822063235633,0.4763742940882122
1_31_31447,0.717037037037037,0.6806021878046139,0.6713141501038268,0.6502286946007045
1_31_31675,0.9135322609579621,0.8585368810230923,0.8949614215571663,0.8252898036432458
1_31_31682,0.9547108039287013,0.8818677160587256,0.9403029403029403,0.8441358024691358
1_31_31720,0.9166569257744009,0.9091782796732341,0.8943965517241379,0.8782670120084766
1_31_31764,0.4062838726460769,0.29874332786954144,0.4026484762681082,0.2874194219172385
1_31_31773,0.9017278212960533,0.7928894143478444,0.8830649598356747,0.7539329544518574
1_31_31980,0.9579621380846325,0.8773448773448773,0.946994715984148,0.8451172849775411
1_32_32148,0.4169618141598269,0.0,0.41546522131887986,0.0
1_32_32150,0.9575704095889404,0.8762541806020067,0.9408229977886742,0.8264323911382735
1_32_32165,0.9421988245051022,0.863829618150753,0.9102336432327031,0.8094706448508181
1_32_32185,0.8754057343792264,0.8807717678100264,0.865479094950035,0.8723951211507959
1_32_32195,0.40651961887613475,0.4617996604414261,0.4056415192122603,0.46114944499207133
1_32_32226,0.1759836021934728,0.25325109226419945,0.16676118105175608,0.2536111307795794
1_32_32258,0.8177982263755126,0.6350067034112915,0.7879796218101708,0.5835803545480965
1_32_32331,0.957277047538821,0.8062269860366765,0.9602791453563405,0.8190193055861411
1_32_32486,0.8644608395889043,0.6995330654794223,0.8549196468271613,0.6991262276140959
1_32_32606,0.8712708993552617,0.8794356870366371,0.850382815823054,0.8535502958579881
1_32_32691,0.8615361077111383,0.8775674587192912,0.8586989640463132,0.8770935713569351
1_32_32951,0.9424849062599301,0.8845561374939483,0.93021797083268,0.8447504452456452
1_33_33259,0.954726794527025,0.846384142879265,0.9536211618015499,0.8463408326868374
1_33_33347,0.9703855503988106,0.8840317191965543,0.9487340529931305,0.8003445635528331
1_33_33527,0.9779089223533668,0.9284280146450927,0.9552222344766736,0.8466152853183492
1_33_33554,0.9496256403520295,0.8665802120680448,0.9342544987146529,0.8423289100939317
1_33_33625,0.9457068781454934,0.882197186023571,0.9243111652096935,0.8353903271121814
1_34_34086,0.966809645864937,0.8934529147982063,0.9573692510534888,0.8587804559124788
1_34_34236,0.9566002011715283,0.8459702486678508,0.9348039498758446,0.7322028796468169
1_34_34261,0.9678578364731015,0.9069767441860465,0.9561609669528515,0.8783767702011186
1_34_34288,0.8460600236546422,0.6624004550625711,0.8132859680284192,0.6114270028626329
1_34_34382,0.8492219090797697,0.8328416444613628,0.8278824505273137,0.8101365790207191
1_34_34467,0.6757356144311116,0.345264224210704,0.6559278103100701,0.31472109142920013
1_34_34578,0.957602753593845,0.9114154037046884,0.9278584569616785,0.8499535198174597
1_34_34999,0.5595318573601488,0.5571009725400458,0.5529667209486826,0.5326721530562003
1_35_35222,0.9503302409040584,0.8685265911072363,0.9421315570358035,0.8445973058182861
1_35_35516,0.9100599013389711,0.8746359826692237,0.8896154177062721,0.835136634762103
1_35_35795,0.6192828841168126,0.6794551316885846,0.5740031538634828,0.6512769790525981
1_36_36235,0.9487267426905599,0.8929389503037546,0.931464692672378,0.8431144683323649
1_36_36237,0.6797748225503794,0.3676603788445635,0.6518195504334735,0.31875498224509025
1_36_36285,0.8912475925529638,0.6823113802674742,0.8686460114257121,0.6488286066584463
1_36_36321,0.14683905871670702,0.0,0.14677519995462024,0.0
1_36_36429,0.6642180723957872,0.609674313601806,0.5799072642967542,0.5610639747321484
1_36_36543,0.8316962807637126,0.865872604867944,0.8310877423595137,0.8593540134314039
1_36_36717,0.9247572815533981,0.894690893217657,0.8961603934178173,0.8535571458640286
1_36_36781,0.8301899811398868,0.5787630910330297,0.8052124671155304,0.5435390303285341
1_37_37003,0.8950505435819187,0.7156875,0.8705665591893137,0.692454510752004
1_37_37328,0.8050170563274814,0.5611383251691159,0.782740378790938,0.5254307948860478
1_37_37335,0.9700430887080227,0.8595374599164318,0.9634212550332534,0.8317266393051446
1_37_37446,0.9803457646176912,0.9060680698611733,0.972825328932075,0.8702791461412152
1_37_37488,0.44921219050341205,0.47398626399473137,0.4561590344337948,0.4855828983345762
1_37_37508,0.7808720398414473,0.706140350877193,0.7384848198240802,0.6550850348423566
1_37_37702,0.33206695251493124,0.016740502607127457,0.32566131883746674,0.01009239907600924
1_37_37703,0.20006856207632506,0.0027894613856758966,0.19621921195622702,0.0010336475416158843
1_37_37791,0.6930850219565102,0.757072617246596,0.7312602965403624,0.7477753682793689
1_37_37952,0.8517605286517408,0.7536392795460153,0.8181129215611974,0.6884862653419053
1_38_38060,0.1626899889615352,0.042840345585604005,0.15969993748697645,0.035667107001321
1_38_38093,0.47405631446891555,0.030346498358356445,0.47273313613415474,0.0
1_38_38130,0.5566427092842356,0.4088865883891356,0.5464721545664492,0.4039180415413587
1_38_38131,0.8471675249924265,0.5397772365288306,0.8135498204015531,0.46637401229148373
1_38_38229,0.8905807078642585,0.8436178070234338,0.8773133375877473,0.8265987699226242
1_38_38399,0.2565352312206969,0.0,0.2552630916520528,0.0
1_38_38642,0.056784181084948614,0.0,0.055021586361201275,0.0
1_38_38661,0.9083302941239568,0.7323342532571722,0.8902626211652894,0.6792577449284478
1_38_38763,0.9303673744523088,0.8279547193709265,0.9182771949199338,0.7645822805011038
1_39_39114,0.9620580474934037,0.8644327855870124,0.9444129763130793,0.7969184375441738
1_39_39185,0.2727413462133878,0.46799273021001614,0.25889786921381336,0.4564143505813083
1_39_39354,0.8275155915479847,0.46380049071666607,0.8154574614327172,0.45242704524270455
1_39_39391,0.9668056622407549,0.9028701024477985,0.9520051886282564,0.8628737034777303
1_39_39603,0.9097909790979097,0.8612501501621751,0.8879836118999953,0.825640424867229
1_39_39648,0.8070458952811894,0.5040445872198784,0.7883886854400808,0.4784367086215368
1_39_39670,0.886134472282154,0.8518543379761705,0.8723650385604114,0.8352134045781384
1_39_39738,0.8404185742315239,0.8486016404783081,0.7587089155678016,0.7781598513011152
1_39_39739,0.5019472025685237,0.18812415654520917,0.4887135466342958,0.1773356401384083
1_39_39748,0.31600334395072965,0.2017372421281216,0.31319741589059485,0.1730916447944007
1_39_39917,0.27142212868310284,0.0,0.2667976888862619,0.0
1_39_39949,0.786273329319687,0.8400449522382468,0.754041570438799,0.8115981735159817
1_40_40642,0.6844924948115256,0.38750053951400576,0.604741397688995,0.4162962239265302
1_40_40818,0.9063567670016709,0.6923135696821516,0.873837726147858,0.6200757299934464
1_41_41001,0.949388924624291,0.8837422447828539,0.9265762170790104,0.8226773907709086
1_41_41022,0.9696267209159294,0.8893083519761372,0.9591354588196768,0.8553951890034365
1_41_41023,0.9523574251835122,0.8344749887336638,0.9414610321650347,0.7944571730701445
1_41_41677,0.9191176470588235,0.8914098067019927,0.8729508196721312,0.8322429241928602
1_41_41686,0.827027027027027,0.5574898363389972,0.8117200217037439,0.5501593175043684
1_42_42334,0.3861042847757853,0.0,0.38189037964021416,0.0
1_42_42429,0.6996357635884329,0.19287036795577228,0.6768806019481656,0.17059147042647868
1_42_42470,0.9282500953107129,0.7382042453365621,0.9267887692462514,0.7341167551175133
1_42_42484,0.8848875410664645,0.8421887390959556,0.8461074957821162,0.7841847917720451
1_42_42881,0.9067107818456448,0.8758185498273604,0.8854042702135106,0.8413320847477467
1_42_42923,0.841500898915502,0.704067689720412,0.8402346445824707,0.6964397577782419
1_43_43183,0.6047802663603796,0.44868585732165206,0.5960459596504477,0.4231416078035654
1_43_43206,0.953483542726612,0.8431872089958711,0.9421411366781121,0.8084032175252439
1_43_43215,0.8571428571428571,0.8280610346110905,0.862731826181129,0.8351556708673091
1_43_43257,0.9121305994001082,0.781002972238032,0.9280484233134824,0.8220012828736369
1_43_43268,0.7960121200273678,0.7439809450238187,0.7878348322212552,0.7256959718469176
1_43_43412,0.9524257239563746,0.8649386657704587,0.9361702127659575,0.8232969746861494
1_43_43637,0.9195592286501377,0.7985934752881422,0.9066047981044526,0.7481351754556658
1_43_43730,0.952279717749231,0.8619606858004145,0.9332482057152921,0.802660104294838
1_43_43894,0.926160878294673,0.6298626119172585,0.914037638827422,0.6045739301079327
1_43_43899,0.9290142740423896,0.8662718633796997,0.9189137865552601,0.848538489469862
1_44_44044,0.9393505724437426,0.8470225198608102,0.9230209898686316,0.8069408740359897
1_44_44073,0.879247152055473,0.8008453085376163,0.8650940637489034,0.7767503302509907
1_44_44108,0.9501837270341207,0.837698081734779,0.936817593790427,0.7973182895920202
1_44_44112,0.26483310980562536,0.4947284265227602,0.2647146978382226,0.470859123545432
1_44_44118,0.9163795479603087,0.7640081580077286,0.9023579304495335,0.724392156862745
1_44_44224,0.9750055236411843,0.9100440662513296,0.9534802095145526,0.834101159012657
1_44_44321,0.8638725615469801,0.8318701142513529,0.8069091197210998,0.7596114697842145
1_44_44344,0.9277463193657984,0.8821613335888101,0.9098478960808261,0.8579405640734431
1_44_44379,0.9563561988672121,0.8787174097759491,0.9440578989873889,0.8424795855650189
1_44_44553,0.9245203376822717,0.8430419997350175,0.9016106833314734,0.8018722749422929
1_45_45131,0.964207071336574,0.8322433610780816,0.9516459220438912,0.7797139016897081
1_45_45191,0.9614181438998958,0.8898452994843317,0.9580541959476088,0.8769750805754265
1_45_45246,0.972308982286972,0.9074080808815507,0.9618268434134217,0.8747140406062339
1_45_45286,0.9566408966335338,0.9239706996716343,0.9403723211772748,0.8946235669053433
1_45_45287,0.40286864620030194,0.4585236520186906,0.3950071774627669,0.42935485539862384
1_45_45328,0.856676419454692,0.6144116964492922,0.8590443399395364,0.6192673781367176
1_45_45329,0.9578860845179383,0.8892420842682622,0.9402779754281106,0.8477443609022557
1_45_45358,0.9572280033220968,0.7674818062649731,0.9522179363548698,0.7811901983663944
1_45_45397,0.9245499494632174,0.8405743740795287,0.9145306056440528,0.7986257590284436
1_45_45405,0.10513235200058478,0.0,0.1043798534001016,0.0
1_45_45431,0.6644823066841415,0.4484664439720619,0.6503708770654753,0.4325070523978153
1_45_45577,0.7224535734383792,0.568461867052213,0.7059103733831666,0.5474461975284741
1_45_45595,0.7133113416519259,0.2589668179783901,0.7043652042550513,0.241217650226488
1_45_45691,0.9836200527704485,0.9160076356694846,0.9705496428050736,0.8513165501655542
1_45_45762,0.03160679782188653,0.0,0.0310571736785329,0.0
1_45_45771,0.946645109135004,0.8511931562359297,0.924519799470512,0.7998838644117007
1_45_45777,0.9667559355204203,0.8772307692307693,0.9592513259893921,0.8472760199205192
1_45_45784,0.9267412752171993,0.8936053240740741,0.889956547850355,0.8292514564983295
1_46_46108,0.8686334412475492,0.8028937824802782,0.8534536128062262,0.7598785293373341
1_46_46151,0.9355059252506837,0.9027443428021185,0.9252336448598131,0.8834979111279909
1_46_46171,0.9842951922203036,0.9142458518112512,0.9796121422627446,0.8898488120950324
1_46_46312,0.21396790615020778,0.451024533676376,0.2129032258064516,0.43161414437522905
1_46_46443,0.9407300325262017,0.800056850483229,0.9210660595831535,0.7539489671931956
1_46_46662,0.9803489640130861,0.8916482823826032,0.9801146894010422,0.8917587622355542
1_46_46672,0.9711128229438255,0.8972517006802722,0.9581244900338035,0.840707500131213
1_46_46825,0.14773921660877487,0.02410267740574849,0.13897625190681556,0.022965768460666298
1_46_46856,0.6881306564027879,0.5087818297242012,0.6627592425608656,0.4746670328161472
1_46_46857,0.8756870190866394,0.8838569738398843,0.8484057971014493,0.8478735706025954
1_46_46992,0.9541612807000099,0.92346528973035,0.9348948188546942,0.8817008697629469
1_47_47122,0.19654771506080254,0.007140612950215647,0.19404173474241515,0.007195296732867297
1_47_47184,0.8647755253482646,0.6358462354700236,0.8394067380414497,0.5746723278567473
1_47_47211,0.9410349926071957,0.7452039058012636,0.9419767828827594,0.7460469024520663
1_47_47334,0.6831151393084928,0.38108504950867816,0.6417092077897523,0.35739610365875946
1_47_47340,0.24243428984808296,0.039000773291194564,0.24002506789220807,0.03876127275820997
1_47_47611,0.8776078320978387,0.6733325052788474,0.8559226381135414,0.6133388862446454
1_47_47764,0.9644541663818443,0.8753032508491024,0.9566853075749873,0.8493584004774695
1_47_47779,0.9161711771763765,0.8093727369909307,0.8961479279138305,0.7639378377471218
1_47_47781,0.9471867007672634,0.7829917640298794,0.9423184570759757,0.7652475200531587
1_47_47818,0.918613451738231,0.8982842558018622,0.9034686346863469,0.8655754428266716
1_47_47851,0.9603206412825651,0.8867106279332264,0.9465576490105463,0.8474920266743984
1_47_47854,0.971795200273294,0.895646791829998,0.9562655932238925,0.8338790831403242
1_47_47956,0.9368492453790063,0.8693356797184338,0.9272245336196484,0.8455050644385764
1_47_47964,0.450783981467579,0.013888304364294432,0.44299701731642793,0.011892797319932999
1_48_48039,0.8772060036285667,0.8294603326552591,0.8546028181064678,0.7904864966594524
1_48_48060,0.9504902593213779,0.9026812313803376,0.9263960978050153,0.8689657290259182
1_48_48156,0.9033339845021814,0.7425237301398292,0.9029421273844164,0.7542799597180262
1_48_48173,0.9635004397537379,0.8624940428911835,0.9521721562934917,0.8245787602411501
1_48_48240,0.9439734611131588,0.8727070031417857,0.937076941562863,0.8583199356913184
1_48_48251,0.9604355471391857,0.8855183979481109,0.9486074934882789,0.8510133991196246
1_48_48311,0.8044333954837373,0.7932410021962261,0.7759468438538206,0.7649815578216533
1_48_48383,0.8165831942125765,0.8982366922779282,0.8082327113062568,0.8940892111623819
1_48_48386,0.39736178095755215,0.6322421197633903,0.3808999418800281,0.6176235726263675
1_48_48388,0.9292271679894664,0.8543456291056089,0.9134069231593612,0.8172895277207393
1_48_48451,0.8621958357722218,0.7074767216741956,0.84534097890641,0.6794200018068479
1_48_48466,0.9597504002090889,0.8844611458537817,0.9506634635538429,0.8568789123900394
1_48_48572,0.9457318573185732,0.8612017257708092,0.925790579917837,0.8036330112336532
1_48_48594,0.8317499170262197,0.6006892316091169,0.8108922504449119,0.5568537380999934
1_48_48668,0.9562624254473161,0.9037544696066746,0.9374273802200807,0.8700614209827358
1_48_48755,0.9435812531839022,0.8260960334029227,0.9219738924050633,0.75756600128783
1_48_48840,0.5095368205343772,0.3778909480778067,0.5032304099636741,0.3406386503991565
1_48_48924,0.5930492012300308,0.2791562554477308,0.5854674354678983,0.2424223368129795
1_48_48941,0.8620527060302824,0.9058864662132096,0.838786106770177,0.8879555319614028
1_49_49039,0.9290148073655373,0.827409053040822,0.90574075326256,0.7711739149908183
1_49_49123,0.7616078493432505,0.4169695450557714,0.7525213828905603,0.4003473083602084
1_49_49284,0.23978037141378716,0.11294189664847218,0.23692881625542067,0.10587593232672367
1_49_49419,0.23889670810853078,0.06968334966712852,0.2380173337228552,0.06596337444365169
1_49_49481,0.2368006378979743,0.3969092286849296,0.23484777164805784,0.3834864466371782
1_49_49500,0.5470361608651572,0.43292978208232447,0.5343737209701482,0.44752946303728053
1_49_49503,0.876284128989727,0.72795232936078,0.8562433297758805,0.6964191956316287
1_49_49609,0.9485729170542924,0.8537385844748858,0.940978886756238,0.8258793793442393
1_49_49612,0.9226367337955321,0.9139502661707869,0.9016023228304119,0.8868422931391448
1_49_49674,0.9715972467829257,0.8752731245447924,0.9644476838354389,0.845300572519084
1_49_49859,0.9301520499592724,0.831842734437262,0.9124500665778962,0.7899449035812672
1_49_49900,0.5666196189131969,0.5578487189914599,0.536073300154906,0.5261434666137513
1_49_49937,0.9861755538106456,0.937953091684435,0.9738850661092976,0.8848281209614888
1_50_50413,0.7083803542515088,0.5150766989112397,0.6687146210133922,0.4399235277004281
1_50_50473,0.3461805387433625,0.142784469758907,0.3018222753816928,0.17541161810324257
1_50_50477,0.6605117814307657,0.326107149277881,0.7525736541849153,0.3338841171610731
1_50_50516,0.9711416910463394,0.9165419161676647,0.9614080182785334,0.8890756302521008
1_50_50665,0.9106541668824779,0.7897709766868646,0.8922774473233189,0.7495874170624095
1_50_50833,0.6981262167423751,0.541932825056666,0.6786490223187833,0.5541065482796892
1_50_50836,0.9504100705702841,0.8603025745377334,0.9479424259717203,0.8527029406585667
1_50_50878,0.9196578938678467,0.7847523291209298,0.8915766600626318,0.7082602595580498
1_50_50979,0.815248503773094,0.6254879847314999,0.8070116013210263,0.6072714800205796
1_51_51078,0.835876042908224,0.7319150037528793,0.8614375512435092,0.7591071861285372
1_51_51116,0.9405532989351191,0.867906976744186,0.9208153246891841,0.8210710408877095
1_51_51123,0.8127843781597573,0.7095877225816801,0.7936503039091667,0.6738427276101596
1_51_51134,0.9387070913198746,0.8524664490388103,0.9304098800787542,0.8367775192737558
1_51_51286,0.8716111021635261,0.6082303357484491,0.8996400479936009,0.6588195320842637
1_51_51295,0.9589269232312693,0.8488249074283987,0.9486916771752837,0.8224144883968179
1_51_51366,0.8255292652552927,0.7253878281622912,0.7980607082630692,0.6710526315789473
1_51_51642,0.934250107434465,0.8751834556370914,0.9222966853830827,0.8534154975744067
1_51_51689,0.3232329287177182,0.22816811183051544,0.3206934659483354,0.21335644081477612
1_51_51725,0.7074772294005507,0.9094855654438897,0.668133626725345,0.8857586669490927
1_51_51784,0.9628219618107192,0.9100089766606823,0.9484446504083879,0.8652279233648976
1_51_51872,0.9684899194445681,0.8643530090367237,0.957565630359263,0.8182074143594557
1_51_51875,0.2354328523862375,0.5670413898824732,0.2334694626715,0.5622757819210752
1_51_51972,0.6559873949579832,0.34941325721535044,0.6356213103648505,0.2990730891961708
1_52_52012,0.91949462890625,0.799386840657181,0.9009924668181275,0.7553386211104332
1_52_52036,0.9826788566393126,0.9365395415326492,0.9732064980375055,0.902727045283963
1_52_52052,0.9642857142857143,0.8785328253743244,0.9638517771615831,0.8777284826974268
1_52_52082,0.2013965817376167,0.23767258382642997,0.20653551443779367,0.2291612605599285
1_52_52303,0.9165657285358033,0.9105709966275148,0.8911527039160163,0.8801436224780577
1_52_52465,0.8864737224509567,0.8688773686092242,0.8638262814099924,0.8332898285913165
1_52_52759,0.9503221430993557,0.8861250056329143,0.9392083097513068,0.8527756856142839
1_52_52878,0.4852587501373408,0.3316066803608109,0.4796858751389536,0.33356094230112665
1_52_52930,0.9070200869745288,0.8708290685772774,0.8833778371161549,0.829964741520584
1_52_52964,0.9158321608871969,0.8293179098524133,0.9065428142619559,0.8106063590875064
1_52_52999,0.9114367114367115,0.8355411954765751,0.902047944118114,0.8087327954437589
1_53_53009,0.8518302005576041,0.7941241931894057,0.822021050807814,0.7401745150356963
1_53_53174,0.5538405166491092,0.44233260197203206,0.5476023444748693,0.43282757895290436
1_53_53496,0.690978886756238,0.5268330921369995,0.7057801284472989,0.5324409068982151
1_53_53497,0.216890264877881,0.1606718640211463,0.21263394875158434,0.1623878862703802
1_53_53538,0.3084087221320767,0.29896601685985247,0.2931656573755618,0.28399917201407576
1_53_53692,0.8471212121212122,0.9075807700429366,0.8447598912715192,0.9013396595032096
1_53_53725,0.8512035010940919,0.7650632911392405,0.8301327166700181,0.7305840392331698
1_53_53766,0.6678626160641846,0.5432572152418775,0.6611872635111016,0.5408247707054686
1_53_53905,0.9176903215710821,0.8678263988522238,0.9066167387276096,0.8438218543280626
1_53_53918,0.772512305761992,0.8281112091791704,0.76987087517934,0.8231240428790199
1_53_53989,0.9070398400685421,0.8618059595371986,0.8966997396383084,0.8435214044908085
1_54_54098,0.8832452790709839,0.8366573381983067,0.887418896999189,0.8262662984584193
1_54_54381,0.22133389438249526,0.09718107800942746,0.1722550714090785,0.09174344946731933
1_54_54383,0.9213223890759163,0.8022245560435364,0.91590363254278,0.789896887711664
1_54_54722,0.9155332037947194,0.8211528101993176,0.9033762148193921,0.7968317531358577
1_54_54860,0.5530909090909091,0.3601697134775549,0.5252031400633521,0.32190812720848055
1_55_55005,0.5630020475665459,0.6421461370150081,0.5576923076923077,0.6318447797967355
1_55_55083,0.9712765568435294,0.8621745788667687,0.9633731451321028,0.8190156375300722
1_55_55207,0.934116592502481,0.7411826026524585,0.9162692935123604,0.6781151031997379
1_55_55230,0.8614662644256094,0.8817190038796963,0.8611817924795024,0.8728505291005291
1_55_55344,0.8301401957450024,0.7855416834474426,0.8185921234621825,0.7856761769263992
1_55_55346,0.8029306955025804,0.4561601565439904,0.7827323909918543,0.4266028430519292
1_55_55407,0.7588439095550693,0.5866572036905607,0.7355072463768116,0.5503397158739963
1_55_55469,0.9287098925298141,0.6898554831396996,0.9214231852387621,0.6665973449793768
1_55_55491,0.9152819395260147,0.8971829069134458,0.9015293801985511,0.8786512316597119
1_55_55512,0.9592760180995475,0.8473158490380357,0.9556267750592772,0.8346460544983122
1_55_55530,0.5231694997144991,0.36334375145775993,0.46498282323547785,0.29676713251389125
1_55_55589,0.6607248458224212,0.3232130853685862,0.6435183280536471,0.29714992002326596
1_55_55601,0.9395860661711121,0.9083506795640994,0.9229399615412007,0.8794219024006773
1_55_55613,0.8532042551625133,0.7500176740897844,0.8367405804939607,0.7246286269609885
1_55_55623,0.5722177367951388,0.2962236079896173,0.5544986617253449,0.2788189588189588
1_55_55677,0.3244027854201848,0.10488536822753325,0.26110262675626145,0.0974552966584839
1_55_55731,0.853742592913991,0.7508745124844196,0.8459856525157232,0.7132526393131985
1_55_55762,0.8772102161100196,0.8437983587338804,0.8690842741475653,0.833201581027668
1_55_55825,0.17763490787867964,0.10887054277182505,0.1750711373170231,0.09683393905507408
1_55_55826,0.8829664260576948,0.8833950751797778,0.872386317498985,0.872277099598844
1_55_55874,0.478429203539823,0.6156843903480674,0.47555428203015865,0.5789998949469483
1_55_55915,0.9193701642459617,0.8146223564954683,0.908995371509067,0.7850204194916934
1_55_55923,0.26873160289001874,0.14152659628984318,0.24822677507846674,0.12742752784422667
1_55_55970,0.8192243147492075,0.5381754356638389,0.8019328075853581,0.5106382978723404
1_55_55978,0.20128230248405285,0.0,0.2001190476190476,0.0
1_55_55982,0.7712207227113573,0.4269293924466338,0.7533204940895205,0.39281995751947024
1_56_56041,0.9594781228879551,0.8466328835704255,0.9525503805885269,0.8068403115871471
1_56_56043,0.8205885774107247,0.5873023066116826,0.8158436451948653,0.5733202778943441
1_56_56048,0.2642721678213415,0.30389964358096305,0.2598964677222899,0.28870907166513027
1_56_56055,0.9586313440521829,0.933708216182443,0.942977291841884,0.9060513447432763
1_56_56060,0.901244013715322,0.6283844885366243,0.8911429291938693,0.5883941308335031
1_56_56083,0.8087423896499238,0.8500342103626298,0.7802725443570514,0.8104501996853443
1_56_56150,0.8830724070450098,0.7705017301038062,0.8689694547530687,0.7456729961351033
1_56_56155,0.947542627883651,0.8420555280565181,0.9369947929580957,0.7985207744180988
1_56_56159,0.3864344466600199,0.5071213688069944,0.38067030875943775,0.486439938457299
1_56_56172,0.945602936582318,0.8008725662564303,0.9426095741373951,0.7930764717387052
1_56_56174,0.9579868169777613,0.870398773006135,0.9549654286238757,0.849476439790576
1_56_56243,0.9673435458971619,0.8711718703360993,0.9558961710124501,0.8221592519127231
1_56_56265,0.7676762508953239,0.7306751927778823,0.7405799960544486,0.7107552119287588
1_56_56371,0.944029327978331,0.8308329646462616,0.936744830772785,0.8095466538738306
1_56_56543,0.23202090385414811,0.062414713734796796,0.2004566327185039,0.04644369966950612
1_56_56546,0.37636446826589975,0.348149315680248,0.35528745537363043,0.3219515858512529
1_56_56638,0.2135257966224242,0.470802035376787,0.20677152359280837,0.47928788104828685
1_56_56702,0.5685174657317921,0.45955185955185957,0.5674314352633038,0.47930893033805466
1_56_56734,0.9606966403162055,0.8650735962202435,0.9539534431646984,0.8294945330704427
1_57_57054,0.8137825173695266,0.9286097691894794,0.7761901123252082,0.9005686789151356
1_57_57302,0.9750232606223509,0.8806688624271599,0.9647978072777107,0.8429850155778646
1_57_57303,0.7059319435928878,0.7036178331642757,0.7159784821168944,0.7024925128006956
1_57_57320,0.9358742004264392,0.85551059271602,0.9316822776102027,0.8451335259093321
1_57_57441,0.9733742193635242,0.9160339437248772,0.957769216657494,0.7762973868237026
1_57_57642,0.9384598386918572,0.803610997127616,0.9088920894009708,0.7207130069276874
1_57_57798,0.8396632969511458,0.7064490585958121,0.8328575959403742,0.6959158739855136
1_57_57840,0.8981966025279768,0.7769555600241304,0.8908881930957948,0.7640147169363453
1_57_57848,0.8763608419075268,0.6887849142208989,0.8617507654880249,0.6613791172902864
1_57_57910,0.8226326916657394,0.9025105966742746,0.808927424534361,0.8923922321809645
1_57_57941,0.9674702732597602,0.8814080178795921,0.9585355533985416,0.8510002715669412
1_57_57942,0.9773072657822319,0.9042190775681341,0.9673851274557558,0.8652630679877007
1_58_58095,0.5161385699502291,0.538109029585365,0.5177646613945383,0.5427335837031979
1_58_58150,0.909413689832968,0.7083990536277602,0.8964331365268732,0.6764734114033404
1_58_58417,0.9005078290308929,0.7886244453408633,0.9035154595510377,0.7907806161116312
1_58_58478,0.9235590793051203,0.6743748664244497,0.9149189900485237,0.645767761970708
1_58_58671,0.8359782362276128,0.8293748293748294,0.8240420064797229,0.8199635061161046
1_58_58696,0.9097470361343146,0.7969396307010193,0.9031387820212067,0.7813023054910642
1_58_58820,0.8609170060909532,0.698304045770331,0.8502445662167629,0.6796724957040332
1_58_58837,0.9295135320315177,0.8898642638926486,0.8951083388049902,0.8391071495449609
1_58_58843,0.9137244795693382,0.7421883585479322,0.8877398247754242,0.7035286235390457
1_58_58854,0.8614217252396166,0.8647295249390525,0.8460645348555947,0.849401670806051
1_58_58924,0.8084115836818433,0.5468556159938925,0.7890886690024256,0.5044725193655478
1_58_58944,0.545137927853123,0.5366417253521126,0.5249328687778789,0.5035067630430116
1_59_59047,0.8770404162805617,0.8657930177147001,0.8594851043047512,0.8449925797042117
1_59_59085,0.6497208906069198,0.4292373074989718,0.6401884381186258,0.4164858011011857
1_59_59137,0.613514254385965,0.4762644862654999,0.5898429264178789,0.4651326602488847
1_59_59160,0.29040816956159565,0.21108158170250463,0.25783389941930535,0.2145958961904958
1_59_59204,0.3269803124133469,0.40134708932485164,0.3206258381761287,0.36543378445310093
1_59_59208,0.7241344605475041,0.5404889114407665,0.690239177551451,0.4815833207433147
1_59_59240,0.8700095685987093,0.6673916469661151,0.8455978196468776,0.6084859584859584
1_59_59253,0.9635759625081568,0.8466923125433562,0.9573364761343548,0.8255008425388504
1_59_59300,0.8809736009096776,0.6378706944188617,0.8626282687851705,0.594200304305021
1_59_59420,0.9298429930543396,0.8251235330450896,0.9221182011372121,0.8057138515310387
1_59_59421,0.9485115229796081,0.8660104226983207,0.9386939909690865,0.8421471625156375
1_59_59466,0.7484586382789976,0.4799154334038055,0.7183176535694521,0.4494355032428537
1_59_59468,0.9065022329659523,0.8388072007695478,0.8813323252019579,0.7869728416869066
1_59_59495,0.6813406177768438,0.5286532184707582,0.666392769104355,0.5143823146944083
1_59_59550,0.915672793601796,0.915462392108508,0.8994974874371859,0.9017196609671255
1_59_59563,0.837633209738896,0.6405266805266805,0.8224206600877749,0.6012129159154237
1_59_59625,0.9677221026744544,0.9138529237539138,0.9594050956966963,0.8922742110990207
1_59_59743,0.6551305517164095,0.4713012144043803,0.6089951588554771,0.4091186408860522
1_59_59823,0.8244958924570575,0.8038597241526783,0.8115107913669065,0.7902578796561605
1_59_59909,0.9391013599819671,0.8160945540915003,0.9196983630678683,0.7614243647071655
1_60_60087,0.8601681957186544,0.7705385543490183,0.8532485233984552,0.7353084811981117
1_60_60097,0.3576169468622074,0.010993461783255222,0.34732596066624205,0.007532731511926825
1_60_60281,0.9806038792241552,0.9305627068775285,0.9715530903328051,0.8976173285198557
1_60_60387,0.9424374386653582,0.801195439248581,0.9322937168811506,0.7742684855674179
1_60_60441,0.8667888679345048,0.6433198728413094,0.841557212164241,0.6197548006908931
1_60_60473,0.7791427426892776,0.5075133934404809,0.7636934755578824,0.506578947368421
1_60_60686,0.872755905511811,0.8540033194070852,0.8566682120228712,0.8302502108518415
1_60_60730,0.9097440408864312,0.7846707943830683,0.9040113123583355,0.7650578220366206
1_60_60758,0.37671541980348316,0.0,0.3740185945153308,0.0
1_60_60884,0.6662605870750667,0.3931137856544549,0.6560214808043876,0.38703655465833114
1_60_60933,0.9270781276028652,0.7504903334267302,0.9213918056413424,0.7350284840905933
1_60_60982,0.7377793969526177,0.5231763788913851,0.7272918995297045,0.4917436955936462
1_61_61011,0.9566072555971056,0.8410043449840428,0.9466506890353505,0.8157516636418632
1_61_61018,0.877791104192717,0.7227653114122787,0.8530595117616567,0.6827513915997976
1_61_61059,0.9883610140676667,0.9428044280442804,0.9749212837651218,0.8793080446480188
1_61_61098,0.2944001677852349,0.2532480124103161,0.2859208864627042,0.22626281807823775
1_61_61141,0.07367908290845322,0.0,0.0734834008097166,0.0
1_61_61147,0.9834448230888974,0.9154623492339454,0.9760350401501721,0.8784862678305301
1_61_61192,0.8527376736584037,0.6008704912719359,0.8402347918890075,0.5831031828677503
1_61_61260,0.945173026482782,0.8814972503104488,0.9348553269777555,0.862707423580786
1_61_61269,0.9149692089057319,0.834659090909091,0.9124477473293079,0.8328306573228067
1_61_61280,0.07812977854534334,0.13103572069646383,0.08436286621955524,0.1332157258064516
1_61_61292,0.7420269642026964,0.4656840165822202,0.7149890345969655,0.44537815126050423
1_61_61299,0.9723780750971083,0.8916943147950289,0.9542603871434602,0.8226513061820542
1_61_61562,0.9501840025976838,0.8272271878990276,0.9420918708986206,0.7978898460942794
1_61_61579,0.8977347125834751,0.8921397015920647,0.8999483604441002,0.8924981307634793
1_61_61603,0.8409435476678855,0.6556202001396323,0.826035761011775,0.633830348213474
1_61_61640,0.6587427525175465,0.5522812144828706,0.6231064431427994,0.5260981602445017
1_61_61668,0.9549253964534021,0.8879237603613441,0.9530598052851182,0.8893539491825881
1_61_61767,0.9364578463456443,0.8540339455940479,0.9279703543580637,0.8335477349995406
1_61_61845,0.8720450797141286,0.4913642538327188,0.8638680309691475,0.4758311043179213
1_61_61911,0.830109316138575,0.4880682081460544,0.8176811923995904,0.5014894759974605
1_62_62065,0.9595231086252576,0.8890927624872579,0.9444471188562076,0.8477120276283456
1_62_62066,0.8871826314762687,0.7231689180815467,0.8747011787981205,0.6839937768829505
1_62_62467,0.9823600123004669,0.9297815025441485,0.9780866585608489,0.9060611394707505
1_62_62514,0.8626092196444712,0.8676255275170097,0.823292595255212,0.8231773214731066
1_62_62798,0.9800736374697786,0.8030711343875527,0.9736903996613305,0.7583533413365346
1_62_62852,0.9725291958009704,0.8944527631716405,0.9705504587155963,0.8865975808408137
1_62_62861,0.8820585691338193,0.8407774560035642,0.8888146708768521,0.8460477687682718
1_63_63034,0.6608507386653082,0.018054112875302963,0.6475496051200684,0.008781827993916498
1_63_63150,0.9443194600674916,0.8762943945228926,0.9253941538144471,0.8330223493801053
1_63_63372,0.9376097289427483,0.8867404650263451,0.9331272234457055,0.8773503865610385
1_63_63377,0.2980257457606139,0.31943851864493555,0.2882670212607013,0.3181857451403888
1_63_63398,0.9564244142665274,0.8780934300630551,0.9368554193422844,0.8272787318361955
1_63_63410,0.8767593833780161,0.774687743950039,0.8481925757821365,0.7331482190731521
1_63_63411,0.12462408584512337,0.02197864931209682,0.12327389503929688,0.0
1_63_63499,0.4153372113114093,0.34760842852591817,0.4134619519256955,0.35760849320171356
1_63_63566,0.9676630834928582,0.8859289253556396,0.9545323158746676,0.8390560165975104
1_63_63567,0.37862753203803223,0.05919789877765431,0.3784046190235186,0.056537995149555376
1_63_63592,0.9708618222292892,0.8987119025832336,0.9481106560544007,0.8230469275245395
1_63_63633,0.9096097307891855,0.8171343616428173,0.911754507628294,0.823220788840195
1_63_63720,0.978449774070212,0.9287562189054727,0.95849609375,0.8604324807042164
1_64_64053,0.9525202133149837,0.8715397049909073,0.9359133855620188,0.8235064808498197
1_64_64272,0.9251556808835625,0.6685326463885861,0.9334037744709577,0.6814788838234558
1_64_64480,0.3959114041729363,0.16218994987790772,0.39575968346123264,0.16201519916142557
1_64_64709,0.9082342036150162,0.895046439628483,0.8863721593039826,0.8701022577705781
1_64_64723,0.945974036161117,0.8002497823865572,0.9388123773819468,0.7791295344451429
1_64_64815,0.9509032169995905,0.8469757803393343,0.9210387323943662,0.7698027407361888
1_64_64878,0.5959600923969135,0.0313633826402456,0.5907773257655112,0.02570231043680072
1_64_64891,0.9431319485078994,0.8414562536699941,0.9212329983309067,0.7759190417182982
1_64_64938,0.43713067544318945,0.47221490650513565,0.4325244155075466,0.46486681537855923
1_65_65200,0.9669489774839909,0.877210712481051,0.9495617368394386,0.8099872835762496
1_65_65241,0.8572019439561576,0.8446181125632101,0.8558902413864246,0.8408735332464146
1_65_65292,0.2628460642538323,0.0,0.2624966586474205,0.0
1_65_65437,0.957409610761722,0.84375,0.9348601952303293,0.7649137747498403
1_65_65742,0.49787279875060586,0.5134533683997572,0.4826726243050865,0.5017777039375312
1_65_65743,0.930667394568036,0.8874015281644257,0.928144525944037,0.8788661306414696
1_65_65815,0.9217113570526628,0.827580671054744,0.9094171060339777,0.7996675637169542
1_65_65819,0.8640532923392262,0.7466898000182631,0.8613665227330455,0.7590109941086423
1_65_65838,0.8978523789769283,0.6670445761401701,0.9023358585858586,0.6789876277016273
1_65_65856,0.9298517822873709,0.8517471611676982,0.9204458879666386,0.8372115477454861
1_65_65859,0.9550575299666536,0.8651490260502229,0.935757147899753,0.8080771329816263
1_65_65864,0.8922051282051282,0.9101652511686089,0.8703319502074689,0.8846924917545108
1_65_65984,0.8163406214039125,0.753628236386857,0.8063940520446097,0.743532636628405
1_65_65994,0.7902712679408408,0.5919666374012291,0.7711910570068446,0.5647429622024307
1_66_66017,0.9618535641328889,0.8659764514819326,0.9317704761310971,0.7666267804068398
1_66_66053,0.9561011904761905,0.8878154721785366,0.9045444778685002,0.7521932784451343
1_66_66111,0.975785479814128,0.8785227333726985,0.9653536333347391,0.828347689898199
1_66_66201,0.9127810158201499,0.7701872230956124,0.8982185176105254,0.7269431857790171
1_66_66209,0.9304116493979278,0.7372610466938264,0.9353181306306306,0.7517114604462475
1_66_66254,0.9525200157500985,0.8568448500651891,0.9416124250821679,0.8271200327734535
1_66_66552,0.6007756411736189,0.2831597260454976,0.5579854634334598,0.24281349254211393
1_66_66598,0.32902357513345126,0.4731137446754671,0.32719563719174183,0.45279471969253904
1_66_66640,0.12696744717304398,0.0,0.126361259520291,0.0
1_66_66667,0.49156754020661253,0.23303493264804723,0.47665261138254916,0.22137863855145543
1_66_66696,0.9801464152144506,0.9316285694906057,0.9640383486597535,0.8807049848743916
1_66_66821,0.9428528003647694,0.9287355001722751,0.9115167509713364,0.8521810250817884
1_66_66889,0.8662698412698413,0.7496577530345898,0.8327693175408911,0.6916154711430302
1_66_66903,0.7728837586067233,0.5259520501585266,0.757478049506424,0.5028589143014605
1_66_66940,0.9077691383779,0.8406949352179034,0.8786638983878847,0.7834341688274272
1_66_66941,0.5599327615189,0.505907256079551,0.5112097059169971,0.40054672659037205
1_66_66979,0.8859534597957146,0.8798889730002524,0.8731179541499584,0.86304796448002
1_66_66988,0.9392127848475881,0.8204902908356032,0.92817033224146,0.789623128549303
1_67_67033,0.8792887718142904,0.8887761473618483,0.8534950526651771,0.8605853957551145
1_67_67050,0.9669372693726938,0.927,0.9566191887788301,0.9021172638436482
1_67_67163,0.8526931294276398,0.8888396811337467,0.8413402862531898,0.8755834941183793
1_67_67165,0.8739388251354464,0.8333393145523058,0.8499773317396859,0.7895602856742753
1_67_67202,0.714078374455733,0.8101568829638359,0.7273601847101078,0.824200154987269
1_67_67219,0.9292294807370184,0.7417859975785914,0.9203957382039574,0.714366906182763
1_67_67339,0.9329166363834581,0.8644081181394614,0.9287432776677045,0.8485649840553784
2_67_67381,0.8596673596673596,0.9020098755129008,0.8495274102079395,0.8883919355948531
2_67_67412,0.5309034563304386,0.34668180044691943,0.5284069340756675,0.333533526460821
2_67_67426,0.8629835533935604,0.8089834885358792,0.8576800364630811,0.7971582181259601
2_67_67911,0.8786469039633596,0.5841363413067302,0.844231368340891,0.549317903126916
2_67_67978,0.9549722768735468,0.8940708174904943,0.9461782597196509,0.8816076374565384
2_68_68009,0.8178667693492492,0.8136740170341851,0.7943752881512217,0.789263733758833
2_68_68042,0.9398270600203459,0.841858541293258,0.9391860996799268,0.8331737346101231
2_68_68315,0.2294410625345877,0.019826385167720503,0.2236638029859603,0.010989843868425041
2_68_68340,0.9496677506008766,0.875390325811583,0.9303645592985694,0.8257971847170353
2_68_68343,0.4863553858671841,0.2761153427638738,0.46595754230061487,0.23166798632703114
2_68_68401,0.9356679960119642,0.8191896172119433,0.9227675177200598,0.7814979311392021
2_68_68592,0.9573505245860194,0.8541814630681818,0.9489126077370215,0.8216119766733397
2_68_68593,0.8700761554621849,0.5869746584628219,0.8540129522827593,0.5427792640452274
2_68_68614,0.5627817482133041,0.6140570067117994,0.5492009867009867,0.6392893684308436
2_68_68615,0.9515605440156161,0.7812896040554553,0.9380464338004602,0.747554989320643
2_68_68619,0.9572189144063258,0.8642728545709142,0.9485628779849118,0.836996607169199
2_68_68620,0.8481533995003714,0.5799871947315467,0.8391060457661829,0.5721167079548583
2_68_68707,0.24772185616150288,0.09838829655343417,0.24198230929865366,0.07875330457770975
2_68_68825,0.9316688567674113,0.8717319389606232,0.9227691076430572,0.8571277495769881
2_68_68857,0.9700714978622499,0.9217971613873485,0.955550836960753,0.8862175782514217
2_68_68928,0.9466008525914292,0.8303733602421797,0.9382225892516834,0.8060838394901921
2_68_68931,0.8605717075287481,0.7095117567220571,0.8331802555960847,0.6455660708026638
2_68_68932,0.9245445725989005,0.8870071684587814,0.9126967247979583,0.8708028553802767
2_69_69141,0.8570184604667364,0.8740844087896756,0.845221843003413,0.8623213070115725
2_69_69152,0.9650687661949372,0.9150157728706625,0.9551540809294083,0.8938778062660246
2_69_69224,0.6020386558180333,0.6580376021486942,0.5672271302365346,0.6361624035114273
2_69_69370,0.8429821407167686,0.8810564550883457,0.779884675094256,0.8197174808711006
2_69_69372,0.9226839932981897,0.8643735446709424,0.9051975550317606,0.8318986131037781
2_69_69490,0.9793113928447378,0.9275328238291202,0.9571062604534964,0.8523930618286713
2_69_69494,0.5023396839039297,0.6433878663940014,0.48679363938549997,0.6626116838487972
2_69_69499,0.5959696526692544,0.0,0.5950098142835573,0.0
2_69_69606,0.21260043578918697,0.23905076049111235,0.20841051314142678,0.2455112455112455
2_69_69612,0.7567338810057257,0.6143565318818041,0.7202214755572381,0.5789400018661939
2_69_69648,0.8424942655679212,0.8593892324656024,0.8245757849004016,0.8440462646947289
2_69_69666,0.8947817789161769,0.7357966551953149,0.8839241873711087,0.7134606317774634
2_69_69781,0.9113770436541379,0.874171465826361,0.9114965016414099,0.8620727114716107
2_69_69802,0.979358849196071,0.9015433477246787,0.9760601372525686,0.8886481162275301
2_69_69903,0.9154242630771852,0.7380881030866048,0.89533412169872,0.6676017341251047
2_69_69989,0.9258998545215636,0.8492043445314473,0.9159086690180063,0.8277941103193981
2_70_70132,0.8859621939882244,0.6203140550702201,0.8773398798825128,0.6124508948057616
2_70_70211,0.8866501575866726,0.9110978875334722,0.8608230542517192,0.8798635601549402
2_70_70242,0.646700229459913,0.3175531316765996,0.6325963149078727,0.2973587674247982
2_70_70269,0.9518432662828087,0.8840688107703815,0.9433711841911222,0.8655111687830197
2_70_70304,0.19194851346046568,0.09386072880534109,0.18518887571370207,0.04852156663002976
2_70_70320,0.927027027027027,0.9056588745967903,0.9178303147610489,0.8893545354848817
2_70_70531,0.6996415770609319,0.5090198686507607,0.6801874970993642,0.48920628443174863
2_70_70577,0.793334491401345,0.6446842333445735,0.7641738884035042,0.6314939501602524
2_70_70587,0.7000424808836023,0.44509258631214815,0.6915329631132062,0.42093809635407947
2_70_70604,0.8959410300593529,0.8555274261603375,0.8826747147033859,0.8311850311850312
2_70_70612,0.859369253401986,0.6582215871620136,0.8690599990957182,0.6713643677523164
2_70_70640,0.9623353899990791,0.8562402710374508,0.9546129083810871,0.8265043948613928
2_70_70669,0.9371180698477029,0.9088385553554027,0.9247110278038113,0.8761532089914599
2_70_70693,0.9709616423554835,0.9046200345423143,0.9541834784455299,0.8541789164216715
2_70_70761,0.9075333575619127,0.8091862206689965,0.8965428805908905,0.7818002951303492
2_70_70783,0.901694086984851,0.8466421650517875,0.8939424512692199,0.8337556461385921
2_70_70803,0.9242703384078348,0.8573582061428302,0.9173025562762305,0.8469378300750486
2_70_70863,0.3918248994481339,0.28418878118544416,0.37818344719453467,0.2475209763539283
2_70_70895,0.385602955088067,0.34062205933336637,0.3655792305393057,0.3264412732174214
2_70_70915,0.9469710272168569,0.875,0.9396288875337573,0.8544627629334849
2_70_70926,0.5227034065610955,0.6878647903462599,0.5090159921671018,0.6690246891962879
2_70_70943,0.8018903276845568,0.4251620716677353,0.7896074092287517,0.38810100311310963
2_71_71085,0.19807627889170695,0.0,0.1966403162055336,0.0
2_71_71115,0.96684018388318,0.8919862558191088,0.9536790189282858,0.8514520133865918
2_71_71150,0.9105392156862745,0.9044591179587511,0.888469013172101,0.8738314023172193
2_71_71279,0.8279850034949482,0.8672058228871815,0.8029071199802907,0.8473282442748091
2_71_71449,0.8928166477689589,0.7298492144943554,0.8794277929155313,0.7122315205845013
2_71_71631,0.9599020293911826,0.8855678906917165,0.9435034048523423,0.8375544944986506
2_71_71632,0.9417511863775937,0.8802461606697345,0.9153081332855607,0.8184318377911993
2_71_71768,0.9431766107597837,0.9180481968894206,0.9330191244448472,0.9003299771554277
2_71_71771,0.6154938271604938,0.4254027020005196,0.5967323651452282,0.4002555094219099
2_71_71951,0.9768043256798057,0.9202497516673762,0.9572200712998812,0.8536518771331058
2_72_72069,0.9110309323711885,0.7880304678998912,0.9062472657275352,0.7758964680506876
2_72_72074,0.9112680229113174,0.8616088947024199,0.9199423545197039,0.8891256102973812
2_72_72102,0.6112210567979418,0.5776349461405701,0.5785332958696263,0.5555425904317386
2_72_72152,0.8770723104056437,0.751620917408956,0.8685279626588296,0.7572389948755942
2_72_72319,0.9220338983050848,0.9137550570062523,0.9167340842616217,0.9074268498653398
2_72_72352,0.9310291442504934,0.7875653827864955,0.9223044194871401,0.7652761457109283
2_72_72377,0.9503700618371728,0.8466108700144658,0.9322103145919105,0.7872607625458381
2_72_72453,0.8958826180015771,0.6680966741706664,0.8911306097356508,0.6481917577796468
2_72_72562,0.9199982636628034,0.7955497069027395,0.9143707153020307,0.7819664381942804
2_72_72593,0.9503679348677,0.8652518351624391,0.9588360171904935,0.8939193168433451
2_72_72714,0.40538971937695095,0.333220223956566,0.39892886357673135,0.330901109331435
2_72_72747,0.9086024750980984,0.7054774019754565,0.8854310674471277,0.6573484409891655
2_72_72778,0.3640868522712135,0.4203089056851791,0.36218594296618256,0.4130091128882276
2_72_72940,0.25168236877523553,0.2625302241711405,0.24318496082175545,0.2363603571106502
2_73_73034,0.9489534708628219,0.8405803951224123,0.9305811298519555,0.7810409603225511
2_73_73091,0.9484728631070094,0.8140159229772265,0.9496062305024107,0.8038657266912554
2_73_73097,0.6176331779835997,0.07259475218658892,0.6051384313045489,0.0608875128998968
2_73_73123,0.8965341488277269,0.8709109209864117,0.8795540513637269,0.8426162073220896
2_73_73225,0.9071477428180574,0.8651328333545188,0.8850107776488144,0.8447119302865024
2_73_73260,0.9337845728002075,0.7506915066710055,0.9195725294843956,0.7033690051525961
2_73_73453,0.2367444727446123,0.0,0.23716096560723274,0.0
2_73_73493,0.9600562258404591,0.9017897091722595,0.9439967767929089,0.8638016288539849
2_73_73494,0.3495361192609627,0.22779913266311846,0.34611882183005716,0.22591900923923727
2_73_73629,0.901602078371942,0.9162030203247417,0.8989606771670416,0.9108899758250407
2_73_73776,0.8732272297510243,0.7935579272212936,0.8590409285277948,0.768859649122807
2_73_73838,0.8997011039868872,0.683991029625841,0.9121456324651029,0.7121514739953663
2_73_73901,0.9576637083233389,0.922068804118886,0.870872834259562,0.7517686865579821
2_74_74023,0.918457577792702,0.8380021996506437,0.8805794622333886,0.768257299833323
2_74_74056,0.9322523235119636,0.8331366930726445,0.9129710678182734,0.7702643890762703
2_74_74096,0.9551924300254453,0.8558481322718923,0.9462865243758368,0.8304695062923524
2_74_74102,0.6588628762541806,0.5729933811876573,0.6482770138618271,0.5662968099861304
2_74_74124,0.8269267915781341,0.7652421652421653,0.7992657581979964,0.6721699582580525
2_74_74166,0.8588235294117647,0.7941969758888435,0.8353813559322034,0.7636450305871136
2_74_74171,0.8823514640148662,0.7327546591779424,0.8657001518342557,0.7275955229641066
2_74_74172,0.9023092649382027,0.7289158550215552,0.8943557413371708,0.715319662243667
2_74_74193,0.9682680638190806,0.8472058980660327,0.9545408170701492,0.7856313993174061
2_74_74275,0.6914794007490637,0.549054905490549,0.678110493291843,0.5318656422379827
2_74_74293,0.4788741624207474,0.4858595641646489,0.47692432344838764,0.47402940611185856
2_74_74294,0.8067473414008067,0.8865895535875655,0.8392701998262381,0.891395592864638
2_74_74361,0.8696350746118776,0.7087483530961792,0.8659392049883087,0.700713393043116
2_74_74385,0.9355014041126913,0.9071894498014748,0.9104088896605608,0.8643717728055077
2_74_74448,0.8431763514368907,0.5348490390838234,0.8369660789485862,0.5084199613326235
2_74_74478,0.663319770224988,0.32445369406867847,0.6473269450467464,0.3432965003894867
2_74_74515,0.007802199506739673,0.0755177573037247,0.010054688831394178,0.08112318417260583
2_74_74560,0.904209519253767,0.874201205039255,0.8995009864221887,0.8654437014277968
2_74_74641,0.34654566596728936,0.4879446378983559,0.3272696889398171,0.4437799043062201
2_74_74722,0.25305578718298116,0.0,0.25187246963562754,0.0
2_74_74783,0.627732312288305,0.35078605917755556,0.6124887100747187,0.3220425911472851
2_74_74876,0.06786160900375156,0.0,0.06616272453873039,0.0
2_74_74879,0.9056039760858604,0.8553640178974021,0.8909640884949527,0.8288949897048731
2_74_74953,0.854456288250314,0.775506745305403,0.8340120991657112,0.7465902617204517
2_74_74979,0.25907801572007016,0.6266883583670689,0.25145867439029507,0.6394141565670522
2_75_75089,0.8801801801801802,0.612951419298336,0.8500137350059518,0.5694839192221391
2_75_75104,0.4149244882675986,0.6529037155750496,0.40899166641040624,0.6345024332941769
2_75_75154,0.27749750335755363,0.14413870786064847,0.27588361146769363,0.10984490064590448
2_75_75169,0.3161900247537789,0.21269791921121006,0.296198534672028,0.2217585127572797
2_75_75231,0.20708646616541354,0.0,0.20708646616541354,0.0
2_75_75252,0.8836946470769547,0.8522955696711425,0.8869744647923652,0.8516920372368053
2_75_75273,0.8487719004107637,0.8290365596177353,0.8326410945516736,0.8076145736603485
2_75_75278,0.20275550421310137,0.4151221308457101,0.20273121655610135,0.4023893011498002
2_75_75430,0.5767126154950214,0.32731435858790797,0.5566906184168758,0.31378630645254796
2_75_75449,0.8253001566034452,0.8645000887941751,0.8013849011991218,0.8452412108523074
2_75_75568,0.853611300979722,0.5541818181818182,0.8701744094221701,0.5885777162531501
2_75_75665,0.9214475683890577,0.8556290001049208,0.9042370122319892,0.8122363941257178
2_75_75699,0.9005860370307457,0.7468003309163463,0.8817125382262997,0.7136779304611472
2_75_75707,0.9752310256021814,0.90464085990268,0.9662769784172662,0.871818569600455
2_75_75723,0.971188594575275,0.8575563463819692,0.9672551028449838,0.839992479082448
2_75_75734,0.9339400525219597,0.6300053390282968,0.9234426375188839,0.5844398229616594
2_75_75742,0.9168003347513773,0.8275559455901711,0.9071482732473978,0.805286217050923
2_75_75751,0.6699624784504614,0.3117177606973525,0.640847802890678,0.28132075471698115
2_75_75805,0.9528144989339019,0.8794474933711537,0.9544564986173155,0.8843069170021203
2_75_75818,0.16709013393049396,0.0,0.16115968515710993,0.0
2_75_75920,0.7849782849357064,0.4976695626235132,0.7295634225182069,0.4303971416792634
2_75_75971,0.8804819704084345,0.8657254081691941,0.8676725633021158,0.8599232926899079
2_75_75986,0.4241486068111455,0.25801476683438396,0.36771749231539064,0.23574798778795447
2_75_75991,0.9332262573986496,0.8599544785111796,0.9265749583807938,0.8760652544436328
2_76_76026,0.9317601849350026,0.7923779643812864,0.9155714033123121,0.7529475294752948
2_76_76032,0.969874582466755,0.8981402308678923,0.9616321939636319,0.871431581165069
2_76_76096,0.9772638071208298,0.870242214532872,0.9721843620483436,0.8482758620689655
2_76_76123,0.9105449525867243,0.843772199857921,0.8964203437887649,0.8194262414445901
2_76_76149,0.9444053208137715,0.8499944647403963,0.9130988023952096,0.7593842260649515
2_76_76170,0.3496100624270604,0.43006092851626193,0.34739805682320035,0.424586025416114
2_76_76184,0.13319193920495723,0.0,0.1317206598854603,0.0
2_76_76186,0.7234090078382001,0.41921808761187,0.7150793173294828,0.39033165736426956
2_76_76256,0.9761829900958968,0.8940692690837484,0.968823880907225,0.8687232219365896
2_76_76257,0.10412933360072973,0.0,0.10389811581386642,0.0
2_76_76272,0.09458153429059142,0.0,0.09454711986047853,0.0
2_76_76273,0.8962213121088015,0.8332994511079488,0.8887274395839706,0.8212343025988852
2_76_76326,0.6169847328244275,0.6608706635230718,0.6071718623102392,0.6479963570127505
2_76_76343,0.8443193997856377,0.9033946114191227,0.8203390929425876,0.8803402538583037
2_76_76407,0.9139863193130549,0.811994878770905,0.8948137066324713,0.7727326104826399
2_76_76631,0.12748892616006538,0.07482903300406356,0.12715808437171597,0.06876979936642028
2_76_76635,0.9432698441629455,0.8648773984116863,0.932201863773466,0.8437803000057035
2_76_76639,0.9610740848063364,0.8811111111111111,0.9492928267901313,0.8492863559237449
2_76_76750,0.7747762770274026,0.7515519035487459,0.7440149293521727,0.7330343484911696
2_76_76795,0.8779769016328156,0.7732519788918206,0.8529002320185615,0.7469051342194423
2_76_76819,0.48019470641922724,0.5170537321107207,0.4798048869438366,0.5180583025195632
2_76_76831,0.8343224530168151,0.8429907897599536,0.8269442743417024,0.8244020157569735
2_76_76847,0.8914253773057574,0.5681717737183265,0.8884533143264434,0.5976783911794394
2_76_76874,0.9780878907827772,0.8973093532007782,0.9698467325623275,0.858486631759418
2_76_76880,0.8439469451256494,0.6595826664295453,0.8252847497809617,0.6122782848286551
2_76_76889,0.8748664054150338,0.8141984411207078,0.8697934595524957,0.7999861390255735
2_76_76897,0.9736740318135667,0.8221559860904123,0.9695310811784197,0.8037209302325582
2_76_76940,0.8424217575509089,0.886003846722888,0.82599973251304,0.8737026750475076
2_76_76952,0.7489163717342029,0.6556461214396923,0.7397206528562461,0.6338758396826113
2_76_76957,0.8334321749100542,0.5882161458333334,0.8018634721429929,0.53601666740547
2_76_76961,0.815793991416309,0.6558999100498815,0.8769243267395102,0.6891125923910579
2_77_77008,0.9583558680367766,0.8264905922653031,0.9554826183431953,0.8121611721611721
2_77_77023,0.984335092797548,0.8460595776772247,0.983051808185013,0.8325681626534245
2_77_77055,0.45416715804370167,0.24986765484383272,0.4465684894064638,0.24209235798937476
2_77_77058,0.9670415163731523,0.8852448775612194,0.9561661073825504,0.8470888537741582
2_77_77109,0.931368079825761,0.8468352301395975,0.915269416388875,0.8027750525578136
2_77_77133,0.9284260268993093,0.7874154493264367,0.9157044292710829,0.7503188245079013
2_77_77153,0.8568590494625847,0.8165439917836358,0.8653088042049935,0.826399897176642
2_77_77162,0.9494742839384679,0.8649278579356271,0.9415294660717033,0.8406238532110092
2_77_77167,0.18679617117117117,0.02136998129227227,0.18608075301706384,0.019388975464791795
2_77_77181,0.7694577925763366,0.6279327837666455,0.7603762317109585,0.6178105412543856
2_77_77435,0.9196197858988556,0.931273462315911,0.9070736346345439,0.9212717094875843
2_77_77513,0.982510774363965,0.9159270216962525,0.973879775404602,0.8847547716839816
2_77_77529,0.9283347433728144,0.8132088384825968,0.9176389129305869,0.7808980687209469
2_77_77552,0.6728097709544084,0.423542175210198,0.6252367560121678,0.40321418083771593
2_77_77563,0.9114327716838178,0.8008918441119819,0.9065763413755852,0.7914533952804683
2_77_77691,0.8787472035794184,0.7647650524500647,0.8727334350110151,0.7496659667875549
2_77_77805,0.894130326645664,0.897642015005359,0.8732470334412082,0.8836827400882936
2_78_78096,0.37222298882296123,0.292358803986711,0.3550393208515679,0.2727922774401144
2_78_78222,0.9497528140099991,0.9100277447483155,0.9463713686070916,0.8996839402120235
2_78_78261,0.6399089097637347,0.4218067793919187,0.5904597213612189,0.3655708834751981
2_78_78416,0.8838135757106943,0.7487606083522393,0.8734094990638493,0.7282445923460898
2_78_78470,0.891558764940239,0.8684956637758505,0.869701726844584,0.8339917761831815
2_78_78523,0.8692225555499059,0.6950411266938872,0.8600396516676286,0.6723276434739913
2_78_78545,0.7276938915579959,0.5615980288630764,0.6938241308793456,0.5310546538968859
2_78_78560,0.926731098310477,0.8106738726566458,0.924704807252964,0.8057660570543262
2_78_78606,0.8083899500064095,0.6923887973640857,0.8003711975840699,0.6740344193378875
2_78_78635,0.8976687000520168,0.8626801640763181,0.8854357378249725,0.8452100221075902
2_78_78641,0.6444470432308113,0.5063294918492864,0.6059508124725516,0.4679427458287457
2_78_78656,0.8970302525673051,0.7568346754150512,0.8782707964070058,0.703111411730602
2_78_78661,0.9007122265558759,0.6377883063466444,0.886223609627865,0.6212328420199564
2_78_78701,0.283492097470477,0.3898457758973659,0.28017681060863653,0.3691865287839407
2_78_78705,0.9062595563501211,0.6833018038421571,0.8811663807890223,0.6584529731680284
2_78_78706,0.8683176913217844,0.7806677313864172,0.8509440077789482,0.748642271246114
2_78_78716,0.519128715618605,0.35857723703404826,0.508418194161575,0.33803118312442676
2_78_78784,0.32555731609745386,0.4168564083731179,0.32173495617702624,0.41299185269080413
2_78_78817,0.17727240457202356,0.12945336237261704,0.16497478695527712,0.11905524847125423
2_78_78867,0.19479341150195423,0.13417621917416261,0.1788559015206372,0.1118950854218409
2_78_78986,0.8342052815146985,0.7388694081394114,0.8182576073363902,0.7075428279212478
2_78_78993,0.9012236906510034,0.7270235344793828,0.9061651144741948,0.7258847200852172
2_79_79121,0.8898598907622892,0.8763838177303929,0.8505689803690438,0.8285244600646222
2_79_79244,0.911200180648075,0.8518536443713096,0.9041701651273439,0.8401963587837193
2_79_79248,0.8001605136436597,0.6418762409000662,0.7591025834718236,0.6101209420751114
2_79_79255,0.9674681435454096,0.8704860049779486,0.9610700158669855,0.8483477661453621
2_79_79293,0.9469008193037647,0.891643110821193,0.9443056173621333,0.886202554416262
2_79_79319,0.9374935766993484,0.7462087610357792,0.9302235536263781,0.7217261286705154
2_79_79323,0.9600394671928959,0.8746711968434897,0.952973672249222,0.8526105285915037
2_79_79327,0.6972419028340081,0.5709401709401709,0.6234751071546324,0.5369045615216294
2_79_79407,0.2908652521355745,0.10063391442155309,0.2835480101540569,0.06346523963760972
2_79_79409,0.9101359876629749,0.8446882217090069,0.9001710033738504,0.8259648265754763
2_79_79424,0.9477268072906,0.8683064309505508,0.9264735165272799,0.8019451083820984
2_79_79584,0.9529752692067046,0.8897528464315468,0.9406201248049922,0.8560947824105719
2_79_79609,0.9135692690734484,0.8156560985535126,0.8975425461855742,0.7566805225653207
2_79_79621,0.33446681779792864,0.6081113225499524,0.32967874649859946,0.5853849772620354
2_79_79705,0.7023594830177337,0.6957506820178481,0.6952303059593293,0.6797534809404245
2_79_79799,0.9333655239014969,0.8633553068628954,0.9134944018856807,0.8413237380904115
2_79_79889,0.9089952897059496,0.8948072051787223,0.9002393532944949,0.8839468480033307
2_79_79959,0.9112404630360431,0.8805945223780896,0.908379268730226,0.877866648966181
2_80_80006,0.988166178854941,0.843564190603802,0.9850411211816046,0.8185126974935892
2_80_80028,0.9681890107491679,0.916877667655357,0.9554744917118181,0.8839880867961991
2_80_80209,0.9281579036462742,0.7497786771215379,0.9288688988838913,0.7558691387711194
2_80_80262,0.15066383475634007,0.0,0.1500315989045713,0.0
2_80_80272,0.4334848976940565,0.33826247689463956,0.4068420252394709,0.31551724137931036
2_80_80321,0.7600513259195893,0.5501979850634053,0.7329886114900231,0.5363317556465654
2_80_80333,0.5434839869230411,0.14249344953821566,0.528788632219761,0.10771972819427425
2_80_80334,0.18866310366041217,0.001016082127465751,0.18708595068106645,0.0
2_80_80398,0.8425503505062869,0.548684004386652,0.8274776567644824,0.5282502217594199
2_80_80504,0.7399700263561351,0.5879198704977742,0.7352699791403071,0.5699993374411979
2_80_80528,0.9586556960988989,0.8226010671972506,0.941941962044382,0.7434082238236541
2_80_80552,0.9383019862893303,0.80987239758227,0.9215703155266669,0.7608709782255444
2_80_80562,0.9103158415229619,0.803233574131407,0.8903187369675305,0.7632827641515739
2_80_80567,0.9336283185840708,0.8823117560944561,0.9266728378735785,0.8672890122366596
2_80_80595,0.9497906426360823,0.8828165508659132,0.9469968502226567,0.8717487406188958
2_80_80715,0.9765261460492974,0.8921200239612264,0.9685653671555992,0.8540126575546455
2_80_80829,0.8601158549667454,0.630201066885515,0.8733068694888033,0.6598997493734335
2_80_80834,0.9774221253261982,0.7730299667036626,0.9804655438458255,0.8001437240498244
2_80_80887,0.9779815576387647,0.9191612436731743,0.9646768549057126,0.8691601976005646
2_80_80949,0.9334309029625687,0.7423560186971997,0.9224241628939484,0.7077587290941862
2_81_81003,0.8887112248161176,0.5485583130110457,0.8689615412332748,0.5363794268069092
2_81_81295,0.9352353126521726,0.746197572591796,0.9187613843351549,0.6849952078378474
2_81_81304,0.8428738697716777,0.5771418720910187,0.8103755589605679,0.5206713562877946
2_81_81442,0.8949456872178959,0.7114806945563777,0.8885294117647059,0.6964673519617779
2_81_81531,0.8378196088049543,0.6378080537419331,0.8294688922610015,0.6237865904131237
2_81_81637,0.6235393603936039,0.3025472473294988,0.5925493487065349,0.28977181423750603
2_81_81639,0.7137689560821778,0.5312176402509594,0.6731758347136256,0.5055753262158956
2_81_81675,0.9204885466228478,0.8090037757769387,0.8790825346608356,0.7073337512108953
2_81_81676,0.8851561343791623,0.8456396232148283,0.8714847734227015,0.781947363154208
2_81_81718,0.9053845588775435,0.8544716881284177,0.888056476012102,0.8347069065583285
2_81_81784,0.951578660860098,0.8328791208791209,0.9418623438173201,0.8065972222222222
2_81_81827,0.8785340314136125,0.896036866359447,0.8741815476190476,0.8859809663250366
2_81_81838,0.9240304458137006,0.878481354103446,0.9119220890410958,0.8540241012117368
2_81_81862,0.8794088008061807,0.7961200020583543,0.8721476324658821,0.7837292580824129
2_81_81973,0.7322059096822152,0.8443705989397895,0.6946403385049366,0.8187260168841136
2_81_81988,0.9057244024786073,0.7472069808950883,0.9227520931925737,0.8236882434503393
2_81_81996,0.9415998691313594,0.8779777287036602,0.9351592615134916,0.8625058220773172
2_82_82045,0.904090203597188,0.8627815747967809,0.8852883413676129,0.8369307400379506
2_82_82074,0.7668935342732134,0.7552360887346635,0.7326242774566474,0.7278611178320832
2_82_82130,0.9555927228043827,0.8714650479356362,0.9446928689103319,0.8404019436712742
2_82_82198,0.8579421688805364,0.6810234120320063,0.8466529911667434,0.6458161332621049
2_82_82204,0.9588957055214724,0.8811774695726012,0.9556666187257299,0.867693345323741
2_82_82220,0.870664395229983,0.7743946969271389,0.8475609756097561,0.7396966699637323
2_82_82287,0.9730236154898578,0.9058305830583059,0.9639692679049777,0.8727036254267598
2_82_82301,0.4329037395784239,0.2265244718892267,0.4182365766811501,0.2122948766128022
2_82_82346,0.5064659054068658,0.3670251853831251,0.48589774571063626,0.3369196988707654
2_82_82348,0.9411201701524282,0.8469827586206896,0.9230609274277397,0.8006991377301328
2_82_82372,0.9083253384500586,0.7431893957875905,0.8934263295553618,0.7180569380848099
2_82_82411,0.8978472786352559,0.852284717149582,0.8824868824868825,0.8191632928475033
2_82_82528,0.8942657766990292,0.8623233998741635,0.8916023672185183,0.864490211610275
2_82_82695,0.6724636411424566,0.46999699969997,0.6457597173144877,0.4415814537266049
2_82_82757,0.7899539484905339,0.5643835616438356,0.7721418747134581,0.5435701438848921
2_82_82947,0.9390426794975942,0.851178206216402,0.9251499741161424,0.7862465319064605
2_83_83048,0.8971489286346733,0.7346068465942283,0.8833519319291393,0.6977940336038404
2_83_83133,0.9647168059424327,0.8479580411338323,0.9435284922205125,0.7570296808748047
2_83_83230,0.8511116662503123,0.8182031653595078,0.842260261365728,0.8043568560483685
2_83_83262,0.5478344900289907,0.2859365979769584,0.4354980700209928,0.25618272754511723
2_83_83356,0.9034673612241576,0.7602509179926561,0.879827817707922,0.6998735285533613
2_83_83493,0.9539991215110011,0.8626930501930502,0.9462041423593438,0.8389875824371695
2_83_83591,0.9184485790983986,0.841309099275279,0.8987439002349539,0.8038885142728703
2_83_83593,0.9510653579123773,0.8858805513016845,0.9299738219895288,0.8406445837063563
2_83_83604,0.9243080883930487,0.849683784467493,0.9272436706199008,0.8625860749808723
2_83_83713,0.9324469402923445,0.8719661652328543,0.9082506128682233,0.8251891992899187
2_83_83714,0.9274872620005363,0.8612572544340186,0.918980379713364,0.8379599741768883
2_83_83786,0.22141544921704137,0.25699895517989657,0.2109732744983765,0.2443685278103982
2_83_83792,0.981853545075393,0.9250358541028723,0.9755694488690666,0.9082745596793463
2_83_83872,0.9695478939664987,0.9114475051975052,0.9608830520082182,0.8863854573385394
2_83_83877,0.9684257010377567,0.8829902491874323,0.9638527742171763,0.8651625033575074
2_84_84012,0.16508080779390463,0.1837351181662027,0.1643742634928117,0.14760989670910402
2_84_84202,0.8826347305389222,0.7556537367081024,0.8575861400219794,0.7040280210157618
2_84_84204,0.4485885182606494,0.30054663477963783,0.4410067354208471,0.28257381805768905
2_84_84233,0.9260471019602313,0.8081643543223053,0.9258225657913097,0.8066808542980922
2_84_84240,0.8912392570002773,0.7548728586245127,0.8903162325416132,0.7565183227373384
2_84_84305,0.9702204061416543,0.9326760356118019,0.9528789444883565,0.8903565757182041
2_84_84342,0.27664684354986274,0.35247199220652703,0.2741633579126489,0.3506398537477148
2_84_84343,0.8279666385135135,0.5720030542122677,0.7952240924761712,0.5275955229641065
2_84_84392,0.29181233788203453,0.40962244288274957,0.26888139112379966,0.3840033618153803
2_84_84466,0.9200311023386566,0.8310505364010525,0.9174519861624717,0.828390827785623
2_84_84496,0.8969186433163379,0.8693040938894705,0.8852018588440314,0.856932795991722
2_84_84564,0.9119350644233422,0.8720038504732873,0.903488598713701,0.8652219704464941
2_84_84574,0.9558455175627658,0.8929211579541827,0.9334292638594366,0.842782700573926
2_84_84979,0.9632946379215036,0.9122377836217969,0.9562099731786086,0.9014376218323586
2_85_85029,0.9052869116698904,0.8719910639486177,0.8939924826399949,0.8548360338439418
2_85_85032,0.8810414971521562,0.910331292930237,0.8703881937760667,0.8941594062600839
2_85_85111,0.6458041512797656,0.5756943737918405,0.635636636261402,0.5616733466933868
2_85_85210,0.7810858143607706,0.7898882726468933,0.7473118279569892,0.7719599874960925
2_85_85288,0.6911100483553855,0.4272503658498614,0.6764774706845896,0.41586091483822984
2_85_85416,0.9296563393900327,0.8609118852459017,0.9228478398983482,0.847498518581224
2_85_85496,0.23939484849783568,0.0,0.2389463057390233,0.0
2_85_85551,0.7422067002975036,0.7330497028633172,0.7317288306451613,0.7112921237600999
2_85_85617,0.5197826004332788,0.6933158077859821,0.5021676563809246,0.6576322716992326
2_85_85861,0.9205028830702335,0.9388291656929189,0.8871128871128872,0.9056280027453671
2_85_85878,0.9446572535744511,0.8669350746016172,0.9192697066712815,0.7721185799361695
2_85_85925,0.9273812829769509,0.8876846345674276,0.9147859389960333,0.8510203110878561
2_85_85947,0.9219427121868724,0.8355188987123954,0.9152373459218464,0.8201615735862311
2_85_85964,0.9633575141372023,0.8807366125514902,0.9548399875498712,0.8537839124226558
2_86_86008,0.9672051956416725,0.8551946556093066,0.9547811821982325,0.8201135073779796
2_86_86011,0.297186111568208,0.17670171255148492,0.2720230666609287,0.1819023309304087
2_86_86020,0.9643079764515756,0.8537935051696519,0.9541063350987657,0.8173021374927787
2_86_86173,0.9101449275362319,0.8399002064693737,0.8970476190476191,0.8190727799556843
2_86_86179,0.9380558752746678,0.8347590533219276,0.9126844456477595,0.7752989142883321
2_86_86180,0.947021633150518,0.8455714213120585,0.9323758228605625,0.7788684719535783
2_86_86185,0.9534301856335755,0.8754897692642577,0.9314042418986044,0.8092074287208998
2_86_86190,0.8961307676391476,0.8299217002237137,0.8992392807745505,0.8436682216406872
2_86_86206,0.9352162184255702,0.8126649925954542,0.9239060359416552,0.7826431355153513
2_86_86299,0.8218448218448219,0.877265625,0.7821609632446135,0.8469581028865824
2_86_86300,0.9089782916470033,0.8803131496306781,0.8784830158819872,0.8424516129032258
2_86_86311,0.8316629476948678,0.823075023808684,0.8171859333803706,0.787111742096333
2_86_86324,0.9325330904024436,0.8576514639985268,0.9359001820713291,0.8653335802011973
2_86_86425,0.9407626804887079,0.8905932360007393,0.9126799259391984,0.8378539849444379
2_86_86449,0.9208129325200362,0.7789416651616399,0.9086802194256212,0.7489592305483779
2_86_86516,0.8654837346852556,0.6665424739195231,0.8434965207724296,0.6128569231557902
2_86_86534,0.8305902383654937,0.6413633675608839,0.7963325715529438,0.58808144007385
2_86_86575,0.19809278652079798,0.21248515243500066,0.17584443232858218,0.21310749474150337
2_86_86600,0.9087680457543471,0.8911999364902949,0.8888437767853115,0.8637864718909049
2_86_86610,0.9107565309306891,0.7807938350581668,0.8841920177276779,0.745923042814209
2_86_86682,0.8533587257617729,0.8933314495620231,0.8571907194907447,0.8857936140675613
2_86_86808,0.9060609839745588,0.7884781855955678,0.8931316409958049,0.7584826132771338
2_86_86828,0.7640217110364436,0.9037757657484107,0.7560102301790281,0.8937529804482595
2_86_86832,0.4871172370585011,0.5204218774915146,0.47404364824070866,0.5030560661764706
2_86_86904,0.9054713765946668,0.7180961413075692,0.8900701198823796,0.68751620617131
2_86_86945,0.8331261935796781,0.672616899097621,0.8144736062562948,0.6556203433754454
2_86_86999,0.9554491692480991,0.8990256273358249,0.9460680423870608,0.8753369715300151
2_87_87077,0.8966230495975539,0.7270457436283978,0.87795361886809,0.7334283677833214
2_87_87675,0.9074494798517279,0.8171218301117219,0.890519758613977,0.7918356779149046
2_87_87881,0.9606773604987077,0.8600159829515184,0.950879889053393,0.8296936061213096
2_87_87900,0.6299907443800636,0.6090992251399053,0.6251478024604392,0.5894840320952229
2_87_87983,0.9199590845160466,0.8852239400412759,0.8976564447768636,0.8485063758746848
2_88_88065,0.7795899179112573,0.6672954061454214,0.7708467309753484,0.6396568160152526
2_88_88159,0.9155212580081538,0.7840678946860835,0.9123331398723157,0.7759638930234791
2_88_88163,0.8915448939944252,0.6712289156626506,0.8655272757080208,0.6226109491415613
2_88_88168,0.5318599197042573,0.3810765578173043,0.507219464130064,0.32536764705882354
2_88_88198,0.933745924738907,0.8147807933194154,0.9315422229547827,0.8072587637805029
2_88_88294,0.9379113018597998,0.8107509125673562,0.9260599248305174,0.7863225916891342
2_88_88308,0.9721972646500948,0.9046672389644422,0.961961887835703,0.8664804221542282
2_88_88416,0.8263816836134744,0.9404334720826755,0.819047619047619,0.9314646160388391
2_88_88528,0.900416771912099,0.7974314888241693,0.8947187714588926,0.7866196939868062
2_88_88618,0.9632266537637382,0.8046431355082952,0.9574994275246165,0.7748650732459522
2_88_88645,0.8779312035297001,0.7106721536351166,0.8766056355258329,0.7108282342657343
2_88_88911,0.9503079080543869,0.8988935520793591,0.9332375306867853,0.8581932773109243
2_89_89063,0.9420412716118237,0.8021468839292609,0.9302919547316042,0.767167787262975
2_89_89079,0.9761653577150002,0.9188723462917011,0.9616296863045142,0.8670124343373895
2_89_89090,0.9311554545199405,0.8331600831600832,0.9247963524145792,0.817285855079916
2_89_89100,0.658327208584448,0.49553270063137833,0.6261520415572809,0.43171278404699337
2_89_89169,0.9039963252181902,0.8453013511461971,0.8959380825942037,0.8340342445178732
2_89_89210,0.7387218696903499,0.5534796823914059,0.7080165975103735,0.5229773836688715
2_89_89214,0.9651733516741177,0.8757077828355724,0.9633413274363846,0.8691619741636304
2_89_89218,0.9510357815442562,0.9099710221285564,0.9388192350420568,0.8909657320872274
2_89_89250,0.9472140762463344,0.8135404153080488,0.9495561173496384,0.818158392028861
2_89_89272,0.45872063151011255,0.5570673773787815,0.45145608752614524,0.47532738660087304
2_89_89273,0.9458015267175572,0.8620991094356116,0.9449417328154028,0.8593292087267991
2_89_89281,0.9655452989534525,0.8887656702025072,0.9541258973861463,0.8466341188620787
2_89_89283,0.9678532357148868,0.906915687093502,0.9488331821555207,0.8516556291390729
2_89_89299,0.9349556400506971,0.8490233588401128,0.9001262994267949,0.7988603711099206
2_89_89301,0.9523045076253643,0.8803188503424273,0.9365355898456944,0.8471916299559471
2_89_89348,0.9071539978223124,0.8424038869142727,0.8744459188571105,0.7624334067055859
2_89_89429,0.9102827511985129,0.8751673124339556,0.895347721822542,0.8535262206148282
2_89_89433,0.825941226907787,0.8415908324907314,0.8124716895666616,0.8229823978744603
2_89_89460,0.9319237350281104,0.7560874089490115,0.9257161352969736,0.74130356127565
2_89_89464,0.8703533429659792,0.7589492215816908,0.8524632199749992,0.7246120938444301
2_89_89493,0.9589151019098058,0.8809825604265921,0.9516567656765677,0.8605121583817517
2_89_89660,0.9138643515183683,0.765524895323614,0.9132372214941022,0.7669094173982443
2_89_89673,0.9602312680678178,0.8309685116536708,0.944165685320772,0.8244308040572896
2_89_89688,0.5202673065510747,0.5584206824955628,0.5021600392734413,0.5256312922924575
2_89_89851,0.9371189371189371,0.8834685956245589,0.9264957264957265,0.8674635721141262
2_89_89895,0.8877175368139224,0.8370668406553574,0.8772531833967256,0.8206527593264156
2_89_89905,0.9367538081515027,0.8519374657825902,0.9357882859780491,0.8506367495451789
2_89_89940,0.022596140181337578,0.0,0.021678467873146878,0.0
2_89_89952,0.9125534491707654,0.7423418379588899,0.8938920764035151,0.7024125546533416
2_89_89954,0.8944758590691605,0.7027839225343295,0.8755108991825613,0.6622736093143596
2_89_89955,0.9528400471936626,0.7938947368421052,0.9318548785711932,0.7365344888396231
2_89_89991,0.8983149557384688,0.8770387848399941,0.8904882542607093,0.8680185298487895
2_89_89997,0.36077315007887434,0.5887323943661972,0.3585775792185333,0.5676313812470933
2_90_90039,0.8703160421389519,0.8382775119617225,0.8537381651975188,0.8116695268448149
2_90_90079,0.9031152647975078,0.9071297281609751,0.8799041629230309,0.8712462462462462
2_90_90119,0.9698269990464514,0.8144146034410407,0.9568924998321359,0.7453018792483007
2_90_90135,0.7984644913627639,0.7086014014670328,0.7856944675656179,0.6946221754272293
2_90_90287,0.894695925651083,0.7438084162467158,0.8809888046728322,0.70508008008008
2_90_90306,0.8830603162579301,0.7206939142151358,0.8675040707141196,0.6958264689730917
2_90_90342,0.9251908396946565,0.8784875889936502,0.895502838014845,0.792307332803664
2_90_90354,0.9019922688076123,0.8423393822979326,0.8955479452054794,0.8359653080663759
2_90_90390,0.8980089394555059,0.875270864797426,0.8924739856416875,0.8667682630264907
2_90_90392,0.9799901912702305,0.9112715158245419,0.9732382019188623,0.8818385527682133
2_90_90393,0.11722698620023851,0.09025935036510488,0.1366969113738429,0.10061261261261262
2_90_90407,0.8733827160493827,0.8722978106222805,0.8621226874391431,0.8640969464603587
2_90_90434,0.948977519941987,0.8413621262458472,0.9394702214085474,0.8198811766410665
2_90_90503,0.23041452971345222,0.4245934817502966,0.22898835414620458,0.4140127388535032
2_90_90567,0.40466094391009066,0.5837572876824242,0.37658096122442447,0.5738982044813771
2_90_90626,0.8899736063853467,0.7450122435871703,0.8754161610504372,0.7253680409507559
2_90_90635,0.23955706611117203,0.2990918110356407,0.2377995728861821,0.30659869870382706
2_90_90658,0.8733827920021714,0.8125023578677331,0.8574854554336724,0.7797459893048129
2_90_90674,0.5235365710023163,0.39877709838799336,0.5304391997499218,0.39947867561421996
2_90_90726,0.932912653603454,0.9425469781615033,0.9046347714651858,0.9109554777388694
2_90_90771,0.7946440770597076,0.6662028364998662,0.7965248893063196,0.6791394335511982
2_90_90800,0.9158441949822949,0.8386879049676026,0.896594472398454,0.8043998404891666
2_90_90859,0.8952064116134886,0.6927659144833157,0.885898011066248,0.6518855785410275
2_90_90887,0.2029984317223717,0.0,0.20168968179089117,0.0
2_91_91016,0.38037774674799735,0.03817417221246887,0.37935179348861753,0.03567360885128539
2_91_91042,0.9156607114115564,0.8564549080649869,0.9043074814150893,0.8331245181187356
2_91_91073,0.8796400449943758,0.8445069975815723,0.86442137492226,0.8188346407524489
2_91_91116,0.876708458414268,0.6753323777986457,0.8515951972555746,0.6152108071727321
2_91_91198,0.9269052331051487,0.8669047278960148,0.9085187399691601,0.8270538243626062
2_91_91391,0.9415182276703058,0.8686142551238911,0.928206744405925,0.8416930260581413
2_91_91457,0.9543531996704202,0.890117994100295,0.945922419890104,0.8697909051030852
2_91_91491,0.23466166662710938,0.5051872469635628,0.2306759058351415,0.47205387205387206
2_91_91603,0.5147807949941839,0.3367063434036206,0.49761593478428057,0.3193813603173691
2_91_91635,0.11421409156843691,0.08439179286761114,0.11225676087137045,0.083079241579925
2_91_91646,0.8915533736153072,0.8876192231488734,0.8716498647651831,0.8421268452706397
2_91_91670,0.8112491119766787,0.5896640404947544,0.7919003412643486,0.5652870707961056
2_91_91717,0.9741101126942362,0.9075334642971356,0.9687083888149135,0.8897338403041825
2_91_91732,0.3266225050872408,0.42456125929883687,0.32555831265508683,0.3849221183800623
2_91_91853,0.4971382599701184,0.557223654661898,0.48462917320188215,0.5092367906066536
2_91_91953,0.9263887144710955,0.6791966345501425,0.9217201166180758,0.6616722408026756
2_92_92067,0.6691713296029843,0.49917556191963897,0.6604240096796254,0.4933953595221686
2_92_92133,0.9727272727272728,0.9312627025900255,0.9551675498456025,0.890625
2_92_92143,0.8612945838837517,0.6665837891596221,0.8502823339607422,0.6492701264463213
2_92_92154,0.4884365213201638,0.5166587029234178,0.4558228417266187,0.47798512013660205
2_92_92179,0.9367460857726344,0.8754035065510475,0.9290738412987083,0.8608605135322692
2_92_92216,0.619960829117023,0.563625077591558,0.5851405009163103,0.5226742490522018
2_92_92253,0.8778004073319755,0.9002853207398662,0.8576357512527726,0.8778844289315494
2_92_92269,0.9570186084142395,0.8919330289193302,0.9490372593148287,0.8704538034606595
2_92_92287,0.9529709228824274,0.8805961723028284,0.9236421206462613,0.8019341941758064
2_92_92300,0.9172788537429422,0.6809676331759946,0.9053025763930498,0.6584768624195891
2_92_92306,0.8798928718582613,0.7574401432087715,0.8667502507522568,0.7611927170375583
2_92_92312,0.9458177159937372,0.885967625528405,0.9167851084315254,0.812837702621573
2_92_92517,0.9741718401971471,0.8885496706915478,0.9722777262071461,0.8806663025669034
2_92_92558,0.9646942055014651,0.8655202618597575,0.9573340835032937,0.8387067519158391
2_92_92577,0.6254395683799797,0.35418160484974903,0.6144168006811087,0.33557847244601996
2_92_92678,0.35252142888221727,0.2863844327329588,0.337315296566077,0.274616497829233
2_92_92683,0.9060645161290323,0.8694326947001741,0.8753412192902639,0.8250676284941388
2_92_92684,0.9033610058837753,0.8173818181818182,0.8906225249485189,0.801377726750861
2_92_92712,0.662056323946009,0.6249909295406719,0.6551382991879302,0.5877052043311212
2_92_92797,0.8911312719866691,0.8392659070283351,0.8687747509900396,0.8069192589316428
2_92_92836,0.8342961281892579,0.7123626912514711,0.8027352117317516,0.6950615467608259
2_92_92852,0.7752292242759423,0.6325438077749074,0.7677445362665207,0.6156478313141589
2_92_92860,0.9565421983558003,0.8368967623701894,0.943801201529219,0.7920757882271673
2_92_92935,0.9768837381944158,0.879828553286062,0.9664021541788214,0.8317636765992487
2_92_92937,0.8820458553791887,0.8341634738186462,0.8793871866295264,0.8343702386998476
2_92_92976,0.9838921761998685,0.9330052796145368,0.9748208648594479,0.9005960197999798
2_93_93105,0.8904793461453501,0.8482986928773762,0.881519891934289,0.8343684601363667
2_93_93142,0.9370497361020149,0.8805897404654563,0.9148160673355127,0.8356006821877603
2_93_93275,0.8897768395657418,0.8179509965722991,0.8957780641249147,0.8002916376085716
2_93_93311,0.8312991495569868,0.8613586530144234,0.7598256034373815,0.7600893784668457
2_93_93335,0.8735913577368462,0.7780598935689194,0.8572672547609131,0.7602183509114803
2_93_93337,0.9498093464573911,0.8517606967057932,0.9291041540195993,0.7943732150452695
2_93_93365,0.8662403982319873,0.8426529162935745,0.8620998719590269,0.8373397927270497
2_93_93375,0.8855707243079257,0.6680409628940018,0.8711624979603254,0.6410264824598825
2_93_93399,0.7726118553541721,0.6962177941363117,0.7449030748663101,0.6558182376420019
2_93_93506,0.811327465101805,0.8726974827466362,0.7942483660130719,0.8636296623912723
2_93_93515,0.9604367188622325,0.8533508110765198,0.9432584111227051,0.7921241554054054
2_93_93571,0.9294281938106281,0.7518799764081392,0.9228466828278831,0.732609408592355
2_93_93663,0.5796570478924309,0.40649629806544063,0.5629447582715869,0.3908065387733045
2_93_93686,0.9199275611489351,0.8122476280129809,0.9029252340635219,0.7865991127487818
2_93_93781,0.739650655021834,0.2513122812864523,0.553753415152435,0.21950725342410243
2_93_93790,0.953074941893335,0.9029828486204325,0.9317902750491159,0.8620790844398797
2_93_93798,0.17566283141570785,0.06003870343492985,0.17303384615384615,0.05535259882593031
2_93_93890,0.9668766316192848,0.8232886524097002,0.9526695594755212,0.7676972545139747
2_93_93933,0.9527781607610644,0.9172559151482187,0.932996632996633,0.8784230718348988
2_93_93961,0.9476988961067145,0.6028187863326503,0.9442018018018018,0.5868228887330336
2_93_93978,0.9238384884172383,0.7957563376358064,0.9070764151242897,0.7505081989429462
2_93_93981,0.9076390737290392,0.8894333191308053,0.8879776085399987,0.8682921691505608
2_93_93988,0.9289055808130724,0.9120360202064572,0.9060411311053984,0.8925901852453688
2_94_94015,0.9528311652461958,0.8624775203639057,0.9340098088956537,0.809714315022824
2_94_94088,0.49699045754832394,0.6095058231035568,0.4737356803576418,0.5757941780408262
2_94_94130,0.9582160362394433,0.8652727472286248,0.9463571307826675,0.83198375084631
3_100_100061,0.6136929236096084,0.47044254404411423,0.5829364469708609,0.4499588326777056
3_100_100070,0.9418472396395345,0.8505005737802224,0.9352420101899027,0.8328636292469078
3_100_100074,0.19747403873140612,0.4634701546466252,0.19245365440795043,0.4477574542721123
3_100_100139,0.951950062905255,0.8774086378737541,0.9324050035402407,0.8323053199691596
3_100_100159,0.9635234474017744,0.872145155335197,0.9596092191957186,0.8464028401378302
3_100_100170,0.9433729535770352,0.847493995196157,0.9274797392529951,0.8030877060049252
3_100_100376,0.5021064128569199,0.6524131885257878,0.4451514732328123,0.5951432734337057
3_100_100391,0.8577697723923366,0.6659027777777777,0.8440467376959475,0.6441791249016455
3_100_100396,0.9482832802684795,0.8552106814634992,0.9450718685831622,0.8517703885798077
3_100_100461,0.8449990498511434,0.689404019889348,0.811660007264802,0.6038609017585614
3_100_100465,0.9541714979846502,0.8830733343052923,0.9387898433279308,0.8475876406910889
3_100_100486,0.927021903959562,0.8054816935978728,0.9059960917412321,0.7570452887739539
3_100_100517,0.9398142175203199,0.842781028910822,0.9260525482747705,0.8034579201627257
3_100_100631,0.9043284484061036,0.7697775628626693,0.886839408578539,0.716907368227394
3_100_100633,0.9473070354479943,0.8452961247867414,0.9340182554950678,0.8054382102695306
3_100_100791,0.7847294173906113,0.6125670266596178,0.757151645647493,0.5634038223966281
3_100_100991,0.9219773674806433,0.8922595004533839,0.9061738027894275,0.8719993490113109
3_101_101034,0.9582119650459332,0.8472901168969181,0.9502081552755645,0.8134078796112446
3_101_101035,0.9563388070107951,0.8581493658994833,0.9431101664895502,0.8066473988439307
3_101_101060,0.925950467986416,0.856532877882152,0.9109572301425662,0.821266339111894
3_101_101115,0.9482927511894766,0.8409777681847614,0.9355705622932745,0.8018060586969077
3_101_101314,0.1605464500365608,0.07404837175829543,0.15855570233377367,0.07267643210795002
3_101_101372,0.9808610956014641,0.9427546876350126,0.974767391706205,0.9276343993826631
3_101_101389,0.3261168577019849,0.11976277512206344,0.325008358408559,0.11660741233342711
3_101_101394,0.9114965058803477,0.749448193226966,0.9039378719453003,0.7283474365355899
3_101_101403,0.7517898532062838,0.727375616822853,0.730271377879954,0.6936068617914934
3_101_101415,0.919889502762431,0.8577753924594124,0.9101530472806778,0.845219123505976
3_101_101434,0.6370871670088459,0.4899864439726833,0.6276466655110077,0.4814417999540828
3_101_101449,0.43205067351915805,0.1887473896819691,0.4040274207369323,0.18941730538369195
3_101_101455,0.01101357558436256,0.8285198555956679,0.013898668299403031,0.8150386507378777
3_101_101466,0.9806360735863145,0.9011293934378347,0.9746127003927783,0.8647880539499037
3_101_101469,0.20708594597142993,0.27398605519002256,0.20469505446496183,0.2987078295471937
3_101_101470,0.5430201043647102,0.34317343173431736,0.5580912049562796,0.34769600988585736
3_101_101513,0.9489159648808457,0.7178769578239309,0.939540032854796,0.6800304370571171
3_101_101693,0.17763946422188112,0.0,0.17579490594306643,0.0
3_101_101770,0.6979037913376889,0.6286940441715223,0.6814894977618181,0.5908746033935716
3_101_101797,0.44224640731164694,0.646905845499143,0.42240810037420207,0.6213109224801844
3_101_101875,0.9841219232240785,0.9335953381216967,0.9756721746548292,0.8971727471363306
3_101_101902,0.9579462749768427,0.8654297480405615,0.9500039366978978,0.8378390144094728
3_102_102105,0.5196766709078662,0.4211551756646345,0.5151654548152544,0.4083639677003802
3_102_102136,0.3973856953680104,0.12640781888290764,0.38609354896725373,0.12370520300035719
3_102_102292,0.9134067481913054,0.7233378149802663,0.8850624325574226,0.6693910392140255
3_102_102440,0.9243498173491086,0.8327871023272752,0.914946369859322,0.8113324624428478
3_102_102445,0.8098985924019979,0.8837761274021897,0.7976154992548435,0.8741391054264739
3_102_102510,0.8814565604591332,0.9068484079245075,0.8567310464110695,0.8838580547441307
3_102_102736,0.9724046099453602,0.8654510658657169,0.9561821342303091,0.7916222391469916
3_102_102751,0.7968884452552232,0.9234876746397483,0.7629703672653403,0.9119702332335058
3_102_102768,0.6974245617642523,0.5229102659179998,0.6490285932502745,0.5104183892839425
3_102_102820,0.8568198944988696,0.8089964964964965,0.8453982666116384,0.7884287454323995
3_102_102824,0.875249545273058,0.7284125379170879,0.8601960952954331,0.6786789751690774
3_102_102831,0.94460592509782,0.9115601192447831,0.9351288574272757,0.889792819177785
3_102_102948,0.9010614416761356,0.8960678317535545,0.872158181235991,0.867561185450951
3_102_102983,0.8650303835928599,0.9300630174224639,0.834509446847257,0.856641060056544
3_103_103048,0.9072201483721589,0.7630849502690363,0.8885608175128601,0.733381387153612
3_103_103161,0.9402477072894015,0.8892982298499416,0.9223668420566786,0.856089208885767
3_103_103198,0.9269443688174971,0.8406878650227125,0.913103694768351,0.8108969252827783
3_103_103222,0.725084918855316,0.4567726210018405,0.7079251811006595,0.4368929663608563
3_103_103262,0.7433815350389321,0.5714428257832768,0.7215338602862637,0.5314101625420998
3_103_103279,0.8157143689207292,0.6647952300126213,0.7998519952183071,0.6510318142734308
3_103_103291,0.9423754789272031,0.8659465202762529,0.9333804737613011,0.8491361639824304
3_103_103299,0.9707390004271679,0.9100875463364618,0.9399824389236093,0.8254578340492879
3_103_103319,0.38781867887341853,0.5906715314071591,0.3817764545341769,0.5631660530904863
3_103_103439,0.8548500633535125,0.835607910740794,0.8416908412764194,0.8192628387341292
3_103_103474,0.7405771993577284,0.40674405749032616,0.7184316779733967,0.3872474473169672
3_103_103561,0.8096986434895622,0.6879377893862044,0.7958730969327503,0.6715836513554664
3_103_103660,0.013081835054412258,0.0,0.012926263744253872,0.0
3_103_103713,0.24971651043241608,0.40943858038855746,0.2478800840462254,0.40746458759504417
3_103_103778,0.8727473116678085,0.7661569441822416,0.8540616164854703,0.74841905236597
3_103_103795,0.7569856793573175,0.4830693610049153,0.7175726200747771,0.41889106461918996
3_103_103946,0.3959650046816479,0.28202784234857786,0.3891396860083961,0.2690914655920012
3_103_103951,0.8978917957835916,0.8606741573033708,0.8835642081617372,0.8347750109218
3_103_103967,0.8081540596807772,0.5743222401206429,0.754404646660213,0.4886597295781669
3_103_103969,0.8994698308507952,0.8252725107630301,0.8775972427375677,0.7852414589719667
3_103_103970,0.9749326785997149,0.9392373411127318,0.96661834423853,0.925287119746429
3_104_104060,0.7993954998320832,0.5818202494219324,0.7793576326236016,0.5629532218673681
3_104_104066,0.5658224404770427,0.622001982160555,0.5598913381816124,0.6200653182833896
3_104_104094,0.8967939881719952,0.8478368591576139,0.8790315569851344,0.8246741119784858
3_104_104344,0.8794617448573054,0.7675313678700639,0.8608543889572012,0.746770325674944
3_104_104351,0.3562477903916408,0.3635334915130498,0.3559185675741967,0.36317555247611405
3_104_104400,0.9408749277317402,0.7820674127541223,0.9374161138167734,0.76842450049132
3_104_104428,0.9189425909706187,0.8447626536440012,0.9079101791722087,0.8218064463417624
3_104_104455,0.9709432660803586,0.9328033108255283,0.9637823524387119,0.9179196981945568
3_104_104464,0.950024727992087,0.8584915743346753,0.9377209880757882,0.8211925186331036
3_104_104507,0.974694214876033,0.8621184919210054,0.9616379941732719,0.7925801011804384
3_104_104547,0.8771297963706884,0.7302276149145337,0.8606134636264929,0.7066034865017606
3_104_104577,0.9580408910588953,0.8888942939144817,0.9427396748271352,0.8658868071061062
3_104_104580,0.12140350053411905,0.00935743823560598,0.1206092270373653,0.006652587117212249
3_104_104584,0.227814104351958,0.023296915167095117,0.38876981666814275,0.10321519545901278
3_104_104639,0.8699736645572108,0.8454116572819966,0.8583551920999846,0.8166716020136215
3_104_104650,0.9047761066848451,0.8681747873163186,0.8962335692618807,0.8509078346320679
3_104_104668,0.8977093641194795,0.8881076309621648,0.8757596218771101,0.861176047473476
3_104_104715,0.9780938575828955,0.9146291234507807,0.9589556209869098,0.8496403657787256
3_104_104800,0.9357616518432383,0.834083408340834,0.9082082965578111,0.7532961355651995
3_104_104837,0.944874195912385,0.9428987545198875,0.9295527156549521,0.9289181692094314
3_104_104845,0.475650675614401,0.08856188498690981,0.45136064164995704,0.07354728908339411
3_104_104849,0.8726647000983284,0.8425788588944922,0.8607594936708861,0.8213640579993166
3_104_104873,0.5127554940832949,0.36933333333333335,0.49753951685058156,0.3638747746271103
3_104_104957,0.9180226824457594,0.9051135784862993,0.8982685279491942,0.8732556394738158
3_104_104961,0.9110632570659488,0.8943359645478466,0.8905974025974026,0.866852092772868
3_105_105166,0.9672531916820089,0.9030239017329734,0.9559674182505017,0.896251909293855
3_105_105268,0.8114917347142003,0.5992551210428305,0.7930083990011999,0.5560168471720818
3_105_105297,0.6338135778214363,0.7025762547089561,0.6600540091400083,0.7222189013091039
3_105_105346,0.23189027003857693,0.16086476032601188,0.22921327931305557,0.129923273657289
3_105_105395,0.2237674984783932,0.10179251050068032,0.2097427414294678,0.09708139047196111
3_105_105409,0.9422584883479704,0.8854444074567244,0.9280043428106127,0.8533883757050601
3_105_105413,0.8868389850604695,0.8129118358495288,0.8774562678797543,0.7993844891259746
3_105_105455,0.8070652173913043,0.91775,0.7671940587665482,0.8944349524041982
3_105_105499,0.9318106860158312,0.8638427875485096,0.9067526676222328,0.811041866410994
3_105_105656,0.9184240384991588,0.8265971316818774,0.9055469953775038,0.789198606271777
3_105_105695,0.9587811531019047,0.847487599741212,0.9473987241196656,0.8103535780747758
3_105_105736,0.9499656963638146,0.8866057395657488,0.9198108747044917,0.8126668149466192
3_105_105778,0.1402858005814173,0.058346087843792034,0.13956130631561156,0.0
3_105_105937,0.9604749257928449,0.8581739444243955,0.9474880567113577,0.8109756097560976
3_106_106116,0.7801475068815532,0.7070657735603312,0.7676129085574976,0.6845152955289993
3_106_106139,0.9475861585387232,0.79620235810255,0.9379157427937915,0.763257065948856
3_106_106188,0.7410249739854319,0.8006665812075375,0.7277151639344263,0.7795435763778527
3_106_106205,0.8530362306514714,0.8450744019589377,0.8395516145223356,0.8379339384298681
3_106_106215,0.9596085828813959,0.8467173335775112,0.9567294183759483,0.837500567227844
3_106_106219,0.2565658105327338,0.29237756229286854,0.2463216051177668,0.2824276870723672
3_106_106258,0.9227032077234506,0.9148706896551724,0.8941013935607881,0.8797924727400633
3_106_106263,0.9251244410697713,0.8917613265439353,0.9227733579630135,0.8881262720304854
3_106_106276,0.739955876697634,0.47503674793451267,0.7350425634436235,0.4637209538821376
3_106_106307,0.7964393684917702,0.8862497015994271,0.7945710455764075,0.8817102137767221
3_106_106331,0.9556822287342941,0.8882746051032807,0.9375122428991185,0.8654076021993784
3_106_106354,0.9348128167402321,0.8425527849431547,0.9299678900947039,0.8326553779207265
3_106_106394,0.8970949263502455,0.8433966617952465,0.8799320747178104,0.8241088885546699
3_106_106509,0.9361782477341389,0.901640662699051,0.9248743250791287,0.8748726788372639
3_106_106740,0.620832670638756,0.4351376720901126,0.617832457165109,0.4266808497325032
3_106_106954,0.9781698019930789,0.8945314844828621,0.9610538958881705,0.8211251435132032
3_107_107016,0.9450655815423514,0.8006347168734845,0.9442347188264059,0.7970338983050848
3_107_107056,0.564982575218494,0.31986022131624925,0.562039423530693,0.31398447456841616
3_107_107058,0.8298810742695125,0.6420432784373803,0.8229505636112774,0.629643778053672
3_107_107068,0.9325394986795162,0.7166374012291484,0.9268752876208007,0.7005776173285199
3_107_107069,0.9623684792568485,0.8687721071248105,0.9532255042777743,0.8423434624757548
3_107_107071,0.9252449289361115,0.8296645921223007,0.8972864990844015,0.7664265883394359
3_107_107090,0.9861133139483655,0.9367851686692267,0.9783493094477328,0.9004850444624091
3_107_107210,0.9265604188674046,0.7230041430376399,0.9239909854538004,0.7365553763277232
3_107_107211,0.9237456255711833,0.7047418767471084,0.9222582853105473,0.7325458535395952
3_107_107270,0.8900022266755734,0.6999807877041306,0.8789728362476631,0.6927506387522404
3_107_107390,0.8742302020990546,0.9082776155946888,0.841991341991342,0.8816020719637406
3_107_107466,0.45779714855581,0.4122619093989795,0.45135331781140864,0.38652015785808247
3_107_107486,0.815990479880445,0.6748918782668684,0.7973473081390637,0.6427695918633459
3_107_107505,0.9354676077640535,0.8241224970553592,0.9271126100805696,0.7967170546230177
3_107_107615,0.9386561157891177,0.863282728457883,0.9235401763433705,0.8256302521008403
3_107_107623,0.7315151373027226,0.6554488410808041,0.7329076575538241,0.6744366328958272
3_107_107692,0.9467244595632612,0.8290863331985079,0.9369020192438,0.7990809067208696
3_107_107694,0.9072897196261682,0.5038136466707895,0.8922471467926013,0.42266536964980544
3_107_107745,0.8659043659043659,0.7706497797356828,0.8568670868108783,0.7707055563127527
3_107_107883,0.8271470725267899,0.7091912000513116,0.7893333333333333,0.6555857637172516
3_107_107888,0.6032149925279696,0.4844225814007964,0.5942927546599897,0.4718048845059236
3_107_107891,0.9318397893761732,0.8554990385211836,0.9181983970821136,0.8233469488037837
3_107_107892,0.3777513855898654,0.35418427726120033,0.3620044498381877,0.34996361519429486
3_107_107913,0.9255889072717246,0.8474333237740178,0.9127175264139217,0.8207357321097963
3_107_107934,0.9463626492942454,0.7769028871391076,0.9348274292446516,0.7438490566037735
3_107_107985,0.9556928740468051,0.8910236585743003,0.9430683439242641,0.855029697726327
3_108_108132,0.9017749362900702,0.8247981501838444,0.8722362941656292,0.801366759797629
3_108_108164,0.6382106938471437,0.24887878011276268,0.6215741333727441,0.23992656295294232
3_108_108198,0.8578598674964867,0.775038753828122,0.8575680904896562,0.7786434808792533
3_108_108227,0.9253016854492869,0.8622691026546886,0.9179796789868944,0.8468306338732253
3_108_108284,0.1355797851688883,0.06492342952390874,0.1321611606086888,0.055155569714346396
3_108_108347,0.6321222441567835,0.5321386060044968,0.6265157398004898,0.5176808004432422
3_108_108360,0.3690802280910297,0.2958433140763703,0.3556531102460035,0.28485296627040557
3_108_108436,0.9438209752839012,0.8671399594320487,0.9289940828402367,0.8338933862837941
3_108_108450,0.9782058715016075,0.9087914584279873,0.9674422236102436,0.8654037886340977
3_108_108487,0.9127461838493764,0.8794616299821535,0.9049028500501265,0.8622878228782288
3_108_108559,0.9631049945879079,0.8176887598223437,0.9499543378995434,0.7911241364873352
3_108_108588,0.6138942674411781,0.3238426583357001,0.6110459103638202,0.3147876666981935
3_108_108638,0.9031466266662121,0.8021512892202547,0.8811460442880382,0.7511372251705838
3_108_108679,0.9368075399809496,0.8136111214639782,0.9305148701653344,0.8001836547291092
3_108_108707,0.4716213396397023,0.3155970132912917,0.46377355913684787,0.31209164561372943
3_108_108793,0.9584833213342933,0.887487251060175,0.9479405486599731,0.8441130298273155
3_108_108853,0.26819179900934487,0.1699814449727473,0.32244690321760144,0.17868256507197905
3_108_108866,0.5460850445852957,0.2020945372204925,0.542874102854676,0.20976981011986845
3_108_108926,0.2021516701775504,0.16413564485060253,0.19878671302803877,0.15747444166556973
3_109_109071,0.9704301075268817,0.9148418491484185,0.963862789792628,0.8950208379030489
3_109_109104,0.9447656115849121,0.8287940630797773,0.9431818181818182,0.8259393223591939
3_109_109147,0.9659609915836038,0.8510537251409914,0.9576618643585217,0.8152815166962598
3_109_109164,0.9290463057047467,0.816071068039572,0.914034738607613,0.7802766132507934
3_109_109182,0.8801825789273487,0.6640362225097025,0.8624231732301388,0.6011806873286949
3_109_109191,0.7234904192510178,0.5599551601938236,0.7041485169052064,0.558430388819208
3_109_109233,0.484472049689441,0.46669164681636915,0.47857736088719527,0.4468090752288709
3_109_109239,0.954206210264443,0.828968359478862,0.9454368400231277,0.7999737670514165
3_109_109241,0.34097183303235984,0.27272406617050543,0.3331913512636404,0.25088998721183425
3_109_109254,0.8773916938631855,0.8015029325513197,0.8658030124589351,0.7649342891278376
3_109_109297,0.36795468848332286,0.2617299194177281,0.3617978639240506,0.25514320290439696
3_109_109356,0.655665062266025,0.5270436385986478,0.622271585860537,0.48978294047820925
3_109_109377,0.7622533600228768,0.5936084181809325,0.7292120156726165,0.5291810841983853
3_109_109424,0.8252227553118574,0.9008242250492743,0.8001622718052739,0.8918549843619223
3_109_109435,0.9479984301412873,0.8541208084388668,0.9405758936280435,0.8465661545517084
3_109_109506,0.8084721073973465,0.6513973594263119,0.7888824995207974,0.6285761699303021
3_109_109647,0.8991468343062415,0.8942873058117224,0.8864578738420821,0.8777649137773444
3_109_109655,0.4520166666666667,0.0,0.4520166666666667,0.0
3_109_109674,0.9509053347915907,0.8989276139410187,0.9396638755270503,0.8711788963801793
3_109_109799,0.8807842182172431,0.8362135388002201,0.8737238044062332,0.8186166598722653
3_109_109851,0.920212974200368,0.7727166001408782,0.8989586909257352,0.7234275795916503
3_109_109921,0.9417822838847385,0.8641734758013828,0.9389981641751901,0.8531193405358146
3_109_109932,0.9224197499842955,0.9220773863542612,0.9055582882439744,0.9060973624226636
3_110_110340,0.1439253454567207,0.004173538420113762,0.14034337267406816,0.0027935069837674593
3_110_110554,0.8736114732724902,0.624875363072788,0.8578923124168287,0.6074325194181007
3_110_110864,0.952974286810797,0.8606941838649156,0.9403893556013884,0.8232746705979913
3_111_111113,0.4562953478446436,0.7378612148614114,0.4296478752002966,0.7104865944901129
3_111_111124,0.37859878031484895,0.34216449577506364,0.3770720426500962,0.36353944562899787
3_111_111223,0.8574182493217193,0.7447176079734219,0.8453919640348413,0.7406318560772268
3_111_111246,0.9027881503609659,0.6855142970611596,0.892803384728042,0.6761332873947925
3_111_111383,0.9390526399872194,0.8045793736845462,0.940208143722053,0.8078761231122157
3_111_111461,0.6186073541842773,0.47032467315344234,0.6027770635124711,0.45485624979650313
3_111_111687,0.7565626422538061,0.5154688624190583,0.7529506505272164,0.5084947602413464
3_111_111694,0.9757494371815633,0.9484169334756315,0.9601658464757624,0.9179983363250296
3_111_111750,0.9697971827448354,0.8508355051356737,0.960548671832912,0.8119111375582664
3_111_111870,0.9385300668151447,0.8871039714413208,0.9390785907859078,0.8924947027991524
3_111_111873,0.9579564436320086,0.8964961018012366,0.9458080572406284,0.8643351098973704
3_111_111877,0.8294255263841954,0.7512465139863095,0.8000100346194371,0.6567260325881016
3_111_111955,0.9727208249222543,0.8825290164935858,0.970212997470145,0.8732231806584863
3_111_111956,0.8509667288252036,0.582061317677756,0.8469710999561382,0.5726755463597569
3_111_111962,0.7310844892812106,0.6454526748971193,0.7125251958257852,0.6254816857988885
3_111_111965,0.7039353661714881,0.6192763368555876,0.6761113336003204,0.5978516592372461
3_111_111980,0.9185860889395667,0.9334068929707275,0.8765740338688667,0.8925911902057302
3_111_111984,0.6379593810444875,0.4431050696759853,0.5959887975426867,0.41733527333194764
3_111_111987,0.6096384943270079,0.3594935713443164,0.6000734933855953,0.3411688755553868
3_112_112024,0.9712463105779301,0.8859770569620253,0.9675614151569762,0.8677783227072094
3_112_112102,0.5948501600232761,0.18030633423534667,0.5790554414784395,0.14658081133290404
3_112_112121,0.9450119100488514,0.865407641232176,0.9447335511718907,0.8634806719947806
3_112_112122,0.9363578370670569,0.8411832280298679,0.921218371330706,0.8026019373732822
3_112_112125,0.3455836610129702,0.28622226223162445,0.34320285361247754,0.2615037254459246
3_112_112131,0.9005651784988209,0.6388354270917171,0.8741425530237326,0.5795108047196076
3_112_112135,0.1661700776632638,0.0,0.16351576518841324,0.0
3_112_112198,0.9628954063265012,0.8849410341699425,0.9535038351024673,0.83943773510196
3_112_112202,0.9774217042971595,0.8858785942492012,0.9721147365004869,0.8605587717090359
3_112_112244,0.3331282245467885,0.2673131807327159,0.3284248726359132,0.26439890630053214
3_112_112493,0.44494754552652416,0.2833969465648855,0.443042537851478,0.2921122645938755
3_112_112621,0.8038604757200395,0.7143202563017591,0.7804983436554803,0.676354185126115
3_112_112691,0.6407801062869748,0.6621262710578236,0.6203164434090468,0.576370430293925
3_112_112751,0.1438534117325311,0.42282470931834465,0.143795470613725,0.43268379096545617
3_112_112855,0.30810049655376864,0.0,0.30796127149217356,0.0
3_112_112861,0.9712022486265491,0.8981722160333374,0.9594078319006686,0.8713933066245801
3_112_112981,0.48721724374886055,0.31829862309669005,0.48512432462618843,0.3152786834938049
3_113_113361,0.7633467884949923,0.46333401346663944,0.7325344129554656,0.40805554427707175
3_113_113371,0.8968641114982578,0.9014437242192104,0.8767169939834261,0.8837276818115837
3_113_113388,0.9373296351202717,0.7681547722606911,0.938289119023975,0.801038062283737
3_113_113414,0.8759441519798581,0.8678443649373881,0.8453983668064445,0.8404751493951319
3_113_113455,0.9411902530459232,0.7860793841105572,0.92169573198715,0.7491591756864184
3_113_113865,0.8123921568627451,0.9193776520509194,0.8032367331576966,0.910091998884862
3_113_113879,0.5276939431336372,0.28908271318449763,0.5238887081420429,0.2882940008822232
3_114_114100,0.8943130990415336,0.8698950118048927,0.8718929254302104,0.8469122480011773
3_114_114110,0.9568440125185307,0.8911660379483137,0.9402720045199564,0.8481824661439772
3_114_114352,0.9220448762433495,0.8953383458646617,0.8918526785714286,0.8893572181243414
3_114_114436,0.22321065178208035,0.41763438600178654,0.22200381569058217,0.4158612402695784
3_114_114749,0.4639155682843083,0.3929847990887309,0.4622282352200862,0.3912325535679182
3_114_114781,0.9516825978787482,0.8061515868483315,0.9423151374370886,0.7855772305724337
3_114_114842,0.8928439576667487,0.6486768967646919,0.8677288216655706,0.5983967017865323
3_114_114960,0.4491086631685026,0.4509342741408598,0.4478045742361856,0.4470082127493156
3_114_114993,0.3678152877383243,0.5362554112554112,0.36260671991187,0.4903303787268332
3_115_115015,0.9345459373340415,0.7830971436963067,0.923904052936311,0.748729329229007
3_115_115077,0.9560403299725023,0.8904149478281971,0.9490750816104462,0.8715089169831274
3_115_115125,0.17266812995590358,0.12779724553826094,0.16223132985924374,0.10780974204936054
3_115_115151,0.7761108319575049,0.6296551091542836,0.762607409494295,0.6031852547756453
3_115_115358,0.9462024312057637,0.8213283937549616,0.9371842741049857,0.7931411323896753
3_115_115396,0.9193752638243985,0.7431368006486737,0.8923263748337478,0.7015805877114871
3_115_115537,0.9775326589742286,0.9099149196463326,0.9717273529041199,0.8874910729000715
3_115_115554,0.9500745897563402,0.9001057082452432,0.9433198380566802,0.8834778973769464
3_115_115555,0.9545968586387434,0.8756099285764798,0.9413489736070382,0.8198465897311865
3_115_115573,0.9257136619180176,0.8744640542426961,0.9199349064279903,0.8644377500123462
3_115_115657,0.5006102436766129,0.4846918800407172,0.48276632023384214,0.4414282170029772
3_115_115743,0.9150269023827825,0.8701260734514892,0.9098282624424051,0.8617094450276943
3_115_115809,0.9749715909090909,0.8947652779445312,0.9695352645547461,0.8723555555555556
3_115_115912,0.7089401586157174,0.5013091543832429,0.6900222655162817,0.48657352592943404
3_115_115926,0.8797513321492008,0.9165595819412319,0.8617335417752302,0.8932224532224532
3_115_115927,0.8858169029892626,0.6894095298401139,0.8731480798997567,0.6622035393637449
3_115_115958,0.9489983238885785,0.8951571354971664,0.9409920852597758,0.8802180950758222
3_115_115965,0.9731335420995639,0.9062975357468817,0.9620191200184289,0.8614185409972629
3_116_116231,0.9350329756865833,0.890344130444337,0.9212279177526789,0.8633121514719232
3_116_116237,0.9326290170916532,0.8386886024826276,0.9218187765783448,0.8268775171760246
3_116_116355,0.7878835811452072,0.8438524304344794,0.7731767614338689,0.8299986295737974
3_116_116365,0.8219574911304235,0.34369715813014784,0.798849121031997,0.298019049845147
3_116_116448,0.9277012359898994,0.8397304424260181,0.9137545188500602,0.8179247543733525
3_116_116499,0.8162692847124825,0.5871861563777271,0.7884143981421752,0.5662344398340249
3_116_116634,0.6278827771458994,0.5159722745423039,0.6201689092470656,0.4922416027848758
3_116_116747,0.9353831242259437,0.8653175555936661,0.9373719952570875,0.8672450947034138
3_116_116977,0.3834301715949323,0.06240391553979858,0.38183337018746466,0.05968804374844643
3_117_117086,0.9325233989579972,0.7448015122873346,0.9401721138881259,0.7737546230765718
3_117_117101,0.9319975517830107,0.7888080286401784,0.9061681426967694,0.7545582047685835
3_117_117104,0.48735599130106577,0.5423520368946964,0.4757016222276725,0.5341849865120462
3_117_117128,0.34809247857056624,0.05721403193531262,0.34582746109328616,0.056954903488271445
3_117_117165,0.970994101412414,0.8833247819394562,0.9621630312449756,0.8304725363489499
3_117_117200,0.7968083912945928,0.46782975002980565,0.7731992389236205,0.4281178270849273
3_117_117213,0.9658718414595313,0.8845160148646257,0.9495858641634456,0.8301181034184186
3_117_117218,0.8235694822888283,0.6491029146935237,0.797512585134735,0.5910731244064578
3_117_117248,0.9390259491243769,0.8191873118087232,0.9288848492446562,0.8722005997575448
3_117_117328,0.885187564869273,0.6930785364716849,0.8658171638189014,0.6697906189997257
3_117_117382,0.9368913620842292,0.8495873968492123,0.9302587176602924,0.8341154758766148
3_117_117393,0.8537970191625266,0.8485030660093784,0.8344175491679274,0.81479724922931
3_117_117435,0.9535003608619446,0.8727802244637022,0.9386369394476818,0.8317394317394318
3_117_117491,0.8873270532823079,0.7058035871595194,0.8698327244760623,0.6666435698447893
3_117_117677,0.9652539906418609,0.8806272509003601,0.9478024388104219,0.8282700116009281
3_117_117679,0.8817025772612355,0.6570417613139962,0.8686673599762293,0.6351339708796416
3_117_117809,0.4366681669131357,0.4564946265092212,0.43094544071985297,0.4519476372924649
3_117_117819,0.5468723635048813,0.5191434133679429,0.5148146467625573,0.4627027027027027
3_117_117907,0.9249130237482983,0.7062233068944478,0.9183850597072996,0.6863220655853671
3_117_117923,0.7430491959412433,0.5115909715647048,0.7297384681707142,0.519275298829714
3_118_118110,0.9066548984995587,0.8035363457760314,0.8777823296463199,0.7448295249186779
3_118_118188,0.8785682259751906,0.8058410198896798,0.8705949036423678,0.7966406855371713
3_118_118210,0.9160542432195975,0.7402277499596188,0.9096423874771985,0.8233830845771144
3_118_118272,0.9719793577003455,0.8811840482390023,0.9419998770315414,0.7656223322520062
3_118_118274,0.9254813501973738,0.7854807397568203,0.911221535331403,0.7606457287732188
3_118_118283,0.9605159606119354,0.8397215331679603,0.9553081147040878,0.844748484351958
3_118_118374,0.23370206189759649,0.1522028833340064,0.2274175356669371,0.17039699395523608
3_118_118420,0.9325824461178914,0.8245011898224419,0.9085165529441496,0.7670919489661241
3_118_118428,0.8951442037445411,0.8484187568157033,0.8779338737744578,0.8201422854602045
3_118_118489,0.9213508010976366,0.8634053070932239,0.9108798815795203,0.8350022758306782
3_118_118555,0.9586187921309671,0.8506445030607674,0.9471174685739056,0.8134569869101096
3_118_118577,0.9702337991820309,0.8967324898506168,0.9586675291073739,0.8556129131674243
3_118_118582,0.9454445964432284,0.8647849718699342,0.9322683534803935,0.8381409759876065
3_118_118639,0.1384034396508035,0.1441321059751229,0.13406600367390892,0.13731888345985427
3_118_118675,0.5514268274072943,0.5215821965548143,0.536256615719444,0.5226703826998013
3_118_118775,0.30989732264620745,0.0,0.307033831079962,0.0
3_118_118791,0.9257380795842334,0.7561888047293552,0.9150784151244514,0.724881995954147
3_118_118960,0.40356386854981435,0.32000097435023017,0.3818334044718784,0.3565349125464812
3_118_118966,0.480033609615768,0.034190871369294606,0.4708799575318162,0.024966765020589476
3_119_119029,0.7742381681988424,0.524525004228449,0.7627633287263894,0.5123553858250028
3_119_119047,0.9678147769013067,0.8762659358989634,0.9542489473996323,0.8241726452210136
3_119_119057,0.6433534177069219,0.5486295719130992,0.6298728753840517,0.5320413905781973
3_119_119076,0.8232415902140673,0.7689631785065745,0.8083624771749559,0.7457199850939301
3_119_119106,0.6386411041583455,0.5494456480183509,0.6185367946792534,0.5358402256844265
3_119_119338,0.6084801404147435,0.386070110701107,0.5917573995354056,0.3415937124157413
3_119_119619,0.04453020134228188,0.0,0.04453020134228188,0.0
3_119_119650,0.5557822372244272,0.3476995740732931,0.5464049109584879,0.3095794889238488
3_119_119710,0.9310233247943913,0.7343765825990074,0.9277956126270733,0.7238652854926688
3_119_119732,0.9867829445668246,0.9457229117745722,0.9761002536177831,0.9046147778069945
3_119_119915,0.9610096862027407,0.8318209891206233,0.9538056115330956,0.8029248236228566
3_119_119930,0.6030776746458232,0.4179339938158642,0.5773414603448586,0.4015255921284574
3_119_119956,0.9475901144369479,0.8701433912261606,0.94248278925161,0.8621932946244615
3_120_120015,0.05391081871345029,0.0,0.2651542388725103,0.12603053435114503
3_120_120175,0.9420503515536403,0.935291672440072,0.8812131423757371,0.8689386562804284
3_120_120191,0.8629318284247448,0.7425151097939467,0.8640474142051429,0.7286448909627654
3_120_120197,0.3029113638370735,0.003302006604013208,0.2989540964555491,0.002466403162055336
3_120_120282,0.9790238357429576,0.8998110491272269,0.9682280701754385,0.8513051857042747
3_120_120394,0.7822928672903209,0.577594792198013,0.7814131569787678,0.5729134457579145
3_120_120451,0.9578155574191253,0.8404986124380146,0.950367232346527,0.809979099034998
3_120_120534,0.2724829219065363,0.0,0.27160529650156207,0.0
3_120_120553,0.6444137599807889,0.49772432556129065,0.5845783262964166,0.40137357194743445
3_120_120641,0.9370225519938594,0.9033230876297628,0.9105878186968839,0.8590788987697815
3_120_120771,0.9390239684570955,0.8547052518756699,0.9303424657534246,0.8345536885766285
3_120_120781,0.8973046432616082,0.6150245290791296,0.8801305970149254,0.5768602244253187
3_120_120849,0.9335459140405034,0.8036855773072313,0.9158373142250531,0.7537320714216021
3_121_121090,0.9287533558201969,0.8530396775841517,0.9193252159717026,0.8389595702572802
3_121_121194,0.9117264573991032,0.803706982108849,0.9113543394140409,0.8222059382293871
3_121_121200,0.8999546485260771,0.8445849914724275,0.8776220732874924,0.7643009890403636
3_121_121217,0.9781745411337982,0.9032303174381205,0.9660331955327944,0.8496501121000068
3_121_121302,0.8182522189789718,0.7404400769066439,0.7985949837436136,0.6837786661056175
3_121_121834,0.8365733672603901,0.9316195644513355,0.834548294714918,0.9337614294688351
3_121_121982,0.9214021229326093,0.9009322033898305,0.9082186470246172,0.8500963875618137
3_122_122004,0.9699759532806596,0.9338745271122321,0.9621562755240948,0.9165235046072153
3_122_122407,0.8664089679165056,0.8329657902176986,0.8310755792434673,0.7802316186372206
3_122_122545,0.8098044821746685,0.5572374928809088,0.8083104410460513,0.5573866077456576
3_122_122582,0.9373571576979015,0.6879955597843324,0.9260774968918359,0.6471203377357759
3_122_122822,0.9278464954012052,0.8010788941335132,0.9193614830072091,0.780335660181197
3_122_122851,0.6796871156589758,0.45462710025072034,0.6633959443042706,0.43988217758535025
3_122_122857,0.8358034937949569,0.592470177038219,0.8100883398982752,0.5484623232764904
3_122_122869,0.9765292001107113,0.9075773989395063,0.9721977537987228,0.8905368824723664
3_122_122904,0.34610624742173535,0.305225915825164,0.33267483208218096,0.2909369527145359
3_122_122910,0.9366129420254992,0.8682698983778325,0.9236826524570751,0.8429505135387488
3_122_122940,0.7151844743015568,0.4814297194367772,0.6365562830123035,0.4149926506614405
3_122_122956,0.9367002450313096,0.7744350849043989,0.9240294511378849,0.7486574983628029
3_122_122977,0.8185895838524795,0.6285691903959892,0.7607149455015703,0.5470947577780935
3_123_123046,0.9086867609140216,0.7374088072426827,0.902100975766988,0.7208830136512874
3_123_123059,0.5423146318412235,0.27081438740631564,0.5317255000139086,0.26287633739736255
3_123_123241,0.9668719167476865,0.8935582292326291,0.9521197536980678,0.8468716622631963
3_123_123287,0.8881594558253579,0.8734872808100765,0.8609658100219847,0.8355944305605141
3_123_123301,0.7337628865979381,0.46925524147282777,0.7200161869593809,0.46445485229859496
3_123_123318,0.9543282115418974,0.8194161875276427,0.9435207877944846,0.7837218354019807
3_123_123374,0.9372575706022457,0.7382254707391451,0.9305693180794523,0.7103037747437049
3_123_123424,0.9008773567295127,0.8138034060352555,0.883680029110316,0.770147526757304
3_123_123495,0.8222360937716743,0.5663059163059163,0.8015926575786206,0.5377542490944552
3_123_123510,0.9355925012595127,0.8836889396201013,0.910000769882208,0.8473184275902382
3_123_123516,0.41195978033056535,0.4140364575512778,0.40942888783420345,0.40781605071163735
3_123_123538,0.927115951894713,0.8320711678832117,0.8979019753843458,0.7851943353774209
3_123_123573,0.9013688515278883,0.7268878485650315,0.8949390158418618,0.7044502095390142
3_94_94137,0.7495133030499675,0.49136360323591577,0.728721949988433,0.4762236418656035
3_94_94173,0.8722810473610769,0.763519402365636,0.859343413924153,0.7434516523867809
3_94_94174,0.9746462687639158,0.9226492916492318,0.9554610327978346,0.8858640614761423
3_94_94199,0.31244386653976597,0.5425038639876353,0.3109267238504329,0.5241102878659055
3_94_94218,0.9403469824042099,0.8546417326590974,0.9226581717004718,0.8158163265306122
3_94_94263,0.9285332110372239,0.8486086787312707,0.9060462690459338,0.7846860498153234
3_94_94291,0.8760687451420676,0.838372241357316,0.8749569114098587,0.8404892342973628
3_94_94324,0.9701622880430828,0.8687730257888836,0.967931664766455,0.8592003182812811
3_94_94359,0.9098162966302266,0.7700506542845083,0.8949408672798949,0.7503790224423993
3_94_94371,0.9048436241375687,0.8026744049252971,0.890021624961384,0.7707687004481213
3_94_94374,0.8826608505997819,0.7974716743600504,0.8571805145508224,0.7532837796558395
3_94_94490,0.88591498743783,0.865868594682154,0.872298723489798,0.8386266094420601
3_94_94592,0.3396008787989747,0.009065775091622196,0.33832179694126013,0.0056746735450588425
3_94_94612,0.6580365264852005,0.589595770083575,0.6518401507593393,0.5620587642035904
3_94_94620,0.6839686071245202,0.4816454607977992,0.6703104817490313,0.46235573517770095
3_94_94650,0.9425292171071922,0.8204833993411556,0.9254676258992806,0.7885605756236531
3_94_94683,0.7740546708854193,0.5270014957096749,0.7054487028023251,0.4520841018074511
3_94_94693,0.9415518539123605,0.8938343114091913,0.9126878447783907,0.8447375245434001
3_94_94781,0.9439039912719338,0.8384085793724348,0.924216144096064,0.7851026846069659
3_94_94816,0.1343653502356574,0.0,0.13353163653983338,0.0
3_94_94826,0.6423885311626777,0.3985888274684284,0.6281680155963845,0.35732422730058666
3_94_94844,0.92578125,0.853603744149766,0.9181860682561945,0.8364702252391237
3_94_94894,0.9535542550415627,0.8408181135851889,0.9486602199749022,0.825515368473028
3_94_94902,0.944588126302787,0.7260894716544543,0.9347158364652689,0.6742910710100773
3_94_94917,0.8595467919269086,0.5926025091799265,0.8440830484616931,0.550999925656085
3_94_94937,0.9219575167233893,0.8940441941604946,0.9049137391106303,0.8625097055485875
3_94_94953,0.9475639592835352,0.835218253968254,0.9440790461603148,0.8226148758698978
3_94_94985,0.9688173406008366,0.8277002410178802,0.9381403322584595,0.682928085720173
3_95_95010,0.8192134920009457,0.8180841438588554,0.8143014468537576,0.8103045813763816
3_95_95044,0.9224557805690848,0.8194876351251296,0.9248897290485192,0.8259652225169467
3_95_95049,0.8281059683313033,0.8799260528451619,0.8295496021607417,0.8806051027319937
3_95_95116,0.1709559742141822,0.18216092546643894,0.16940675448152917,0.1690978886756238
3_95_95325,0.9473415567843471,0.9019084923743645,0.9426999576809141,0.8984465377623533
3_95_95340,0.31207220304076566,0.44146277980218634,0.31016058877534125,0.4348535045035718
3_95_95343,0.41183018867924526,0.0,0.42034009282261636,0.0
3_95_95361,0.752542372881356,0.6048338938303423,0.7196182196182196,0.5593568471388684
3_95_95422,0.9506534579786987,0.8715556653898431,0.9302399419422144,0.8169487527274871
3_95_95440,0.1638516614650266,0.19772398096420443,0.16165598817151305,0.1953724325661965
3_95_95489,0.9371385314155942,0.7360143873880768,0.9359468915403247,0.7382806416446036
3_95_95581,0.924159685242343,0.8818448967889908,0.915762967936881,0.8630025481313703
3_95_95588,0.44150954946131243,0.13035299324997235,0.45003194305010497,0.13641650512323455
3_95_95597,0.3393081801792454,0.1292730024528991,0.33364792307005575,0.12852552659764369
3_95_95620,0.9594602404068423,0.8503774534474081,0.951733417308408,0.8289833457618693
3_95_95622,0.9597725202491445,0.836590909090909,0.9534009954132917,0.811386452021344
3_95_95642,0.1751075802714333,0.06584447438421943,0.1733397002644725,0.06559796787038308
3_95_95651,0.8547623678921092,0.8735265330439593,0.8203448488968543,0.8378842449116342
3_95_95660,0.9426588056295169,0.8985804838853674,0.9149875793541264,0.8390814410107563
3_95_95680,0.8464709924413468,0.8842414036612527,0.8263776143634801,0.87524064171123
3_95_95681,0.8299422478898267,0.7715988083416088,0.7928547182620502,0.7271798062394453
3_95_95684,0.21743422598993997,0.20201192589558015,0.21921328017939454,0.1957305113351275
3_95_95689,0.9449984889694771,0.835158305746541,0.9399929933436765,0.8203708364795704
3_95_95695,0.9044579634985539,0.7251913807768642,0.924395061728395,0.7767092411720511
3_95_95850,0.9447868113992555,0.8258457890502604,0.934053017414705,0.7990753467449706
3_95_95854,0.952166988965988,0.8653487806854088,0.9458020401300302,0.8494091344618333
3_95_95901,0.88246474826504,0.834455575628182,0.8824035442384619,0.8322401922841896
3_95_95922,0.29557069846678025,0.16073272816220036,0.2971038073543768,0.15759789439759359
3_96_96013,0.8682859399684044,0.6481124497991968,0.8619395670559242,0.6293285515042837
3_96_96016,0.7101219037738296,0.4414038579301898,0.7017168751595609,0.422198521569637
3_96_96054,0.8745300981301567,0.8790017825311943,0.8567617777354356,0.8638515764738891
3_96_96082,0.17987479324134753,0.3822862031767288,0.17927497863292405,0.3859374403238743
3_96_96207,0.8675144277612612,0.6444396098480728,0.8682045691064969,0.6489508458578378
3_96_96221,0.8553682342502218,0.829408554758007,0.8423352083447109,0.8082892998678997
3_96_96340,0.9763108335811279,0.8995678840256481,0.962870240920766,0.8487668999252667
3_96_96362,0.9022687609075044,0.8792160437556974,0.8824810606060606,0.858176
3_96_96469,0.9249549729837903,0.7329224246231156,0.9174123473465023,0.7422931643718776
3_96_96537,0.3494795039099467,0.30375154596674453,0.3474411761069278,0.29223343571741994
3_96_96563,0.8676888486400399,0.6696880831778192,0.865189175952002,0.6501938947996421
3_96_96597,0.9354691701225903,0.8082258626699198,0.932663910218547,0.8028646554110158
3_96_96682,0.9401841254043294,0.8749535027898326,0.9348083761359146,0.8610478359908884
3_96_96769,0.558120059641741,0.346180676665504,0.4928331205150801,0.2248933828587151
3_96_96778,0.6884253894682631,0.5555755773793435,0.6513835916578755,0.5169278446965268
3_96_96962,0.7533657977656831,0.8245554202192448,0.7409593404534383,0.800198948415518
3_97_97137,0.9424683444543688,0.8150968505101286,0.9062058526740666,0.7321531791907514
3_97_97280,0.7312042293192356,0.8014608406332042,0.702625946657886,0.766575933439474
3_97_97290,0.9722231689444805,0.8909509617989705,0.9637094051718318,0.8601827763324661
3_97_97313,0.6308077887025255,0.3340041614080568,0.6378260452627541,0.32873727572941136
3_97_97359,0.9406042847535786,0.7836020894844424,0.93449637919684,0.7599712217275957
3_97_97407,0.5164763928404221,0.6364995514801156,0.4748394705805268,0.6005482621598511
3_97_97676,0.8032325247132674,0.8497074764709336,0.7700106869810649,0.8201141281452261
3_97_97700,0.6510492808299929,0.4123333486049388,0.6412215513237344,0.37212589521296646
3_97_97709,0.13640583355793132,0.17455090915742874,0.1339175439628301,0.17198269540988415
3_97_97710,0.6196602081297073,0.51015670342426,0.6154329001241138,0.5072015824936639
3_97_97769,0.17318826500874296,0.0968725595924287,0.17526676829268292,0.09659216640849745
3_97_97770,0.27288967595613134,0.2425158827904935,0.27405331283998613,0.23170539725596095
3_97_97847,0.8404006178683542,0.5266278872762185,0.8105146811475804,0.4814754454584963
3_97_97863,0.9054754031196044,0.6618864249988935,0.8935325101459287,0.6527043513623424
3_97_97915,0.5522572128328499,0.10108052420997149,0.5548707856440002,0.1044697549770291
3_97_97923,0.9494357320826616,0.7944278181559071,0.92188974891448,0.7326866916979557
3_97_97970,0.9564569648540665,0.846169411955158,0.9407146184044182,0.7936993064535088
3_97_97974,0.960767171192831,0.8158592644978784,0.9493670886075949,0.7846409225930456
3_97_97976,0.9585675935774705,0.8595186935969059,0.9470847990419878,0.8237941040413811
3_97_97991,0.7494289721498698,0.5971560424717668,0.7058557710412352,0.5685819868125498
3_97_97994,0.791644225590521,0.6468339966113716,0.7724667540737966,0.6211689376488502
3_98_98011,0.5020361910832537,0.351750239645655,0.48398976982097186,0.3156589247173276
3_98_98012,0.6009819168725032,0.21485192279357596,0.6007496523789372,0.21560442144873002
3_98_98020,0.9779132839366115,0.9149250580536205,0.9386386725364037,0.7693787266782074
3_98_98084,0.7787807948210753,0.7207172541172849,0.7605417481150517,0.6861365591942097
3_98_98087,0.9505893128299068,0.8494689807019816,0.9167222618417723,0.7544609844709513
3_98_98109,0.2023813903297404,0.06311215065052428,0.17985462550265358,0.01600350325444376
3_98_98252,0.9409768334071122,0.8584280771131982,0.9326884613985963,0.8376540167570231
3_98_98257,0.30188785891928555,0.2650900105894811,0.28470667661585475,0.2990534503764331
3_98_98321,0.8136856819543367,0.5552392717116924,0.8039704675963905,0.5316581339462961
3_98_98428,0.9728510134635301,0.8559822033078635,0.9603884487605417,0.7933489461358314
3_98_98431,0.9675597210388462,0.8887468741317033,0.9546047320375085,0.8471513836136734
3_98_98589,0.9367483296213809,0.8445282357067696,0.9287692122476825,0.8197878328642564
3_98_98592,0.946036333608588,0.856831151393085,0.935441852892091,0.8312578857863844
3_98_98614,0.484729577696677,0.48955983759747373,0.47552729029141844,0.46438872864433106
3_98_98996,0.8343204027243115,0.6135106086541141,0.819971870604782,0.6004782813235063
3_99_99041,0.9736576233916738,0.8547381274257555,0.9651034867176155,0.804956988331488
3_99_99079,0.7362278901043278,0.45552612569227063,0.706644926761467,0.4576928743308943
3_99_99198,0.8557993730407524,0.8714102176541717,0.8110350773209763,0.8029815843320667
3_99_99223,0.9262458471760797,0.922015817546441,0.9098712446351931,0.8891416845110636
3_99_99257,0.8046257554625755,0.8762429615430694,0.8139917695473251,0.8850994965236154
3_99_99263,0.9452722063037249,0.8146562371346233,0.9330557711758756,0.7798617567403695
3_99_99279,0.7070768482490273,0.5825972561548581,0.6953765490943756,0.5325166636642047
3_99_99358,0.8925904348286637,0.8826466454619425,0.8554705315968175,0.8303203866117773
3_99_99416,0.9497829232995658,0.7985155561580696,0.941698817077448,0.7698030347720644
3_99_99456,0.9496664956387891,0.8664378450977466,0.9345780282824216,0.8201061997703789
3_99_99483,0.897651853289346,0.8926190476190476,0.8788005314101347,0.8429093978615644
3_99_99610,0.9457191653671939,0.8464996788696211,0.9395646889846426,0.8281971039091922
3_99_99711,0.474671669793621,0.6424112270888478,0.4458002847264592,0.5661419354838709
3_99_99780,0.9177477597967099,0.9245147805315019,0.9050970075633016,0.9110639301722104
3_99_99802,0.9780624989379598,0.8420792995005242,0.9724113463195418,0.8037146475306036
4_123_123574,0.6433856704565963,0.29872413664085007,0.5737840065952184,0.20968765423394203
4_123_123581,0.8863623603391163,0.7840419336051252,0.8596245144583513,0.7305016272023342
4_123_123636,0.9174747542299204,0.8178311823171637,0.8988867059593975,0.7744056651492159
4_123_123637,0.836987502740627,0.7338034376377258,0.7988505747126436,0.7034115920763023
4_123_123716,0.5575319960245827,0.5506934704690666,0.5473726114649682,0.52450180182955
4_123_123733,0.35645829651014355,0.37716720540699383,0.3562701785030863,0.37771000220474754
4_123_123812,0.7758807400751134,0.6047730510889477,0.7699810411384453,0.5812345429768334
4_123_123856,0.9779919573389282,0.9007223476297969,0.9620142098955659,0.8594798844187598
4_123_123861,0.4791987949646738,0.5401347915573671,0.46814807032289696,0.5099466086612616
4_123_123878,0.9575050052167048,0.8468392913303281,0.9468428372739917,0.8093066161020858
4_123_123913,0.9072511800743196,0.7939039711585733,0.8898044760836706,0.7611297271421733
4_123_123977,0.9546055531070956,0.9349515113707253,0.939960985477928,0.9138104838709677
4_124_124056,0.8314368448957951,0.6482372084613994,0.8087355957707995,0.6185501741057297
4_124_124057,0.8415993679775281,0.6639191704333953,0.8132216723766019,0.6255139500734215
4_124_124127,0.6889740960363815,0.8995009926490315,0.6398502119254351,0.8508486154169513
4_124_124187,0.8420853796751039,0.676439453214894,0.8150286904718395,0.6757307638856719
4_124_124229,0.9624298867605038,0.6700745730093818,0.9523618336068149,0.5984189723320158
4_124_124232,0.31198104358987017,0.0010627603044664655,0.3108393912863846,0.0006342068090749228
4_124_124323,0.6258965647414119,0.6570023148148149,0.6217134965740692,0.6568505539226769
4_124_124375,0.6200669527087557,0.5646017699115045,0.6183529558922402,0.5593891032768658
4_124_124377,0.18724587008191085,0.0,0.1869997645951036,0.0
4_124_124385,0.9710132516966025,0.8652549567996803,0.9600624815299531,0.8245128055596054
4_124_124475,0.7792379583033788,0.505258589028747,0.7572292834545152,0.49762718614143964
4_124_124483,0.9610073692494813,0.9040792329956585,0.9430002802690582,0.8603683371701789
4_124_124492,0.9323335771762985,0.8460668566517393,0.9157377871760869,0.809849157054126
4_124_124515,0.9492802018403087,0.9125838980577802,0.9337866336993673,0.8863047442336607
4_124_124600,0.9674990588530555,0.8444922802850356,0.9604677926036516,0.8080553353988039
4_124_124643,0.9482222357748369,0.8634813723426648,0.9392724752117175,0.8390211694796352
4_124_124760,0.8211142163136312,0.5896215552314424,0.8062837959047692,0.4608725238167246
4_124_124876,0.23187357019468696,0.14795901338406595,0.21372370604292673,0.09059348652669863
4_124_124880,0.7333333333333333,0.512387331921391,0.7151216507545427,0.4968075844055335
4_124_124969,0.9284533548086297,0.8872904843605649,0.9272742594699364,0.8712704736609119
4_125_125046,0.8933180519358181,0.5826278405367861,0.8793620375235681,0.5574541343337274
4_125_125138,0.945892997079148,0.8543102534195738,0.9394485047487907,0.8355276907001045
4_125_125153,0.40685242183703224,0.34916490440637005,0.3995201078765765,0.3276386212802398
4_125_125225,0.8518623827125391,0.8933650197401204,0.8072819418511603,0.8513867085295657
4_125_125345,0.4045302281065561,0.2899022801302932,0.39621298899649415,0.2714323199760093
4_125_125437,0.8626102941176471,0.7295684340320592,0.8591256072172103,0.722507657346112
4_125_125471,0.887579179289452,0.9284738695995974,0.8585756739545743,0.8982818593865289
4_125_125512,0.9091858037578288,0.7123233599115812,0.8833316476180844,0.6425563354266716
4_125_125513,0.9138738551207327,0.7018807826482633,0.9027335657622152,0.6629908352581775
4_125_125518,0.44582950773359703,0.4378991207774179,0.4242434420448057,0.4199142185121985
4_125_125648,0.9241518307020491,0.7251278260333888,0.909959658752728,0.680476561096809
4_125_125649,0.8960284594647175,0.6586723768736616,0.8827062742314203,0.626360338573156
4_125_125685,0.9598195827851908,0.9307428389052901,0.9485018378940333,0.9115061612118358
4_125_125796,0.9876619634128119,0.8851567808950588,0.986273967355451,0.8747943880019352
4_125_125888,0.9528515625,0.8168614470039857,0.9480352909168642,0.8049993280473055
4_125_125921,0.7870297907862472,0.5971084110388999,0.7548804780876494,0.5503094926128406
4_125_125923,0.5642235418530871,0.5026967979791084,0.5579772795817834,0.4738219017273185
4_125_125926,0.3966012904874465,0.38500865187981753,0.39137561467658555,0.37404341714821177
4_125_125929,0.9565028273162245,0.8933401233520059,0.9453898581165073,0.864421848085792
4_125_125931,0.9341925477307138,0.8464285714285714,0.9162600744515523,0.8034082173058854
4_125_125956,0.5332535944780843,0.4319880418535127,0.5127351144123637,0.3991683991683992
4_125_125980,0.75767987065481,0.7348573485734857,0.7274421593830335,0.7365489190503559
4_126_126005,0.9564468306755349,0.8662966389145853,0.9501114827201784,0.8478326949966564
4_126_126023,0.9690470387521326,0.9046061240512955,0.9566436928995031,0.8651895872359666
4_126_126025,0.0,0.009423409375953358,0.0,0.010978680543897935
4_126_126037,0.3072260162601626,0.0,0.30918468869455934,0.0
4_126_126053,0.7886784189203986,0.3637497051588772,0.7732370934850273,0.349070241145936
4_126_126054,0.9637590861889928,0.8986330824758102,0.9567550910351558,0.8799923925446937
4_126_126155,0.22195973343676176,0.0,0.22147296821859974,0.0
4_126_126297,0.9668285455593053,0.8865884518058431,0.9621956690183924,0.8711469670446762
4_126_126373,0.9650304632716404,0.8379116465863454,0.958908800365255,0.8112779973649539
4_126_126638,0.9275444690032628,0.7391150163521021,0.9289875876044921,0.7419621423792846
4_126_126682,0.9712538226299694,0.902787604358285,0.9524807826694619,0.7864138362158783
4_126_126746,0.6523296480144405,0.32204487624334954,0.6401647045818825,0.2997956867196368
4_126_126766,0.9548770797717367,0.8557462025524097,0.9424710698819131,0.8505149485051495
4_126_126785,0.9320696324951644,0.9097552799195441,0.9100805249030719,0.8900492217640016
4_126_126800,0.17002275662709884,0.0,0.16959301112869782,0.0
4_126_126806,0.8826114249843063,0.6621081817754594,0.8739616884217664,0.642493285171807
4_126_126887,0.44541258583811777,0.37639187574671445,0.4363325065302808,0.3570512516030969
4_126_126893,0.38210539671798344,0.29655627549796015,0.3713540382877331,0.28255255255255257
4_126_126942,0.9729338233321709,0.9042398839271321,0.9610156043374769,0.8598033061309898
4_126_126969,0.9143516539875203,0.8858862104997658,0.8879993362923632,0.8461592571750141
4_127_127026,0.8955149335730697,0.8680357605597305,0.8493759057547566,0.8243188032307741
4_127_127080,0.9560775567466455,0.8938911082185017,0.9452283040272264,0.8688220484960911
4_127_127117,0.9477559194251384,0.8401427632196863,0.9371945543402374,0.8103209739900388
4_127_127358,0.8985678429056548,0.7705395119767181,0.8985465534609296,0.7557946101807697
4_127_127386,0.48825487577814974,0.45083048919226393,0.4826516586797429,0.42762535477767266
4_127_127394,0.5249341347594932,0.20986532067076524,0.497890610974807,0.19936542899097964
4_127_127435,0.9683646254192083,0.8902262443438914,0.956897001303781,0.8549641941472903
4_127_127445,0.9278293949813446,0.8087660524846455,0.9149603460706561,0.7714832013111171
4_127_127517,0.8613846723435764,0.8100900688761995,0.8607473177950425,0.8097368575969859
4_127_127592,0.9105441408895913,0.6925940549382368,0.87346761966645,0.6133395281606525
4_127_127620,0.9112110378728634,0.6951526902569074,0.8812121866897148,0.5990329431967102
4_127_127625,0.9180480819302205,0.7628301294351603,0.9013968079018208,0.7610978605247232
4_127_127671,0.9077711357813835,0.8405980206359234,0.8909812248547161,0.8117951370926022
4_127_127716,0.5007887422690738,0.3579623110374819,0.4776254835474473,0.3504845358599702
4_127_127749,0.0,0.0,0.0,0.0
4_127_127769,0.9677598913454901,0.8789764298664908,0.9584721978600246,0.8422492156705012
4_127_127785,0.8007289204097715,0.772628231552912,0.7946782776971456,0.7615165103954341
4_127_127788,0.9565180273754305,0.8410998843814407,0.9423454229497169,0.7916686640141891
4_127_127854,0.8839862247094274,0.6199438590032672,0.8653536696284895,0.601056862833657
4_127_127894,0.9106685301653855,0.8475849375715068,0.8927307999543536,0.8162090993319354
4_127_127915,0.9129520005705727,0.7901537090666073,0.8887848522679983,0.7299323855755895
4_128_128052,0.879545987035639,0.651537593454648,0.8786663907712999,0.6477888481034784
4_128_128083,0.9351553138538115,0.7882313671260311,0.934057087655542,0.7847202363930988
4_128_128107,0.9016393442622951,0.8337042532146389,0.8607014093739758,0.7282778581765558
4_128_128152,0.9557255331871637,0.8588914360569838,0.939268882322776,0.8090561274799827
4_128_128173,0.5965068326999272,0.38610533055866814,0.546492897935276,0.37576882290562036
4_128_128189,0.9554474963858588,0.8764111705288176,0.9329047639320533,0.8188211079983991
4_128_128245,0.48979763003079285,0.3927867369033384,0.4838412364555885,0.4079360154445479
4_128_128295,0.36442763885420754,0.4465593701729035,0.35052356468116364,0.46868454435495766
4_128_128324,0.9685398896136478,0.8801827471015917,0.9587728182199936,0.8446527277096851
4_128_128372,0.8687859316875212,0.7602523659305994,0.8639109546686962,0.7490021008403361
4_128_128373,0.9498091740476705,0.8649689073141842,0.9316673725822392,0.7958709197433275
4_128_128411,0.9598813612238526,0.8584571484797796,0.9546375362207349,0.824076292710979
4_128_128425,0.8933635357587495,0.5577833572453371,0.89801796858926,0.5720401482174335
4_128_128485,0.7133631154705254,0.21862011637572734,0.7855121132165988,0.285367385388319
4_128_128511,0.9466065157182423,0.8285913204919935,0.9484367049245208,0.831725864787165
4_128_128521,0.9634275265007571,0.8736012681835136,0.9553957642829054,0.8496756085216031
4_128_128599,0.7911099421357181,0.5776542848786195,0.763407580293267,0.5402634054562558
4_128_128631,0.8748271595953715,0.8268244992865824,0.8815134660421545,0.8471553320984387
4_128_128633,0.5104484016305514,0.41215922498913243,0.49438949380766356,0.39111267853994003
4_128_128655,0.7544769951327027,0.5140542693993183,0.7467435210820134,0.49721991156254103
4_128_128684,0.8933777114656261,0.7710162357185809,0.8689128130752496,0.7435247075674385
4_128_128692,0.49652071712404156,0.34347025175322365,0.49381250115957626,0.33788220148052783
4_128_128762,0.5085318165659438,0.1210545343307656,0.4995228230255348,0.08447391631006435
4_128_128805,0.19767024374675868,0.4451560845226688,0.1966663359460264,0.4378484254934458
4_128_128828,0.4225272658894321,0.5457175418602612,0.41874650772955857,0.5370273338573051
4_128_128830,0.6690633013223389,0.35839332678054353,0.6388775534698384,0.3100319359253815
4_128_128849,0.839978414068948,0.634296068932362,0.8243105209397344,0.6083761673785565
4_128_128867,0.6811246066921541,0.5669387292410588,0.6442576583198837,0.5248800348989385
4_129_129015,0.8809635577516985,0.49474318256488886,0.8784249950719495,0.48852798517630386
4_129_129095,0.7454397658917249,0.6737099644128114,0.7154134165366615,0.6204414845050754
4_129_129141,0.9505724907063197,0.854938703211672,0.9441708201846226,0.8361885359755533
4_129_129196,0.9455973765356566,0.7593757561093637,0.9368824408348195,0.7460234993205979
4_129_129283,0.9495204336947456,0.7871323529411764,0.9534869227413424,0.8051381283708675
4_129_129409,0.7965732245146246,0.5716841695838195,0.7606989842584123,0.5272904132290953
4_129_129425,0.9350378034222045,0.7507983856816985,0.9274568523918354,0.7279355333844973
4_129_129438,0.9033333333333333,0.8365582544256895,0.890520694259012,0.8072531900604433
4_129_129551,0.9568145800316957,0.8575794621026895,0.9343319642425707,0.7808955725447366
4_129_129588,0.943343477953146,0.8640180217079664,0.936674163621029,0.8504439228492703
4_129_129806,0.9668053573055547,0.9124151140518892,0.9555482186271272,0.8816166104156876
4_129_129868,0.9045380212591987,0.4759966777408638,0.9288508706139906,0.5134896679823543
4_129_129870,0.873001719635692,0.8476958322319147,0.8602157241723299,0.8413820352972166
4_129_129872,0.16458009375390167,0.03002588164308738,0.1599479413678626,0.023900605415474684
4_129_129938,0.6945243073706221,0.6812025240143081,0.6721580508742031,0.6479511426319937
4_130_130020,0.5780439214232765,0.6569689182574645,0.5713534642375477,0.6426475980931426
4_130_130039,0.9103027743314943,0.7156700130947184,0.897429252617394,0.6772683173746151
4_130_130042,0.8603294711121621,0.7739347711730669,0.836333129957291,0.7267530487804879
4_130_130043,0.9485881995749418,0.8865317402259612,0.9421465531630779,0.8741004285598771
4_130_130048,0.92851043481231,0.8215351812366738,0.9305805924968539,0.822238230433493
4_130_130070,0.9050657069633022,0.799022460141976,0.9014871906209292,0.7950511649418974
4_130_130110,0.8538248626098118,0.5637003981274883,0.8694811151437801,0.6011599739122333
4_130_130290,0.8670137367593619,0.7083529160435804,0.8496613995485327,0.7112679049602584
4_130_130292,0.8320860037213149,0.7159194236553122,0.7994313469968013,0.6608264128012963
4_130_130314,0.5542832231344911,0.4589962528410836,0.5469188773110202,0.45396663695403033
4_130_130330,0.9893261964735517,0.957168098458539,0.9868083776180057,0.9469449485783424
4_130_130344,0.9049631403484059,0.8648028867230971,0.8831732967535436,0.8306899551629525
4_130_130456,0.022873539659766344,0.1433611289288005,0.026146732681369942,0.1419645088727818
4_130_130556,0.9336061548534949,0.7996671724340463,0.9233780941595211,0.7767106842737095
4_130_130602,0.7907938064877741,0.8666220511962524,0.7761442256519425,0.8447128339988962
4_130_130704,0.725565719788156,0.6366465071434833,0.7104857621440536,0.630053065274602
4_130_130762,0.29353658029364055,0.011661140962615753,0.28784387299386177,0.006010064701653487
4_130_130822,0.8697844228094576,0.8005668463984515,0.8367295807583097,0.7470741657192537
4_130_130855,0.01049632628579997,0.12389554290202238,0.01634537858242322,0.13062427893859763
4_130_130889,0.9590460025242634,0.8752194368373007,0.9381027231403203,0.811318197221281
4_130_130901,0.9763553774676592,0.8316990025672321,0.968166718038289,0.7967792037930189
4_130_130925,0.9627266360594506,0.9002324876175073,0.9567463377023901,0.8853668261562998
4_131_131042,0.5328811856317508,0.29887350747413977,0.5294642857142857,0.290798422409242
4_131_131044,0.8893895021401217,0.8540582438268187,0.8630723459836006,0.8123455463629526
4_131_131164,0.8632685692136247,0.7374658158614403,0.8393608271648455,0.6927091671736416
4_131_131261,0.5642567597665821,0.4219396584154691,0.5534153585065762,0.4113919413919414
4_131_131262,0.9428091319967551,0.9129297263356182,0.912780269058296,0.8613064302455926
4_131_131328,0.9697178972040851,0.8592647058823529,0.9615767016032147,0.8236082523574745
4_131_131454,0.9779088271084901,0.8718224324179072,0.9744828486691164,0.8522413426811133
4_131_131495,0.9349612696013603,0.7535955746773202,0.9155430365718508,0.714243057629143
4_131_131498,0.8835983998438872,0.8820021569498192,0.8677113010446343,0.8688524590163934
4_131_131588,0.5842700117990437,0.29401228249744116,0.5830028504151692,0.2770816745589406
4_131_131610,0.8602378929481733,0.8438635184224182,0.8572606410388539,0.8377060747963307
4_131_131627,0.964204891105974,0.8546181257825292,0.9614559479329878,0.8455354579385587
4_131_131654,0.9407963310402335,0.8212746560583458,0.9230820800464815,0.7607752386462251
4_131_131686,0.9413969695369833,0.900855709648864,0.9218064516129032,0.8684311469121596
4_131_131961,0.9154744109901061,0.8706545376581212,0.9063171616812881,0.8564093270508638
4_131_131974,0.1523068447872194,0.0,0.149765715988191,0.0
4_132_132100,0.8353615801210577,0.7316542105572883,0.8155719878207917,0.6896629087441808
4_132_132238,0.9830126847537731,0.8987821380243572,0.9780687180168804,0.8891902888919029
4_132_132307,0.2934867305312371,0.41853204915310527,0.29102139061719423,0.41336338326925626
4_132_132365,0.11369107711423468,0.14052401408723247,0.10882735551012823,0.1384217335058215
4_132_132370,0.9781596604135286,0.9009488666315234,0.9659768976154556,0.8506822014410548
4_132_132381,0.9463117629750345,0.8336728027362514,0.945510877618374,0.8304781483173443
4_132_132400,0.6895420572940936,0.5774988276882012,0.676478654355974,0.5417121142816931
4_132_132405,0.9416464891041162,0.8978853421243065,0.9361497839654345,0.8897750837454139
4_132_132455,0.7184789234303934,0.6980962643678161,0.7125784701232272,0.6798526755675178
4_132_132457,0.792280281290404,0.667507293675518,0.762971021061856,0.6367337048703658
4_132_132481,0.9314970807148906,0.8396498401216124,0.9244375827084252,0.8180402740294789
4_132_132501,0.938204903086378,0.7869024769216708,0.9217474955217939,0.7590554689240365
4_132_132513,0.9130047275827327,0.8877113109676457,0.9029516826471141,0.852732110961251
4_132_132515,0.8548364696896049,0.6110903485004204,0.827574628118599,0.5496845778712361
4_132_132555,0.9216017413495459,0.8553155544829251,0.9099261992619926,0.82964358612027
4_132_132581,0.8710766633412631,0.8633732478292946,0.8424989815946377,0.8426352619901007
4_132_132583,0.5799394756991286,0.4185380128843457,0.5784973392261207,0.4113617886178862
4_132_132584,0.9607451491928909,0.8390795445497253,0.9484629294755877,0.8075388201825437
4_132_132615,0.8198414867450123,0.9397215884667527,0.8041253597697474,0.9303685213164291
4_132_132690,0.49399239543726237,0.5929255097794424,0.515359379660006,0.5888115284974094
4_132_132784,0.6812870613395547,0.39607980093421224,0.6729694968613825,0.39208914375081455
4_132_132826,0.8701882912409228,0.7871794871794872,0.8487326757397927,0.7341236634123663
4_132_132900,0.44357300158405133,0.34317738791423,0.42392404364546343,0.32898725042097665
4_133_133027,0.9741338016924797,0.8919096833651504,0.9663405211994553,0.8600878893628021
4_133_133075,0.4547826086956522,0.5545023696682464,0.5058377116170462,0.5782286758342148
4_133_133086,0.9309949188657597,0.8180569185475957,0.9121918379123521,0.7858667299027745
4_133_133160,0.8502496421214343,0.5604154755098152,0.8367234744365035,0.5420796708434636
4_133_133166,0.5912784535406046,0.6049173287524158,0.5371094628006293,0.571012948696935
4_133_133167,0.9327765447961687,0.858705787281656,0.9206622973439117,0.8354978354978355
4_133_133201,0.8811029236985976,0.6742287773024094,0.874899721579916,0.6709699146834306
4_133_133219,0.9448007835950583,0.8405385601758564,0.9370399373531715,0.8183544303797469
4_133_133232,0.8241624365482233,0.9220242705912729,0.8052254198998133,0.8936670266150035
4_133_133244,0.9060010985992859,0.8197455158669323,0.8938772766987029,0.7919796462321299
4_133_133309,0.506379891605855,0.20148788800527723,0.4831123896119571,0.1926102782887784
4_133_133388,0.9183012670107931,0.938087913388156,0.8909660147919597,0.9158454696084416
4_133_133414,0.7792439752612498,0.6712290165452276,0.7732608753000765,0.6738996677468313
4_133_133490,0.34001711700696907,0.4060871624822359,0.3173172887735607,0.3911221480676703
4_133_133491,0.47769953051643194,0.5103710195734735,0.44699549599033284,0.49198396793587174
4_133_133603,0.8513439718463686,0.5911301945712226,0.834954623643158,0.6301904892421543
4_133_133636,0.8455029842896019,0.7102546455609084,0.8315794207591294,0.6751801359899868
4_133_133660,0.9135703194321206,0.7632470171416662,0.902330017713585,0.6735772779102311
4_133_133693,0.4036411808315407,0.3402865776391461,0.40211205490376134,0.33418806192995554
4_133_133698,0.9582088259495042,0.889077274209325,0.9497689543042958,0.8589858793324775
4_133_133759,0.801923642320131,0.7246461453895836,0.8099088321438884,0.7178627625367723
4_133_133761,0.7176440417165327,0.5645734084019056,0.7073643410852714,0.5371615869232079
4_133_133770,0.9457578806170356,0.7568066003397234,0.9468987894671159,0.7573335932170354
4_133_133812,0.15280977312390925,0.24239594450373533,0.14941666098110118,0.23948390494371669
4_133_133920,0.9221079883498046,0.671848501978519,0.9095550692924872,0.7168687345824805
4_133_133974,0.866847176873457,0.8440366972477065,0.843011583011583,0.8093095795093276
4_133_133988,0.9534190489872145,0.8739734975737216,0.9432073616184321,0.8504879396059658
4_134_134054,0.9561620040226733,0.9124428353658537,0.9410442056032738,0.8832342338124444
4_134_134095,0.80229367347325,0.5906159769008662,0.7716614214767786,0.5475591578162847
4_134_134121,0.96422935297212,0.8886612672701286,0.9499712147380541,0.8443711684934052
4_134_134170,0.9763239106283175,0.9042497921862012,0.9704663085338632,0.8831175503493629
4_134_134183,0.024810417571943202,0.0,0.02455741162106665,0.0
4_134_134206,0.8214568897162754,0.6553552914905495,0.8083042165609416,0.6384958019630257
4_134_134216,0.9041278506927362,0.8726602947033054,0.8918952425228576,0.8586457787100157
4_134_134310,0.18666172406820786,0.010918611776502702,0.18478732276897414,0.007280204512615316
4_134_134338,0.9428671804668116,0.886299991843615,0.9367536584306744,0.8741311089723024
4_134_134339,0.8958153823099689,0.6890474645907666,0.8968807339449542,0.7341761958447415
4_134_134356,0.7334008267949043,0.9099597047391506,0.6505348193582168,0.8787815781266244
4_134_134378,0.9636637172654716,0.8600146377165162,0.956040903926272,0.832733726675301
4_134_134424,0.9567883470214509,0.8370259106271123,0.9514414118162885,0.8159491476451892
4_134_134559,0.7852107825128581,0.24716996837023472,0.7688459722565705,0.2107237832154858
4_134_134592,0.9585086319454519,0.8317681781593775,0.951893085080858,0.8091009146457171
4_134_134647,0.8727182757862327,0.5985793610730511,0.8640097932535364,0.5870308382593832
4_134_134652,0.937405503477472,0.8463651849002692,0.933505376344086,0.8379946363089048
4_134_134659,0.7379456532842987,0.5818838942850689,0.6946853771478269,0.5629285852410489
4_134_134664,0.9380365808137364,0.8613008130081301,0.9237785699308031,0.8394673768308921
4_134_134679,0.943984175005818,0.8179623855979081,0.9316755964647159,0.7987896119442689
4_134_134689,0.891875681570338,0.8737847070158535,0.8791405550581916,0.8167358229598893
4_134_134692,0.9200646253269734,0.8911628531168221,0.9111001217285454,0.8780819194061505
4_134_134693,0.9516554466359592,0.8757166548211325,0.936749554574328,0.8455593029792018
4_134_134720,0.9368449539930128,0.909250296325563,0.9130080911571791,0.8666018945834345
4_134_134777,0.9053543068895107,0.8081173719447737,0.875262130305879,0.7558234444653733
4_134_134797,0.9707637455432538,0.9438144570441924,0.9528242870285188,0.9114207400639561
4_134_134940,0.9436633912824389,0.7558673888068275,0.942466846146176,0.7572501817594313
4_134_134943,0.9714781268067065,0.8492315005545872,0.9704336496750219,0.8433141596406902
4_134_134970,0.9735848264865091,0.886300510706926,0.9742405475195768,0.8891429083736776
4_135_135051,0.9620919077827634,0.8896687537871137,0.9552545912413243,0.869928400954654
4_135_135123,0.8809666152732765,0.5556114745848012,0.8643644107027127,0.5149543441412872
4_135_135127,0.9253297563156718,0.8503654970760234,0.9241839762611276,0.8391952525691128
4_135_135138,0.9133686031132363,0.5745380285899288,0.8749148915475148,0.5190414267137284
4_135_135150,0.961928004881025,0.8889062061656432,0.9453016767782927,0.8779275194646822
4_135_135184,0.8345238095238096,0.7547251864985114,0.8141035548686244,0.7309887499587608
4_135_135259,0.9311290046256638,0.8198802053622362,0.9276741740910852,0.8179170218812163
4_135_135266,0.9053130665179194,0.7080661120680177,0.8983031493365611,0.681687302044342
4_135_135294,0.6392570212181556,0.5167087011349306,0.6342835836073354,0.504378731873756
4_135_135296,0.39360992098520897,0.6010984764848752,0.38707973204285623,0.6044267399781188
4_135_135297,0.6190141834012077,0.5041681240526991,0.6089478044739023,0.4865160140302455
4_135_135395,0.9613075733347314,0.858827461090423,0.9525952362479634,0.827719050974865
4_135_135402,0.932093686577807,0.8584306494570785,0.9228693258487612,0.8380708608379361
4_135_135492,0.9047121413642409,0.8024703557312253,0.905744721323949,0.7989334386727237
4_135_135531,0.8014443120905301,0.6537604456824513,0.7926309811160017,0.6191944101931771
4_135_135659,0.9398061822097329,0.7842395209580838,0.9379481162821014,0.775561690784463
4_135_135701,0.8611578357162882,0.8730370370370371,0.8514872079317757,0.86083984375
4_135_135739,0.9577124056512483,0.8429091257301542,0.9347233108637718,0.8038988052048566
4_135_135773,0.8559565434565435,0.7793366117057179,0.8543843568591506,0.7928071134071829
4_135_135774,0.8437054275204564,0.8029161472166513,0.8329060142114131,0.7797314578005116
4_135_135781,0.840592919504941,0.7459990100643458,0.8351311884686042,0.73528436411872
4_135_135795,0.9389906276193137,0.73552384528727,0.9240563211503895,0.6844374191694209
4_135_135809,0.36672061033406544,0.49232677653730283,0.3590277387047769,0.46784696068424203
4_135_135945,0.5466108881225621,0.0,0.5442801052646392,0.0
4_135_135964,0.7199940729032895,0.46367070598047394,0.667811512570408,0.36994606160567023
4_136_136025,0.9702915917715199,0.9293938044653648,0.9677948412106754,0.9216446365022878
4_136_136057,0.8792944165367516,0.6817972774098602,0.8664768723398258,0.6271474588403723
4_136_136065,0.9609497303878936,0.876296995014149,0.9570262605269425,0.8611865714189891
4_136_136256,0.9601230210044386,0.7705627705627706,0.9551792482353351,0.7715268530847759
4_136_136419,0.5018044273578471,0.4112227805695142,0.4975591161172116,0.416695001700102
4_136_136517,0.8700570297403026,0.9017653416596614,0.8697938676808941,0.8951055204483128
4_136_136550,0.9835805194001527,0.9376613483431376,0.9712593376620733,0.8903720182919294
4_136_136593,0.8917266598103074,0.9128142741281428,0.8633825399458175,0.883977703137283
4_136_136640,0.9421598864248298,0.8267137500455058,0.9301412116246566,0.7951897381079637
4_136_136642,0.9053409265814991,0.7916450505200228,0.8832769815385536,0.7962103437723146
4_136_136687,0.9588324106693508,0.8746795784676731,0.9570985699523318,0.8698072067936654
4_136_136759,0.9018516120678493,0.9050102850426095,0.8740907950840231,0.8719398711524696
4_136_136792,0.9350512430736037,0.78736267532647,0.921264201810129,0.7624720016289961
4_136_136917,0.37278194272153603,0.47708976760670346,0.37168295389222356,0.4474949204618663
4_137_137087,0.9397372844425076,0.9057132663982468,0.930384024577573,0.891513958301782
4_137_137110,0.7275592536560767,0.5599772058125178,0.6926585317063413,0.5366196523124502
4_137_137215,0.9601183479917319,0.8454431786607391,0.95998090540218,0.8465267677817023
4_137_137256,0.5593548387096774,0.15616603026446046,0.5481270744428639,0.14008075001710804
4_137_137270,0.33242139334155363,0.44520351614752535,0.33030477285796433,0.4382001139168407
4_137_137280,0.9316099708827498,0.8742062696343827,0.909575204095752,0.8341327456572466
4_137_137324,0.8658591408591408,0.7830925316052268,0.8496972632598693,0.7883188881080659
4_137_137444,0.8161571530929066,0.6104668838219327,0.813185015540651,0.5960403660309587
4_137_137457,0.14379441624365483,0.0,0.14379441624365483,0.0
4_137_137461,0.8658646076494882,0.8424030821093186,0.831450987154065,0.798669855901056
4_137_137616,0.9730840062331775,0.8966021785075597,0.9676656151419558,0.8776669883134984
4_137_137626,0.9226596404215747,0.8490177439797212,0.9123199837158414,0.8300873776186967
4_137_137663,0.9475017698125862,0.7832205029013539,0.9315893169877408,0.768087167070218
4_137_137833,0.9442778216258879,0.9067414842329882,0.9251642829532277,0.8711031641141258
4_137_137858,0.8905072034734557,0.8132644353844695,0.8893207695327837,0.7778910079099335
4_138_138052,0.4691049945994264,0.3410196315617046,0.46228388943948906,0.3347994502061727
4_138_138100,0.9147113306576103,0.8337516160924785,0.9127222350496421,0.8308890232839431
4_138_138232,0.3711943621271765,0.5170212765957447,0.36840796019900496,0.48073535887274327
4_138_138332,0.8349730833488027,0.6144436909916019,0.7988434321657747,0.5611286840387608
4_138_138371,0.965984474241355,0.888805322533989,0.9512710396896862,0.8447683908369449
4_138_138637,0.9451784886416319,0.9124463519313305,0.9391915236669354,0.9039467427484545
4_138_138720,0.882153694164138,0.5631383954849208,0.8859297666745227,0.6059866539561487
4_138_138730,0.9025958930647036,0.8415222207741431,0.8926791874281333,0.8269107257546564
4_138_138754,0.9343166116839505,0.7108868542404598,0.9085359723080016,0.5996055854193836
4_138_138762,0.9634982543327147,0.8193609244192902,0.9586009658211825,0.7981541086594021
4_138_138864,0.931225328612705,0.8149773934419033,0.9280566850517331,0.8068965517241379
4_138_138867,0.8434789283795194,0.7528196479392854,0.8121171869234742,0.7219938335046249
4_138_138880,0.8417511411464818,0.6405175298360412,0.8710405912717034,0.664854517611026
4_138_138906,0.9500575373993095,0.7428625211771349,0.9419724305696331,0.7011473096508988
4_138_138911,0.43139258769424993,0.4760467409820388,0.42628062360801783,0.46413339651700036
4_138_138914,0.5564756743591305,0.4570109636468552,0.5516277010985473,0.4484745884810719
4_138_138932,0.8904109589041096,0.8878496321229633,0.8760529915760674,0.870022937128742
4_138_138935,0.8338643942200815,0.7800499886389457,0.8263581634873431,0.7770601996770898
4_138_138939,0.8827141221771256,0.8301425377305758,0.87726447724393,0.8072318507691237
4_139_139018,0.6999255398361877,0.4589922404478931,0.6886033385372884,0.44265059009860525
4_139_139056,0.9318500077796795,0.856949988260155,0.9215263886751808,0.8334103512014788
4_139_139062,0.9557851801495582,0.846974923091265,0.9433210292622907,0.8112455320318944
4_139_139102,0.8638791393254998,0.7949060383478012,0.8397257260193605,0.7704600181380367
4_139_139123,0.9296544244926902,0.69002920317063,0.9310764533564385,0.6984046710496069
4_139_139219,0.7463137996219281,0.519366583322367,0.7066738267848086,0.484263114071607
4_139_139232,0.3100191825291427,0.2162926645295116,0.24461600975213327,0.20392768890622967
4_139_139240,0.41539373986298384,0.41253781679313595,0.41175200345506024,0.3850986121256392
4_139_139244,0.8439426304546842,0.8508124706785516,0.8290885120153413,0.831515354925323
4_139_139245,0.9291658041813289,0.8990036746599992,0.9164932043590057,0.8779178163919755
4_139_139246,0.9047764330994271,0.8383320433436533,0.8900560224089635,0.8148582662185301
4_139_139249,0.8062210308817781,0.6147732089868588,0.7767444360821417,0.5691497442649517
4_139_139256,0.9192918929792798,0.8826912249658168,0.9070339790409654,0.8608290196388351
4_139_139261,0.892297138377107,0.861564316224354,0.8728789186079954,0.8302295659240198
4_139_139325,0.4408444248268369,0.3780477969837899,0.4374210393329403,0.37447619047619046
4_139_139369,0.9385505904144478,0.8241071428571428,0.9383374287171403,0.8261050875729775
4_139_139387,0.9615458460188157,0.8892978248283847,0.9547878128400435,0.8670314860946625
4_139_139403,0.9663995864564487,0.8734096692111959,0.9563218390804598,0.8368650669990652
4_139_139410,0.9277864422763048,0.8548009367681498,0.9085261962232003,0.823108054869095
4_139_139482,0.8419454135029756,0.46520122194182495,0.8149369351474823,0.40459594512874375
4_139_139513,0.6016081624379201,0.6466143702776842,0.5962935681521412,0.6233531510107015
4_139_139556,0.9511360204047388,0.8185297691373026,0.9343281619773863,0.7642156283248611
4_139_139680,0.8470317244267616,0.8180379746835443,0.831534587316271,0.8033531808210592
4_139_139734,0.8629884611655192,0.812324564266597,0.8706127869474483,0.8234024462031526
4_139_139824,0.1318543366638198,0.0,0.13103991328090647,0.0
4_139_139965,0.6167955670133641,0.46646847949637144,0.5966329005564275,0.4411637992934486
4_140_140016,0.9204599336178284,0.7813663590739841,0.886447720416643,0.6915505754088431
4_140_140067,0.650500094357426,0.6338403691676636,0.6344289430125325,0.5957789366840502
4_140_140136,0.7777658508658938,0.4054493696624644,0.7628891306636718,0.383322839603337
4_140_140140,0.9141120773595676,0.7632531134298216,0.899851411589896,0.7357369745472546
4_140_140266,0.7906417606805992,0.8339570612566476,0.7614703277236492,0.8111840505713591
4_140_140285,0.8587200781631656,0.7935627081021087,0.8429221556886227,0.7588671138585646
4_140_140318,0.9115059513541487,0.8394583530152732,0.8960446247464503,0.8143536267443644
4_140_140326,0.2709345688778393,0.3695565549040815,0.24988274532284122,0.37286952475132334
4_140_140347,0.7856147994714474,0.5563707729468599,0.7291646086469755,0.49893001735107
4_140_140448,0.9629816308243727,0.9017014637045843,0.9563575791227096,0.8852531181217902
4_140_140686,0.9662599789124868,0.8871668871668872,0.9449591881756011,0.8194654869401854
4_140_140696,0.9370083735092616,0.8438873514569428,0.9400870105655686,0.8105150378816867
4_140_140699,0.8971292813304296,0.678227002967359,0.8978740003900917,0.6771518093014683
4_140_140700,0.9389875797911822,0.8133502765734788,0.932627243306855,0.7924889543446244
4_140_140705,0.9770251610923596,0.9248091109097968,0.9651127591947934,0.8840506329113924
4_140_140735,0.8793653147475347,0.8436629526462396,0.843978102189781,0.8128444763958783
4_140_140766,0.9386905040482988,0.8535410625645058,0.9264333992367465,0.8236621070314375
4_140_140875,0.9471136065628888,0.848809409964617,0.9393929330499469,0.8314490295835689
4_140_140899,0.9063632702376158,0.7609327716133626,0.9046746834434977,0.7556196304578087
4_140_140907,0.9659350429734489,0.8278805848072794,0.9627641089797053,0.8110065898687057
4_141_141015,0.8682364729458918,0.8465923172242875,0.8586292320396367,0.838729533423612
4_141_141033,0.271439638105986,0.0,0.27105856286052643,0.0
4_141_141115,0.9335591689250226,0.903164471003667,0.9202339803243819,0.8804935842982966
4_141_141132,0.848774073131416,0.7186911361067757,0.8384273990956289,0.7010243277848912
4_141_141180,0.8191073004094744,0.5576746088557112,0.8061528872267486,0.5087137340330726
4_141_141190,0.8044025157232705,0.7952843273231622,0.7952543777846856,0.7833504624871531
4_141_141284,0.9048231275024795,0.8343418198424478,0.8835305473134809,0.801045751633987
4_141_141406,0.9039819199311235,0.7844118453523444,0.8963259057662868,0.7664019631232746
4_141_141410,0.9432924362949979,0.7874821755958443,0.9322557452134317,0.7460664118727354
4_141_141412,0.9717185565186627,0.8627525320912095,0.9691310387405464,0.8529111338100103
4_141_141471,0.883943351112746,0.8362829290936521,0.8570818353326451,0.8051349197312991
4_141_141472,0.8414573694646398,0.8091911415264709,0.7957543120268478,0.7710325266480625
4_141_141474,0.9676217684788393,0.9101021378654427,0.9505186892804215,0.8663253697383391
4_141_141480,0.8811903053055816,0.8270900169843367,0.8513348548378536,0.7923884998157021
4_141_141483,0.7040428641013151,0.42434343064356617,0.6964664310954064,0.4162261301111231
4_141_141568,0.7956181241842253,0.45131606361552884,0.78992342692265,0.43772083290453156
4_141_141591,0.8325283078628554,0.6294617563739376,0.8178452996066939,0.6040171176145775
4_141_141718,0.9290133873326584,0.8294850218781555,0.919154851264943,0.8096754927334262
4_141_141727,0.8262878262878263,0.5680726861877413,0.8028971208180106,0.5066838046272494
4_141_141728,0.9483683984542722,0.8988454247802861,0.9357793307920372,0.8718499265453724
4_141_141743,0.8642927672179709,0.8619405656999642,0.850762331838565,0.8591308071076857
4_141_141747,0.748867511579376,0.5798970027046052,0.7300446207238473,0.5587122590032739
4_141_141769,0.5285249119050806,0.5478996202482089,0.4720155933012451,0.5274629468177855
4_141_141771,0.9185936645283207,0.8415161649944258,0.8982803847274847,0.8114017961733698
4_141_141791,0.24394722610018993,0.0,0.2425257893091591,0.0
4_141_141857,0.9729901358960247,0.9205454894679557,0.9620936362495293,0.8908701405078445
4_141_141883,0.8683964469378214,0.6578295134924392,0.8852559205500382,0.698139898868288
4_141_141892,0.9737060902099356,0.9125989732880884,0.9658005202029306,0.886762497318172
4_141_141894,0.48089245913818723,0.1552658158112203,0.5143344786042569,0.15691188358932903
4_141_141903,0.829745681798455,0.7599570130589116,0.7924885722521929,0.714006555723651
4_141_141904,0.9657408273325229,0.8952490531664988,0.948790765848296,0.8568202136169012
4_141_141905,0.9536876006441224,0.8822244119789212,0.9245973872839545,0.8120601340940324
4_141_141906,0.961475791433892,0.8646711635750421,0.9433356078698965,0.8395612804489223
4_141_141907,0.9463752735955429,0.9048310547566764,0.9072612595480334,0.8185957102387698
4_141_141914,0.7527824620573356,0.45145443292588583,0.7366875804375804,0.4277124281258221
4_141_141919,0.4254892990937303,0.19139233675121425,0.41601604989001956,0.19487994737419143
4_141_141959,0.9767871578704238,0.9006422964078978,0.9671215173514767,0.8695785912027069
4_141_141975,0.5347101918139885,0.3265834295107194,0.5315722852814841,0.32125285842976925
4_142_142009,0.9543635352973875,0.9149897772516948,0.9410444493102693,0.8884582713952007
4_142_142011,0.32965046203294496,0.3362556561085973,0.3291877748705673,0.32936282851200605
4_142_142037,0.7985106202927985,0.5652038714191316,0.7850576147094305,0.54524981869537
4_142_142071,0.9618548061702722,0.784357395519455,0.9589642172918855,0.7750600142736651
4_142_142102,0.941747572815534,0.7568275554564708,0.9434810881109786,0.742943210978467
4_142_142115,0.947446170374681,0.8869087091069849,0.938666784078901,0.8694185628576958
4_142_142131,0.976161369193154,0.9409000117495007,0.9601335559265443,0.891910459724051
4_142_142233,0.7926454445664105,0.5684131999297876,0.7895732229517557,0.53683249260741
4_142_142237,0.7904087193460491,0.6650058616647128,0.7614420062695925,0.6283198409316858
4_142_142258,0.9801082251082252,0.8738836854715748,0.9731361887773742,0.8352236250802483
4_142_142301,0.9390351429651089,0.8269796446640781,0.9420422038887276,0.8361809045226131
4_142_142305,0.7654535524551909,0.5046179680940386,0.742714003564719,0.4737571039686709
4_142_142344,0.7187898828170322,0.5118962060748193,0.7135125798837009,0.4922099757145526
4_142_142364,0.7755905511811023,0.6621422040931149,0.742040932347925,0.6155048452641451
4_142_142405,0.7705357616948972,0.4503077862882383,0.7606636002673272,0.42703645881164476
4_142_142457,0.896240932072983,0.7634040880503145,0.8876259918507399,0.7456451424340439
4_142_142469,0.9194359650339947,0.6798050987557643,0.9028595744680851,0.6277063459145583
4_142_142509,0.9432701056904879,0.874613907671759,0.9334669061765926,0.8550331153070879
4_142_142520,0.8213628960226974,0.7105935927139091,0.80940351600763,0.6929372417863466
4_142_142527,0.9278617710583154,0.8986034212048591,0.9142164611655601,0.8726682887266829
4_142_142529,0.6695851796487107,0.6031883743628673,0.658811798047654,0.5944293478260869
4_142_142537,0.31081818890882146,0.4260967609676097,0.308587350524374,0.4184605907115233
4_142_142541,0.8989245975010879,0.7368204639889196,0.8734624546058026,0.7039633871404094
4_142_142588,0.949410163339383,0.8817640692640693,0.9388670779584969,0.8554184905159835
4_142_142598,0.8978689183755528,0.7579512743101875,0.8693136110029843,0.6560803196393812
4_142_142625,0.8226638108837062,0.5918377876380146,0.8141387972994191,0.5732694952376102
4_142_142627,0.19910949614882673,0.3282487967419474,0.18425908402725208,0.3443900886926779
4_142_142628,0.1822691321961033,0.35152689152233363,0.1688799223658001,0.3427483821850019
4_142_142635,0.9068505747126436,0.7543611793611794,0.9033705806924345,0.7464279143925922
4_142_142638,0.5246682545083362,0.4589695978715739,0.513843558619678,0.4403735042032914
4_142_142642,0.9246614733099806,0.8721943490889886,0.9144954507857733,0.8591004184100418
4_142_142643,0.9091795754446357,0.8731260690210283,0.8956692913385826,0.8231434819815536
4_142_142644,0.9155937052932761,0.8919279907084785,0.9094502082010022,0.8782113914592793
4_142_142647,0.8436219303623866,0.7885066568674562,0.8370349278663629,0.7697751525452063
4_142_142656,0.926802612950498,0.6614414996767938,0.9100131688045652,0.5980112900719872
4_142_142658,0.8963746289032873,0.5283401599375853,0.8827094626317811,0.4986026134904449
4_142_142667,0.9629808466119427,0.8735375214248454,0.9353847755909611,0.7981594243011348
4_142_142677,0.18417164279346937,0.295596192041641,0.18274345397487005,0.31836322428064645
4_142_142715,0.7582214558443158,0.6179690091456191,0.7380410022779044,0.5869504858861638
4_142_142738,0.9253560528992879,0.8024325126075349,0.9119609642171991,0.7714302352667133
4_142_142742,0.8928664978608225,0.8790290632765513,0.8825855251848032,0.8675808870794943
4_142_142758,0.9391051442519931,0.7420808423306862,0.9343334784055708,0.7273128141811447
4_142_142765,0.7229445646098136,0.38036519714826134,0.71022347435775,0.37707331083506856
4_142_142789,0.6961373197453375,0.5813087887356454,0.6888089368601061,0.558008138411546
4_142_142848,0.9479666986871598,0.8706234413965087,0.9262416894798592,0.817736826950763
4_142_142887,0.9214876033057852,0.8481638418079096,0.9083178505073602,0.826498642344914
4_142_142894,0.941739809580482,0.7558979872185391,0.9232844254078192,0.6425406203840472
4_142_142916,0.9681380517694135,0.8856553620531622,0.9511017426897718,0.8262239779839318
4_142_142947,0.7791172384311211,0.5556685307574988,0.7930265051195963,0.5784325252192725
4_142_142948,0.8933707153839197,0.8616088993811926,0.8809470727248406,0.844874465906282
4_143_143056,0.956249001118747,0.8759313249109167,0.9459961284715364,0.8517171284904247
4_143_143078,0.9571976637654603,0.8322987792261535,0.9378117818507932,0.762963696696548
4_143_143191,0.9313761276529176,0.8511967862523016,0.9262044287714567,0.8389722576000886
4_143_143196,0.9228003384094755,0.8535127055306427,0.9023364808050176,0.8124908585636975
4_143_143198,0.891744371162156,0.898872910998834,0.8750832039050366,0.8857862211032272
4_143_143199,0.81915737167627,0.5083444331270077,0.7751748251748252,0.4515822115723448
4_143_143253,0.8805555555555555,0.6147301006404392,0.8548828459038823,0.5659978880675819
4_143_143262,0.7790325085047217,0.4063572703556227,0.7720144921454251,0.39230734401883544
4_143_143495,0.017266841825081997,0.5877399934917019,0.023450944801664427,0.5485176282051282
4_143_143505,0.9031253356245301,0.7366419953361046,0.9128743139025915,0.7694942175013649
4_143_143609,0.6258699143468951,0.3100825526389018,0.5911274014155713,0.27728338644699657
4_143_143630,0.966685616827743,0.9111179613645705,0.9496101002599332,0.8690517888416313
4_143_143648,0.8747427227286092,0.6941298163951384,0.8444360511779425,0.6332769934380592
4_143_143691,0.9300674157303371,0.726343079360507,0.9128991510237655,0.6817299695037428
4_143_143733,0.9060600392780324,0.7991129926418707,0.8808804293897433,0.745571269971521
4_143_143735,0.9639738994577705,0.8407943123314537,0.9498472332239448,0.7818250986732608
4_143_143747,0.9107799184135063,0.8346500405688175,0.9004772987258886,0.8023826502789546
4_143_143757,0.6846975088967971,0.6411763075473267,0.6459029278836707,0.594061534327556
4_143_143776,0.9564526277444779,0.8920678430700703,0.9463253779098241,0.8697910069664344
4_143_143828,0.9832712248865846,0.9047110840067083,0.9758823056515797,0.8795996688990895
4_143_143913,0.9459283104228293,0.8639784617267332,0.9392989088409657,0.8437009300640174
4_143_143962,0.816409646272823,0.6118809754001504,0.7790596430126252,0.5386333637932785
4_144_144039,0.9075050200803213,0.7278083770974766,0.9069393311264424,0.7408438259332891
4_144_144110,0.3943002471952843,0.5253657785307254,0.38540820353304395,0.5116002922908294
4_144_144178,0.9794025184243528,0.9080511662904439,0.9694661679700782,0.8656678050750982
4_144_144346,0.9457214068125173,0.8554362619083623,0.9348372296263928,0.8264677503154457
4_144_144363,0.9813625039803697,0.9233544855045415,0.9721326065190788,0.8845339845339846
4_144_144374,0.9092517532007978,0.8378660426285497,0.9056271793723407,0.8301518915689172
4_144_144408,0.8931699942193961,0.7826006932727998,0.8752886332941228,0.698076108657511
4_144_144439,0.5731029727866326,0.588218634947607,0.5696829391041771,0.5793771430591396
4_144_144500,0.9734169423713165,0.8717925912749589,0.9677851065863684,0.8504026610644257
4_144_144604,0.9463019250253293,0.8931233469584035,0.9418552543132422,0.8832438878950507
4_144_144643,0.31041380282683023,0.225462483557695,0.3086432733166864,0.2201563857515204
4_144_144682,0.29409742683166373,0.4700826262962347,0.29259476357952324,0.4651214006496724
4_144_144722,0.3600112013441613,0.23390025529466757,0.3581736930672105,0.22419279865555833
4_144_144785,0.9504351883787457,0.775764192139738,0.9364074081473638,0.7352041542182387
4_144_144868,0.9519452187613623,0.9069932552360668,0.937585611339408,0.8924638852409335
4_144_144961,0.981352298635451,0.8963403131484625,0.9754162023435653,0.8610052959212116
5_145_145114,0.39171860841868256,0.4172080851831799,0.388153509189601,0.3975113427069763
5_145_145174,0.8899636649317489,0.8312415270914418,0.8728495915425276,0.77656309128369
5_145_145275,0.9458498515581946,0.8071473551637279,0.9326493811166162,0.7617001687893202
5_145_145322,0.9089953840957706,0.894357316087308,0.895078580388106,0.8735738121722549
5_145_145349,0.6766311055042098,0.6076535288725939,0.6639306762830001,0.5908206219164441
5_145_145398,0.9600319856345221,0.7902107288264507,0.9589854970924122,0.7850550626421151
5_145_145486,0.9039388399534651,0.8704672047288848,0.8786266924564797,0.8397353938517983
5_145_145523,0.5911787029488658,0.5391198615722771,0.5899248289016044,0.5375684658957914
5_145_145612,0.9717275765711468,0.901501210653753,0.9571999136442142,0.8501830470290059
5_145_145707,0.9381560453362839,0.7860535155797521,0.937429167909335,0.7806421912763264
5_145_145717,0.4206610586461392,0.1725221819918036,0.4175216115629246,0.16559727503168567
5_145_145732,0.9207928935680211,0.8513298672281184,0.9022465576938562,0.8213246764197479
5_145_145766,0.4305701614009419,0.323017653782651,0.40849447513812154,0.28802718368978614
5_145_145770,0.909025227286411,0.8489872234340916,0.9057411149411625,0.8334574336063539
5_145_145834,0.9532296281034305,0.8849331058633384,0.9370975897522332,0.8432054215807077
5_145_145839,0.6856383854056468,0.45331649493412934,0.675600546688596,0.4415565930312002
5_145_145845,0.9066972724817716,0.8966079162914362,0.8846229832071123,0.8694477284242527
5_146_146158,0.9522305968629049,0.9438471596687491,0.9328291372275849,0.9183819325328759
5_146_146174,0.22850505680047595,0.12336896168795114,0.2223353886809073,0.11304139254385964
5_146_146290,0.9493398833282162,0.8401820372105474,0.9305197244834064,0.7838555265448216
5_146_146319,0.9021059056920494,0.8693718427410498,0.8789860997547015,0.841955565096061
5_146_146327,0.9375335513152115,0.8733480176211453,0.9279491745680319,0.8498032730797742
5_146_146330,0.8707904146875167,0.8495997274740249,0.8576946847960445,0.8305598094265781
5_146_146332,0.9211670004912891,0.805780173704702,0.9109941782355575,0.7868268802848242
5_146_146373,0.958432338037846,0.8145608676681418,0.9567267842341441,0.8095296953216735
5_146_146431,0.9678225335668418,0.8919560329752686,0.9580393784294738,0.8586797661578435
5_146_146464,0.3645282144374493,0.18639591599484445,0.3193241436644086,0.14229128580134065
5_146_146546,0.9566834131096958,0.8609028727770178,0.9469365426695843,0.8484381874175099
5_146_146551,0.9381007566977981,0.8117237200848227,0.9325273537754964,0.8040948927168329
5_146_146552,0.9447090577121536,0.8440909335196431,0.9399472669316438,0.8369793066380006
5_146_146553,0.9453534717851898,0.8515708957582654,0.9349774623076524,0.8209937888198757
5_146_146579,0.9193385508709921,0.8767317552089015,0.8935258842246971,0.8315332486234647
5_146_146593,0.9279347249001034,0.7727527172645426,0.9163310469959176,0.7574171845068448
5_146_146599,0.9625308920836544,0.8800676469206558,0.955432413267852,0.8521602368396707
5_146_146660,0.9112445278298937,0.7157654858089911,0.8862730806608358,0.6728400403865571
5_146_146821,0.8764414503665544,0.7910431216051436,0.8458099277771409,0.7399208063354932
5_146_146838,0.755962712954034,0.4809757046936326,0.7291070990932114,0.45356217616580313
5_146_146987,0.9330214144322476,0.8504849256154825,0.927996867881549,0.8383259529391335
5_147_147030,0.6800963505576454,0.7142121178183447,0.7121872118533592,0.7255902269399708
5_147_147073,0.920476416278486,0.8295715260122776,0.9167794877462493,0.8202907516238788
5_147_147132,0.4151711022039264,0.43732123107432974,0.4116039570877934,0.42247559487492375
5_147_147338,0.864238971959448,0.6707381140005253,0.8572388310379577,0.6430875080627821
5_147_147342,0.9336219336219336,0.8559830720732392,0.9155211024978467,0.816272076574478
5_147_147349,0.9567559611421843,0.8921158581870774,0.9372551279096566,0.8429273496133186
5_147_147364,0.9427652428929568,0.8549097960862667,0.9392805351546054,0.8462029725963771
5_147_147367,0.9110474924594857,0.8584225352112677,0.8928392839283928,0.8346434743825611
5_147_147389,0.9471278378790188,0.8644035104638828,0.944540208348947,0.8653053398523631
5_147_147394,0.9307572614107884,0.7615182919215883,0.9194227859885954,0.7239776572756554
5_147_147401,0.9138999259209374,0.8177570093457944,0.8998278031657726,0.8205458002460575
5_147_147693,0.9610779379122769,0.9047994358485087,0.9420844690821109,0.8629162625282897
5_147_147694,0.9340835094533615,0.7844277407459935,0.9421316289514596,0.8144030230361166
5_147_147712,0.8861654051440367,0.5063498448454201,0.8602189255365116,0.47886776744831416
5_147_147898,0.7589309866012659,0.4949900612551215,0.7544016764879726,0.4808000641333975
5_147_147978,0.7507606621628591,0.8314745522577832,0.7233093881595244,0.735364674710874
5_148_148004,0.8836849346480166,0.7504688086010751,0.8656708036165552,0.7093694898765732
5_148_148059,0.098447651639141,0.2244536686607252,0.09785716633253361,0.21982968369829683
5_148_148067,0.15324227661715334,0.11991475371919941,0.0846940894417911,0.1685005357051751
5_148_148183,0.6492743192995082,0.6426823529411765,0.6406605417860625,0.6096197892808062
5_148_148271,0.2149947201689546,0.0,0.21345895772757773,0.0
5_148_148348,0.8326740083395702,0.7214027088641545,0.7922685656154629,0.6903638596264461
5_148_148420,0.7911275415896488,0.8853837025316456,0.7386190814153909,0.8526462932613516
5_148_148437,0.9650672828598613,0.8991206879891777,0.9593441300987837,0.8856761141330279
5_148_148438,0.9586248859142075,0.9014999409472068,0.9482965931863727,0.8802931596091205
5_148_148493,0.9590915927207099,0.8292917166866747,0.9510601158038147,0.8051794244206704
5_148_148498,0.9537003501146928,0.899009083402147,0.9504864280566899,0.8888525126862007
5_148_148588,0.862722351121423,0.5893071316542117,0.8421165553678226,0.543541712045306
5_148_148593,0.9387361528456744,0.8762245229583546,0.9462201472436703,0.891626304023845
5_148_148599,0.7141839697583959,0.6320328297847032,0.6966286141043423,0.6047702152414194
5_148_148658,0.3928971687886972,0.007314012914282217,0.39011620482696974,0.006749740394600207
5_148_148662,0.9115883347855056,0.855731775180857,0.9023166218887819,0.8432494279176201
5_148_148710,0.9314467312348669,0.8427577207481514,0.9158170090068666,0.8075249552085999
5_148_148763,0.9571713536981264,0.8385966220498863,0.9419822104393599,0.7743625186424649
5_148_148788,0.9041693953285309,0.7907777013076394,0.880565371024735,0.7470312761331326
5_148_148954,0.8069352159468438,0.5839379190008265,0.7938076954497182,0.5690191657271703
5_149_149055,0.9534159292035398,0.9084021164021164,0.9404113627692414,0.884584881245565
5_149_149100,0.3175911785261305,0.22763102028760776,0.33565963171613555,0.21253283561454445
5_149_149153,0.9595949210918624,0.8454894912885028,0.9562213750223882,0.8299901671583088
5_149_149167,0.9626944947822283,0.8945096246635177,0.9520795380862692,0.8584919802128617
5_149_149223,0.603095260982409,0.5782214903252367,0.5951858658919784,0.5384646579342228
5_149_149420,0.9519250151179198,0.8772150307904989,0.9303192271857991,0.8233105635520859
5_149_149500,0.8298434641187233,0.8602760384224503,0.8233509103571784,0.8554275200929602
5_149_149560,0.9333839353484842,0.8849360217138426,0.9252154696132596,0.8619555894405795
5_149_149561,0.7288219241711664,0.5514208940640013,0.7266004225915139,0.5311773663540915
5_149_149641,0.8123785269083842,0.5843703492606314,0.7472429301953053,0.4836717155440971
5_149_149774,0.9428812531315103,0.8159869350282486,0.9330153517345635,0.786663204811978
5_149_149828,0.6399766786512486,0.7103510351035104,0.6150896722325294,0.67933716367713
5_149_149842,0.9454482451363794,0.8718121628249141,0.9402977740651565,0.8612041151762343
5_149_149844,0.27310766924806396,0.0036082325433709553,0.27426815309594366,0.0023075369927024144
5_149_149848,0.9134142008831142,0.7060485211033566,0.8925146807403553,0.6536683417085427
5_149_149858,0.829743263651538,0.5549940242444937,0.8129702893491584,0.5243508116937231
5_150_150008,0.6967721490334555,0.7069032845923547,0.661843630586922,0.6809513513513513
5_150_150052,0.4573771078729727,0.24395259108656978,0.44781009110021025,0.2298402985420578
5_150_150104,0.9646691126511754,0.8575296355919801,0.9565588116501369,0.8292946776287321
5_150_150118,0.9240475315447753,0.8990395988077778,0.9035502604322577,0.868699958346832
5_150_150186,0.9065441506051098,0.7703539823008849,0.8979022751758666,0.7485037013702945
5_150_150197,0.938843883015241,0.7817707287693234,0.935837074345779,0.7729610947410478
5_150_150207,0.7007367239065538,0.44271647389809315,0.6951863670310272,0.42616807938805046
5_150_150259,0.5891024148659231,0.4944577052610928,0.5809647843300688,0.476721400094601
5_150_150306,0.9170301031805127,0.8156975293236836,0.9062696582092682,0.7911345776031434
5_150_150467,0.32267681419361094,0.21160306055799197,0.29353831371607014,0.2008297935394646
5_150_150486,0.8602724795640327,0.9035554739612018,0.8410077273208426,0.87847159738468
5_150_150513,0.9469022678067662,0.8351561195525129,0.9356159365640285,0.7985781990521327
5_150_150590,0.9608256742504143,0.9053168244719592,0.9199365262550491,0.8092410944759938
5_150_150624,0.11955153872554627,0.3608757498917682,0.11939565627950897,0.3457585892368501
5_150_150633,0.3995101301882272,0.3492761590617555,0.3905644174972026,0.32946324908457625
5_150_150723,0.5954761740569616,0.5981460480252453,0.5808989141762194,0.5586295871559633
5_150_150724,0.9191193444136657,0.8330401301158429,0.9002559702961942,0.7834267671886075
5_150_150725,0.7024635071453201,0.7143497088248469,0.6828927019662715,0.6887047378850657
5_150_150853,0.8943458199734104,0.8776714225513215,0.877230278642472,0.8526004728132388
5_150_150946,0.537048533761823,0.6053850175517216,0.5108163477898539,0.5788791240455265
5_150_150979,0.49555183865415847,0.41014120667522463,0.48078411142636057,0.38052839001605604
5_150_150996,0.8957657090257255,0.5611189354572386,0.8799076762004473,0.5155630220728918
5_151_151129,0.7473644578313253,0.4244461589330982,0.7150293946057532,0.3997129529960531
5_151_151131,0.9816335004950969,0.90357230043128,0.9597765711789303,0.8105713412771158
5_151_151134,0.9049434117164136,0.857039562028716,0.890950744558992,0.8322351748606184
5_151_151210,0.963212055320978,0.8914309484193012,0.9383952744277627,0.8079705321084631
5_151_151223,0.9191757846817347,0.7546343860276054,0.9108424234459193,0.7406877431471627
5_151_151224,0.9557868491244347,0.863816865218407,0.9422901459854015,0.8231791113147046
5_151_151237,0.8625185416504021,0.8515637837541765,0.8494673104928336,0.8353398477568429
5_151_151238,0.8909195733640819,0.8171487603305785,0.8586425238835814,0.7608836907082521
5_151_151244,0.8916164891153312,0.7895234876647516,0.8601194257400584,0.7221155077474709
5_151_151256,0.9685663058033182,0.8372093023255814,0.960816491693456,0.796515379651538
5_151_151334,0.9727114124888904,0.909393773894047,0.959359326969746,0.8692041522491349
5_151_151463,0.9715302491103203,0.9004399265365395,0.9607069957320468,0.8626124232999915
5_151_151526,0.8342608695652174,0.5007330303474564,0.8461033913127975,0.4810424822386545
5_151_151533,0.8650016503465727,0.880984004157764,0.8521004763967085,0.8671492077966488
5_151_151548,0.8857228147303862,0.8554557851133352,0.8533072916666666,0.7959070935342122
5_151_151641,0.8762553428084929,0.6577826216189439,0.8539177971249241,0.6058091286307054
5_151_151669,0.9333299456273184,0.8176517746519933,0.9117574925197429,0.7312592384036039
5_151_151683,0.5461725568750895,0.2573113873975699,0.5374513892802796,0.2430395867973255
5_151_151771,0.7307065876563745,0.5190653109112241,0.7076268346625562,0.49285623571247145
5_151_151933,0.9474725981641389,0.7821159344944112,0.9342393686979396,0.7379806474492122
5_151_151965,0.9544536391477162,0.7785344189489267,0.9400229577195331,0.7324143811283217
5_152_152074,0.8701907267346267,0.8653609401231114,0.8521160628406541,0.8460138934832947
5_152_152103,0.796251471935104,0.6297441998810231,0.7709603056809928,0.5854616132167153
5_152_152125,0.9255698625369758,0.8202042506210323,0.9257726626147679,0.8161744561941812
5_152_152191,0.9480908804039129,0.8602486143249206,0.9395666601600625,0.8379251880894352
5_152_152323,0.926133999167707,0.7944197132742122,0.9148231856265553,0.7650299566145582
5_152_152335,0.7630498389515872,0.842319208783232,0.7583504655943887,0.807433532284319
5_152_152353,0.9569117846948484,0.841045527424587,0.9561613663588238,0.8374585923251573
5_152_152356,0.9256551324743014,0.8102744278795936,0.8980686319183988,0.7517288756583467
5_152_152357,0.9531062244652728,0.8625113262435024,0.9447852760736196,0.8414674399962276
5_152_152370,0.14550151813775103,0.07989374744585206,0.145205406697294,0.0757444642402647
5_152_152379,0.9050851109674639,0.8539605216420562,0.8937300743889479,0.8363663558857257
5_152_152424,0.8875107730355604,0.73814696485623,0.8759008677746728,0.7098659763684189
5_152_152463,0.8950924608819346,0.9177192019037159,0.8575803981623277,0.8847390993566834
5_152_152639,0.8440568233500093,0.5645590440714043,0.8081358509694588,0.4459961372752934
5_152_152659,0.87950580408662,0.8195186458608834,0.8364645877719672,0.7430072554415812
5_152_152697,0.971705891170739,0.8285681346552917,0.963407385392674,0.7529438405797102
5_152_152703,0.8586173385610402,0.7112594414192869,0.8352013554020592,0.6797286594814228
5_152_152765,0.9621788998072609,0.883030271453134,0.9515715803286884,0.8520921677821489
5_152_152787,0.9433719635548168,0.5753373156773466,0.9385440875980721,0.5465582029153074
5_152_152955,0.46225947456175925,0.607573327815426,0.4529297906035545,0.5827210539650367
5_153_153003,0.20386257838648866,0.3646770992014033,0.1890287258248009,0.3632551495322796
5_153_153355,0.8982723053120165,0.8524125719344843,0.8725588382573861,0.8144463667820069
5_153_153455,0.8658896913985554,0.8741588156123823,0.8407896831714695,0.8239309210526315
5_153_153554,0.20626205046525276,0.244401367137683,0.20552407734822012,0.23906749961907664
5_153_153651,0.7625230514470663,0.6388431526952538,0.7497687839887537,0.621106166560712
5_153_153790,0.8496600913852669,0.8714125280758672,0.8292868807838868,0.854417609293794
5_153_153805,0.5190277636530052,0.4238838084991931,0.4908368503098742,0.382072580474711
5_153_153857,0.853704962610469,0.7911983234901886,0.8334880021211719,0.7609805924412666
5_153_153860,0.8895812201130271,0.8752874764791971,0.859101029780128,0.8315037018126117
5_153_153872,0.8291761602110564,0.6832196646774652,0.8031244555432951,0.645956743353079
5_153_153947,0.9752986512524084,0.8212884354712136,0.9698745571196017,0.7527875793930839
5_153_153969,0.5943200801871033,0.46929501351019404,0.5942505888051848,0.4699440052700922
5_154_154001,0.9191320819700362,0.690436023877498,0.9019309972317872,0.6404961240310078
5_154_154018,0.5323298554608978,0.45338105916853544,0.5230451516004881,0.40976910177580944
5_154_154148,0.9163645614704573,0.7959058759521219,0.9026445264452645,0.7673208640674394
5_154_154155,0.5740960989533778,0.5872256105406727,0.5482802407110915,0.5739941632785414
5_154_154276,0.8347000876785806,0.6361746361746362,0.7950807599783986,0.5653545993432556
5_154_154290,0.940826165043955,0.8753709198813057,0.9281389716840537,0.843317230273752
5_154_154292,0.9285954763872311,0.7844435250310302,0.9254187997940081,0.7733958741290587
5_154_154297,0.9370979270907791,0.861611094718206,0.9199957159687265,0.8317112733171127
5_154_154324,0.9488505923046313,0.897742363877822,0.9407681348328231,0.895379108363163
5_154_154523,0.9107554718757355,0.8634841963392896,0.898325469516144,0.7927815538157102
5_154_154579,0.26177449552735593,0.0,0.2590876802866055,0.0
5_154_154580,0.36778846153846156,0.0,0.36778846153846156,0.0
5_154_154588,0.900961710769966,0.8308554190907133,0.8902525371725277,0.8141710519321745
5_154_154657,0.8337431083296081,0.6862131762185324,0.80851485505288,0.6509007561639141
5_154_154732,0.9725464409008713,0.9088215321933453,0.9667061562972343,0.8919364691508858
5_154_154733,0.9752200847733942,0.9264862161655311,0.9715664800843676,0.9123599678158074
5_154_154914,0.8790814035537879,0.7953791421833153,0.8535134465237328,0.7691736667317836
5_155_155012,0.7859709861328015,0.5777162846551455,0.7643141989536458,0.5087609209827678
5_155_155026,0.9763857868020305,0.8764135702746365,0.9709843513377082,0.8490165933308593
5_155_155028,0.6712469941600825,0.6187375225781918,0.6569893457886864,0.5825510767531751
5_155_155096,0.31136811023622046,0.0,0.31136811023622046,0.0
5_155_155113,0.9283826151103461,0.8435244967717432,0.9325691166554282,0.8546564885496183
5_155_155118,0.9108941238287065,0.8442551849223248,0.9031700038922286,0.8291893998441153
5_155_155145,0.952076276502321,0.865230708428021,0.9459145582745748,0.8693826543364159
5_155_155196,0.9079154104208247,0.678690765492102,0.8969900367068694,0.6460446624307955
5_155_155204,0.7928951474176901,0.5649947631793321,0.789413988657845,0.5476561148590209
5_155_155206,0.9037981252635334,0.8970807638750746,0.8879941434846267,0.869466376591948
5_155_155260,0.785206890427988,0.5186333287913885,0.7668853501343892,0.48793521192206846
5_155_155261,0.9392636795792455,0.7698300683114097,0.9335244850222592,0.7647058823529411
5_155_155333,0.8749031157960007,0.8621914564167957,0.8703759854457247,0.854468923517822
5_155_155335,0.9221028758622862,0.8824037345853909,0.9107414891963315,0.8649080309846408
5_155_155340,0.9235887646577584,0.8596455175956845,0.8992901038355584,0.8075452716297786
5_155_155413,0.9270129368603978,0.8765809217577706,0.8997470541057437,0.848705109567652
5_155_155420,0.8825476267355505,0.8489789329243684,0.8514543474879452,0.8030612779787178
5_155_155451,0.7926937794785085,0.6382427154263592,0.7674077904170975,0.6083395132474887
5_155_155459,0.9216835197214224,0.7205801358545989,0.9056374161294567,0.6697968343964091
5_155_155509,0.7598132204873778,0.8755255850852837,0.727107761027359,0.8209647495361782
5_155_155514,0.9279841656516443,0.8905895977040431,0.9040236978523821,0.8486376418113061
5_155_155658,0.9479375868994284,0.7854684943870931,0.9462904427826176,0.7874091734786558
5_155_155745,0.8901183431952663,0.8656461821609732,0.8721382783882784,0.8414364151611761
5_155_155855,0.9446426152526302,0.8898080741230973,0.9293063098865192,0.8571761960326721
5_155_155885,0.3490657175543409,0.6169653035573354,0.3441771391378361,0.5815673032137867
5_155_155983,0.8210533337780594,0.7590776339305174,0.8098679456014717,0.7332275903459511
5_156_156109,0.9754611775687161,0.9035109136188291,0.9683491831260668,0.8758826072337769
5_156_156160,0.5647871480296692,0.45371794871794874,0.557746038908075,0.4528616573033708
5_156_156251,0.5336374439375935,0.49613892615016497,0.4992110736570322,0.48300847764654736
5_156_156260,0.868421052631579,0.5676710386387805,0.8535142588780751,0.5450356244018291
5_156_156392,0.9410282056411282,0.8979513835804923,0.9362090880203369,0.8851797367130625
5_156_156402,0.8866790305045725,0.8368602362204725,0.8684832648998383,0.8125
5_156_156422,0.921277630484916,0.8395899833655532,0.8909126755436926,0.7779547487618091
5_156_156485,0.7291591483219054,0.5268505079825835,0.7212353833794519,0.5219003476245655
5_156_156556,0.12319850115295926,0.25913818722139675,0.12135256561834949,0.2414404825261664
5_156_156576,0.771944095245138,0.45497685863260884,0.7606454667977999,0.4480097481722177
5_156_156589,0.4782395287958115,0.41828342950611114,0.4607298925239164,0.38889857093063784
5_156_156747,0.9735540743926038,0.9005374467788092,0.9693859431047341,0.8877297222606052
5_156_156884,0.9478645272956916,0.7609525949224893,0.9391815300622296,0.7113694515518968
5_156_156914,0.9603480508689731,0.8944760877624617,0.9474749772520473,0.8381732039836272
5_156_156935,0.9261902496273036,0.8056344889177559,0.9235454802348583,0.8014175828601345
5_157_157051,0.9412481536189069,0.876117919841007,0.9162875667156213,0.8291849457400139
5_157_157137,0.7455318457538995,0.6372163001376484,0.7337007161302346,0.6156196836998299
5_157_157174,0.8752941176470588,0.654349844705581,0.8734508379303644,0.6489562354144689
5_157_157199,0.9859736103048464,0.8077406814543792,0.9813950584526058,0.7768148564997186
5_157_157291,0.9444949764242178,0.7357248642422248,0.9351381489282616,0.7187772340282899
5_157_157343,0.9500451646456628,0.8068227968051983,0.9321798197523601,0.7498188019612023
5_157_157357,0.9822465073455826,0.8545517063526176,0.9813642265055428,0.8471518171664232
5_157_157397,0.9579631692092517,0.8484124878393915,0.9534128121162505,0.8315129183664517
5_157_157409,0.9622090397181486,0.8690997836818459,0.9524532571156366,0.8357624537742006
5_157_157410,0.3832669108143042,0.4300605615709304,0.3567167919799499,0.3783840139009557
5_157_157450,0.9556902101874645,0.9031246938975414,0.9483061293093789,0.8801662880069608
5_157_157466,0.828801512780386,0.7256962923540891,0.7877100129238722,0.7653167185877466
5_157_157483,0.8911764705882353,0.8482862717667415,0.8793572311495673,0.8284517317346238
5_157_157542,0.9190636153684653,0.8320322180916977,0.901040073416947,0.7902994869347333
5_157_157619,0.8419126058110272,0.7916390977443609,0.8130338733431517,0.7470821661998133
5_157_157620,0.9032290114257328,0.9037486701295451,0.8994860644396125,0.8981014628073452
5_157_157631,0.9404467403958091,0.8262014837114289,0.9148350679132122,0.7609478574038311
5_157_157653,0.9514102091776168,0.827259875912982,0.9320294966335364,0.7635367466465143
5_157_157860,0.6549227257418703,0.6157604702424688,0.641253388030181,0.5722709621746009
5_158_158013,0.9401405015123426,0.9111373823949559,0.9213135068153655,0.8737901664730933
5_158_158057,0.9482664005986531,0.8437334543529234,0.9207633070179687,0.7705784405994354
5_158_158124,0.8893367111929986,0.9021139705882353,0.86983842010772,0.8859899002978118
5_158_158155,0.8548734518039849,0.905982905982906,0.8444679165566411,0.898648944077653
5_158_158233,0.6922250397558775,0.4840755735492578,0.6353510705289672,0.4431927904731252
5_158_158271,0.9740708401351506,0.9166938908853316,0.9599820480215424,0.8786750545641289
5_158_158297,0.8648519754943321,0.7191449963771033,0.8587716741949585,0.7118987140816002
5_158_158331,0.8929065402094448,0.856034306718399,0.8802433972035215,0.8387112962312441
5_158_158352,0.9141023069207623,0.7668404810045759,0.9003547497043752,0.7421535237097197
5_158_158364,0.933435306328699,0.7016981877221466,0.9309407140164773,0.6929740553717569
5_158_158449,0.9256933903684283,0.8562146300565919,0.918286339994525,0.8421307171479895
5_158_158540,0.5756177873041021,0.4609179950067217,0.5718953744663142,0.4422967162588943
5_158_158683,0.8910369759126096,0.6871636930048145,0.8740189057576626,0.6632809773123909
5_158_158727,0.930975020939055,0.8057092921642878,0.9315555988885097,0.7939089619037223
5_158_158836,0.15264219661788,0.11277588889529189,0.15242344352058407,0.10972668810289389
5_159_159008,0.9563937934724451,0.8725281116711904,0.9499966797264094,0.855140635499664
5_159_159009,0.9611751351559343,0.8229211546747092,0.9559099078429123,0.8023078228406584
5_159_159069,0.8933227525223898,0.867824074074074,0.8954893051091655,0.8739970963551617
5_159_159091,0.18238665971860343,0.4199432770400928,0.1816857056715018,0.4133779694843237
5_159_159148,0.9275862068965517,0.9016314779270633,0.9116266944734098,0.8781314748540214
5_159_159161,0.9347237269772481,0.8697688944409744,0.9214539007092198,0.836613972463029
5_159_159257,0.9666914155508334,0.8607239330091843,0.9648639077203278,0.854681647940075
5_159_159364,0.9097765760637541,0.8970814132104454,0.8897845726198749,0.8757886806667294
5_159_159443,0.895148756660746,0.8031077734281378,0.8752759976304594,0.8073319755600815
5_159_159505,0.981587468276888,0.9065221899626711,0.9778936173922139,0.8822773091956387
5_159_159649,0.9460537077426391,0.8981803387824543,0.9324637000771269,0.8715335905087707
5_159_159663,0.9758214507129572,0.8724086641256856,0.9738776104198501,0.8662637818886377
5_159_159681,0.720184723252208,0.5030607439962329,0.6984215170430407,0.4822286851369968
5_159_159803,0.2800594255529878,0.0,0.2720479763966391,0.0
5_159_159913,0.9562356979405034,0.853484602917342,0.9429296728093268,0.806970509383378
5_159_159925,0.8897690881510197,0.8915901996026866,0.8816686056174173,0.8809878844361603
5_159_159927,0.8307121442964565,0.744383445945946,0.8205264944005429,0.7236771559368169
5_159_159951,0.8621604883659205,0.8931455897980871,0.8517259414225942,0.882017176372015
5_160_160012,0.9611536019831313,0.8704892627850344,0.9519250904957071,0.8453467402590306
5_160_160069,0.9518173565112135,0.8745319398647515,0.9401898838863343,0.8368292018523563
5_160_160098,0.929331678513671,0.7690379191476027,0.9225435669262143,0.7461604619732154
5_160_160104,0.9582543348615947,0.8086637073320068,0.9487922046948997,0.7867212369258754
5_160_160115,0.31658173779459703,0.21608718214841724,0.3296844273808409,0.19082499398191136
5_160_160128,0.5380151861799132,0.5964273474982865,0.5185208838932175,0.6161750082863772
5_160_160129,0.8739901650860555,0.7969388725163989,0.8529687766592732,0.7714709243074642
5_160_160230,0.9347735465044996,0.8612161076222506,0.9131944444444444,0.8084945013272659
5_160_160233,0.37715761869349096,0.5202074982315492,0.3741053244108234,0.5062559694364852
5_160_160300,0.9660512033978291,0.8954817637452368,0.9517649447457726,0.8520806672256299
5_160_160330,0.9515849014336918,0.8818526955201215,0.9363038030457412,0.8410960944190029
5_160_160343,0.9696316123938454,0.887478944413251,0.9647581308983709,0.8681465038845727
5_160_160348,0.6982504039672368,0.506218332565638,0.6858307793345009,0.4614935560644843
5_160_160350,0.7145484437261403,0.5561838133116105,0.6992721027234808,0.5061556329849013
5_160_160390,0.9661871318531944,0.8041131105398458,0.9598931233300521,0.7697441601779755
5_160_160391,0.638078838018942,0.6577728660141038,0.6183770968784799,0.6188215870395212
5_160_160395,0.7839223961080828,0.5593400081095412,0.7262841026197321,0.5017066837821279
5_160_160397,0.9581389148113585,0.82615022172949,0.9493796198521647,0.7903181941800381
5_160_160431,0.9530023301666966,0.8100823155969226,0.9469785575048733,0.7899957109157195
5_160_160446,0.24889819648048012,0.3327310875393403,0.2477366767258812,0.32681096681096683
5_160_160462,0.958577152575596,0.8554913294797688,0.949018826008943,0.8247130508714752
5_160_160469,0.35643017133548593,0.4866066811459303,0.3542305245503441,0.4693835651593697
5_160_160480,0.947879144306403,0.8265492293173954,0.9395440308835312,0.8002832861189801
5_160_160595,0.9582963620230701,0.8462826056632724,0.9494497936726273,0.8134043134043134
5_160_160618,0.9768053728449768,0.911835808377325,0.9661751951431049,0.8747215496368038
5_160_160680,0.9622418879056047,0.8726170385649104,0.9512803819444444,0.8415270361504941
5_160_160682,0.9633783423647508,0.8310020762758169,0.9577427532238509,0.8032169562644574
5_160_160777,0.9704755955129424,0.8785834738617201,0.9683651747460321,0.8637769125057261
5_160_160822,0.8895921237693389,0.7953028135431569,0.8669309785546946,0.7491769389786387
5_160_160866,0.9504536771728749,0.8985945093918297,0.9358636443507292,0.8653241839286859
5_160_160877,0.8683176100628931,0.604522303688364,0.8456798968333572,0.5703900613030977
5_160_160955,0.5326400536732641,0.6774050479800016,0.5047159325478738,0.6318230604109168
5_161_161112,0.8114468864468865,0.8808052434456929,0.7979106628242075,0.8646640826873385
5_161_161126,0.7829982139770698,0.6051577955723033,0.7541306276336216,0.5581535633240456
5_161_161211,0.895468820098699,0.8218575648178537,0.848153118158062,0.7427588364091335
5_161_161406,0.9786650358203739,0.9031442893243299,0.972111346360765,0.8744788686340227
5_161_161511,0.8998169412547845,0.603258679256146,0.8810382706338659,0.5463554283197534
5_161_161761,0.9389321112650538,0.7847234416154522,0.9331780154611882,0.7546352451914746
5_161_161901,0.9651474530831099,0.8750850384635512,0.9560864169675091,0.8433151221523554
5_161_161904,0.9342857142857143,0.8539543710549115,0.9247038327526133,0.8303163731245923
5_161_161922,0.9496452721427779,0.8796794339554529,0.9276201818969251,0.8237427806733343
5_161_161927,0.9444765342960288,0.8945642620512474,0.8998740409939311,0.7556318953557508
5_161_161952,0.7049771409718621,0.5205192346697316,0.6809852261603951,0.48416110045631905
5_161_161972,0.43971398343730617,0.1447639948901045,0.4012964814396749,0.14307519042114936
5_161_161983,0.9208284462003827,0.8153266804744869,0.9152070063694268,0.8007551119584314
5_161_161998,0.47839944569547893,0.459708487231423,0.4669820885434268,0.44275345352376494
5_162_162074,0.9256201250790528,0.7840473880406476,0.9164440791726594,0.7544624949859607
5_162_162079,0.8038003076134325,0.610049455984174,0.7802208054734878,0.5756976744186046
5_162_162119,0.9531337846043133,0.7928985217738713,0.9403607641277096,0.7405277401894452
5_162_162125,0.718123400963884,0.5282505105513955,0.6979284042645402,0.5135861772297103
5_162_162126,0.8755544826337548,0.5757664661874725,0.857772127948915,0.5435950339724663
5_162_162166,0.9726767971946231,0.9090601615017122,0.9590529648819804,0.8659585021079607
5_162_162198,0.5663158671223782,0.31010421657882126,0.556598757824017,0.28939742479012937
5_162_162224,0.16237012987012986,0.12284569563097535,0.16102578916117022,0.12504238724991523
5_162_162225,0.8310033744232491,0.9066781436051933,0.8199674884855053,0.8946509068966741
5_162_162283,0.9095951401728106,0.7655657823497564,0.9058501257082817,0.7597020012660077
5_162_162325,0.9619905148120146,0.9024358130348914,0.9488917508303396,0.8762551939058172
5_162_162349,0.9330148336228785,0.8101403978766681,0.9211570627398249,0.7807788944723618
5_162_162354,0.9373947335989812,0.8780374029939358,0.9187188153870915,0.8355171566620261
5_162_162366,0.9289159796526925,0.878755061681891,0.9142475665431993,0.8461396720103188
5_162_162402,0.9033505939689308,0.7868588597181486,0.8751879699248121,0.745135778275476
5_162_162408,0.6632342883197812,0.5136626265259133,0.6533782519183979,0.49513978494623656
5_162_162434,0.9573634109271258,0.8794711368197379,0.947042097780586,0.8514172862453532
5_162_162516,0.8275636380636264,0.5832395106207311,0.7858535720616912,0.5047799209539574
5_162_162517,0.9772902035166863,0.9173093003809347,0.9596778253209162,0.8599076704545454
5_162_162550,0.9250685871056241,0.7804714499406818,0.9103415878128984,0.7413920496527264
5_162_162556,0.7203160436023118,0.7410253634953278,0.6873996509598603,0.7173767958129895
5_162_162567,0.49418890585768643,0.5052323297260617,0.49469525228317895,0.5040459130930738
5_162_162596,0.9426754966887417,0.8790184189452008,0.9410994764397905,0.8742270380666024
5_162_162652,0.8988918609094383,0.8733848814731916,0.8941766762961837,0.8665487620010106
5_162_162691,0.8626488277893704,0.6177021202490313,0.8485075521457685,0.5825828341641185
5_162_162733,0.27866294737837455,0.5130892032987818,0.2744934002602714,0.5252205292702486
5_162_162776,0.944848234565352,0.7662547265516924,0.9154493315481306,0.6812880996554466
5_162_162830,0.8697758496023138,0.6330182832352029,0.8664516899558103,0.6325928762926082
5_162_162831,0.5795532194480946,0.39144832959968834,0.55673633845379,0.3624515345447751
5_162_162862,0.9617377441211639,0.808441417602915,0.9597751837440553,0.8000172958014442
5_162_162913,0.8066020648433255,0.6104093567251462,0.7751430553147217,0.5689571784664608
5_162_162941,0.7705039940509032,0.5874679711157699,0.7648428405122235,0.551030519223147
5_162_162967,0.9318863708905203,0.8179238374221897,0.9147189673538443,0.7701072980402589
5_163_163052,0.3778284293410692,0.2723806730698732,0.37056867039831265,0.2679572811372647
5_163_163074,0.8456421627153334,0.6264380530973451,0.8484937238493724,0.6124883196833947
5_163_163078,0.32283188870387947,0.1676075990125577,0.3228245985310594,0.16880571945389553
5_163_163079,0.8844295880957516,0.7173236745033554,0.8750766087844739,0.6618079954420283
5_163_163129,0.8738266151297626,0.7928491261824595,0.8672655145684192,0.7794920484215523
5_163_163211,0.6218217654512178,0.46176714601769914,0.6008526584478358,0.4321299760676846
5_163_163223,0.8570549630844955,0.7774485054695789,0.8176095710990343,0.7275189792208718
5_163_163229,0.9517395392571697,0.8172909115317493,0.9451199702974892,0.7963995609220637
5_163_163256,0.9272224143894846,0.8774720038122469,0.9153442756929783,0.8542581211589113
5_163_163374,0.8903037209532775,0.7988159480274533,0.8860778148948713,0.7901799646312285
5_163_163434,0.9564644342847729,0.8564109570325842,0.9558363516628251,0.8509895227008148
5_163_163456,0.9564155449413808,0.8180091609875991,0.9573092903891589,0.8237677245104659
5_163_163463,0.8596179183135705,0.769874264854999,0.8453575102880658,0.74805949221293
5_163_163464,0.5610527215243954,0.5895598385697582,0.4879716196740697,0.5346286430586024
5_163_163465,0.5494965695446851,0.3258641239570918,0.5285084905256855,0.296964057229266
5_163_163466,0.3355242368703786,0.3904183605207637,0.32937308062164594,0.38698673726548377
5_163_163539,0.9129455909943714,0.9144432586268232,0.9040974529346623,0.9024904466991699
5_163_163578,0.9449785585834832,0.8044424348612446,0.9330671035565568,0.7628473753859727
5_163_163588,0.9214469867869803,0.8403700104380376,0.9049624538122293,0.8324467122643217
5_163_163594,0.9359527326440177,0.8380300957592339,0.9295971164467182,0.812444126586805
5_163_163607,0.8210759784696113,0.49675341275116314,0.8090187090240393,0.49291330159918706
5_163_163674,0.9656418951342014,0.892378990731205,0.9569940146309023,0.8665149215983814
5_163_163675,0.9030489636527486,0.7930045871559633,0.8893322987104164,0.7661709587716117
5_163_163692,0.8547672784567559,0.758132364277062,0.8417877937418842,0.7451737451737451
5_163_163696,0.3702181546077246,0.4512979809185711,0.3694186300299817,0.43996990750984644
5_163_163713,0.9052403846153846,0.8825115289109613,0.8742812094231126,0.8389915385943706
5_163_163729,0.9441846582429609,0.8925022583559169,0.9345647474945962,0.8690535060824844
5_163_163896,0.9203113417346183,0.8561842724846963,0.9153560456692191,0.8690697486462459
5_163_163956,0.9390423726455778,0.7660849732138121,0.9287712561711464,0.7283925059517649
5_163_163957,0.9282498123905611,0.6868483465342105,0.9245930797708424,0.6737256288960608
5_163_163966,0.2860034207525656,0.5533515731874145,0.27419267299864314,0.44935805991440797
5_163_163989,0.9576441847413423,0.8803332491795002,0.944840147006212,0.8283499446290143
5_164_164002,0.9669898430286242,0.9000693361067776,0.954607586285454,0.8641902183110509
5_164_164088,0.9677313137965097,0.8952922955012066,0.9612458859173042,0.8735269061479484
5_164_164187,0.9643630635951959,0.8789584322235031,0.9445451390227912,0.8073441944659943
5_164_164212,0.9020649201379256,0.77306519252764,0.8800757253795928,0.7284058504277435
5_164_164224,0.9694172339365764,0.8770596543143453,0.9688273132112816,0.8745071834279987
5_164_164225,0.7622768817667005,0.38753374698053333,0.7393880219107353,0.421045507458242
5_164_164379,0.9708542713567839,0.8955860920258172,0.9528797243340809,0.8249208234362628
5_164_164390,0.30316708041826523,0.09933808815229103,0.29146925130474516,0.08707472425042721
5_164_164391,0.9097287375076484,0.8258325015878777,0.8912038881364035,0.7948638063022966
5_164_164392,0.9142384301672676,0.8668647505856808,0.8949740034662045,0.8298230834035384
5_164_164407,0.8676967154404993,0.840215545012593,0.8370996266457065,0.7920270569971168
5_164_164441,0.9043960265627573,0.7723024054982818,0.9046638860300092,0.7712494035853044
5_164_164442,0.945901493598862,0.8645216435679834,0.9229175658178679,0.8036591864527207
5_164_164467,0.8619327282434597,0.9070316842690384,0.8516280281323261,0.9020469844758895
5_164_164472,0.9563326953482566,0.8600148656779811,0.9537783844149398,0.8514219588315741
5_164_164570,0.9692777451556077,0.875364564345607,0.9616396879003144,0.8559429764823391
5_164_164571,0.8162600626805138,0.6364363927389137,0.797059705970597,0.6006413952147593
5_164_164581,0.9537161883272337,0.8506835891932247,0.9251134240725915,0.7576450542552238
5_164_164583,0.9095111026398551,0.7154116648478235,0.9203264304920044,0.7366013475922606
5_164_164617,0.4180255340664897,0.6121918235722459,0.4139497728293974,0.6001033947957953
5_164_164621,0.853812358276644,0.6604306533486164,0.8355910059822595,0.650068015994064
5_164_164643,0.8043996532293021,0.584597280334728,0.7966854604476337,0.5437134318306184
5_164_164666,0.861105307145842,0.7876653022670025,0.8593581514762516,0.8025605926403092
5_164_164713,0.9629641998397008,0.8717799277305047,0.9510158458807285,0.828048641891124
5_164_164750,0.9641590006161168,0.8649416755037116,0.9527526015441423,0.8215155895106339
5_164_164763,0.9494285033932611,0.8473614909348729,0.9316137296573408,0.7966176687478491
5_164_164832,0.9142213372458604,0.7594329642428944,0.9184830215901478,0.7674847884050044
5_164_164923,0.798625665000806,0.6130653266331658,0.792937174869948,0.5824828709692875
5_164_164983,0.9056491485075994,0.7336003677194826,0.8809682433932934,0.6646807976922112
5_165_165000,0.9639295826665025,0.874389916867793,0.9563093540459359,0.851532313555285
5_165_165017,0.8934391623743984,0.9155702792238524,0.8751134956665291,0.8975858519696828
5_165_165110,0.9615508318470221,0.90306839798197,0.945044864260528,0.8578397774462767
5_165_165210,0.9637710095473191,0.8701315367340391,0.9505974674514001,0.8245983998015257
5_165_165306,0.9430980637101811,0.8459272097053726,0.9155899046008936,0.7741775908978481
5_165_165503,0.5686551224349683,0.6181762545899633,0.5247476505395058,0.5988595512582124
5_165_165607,0.5099207627391612,0.4515029047739328,0.46535057069648267,0.4328864328550347
5_165_165655,0.889617655002122,0.8490195457281338,0.8534942256440627,0.7892987908064367
5_165_165714,0.9020363899264972,0.7090154987993887,0.8928005702518612,0.6823700042973786
5_165_165717,0.9042142636616239,0.6749222504947696,0.8817884159421926,0.6294762086444651
5_165_165737,0.8406829100892245,0.6672019985724482,0.8462186289371737,0.677675622601089
5_165_165911,0.9203725751103018,0.8434952144629564,0.9079864706288396,0.839806683562209
5_165_165988,0.9396029311088009,0.7740028832292167,0.9223614039439415,0.6836009476177941
5_166_166065,0.9371995867211715,0.8802368350228761,0.9302781740370899,0.8686599038974907
5_166_166071,0.8733510443385856,0.7175590701219512,0.8768053993250844,0.7175832613494577
5_166_166189,0.9708491400211072,0.8934169278996865,0.9615243368456736,0.8633257403189066
5_166_166191,0.9288204452496638,0.774556725466065,0.9191864406779661,0.7407982950761444
5_166_166319,0.7762129001598479,0.6259329123267449,0.759993232096781,0.6052811657207262
5_166_166408,0.9503762398814274,0.8282279563402243,0.9458478636840464,0.7974072065854981
5_166_166487,0.974059373860921,0.9105723057545462,0.9611543838625923,0.8694330035798145
5_166_166543,0.6793560867762886,0.5323075424842967,0.6485099664495757,0.5131130467714448
5_166_166575,0.7327321685766172,0.5674192677880723,0.7692767114259824,0.5356659419992617
5_166_166633,0.4898120325488562,0.5591699116725235,0.4854782608695652,0.5582810236600676
5_166_166643,0.8575805936801787,0.8507538111681967,0.8649167733674776,0.8630924891893027
5_166_166666,0.9363357311901024,0.8311915071937421,0.9139858700871116,0.7762884136566731
5_166_166681,0.9575,0.8830978723404256,0.9415345413363534,0.8375523221048435
5_166_166694,0.9421585843576928,0.7681904549010842,0.9292066027689031,0.655952969617054
5_166_166776,0.502365730375978,0.32789379672304675,0.48061264909114915,0.3209333858198837
5_166_166827,0.9508516120922632,0.36244572822849763,0.9730325856257023,0.6910770928147841
5_166_166915,0.9012304143035663,0.9274420619449859,0.8913526547208169,0.919001774861507
5_166_166949,0.9117282210318579,0.8616842511225586,0.9025750596592486,0.8475611433602025
5_166_166997,0.9766727544413083,0.917942302031204,0.9627463809601701,0.8722829947435715
5_167_167128,0.801047316252104,0.6166169256629275,0.7788377829367382,0.6005706134094151
5_167_167168,0.47195457154076176,0.5986543611535312,0.40962501277204455,0.46955495692054233
5_167_167181,0.4778879061291613,0.49458979328165376,0.46976643128734386,0.4543937109627396
5_167_167245,0.9613078548936721,0.8849602543720191,0.9570352618966107,0.8741959894059781
5_167_167302,0.9303750357858575,0.9074846625766871,0.9135809406079677,0.885967028548452
5_167_167321,0.9723537970960652,0.8806692039327625,0.9605961024073366,0.8370110916520724
5_167_167349,0.914805716837874,0.9274351339855381,0.8801502145922747,0.8894717277270662
5_167_167368,0.7833037743861314,0.6606023676880223,0.7922203971927729,0.6586430098826793
5_167_167534,0.17353348729792148,0.20742971887550202,0.15865932797477442,0.2126742541585292
5_167_167613,0.9054326801782862,0.8501097635584985,0.8954392383486467,0.8345280340667139
5_167_167664,0.9244259836160148,0.8733501051107971,0.9184317602768377,0.8609126645017946
5_167_167742,0.8820313147212328,0.8580617495711835,0.8661731207289294,0.8403508771929824
5_167_167757,0.9708831058020477,0.8863464026049334,0.9598574771773735,0.8457010812696198
5_167_167828,0.9461804864456033,0.8774808410296718,0.9295731118408345,0.8331973703152743
5_167_167846,0.8094025011579435,0.8395347457124206,0.801930721181147,0.8278583119008651
5_167_167878,0.8561783778981967,0.8545962326935647,0.8413419535208807,0.8480744317512661
5_167_167879,0.9340825861851244,0.8569437791229368,0.9138980263157894,0.8165906623235614
5_167_167881,0.918377063055438,0.8522970313970399,0.8987064469017317,0.8199204854572086
5_167_167975,0.9259741910876613,0.826044136421667,0.8975755338133038,0.7732016726991602
5_167_167984,0.9670810087762226,0.8903278978042032,0.9551082097951571,0.8499798514765989
5_167_167989,0.909171205652878,0.8444243352359738,0.9005681818181818,0.8283715187268487
5_167_167993,0.9629629629629629,0.877094109472709,0.9434542949012402,0.8199002753590832
5_168_168039,0.7362955807775899,0.7408875523965737,0.7211098849125019,0.7229958935904303
5_168_168042,0.9292614284627672,0.874864950746743,0.9055596738324685,0.8360302713345229
5_168_168077,0.870635734158944,0.7444262098226794,0.8543569742379143,0.7064842402383565
5_168_168126,0.9683329511579913,0.8746890693199418,0.959929126345918,0.8422696990581209
5_168_168130,0.4482782204288206,0.7786890206996732,0.4446475107455918,0.7792349066296005
5_168_168177,0.9233461332814854,0.9219379294006159,0.8993241007704306,0.8890484321639243
5_168_168178,0.955372256932689,0.8343462302184247,0.9445727482678984,0.8056762063425954
5_168_168234,0.49565149867991926,0.7057368756323303,0.4877713237542036,0.7003166325200223
5_168_168242,0.8154984517633812,0.5470363010710997,0.7517606938987323,0.4459654829673805
5_168_168277,0.9089169536930731,0.8307498292259997,0.8873487231433598,0.7895089055904458
5_168_168383,0.11590149176954732,0.05731668267691323,0.1115983902590032,0.05238269944152297
5_168_168405,0.9584112821988775,0.7975853331345953,0.9511244621255176,0.7650440968669298
5_168_168407,0.3512381456653083,0.0048602265871153716,0.35078044588814083,0.004766700234978181
5_168_168420,0.9301605726446122,0.8327182817920141,0.9276050016030779,0.8287560581583199
5_168_168519,0.9406266228146096,0.8832455592252075,0.9327096386576259,0.8639767421372566
5_168_168533,0.964452778449875,0.8661681928925481,0.9606316592090214,0.8595475188533811
5_168_168608,0.9231382272204021,0.875967596759676,0.8972046503675842,0.8204992967651196
5_168_168643,0.8839927453482904,0.8595274654514835,0.8839273795220932,0.8617946437395
5_168_168671,0.4765603632186423,0.43794772507260404,0.43781719511582334,0.4490362560862742
5_168_168673,0.28241695445849585,0.5624124513618677,0.28193072991614154,0.5616116527663574
5_168_168694,0.8563642756680732,0.7891705878221785,0.8337443660175184,0.7475528783626532
5_168_168728,0.7793131981795615,0.6732673267326733,0.7710698864545018,0.6624925462134764
5_168_168878,0.9534103881278538,0.8583436195850233,0.9465883767818613,0.8346834857076727
5_168_168888,0.729430978509829,0.44986353808527985,0.7214244913234454,0.4288664846320801
5_168_168927,0.9149083050694841,0.8922719888605245,0.8936462473696516,0.8824774397618383
5_168_168995,0.8776679221594476,0.8849273068934823,0.8721927635683094,0.8806065678696273
5_169_169035,0.9604719966973992,0.9113600545214465,0.9445816557837399,0.8620320855614974
5_169_169042,0.9296584376056815,0.7898075319873863,0.9237227324913893,0.7719714111266746
5_169_169043,0.9666536375629061,0.8964669738863287,0.9510044213763937,0.848019189685544
5_169_169114,0.9701496518793181,0.9038847664775207,0.9543426922067699,0.8550294603874359
5_169_169115,0.9639033205330924,0.8990968968561146,0.9394139387539598,0.8345342591379536
6_169_169128,0.588586041610445,0.5444279570433339,0.5843922229026332,0.5375090677139355
6_169_169139,0.900438194232141,0.7280472827755603,0.8645792563600783,0.6531930333817126
6_169_169149,0.97045832240007,0.8690791692767311,0.9527908973808501,0.7959541843709588
6_169_169167,0.4778787696382351,0.2686762397535027,0.44826418289585096,0.2495951819550581
6_169_169288,0.4829218488954891,0.4953325554259043,0.46941165870799173,0.4840841997176229
6_169_169361,0.8244594773842685,0.4591149904464131,0.8396476457748675,0.46312997347480106
6_169_169367,0.9592626468725814,0.8831074414498624,0.9392253811289658,0.826565863916287
6_169_169368,0.9299148332150461,0.8118152206100089,0.9157326836059868,0.7731894183973401
6_169_169397,0.5749853951651042,0.6180441388930404,0.5491962269164342,0.5987982321100462
6_169_169476,0.8058881960156724,0.5845874948693391,0.7900705780938527,0.5467963542375187
6_169_169491,0.9315142950320687,0.8533810143042913,0.918062617072518,0.8245022581260734
6_169_169526,0.5039997845233927,0.2157793267091799,0.5036199703942942,0.21426448736998513
6_169_169536,0.9503703048006845,0.8431815570788496,0.9424707836679975,0.8392277992277992
6_169_169538,0.8867342879872713,0.8812255076594229,0.8686209583171016,0.862511393115053
6_169_169616,0.5943970767356882,0.35919721871049304,0.5586431056583043,0.3353103026597371
6_169_169631,0.5291882672790827,0.29216728918655355,0.5222592469176941,0.28927016551242724
6_169_169647,0.9320867780058814,0.8783923424158373,0.9105981794538361,0.835928397415528
6_169_169667,0.727340382647524,0.61203231292517,0.7106715315260984,0.5711450513417896
6_169_169686,0.9338083569770441,0.9071364152096122,0.9177209199608796,0.8839875854934192
6_169_169688,0.7457295605685226,0.549968056949895,0.7322411365672596,0.537566519346983
6_169_169901,0.8275412684622068,0.7506361323155216,0.8201933404940924,0.7378411288589642
6_169_169936,0.6539156885815135,0.4557672963004359,0.6477876601219444,0.4088404337263732
6_170_170047,0.9132125497127707,0.7337142454061298,0.902190096018988,0.6982708240228265
6_170_170061,0.9151506984683107,0.7472768591803151,0.9192420083237404,0.7431590148981453
6_170_170079,0.8992526158445441,0.9291342388939914,0.8780329289428076,0.9079925204967157
6_170_170155,0.8227220067496096,0.588877701185036,0.7917070335206355,0.5545224006762468
6_170_170160,0.8256578947368421,0.6514652749899639,0.8089873845114951,0.6210042101980352
6_170_170170,0.9028911105106728,0.7983128090759236,0.9005958318729611,0.7928152915185861
6_170_170247,0.8643743740705897,0.7399183417085428,0.8505136168179647,0.7135814641360612
6_170_170273,0.4987457970859796,0.53975426672144,0.47614324228088917,0.5468261413383365
6_170_170375,0.35020163124223036,0.3994299327831192,0.3269949066213922,0.3536925677003498
6_170_170471,0.7320309205903022,0.6737632630563594,0.703618412345483,0.6465756169232311
6_170_170474,0.8690695108495771,0.8999816983894583,0.8495732574679943,0.8741164892189317
6_170_170540,0.9288220551378447,0.8452779638312123,0.9292515870364183,0.8489215499141057
6_170_170554,0.9343045046319214,0.7925069336717905,0.9168542438618971,0.7509147457006952
6_170_170601,0.9130070749780215,0.8307169962053126,0.900263656587295,0.810869990224829
6_170_170674,0.24488073279769906,0.3744630173110459,0.2408375353585045,0.3676234019134705
6_170_170722,0.925705527003877,0.8726604563712503,0.9170523317906728,0.8569254185692542
6_170_170744,0.9689539720653387,0.9050952731866512,0.9461731162238777,0.8359367075768334
6_170_170745,0.9335980844478188,0.7644710578842315,0.904916826977481,0.70489804964539
6_170_170862,0.9345785007782297,0.9075448613376835,0.9079005013873339,0.8705269485073132
6_170_170880,0.8944106710735997,0.8025451798477541,0.8885572139303483,0.7892148453136616
6_170_170883,0.9260577844721347,0.7678695833913891,0.8968912832288263,0.6861380939879234
6_170_170933,0.9248220148290236,0.7300659552791035,0.9178907857220197,0.7191911484166349
6_171_171024,0.9187980683240923,0.8899598393574297,0.912502191828862,0.8877484309623431
6_171_171096,0.76065170611743,0.4179070473876063,0.743643685760654,0.39173578199052134
6_171_171145,0.9152336637669432,0.7924265179146106,0.9143749370403949,0.8009239363987968
6_171_171163,0.90153471026965,0.8419636065765608,0.877381533952125,0.8052162995091885
6_171_171169,0.8299286106534871,0.7574506283662478,0.810753373711614,0.71172446331682
6_171_171234,0.9110579423697077,0.8644603359387992,0.8955786471067645,0.8365290867728307
6_171_171274,0.6735294117647059,0.6293854087412292,0.6205161290322581,0.5878777923784494
6_171_171354,0.961431812452735,0.9009151707145371,0.9504142450847038,0.8688553065832899
6_171_171506,0.9069669543254052,0.8756592616269778,0.8804142645783378,0.8322481807736499
6_171_171556,0.20025715204114433,0.12645997438981801,0.19318685213076991,0.11348747591522158
6_171_171590,0.18979650095836223,0.23152120784228533,0.2240040650406504,0.259282245008095
6_171_171592,0.9653288071039722,0.8370631683386617,0.9582900551923587,0.8197169567305915
6_171_171620,0.9675472747497219,0.9077840580355157,0.9572192513368984,0.8781096706377015
6_171_171631,0.9410894941634241,0.8567989300044583,0.9287523992322457,0.8410949164592961
6_171_171739,0.7834203207741247,0.6404710406152367,0.7708684733310843,0.6217811583868156
6_171_171771,0.9413369713506139,0.8616899254444657,0.9316454797244514,0.8341720359309599
6_171_171866,0.7153272028720791,0.4719990651748415,0.6851416869937061,0.408203347375612
6_171_171885,0.8376431236330889,0.7797652319731694,0.807716164247612,0.743439550140581
6_171_171936,0.8984561583077448,0.7652851132396383,0.8780792276964048,0.7285733268370466
6_171_171964,0.942216319905563,0.8497798075354754,0.9264676010562665,0.8130646837770849
6_172_172009,0.9064706310502948,0.7513515295358649,0.8982284027050196,0.7264795885148773
6_172_172101,0.9558265925176946,0.8528526885837755,0.9496312568648988,0.8363133940182055
6_172_172328,0.9202168205301939,0.8071109506835717,0.908458623131065,0.8020823692734845
6_172_172511,0.9411706052447901,0.8713310769572213,0.9372428493530958,0.8595931830676196
6_172_172514,0.8732214636636253,0.8718330849478391,0.8550805799265758,0.8446026097271648
6_172_172558,0.9668772468674741,0.8826929814317412,0.9560450925638639,0.8529344205811417
6_172_172573,0.9547034816345039,0.8528090839759342,0.9484865107465217,0.8316963542533711
6_172_172668,0.43614064176338635,0.07332508564902931,0.4358553700214411,0.06055568748515792
6_172_172678,0.9578763101331738,0.8194217612006179,0.9565846599131693,0.812647938904024
6_172_172688,0.9390886378448837,0.8388319912438433,0.9298330510525042,0.8151455409950134
6_172_172693,0.8415533980582525,0.7154254071049791,0.8034730165332225,0.6694105875932327
6_172_172700,0.9399523086928246,0.7094382663244939,0.9254293497571953,0.6773722627737226
6_172_172745,0.395248744672771,0.6705629501150032,0.37429811636334676,0.6686486283069281
6_172_172802,0.5025215788963243,0.44891669209642965,0.48606680427847626,0.4394980938372407
6_172_172842,0.9619370642547579,0.9251113394998287,0.9425902022250907,0.8847183192827512
6_172_172922,0.9714927200979725,0.8873191834527511,0.9636915809009617,0.8589429007228596
6_172_172926,0.8279043993639473,0.7116697838284546,0.8226773226773226,0.7070707070707071
6_172_172963,0.9475245688855924,0.8722157092614302,0.9362436038011696,0.8417638972117452
6_173_173010,0.8368414256198347,0.705890895009439,0.7991740122048943,0.6755542813455657
6_173_173092,0.5914866581956798,0.6672115070284407,0.68,0.7469550990728958
6_173_173102,0.9160596600763093,0.8975339708102668,0.9026071526071526,0.880938242280285
6_173_173107,0.9617121120551744,0.8863599590097622,0.9580013456567159,0.8474418122440517
6_173_173119,0.9594644941755048,0.8469867711905928,0.9537273800157356,0.8051255427600529
6_173_173175,0.8262035010940919,0.6692565679150363,0.8005373794847479,0.5663672376276293
6_173_173190,0.9064375,0.8296470814501394,0.8920127404140634,0.8036285015980448
6_173_173247,0.9377962085308057,0.8995852819200565,0.9246801085692129,0.8817213611568101
6_173_173323,0.9658429434376716,0.8368217054263566,0.9643415102096752,0.8304910225883262
6_173_173461,0.8918771502895024,0.7661555565849817,0.8694659600489197,0.7233889139251916
6_173_173567,0.8801707156927118,0.9086233311446706,0.8748979924922474,0.8974497807136282
6_173_173657,0.9621155950993892,0.8815199020921966,0.9549124462619273,0.8616264955782903
6_173_173675,0.9781801418802981,0.868766404199475,0.9750644445011613,0.845156059991893
6_173_173705,0.8954580943919447,0.6021616608404081,0.8995015061445366,0.608928376360922
6_173_173708,0.9635201203459948,0.8907488986784141,0.9411118234270538,0.8323965989335639
6_173_173709,0.9097566408642869,0.722824302134647,0.8914383935392339,0.6757793115892994
6_173_173740,0.4888447938131217,0.5389245268076345,0.4842265729332023,0.5149897975200125
6_173_173794,0.9156909665840527,0.7496267625103678,0.9111157718120806,0.7317099923220357
6_173_173847,0.9487580924977785,0.8715326032575462,0.9334718470808228,0.8361715887044622
6_174_174049,0.9583446404341927,0.8490668509923965,0.9455295369877594,0.8060911270983213
6_174_174050,0.944417304456386,0.7975036005760922,0.9326713167562962,0.7556426039917926
6_174_174086,0.7778216431986665,0.5796709942746553,0.7369661388349114,0.5260275022024744
6_174_174161,0.6990336409213107,0.45885286783042395,0.6893096884079751,0.4343217862292016
6_174_174175,0.621282514953401,0.39274824677304604,0.6065631520472591,0.36514241182533497
6_174_174181,0.8898627609272287,0.7866490665660947,0.8733685401735194,0.7611658395674394
6_174_174201,0.5246237420963576,0.411043850583198,0.5163798375120119,0.39789811706320244
6_174_174252,0.7671864631718647,0.7377587496882534,0.7597229971446389,0.721373730702551
6_174_174253,0.9601572460688482,0.8985961475677441,0.9526390569910014,0.8815382633341923
6_174_174261,0.7079443764887658,0.6177116520770825,0.6846869264984914,0.5724289777071038
6_174_174321,0.8683490060707059,0.8690897394660663,0.8254479678932791,0.8000769230769231
6_174_174330,0.943000238492726,0.8565533980582525,0.9359637556209217,0.8383756053123651
6_174_174336,0.18585762064022934,0.00803738979570159,0.19167064819238733,0.012382033633718868
6_174_174349,0.935156377926969,0.8090123745038524,0.9319516971279374,0.8026514711012909
6_174_174394,0.9032059874888293,0.8320142141818769,0.87174240792591,0.7784974093264249
6_174_174395,0.49098369134227493,0.35216710182767624,0.4757927094122757,0.3399099678456592
6_174_174475,0.9675421922700306,0.8710928587725302,0.9504342659914561,0.8078888095368896
6_174_174476,0.9518257746358427,0.8806871814234473,0.9255994455994456,0.8036681029720473
6_174_174480,0.9143617914457745,0.6956998202779117,0.8898979758597343,0.635979907981934
6_174_174534,0.9718096540941958,0.8967759173494835,0.9542336291676661,0.8367592672228433
6_174_174563,0.941654492330168,0.8242313840663221,0.9234549516008935,0.8029717459007166
6_174_174684,0.3294965668537565,0.14116293194386728,0.32365342636989497,0.11056395035078251
6_174_174747,0.9640139987827145,0.8884246454422409,0.9530415820738402,0.8553147336868804
6_174_174769,0.9478618074573415,0.8529622904438157,0.9487519500780032,0.8500960654916047
6_174_174805,0.9115571980514027,0.8854120758043191,0.8808598494049065,0.843830855377486
6_174_174861,0.8406224845720418,0.6128987372595401,0.7989828353464717,0.5773495424487343
6_174_174938,0.7566594243876306,0.6312439930384186,0.7288553687374181,0.617375914626093
6_174_174960,0.1048806733589823,0.23167297795902514,0.10155146082811184,0.2062340843890017
6_174_174967,0.9564847108443507,0.8551213383587912,0.947797781707121,0.8296606290459687
6_174_174973,0.8133848133848134,0.7638423899047129,0.799848497601212,0.7458574666330899
6_174_174986,0.41474090587787504,0.41944227260880895,0.4084963845172267,0.38535596655687865
6_174_174998,0.9593347668689948,0.8508863399374348,0.9453550453817405,0.8005275779376498
6_175_175009,0.9262691652470187,0.8414748040768263,0.9149129294695085,0.8174321794207864
6_175_175026,0.8708411673342598,0.7314389085701364,0.8467222884386174,0.6959758254716981
6_175_175085,0.961648238313386,0.8579074980557208,0.934984375728744,0.7595217391304347
6_175_175104,0.9747439924410736,0.8811725482795496,0.9682833455873032,0.848747293535416
6_175_175106,0.9493521414437991,0.8997682502896871,0.9378279036159719,0.8771553266079989
6_175_175174,0.1997517968871193,0.4425097276264591,0.1935499983350538,0.30643243243243246
6_175_175203,0.9687231615243613,0.7996987951807228,0.96553750255467,0.7792704018018742
6_175_175269,0.9145230592953308,0.8455894521983781,0.8995839424266276,0.8246496780825624
6_175_175275,0.9121082885221583,0.6512900125674577,0.9213883120735686,0.6784495183190472
6_175_175335,0.19528195488721806,0.0,0.19528195488721806,0.0
6_175_175466,0.9061286638751428,0.8616835994194485,0.8775062198156007,0.8077815699658704
6_175_175479,0.9420748207279124,0.7930234218794631,0.9310678962844159,0.7586642346008138
6_175_175480,0.9659885876398336,0.8643879173290938,0.9507905827180836,0.8308297938464726
6_175_175481,0.9145221698683098,0.7534042980518176,0.892629716981132,0.7061779370520411
6_175_175506,0.4994275537463427,0.36156386720425493,0.4655287949860065,0.3569607102380053
6_175_175528,0.8819140999680273,0.7504228638086906,0.875164673025241,0.738902037753276
6_175_175578,0.9376482075603292,0.8085465682065373,0.9184628529263272,0.7783487592981659
6_175_175647,0.9227360477360478,0.867207119883685,0.9178427200486343,0.8732172543529617
6_175_175670,0.6010472686102463,0.4997936158503027,0.5771529475685955,0.5144542343260758
6_175_175676,0.733944286857226,0.6902699219589031,0.7072034195221077,0.6615909410606273
6_175_175726,0.9293047224123354,0.8058595128838687,0.9091935232757279,0.7482136781218102
6_175_175807,0.687192851824274,0.5773996789727127,0.6519957612151184,0.5659546925566343
6_175_175967,0.9312338050627865,0.8535617959701729,0.9174716814593242,0.8041687594173782
6_175_175973,0.9645460882014958,0.8582827601708249,0.9550624650382249,0.8234842951059167
6_176_176020,0.8959375744579462,0.8192361945561882,0.8771501627150162,0.8045713092939519
6_176_176068,0.814590169978983,0.3900163566971588,0.7835331252659952,0.31190606069306076
6_176_176075,0.8530427850119585,0.8014156036309833,0.8277945619335347,0.7534652702910827
6_176_176121,0.9445678713622666,0.8009981515711645,0.9359837834303276,0.7790744466800805
6_176_176144,0.7709139540177555,0.831696241666935,0.7898709854515509,0.860264638301244
6_176_176160,0.8117461676134153,0.6032586855660688,0.8036195091930148,0.5668279247148558
6_176_176305,0.5079317843653428,0.2457004377736085,0.4780670585955165,0.22574051218759641
6_176_176314,0.885128294136365,0.7006646023714221,0.8767829523973192,0.6774791473586654
6_176_176357,0.8376547875123539,0.6423321082525894,0.82069535009539,0.60884802506803
6_176_176381,0.476462290456976,0.2905954552993863,0.4558952787543948,0.2513315100043184
6_176_176386,0.3557053229504953,0.2704379440312198,0.33859174901404704,0.26779487179487177
6_176_176392,0.9459432627633962,0.8236913664174031,0.9252433767617572,0.7685884691848907
6_176_176411,0.3568155289438416,0.4130888440354418,0.35450916427007767,0.40911416584234406
6_176_176526,0.812527812506622,0.5499976906378459,0.8032766304688971,0.5370779353839849
6_176_176617,0.9410272496658575,0.8089488963642228,0.9295494283792871,0.7695326596896427
6_176_176649,0.4657453232483581,0.5422361640152363,0.46275782155272305,0.5136251032204789
6_176_176713,0.9532426319165457,0.8889803308369681,0.9424534574468085,0.8686284813452444
6_176_176761,0.9052594087617238,0.7853372086126105,0.9006677303078651,0.7756557618626584
6_176_176798,0.9653870741879509,0.8468062549695202,0.9599721650732179,0.8280120877677046
6_176_176817,0.9103777400307369,0.7351912845198886,0.8857165175955942,0.6908566681327274
6_176_176923,0.9361290945985119,0.9102636583234825,0.9336798536914044,0.9052260896192712
6_176_176938,0.9010299697978781,0.7481791414845809,0.883986494176562,0.7088575868464585
6_176_176943,0.8152285756283992,0.5154179064106031,0.8028372900984366,0.48264649279978766
6_176_176982,0.9590944521638933,0.8740450026164311,0.9347086978049183,0.8018117765475591
6_177_177018,0.948887327242914,0.8772805610031497,0.9288988722838544,0.8288911964924426
6_177_177044,0.36340299589272773,0.41475476889897,0.3603126122888969,0.38769884141116867
6_177_177110,0.9183214320649515,0.8275956734200846,0.9099159988413633,0.805004874878128
6_177_177129,0.33671641058367285,0.005359579029428962,0.33241658387651746,0.0026697922771374617
6_177_177213,0.876665527844209,0.8778169774641803,0.8355277358083315,0.8365858740190291
6_177_177225,0.8901923483407314,0.820094601206981,0.8659815005138746,0.783175355450237
6_177_177229,0.9432201447329644,0.8724616238209728,0.9175579322638147,0.8101047138878116
6_177_177279,0.9702265537299725,0.8841385030064275,0.9585852478839177,0.8659018165191005
6_177_177302,0.9453311829152995,0.860499507065396,0.9345148281254286,0.8304818013074006
6_177_177307,0.7344119544184047,0.6755410723069356,0.7132345266673625,0.7138688971017312
6_177_177397,0.9214216925484531,0.7701621177919147,0.9077135796658037,0.7319967598217902
6_177_177406,0.9406433833271504,0.7855064618715746,0.9220421730549496,0.7504448105436573
6_177_177408,0.9202906071613908,0.6837379644397188,0.8989719957461892,0.6527182301492025
6_177_177411,0.9325547138047138,0.7694503451938396,0.9190449059926451,0.7421448974292392
6_177_177415,0.9724018357980622,0.8625206973799552,0.9594001243057922,0.8052611477131671
6_177_177585,0.9701376164671942,0.8879228464966756,0.9597245730112325,0.8525266903914591
6_177_177589,0.8790476190476191,0.8490157385570583,0.8587439314120442,0.8129744000754325
6_177_177722,0.8968140962890451,0.7817680893228286,0.8895526292840324,0.765015015015015
6_177_177913,0.9356753482737735,0.859153538446343,0.9360216983766104,0.8614659068579289
6_178_178076,0.9239740101071805,0.9314911763686163,0.9090710859136503,0.9161945960792391
6_178_178122,0.8997417355371901,0.8904710591133005,0.8773755656108597,0.8563363541821424
6_178_178143,0.9023706045041485,0.8485107770036263,0.9009728305104453,0.8490435208222866
6_178_178145,0.9154714094473131,0.8695459688130257,0.9008891578604348,0.8473415877640204
6_178_178184,0.8163300337586542,0.908650742414461,0.8245476003147129,0.9081795883544844
6_178_178187,0.9155943230561073,0.7047526041666666,0.9110981340897083,0.7380899426182109
6_178_178230,0.8581583409416982,0.696547665751275,0.8468369907973486,0.6745775828711467
6_178_178275,0.5996784565916399,0.40384615384615385,0.5725627183232772,0.3690895421991849
6_178_178277,0.46108684756927043,0.2980933235867446,0.44972067039106145,0.2915348101265823
6_178_178279,0.43915746313074533,0.39152768089289114,0.4231344947291315,0.3969979794092177
6_178_178280,0.6507725736359247,0.4384298926660274,0.6376360195552752,0.4233170134638923
6_178_178281,0.5096474391352662,0.33418693982074266,0.4946749428291408,0.3174176448315032
6_178_178282,0.7751173429980394,0.6600708084776177,0.7584824541017895,0.6165406601512078
6_178_178399,0.7931955940819918,0.6398279884715677,0.7496962332928311,0.5932276969828522
6_178_178407,0.9001814882032668,0.8701351626706514,0.8822279697025679,0.8204483958252803
6_178_178412,0.7665759737235581,0.5991359837361644,0.7660115831051445,0.5938286801320427
6_178_178463,0.9035732603863909,0.7985881714104711,0.8877200335289187,0.7674615934262237
6_178_178466,0.9218087001587147,0.7453379953379954,0.9076942691400522,0.7159207030451665
6_178_178467,0.35635171241195046,0.6314705237782161,0.35480133249649976,0.6244701769718156
6_178_178470,0.30870116613566767,0.27227920227920227,0.3004304765345134,0.2648055100773443
6_178_178511,0.48598572576452237,0.42551081134695495,0.484889432002444,0.40774091627172193
6_178_178685,0.9677174623937214,0.8892339997375214,0.9624804992199688,0.8734122339272554
6_178_178773,0.6183819976530682,0.4567553331577561,0.5993514742261149,0.4388960870691889
6_178_178822,0.5499724894790846,0.48754992093060656,0.5294176334768108,0.3739408213541244
6_178_178865,0.7046785271928837,0.652856545877858,0.7037672195670509,0.643784456695714
6_178_178879,0.9702558151268984,0.870665626045267,0.9604836699077537,0.8270481144343304
6_178_178884,0.9422329488465396,0.8203755372897972,0.9374553585292382,0.8127378933484077
6_178_178885,0.9426958299991108,0.8602534298156577,0.9142272482498653,0.8032770832653328
6_178_178886,0.6601476295563503,0.6590706710920424,0.6152702032721864,0.5864880135604165
6_178_178980,0.039263175054144055,0.05870719648416041,0.03891517599538373,0.054354653955585114
6_179_179030,0.8554105536191943,0.5101034992607195,0.8303721771972618,0.47885944871376435
6_179_179051,0.09447549982373973,0.1437697554483447,0.09322897254317307,0.13914613352947075
6_179_179071,0.47872442378647756,0.47780798700610855,0.46771060084731875,0.4429063360881543
6_179_179090,0.9738363622421593,0.8859440827269246,0.963379854368932,0.843262066124986
6_179_179159,0.9564719928365337,0.8707235621521335,0.9464435146443515,0.8425007295010213
6_179_179207,0.8747033308781406,0.7908092583206623,0.8556754596322942,0.751767137903441
6_179_179253,0.17722215670086883,0.14457153572098255,0.1726974937152434,0.13470258735662843
6_179_179254,0.007606717263642295,0.0,0.007571872970293645,0.0
6_179_179287,0.1598291598408612,0.015271810199887914,0.19843967921896793,0.027526864180413106
6_179_179313,0.05516800943210847,0.09162266971919825,0.05356719601801375,0.08824472226038375
6_179_179324,0.9526412614980289,0.884990115786501,0.9274857990890947,0.823377154144813
6_179_179346,0.2638059336140213,0.3778564405113078,0.2630589728568639,0.36879293424926396
6_179_179391,0.9393681422625804,0.869942196531792,0.9346392917686946,0.8588709677419355
6_179_179398,0.9371295512277731,0.8184855233853007,0.9209043430456295,0.8024525198145656
6_179_179416,0.9202545316559152,0.749346923043981,0.9060993803075511,0.7152208801419039
6_179_179431,0.915039958076772,0.8570449613583584,0.9050892309678252,0.8389165534932851
6_179_179434,0.9217604609372771,0.8126685178478007,0.900113949028654,0.7602965403624382
6_179_179438,0.9472322161206842,0.8624916888297872,0.9361828158124454,0.8413238221632382
6_179_179605,0.2619837739848835,0.15270227890445326,0.25977253083994656,0.15363486540926571
6_179_179654,0.9725145474805001,0.8110087045570916,0.9701356124793123,0.8020405055580935
6_179_179687,0.9652832001922037,0.921730937478969,0.9547884980988594,0.9028453388418738
6_179_179688,0.8877277220731535,0.7518016186850955,0.869753129105871,0.7155384838382374
6_179_179783,0.8491394327921399,0.6416533036620087,0.8323699421965318,0.6119350282485876
6_179_179931,0.9716212419218881,0.8988749259819725,0.9621736258387512,0.8645752646527239
6_179_179932,0.9381422846486529,0.8965344587103465,0.91746782446891,0.8652286331597776
6_180_180004,0.8508422270798508,0.7603847153626202,0.8190337105999757,0.7042581668566896
6_180_180008,0.9169680243623906,0.836057892544773,0.9199473213865763,0.845893795183856
6_180_180009,0.8716612683659578,0.7054434716406547,0.8368345452913188,0.6581901151878703
6_180_180080,0.8226351756384127,0.45961163646863495,0.8014807202746572,0.40822376451714154
6_180_180098,0.97856182413878,0.8891828635392287,0.9757020964005199,0.8724007083227928
6_180_180161,0.9642300170804763,0.8967573744732519,0.9615621838995386,0.8897864768683273
6_180_180163,0.34918288747788073,0.21950697136493114,0.33871521120506975,0.21123822767208142
6_180_180170,0.7781126178916234,0.6390067827535599,0.7386929350704374,0.5920862762968027
6_180_180223,0.9478542914171657,0.7798035421937788,0.9428804424904269,0.761341077861922
6_180_180224,0.22806776556776556,0.0,0.22806776556776556,0.0
6_180_180251,0.7812311527481806,0.32175824175824175,0.733703242365908,0.30579288025889967
6_180_180282,0.8674441261578282,0.5243062227224068,0.8511130136986301,0.4741695933084904
6_180_180315,0.9657076834199885,0.8745147039136062,0.954028230679771,0.8211389128559102
6_180_180375,0.930811293382435,0.7319666634735128,0.9248288543766755,0.7069857089131253
6_180_180377,0.8982190223569534,0.8384942939873957,0.8828014580078851,0.81236602357985
6_180_180405,0.9594692324623463,0.8427397844873573,0.9544801748360912,0.8153919795766408
6_180_180414,0.943900848010437,0.7683815724294105,0.9385274431057563,0.7533356618931191
6_180_180459,0.9396588568986284,0.8960941097668188,0.9387802427146943,0.8768276655166749
6_180_180464,0.896824261497747,0.7798149269220791,0.8796409486221228,0.7396209007800051
6_180_180488,0.9707286128564524,0.8625826611438122,0.9598016963325767,0.8123626568370312
6_180_180577,0.0784078913519795,0.15699007650628083,0.07508213700537393,0.19821170878017033
6_180_180703,0.9506399169837426,0.8875829466105738,0.9334463468384472,0.8475151720918389
6_180_180705,0.953342356568163,0.9087553915247454,0.9258745850508883,0.8438182518949938
6_180_180781,0.9468064311195817,0.8134025331433028,0.9309801299197554,0.7858866427154271
6_180_180885,0.9501806222030517,0.912969808995687,0.9290370058873002,0.8679432483381287
6_180_180942,0.27800657072787005,0.42826336975273144,0.27394527442134614,0.4206002383618043
6_181_181006,0.9569927666677577,0.8747951017259666,0.9314171250516676,0.8031445086705202
6_181_181152,0.8986086906836557,0.6280258764607679,0.9036604472297394,0.6457827509764594
6_181_181182,0.9424449270865654,0.9127886935539469,0.9409851301115242,0.8916572661729364
6_181_181247,0.9253699862902942,0.7060361072275242,0.9166289553381836,0.6756407241946861
6_181_181344,0.8647151898734177,0.7876156101962554,0.8389834313681469,0.7400527588480985
6_181_181363,0.9242710883596706,0.8672315024310403,0.9049908177595333,0.8457847196085811
6_181_181382,0.8241308793456033,0.8920503909643788,0.7882882882882883,0.8610486364914254
6_181_181415,0.4495531387961667,0.05249752154350645,0.3860498089014918,0.0047515019115237575
6_181_181419,0.43898611660138237,0.043227665706051875,0.38400762838850294,0.004377150722642808
6_181_181443,0.9641702350782138,0.9069302532207908,0.9535868625756266,0.8802054869384632
6_181_181487,0.9118987341772152,0.8499572527785694,0.9034777849644261,0.8327781166424248
6_181_181586,0.9729374671571204,0.8799515151515152,0.9633570252231949,0.8395600227574436
6_181_181594,0.892551942003159,0.8766612019951865,0.8494508026730163,0.8238582140422631
6_181_181625,0.6555445062734062,0.06657163974237144,0.6476176541287376,0.05484890432783974
6_181_181781,0.9583350940207057,0.9045812022218556,0.9443500600837028,0.8790936066900459
6_181_181787,0.9066984841864686,0.8449715510234242,0.897751392942425,0.8112540544480484
6_181_181837,0.7666728246813227,0.6980377906976745,0.7401077135354075,0.6602830605926581
6_181_181841,0.9716994054957399,0.8981314044605184,0.9561379904203219,0.8448541522767122
6_181_181842,0.9160705160960654,0.852239674229203,0.8992185057830572,0.8209171765596417
6_181_181845,0.9425876229974791,0.874189803618071,0.9336742912371134,0.8585771658060815
6_181_181907,0.8764737247467267,0.8842614627954942,0.8569544776975118,0.8566618938895554
6_181_181909,0.8568486096807415,0.8312128922815946,0.8350412673793829,0.8038140346503801
6_181_181932,0.8808152701391135,0.9055381313965005,0.8712542329563606,0.8943630352259276
6_181_181933,0.9215686274509803,0.9028013294444821,0.9047718014797572,0.8721443018667727
6_181_181934,0.8946745001421397,0.8893971631205674,0.8933252483791222,0.884022708840227
6_181_181937,0.8938850456913485,0.8735009936270814,0.8921982189270953,0.8712459519345491
6_181_181938,0.8938606498500021,0.8850620136186771,0.8867434554973822,0.8746810745910251
6_181_181941,0.5678946621237932,0.4189965530448104,0.5621903657636766,0.39481833975375785
6_181_181950,0.9336054748469204,0.9342804677684353,0.9287439135426151,0.9235132895659379
6_181_181951,0.889368621733767,0.8441035289577152,0.8819793082406457,0.8340675826923535
6_181_181954,0.9115615719317632,0.8940117507452751,0.9092755818757747,0.8911926075656945
6_181_181956,0.8980801284029878,0.9101697025019708,0.8968761529947116,0.908869837606133
6_181_181957,0.8807704900141875,0.8943316763325049,0.8790826585511657,0.8865802646917644
6_181_181987,0.4241142619427304,0.22817506969870008,0.41807620023919356,0.22087434954094992
6_182_182027,0.8463967843812805,0.7964088209189595,0.8129423660262892,0.7684859738709463
6_182_182070,0.967195800068342,0.8532823897186523,0.9599247818983323,0.824841416001637
6_182_182072,0.961781923754224,0.8607030430220357,0.9550837461665487,0.8415730337078652
6_182_182190,0.9165223622141279,0.8605725399623169,0.8827135735976623,0.8006267368296577
6_182_182191,0.934185303514377,0.8519692841218727,0.9216938329692489,0.8302977317985332
6_182_182214,0.8400908206292572,0.8614833281396074,0.8072569390603195,0.8300753023503461
6_182_182221,0.8955617198335645,0.9019474043357304,0.8786622255455102,0.8641888143628019
6_182_182225,0.8214635511403386,0.6299547480521248,0.8017729287419025,0.6048034205164178
6_182_182274,0.5240796393688956,0.30856476574093705,0.49267224635378043,0.2870354686811884
6_182_182357,0.4927229628119185,0.4746845625244191,0.442401372212693,0.461687458205548
6_182_182417,0.9495768103114455,0.8763850005914593,0.9276200253964824,0.8214504988488104
6_182_182421,0.9566454527683051,0.8368160456529037,0.937703591730716,0.7724512106243421
6_182_182422,0.8611279370038576,0.6550938418180728,0.8161709308983516,0.598403158328914
6_182_182424,0.7640698169433802,0.5352488151658767,0.7380365071534287,0.49011369253583786
6_182_182431,0.6554512321691487,0.4945498783454988,0.6319934944237918,0.47213927952225004
6_182_182480,0.9645212568065749,0.8386659436008677,0.9622326203208557,0.8412868632707775
6_182_182481,0.8928311352051137,0.6226671768056795,0.8692075678639978,0.5901159193102595
6_182_182498,0.8513986503514126,0.7545323741007194,0.8400650657550109,0.7121127879269261
6_182_182531,0.9700434920971677,0.8969464105156724,0.9699406024607552,0.8942272782282464
6_182_182532,0.9231728327892637,0.8244488116440459,0.9026240217462788,0.7546807489198272
6_182_182566,0.8335932813437312,0.6815821224361328,0.8129650551248587,0.6533005582014646
6_182_182687,0.4756133962151513,0.09602450556036492,0.47119706647740717,0.08712940355772585
6_182_182722,0.9111445097235505,0.7832165453432206,0.8945325570501238,0.7351776046480919
6_182_182727,0.6878177037686241,0.6001662164969873,0.6612506154603643,0.5576497120534816
6_182_182767,0.5173737055143773,0.4855917053986414,0.5179778119276677,0.4847819864516745
6_182_182867,0.9662518666002986,0.8683387665491318,0.9509902761065401,0.8161535029004908
6_182_182890,0.9322594823797089,0.7282240382698824,0.9141886581996096,0.6654358875995013
6_182_182903,0.07936631961400972,0.0,0.07875328300204491,0.0
6_182_182962,0.9102792632204397,0.8116274364335334,0.8785932332739761,0.7519178260304251
6_183_183016,0.9570448802791481,0.89486787755333,0.945799350700768,0.8681410506378475
6_183_183024,0.9314674092603955,0.8133488102147417,0.9249124445482139,0.822405997144217
6_183_183025,0.8928308372207219,0.8061248163328436,0.8737403911259808,0.7807163601161665
6_183_183027,0.893233454066513,0.8460187353629977,0.8631963180447548,0.8059326294620413
6_183_183051,0.8979600064505725,0.6334633419518823,0.876542724628567,0.6045818429569069
6_183_183077,0.9245073344199141,0.7997006132599352,0.9022178875884987,0.7430682190115491
6_183_183192,0.3153261304521809,0.2616712827806473,0.3000280493668857,0.22987201159140305
6_183_183264,0.87579865980988,0.9016416777377111,0.8480650504442102,0.8712624584717608
6_183_183280,0.9124020950458892,0.8012429315267902,0.9184895456081896,0.8096014390915734
6_183_183414,0.9486192044590829,0.8835850581142396,0.9409557167875907,0.8589798281430922
6_183_183464,0.970459599703484,0.8894091268794513,0.9423229054297015,0.7923815422731496
6_183_183467,0.8434041280287167,0.6954476600494299,0.8221153846153846,0.6712167568839728
6_183_183470,0.9628940300617255,0.8375031847133758,0.9503115699404762,0.7879057358826145
6_183_183522,0.9303787762613096,0.8981448658868014,0.9051283948790054,0.865069210189601
6_183_183532,0.9117850667545739,0.7740030198063771,0.900201481866632,0.7590472836136304
6_183_183539,0.9472940511516179,0.8820632870519858,0.9474572694661321,0.8877130624444624
6_183_183614,0.8410390848427073,0.8168231931400571,0.815640522120827,0.7789373814041746
6_183_183629,0.9621453981574386,0.8988595783895864,0.9460777733029042,0.8618793828892005
6_183_183630,0.9169797943991492,0.855801775336867,0.8996261941021736,0.8345332828091448
6_183_183665,0.9488494470210489,0.8656515624044517,0.9351429573758989,0.8241274748796005
6_183_183704,0.5586768935762224,0.441728999345076,0.5403337969401947,0.40856261080832623
6_183_183720,0.903424519762647,0.7163853670354519,0.8977062615561441,0.7038885340146918
6_183_183730,0.09125622201513739,0.2235759975632044,0.08393420695132402,0.23127551738701957
6_183_183779,0.75609190067301,0.5856225558827789,0.734982332155477,0.5638484517995164
6_183_183795,0.10989305709209159,0.07925535140379601,0.10936509525239382,0.07476466328747285
6_183_183803,0.9549203640500569,0.8342363112391931,0.9414811703765925,0.8023505480845293
6_183_183804,0.7914156358062101,0.44522527910685805,0.7568267821225241,0.35868702432646965
6_183_183829,0.7974751007627994,0.6335971041333446,0.7896209029880216,0.61471139820796
6_183_183831,0.9522687698453344,0.8933787412404217,0.9291969350184098,0.8406359300476948
6_183_183834,0.9745155161494616,0.8971245334594964,0.9652516433338351,0.8585817060637204
6_183_183879,0.3956682107533923,0.21295942720763722,0.39366645906194603,0.20517155170361198
6_184_184105,0.9387120928491202,0.9026913615974533,0.9329862402380067,0.8965839290204389
6_184_184112,0.9526553308082844,0.9045413221351574,0.9365593521627493,0.8767855615430673
6_184_184173,0.9233706245160601,0.8523243478497402,0.9129483122362869,0.8328202382545844
6_184_184198,0.9647354054767985,0.9043990086741016,0.9487046408027334,0.8608029901133349
6_184_184204,0.867889276758936,0.7621874698329955,0.844552659218944,0.7120056497175141
6_184_184209,0.013993086201824066,0.0,0.013535626623030131,0.0
6_184_184223,0.8954987559375707,0.8784440842787682,0.8639404402244282,0.8289724240073348
6_184_184238,0.8965221585124056,0.681525353283458,0.8684911849118491,0.622612386648659
6_184_184306,0.07577777360545239,0.0,0.07520169930499916,0.0
6_184_184310,0.9429894096011161,0.8452816648726229,0.9185381160401157,0.814292832230052
6_184_184311,0.9344041450777202,0.8605526910375992,0.9138383838383838,0.8119904891304348
6_184_184312,0.956333100069979,0.9021745175462988,0.946146404385682,0.8785220918758908
6_184_184313,0.8566312318799386,0.8441515239718907,0.8434582005932111,0.8173523488553697
6_184_184314,0.8520205259781911,0.7463811656743322,0.8639606085474402,0.7633734674803453
6_184_184315,0.8711646041701984,0.8748769442803701,0.8515211640211641,0.8579721362229102
6_184_184317,0.9074653553866786,0.8175542406311637,0.9194076874606175,0.8321576900257104
6_184_184318,0.879849383842994,0.7938282220311456,0.8897867564534231,0.8111921674025725
6_184_184320,0.9332185077898693,0.8164973102211596,0.9275100787099251,0.8024100274355802
6_184_184326,0.9295217302312888,0.8713215974776668,0.921750304341945,0.8707084019769358
6_184_184327,0.9191503939705379,0.8229574098218166,0.9125498791659642,0.8107785081762373
6_184_184334,0.9188846641318125,0.8228026274632468,0.9038953653682116,0.7832551169302362
6_184_184339,0.9295564872021183,0.8436468885672938,0.9181689834926151,0.8170334381251786
6_184_184356,0.9368852864132853,0.8332100135651745,0.9173521912733921,0.7768371757925072
6_184_184358,0.8960338995651043,0.7311697035855236,0.8940295782362607,0.7275705109116434
6_184_184364,0.9255771051290143,0.7973079120251356,0.9136950286806883,0.7712841685649203
6_184_184366,0.9271967643006356,0.8551516670844823,0.9106660861993905,0.8190480868412005
6_184_184376,0.9733622956442208,0.8720465285350781,0.9714366890804054,0.8642798802069154
6_184_184478,0.5707906976744186,0.6157762071862798,0.5638915423616724,0.5914945919370698
6_184_184487,0.8785808045710756,0.8718776738152411,0.8702499144128722,0.8652862563933345
6_184_184513,0.8753627011342654,0.905682853338939,0.8534017971758665,0.8883125864453665
6_184_184775,0.9682183204028856,0.8656055295950156,0.956468245979017,0.8328069671738922
6_184_184950,0.9425120119104013,0.8392495418153757,0.9267031327697662,0.794480108710932
6_184_184954,0.8479410127991096,0.6931076547727966,0.850964008081915,0.727485228231933
6_184_184979,0.9061399206313818,0.7884402216943784,0.8989761988099405,0.7632224716754555
6_184_184995,0.9796469032557807,0.9019902697921274,0.9745834961457852,0.8822448711779887
6_185_185021,0.914210233592881,0.8166685539576491,0.9011511426534008,0.8030676220331393
6_185_185044,0.9556497635741072,0.8698529411764706,0.9456151651789823,0.8401420346812838
6_185_185045,0.9004031226004607,0.8018827708703374,0.879629051395741,0.7683191212602978
6_185_185046,0.8408136672940495,0.5966355140186916,0.8522192093620665,0.6255338621110433
6_185_185054,0.914986559139785,0.8362639748181917,0.9066334991708126,0.8213290460878885
6_185_185092,0.8477202964737591,0.7568339281965148,0.7945712092666248,0.7085275120595209
6_185_185101,0.9562929061784897,0.8940184664793256,0.941697354735333,0.86169832881017
6_185_185118,0.9228421781663925,0.6872142519312628,0.9216122757726388,0.6913900007848678
6_185_185147,0.9247130317353139,0.7515299877600979,0.9145409223099293,0.7479240190990243
6_185_185156,0.013924041126240133,0.7985204755614267,0.014725870523478039,0.7926944971537002
6_185_185166,0.9495392053180238,0.859834055210562,0.9362917888018998,0.8276863504356244
6_185_185178,0.9780454706002639,0.8852945468696795,0.9685113274564293,0.8376635691257349
6_185_185184,0.9078476751525353,0.839808362369338,0.8641487047656713,0.8052114480991029
6_185_185235,0.5680155057157549,0.4505335265445923,0.5482120652624439,0.41106363840791543
6_185_185261,0.9159024390243903,0.7089859482681464,0.8988542834486342,0.6669718371261661
6_185_185267,0.8758914193696803,0.8245782669293987,0.8356261214724594,0.7636184949457132
6_185_185311,0.8746223564954683,0.907333035847092,0.8579210836277974,0.8903239929947461
6_185_185320,0.9555088852988691,0.8490732082943733,0.9402301774019203,0.7932936954309283
6_185_185321,0.8674300814798502,0.7839842790469173,0.8355416578333686,0.7317201724964063
6_185_185363,0.9609055922086083,0.8565835065835066,0.9464675540443946,0.814071886773241
6_185_185435,0.42036280072397453,0.22621584505374817,0.41496325448777155,0.22977722832278866
6_185_185436,0.5773572558215629,0.4031041172666523,0.5564509859811874,0.356126631988701
6_185_185479,0.9628985832305335,0.796873176992183,0.9582696169648286,0.7745228753190355
6_185_185538,0.9247694980179056,0.8036496827784682,0.9053406516814776,0.7523851927235721
6_185_185581,0.37910666964656303,0.4648998330550918,0.3774535513914716,0.45777477058400645
6_185_185592,0.2480398309694155,0.034732877667736084,0.24747242838894964,0.0
6_185_185621,0.2999023869161633,0.0,0.3006804479692737,0.0
6_185_185660,0.9172554347826087,0.8461488335722663,0.916472079524985,0.8442178204876774
6_185_185714,0.9628401030454883,0.9043742731908042,0.9501701507049101,0.8767899499253272
6_185_185883,0.11545774039292504,0.28701864141691674,0.1111773761806355,0.2828556893335594
6_185_185884,0.023994360902255638,0.0,0.02399526297981127,0.0
6_185_185897,0.8958063681076883,0.8023924991917233,0.8885201965413821,0.788137211226373
6_185_185915,0.9809124906507105,0.9269376238218167,0.9550731806675008,0.8250918810557969
6_185_185917,0.9720901385156089,0.9188040673850356,0.9587096774193549,0.8847648465524113
6_185_185947,0.9241350403901845,0.8930109767958871,0.9263358778625954,0.8958816003319617
6_185_185951,0.44762698412698415,0.0,0.44762698412698415,0.0
6_185_185952,0.9315268190198517,0.908658383139352,0.923606390210741,0.8895508530310651
6_186_186022,0.8613132089113833,0.7407266260162602,0.8337413657427647,0.6822579355560886
6_186_186041,0.12423588228610385,0.2403773803322336,0.12134289381666888,0.22946579194001873
6_186_186067,0.9327037654909438,0.6795436575172258,0.9252615402801584,0.6554061562395822
6_186_186109,0.06642109165044945,0.22201382562563635,0.06614067870902254,0.21654760635462203
6_186_186111,0.9365294389744268,0.8539595170454546,0.9323016777976869,0.8434637801831807
6_186_186114,0.2567496585775817,0.1830998768079573,0.2518708381097129,0.17398617930532825
6_186_186120,0.9815600671653183,0.8970105408674616,0.9738475043133457,0.8546281478985934
6_186_186212,0.9345776889943193,0.8473814197960864,0.9182455071580872,0.8171300615786528
6_186_186216,0.942905069582505,0.8445117845117845,0.929939423606437,0.849122566493008
6_186_186294,0.9147920458838479,0.8121492115612233,0.9032606130087332,0.7845700468490252
6_186_186299,0.4136196926400108,0.3496385437859833,0.41190641597382516,0.39739925693055156
6_186_186302,0.9711732911718204,0.9098977312801223,0.9664471276984998,0.8970382462686567
6_186_186329,0.9712067680919076,0.881758109731678,0.9632476807364699,0.8381327820777847
6_186_186340,0.7899569583931133,0.6171145247686928,0.7562407417567345,0.5952349897830529
6_186_186480,0.3695448262243286,0.42735137945119006,0.3871431355354185,0.44192380747589866
6_186_186611,0.8923569794050343,0.8353093175254598,0.8893988276457491,0.8309859154929577
6_186_186617,0.9459661354581673,0.7838408859099519,0.9391531780497434,0.7811334552102377
6_186_186637,0.8274863843776066,0.3903895872336632,0.8122882784529677,0.3476388689536386
6_186_186717,0.9660869565217391,0.9136666097935506,0.9509965138459514,0.876383917422792
6_186_186720,0.9673032528856244,0.8955502264854783,0.9564639966798091,0.862093768390767
6_186_186736,0.95600877666271,0.8731940546720716,0.9418232917618128,0.8375771404864388
6_186_186738,0.9628351597108883,0.8620552836926333,0.9529985283296541,0.8255513439007581
6_186_186799,0.8446687828485195,0.720402592971682,0.8145738128352871,0.6917302587923025
6_186_186801,0.9509239791966361,0.8545905370062158,0.9396666576035237,0.8425373134328358
6_186_186803,0.8513080168776371,0.6449476607562487,0.8458407671721677,0.6447377886482987
6_186_186851,0.9684440113230313,0.8535574179743224,0.9522237902308007,0.7995099514250097
6_186_186911,0.9650629879551369,0.8262886374474357,0.9527708663198371,0.7860063224446786
6_186_186937,0.9287301316014357,0.8890308957546121,0.9252641042930996,0.8876559567185602
6_186_186942,0.9518524563407866,0.8769661957329977,0.9366306643816508,0.8373168421639089
6_186_186978,0.9038581078281049,0.7980976906462868,0.8920052104534723,0.7877898565700823
6_187_187026,0.8876649844720497,0.8818742666818061,0.8743677831854184,0.8637703877878551
6_187_187033,0.9448483175362719,0.8658747462596798,0.936248442675256,0.8517151379567487
6_187_187035,0.9245017478549054,0.7561970230986572,0.9145725272759793,0.7670940170940171
6_187_187039,0.9401461581703601,0.8524016459639272,0.9331162545102526,0.8342659205968559
6_187_187042,0.9321178519387283,0.8210290827740492,0.9244261206806191,0.8077700954799868
6_187_187060,0.5339124624122954,0.715285617520885,0.5137554470520292,0.7143508417727702
6_187_187068,0.8979642847224151,0.7854186784384053,0.8880238212314921,0.777839508316261
6_187_187069,0.9184870638707701,0.7407556539829542,0.9108545636040103,0.7222148541114058
6_187_187085,0.21071098649984604,0.0677155637821996,0.20899709045314988,0.0800300159459713
6_187_187089,0.7217061729162136,0.5326234988238208,0.6861490123061705,0.4962409037912596
6_187_187092,0.9254845803712985,0.8744331351405825,0.9196302283289554,0.8685708578847499
6_187_187105,0.8874027449951919,0.7607395323545405,0.8661437462699292,0.7140138540001523
6_187_187173,0.826611909650924,0.8141261015526647,0.7774087646969003,0.725752508361204
6_187_187187,0.8555731642894876,0.8284328225758741,0.8596509783183501,0.8687256297579996
6_187_187192,0.8291546406092429,0.7924718926480493,0.8006850217362667,0.7745577523413111
6_187_187262,0.9052122030845435,0.8254110612855008,0.8937603993344426,0.8032560868289821
6_187_187270,0.9251386712961003,0.8989755045447543,0.9086222665668912,0.8712784920544621
6_187_187278,0.9588860388420667,0.8969675914437442,0.9414706093963594,0.8541101202016286
6_187_187296,0.6735509327472966,0.504165534727882,0.6704861801551004,0.5100984187695322
6_187_187445,0.6943974237232154,0.573010246200165,0.6573879142300195,0.5394453293357069
6_187_187483,0.9406370848782044,0.851011681268252,0.9287371691509025,0.8253529772866789
6_187_187579,0.8478362028850628,0.6545984436499114,0.811564910896946,0.615885959169097
6_187_187587,0.9075165538819763,0.8962618494008228,0.8532288958817896,0.8330777222579528
7_187_187609,0.7508885503935009,0.5698316117164285,0.8213415015315372,0.6499433981681589
7_187_187644,0.897605666333051,0.8721153846153846,0.8763428743144768,0.8451452870304749
7_187_187772,0.9483867509915318,0.8126372698090893,0.9445227145857147,0.7997305603502716
7_187_187858,0.920129913170279,0.8267103646046702,0.9015611307649866,0.7866345574954846
7_187_187877,0.8107618890900116,0.631372709090167,0.7870414736730021,0.6102970454726447
7_187_187891,0.9205596204872558,0.8828406633020909,0.9034825086668767,0.856659857716419
7_187_187936,0.9262415695892091,0.8830373201438849,0.9002255460588794,0.8566622545775424
7_187_187965,0.973427647346255,0.7714963707426019,0.9691010585319528,0.7902082572159298
7_187_187975,0.8877522421524664,0.8870708872046367,0.8819377162629758,0.8827515946137491
7_188_188008,0.29555521942997903,0.4919562257299914,0.2942011528865181,0.4821115836877658
7_188_188009,0.7555987573141213,0.6160568632020508,0.7241404415645875,0.5735870818915801
7_188_188016,0.9119582482414341,0.8571333355550371,0.9011353061604318,0.8432158821982645
7_188_188041,0.779043452021726,0.7373099054665022,0.7617454545454545,0.7077623286986096
7_188_188045,0.875,0.8130987906392335,0.8532755820249053,0.7792823808430878
7_188_188053,0.49162268118005215,0.39749990015575704,0.48786265348256,0.39029418761398776
7_188_188076,0.9288184619254228,0.8678924692032284,0.9047677261613692,0.821443347715586
7_188_188077,0.8836738237166503,0.8331716309304357,0.8701018028777797,0.8081340613820372
7_188_188080,0.923975607146678,0.7550854353132628,0.9318952364807594,0.7776862169037297
7_188_188150,0.9616732668760526,0.8873371827581576,0.9469081823860087,0.8473966509680796
7_188_188152,0.20913430525093538,0.0,0.20679977036422784,0.0
7_188_188170,0.9145619274181302,0.8021371112978749,0.8893975191966923,0.742880343367554
7_188_188171,0.7205369871693331,0.8240834457939721,0.6859037143072403,0.801175505740842
7_188_188172,0.8757345628785824,0.8816196747143902,0.8665952317171176,0.8744551246227786
7_188_188221,0.9053026127218609,0.8506070737286644,0.8792771599657827,0.8091452991452991
7_188_188270,0.12140607030351518,0.15530354784351233,0.11999012833168805,0.1503752599692558
7_188_188335,0.9138144562035577,0.8743610806863819,0.9078330852764456,0.8707678286625655
7_188_188357,0.5915003745828509,0.4845489443378119,0.5423533083645443,0.42676285780777284
7_188_188375,0.915163134650279,0.8491896407685882,0.9040429628128483,0.8145966132251625
7_188_188376,0.8636219221604448,0.666901525198939,0.8487365465605989,0.6387990005325032
7_188_188443,0.8934612471598081,0.8893003747992148,0.8708498324703016,0.8496017222820237
7_188_188465,0.8883792048929664,0.8333265662430468,0.862938789910037,0.7820498150055307
7_188_188612,0.8628155032210371,0.873925678600136,0.8551115723923197,0.87030029296875
7_188_188629,0.9588516746411483,0.8273033334913936,0.9460485670156169,0.7773548564615244
7_188_188631,0.9618544293862173,0.8763972657820668,0.9586553924365825,0.8655321188878236
7_188_188644,0.9561614007021286,0.8892997234904507,0.9320726172465961,0.7591732246136342
7_188_188671,0.9519866051226356,0.8485420716467648,0.9432478326928233,0.8525546618330123
7_188_188715,0.9306832449070511,0.7575905240272884,0.9154050939722652,0.7020490185524096
7_188_188770,0.9532933842362151,0.818562091503268,0.9448462496407702,0.7941419141914191
7_188_188794,0.5172520621151686,0.5189403216589109,0.47999425328640183,0.4556178234118431
7_188_188816,0.9036850075719334,0.8821870253851161,0.8756587936755807,0.8384405020685787
7_188_188817,0.9061784897025171,0.7492442849045909,0.8782274441543371,0.6945244956772334
7_188_188821,0.9342481417953116,0.7878317495172832,0.9122084683631727,0.7437440375724664
7_188_188829,0.956047502258939,0.8674248449180849,0.9415376176209966,0.7685265911072363
7_188_188858,0.949951196526539,0.8543840523282977,0.9368891833692231,0.823153590595451
7_188_188878,0.8855215465163109,0.8669596484218938,0.8708006511765577,0.8359399367286013
7_188_188879,0.9484888070779645,0.8293763197198332,0.9416462821608559,0.8083485679463741
7_188_188898,0.8336322319125414,0.5493168796826796,0.8105192821687667,0.4798422993768282
7_188_188900,0.7446335448922666,0.5767520560343131,0.7356487025948104,0.5693368453672142
7_188_188931,0.9017528422905041,0.6177868295994569,0.8999445420094279,0.6168055204914584
7_188_188996,0.9779068933362026,0.876982123017877,0.9686090692802102,0.8235757158319393
7_189_189052,0.9030501490121049,0.7176636171710064,0.8688879426584345,0.6360941586748038
7_189_189055,0.8811982388090995,0.7205778218382666,0.8478532513620233,0.6388590963936185
7_189_189091,0.8140300855373119,0.5824205422876638,0.8004145976956082,0.5723106922326942
7_189_189111,0.5302970798758472,0.3242005204412998,0.5284693465306535,0.32252027448534
7_189_189150,0.8923773259573246,0.832662144976685,0.8704493047306268,0.8022534628902213
7_189_189216,0.9583350454041172,0.8533342966548659,0.9466969095548625,0.8171162265216777
7_189_189231,0.9183252818035427,0.8301585187158652,0.8934896482913445,0.771002187057764
7_189_189257,0.5356676013051678,0.519530756200541,0.532685056558841,0.5018158138602951
7_189_189291,0.3528053799056509,0.35885954491455724,0.34371066137309964,0.35418608146700736
7_189_189358,0.944100932842489,0.8731649532512586,0.9226363033076036,0.8321210117374773
7_189_189395,0.9649162147837077,0.8522867737948084,0.961264388817833,0.8418729864512997
7_189_189445,0.8382857996117664,0.8676868280456435,0.746193565470674,0.76690965583174
7_189_189447,0.8546668874537727,0.8091464014965049,0.8241937178275028,0.732824796021822
7_189_189451,0.9500992637935313,0.814999814999815,0.9292169588160368,0.7469063157519347
7_189_189454,0.9245278267438932,0.88993514736089,0.9225743466506459,0.8668072233935282
7_189_189457,0.9276569607861955,0.6719708342268925,0.9202762084118016,0.6422026096870909
7_189_189629,0.9376855623834841,0.852352844728644,0.9272268449051971,0.8262086307592472
7_189_189652,0.9522337019790454,0.8001039433508738,0.9507839721254355,0.7927730984376005
7_189_189653,0.4026946470545472,0.38057863958140964,0.39866631485523757,0.3622930841880776
7_189_189654,0.9525381480109139,0.8391350837590591,0.9423986149031098,0.8008867627326294
7_189_189656,0.7155493359385314,0.5156913380312513,0.7014179992754748,0.4830113832355985
7_189_189668,0.9664110387290069,0.8551170649287956,0.9605015160206507,0.8329160705770148
7_189_189749,0.8249084249084249,0.756891729924091,0.7871598046057222,0.7068684078352586
7_189_189839,0.9265019173412867,0.7660769031876777,0.9039615534484998,0.7195689531719891
7_190_190013,0.9766531053226868,0.8373979485032447,0.966706519212248,0.7804516845612736
7_190_190099,0.8963947747377083,0.7780396547152579,0.8805409466566492,0.7390898812888638
7_190_190101,0.4692805824929927,0.6313126723014936,0.46237821713052585,0.6271478702807357
7_190_190106,0.9030878859857482,0.8441159531579958,0.8990407112774919,0.8373745027467323
7_190_190188,0.9666156202143951,0.8908273053309829,0.9529917754470686,0.846112854520694
7_190_190198,0.7987877048886338,0.5817371617493801,0.7736770974113734,0.5825925925925926
7_190_190257,0.933913507385549,0.8432771292693472,0.9270527738405248,0.8188756041719665
7_190_190266,0.9316813721448008,0.8699159521898889,0.9208589206555777,0.8480537360757645
7_190_190268,0.8138535506105603,0.6457830506169902,0.7985641539360547,0.630530305571395
7_190_190361,0.7006995336442372,0.7468473653916593,0.6745860331173507,0.7206336144826168
7_190_190363,0.6680938909702576,0.7221747921815322,0.637670636073192,0.6981165210519383
7_190_190595,0.9258001589480529,0.8848756952355424,0.9288921071687183,0.8912007517283039
7_190_190605,0.9336489957602203,0.8189418276115649,0.9131656045184089,0.770763867838739
7_190_190623,0.9709578904093499,0.9012784090909091,0.9620868249534451,0.8723393624462876
7_190_190712,0.9372076976155792,0.832443055835517,0.9382907796045155,0.838054840175731
7_190_190778,0.5222590330261931,0.4389243825688948,0.5170929219414689,0.4332366782335884
7_190_190781,0.5962365591397849,0.506334184567623,0.5869409232241091,0.4780798555377207
7_190_190783,0.5052660428330918,0.2856814290460249,0.45535619866755966,0.25019292750465294
7_190_190869,0.9335223900283585,0.8971352803656792,0.9202223946211533,0.8755163866703387
7_190_190902,0.9771077833536598,0.8836455696202532,0.9717890136088209,0.8600648540783238
7_190_190969,0.927991397530498,0.7356896922745858,0.919673697361652,0.7127141950497144
7_190_190978,0.9308037894325618,0.866643895774373,0.9073202860368837,0.8183489698741219
7_190_190999,0.020091144121642347,0.0,0.01982659834381959,0.0
7_191_191004,0.9090135652502718,0.8337193144974525,0.9010548620387857,0.8153564061425624
7_191_191005,0.9367717959019687,0.8811368209255533,0.9414108618654073,0.8835215812827754
7_191_191007,0.9499100179964007,0.9223921965780075,0.928661800486618,0.8760068596372707
7_191_191008,0.9266846960323046,0.8501138009517898,0.9090317448839396,0.812681529965228
7_191_191009,0.8320495185694635,0.7246985674074696,0.8011598277831473,0.6489895897121861
7_191_191025,0.8713602377745786,0.7005789543465771,0.8367692239191415,0.6540344901000639
7_191_191094,0.9216820911198748,0.4805371065550101,0.91538416410818,0.5050609184629803
7_191_191137,0.9118507930025186,0.6891580738812694,0.9033976001078603,0.6656294759717489
7_191_191154,0.9172484925420501,0.7981323946416349,0.9255722950498924,0.8106918550022254
7_191_191174,0.8291100282123621,0.7998975001423609,0.8009217044138305,0.7588963963963964
7_191_191197,0.21600233516038012,0.07738273080370481,0.21062618595825428,0.07445774348380825
7_191_191272,0.5689509914723107,0.29952408147725107,0.5517846110922896,0.26834389411720594
7_191_191278,0.8934827603614519,0.805810866013072,0.875841250989707,0.7714557850411069
7_191_191307,0.9680869630257548,0.8531273162666059,0.946134748320514,0.7600129373079618
7_191_191341,0.24413225972246017,0.5168809201623816,0.2653536410826053,0.5248607796340493
7_191_191373,0.462185173310534,0.4872579679286712,0.45817644367808,0.4726792203501817
7_191_191513,0.46301936765436186,0.5781587831430414,0.4583476398358431,0.5133436772692009
7_191_191527,0.5121422278446699,0.019199795474881758,0.5119109445209655,0.01862516212710765
7_191_191528,0.5056893650934207,0.3857737904517783,0.48173275462475246,0.39026580459770116
7_191_191563,0.7107114180183074,0.4080396475770925,0.6780019300583613,0.31634502612218784
7_191_191567,0.8522245647590688,0.5598293662173789,0.8375667743502038,0.49707499912425124
7_191_191576,0.8167550484760834,0.645948420089018,0.7541761391716912,0.5908327192336036
7_192_192101,0.9035817655571635,0.8733080393765381,0.8536360846885548,0.8196079409417398
7_192_192173,0.5538081330038194,0.46709867452135495,0.5409539473684211,0.41461913024010744
7_192_192202,0.8939506356036998,0.8275271273557967,0.8833397795397409,0.8052264318831077
7_192_192350,0.9333991406340727,0.7647690131225914,0.9256981956097,0.7426643052031976
7_192_192365,0.9488240596574613,0.8620669779237996,0.9325089332316217,0.8184407461186195
7_192_192428,0.8474110745651215,0.6958570667540876,0.8339190981432361,0.6744534412955465
7_192_192549,0.94289800126376,0.8375530663393177,0.9327899562888224,0.8076245152842826
7_192_192563,0.2366058731513083,0.0,0.23581362388165472,0.0
7_192_192564,0.06270542878590221,0.0,0.06266843416318266,0.0
7_192_192682,0.9239163943523029,0.8479722980621962,0.9158550601899461,0.8226755590427619
7_192_192719,0.9642849883118203,0.8468047291553976,0.9579421325741515,0.8259317545004414
7_192_192727,0.8327697233514408,0.550352568714923,0.8095612655130222,0.5136266600127534
7_192_192856,0.9272503516174402,0.8391013426684982,0.9236249345206915,0.826186392224128
7_192_192869,0.3827855202033482,0.5505630065265724,0.379224746992553,0.5465434512173449
7_192_192893,0.9800766740162485,0.8512887344338257,0.9774824731651285,0.8352763385146805
7_192_192895,0.8875339218851981,0.6347349383971967,0.8748603730156044,0.5914785584193388
7_192_192907,0.9101170920731194,0.8816168148746969,0.8919331545285744,0.8564745568532603
7_192_192928,0.9530658591975776,0.886256711130791,0.9437200930681768,0.8673419107582808
7_193_193017,0.8353637160385626,0.7038957540657934,0.8128317268905779,0.6828577077703816
7_193_193020,0.1603951451353156,0.0954637779282329,0.16807376349390046,0.10145517728185915
7_193_193048,0.9188538768143191,0.7951653318921044,0.9015143181901515,0.7526310753922695
7_193_193104,0.32759848688688054,0.2640137802172136,0.31995671664863196,0.22168076773595624
7_193_193139,0.36475770925110135,0.22905098970033486,0.32265981068131355,0.22668169209431346
7_193_193494,0.9560680237052306,0.8698698698698699,0.9515979989166109,0.861744839639129
7_193_193944,0.9336757370734358,0.8097789160089897,0.9239693542502736,0.8035360865549545
7_193_193945,0.8613999878367694,0.8192807343130862,0.8369524031595208,0.8029784065524944
7_193_193972,0.9681124769354713,0.8963234148621281,0.9602350333737082,0.886412428275889
7_193_193991,0.33701965152358976,0.31616672457501704,0.3275866512047417,0.31306630643948563
7_194_194027,0.3922875603173305,0.18275725069527216,0.3766539714947583,0.1712653220686624
7_194_194034,0.9317710162510775,0.8396047849788008,0.9130421187580126,0.7951789465924588
7_194_194103,0.8990603644646925,0.8933000185082361,0.8898876404494382,0.8798938894987194
7_194_194181,0.5114432508173751,0.4341392904073587,0.5226094886452101,0.4467019565104572
7_194_194183,0.9502222759851211,0.8839562521529453,0.9394923434427694,0.859327994576501
7_194_194203,0.9717417139838901,0.8842749190356243,0.9615359519770325,0.8529930198124516
7_194_194215,0.9598519523083009,0.8660944608601848,0.948664265974374,0.8340245138696895
7_194_194229,0.8540328769336403,0.7283027869439033,0.8319241810531283,0.6867709593102641
7_194_194243,0.9068519000520562,0.8316007672792525,0.9039769415117559,0.824000489057342
7_194_194244,0.919998368146214,0.8879928952042628,0.8964179695230556,0.8492653414001728
7_194_194269,0.6384497077822209,0.7206799676205895,0.6108661139530781,0.6888266103096573
7_194_194271,0.8667541617738481,0.857209479798194,0.8443652980310463,0.8282522013623526
7_194_194272,0.268214588634436,0.4925178646490122,0.2658265070363369,0.4779929210909848
7_194_194797,0.9034132171387074,0.8489357195806417,0.9064117881322182,0.8487298523812008
7_194_194808,0.9056347589952478,0.8221436151397241,0.8786861313868614,0.7733552181644098
7_194_194833,0.8958738609603768,0.8714894768897611,0.8913108689131087,0.8755353319057816
7_194_194854,0.28721920634371795,0.02021673529455486,0.27502786698893045,0.02870108146602408
7_194_194859,0.9652794580208082,0.8610095821396819,0.9502665143727393,0.8025127788659056
7_194_194899,0.488161813545885,0.231738612409495,0.46161483132408065,0.19651620426607064
7_194_194908,0.9589002772196648,0.8791661359487114,0.951183879093199,0.8522708158116064
7_194_194993,0.9773035887487875,0.9175001445337342,0.970510845847773,0.8691889492954621
7_195_195096,0.9128863495559991,0.7211686779784049,0.9039161648123575,0.6995547960606197
7_195_195176,0.7689007169237454,0.6652738876899765,0.7446574481458202,0.6456421504991271
7_195_195198,0.9697917896642657,0.8598658827852287,0.9664842815398796,0.8455922613615623
7_195_195319,0.9683415032679739,0.8848252470137148,0.9477534377998081,0.8136449778900822
7_195_195335,0.9137009725339318,0.8158761338032238,0.9025055306888923,0.7944755204428811
7_195_195396,0.9233593095897469,0.8553451509468207,0.9126034373010821,0.8344663088849136
7_195_195416,0.9585459067054327,0.8034554429722006,0.9536760962839066,0.782727661393758
7_195_195452,0.9062659195109526,0.6989792171550268,0.936371886659272,0.7654689834106455
7_195_195501,0.453133514986376,0.19815521628498728,0.45097348012365096,0.19392448877351187
7_195_195610,0.8542562592047128,0.8769124908929005,0.8370514064015518,0.8597848422579475
7_195_195611,0.9177571275048991,0.8783107403545359,0.9035082272586153,0.868259772364423
7_195_195659,0.936905333974051,0.8860599684376644,0.9164121599398581,0.8550515463917526
7_195_195718,0.4868747183415953,0.48213586804584846,0.45145124243057005,0.44992484551578243
7_195_195808,0.9470845481049562,0.7326817742455161,0.934867786735594,0.6778810991536934
7_195_195809,0.9205850510539835,0.5940953323437242,0.9183729529846804,0.577893820713664
7_195_195812,0.9630383112436047,0.8143110861843336,0.9547031380836557,0.7942018107613642
7_195_195813,0.9478508382514232,0.798237601418516,0.9367082075496039,0.7615521949170342
7_195_195882,0.8388231725811344,0.7562042310821806,0.8042975970425139,0.7068544050063558
7_195_195886,0.7962445685909373,0.8640150277687031,0.7400568181818182,0.8121508379888268
7_195_195985,0.8335509913332542,0.8861047835990888,0.8022034478821783,0.8580304891265083
7_196_196096,0.9234477359812121,0.8277777777777777,0.930319996730557,0.8394335294704298
7_196_196240,0.49872614646817864,0.16289342904472667,0.4924617544896903,0.1562298732127413
7_196_196386,0.9059499384489126,0.8965808595730299,0.8784233022004115,0.8680916197452577
7_196_196416,0.9067065298634233,0.9074635484336654,0.8807200316497429,0.883926017732863
7_196_196513,0.6333522578391125,0.4362982222759705,0.5800465421564532,0.3559818039579289
7_196_196614,0.8993787377344249,0.7750726951365529,0.8855724200191841,0.7509840835187404
7_196_196631,0.8976752699981695,0.5446603949136772,0.9000996381561697,0.5561519405450042
7_196_196740,0.214398213985351,0.09886516637814964,0.2087607760225124,0.0859760224306294
7_196_196751,0.7251358991085018,0.5020752269779507,0.7298709083513519,0.5247222903598837
7_196_196775,0.9328643438763641,0.8074257676159644,0.9106259410625941,0.7924138625831151
7_196_196776,0.954338210275604,0.8504542701393095,0.9351817909154531,0.7848922124204007
7_196_196820,0.9525768663044503,0.8450089952570463,0.9423005335649585,0.8130930802857448
7_196_196827,0.9684061408710549,0.8983196897888841,0.9607138187998431,0.8735019973368842
7_196_196847,0.9613539651837524,0.8735829401311355,0.9577351556219134,0.8677986658580958
7_196_196980,0.8809556501441713,0.8664578405676661,0.8787685290763968,0.8633473229047437
7_197_197004,0.9597834022876612,0.8720147265416849,0.9543697529745727,0.8306804430792144
7_197_197020,0.9395543381699734,0.6626269465132024,0.9351722130237805,0.6288060098391172
7_197_197036,0.9131633023087151,0.6777901963915056,0.8823830817961618,0.5822971121149063
7_197_197085,0.8967959236548925,0.8303389830508474,0.8910738053325319,0.8135121667635579
7_197_197087,0.71037086798397,0.5256689850288813,0.6791817940317011,0.49396889986920506
7_197_197089,0.9522461203375987,0.8939881565396498,0.9263849168520284,0.8297209765819631
7_197_197102,0.7785384160961879,0.588047933582226,0.8552541910862751,0.6367630385487528
7_197_197113,0.9519400872744428,0.8779788838612368,0.9333371877890841,0.832259009668913
7_197_197114,0.9587913813681764,0.8741794310722101,0.9500683994528044,0.8518252758094896
7_197_197134,0.8569110863686973,0.6313634007257647,0.846296412640573,0.609059375637625
7_197_197135,0.9554990001817851,0.8444263220626058,0.9504768097095796,0.8303094320864919
7_197_197182,0.6269024585618338,0.4906704569510388,0.5594238352563167,0.47136807817589577
7_197_197186,0.973509460906819,0.8547644026821146,0.9701913728094097,0.84259846084201
7_197_197349,0.36717375325745594,0.15717617129531483,0.3609946239502469,0.1318937659169217
7_197_197350,0.8682348560079444,0.7666472529605902,0.8465723612622416,0.7497130285058351
7_197_197374,0.7845492289442467,0.5757879124953652,0.779126660044881,0.5664667574230104
7_197_197381,0.5648386430881442,0.412054586808188,0.5574585410243524,0.4223481494598902
7_197_197390,0.8869091048730847,0.6961119587520387,0.8658851728399686,0.6431812515582149
7_197_197411,0.9082115371037209,0.6852509146507945,0.8871455057337088,0.6209883629911809
7_197_197500,0.8898658028690422,0.6921854041432759,0.8977938305349473,0.7090233019335647
7_197_197514,0.8552155984320114,0.5708951185193203,0.8173900350330868,0.5274152782792593
7_197_197520,0.8215868019120904,0.6475855452510393,0.7948941679801846,0.6157454529362305
7_197_197546,0.6634942371334018,0.2950997163335571,0.6386380019505576,0.2737062518695782
7_197_197589,0.9397193180747857,0.8696502714787607,0.916501539493339,0.8122592211160697
7_197_197633,0.8890599675850891,0.8482625029349613,0.8828525641025641,0.8428273706147968
7_197_197636,0.9102818900831474,0.7033748983464353,0.9039026944299006,0.6841218493058364
7_197_197678,0.8976204294834591,0.8720151953690304,0.8798044120991585,0.8372897687456202
7_197_197679,0.921892131780922,0.8597277343916698,0.9086054631341138,0.8427037271004422
7_197_197680,0.8885380116959064,0.8716182154259788,0.8558797026357288,0.8300707017041972
7_197_197682,0.904292751583392,0.8937074148296593,0.8878361211094643,0.8696357878068092
7_197_197687,0.9172737574874534,0.8692120227457352,0.8957029400936202,0.841988255033557
7_197_197710,0.9200829875518672,0.9063992359121299,0.8918248058291296,0.8703589108910891
7_197_197734,0.9588787577864043,0.8335987261146497,0.9532420910926632,0.8127116678264904
7_197_197741,0.9574158325750682,0.8475266123982467,0.9544235924932976,0.8436988543371522
7_197_197748,0.9030422411906325,0.7101006301137966,0.9034649012341237,0.7380153283574613
7_197_197852,0.9738917975567191,0.9188094209161625,0.9640575907191935,0.8901424863605064
7_197_197860,0.9703839028406752,0.8963244012331041,0.9573528291828497,0.857215824665676
7_197_197876,0.9410216089192006,0.7569285532672261,0.9243075330054362,0.7102300884955752
7_197_197897,0.8956306744487679,0.8818443804034583,0.8914122060425155,0.8751230278266575
7_197_197974,0.38875114784205694,0.2781307550644567,0.3756664549764433,0.2546786192874636
7_197_197995,0.9481941433662784,0.8747714356313319,0.9409250606686226,0.8582707866263768
7_197_197996,0.9433770437380695,0.8179393015521065,0.9286341453453943,0.773270013568521
7_198_198044,0.9638238596199427,0.8650295189046602,0.9535658468372131,0.8369598717869691
7_198_198073,0.8293553580177784,0.7831817391808122,0.8073665952453831,0.7358017576718052
7_198_198095,0.882546439628483,0.8797091870456047,0.8394777971867243,0.8414676966292135
7_198_198179,0.907716484231061,0.58225310704263,0.898042428884416,0.5592236176806393
7_198_198183,0.9766104294478528,0.9048057024603358,0.9714036712239229,0.8729250785105428
7_198_198209,0.2682910397484842,0.0,0.26885858313079486,0.0
7_198_198394,0.9433951813901966,0.8942388815234422,0.9421428176337187,0.8927459899449366
7_198_198400,0.9062626262626262,0.8491490244914902,0.8769703772387878,0.8209028060187068
7_198_198450,0.8605880615116694,0.5744026005463914,0.8541093986471878,0.5560356652949245
7_198_198494,0.9359156279961649,0.8242460338946342,0.9182591032199819,0.7750104646295521
7_198_198520,0.933546562343052,0.7606423777564717,0.9362925665827481,0.7731799284540268
7_198_198545,0.8599202392821536,0.7177674035424962,0.8334597875569044,0.6581626079113516
7_198_198568,0.8691447892662546,0.7046816642056806,0.8513034674765882,0.664256460951843
7_198_198603,0.8152599667328433,0.3670796158436097,0.7994738226782425,0.3516696105643872
7_198_198638,0.9369557645419715,0.8836932170265503,0.9263282056322799,0.8647517863858594
7_198_198640,0.32334135038423184,0.26122536549483555,0.31644734955993237,0.25122258788792173
7_198_198642,0.8410842047330765,0.9267675979397534,0.7957874270900842,0.89708920758386
7_198_198659,0.7105763414844898,0.6845676112937739,0.7211323352262949,0.7249468129196254
7_198_198720,0.7793406266279675,0.9234032048117061,0.7138377641445126,0.9004423809732381
7_198_198728,0.6476092072785719,0.21931900946831756,0.6316201993057888,0.2098531501657982
7_198_198748,0.6321160042964554,0.5391705069124424,0.6044082931335317,0.5175197356706172
7_198_198769,0.90881876843249,0.6817873149531442,0.8939711207084587,0.6583615617757176
7_198_198781,0.9250406210507311,0.5379590078610144,0.9380838194767546,0.6552539951790018
7_198_198918,0.9300218769282549,0.7516581690204395,0.9176028928699589,0.7294139210924254
7_198_198953,0.9392183043029678,0.8678226167131111,0.9241813677203665,0.8371000979696632
7_198_198958,0.9509088581669227,0.8724760013240649,0.9443385436523065,0.8595713229859572
7_198_198970,0.9470357933633444,0.719888876704317,0.9434555126856073,0.7157748436414176
7_198_198998,0.949852959196177,0.8192090395480226,0.9383811852791112,0.780796508456083
7_199_199045,0.8589495122031338,0.6855651029889405,0.8634862991086167,0.6926978932296993
7_199_199048,0.712232556878271,0.4329104763526457,0.7650084384794663,0.4301699656677828
7_199_199051,0.9807127408889893,0.8976973404707281,0.9729396506172642,0.8593756494991063
7_199_199059,0.869248757673195,0.6067611524163569,0.8256285032465731,0.5381313598519889
7_199_199073,0.6031685277329384,0.21039313565365417,0.5729100896577851,0.1888848446244142
7_199_199143,0.7054617002510347,0.11681774867446917,0.6960823693230506,0.10389672944463176
7_199_199241,0.8825605647360821,0.9015314983421925,0.8850260939381774,0.9014757628275826
7_199_199273,0.8671469564686489,0.7480385563774938,0.8448950551405194,0.7290480427046263
7_199_199281,0.19204234293494057,0.06800567399214687,0.2023363275765713,0.09971258014592085
7_199_199309,0.9705718839183128,0.9091279780975127,0.9619537275064267,0.8813802606648676
7_199_199366,0.2557551745337796,0.43545028630921395,0.25104026845637584,0.4325072417122626
7_199_199393,0.34129821958456974,0.0,0.34129821958456974,0.0
7_199_199395,0.923661093794276,0.7203899605890894,0.9107826427114476,0.6782499371385466
7_199_199412,0.39421014492753625,0.0,0.39421014492753625,0.0
7_199_199422,0.35577762187505346,0.17361134732473893,0.3476727078178292,0.1801473380420749
7_199_199442,0.9145056048184708,0.9092948586012431,0.8819807501541597,0.8770213535284547
7_199_199464,0.9268881203249417,0.7328097731239093,0.913002401291186,0.7067388223167118
7_199_199546,0.9629104769351056,0.9023236962982978,0.9376695056382928,0.8378519631541125
7_199_199569,0.8994503876729807,0.7994595363390699,0.8835570789298296,0.7818387339864356
7_199_199642,0.6806786703601108,0.5857070883230632,0.6544137197553842,0.5588278821962409
7_199_199643,0.9256630726536554,0.8955113413731551,0.9220679361346058,0.8876770661336578
7_199_199669,0.6827403928428819,0.5434357905704611,0.6806347539015606,0.5451632939945732
7_199_199691,0.9283841754051477,0.8692421114715423,0.9056286592081618,0.8278107861060329
7_199_199692,0.48076641801959924,0.6941145990759532,0.46408217828748327,0.6613739065544546
7_199_199936,0.9250649624271368,0.8916764667450673,0.9048403707518022,0.8563426898351474
7_199_199947,0.8874451709012663,0.8645026995381513,0.8884386371154482,0.8705377462773912
7_199_199952,0.8877863448429992,0.6093430113530616,0.8706405538030144,0.5633853649733827
7_200_200012,0.9586744420769318,0.811189716159089,0.9397742680200813,0.7319515698748205
7_200_200055,0.7999496728736789,0.6733411025179221,0.7597358685707466,0.6224090597117364
7_200_200346,0.9640323408170125,0.8283090267443344,0.9577571210177652,0.7993983203108679
7_200_200378,0.8530405405405406,0.8849281648143128,0.8457776717557252,0.8820326678765881
7_200_200384,0.9408298551436288,0.8182942859352045,0.9352906806894536,0.8036903759283363
7_200_200407,0.66200599229562,0.5431451612903225,0.6485882024042494,0.5198393953708077
7_200_200443,0.9721572794899044,0.8327918141700209,0.9605358574100226,0.7531838565022422
7_200_200555,0.763294255999412,0.9372460496613996,0.7530566617760078,0.9330553625202687
7_200_200585,0.3664982653746699,0.0,0.3603209930155973,0.0
7_200_200654,0.825258875739645,0.7609015910430171,0.8075392038600724,0.7393583762204801
7_200_200663,0.9365158344553064,0.847518445349353,0.9267417291383253,0.8190599599481683
7_200_200704,0.9672095600636053,0.8722978009690645,0.9606459330143541,0.848914589930699
7_200_200707,0.6282022651140533,0.34542548554269387,0.6123585023012813,0.3336252615189997
7_200_200717,0.9557506635942012,0.8369413031771675,0.9408087180957844,0.7836202399582681
7_200_200731,0.9128461958465912,0.6640552135795561,0.914500645595913,0.6659920545686231
7_200_200745,0.9391295577184932,0.8361725511746119,0.9315944635986608,0.817613906430366
7_200_200846,0.9295734731472297,0.8423582185197053,0.9216679386664817,0.8229585798816568
7_200_200848,0.4684866430221586,0.6869998545031282,0.46075957453604627,0.6851932419694003
7_200_200910,0.8465456445082931,0.861778170428078,0.8296675191815857,0.8388397091368953
7_200_200932,0.40116864145430936,0.342727825954663,0.3920878144728911,0.3348469368448935
7_200_200933,0.2977883719828879,0.20127805584411496,0.2969364944428702,0.1989446573277216
7_200_200940,0.9035267650367234,0.8415857518373477,0.9109062980030722,0.8580279884627711
7_200_200941,0.5240377470649428,0.5161255135803366,0.5159862452443664,0.5030803040674424
7_200_200973,0.9341522897660555,0.820374081496326,0.9167401269393513,0.772583252505658
7_201_201035,0.0074658999361057864,0.8287087860090093,0.009216813576248501,0.8463067628142662
7_201_201080,0.9547517068826598,0.8936569163184399,0.9450406640395741,0.8696227313614477
7_201_201121,0.97215084643289,0.9003635384408241,0.952027201833167,0.8328692611539209
7_201_201126,0.9547396472230447,0.8732360679263335,0.9401529241578839,0.8337709317929868
7_201_201151,0.6934922166743591,0.613472427809497,0.6853752979922556,0.5743850602745453
7_201_201161,0.9330266395634963,0.8812807355142185,0.922698932685195,0.8715104553656724
7_201_201213,0.8837310404791807,0.8251851851851851,0.8674281922457104,0.800510340099783
7_201_201231,0.906580259222333,0.8658641444539983,0.9022858824683606,0.8682616125524313
7_201_201292,0.9457136756699049,0.8779925155072538,0.9326362251064053,0.8642139782742365
7_201_201326,0.8856228517245467,0.8990897066832646,0.8330917605084179,0.8441985645933014
7_201_201366,0.9506802721088435,0.8590192314929811,0.9497444891294488,0.853440168528759
7_201_201394,0.8982787078519218,0.9211954606329739,0.8729433272394881,0.8754976601243277
7_201_201412,0.13005082446013386,0.38759995494988175,0.13048745312950677,0.4019939265455796
7_201_201516,0.9298550409902818,0.8974275480299577,0.9060750132065505,0.8620978018477222
7_201_201545,0.9700733043911466,0.8906712247715469,0.9571308194649252,0.845685344274907
7_201_201725,0.9169494909163506,0.8897023200732088,0.912010063559322,0.8832070033094908
7_201_201727,0.9141960470085471,0.9040496894409938,0.8905630967071507,0.868174614608846
7_201_201743,0.944042917815364,0.8538499046943571,0.9377493138151876,0.8400561206594177
7_201_201758,0.38437737170879793,0.43204564587035826,0.38115449915110355,0.42749766573295983
7_201_201820,0.9011926328502415,0.9146113102562731,0.8847435043304464,0.878276155976987
7_201_201903,0.5146036161335188,0.5950762552122009,0.5099903319368353,0.5984577876056019
7_201_201983,0.8658267611281915,0.6517357222844344,0.8418660520079213,0.6084529505582137
7_202_202033,0.4472683124241198,0.3509392637520007,0.43368388008161984,0.34095253927354335
7_202_202075,0.8766385085930672,0.8483738148302044,0.8455971612662246,0.8071562534475785
7_202_202157,0.9243948600458213,0.8968899098780704,0.8889950324799388,0.8246335818976601
7_202_202166,0.8077280013498692,0.7932896017074166,0.8086338074760172,0.7718607797318903
7_202_202183,0.5064203420798863,0.41150352148616925,0.4791586630810603,0.39531784349225507
7_202_202200,0.9714745129158227,0.8997972138952566,0.9667213693678722,0.8799112387416786
7_202_202235,0.9690375255142094,0.8401380103507763,0.9582945158685796,0.7866441488987405
7_202_202260,0.9380313621764594,0.8828828828828829,0.9283376963350786,0.8607029388403494
7_202_202280,0.951043846415884,0.7152494908350305,0.9376599153494823,0.6696410627436794
7_202_202289,0.9519347319347319,0.889250058045043,0.9451490464728753,0.8657264075220732
7_202_202293,0.977974336613928,0.9210995041640592,0.9727142291707896,0.8992884250474383
7_202_202296,0.9775280898876404,0.901711574309439,0.9720521403107737,0.8796816739941009
7_202_202308,0.9218851712016665,0.8767939191105565,0.8979682258370782,0.8349752323704569
7_202_202335,0.9490759372194533,0.8354306343476019,0.9391871489824265,0.8000303444090426
7_202_202345,0.8925983943606814,0.8683947491170787,0.8743665742422794,0.8408558792924038
7_202_202363,0.19838340050349398,0.019931457431457432,0.21592431037660503,0.013875823142050799
7_202_202422,0.9292008872369762,0.9091997086065148,0.9112168752570656,0.8866659738100187
7_202_202435,0.4381625804332878,0.11313785841568119,0.4366434853753324,0.10902890548879507
7_202_202443,0.15341975098072658,0.26266780476449136,0.14254731861198738,0.24604654632254214
7_202_202446,0.42357877500895463,0.33684439473030076,0.41536840520809815,0.3273223715794527
7_202_202466,0.4149689508661074,0.3724160034186208,0.37668602933937184,0.3043457428968425
7_202_202489,0.9319024661598369,0.9131693198263386,0.9201716738197425,0.8870987937726951
7_202_202553,0.8109007583610671,0.8457494049522185,0.7970960137162452,0.8224725312694354
7_202_202565,0.7924907673368896,0.6963462694542782,0.7751135690302192,0.674410940846927
7_202_202576,0.9679887645890842,0.8837822756556587,0.956621605455198,0.8450357230845036
7_202_202578,0.9423206873250314,0.8285249297233318,0.9323336994412874,0.7962187905902728
7_202_202587,0.5178233239341778,0.4354713732242789,0.5209403315378512,0.4271116010854817
7_202_202607,0.8859588647592784,0.8168319180226766,0.8813646201161863,0.7782825783815392
7_202_202613,0.8470265324794145,0.8817204301075269,0.8348656931674779,0.8750342559605372
7_202_202637,0.9260506152774554,0.8525990980299074,0.9157387211571576,0.8340370631011025
7_202_202638,0.8926976111866382,0.7054503020318507,0.8572138994218934,0.6359892285759544
7_202_202708,0.7947551055236362,0.6737150292778139,0.7708493995813595,0.6383902568175801
7_202_202722,0.9470129429717967,0.8803791655733403,0.9472702083745653,0.8743570422304492
7_202_202723,0.9070689828296014,0.9068038669986817,0.9098331737311628,0.9064924608402869
7_202_202729,0.5747544072130265,0.41925098243454384,0.5705697682185559,0.41439404644152417
7_202_202783,0.9156954649100583,0.8360274579273693,0.925500899447925,0.8436213991769548
7_202_202789,0.9040145305514158,0.8876490802506569,0.8866876167053787,0.8327416173570019
7_202_202818,0.96505762485385,0.8753508929104701,0.960975934051323,0.8614272166903746
7_202_202920,0.9693616335086976,0.867504702481993,0.9571547751469888,0.8140216811800248
7_202_202969,0.9324885960466295,0.8796169630642955,0.8869070574623987,0.7949447895100069
7_203_203002,0.9703893827469638,0.918481588384501,0.9589345172031076,0.8859181568088033
7_203_203015,0.897020097020097,0.8512982900569981,0.8962379464892027,0.8503828291703276
7_203_203031,0.8969142545057346,0.8253374233128834,0.8704426652550784,0.79559729616558
7_203_203068,0.7794146662282144,0.8462342620789964,0.7798602494612421,0.8428247048138057
7_203_203069,0.7451645218463435,0.6215981972612238,0.7060971157356699,0.57269981663251
7_203_203099,0.9797102358253889,0.8921268519652259,0.970894132257063,0.8513427364730257
7_203_203100,0.5113263528045086,0.38652941577476313,0.5060514254641497,0.3678957768177099
7_203_203101,0.9772146340698459,0.8862980866880611,0.9674479975162993,0.8393768041440943
7_203_203146,0.3299568965517241,0.24656693679778252,0.29382470119521914,0.23576495894434218
7_203_203209,0.9409615544299593,0.8523267099146958,0.9295071229736368,0.8380771012404138
7_203_203246,0.9717245934120367,0.887455884275195,0.9608162268834048,0.844571526118129
7_203_203252,0.8706153326007945,0.7349819881218966,0.8627320264161163,0.7250127975428717
7_203_203283,0.9155844155844156,0.7799815295307622,0.9217873450750164,0.7895762299074525
7_203_203446,0.9751712866930669,0.8948265315039762,0.9717507046664579,0.8822738121067477
7_203_203453,0.8255008069875629,0.8793621138319877,0.8077603052014516,0.8668119387216059
7_203_203526,0.5460998661420516,0.44213435885109964,0.4851388838851461,0.40447407072647157
7_203_203706,0.6652940011878836,0.6889527539161192,0.6732796514568017,0.6905336383292076
7_203_203760,0.9157161304207468,0.8045161732456141,0.9070403825717323,0.7874865156418555
7_203_203763,0.9260522496371553,0.8818815558016809,0.912543728135932,0.8588011417697431
7_203_203765,0.9187372495684469,0.8332459875532263,0.9196115597330772,0.8347591321601665
7_203_203849,0.6558747498332221,0.41185033426784556,0.644746818582348,0.3934400042597375
7_203_203851,0.6818782624280305,0.4240340719296292,0.6727726710270462,0.40699566908499074
7_203_203897,0.31894403663546367,0.15153031761308952,0.31128046777478485,0.14612884725673866
7_203_203899,0.8346884957696956,0.6908337125233834,0.8142461079121348,0.6456056295852672
7_203_203906,0.9509573699421965,0.9043360433604336,0.937258901254822,0.8721386180584993
7_204_204017,0.9470457079152731,0.8804551782579747,0.9339259851171153,0.8475935828877005
7_204_204029,0.4505722239406124,0.5133126098121368,0.44839479559627377,0.4878271454656117
7_204_204044,0.97345748229316,0.8462630924906799,0.9643768042826313,0.8182044798974395
7_204_204115,0.9590919839205486,0.8874520480138597,0.9346837536171972,0.8367532782904322
7_204_204119,0.6172681443546452,0.44076365831572595,0.6006852515184551,0.41905184527771616
7_204_204201,0.39660867650297293,0.5981385281385282,0.3882385910452909,0.5647850372376438
7_204_204208,0.9638790253459042,0.8929790866410585,0.9518166979021825,0.855967651979922
7_204_204227,0.9571496163419803,0.8513917395844586,0.9452519183143193,0.8148682405094466
7_204_204229,0.5809852977297449,0.37990037819389355,0.5628675345864917,0.38375709232485816
7_204_204239,0.7554729865434826,0.6657442825750793,0.7375149272723713,0.6744127091431469
7_204_204261,0.9092184368737475,0.7660920308254265,0.9101012758121794,0.749313369362984
7_204_204300,0.7255662587867743,0.541334559574903,0.7202222509368136,0.5369882448317795
7_204_204312,0.9137877694132206,0.8331466965285554,0.908601604549609,0.8347341580885825
7_204_204391,0.9600853282768429,0.8538085255066387,0.950244679107448,0.8163656267104543
7_204_204406,0.9746154587200154,0.8298696122530319,0.9735293646085521,0.8169077757685352
7_204_204419,0.8932480548595543,0.8279439569496291,0.8609700355510411,0.7914287062821541
7_204_204588,0.8300033238541936,0.5850611575178998,0.815911562160203,0.5605120951655606
7_204_204589,0.15581742031660395,0.20161122876956938,0.15390188608689556,0.20415855001270433
7_204_204599,0.6946339383603363,0.6019907963185274,0.6850878241127972,0.5797434893283728
7_204_204609,0.9490514905149051,0.8560497369679579,0.938703587161737,0.8240041289353915
7_204_204661,0.9407025287845348,0.8266153187847668,0.9345424827986186,0.7992531930241439
7_204_204729,0.9669897386966638,0.8488629833347016,0.9558161847416132,0.8009598080383923
7_204_204731,0.6704476065355365,0.44488972007005667,0.6495001514692518,0.4381617151069009
7_204_204745,0.9597759160189765,0.8588458880442295,0.9382615559173203,0.7832430179241351
7_204_204777,0.7837204346899638,0.5833542241163199,0.7750223646160568,0.5281419928909394
7_204_204789,0.9489945184780337,0.789843865075858,0.9416988970061596,0.7609432518132448
7_204_204802,0.853433382326397,0.5596134716498508,0.8414413956208835,0.5244454402868026
7_204_204804,0.9506594484612869,0.8747438874470701,0.9474332054159728,0.8685893075772004
7_204_204911,0.9652994058268726,0.868362130877445,0.9702725930496485,0.8876657599455967
7_204_204934,0.9285365456617288,0.8411667965030728,0.8922174423152132,0.7686493591850148
7_204_204940,0.9708730063075007,0.88506075768406,0.9566189712838172,0.8140140568696707
7_204_204947,0.7922129257526846,0.7481394596343633,0.8229052573932092,0.7875773834089971
7_205_205028,0.8990443518745406,0.8442640162385385,0.8792374571269044,0.8214236635976364
7_205_205039,0.9473312872614386,0.8586848523168639,0.9405787961600448,0.8541554959785522
7_205_205040,0.9501013695229427,0.869361452841242,0.9149061725480939,0.7657248570467541
7_205_205157,0.967062902426944,0.8726345456985639,0.9613329583802025,0.8474308300395257
7_205_205159,0.9720495894380937,0.8988201644619235,0.9640143048725972,0.8689647100134605
7_205_205162,0.9643115305974927,0.7968468714199989,0.9608028626660634,0.7800539083557951
7_205_205166,0.9427193062807242,0.7956066493955095,0.9424990112263836,0.7936773844906782
7_205_205174,0.6468168416636562,0.5236835141571844,0.6423611914736038,0.5170834568877467
7_205_205250,0.922343960951293,0.7250092216894135,0.9182926204742152,0.7060106310481123
7_205_205266,0.9257879045996593,0.8986925116576758,0.9053343741868332,0.8909090909090909
7_205_205299,0.8726594611051911,0.6558189880931596,0.8629619504436216,0.6357107996932302
7_205_205328,0.9679350249994132,0.8489945970032864,0.9583139696997862,0.8062049140315669
7_205_205332,0.8847427023773698,0.7969362129583124,0.846109576427256,0.7410567929804261
7_205_205363,0.9474346076458753,0.8357629732822528,0.9343241987923827,0.7982993197278911
7_205_205373,0.9503265386898871,0.8386991445177301,0.9406347962382445,0.8075553294327144
7_205_205377,0.9612746965656126,0.8614226754066521,0.9558978232136596,0.8443826153698551
7_205_205420,0.373788026299996,0.13663320507998958,0.37271433700812534,0.1336619139822801
7_205_205422,0.09955271335932027,0.33137337253254934,0.09942350173308669,0.33190533043050774
7_205_205457,0.884994793664712,0.6196762589928058,0.8642436201701288,0.589045899225078
7_205_205463,0.9644596846558133,0.9089054419509418,0.9518346449227268,0.8790330036054359
7_205_205479,0.889855687606112,0.872995406559755,0.8692776686989769,0.8440907282132909
7_205_205500,0.777120395509989,0.5815860878145042,0.7622219578922327,0.5651557236569943
7_205_205509,0.9496317045336653,0.8588071512309496,0.9327765328987574,0.8107244318181818
7_205_205544,0.9544503139639191,0.855536286720269,0.9418950256393507,0.823898718414362
7_205_205569,0.5805155089558759,0.4766821545345035,0.5370062202116488,0.4233817701453104
7_205_205643,0.948994800119233,0.8868781856256668,0.926489595450433,0.8252277882434355
7_205_205687,0.843431277319087,0.7662960851387305,0.7977129788450543,0.6951907879882592
7_205_205702,0.9332810259462677,0.7487717434603638,0.9294158368390223,0.7443536761172513
7_205_205703,0.3037371228172719,0.631280824258997,0.2915812871183968,0.6792026870767028
7_205_205721,0.8328926905132192,0.7305225653206651,0.8041329739442947,0.6999182815783329
7_205_205756,0.9523885971148774,0.8388495335423682,0.9374831035414977,0.7890104127650012
7_205_205773,0.8658280922431866,0.9557161906098673,0.8395277069636388,0.9407530454042082
7_205_205900,0.9286675639300135,0.8279774101654256,0.9161416307431561,0.8013789706968727
7_205_205968,0.9446544383877771,0.8336432378827321,0.9321715292735461,0.7975974888325486
7_205_205976,0.880443221116522,0.5181052631578947,0.8739054290718039,0.49919776196157484
7_206_206016,0.835086003097742,0.7330313875779939,0.7791985088536812,0.582220146349058
7_206_206022,0.8934517679368349,0.6837985242220084,0.8837120569781245,0.6600705823040081
7_206_206025,0.8473590353260869,0.7923432794113081,0.8348919970206075,0.794909895668669
7_206_206026,0.9584262595070624,0.8691930980822921,0.9557913852789286,0.8612385842155482
7_206_206027,0.9493489541880233,0.8276717351450448,0.9402161992793358,0.796737633725241
7_206_206051,0.9491210613598673,0.7805344447168424,0.9416209841221307,0.7435639292391774
7_206_206054,0.5400467449549652,0.27630693619635494,0.5356506742811908,0.27379937064376675
7_206_206284,0.9475591996960872,0.7438623622656099,0.9394990426567061,0.709822780975462
7_206_206305,0.16825104437354035,0.00015514299012256297,0.1636904761904762,0.0
7_206_206320,0.8058379251377541,0.5777621011504233,0.7770216264358629,0.546180702496826
7_206_206323,0.921578127703755,0.778750244474868,0.9072654501051489,0.7393867924528302
7_206_206330,0.7627429409607628,0.7928324910637249,0.733088936875408,0.7723646810721599
7_206_206416,0.4720517377205357,0.5514016489988222,0.465909912515364,0.547268160924987
7_206_206481,0.5514547939855498,0.3823229117801264,0.5403446363340793,0.3594704684317719
7_206_206495,0.958551009042934,0.8002692998204668,0.9559457386889494,0.7908571428571428
7_206_206548,0.9748985469302265,0.9046714774022028,0.9645146668393447,0.8666625417646331
7_206_206592,0.9406911476296748,0.8207067356596347,0.923331896980344,0.7763578274760383
7_206_206596,0.9339897992275715,0.7732920589879186,0.9167508296061174,0.7522330097087379
7_206_206605,0.807595467897608,0.846613321311845,0.7699221090473337,0.8036949006050129
7_206_206606,0.8124641559931179,0.7803785418299921,0.8010185522008003,0.760641781270465
7_206_206631,0.9250427559247496,0.8503992231333621,0.9102453929151151,0.822459722443771
7_206_206703,0.4385653314953742,0.21932742054693274,0.4308352849336456,0.20933805904406794
9_100075,0.9205030546253931,0.8292949478548679,0.9081191206801147,0.7854875982129101
9_100080,0.6494447126991791,0.42862840903425237,0.6308774834437086,0.40811348929815827
9_100098,0.9383392154476492,0.8316335251552618,0.9262102708938303,0.7988764669892653
9_100633,0.9143536875495638,0.752191139392484,0.8991885910990902,0.7073511437052558
9_100999,0.2628331498502266,0.22769111101508147,0.2581083119625886,0.22440757267252956
9_101_0136,0.8589464674203787,0.6621486714790354,0.8392888208482655,0.6203242595574194
9_102_0208,0.8234309623430962,0.6006422018348624,0.793545787299775,0.5651492069181826
9_102_0260,0.8179880031798801,0.5537301373552383,0.8017922289519357,0.5309427668539326
9_104022,0.812309122294516,0.8758884409160813,0.818739222073194,0.8719247760710088
9_105025,0.35679585110205103,0.3933277402161575,0.35198102893395544,0.34974696356275303
9_105053,0.1650733499842104,0.2384846875553195,0.14330218068535824,0.23120307504400617
9_106020,0.9279149913842619,0.7100702801578896,0.9100901051691913,0.6553592461719671
9_106024,0.27516934616390964,0.5053604247498469,0.26176722589204277,0.43750331723369246
9_106025,0.9344253548180557,0.846197467078319,0.89760917421799,0.7653880463871543
9_108005,0.9055522228887556,0.7862182116488925,0.9092367636947055,0.7951295252104273
9_108028,0.9179141716566867,0.9429726088908846,0.8948446157552397,0.928299974664302
9_108041,0.9169772785294869,0.7381091760573687,0.8941685739874614,0.6775504484304933
9_108070,0.9052771766272681,0.8541244573082489,0.8725420516465292,0.7993108201240524
9_108073,0.8953345610804174,0.8351486271840254,0.8768947274564585,0.8016245786594464
9_108076,0.03463376203484862,0.0,0.0344666076101455,0.0
9_108082,0.9247632116202015,0.7990320145641845,0.8899483129474461,0.7144061367276405
9_108_0873,0.9135139600198249,0.8317801295214026,0.9091805703953316,0.8226070676339808
9_108_0881,0.9311498846541248,0.8565249498892288,0.9229406269127928,0.8274319403502688
9_108_0883,0.8937457396046353,0.8124109545670413,0.8879390605162929,0.8054725585783928
9_108_0892,0.8928474299700843,0.8419280670060766,0.8898076577386302,0.8403702500811951
9_109034,0.7856247388215629,0.7847977789449989,0.7699841185812599,0.7562285223367697
9_109053,0.8808796924468566,0.818270364484544,0.8645418326693227,0.8004239854633556
9_109256,0.8307345096430037,0.8728373239059404,0.8128812881288129,0.8553847779010194
9_109272,0.9049955206689134,0.7499857102029152,0.8811113414887,0.6903804347826087
9_109_0936,0.9327452364149612,0.8331977952471311,0.919890079309865,0.8001593413889257
9_109_0946,0.9431963237171305,0.8896131500637665,0.9423518408298615,0.8848798869524258
9_109_0947,0.9431157651861384,0.8904872161190206,0.9458472500556669,0.8933444997290507
9_109_0952,0.9243787061096675,0.8734035262600461,0.9136700072050828,0.855464946445959
9_110_1002,0.9432316691038228,0.8633426216873185,0.9168485709934514,0.8026617714547958
9_110_1003,0.952809884416102,0.8680660751641059,0.9425646410290064,0.8409325870735446
9_110_1027,0.9262515262515263,0.8256267250946134,0.9258011344354486,0.8271783116846365
9_110_1028,0.9457987872788022,0.9047187261978166,0.9484753544064274,0.9043067378444669
9_110_1030,0.9149287422930494,0.8337088778729157,0.9115550647525349,0.8269209323073492
9_110_1059,0.8928302518196268,0.7806807879337344,0.9059642647428907,0.8120395177494977
9_110_1065,0.9237985212569316,0.8727890256274535,0.915451761802477,0.8598949211908932
9_110_1072,0.8875223306307545,0.8401276738716542,0.8892631289524333,0.8426234979973297
9_110_1082,0.9110780984719864,0.8230320699708454,0.9114026150449992,0.8275911986103069
9_110_1099,0.9134960735374688,0.8292260061919504,0.9194803603161958,0.8392946161515453
9_111_1123,0.9180195133800251,0.8908644785036094,0.9066320415501399,0.8732136571629708
9_111_1124,0.8971916162704001,0.8525038859228222,0.8911796048856464,0.8468196457326892
9_111_1136,0.9273668143404936,0.8262157256138339,0.9274576774576775,0.8239175845043677
9_111_1139,0.9057438325442313,0.8707559256886611,0.9041189646590343,0.8787036046636004
9_111_1149,0.9154203400503779,0.8700212068633121,0.9082293291731669,0.858800995977782
9_111_1150,0.939499687764023,0.8513760687396317,0.9306708223100062,0.8341360371778622
9_111_1152,0.8888136052578088,0.8551362683438155,0.886263421858696,0.8532701592347137
9_111_1153,0.923448936911816,0.8862924596482775,0.9158503430716782,0.873046875
9_111_1162,0.9054642166344294,0.84506129184347,0.8963516746411483,0.8295070504603194
9_111_1197,0.9372657001625585,0.9000195045835772,0.938365489987713,0.8995495845305583
9_112082,0.9128113879003559,0.8426395939086294,0.9023366336633664,0.8254475968927845
9_112268,0.7947566848998627,0.6515424912689174,0.7659119048118691,0.6293379061791547
9_112449,0.5428634507119992,0.39241285872644416,0.536,0.40017905102954343
9_112515,0.9271179933452777,0.7811877822561064,0.9181275466691936,0.7550244690454697
9_112517,0.9093006791305032,0.5790691068457574,0.9001063250434377,0.5673819048773588
9_112535,0.8183460457647531,0.8458160071018082,0.7686799208517855,0.8208145209102933
9_112_1276,0.9059995959868022,0.8772368115268417,0.9036942845669924,0.8697274031563845
9_112_1278,0.9366843335043027,0.8832254739132925,0.9463487332339792,0.9051216980043835
9_112_1289,0.9282527881040892,0.8653413062048614,0.9226876477541371,0.8584278300980204
9_113009,0.86010168584426,0.8920161471181879,0.8455832419161051,0.8883741615090983
9_113016,0.8866415804327376,0.8740509649098589,0.8900373724790411,0.8709907341411262
9_113044,0.9198944538484517,0.8575416133162612,0.9171792836590932,0.8564079054604727
9_113418,0.4341275750806652,0.30877511635826993,0.41679156852948873,0.28874850029994004
9_113783,0.9333532448692239,0.8951048951048951,0.9239748830544903,0.8902944055417513
9_113905,0.7424309808080463,0.6352717326673802,0.7192359535785909,0.5959759015306564
9_113_1342,0.9177792915531335,0.854283124339024,0.8902735762199132,0.806762923617865
9_114_1426,0.9217334692028986,0.779751807874297,0.9145110937674211,0.7575124466571835
9_114_1427,0.9298817075261443,0.8752876208007363,0.9238630556974962,0.8635050144484107
9_114_1428,0.9170868347338935,0.8764085297418631,0.915521722985518,0.8713856636930112
9_114_1429,0.9251828239264954,0.8821068938807126,0.9215132483555688,0.8778670167580508
9_114_1431,0.919723767264546,0.8524998142782854,0.914863856769862,0.8449552436733341
9_114_1435,0.916368570371284,0.8645526977166996,0.9116657490671071,0.8626446898170373
9_114_1439,0.9308521961257362,0.8995283748260399,0.9296772593616042,0.8958100881074218
9_114_1443,0.9455021991926251,0.884021598600654,0.9428477039973571,0.8784951511263726
9_114_1446,0.9097905852872741,0.8994748687171793,0.9034924020261264,0.8875723710784974
9_114_1447,0.9280643455932331,0.8700833398239738,0.9214234981869837,0.8630179464320322
9_114_1450,0.9091888308890546,0.8982415309025084,0.8988708885616102,0.8845466155810984
9_114_1451,0.9286180347122537,0.8952990598119623,0.9292700952049733,0.8974225357758447
9_114_1454,0.9300309327756721,0.8680575819472814,0.9194241512677267,0.8427363493049252
9_114_1460,0.9184564087476709,0.8252821400847913,0.9183235867446394,0.8271281348662656
9_114_1462,0.9144288150042625,0.7588943089430894,0.90670370564495,0.743349785270175
9_114_1464,0.9094491230781118,0.8888184985745962,0.899381632185663,0.882986089255366
9_114_1467,0.9409291570317427,0.874476389946687,0.9338798268974701,0.861676930364756
9_114_1480,0.9484283727399165,0.8942175143292461,0.9412347581954804,0.8750581915846016
9_115476,0.8766901329757515,0.5186250700541752,0.868001216578649,0.5119479174373012
9_115479,0.9697445411731126,0.8727406318883174,0.962510550501735,0.8480921526277898
9_115_1510,0.9255491208848542,0.8473786828422877,0.9184941708181398,0.8353797905703503
9_115_1541,0.9163627522489667,0.8647380060477502,0.9099086099086099,0.8570030689854556
9_115_1571,0.9195065858247962,0.8671088849781147,0.9245884504834073,0.8785801271931802
9_115_1579,0.8969220788582138,0.820422782498771,0.8866732200533632,0.7938925938925939
9_115_1580,0.9050271484740685,0.7752420470262794,0.90607424071991,0.776576161988035
9_115_1581,0.9216528925619835,0.902720474471377,0.9065001601024656,0.8777983289750622
9_116593,0.9252008765522279,0.8617372182517867,0.917581634108085,0.9146365422396857
9_116758,0.9661939615736505,0.9296720874433484,0.9541771696074901,0.8997803117480908
9_117003,0.9160215194856318,0.8413279474880081,0.8912104661501333,0.7938711847819439
9_117011,0.12108841977318854,0.0,0.12068709356678362,0.0
9_117200,0.8890070106884266,0.6720686805619319,0.8779233190915223,0.6531080048541508
9_117435,0.9217225176847215,0.7921444757261553,0.904626767344043,0.7480125592891976
9_117821,0.9030632367763706,0.7841760544930574,0.8823902831266663,0.7407143945937706
9_117838,0.9360134558893206,0.8105869906242019,0.9297340214370782,0.7945378454433942
9_117_1751,0.880189366351056,0.8450506882057199,0.8650539547017668,0.8274628289735231
9_117_1752,0.8629783413758276,0.8705186467575561,0.8821936357481381,0.9005131128848347
9_117_1753,0.8908796670905098,0.8875166106464473,0.8914719760616872,0.8905423026769962
9_117_1754,0.8642345276872965,0.8664968780808413,0.8532204259686939,0.8537578373096654
9_117_1757,0.9114671596569609,0.8139494932142244,0.9121916192234703,0.8139099875297585
9_117_1776,0.914694186707063,0.7437639258735939,0.9076171997246041,0.7261777301927195
9_117_1788,0.9319561110887826,0.8704270320606625,0.9295537468425484,0.8639134275618374
9_117_1790,0.8908584973719468,0.821753151568455,0.890239505536956,0.8175593648327102
9_118020,0.9427864867130522,0.8243741025160767,0.9198269175817447,0.7590808449524266
9_118035,0.1391057363908831,0.18357210295143878,0.13754544358104034,0.17507989838564286
9_118_1828,0.9420278516664059,0.8828335579514824,0.9375972611266729,0.874737989435734
9_118_1869,0.9004588775150018,0.8259141126981926,0.8975350168181133,0.8356235294117647
9_118_1871,0.8924981677311277,0.8373516697130589,0.8805750567829858,0.8155829275279289
9_118_1873,0.893792071802543,0.8212249402243884,0.8973286128097844,0.819331195602382
9_118_1875,0.9193402911995877,0.8218423687598341,0.9063986302238569,0.7960087133722156
9_118_1877,0.904205838693716,0.8340077248482619,0.8989988221436984,0.8267250022787348
9_118_1878,0.9076205287713841,0.8244643552785352,0.906728899260988,0.822990291262136
9_118_1880,0.9512685914260718,0.8517125210555867,0.9484286517096788,0.8611953102659422
9_118_1883,0.906496601926112,0.7476135761004066,0.894343819510645,0.7159243388304549
9_118_1896,0.9072636192861615,0.873162512346755,0.8954212115609786,0.8325482536764706
9_118_1900,0.9753579566232524,0.9138808502145495,0.9713854580003354,0.8947342568032223
9_119082,0.8918576407223572,0.8122646064703042,0.870838057932172,0.7733021077283372
9_119_1936,0.9508693736881656,0.8359646079111728,0.9421052631578948,0.8088945905494975
9_11_11346,0.833223176911214,0.6850869046039538,0.8148520540074691,0.6533523537803139
9_12003,0.9256963812278346,0.8730533127702682,0.8968018902459316,0.8245294117647058
9_12074,0.49954462659380694,0.2873225497170074,0.48350841781733106,0.3141186866970294
9_12084,0.8929959151140779,0.609111361079865,0.8922231817309537,0.6300095311578088
9_120_2051,0.934423201256119,0.7602240032881217,0.9321631769285698,0.754125159642401
9_120_2056,0.7770163190131495,0.32883655064470446,0.7705311444772442,0.31682581982382113
9_122048,0.34397491821155946,0.46825117370892017,0.3402863756257738,0.4625103317983233
9_123074,0.8449656105536137,0.7759428859883176,0.8529868976238063,0.8267811417382136
9_124084,0.9498644429838975,0.8673539294685675,0.9176617606220494,0.7637274862960063
9_124_2500,0.9836777863533717,0.9332102185287781,0.9743379357175193,0.9006773362105137
9_125_2501,0.8718031493238638,0.5773949976403964,0.8612991247032141,0.5459842339769222
9_125_2537,0.9791964541035173,0.9057759143818613,0.9717657073943579,0.8718556423377323
9_126007,0.27865021684456504,0.364588134588793,0.25951665529891055,0.3320675906588191
9_126039,0.2176043991074275,0.28327361995753714,0.2134860001172356,0.2850008670019074
9_126_2647,0.7975645080247096,0.42355553499560533,0.7600100942126514,0.359465966294594
9_126_2677,0.7652914798206278,0.38737446197991393,0.7342109791774222,0.34205154376116353
9_127_2790,0.8682452233032469,0.772600375615451,0.8417225315305079,0.7191330343796711
9_130026,0.8530584024727509,0.6738025945839293,0.819271948608137,0.6101968223855821
9_131260,0.7184001768982006,0.49806939381665993,0.7353625541125541,0.48611884496062363
9_134008,0.9156004730674121,0.8722510018571009,0.8771481178396072,0.8037968764612363
9_134035,0.6535832712999933,0.618917723385432,0.632168284789644,0.5772908935198401
9_134052,0.8985729967069155,0.8803978300180831,0.8877998452411658,0.8625044722719142
9_135037,0.8784393809114359,0.8911850177591217,0.859552316501822,0.8715845270398183
9_135534,0.26286430999768956,0.00013621009044350005,0.2565666544962522,0.0
9_138078,0.8574466625505934,0.7381888495004834,0.8456156716417911,0.7141871982947777
9_140055,0.06786516853932584,0.0,0.06786516853932584,0.0
9_140061,0.941586721486219,0.8331909527296396,0.9052637742256573,0.723365652860961
9_140075,0.6289856628899748,0.30857878264939015,0.6261341853035144,0.2973616534908087
9_140827,0.34688696463613783,0.1879475363346331,0.3460292836925757,0.1848521467159511
9_143090,0.22588464260438781,0.31070405080938734,0.21378236780878093,0.3245193293157873
9_145014,0.8529142993364853,0.6935981885549609,0.8265431624260128,0.6477956647257426
9_145053,0.9340351408664042,0.8731777264398949,0.9258623264148126,0.8523463422341602
9_147021,0.8776177218254448,0.8899213724088635,0.8379741033573966,0.8427413816783409
9_147062,0.8968843445548375,0.8352447956823439,0.8911706255323176,0.831208979358889
9_147091,0.3985867895545315,0.46588527792576806,0.3924481460719148,0.4049599104978557
9_15001,0.8468173542015338,0.596827061754294,0.8261149919398173,0.5766773680967668
9_15002,0.5273443706504815,0.35098684210526315,0.5162303339344568,0.3412674974898116
9_15004,0.8537968655294831,0.5851928374655647,0.8174756483498418,0.551905976425174
9_15015,0.8781976744186046,0.8246807998072754,0.8648956627020867,0.8005330174711283
9_15036,0.931910494055092,0.8594811744091628,0.9220456621004566,0.8216152419490811
9_15041,0.8629882207067576,0.813399370858711,0.8407681708577334,0.786393754510267
9_15049,0.7916029561671764,0.5646546787309586,0.7771212405427375,0.54006734006734
9_15056,0.9002515840477078,0.8250985545335086,0.8805065828436062,0.7913632079513324
9_15063,0.8876200155117542,0.8294290639894534,0.8768190581834509,0.8153636432484286
9_15074,0.6221513341082966,0.5368518031060805,0.6127778517236789,0.5232638888888889
9_15087,0.8905497529551567,0.8393473486037025,0.8801104972375691,0.8194108877808051
9_15088,0.9024289405684754,0.777944361152757,0.909238085601538,0.8046921317862286
9_15105,0.8540825405516391,0.7675255991898279,0.85888619201726,0.7644114504246106
9_15120,0.4566746511539485,0.27539261543285687,0.4367113923130068,0.2521132603847949
9_15122,0.8945131375579598,0.8961934840425532,0.8894999360532038,0.8799967434665799
9_15130,0.911726591284462,0.634478391641602,0.8998595576064603,0.5963675653426631
9_15151,0.7796695964290644,0.5874773406496497,0.7550366911274182,0.5365519198032911
9_15200,0.3950836820083682,0.06373447363062512,0.4063532727039836,0.09997949559155218
9_15207,0.8818104316825545,0.5898127267379155,0.8728286183331424,0.5947925550594492
9_15213,0.9287600145666424,0.8338831650002537,0.9132191051136364,0.7651992654722318
9_152_5246,0.8776784262721509,0.5859615840645008,0.8401431461023806,0.5255777720072708
9_15319,0.8709576465679115,0.8960585075399651,0.8615035578013819,0.8857471117635795
9_153_5325,0.9758133624892882,0.8654270674138224,0.9727134842215318,0.853549610280177
9_153_5328,0.684931962604385,0.4133062566482932,0.6727997646981928,0.3858505714555587
9_153_5366,0.2535399824931775,0.19092584062643944,0.20060294956408375,0.16953636992713803
9_153_5398,0.9216436327739388,0.8142797755144461,0.88050907376856,0.7596845047923323
9_154_5439,0.9667228853139596,0.884443691021077,0.9520250415229334,0.8376129208869423
9_155060,0.23255285292111844,0.1618443397737832,0.24694526585951013,0.1686186376297797
9_156065,0.07841471669564525,0.07059254872098598,0.07205405273556602,0.07392498401113577
9_156079,0.6602507699076111,0.6305747746128733,0.6299968850586647,0.6231745842522501
9_157_5727,0.8937632135306554,0.8045490350531705,0.8728192422834727,0.7677351044373857
9_158_5813,0.9552427915896171,0.826845379336882,0.947482771497437,0.7996734488821904
9_158_5816,0.9668180098373061,0.88542639797144,0.936492231017297,0.7853132018966809
9_158_5839,0.9741071043901598,0.9087524692296004,0.9573206876111441,0.8485714285714285
9_158_5896,0.9247683755404571,0.8160514627048553,0.9117933130699089,0.7837329925580696
9_159008,0.9222384209936078,0.758746406786791,0.9206858890345129,0.7449681254924433
9_159029,0.8545250140528386,0.7693829916785062,0.8431833078435657,0.7518849206349206
9_159045,0.8230975686769814,0.661622593452693,0.7881939248840342,0.5964734054132501
9_159091,0.9313969468484196,0.8426364375567992,0.9179860323960657,0.8090414556368412
9_160068,0.6602362715825003,0.5295772804606727,0.6349372384937239,0.4605877773452705
9_16052,0.39098757117492194,0.23560397461989704,0.3678571428571429,0.19702005730659025
9_160_6083,0.9267573063274989,0.6517820565342073,0.9334115805946792,0.6370722864264673
9_161062,0.4452928435469403,0.48561723808512897,0.44280306326690455,0.4827346960559321
9_161_6109,0.9560049115656922,0.8251067374778714,0.9381858270946569,0.7594841805368121
9_161_6143,0.5670315921176102,0.2955066384119708,0.5589196522168095,0.28027181991930344
9_161_6144,0.40827803396693285,0.09103983891845246,0.40408912966845395,0.08524011299435028
9_161_6145,0.8883568203584622,0.7410998092816274,0.878397518041411,0.7205721431921213
9_161_6146,0.9133472125838538,0.7537674353402958,0.9026152158010241,0.725400301081155
9_161_6155,0.915443142093358,0.7224208892787262,0.9034051706643939,0.6879699248120301
9_162_6230,0.1334724372349734,0.0,0.13217136287137787,0.0
9_163014,0.16737952666096378,0.23879423993509785,0.163065884404979,0.23607683500826868
9_163062,0.20888772481229265,0.42954612874517945,0.20746838463373896,0.41645966406434826
9_163085,0.8839133724229241,0.582202548403111,0.881060205512517,0.5800073084575095
9_164074,0.9705732613786784,0.845509893455099,0.9622758939147543,0.797929386779931
9_164_6484,0.948758216857739,0.7595707357341863,0.9416178664469729,0.7330106876386369
9_164_6488,0.2902665121668598,0.029203801756174565,0.28729904490716024,0.027768681642543716
9_164_6496,0.9485383980181668,0.781998138905338,0.9406013559988209,0.7503713484073279
9_166081,0.4457132160239611,0.17757351594829165,0.4306238484406615,0.14077970297029702
9_166_6649,0.9149140959622696,0.8189420614596671,0.894492400075061,0.7901698364248259
9_166_6650,0.8775175644028103,0.8072086814227888,0.8418268514379377,0.779676520726789
9_166_6654,0.8373718123241674,0.7683797287651677,0.8121605046434204,0.7309443132422905
9_170054,0.21080861945302024,0.28197392522357506,0.2024679525578052,0.2860265244128325
9_17015,0.10197268588770865,0.2552726854778461,0.10015151891502522,0.25575872714319636
9_17050,0.9177087315022115,0.7945615133180333,0.9048180502706469,0.75807658301027
9_17054,0.1439232014232941,0.11985639326152997,0.14247449915608718,0.11326771653543308
9_17077,0.4784437434279706,0.31942143208991985,0.47101919437685863,0.31021432029221496
9_17118,0.48186598355130106,0.31724627395315824,0.4713114754098361,0.30063215171641194
9_17162,0.41068973164781547,0.37672235400999343,0.394791799855091,0.35562370165199325
9_17188,0.9750602710117217,0.8885322858785208,0.9712415871836162,0.8580458131356334
9_172032,0.7851198342679573,0.606758352434535,0.7649823736780259,0.5913364440420642
9_17208,0.42819295728005297,0.3424792979854159,0.42202930005425937,0.3319484328221421
9_17209,0.9478282999660672,0.852906427221172,0.9478717102479479,0.8525432740591954
9_17212,0.59175356249473,0.47826504174263507,0.5567755899276777,0.4598529115454362
9_17215,0.9159495461511258,0.8528918934535159,0.905985894969983,0.8365285861006505
9_17216,0.8926959806905237,0.7265348468204564,0.880291895248939,0.7032715900890065
9_17234,0.8832945140988157,0.6397668393782383,0.8783282941578074,0.6422047646420131
9_17238,0.9547939657790827,0.8599261001007726,0.9393864545768907,0.8144590083855735
9_17249,0.9535047093719103,0.8409595119245702,0.9464542651593011,0.814610330352254
9_17261,0.9649558277951263,0.8357129837778723,0.9564297240813735,0.7965626305424599
9_17262,0.8613881538774679,0.8202066590126291,0.8437593237195425,0.7976010863005432
9_17282,0.868910498489426,0.4568082708608947,0.8582284382284382,0.42251036849883206
9_17304,0.12035404798574902,0.11592923144848466,0.11892843390725562,0.11146185169986426
9_17317,0.6731081176387615,0.5407161555721766,0.6632373826596003,0.5307155241085235
9_17326,0.8921539568954566,0.8305802807257788,0.8792982165763231,0.8147516520997655
9_17332,0.9205941760646356,0.8071489497814266,0.9161073123810719,0.8079206856712969
9_17335,0.2971765183830997,0.45896067415730335,0.29131569139023483,0.4405344116280976
9_17336,0.9406224194880264,0.8283440830061694,0.9369684199707069,0.8194618709047818
9_175_7528,0.6030220444759801,0.18021632464962456,0.5993396589306321,0.1784164128002588
9_175_7541,0.32442157690915274,0.23496793662768767,0.3212253496655373,0.23043311613645076
9_175_7551,0.965668647564253,0.8240038638010142,0.9579453289276059,0.7896673743807502
9_175_7583,0.9772049286640726,0.9104932141674942,0.9697837559531471,0.8817113549308576
9_175_7584,0.9567234505255527,0.8423923264999059,0.9508988075939335,0.8223029240498403
9_176019,0.1971082080451135,0.020891599555211107,0.19547002592979604,0.0
9_176035,0.2092752780402704,0.0,0.20698615504703996,0.0
9_178_7847,0.8011900264450321,0.561970853573907,0.7950576400387391,0.5464435911501189
9_178_7848,0.788404963987421,0.22897227185494012,0.7862779482683033,0.22338781281857345
9_179_7945,0.805066152516455,0.6074344507135745,0.7972857236972133,0.5929861156378332
9_179_7946,0.9341305998481397,0.8951119309130544,0.8987411056376574,0.8292467240131843
9_180_8015,0.936358894105373,0.8793426363132766,0.9105468119916124,0.8344908007255766
9_180_8023,0.9454588360225362,0.851514274691358,0.9418850628746034,0.8377772477939422
9_180_8024,0.7351490882615747,0.46795796414588914,0.7156572164948454,0.45072203638737046
9_180_8028,0.9829305762149771,0.9177567900510354,0.9801342216602635,0.9048922539312755
9_180_8044,0.8727526559520566,0.6709096029287525,0.8520660882284499,0.6129644697586113
9_180_8048,0.9348119948136501,0.8022375014567067,0.9291051925656256,0.7791509326009841
9_181018,0.9474762146851623,0.6710773228119136,0.9470712773465068,0.6650040765430915
9_181079,0.9519491734517641,0.7262309172021446,0.9517456308306514,0.7268822533349854
9_181091,0.5703669298653042,0.4391644152836743,0.548410146480886,0.3964658115714681
9_182_8259,0.8562993597249557,0.5475925410520457,0.8466635465674803,0.5183856909388052
9_183087,0.8702027516292542,0.6247237132933375,0.8443647281305441,0.5474921062166779
9_183_8309,0.9567219152854513,0.8722978882918906,0.9470610165278986,0.848404419480279
9_183_8314,0.9652492727055354,0.8816011235955056,0.9589057365691437,0.8584126102354003
9_183_8315,0.9519091617499722,0.8595608728162599,0.9330884759445798,0.7854154598699877
9_183_8318,0.8851376146788991,0.6004276692028445,0.8757314312561397,0.5672472181906144
9_183_8320,0.3347776940467219,0.09982582190289571,0.3318239111152607,0.09539685953968595
9_183_8321,0.48662242403073697,0.39646805068751684,0.48018744400799396,0.38843196255432966
9_183_8322,0.8509886204680353,0.47827400052852126,0.8358677286990104,0.43554361246277873
9_183_8336,0.9516142974456498,0.7997516145057129,0.9448580685304783,0.7777399260268639
9_183_8358,0.40062190633329103,0.0,0.39708772978157975,0.0
9_183_8395,0.9807464135476216,0.9103916127042861,0.9741790325172764,0.8826134433389954
9_184_8457,0.9695454545454546,0.9177165696411504,0.9503022589882278,0.8685426291474171
9_184_8471,0.899511230070988,0.677956204379562,0.881155950752394,0.6290341741575258
9_184_8494,0.9608169846815372,0.8970331588132635,0.9365261947087734,0.8401474530831099
9_187003,0.8603532403271252,0.7867719075877168,0.8285883358537708,0.7340876156504291
9_187029,0.9516816384094184,0.84693744286274,0.9349192505488557,0.7994393476044852
9_187039,0.876601871850252,0.8392497554801219,0.8400412087912088,0.7816632545786533
9_187083,0.9032157352482048,0.6477134763253743,0.8986192254645198,0.6104677395097007
9_188063,0.1650769323841981,0.19823663253697382,0.1539242600879997,0.22405721716514954
9_188091,0.5029884446805685,0.46845203548627806,0.4780421982335623,0.4448904230553103
9_189011,0.9504946132322809,0.7780132882240248,0.9427349308192571,0.7450194412153766
9_19021,0.7531877329497155,0.4855994879817949,0.7298818232976927,0.48651388436334675
9_196015,0.7928713858424726,0.8800260106210036,0.7703791469194313,0.8668996188055909
9_198023,0.2178547510975519,0.33840699598203733,0.21481617309984413,0.332873781792251
9_198054,0.9212602283306385,0.4796836770360014,0.9189741956817263,0.469687637483502
9_202012,0.7641000490436488,0.6552838486140725,0.749028617765314,0.6413591978504489
9_207056,0.932895533807262,0.8870735897346002,0.9306824626630538,0.8847378178892503
9_208001,0.936759168874634,0.8854336128144162,0.9180227411997004,0.852750509353584
9_209070,0.9379237523618984,0.85699551025361,0.9330598851517637,0.8514265207249238
9_210088,0.5397691234301661,0.2932349527441552,0.5138260432378079,0.24760425909494232
9_21077,0.8778655932452997,0.648209549071618,0.8744492325570135,0.6387807685982129
9_216053,0.36024423337856176,0.27505238837246787,0.36405323789285315,0.27340804078814596
9_22001,0.971160515460154,0.8373932958567561,0.96548595485229,0.8198638145677144
9_22010,0.9129227412476445,0.7340739548113562,0.9108284452646148,0.7291247751084771
9_22013,0.3573485862642489,0.2157023438780528,0.33035221375731477,0.20837024509409144
9_22029,0.2520786300313859,0.2767459639339839,0.2514509602885443,0.29100301334481277
9_22038,0.8926008768005727,0.6640217275535201,0.8734974542018792,0.651387606582306
9_22072,0.6368331971518618,0.5384877255361804,0.6722889464041644,0.5548148433586374
9_22104,0.8610172532368507,0.6611554963752034,0.845460947127516,0.6415376752336449
9_22267,0.27442044438329777,0.22964151154549184,0.2708662219279931,0.23714889288788044
9_22323,0.769889888337469,0.7380745566413319,0.7339466489322397,0.7007483925371562
9_227040,0.4112899079738831,0.31645426010664446,0.4104492748723843,0.30852871219843697
9_229036,0.9656531231694978,0.8694564594298817,0.9610362090429899,0.8522012578616353
9_23001,0.400909461110357,0.45150179967729925,0.38458215435125387,0.42759533409251793
9_23002,0.9373794783314726,0.8115961346217927,0.934628617688727,0.8196566175476545
9_23003,0.4913435586860641,0.4726321014394657,0.477258208764533,0.47725786868403847
9_23025,0.9540887123785827,0.7847583477835579,0.9483708558943669,0.7682089882665486
9_23051,0.9527435537109056,0.7679138321995465,0.9483561998446803,0.7518796992481203
9_23074,0.4133671612721355,0.2404438224710116,0.3698975499071761,0.21345773757589787
9_23080,0.9077409931840311,0.835294827690265,0.898918918918919,0.8176066845717697
9_23104,0.9446244855967079,0.8184269284239795,0.9454881975609137,0.8219749652294854
9_23117,0.87439018614124,0.5738324484837578,0.8435042286912714,0.49020528359865134
9_23118,0.9641296500360983,0.8846761453396524,0.972331864341828,0.9103528050896472
9_23131,0.8930654225426784,0.47954312490847856,0.9368907805890544,0.6073098974049487
9_23267,0.8718417975700269,0.7898727321960466,0.8657539742239607,0.7793007992141805
9_236017,0.8770329046898638,0.8326131267835304,0.8639578421855498,0.8133614851406262
9_236037,0.8133402275077559,0.6059401416495317,0.7855059112544143,0.5489964063458673
9_239007,0.9154128139191333,0.8109759900218273,0.9057344010318698,0.7886049639320211
9_239096,0.4512404990678331,0.3559127439724455,0.4505063880041513,0.3533739917371631
9_24004,0.5819942567361154,0.41689595039720984,0.5637600769173877,0.41735744787741774
9_246016,0.8213353864579324,0.6278547207582629,0.8132475285251592,0.6029074215761285
9_249061,0.19227107348090722,0.44343753801240726,0.19112726043603176,0.41970868548822154
9_25098,0.2767520299812617,0.02888722989506864,0.27362102610972505,0.029090602470593196
9_253874181_300410d0fb,0.9364888123924269,0.8317415730337079,0.923567238267148,0.7690090584682954
9_260081,0.6569034911190831,0.4455985987209255,0.6563078665882405,0.4330695612545055
9_268002,0.8144247963441288,0.7822898423817863,0.7917146144994246,0.783379619739372
9_26926127.forsythia1,0.47454462889146776,0.488824914943732,0.4612404989280842,0.45966373183409354
9_26995738.ibiris1,0.7589228143371894,0.593570570169582,0.7084877360155285,0.5919126680473165
9_271008,0.9448975532126517,0.8616642958748222,0.9370282864080856,0.8551488391966956
9_27551937.vinca,0.4331503000893883,0.40759950388995375,0.4307375800060957,0.4051841359773371
9_28010,0.8870199553867486,0.8213234900764992,0.8736312518496596,0.7989709665564131
9_28011,0.9141192755796517,0.8861144423505225,0.8994932432432432,0.8740315027671349
9_28015,0.9360216694643675,0.8501202244189153,0.9243975903614458,0.8321364056923822
9_28026,0.8860560276990872,0.8698490412076704,0.873015873015873,0.8487
9_28052,0.9130215173249823,0.9270804534144319,0.899781919111816,0.9081209650016989
9_28058,0.22607244527338766,0.6302113631956564,0.22430402974623947,0.5236942932042751
9_28080,0.8960004937662017,0.8943108783622947,0.874654488643192,0.8704023122465153
9_28081,0.7339690891154226,0.5027860106698281,0.6933264355923435,0.4814942330865898
9_28092,0.9031231683831533,0.9056002318336593,0.8911267024349979,0.8906216620380261
9_28097,0.8866870072198895,0.7968612718514254,0.8763800851114484,0.7816393442622951
9_28106,0.9063848144952545,0.8238576716945688,0.8940425531914894,0.8042049220405281
9_28112,0.9205102175927969,0.8566756718327883,0.9093128705964423,0.8329918032786885
9_28117,0.9064295907740965,0.8475646743978591,0.8853946971979512,0.8093861054978747
9_28153,0.8819383900029061,0.8920513198643268,0.8712245042996234,0.8780711492976783
9_28162,0.9421456071589609,0.8825227060521178,0.9307266009852216,0.857154752487614
9_28173,0.8549249500740836,0.7711437084574834,0.8566408995080815,0.776491489483638
9_28176,0.9401224563299118,0.9152313167259787,0.9330743422214374,0.9043533749290982
9_28180,0.7491795593061416,0.7733010327680735,0.7116455132487196,0.7212335446123842
9_28184,0.8865971867939655,0.8687757489446112,0.8738803296309566,0.8576427629577036
9_28187,0.8544349070100143,0.7976728268309378,0.8504936530324401,0.7893668831168831
9_28195,0.535,0.3705819784227321,0.5282072799748243,0.3426910148087581
9_28198,0.5687739546100512,0.4365344933355641,0.5598533338985207,0.4233738206568354
9_28210,0.24984977602971703,0.3184982364952664,0.2481108141475261,0.31951840703866635
9_28244,0.7669282029234737,0.5956224681056895,0.7173803779654202,0.5891442920610392
9_28247337.003,0.7493633019363706,0.6715236068841067,0.742467718794835,0.659314391264193
9_28278,0.6577946768060836,0.6157678645569036,0.6525516047037793,0.5953902327704245
9_28313,0.8678545972915181,0.8015236336353667,0.8551670878966583,0.7797070301453538
9_28316,0.8766233766233766,0.8550452079566003,0.8597962216090003,0.8299329332862689
9_28321,0.9142821285140562,0.909421872724625,0.8991568990335184,0.8731974316690643
9_28334,0.8294765604986765,0.5642709881574531,0.8193880540789419,0.5441308561433367
9_28579914.05,0.9254569131977188,0.7740519384355001,0.9103831891223733,0.7460375012949342
9_291000,0.8513502935420744,0.6547290640394089,0.8152100903052467,0.6296103157295914
9_293029,0.9340021289635818,0.8405876807039597,0.9116411735205617,0.7755498562213414
9_299086,0.8593622795115332,0.8635407704808336,0.8452135786886334,0.8480625264842978
9_299091,0.6366322424515294,0.5225489672839836,0.6349250883788788,0.51581132879046
9_3,0.7255092143549952,0.5890799978567218,0.7311004404936704,0.5651902682470368
9_300091,0.7438861716318363,0.7119225585099865,0.737620578778135,0.6999155711011941
9_304034,0.7985149390064235,0.6742054398724718,0.7827955756776893,0.651013562782558
9_304074,0.8521934492136691,0.9,0.820608952510793,0.8727095380756636
9_306005,0.847855454238433,0.802774904156271,0.822389144657136,0.7753946976467083
9_309004,0.8663916580726481,0.8590248334342823,0.8474614180272869,0.8406098921532168
9_317080,0.9070075409233033,0.8478363440280399,0.8896288563303215,0.8246283514733209
9_326038,0.9007903494176372,0.8777865516613012,0.8797902379991932,0.8412200177672491
9_35008,0.929354854159682,0.8824590903498339,0.908695652173913,0.8524682879534621
9_35010,0.9379265263433129,0.7759044033393354,0.9131029937387513,0.7244530600941568
9_35058,0.16608919190790208,0.2002370791844476,0.15572481572481572,0.20246901719665675
9_35070,0.8957269551195916,0.9127809733610737,0.8596951844262295,0.8975075890717367
9_353013,0.6240996040643038,0.45220500595947555,0.6145093128815151,0.4136517554803065
9_36008,0.7770671539515761,0.7015710888464387,0.7506613108650926,0.6650607851255222
9_36011,0.8906038703660527,0.7463229795084011,0.8821601661666282,0.7332048049829453
9_361084,0.9230518775775993,0.7870249467390558,0.9268927402478939,0.8034534587018072
9_36253,0.7644800534134535,0.7413987881277601,0.7095775955438651,0.6649956618143257
9_36254,0.04556475458308693,0.05890922911256097,0.045246344471196194,0.04451058648447541
9_36302,0.26982157993756334,0.20569347263490848,0.24163121879045682,0.18511142396044364
9_37073,0.8873761747523495,0.7926505644762291,0.8722274599315238,0.7790614042974018
9_376020,0.8921314310419369,0.7295550918758834,0.8809066461774875,0.6973396138791216
9_376043,0.9585417641343074,0.8961308494342046,0.9506611687757713,0.8594421625752221
9_38082,0.8355419639823309,0.8626566748458121,0.8407845715538024,0.8624472573839662
9_388016,0.9250505277341118,0.8316239731687163,0.920437426770072,0.825975656877898
9_41004,0.8822216947543319,0.8785445786650122,0.8726445743989604,0.8752657945003064
9_41025,0.9045334612616934,0.8413138408961458,0.8928446906597451,0.8155634727170448
9_41069,0.7632703368940016,0.5842548913463769,0.7208598478969425,0.5246009184342882
9_42044,0.9138938434098038,0.7260676026023578,0.9268085364743025,0.7617749507799485
9_42049,0.5258773810252956,0.3129334654370856,0.4711111111111111,0.28445623342175064
9_42078,0.9214380306925294,0.85060553633218,0.9006430990524754,0.8075313807531381
9_43070,0.8509941903281237,0.8448967751293333,0.8334233469639688,0.811188155922039
9_43074,0.884167385677308,0.8740662438336857,0.8738643566448342,0.8681440443213296
9_45096,0.47557251908396947,0.3819287440555079,0.4607203151378728,0.3504669290730879
9_46076,0.7818439252845396,0.6155383224701461,0.7595090726339735,0.5667510853835022
9_46829866.bigbruiserweb,0.9218315413674291,0.8133802816901409,0.9133421074278194,0.7946965999674638
9_49752508.babygrizweb,0.905949884093167,0.7985898795782118,0.9027388989516439,0.7988698460009935
9_50017878.bearssittinginbrooksfalls640,0.3417940531188128,0.3348292029470864,0.3161733161733162,0.3360511920734854
9_50314,0.9175204028477166,0.9096445576348134,0.8975700303746204,0.8843182065513113
9_52_52999,0.9203518201807965,0.8495754144763445,0.905184012663237,0.8147652064292468
9_53915802.20051221_11miamibeachvigilancia,0.7964748003304875,0.6187022406424039,0.779949171851722,0.595493494128848
9_53915806.20051221_19miamibeachlifeguard,0.8932860656923745,0.8797531007977639,0.843457627118644,0.8304586545394044
9_53915807.20051221_22miamibeachcouple,0.9011771147002464,0.9041726059349489,0.8909615211318375,0.8784200385356454
9_53915808.20051221_24miamibeach,0.857053255787433,0.5799581774158046,0.8549413735343384,0.5650263143616733
9_53915809.20051221_27lifeguard,0.8689071038251366,0.8189371150265005,0.8630645931744599,0.8046764954455817
9_54363879.teenagegrizimg_6010640,0.9018602348281228,0.790735716565592,0.8973664779719419,0.7836255011398475
9_54375701.bearfishimg_6001640,0.783416992005949,0.6680929095354523,0.7628138430219408,0.6461957274027592
9_55075,0.9482654988837369,0.8817357868717385,0.9364078696847895,0.8517161484993804
9_58060,0.8411418884801269,0.6333612996720311,0.8263631273185413,0.5867609020365041
9_59078,0.2410921692329174,0.08605087928973877,0.2378942358275508,0.07436304965563743
9_61060,0.20807256595104176,0.5997688929974578,0.19540229885057472,0.5476979272850833
9_61086,0.02676859801791544,0.22593879718119508,0.02526366355874839,0.11314655172413793
9_62096,0.7958327087393194,0.825550016008782,0.7914187983343248,0.8236629437936983
9_65010,0.05333453749974913,0.1699481865284974,0.05209732360097324,0.06060404470463012
9_65019,0.9701956769951573,0.897380218548613,0.9652299749687109,0.8822915216483364
9_65074,0.7252185386772225,0.6150684175678658,0.7157043552276918,0.5809278632853152
9_66053,0.9265982962534116,0.9063693232594037,0.9164585515185693,0.8911553720995471
9_66075,0.8738207960722427,0.6409653584109011,0.8426091957911831,0.5593887262079063
9_66136,0.18219186455181688,0.8049368329051566,0.18261764705882352,0.7662500982472688
9_66175,0.8518924849149753,0.874166296131614,0.8480670451473371,0.8687802730074857
9_67444,0.09650142008778724,0.10044672062204445,0.08897220734392668,0.09633363886342805
9_69015,0.6918690799962487,0.4116274379879577,0.6466841839664503,0.34879127358490564
9_69020,0.8816469304579442,0.8404573996197938,0.8673061301006061,0.8180481736967092
9_69040,0.8914859268617955,0.8332916301764044,0.8605271938605272,0.7758372344256392
9_71046,0.48300275327302356,0.5051767839498217,0.4691655266757866,0.4919765501305148
9_76053,0.14506739684553824,0.26538982240981124,0.13789637404378233,0.15822092599343784
9_78004,0.9591387710199591,0.9084891314071026,0.9380612479852637,0.8603842475875858
9_8023,0.49172867153073757,0.46724436741767766,0.45357425481403324,0.4401420170864307
9_8049,0.5756113465927617,0.6539574358644634,0.5377205129748931,0.5933349146110057
9_8143,0.8507994004496627,0.5185006364394504,0.8785547211621322,0.5934117647058823
9_85048,0.61924588635001,0.6543760310312542,0.594459886897345,0.6269536366017637
9_86000,0.4778116591928251,0.4795637949836423,0.4423944783647465,0.4071061981839716
9_86016,0.966987392169874,0.9181476292308827,0.9531785306433194,0.8812450578678743
9_87046,0.8624131082423039,0.8563465999819229,0.8390174775625886,0.8439287609836645
9_90076,0.21520917819139718,0.08707518929388977,0.21289946509395144,0.08349037997983959
9_92059,0.9127568825126018,0.7864847715736041,0.902842542318748,0.7626486360456983
9_94079,0.8926572411791533,0.8264523060394444,0.890223831468071,0.8222247497725205
9_95_95660,0.9181501192879428,0.846967499786744,0.903182549615591,0.8156304329828629
9_97017,0.5694788112416326,0.5192724122996968,0.5607139199016695,0.4885049398323735
9_98350,0.9001030624263839,0.8636947885019864,0.8902962801193856,0.8483908045977011
9_c_121,0.9041840475287575,0.8987977602108037,0.9057815845824411,0.8930802303885779
9_c_141,0.9030134211192707,0.6679325772552284,0.8978405315614618,0.65932019245693
9_c_146,0.937671272812081,0.8016683558119592,0.9207219556774047,0.7511972463334331
9_c_39,0.7357990867579909,0.6529585612777463,0.7251461988304093,0.6268332090479741
9_c_51,0.7726790450928382,0.6263564924535362,0.7290583766493403,0.6346772033217252
9_image_0003,0.9135109017334058,0.7459783695355812,0.8926344275797152,0.6870569703334208
9_image_0004,0.9304770517748134,0.8818532818532818,0.9073018309395899,0.8470654363202024
9_image_0008,0.9584394843910414,0.8596709707019728,0.9471582639847744,0.8248175182481752
9_image_0012,0.9671421410016862,0.8980167921250723,0.9560113345027662,0.8639446171234813
9_image_0014,0.9404963906703863,0.793373364786618,0.9313772692514656,0.7498960498960499
9_image_0015,0.9622649324828101,0.8681742967457253,0.9454102355808286,0.8130555924107735
9_image_0016,0.927450904442809,0.774605328071041,0.9124298072545151,0.7401631477927063
9_image_0018,0.8511771599019922,0.7965520313613685,0.8347262849979106,0.7777388409479171
9_image_0025,0.6184615384615385,0.40243064604013173,0.5691414049736795,0.38341215826508246
9_image_0026,0.9409474633226784,0.8066152597402597,0.9380285142366926,0.7954118594043467
9_image_0027,0.9703709096203545,0.8943084300858153,0.9662262443438914,0.8854225396228779
9_image_0035,0.750286167121599,0.502397086000482,0.6849232500200916,0.45083156062657126
9_image_0036,0.8954477238619309,0.824529208721108,0.8713331397037467,0.7847577204173883
9_image_0039,0.9168210938740933,0.8150443960462389,0.8992054837202056,0.7926263497146611
9_image_0044,0.9216131194884225,0.843601497119307,0.9063799573993305,0.8254631161098247
9_image_0050,0.9228840474731153,0.8088836638724187,0.9066075436579625,0.7831403473747255
9_image_0054,0.9617048832896712,0.8481603350284176,0.9590029805388347,0.8252478134110787
9_image_0057,0.5025602192413097,0.43875143843498277,0.490063900007022,0.43220798493193685
9_image_0058,0.378145599769042,0.21533085826599693,0.3810571633580483,0.21642707505598496
9_image_0067,0.935032457167181,0.8297133476449047,0.933740701381509,0.8304807450289454
9_image_0068,0.9331452750352609,0.8373928593451316,0.9281947716818131,0.8311735941320293
9_image_0072,0.935561145047311,0.8355811589291765,0.9318778334526366,0.8350487722838883
9_image_0074,0.9401929795375146,0.8100435219283562,0.9220514493049043,0.7497233613226584
9_image_0083,0.9500526053491334,0.82756288882878,0.945034972737787,0.8208915145005371
9_image_0084,0.6138242794219921,0.31670805250088685,0.5752244425137562,0.29957892574715006
9_image_0086,0.946237147232553,0.8193476259371301,0.9437595461488109,0.8197560015741834
9_image_0089,0.9149426682036037,0.752156481593974,0.9006749089171594,0.7315212207916071
9_image_0098,0.917828106852497,0.7467105263157895,0.9237292991805627,0.7706063907044299
9_image_0101,0.9507423338420979,0.8618390652848373,0.9522119815668203,0.870112479914301
9_image_0103,0.9041310695360657,0.7529546321006481,0.89631694633571,0.7181406466222167
9_image_0104,0.8953015356452761,0.7418862161130202,0.8902710355987055,0.744482496194825
9_image_0320,0.9537953795379538,0.861953238617295,0.9371694067190851,0.8200431034482759
9_pushpin,0.09738480697384808,0.10307605208529912,0.09089852377077763,0.09913705112740094
9_ss07002,0.8271801883925859,0.8133525456292027,0.7976563068636727,0.7780480958173481
9_ss07003,0.8757423952899861,0.7966345262377156,0.8643198211927258,0.7828682493405525
9_ss07033,0.7134612213488705,0.8339980881431914,0.6800514800514801,0.7900934765975849
9_ss07036,0.8431018227529855,0.8196372592924317,0.8313899969315741,0.7886266094420601
9_ss07043,0.7898894154818326,0.8122288503253796,0.7870007830853563,0.808985741189131
9_ss07080,0.03300284045232864,0.10408474440253591,0.03089566316803468,0.06750834041996467
9_ss07084,0.15757905227869892,0.4399896933779954,0.1539410603496898,0.445553686723455
9_ss07085,0.14826678055377607,0.31644198812502333,0.13764843250864708,0.32249990519170235
9_ss07087,0.864011683424142,0.8373757017576047,0.84756465872275,0.8182146729309722
