subdir,unrefined_iou,unrefined_boundary_iou,refined_iou,refined_boundary_iou
2007_000033_aeroplane,0.89380313679752,0.8509745630648989,0.8843331355588171,0.8117286240755855
2007_000042_train,0.5205445047217199,0.3692994450253358,0.9442154070753699,0.7650728829901877
2007_000061_boat,0.757244855102898,0.5600448484363112,0.6731301939058172,0.5204506284417167
2007_000123_train,0.4056908615072371,0.3432984467003302,0.5578717941860776,0.3430751107870085
2007_000129_bicycle,0.6183434985392855,0.5345497467171593,0.7381334685484098,0.6282685754405192
2007_000129_person,0.8551247634555297,0.7294117647058823,0.7196913277028633,0.6886666264987649
2007_000175_sheep,0.7436610169491525,0.5623260349259818,0.9434865358885937,0.7998379081621771
2007_000323_person,0.9584707910778045,0.5863815058542005,0.9768068627791477,0.7912108403779214
2007_000332_horse,0.6058430976953519,0.6313278326147381,0.8452394345070686,0.8842502247462013
2007_000346_bottle,0.43332437155531656,0.49648667767036075,0.9577252797591781,0.926473260250742
2007_000346_person,0.9194666471567319,0.6333688437269523,0.9457245554294362,0.7083925189393939
2007_000452_chair,0.0,0.034054886332759715,0.0,0.0
2007_000452_sofa,0.35320944373778423,0.33680092973156833,0.6074052867640042,0.5563263747454175
2007_000464_cow,0.8772233023691222,0.7805503243356351,0.9215686274509803,0.8453076841322138
2007_000491_cow,0.40928660565723796,0.24498862994071796,0.6610150098297222,0.34435193239716666
2007_000529_car,0.0,0.0,0.0,0.0
2007_000559_bottle,0.85,0.7539928486293206,0.9335956714215445,0.9159280150416331
2007_000572_bicycle,0.20283962356953142,0.3775580593239825,0.21198780900778869,0.43710457759583177
2007_000629_train,0.449308966653446,0.3730089435306888,0.8212366402994988,0.6743726181059898
2007_000636_train,0.8095958979367599,0.5819934134056567,0.9568833001537183,0.8898736429969746
2007_000661_chair,0.16417910447761194,0.3604718904748034,0.17921830314585319,0.4315157416423239
2007_000661_pottedplant,0.26437768240343346,0.4623009596119371,0.2891513560804899,0.4979536152796726
2007_000661_sofa,0.8181886508831266,0.724146110056926,0.905623124308956,0.8452183878772443
2007_000663_bus,0.45666077285604423,0.2592181909577456,0.854056020371044,0.5345853586684343
2007_000663_car,0.20222922219529924,0.19465007776049767,0.0016555864770150485,0.1925754438593345
2007_000676_sheep,0.86660023101488,0.686938862761864,0.9605915712220616,0.8903123513556366
2007_000727_bus,0.7718978102189781,0.6400966183574879,0.8412153572336639,0.7252666601428711
2007_000727_car,0.7264448336252189,0.6705012951394179,0.7030760729416099,0.48584646749784366
2007_000727_person,0.5332771693344566,0.7983364949657085,0.5568039950062422,0.8262888248479027
2007_000762_bottle,0.7433933839683635,0.6131821776957553,0.8886939689069022,0.7579646300197919
2007_000762_diningtable,0.47938053959287036,0.3403689647474276,0.2788058695972547,0.3206550337830727
2007_000762_person,0.763326790322225,0.6584783575086026,0.4048262896288856,0.3509705166657235
2007_000783_horse,0.8456958571074175,0.7234781497027678,0.8021519914371021,0.6766986142482144
2007_000783_person,0.730754451133598,0.7724684327803912,0.846770847738902,0.9031910852222363
2007_000799_horse,0.5406967847244657,0.43218009015672754,0.7146800799376757,0.5097294873710955
2007_000799_person,0.806658928116418,0.5100104430851857,0.9121122112211221,0.7457596857703982
2007_000804_chair,0.4488733488733489,0.4631644114265499,0.47651313285116104,0.45816413048328797
2007_000804_sofa,0.5150432751751615,0.3110465977426904,0.7232072137939438,0.590212625524492
2007_000830_chair,0.5680550019928259,0.6774080336917334,0.6654605263157894,0.7179074308814964
2007_000830_diningtable,0.6960169941582581,0.5363494664481835,0.7465172305436263,0.6052202283849919
2007_000837_boat,0.6506024096385542,0.6644001208824418,0.8805584281282316,0.7239052189562087
2007_000847_diningtable,0.0025401507702392657,0.05742156604271025,0.0,0.017905258583224684
2007_000847_person,0.9003754474810094,0.8331951354339414,0.9514042187883247,0.8964097357362439
2007_000925_sheep,0.9056306021966923,0.7747261729606016,0.9197989867625429,0.8736908162382065
2007_000999_bottle,0.7123791992636908,0.8699558895605293,0.9205944798301486,0.9506231266761319
2007_000999_person,0.9365467896817925,0.6883979429467518,0.9619520540336377,0.7604491731577266
2007_001154_pottedplant,0.407,0.8287654010560724,0.40037950664136623,0.9095945605640896
2007_001154_sofa,0.9419828641370869,0.6595661672908864,0.9691858739736868,0.7055023923444976
2007_001175_person,0.34133715605463305,0.3756529154674342,0.44515726126944477,0.5990202502418173
2007_001239_dog,0.830172983810763,0.6582734494984926,0.8784011344500576,0.7609003063869904
2007_001284_person,0.942543308377507,0.7456590446699338,0.13378677172070888,0.2668655257981151
2007_001288_aeroplane,0.816739581952362,0.8175366903945865,0.8456003666361137,0.8482877324749643
2007_001289_bird,0.7697368421052632,0.730425209852759,0.8512068019747668,0.904592186429061
2007_001299_cow,0.8341817920166934,0.8556556948798328,0.8548687614189323,0.8959877803089159
2007_001311_bicycle,0.4605203619909502,0.7730569321890487,0.37543320903706956,0.6619195046439629
2007_001311_person,0.7910787226141849,0.8168888704869162,0.714449713002246,0.685359287637192
2007_001321_car,0.20947039963971306,0.12014740453650169,0.19588955870679853,0.12995892995892996
2007_001408_bottle,0.7727272727272727,0.7456656189800264,0.7960596898468741,0.6557810128716767
2007_001408_person,0.9319261213720317,0.6879483369108554,0.9492157142630568,0.784814062814392
2007_001408_pottedplant,0.43284978942442676,0.7393249683882891,0.5953087085467781,0.8596014492753623
2007_001423_person,0.8294727790616435,0.7088382829493497,0.8813908237218353,0.8407324325734259
2007_001430_diningtable,0.8392190889370933,0.5726195699868364,0.4131215898505079,0.30361052505871583
2007_001430_person,0.9547569427615955,0.6982807944854644,0.953171236930361,0.8171823550221787
2007_001430_pottedplant,0.6854304635761589,0.7703063429515699,0.5477946947104065,0.761459129106188
2007_001457_chair,0.4135580382503314,0.6079230993300321,0.7473367299675776,0.8823640661938534
2007_001457_sofa,0.9073915020461779,0.8106913606229612,0.9363244613434728,0.8624734607218684
2007_001458_sofa,0.24797468699708136,0.2511415525114155,0.9809363000081701,0.9376090165034214
2007_001526_person,0.9190994122356525,0.7457688785175706,0.6217774137401454,0.46623826497314125
2007_001568_aeroplane,0.4028717720391808,0.39636948009325274,0.4544148673519774,0.37456998494947324
2007_001585_person,0.933375235700817,0.9388341866876723,0.9543071691697365,0.9592344119968429
2007_001585_sofa,0.1156915345173011,0.24789949428582805,0.5417534430634867,0.5833091557176607
2007_001586_horse,0.8042758674403209,0.7772662807188858,0.8100257483102672,0.7741475279479864
2007_001586_person,0.8127546003652198,0.7781862745098039,0.8797838153666374,0.8419811320754716
2007_001587_bicycle,0.321572130415364,0.626685393258427,0.3854119765871229,0.7256612267867192
2007_001594_person,0.7854239256678281,0.6979211224227907,0.8375314861460957,0.910734087380794
2007_001594_sheep,0.2721258716252458,0.5665078547514808,0.36527147419734407,0.4948737665000641
2007_001630_bicycle,0.44939176543980036,0.5821991073733909,0.41412656660993347,0.5575286993349927
2007_001630_person,0.7875837631126548,0.8130846413444769,0.744897770376538,0.7632144391920929
2007_001677_chair,0.2957487496322448,0.3893469502482901,0.3601788300484856,0.4836297493936944
2007_001677_diningtable,0.4448245459354611,0.45348481240858535,0.42326241134751774,0.4390638154571477
2007_001678_person,0.658786821090486,0.4482215926975134,0.6903465059682466,0.5136627767372617
2007_001717_chair,0.011308177597905011,0.11668185961713765,0.0,0.0
2007_001717_person,0.8682330174167617,0.7830593280914939,0.9196799051570835,0.8787183274627883
2007_001733_sheep,0.760902714242147,0.9298430029500525,0.7466168922071862,0.7227726250702642
2007_001761_aeroplane,0.6187134713904322,0.38649926810043916,0.9738153940288301,0.9019224167524889
2007_001763_cat,0.8908778064551939,0.6752321702281129,0.9630984971227443,0.8759360679557393
2007_001763_dog,0.8902350694673076,0.6498872750120117,0.9661604270981862,0.9103349192142823
2007_001763_sofa,0.41204109657032245,0.3988386550620354,0.8379661016949153,0.7413552041742941
2007_001774_cat,0.9404764125426701,0.7742302422377911,0.9430623091710958,0.8017387230276686
2007_001884_aeroplane,0.8421313261364762,0.8551575356211117,0.8978988168094655,0.9202714603947573
2007_001884_bus,0.8358926632542267,0.8843168286984702,0.9352380952380952,0.958008117389947
2007_001955_horse,0.5974672094075079,0.611630464668683,0.6557377049180327,0.6241721854304636
2007_002046_horse,0.3110671172247443,0.45015873015873015,0.2530485040797824,0.3580632306057386
2007_002094_bird,0.8295484482849466,0.8543490518443778,0.9169257877280266,0.9336827989759844
2007_002119_person,0.8241643128378757,0.6378426892950392,0.8326330532212886,0.7765463244889083
2007_002260_motorbike,0.33298415011841864,0.30952432549572,0.6348535392770643,0.48491940298507463
2007_002266_aeroplane,0.9297679234939392,0.8932154285220099,0.9565930326093682,0.9214737625604764
2007_002268_cat,0.8483956432146011,0.8258369537439305,0.8753733369535704,0.9043500709952239
2007_002268_dog,0.9660484365419988,0.9294655573045499,0.9597609863096589,0.9262009057836513
2007_002268_sofa,0.5703850802970126,0.558273307616154,0.7337807989315618,0.6697377615947626
2007_002284_pottedplant,0.7768337730870712,0.683099566757008,0.6127153199633852,0.6071940652079048
2007_002376_aeroplane,0.8432556070906665,0.8119379410490918,0.8961091324507762,0.8761806218826276
2007_002378_person,0.6154494678048267,0.5549006486152579,0.815211911403892,0.7735552352247412
2007_002378_pottedplant,0.5476711347997295,0.28579169254760994,0.4249152689667159,0.168281256477937
2007_002387_cow,0.43413729128014844,0.4963915200721696,0.8180428134556575,0.903983179535101
2007_002387_person,0.8417901040025213,0.946825313256818,0.7564698075646981,0.9471328075037305
2007_002400_bird,0.23898247693219335,0.1885766203788967,0.38507777262572185,0.26584979512757073
2007_002412_bird,0.7125890736342043,0.8287267080745342,0.8444714459295262,0.9029217719132894
2007_002426_person,0.5644742865862964,0.48259691166506186,0.9537690468646485,0.9136739937196688
2007_002426_sofa,0.15877002235766133,0.15920961002785516,0.004982254982254982,0.0034825315325371134
2007_002427_sofa,0.24283305227655985,0.22891200693541397,0.3744518103008669,0.11839248750441762
2007_002445_cat,0.5477823981121124,0.2003032892440636,0.8289606458123108,0.4884942197585792
2007_002470_cat,0.8106727880014959,0.5341502062672459,0.9290191881354637,0.7777800112567339
2007_002539_bus,0.14400100501183533,0.10802763348149735,0.18599297465716724,0.09655401241882731
2007_002539_person,0.786492972231745,0.7297726834906569,0.8843379101698859,0.9105516871987145
2007_002565_person,0.8880048959608323,0.9336437718277066,0.8940531763750761,0.9435177830729856
2007_002565_train,0.6977848760502743,0.5037423510466988,0.764417457738248,0.6044173538902833
2007_002597_cat,0.8361165329285043,0.749900911613159,0.8958885941644562,0.8774699990977173
2007_002597_dog,0.8500894946991602,0.6437288887793091,0.910215851507601,0.7972724016171128
2007_002618_sheep,0.3618504249625033,0.26787149490980533,0.7196674688252024,0.5104137269289383
2007_002619_aeroplane,0.15269490557491974,0.35997433753912556,0.17413539727637894,0.3431877875861524
2007_002624_diningtable,0.9254545454545454,0.743035343035343,0.9437356279207774,0.8502152377988693
2007_002624_person,0.8813071282686578,0.7984903665413534,0.9373584629994887,0.8841027451672698
2007_002643_car,0.7209849047265529,0.5768278750952018,0.9413725006171316,0.887764611902543
2007_002643_motorbike,0.5452958631523827,0.7465175027066041,0.7382142857142857,0.7813923227065712
2007_002643_person,0.7686296399665085,0.8159475088967971,0.9043069234161399,0.9497623896809233
2007_002648_sheep,0.5391696797189527,0.6376241334082818,0.6585629253836301,0.6662372894587896
2007_002719_boat,0.20769611370996763,0.25695324602168707,0.3919533912278773,0.3006122967976682
2007_002719_person,0.0,0.0,0.0,0.0
2007_002728_person,0.9157653472093167,0.6188659899518097,0.9532677085447534,0.7218292011019284
2007_002728_train,0.8939454691259021,0.8689544235924933,0.9217900460058553,0.909614340032591
2007_002823_motorbike,0.8024111411348992,0.6042717528373266,0.8181216657706464,0.5274350413703005
2007_002823_person,0.7637641877011689,0.7130821885022258,0.8211156803146791,0.8196595698100816
2007_002824_person,0.8106038727831464,0.5046400884135935,0.9797240163359301,0.7600681818181818
2007_002852_dog,0.9011148048375078,0.7576529192408304,0.9517368093632904,0.8298790511977454
2007_002903_cow,0.4155483370925463,0.2642863229654879,0.9720063278079648,0.9000603409262332
2007_003011_chair,0.17046305207999143,0.25109876440832574,0.20390287171526777,0.25289283917491195
2007_003011_sofa,0.5274709044721451,0.5004444444444445,0.7362106069986144,0.5133880653302776
2007_003020_person,0.9328091252699784,0.7558231630485653,0.6294110348983535,0.6097440313685252
2007_003020_pottedplant,0.11769290724863601,0.16565599319920657,0.125443014362992,0.21930679287305122
2007_003022_horse,0.7535857461024499,0.7987095824542466,0.8590925294087691,0.9044592543035792
2007_003022_person,0.5787187839305103,0.8581064201848614,0.597369382535623,0.8548012232415902
2007_003051_car,0.6325529172038092,0.4402267685481883,0.9636834745414165,0.8895302148163019
2007_003088_bottle,0.383969465648855,0.5646215139442231,0.38447111777944487,0.5652310594152782
2007_003088_person,0.861849720969609,0.5822932412006047,0.8678468144772588,0.7187581870578988
2007_003101_bus,0.7772844122458519,0.25911875261032996,0.9345506592643997,0.5537959829038713
2007_003101_car,0.236810551558753,0.23360328504619596,0.16028225806451613,0.3346241858827671
2007_003106_person,0.8802617981398553,0.6839792249300839,0.9506718788174933,0.905966741241322
2007_003110_dog,0.1159235668789809,0.28057409544838663,0.23543330375628513,0.27846559772681145
2007_003131_boat,0.7889807162534436,0.7525506909466615,0.8402333981661573,0.8110348400466261
2007_003134_person,0.5631790135140251,0.35044666785778095,0.7212158638671607,0.7372803701921976
2007_003137_bus,0.5994808012708746,0.25246062992125984,0.9305840329090745,0.7034496671373814
2007_003143_car,0.8101905183872397,0.5097252433950709,0.9645800610627746,0.8389948381912032
2007_003169_cat,0.8512975103821911,0.6619855394883204,0.9384997301672963,0.8611734276439073
2007_003188_bicycle,0.31840983668389095,0.4519722913112294,0.3583757227946611,0.5355946918020588
2007_003188_person,0.8586107906527514,0.6671082613533994,0.9174161189899689,0.7723654611524485
2007_003194_dog,0.7725265904073851,0.7194505687471953,0.8640065960423746,0.8098896934994948
2007_003195_bus,0.8949475691134414,0.7593106930943063,0.9432641997100171,0.8647599591419816
2007_003195_car,0.3552158273381295,0.42866660321690303,0.49478827361563515,0.6034462548353066
2007_003201_cow,0.6879510944586866,0.5581577348969771,0.8043191603875135,0.8209412933910698
2007_003349_bird,0.8751298636013272,0.6283235294117647,0.9670631596582342,0.937879369957741
2007_003367_motorbike,0.8467439481759291,0.8498568550524864,0.8680747922437673,0.8930345629426065
2007_003367_person,0.7819935691318328,0.8697875059913724,0.8351535836177474,0.8875138822782802
2007_003367_pottedplant,0.38888349042852977,0.4654038202425299,0.4996461429582449,0.5998689071624359
2007_003373_dog,0.9005502549346257,0.7198805608447291,0.9466266866566717,0.8975530510711748
2007_003373_person,0.27374408185313465,0.16494845360824742,0.207352568205698,0.23015254022092033
2007_003499_train,0.9549109601615569,0.8154839764551994,0.9522524418475099,0.8150433577078859
2007_003503_bus,0.5835936658407842,0.4457856131771973,0.9796629395559877,0.9240035826242723
2007_003503_car,0.7284887203034538,0.6820835204310732,0.6396226415094339,0.6108882521489971
2007_003503_person,0.6902356902356902,0.7513717421124828,0.8191544885177453,0.9363590897724431
2007_003506_pottedplant,0.05783860888466241,0.23697416725607087,0.9008594716310933,0.8475660310316239
2007_003530_person,0.7116888744448056,0.5957846518091513,0.7300949190396426,0.6927825623047024
2007_003530_sofa,0.2822340072920119,0.24350205198358413,0.35131614654002713,0.32762780877695674
2007_003571_boat,0.4424690007293946,0.5743817374762207,0.7013668869376302,0.6959577074334343
2007_003621_bicycle,0.23931898490202377,0.7602891377963011,0.24364606212739254,0.7741702267499179
2007_003621_person,0.8086225026288117,0.6161180957762395,0.862756052141527,0.81759695541863
2007_003682_bird,0.8320417523327535,0.8398606953015214,0.8712935809710003,0.8751305202383146
2007_003711_bus,0.9339517415674813,0.6526382677126866,0.9406219479398151,0.6818504796223925
2007_003711_car,0.8183319570602807,0.894141829393628,0.9038984587488668,0.9253290357238786
2007_003742_diningtable,0.4931940487496043,0.1562055768179333,0.24197699670232445,0.16250813625515295
2007_003742_person,0.8278832287484897,0.5252173007859262,0.9183572488866898,0.6748860727885636
2007_003786_bus,0.894445562487422,0.7649982560167422,0.9488909332515588,0.8999400838825644
2007_003841_cow,0.021665982117468643,0.10090526539127975,0.33791159028800494,0.1243275964065101
2007_003848_train,0.07117650111578183,0.11899496252610886,0.11921491353159273,0.09645154340934971
2007_003861_boat,0.35356937799043064,0.36315407382587817,0.8628725245145165,0.6664849207701482
2007_003872_dog,0.7304101838755304,0.8629961587708067,0.8295580110497237,0.9277248677248677
2007_003917_car,0.8756740149012981,0.5205486983533552,0.9838879910287278,0.8792658445655291
2007_003957_train,0.864127243483367,0.726138946001515,0.8936521670730748,0.8010834236186349
2007_003991_cat,0.8744397410358565,0.6181165434577004,0.9610612160627645,0.9058639054854146
2007_004033_motorbike,0.5590141976962228,0.5669035218494066,0.5329881026515028,0.5502181529004664
2007_004033_person,0.7719932001699957,0.5921232356958567,0.8760152890587674,0.9193162393162393
2007_004052_aeroplane,0.8823751652918582,0.8489585551816672,0.9258816120906801,0.9136319548540693
2007_004112_dog,0.6497986949881993,0.4063157894736842,0.7183418717079154,0.5033146353901071
2007_004112_person,0.6125589020992651,0.358097068716963,0.6835714371250314,0.46046572086459187
2007_004121_person,0.7530800155621838,0.7694557702535012,0.8292902066486972,0.820867917719235
2007_004121_pottedplant,0.5977451606041267,0.432943837165473,0.7460567823343849,0.627743447688046
2007_004143_bird,0.8813768276746308,0.6860218940411029,0.927452516154298,0.8279896955212762
2007_004193_chair,0.8759746588693957,0.8100231679063529,0.9293764087152517,0.8659514120113454
2007_004241_boat,0.515456725528668,0.4478616826456964,0.9238403889001418,0.6789173940813286
2007_004275_motorbike,0.3501386382641609,0.3966197602561239,0.8122303261274284,0.6924251461290707
2007_004275_person,0.7492682355696054,0.4621763602251407,0.9024355403185487,0.752242728986915
2007_004275_pottedplant,0.2903225806451613,0.667687335204559,0.21877537761897028,0.5858085808580858
2007_004281_person,0.9586206896551724,0.9163701067615658,0.9586758978797058,0.8843979057591623
2007_004281_train,0.6752935962774208,0.5489921030756443,0.9489400600705176,0.7819999251244806
2007_004380_motorbike,0.8026573064147565,0.64590221323272,0.87912981114033,0.8061382021778062
2007_004380_person,0.7799261679980635,0.8256120701624473,0.7719587901201955,0.8167359198219649
2007_004392_chair,0.3763569053146765,0.4691985930221504,0.4912039065923746,0.5074149051362931
2007_004392_person,0.9133355727242191,0.6823097937951424,0.9138095419701766,0.7668249302886427
2007_004392_pottedplant,0.29070967741935483,0.5263405772724215,0.375786634701828,0.7305607187112764
2007_004405_chair,0.39233708769107,0.5780473586319851,0.17948900265453166,0.3533469243857202
2007_004405_diningtable,0.5080073914382507,0.3499382245471991,0.5384553467219383,0.40200212111022016
2007_004468_bottle,0.005982520635361032,0.0881809968969716,0.00515329758992244,0.03752707225831857
2007_004483_train,0.9178671794113297,0.6676524051113704,0.9536244184108028,0.7991389302864713
2007_004510_chair,0.6850633191395233,0.6463713239934368,0.4815452171849039,0.5958125346644482
2007_004538_horse,0.6686517025500076,0.7973417800136637,0.7422982262581685,0.7569881053525913
2007_004538_person,0.698083747338538,0.52455824368398,0.789908256880734,0.75
2007_004558_pottedplant,0.47527619047619046,0.5777474402730376,0.448562661498708,0.48831036614187545
2007_004644_dog,0.5933795367499544,0.4487153953395738,0.9081093189964158,0.7929962362952053
2007_004649_train,0.7832608255766896,0.5696784792302276,0.9064944364878263,0.8119749374841955
2007_004712_bottle,0.21268057784911718,0.2636509635974304,0.38079470198675497,0.44913544668587896
2007_004712_chair,0.3132054176072235,0.5486754428733951,0.30051622418879054,0.6028328930358047
2007_004712_diningtable,0.07769301783198096,0.06251458985013306,0.3775410952242,0.11902231668437832
2007_004712_person,0.8756643215063016,0.6536231884057971,0.9601812705518251,0.8665660702737659
2007_004712_pottedplant,0.6243772113510001,0.662625825305769,0.7154727331397225,0.6814029547761362
2007_004722_person,0.8295863519513905,0.7457255083179297,0.8888993282284963,0.8495902953955617
2007_004856_cat,0.8893000715898453,0.6424719627994216,0.928263413365693,0.7169855641923636
2007_004866_cat,0.6748015405171737,0.3541873845716721,0.9205498738731692,0.639459202031961
2007_004902_horse,0.36390447892593814,0.3571412839995595,0.5254367483100694,0.36488991029727924
2007_004902_person,0.9596111696698958,0.7157045313469894,0.9640028432168968,0.7821340066395474
2007_004969_sheep,0.9123110151187905,0.9026106696935301,0.9321773485513608,0.9600902720038009
2007_005058_sheep,0.7130653266331658,0.9073466710396851,0.745850622406639,0.9177788762563849
2007_005074_boat,0.7620915032679738,0.5092500497314502,0.8263582691876541,0.611520284784877
2007_005074_car,0.48079495509268105,0.6417158968850698,0.14502762430939226,0.26008091706001346
2007_005107_bicycle,0.34917259254336414,0.7821061322524957,0.378939450921399,0.8486259718266492
2007_005114_cow,0.17703942474584677,0.3095505247178404,0.30867813987550347,0.33107507014302334
2007_005114_horse,0.34172435494021397,0.34226523756199007,0.37211595346085585,0.42088311688311686
2007_005114_person,0.5584829183555298,0.5038906813437085,0.5386458957459557,0.46411255822796843
2007_005149_dog,0.49037148217636023,0.357352527242752,0.9358867366510008,0.727373765439895
2007_005173_motorbike,0.6464290951752456,0.5309724882465611,0.5801232665639445,0.42239625711960943
2007_005173_person,0.6633803528995399,0.690503274939231,0.2653663544206339,0.2873298625516937
2007_005281_bicycle,0.35444891980959353,0.7220468297816364,0.3829549683662077,0.7817319098457889
2007_005281_person,0.7272813149442661,0.8497646499978408,0.7500241382639761,0.886005680351149
2007_005294_bottle,0.03277227281505801,0.02646740200906047,0.039650587553667196,0.004762117689143266
2007_005296_car,0.18588326332080476,0.25513517902086547,0.2949194547707559,0.24089957729716419
2007_005296_person,0.8387832699619772,0.9201601507300989,0.8,0.9130135414275878
2007_005304_bottle,0.34913921044820423,0.32809667673716014,0.4932072356075959,0.47784845441356993
2007_005304_person,0.906906600341525,0.6886864471474375,0.9211130316511292,0.7928141497696627
2007_005331_car,0.8738343390016456,0.8706301251618472,0.8709382986491421,0.8707937877480587
2007_005331_horse,0.706432043407815,0.7638775324793313,0.884974810598777,0.9108376240110511
2007_005331_person,0.8393155258764607,0.7968447088709139,0.8837176404017542,0.9258132290081866
2007_005354_motorbike,0.5859081784062146,0.5013416992226036,0.8487668786965741,0.6958298854033451
2007_005354_person,0.866680955953274,0.7523755714212338,0.6862698600901115,0.6821216617210683
2007_005428_bottle,0.1989897137522298,0.029606767261088247,0.23960122034576464,0.09517773491319922
2007_005460_cat,0.864009854561234,0.6850668125341877,0.9720907435933342,0.9360985449346885
2007_005469_sheep,0.1917837694688581,0.22508748780907578,0.25975731382978723,0.28436290669342124
2007_005509_aeroplane,0.6712843018029927,0.7018146019582802,0.7604166666666666,0.7914655492494563
2007_005509_person,0.5621203754831585,0.885794037296591,0.5001158211721103,0.7377658601986714
2007_005547_car,0.6068650140813652,0.504028718028757,0.8207771181867243,0.7731914436203375
2007_005547_cow,0.8839450600184672,0.8700614962615582,0.9370805850301118,0.9199854353465933
2007_005547_person,0.6344762503932054,0.5364127842264271,0.7938751472320377,0.9104397086592932
2007_005600_aeroplane,0.3295430165200601,0.6057132348433765,0.5264804469273743,0.62750399410102
2007_005608_motorbike,0.6925016758706547,0.6942512849306786,0.7777777777777778,0.7088043163222081
2007_005608_person,0.8617696950570042,0.7379346542448497,0.9005708653332786,0.8236056718433491
2007_005626_train,0.8770834408380206,0.500503112475484,0.9447341312405085,0.6901098901098901
2007_005689_train,0.5789983130064438,0.33767530623113795,0.953739548205294,0.714622146571222
2007_005696_dog,0.7779245601214233,0.4393081504446439,0.9018368986505808,0.668713607672359
2007_005705_boat,0.5245261009040536,0.3815810997125698,0.7027788649706458,0.3178132776752027
2007_005759_motorbike,0.9072329688814129,0.9402104182704645,0.9264356099218485,0.950760079312624
2007_005759_person,0.5754985754985755,0.8871620527764287,0.6685552407932012,0.9297991967871486
2007_005803_diningtable,0.5431623686175406,0.4825473805117733,0.689756903469436,0.5731794505157798
2007_005813_pottedplant,0.32498821866163996,0.6990239731076578,0.46008054963278844,0.8067925210008129
2007_005828_aeroplane,0.460268157581405,0.5300166759310728,0.9568121558229655,0.9468305687203792
2007_005844_chair,0.4540394067974625,0.7505877128826663,0.3487682359856784,0.47926090840766317
2007_005844_diningtable,0.18910578922653787,0.19490346631057698,0.449488408237275,0.45420961687421796
2007_005845_cat,0.18022714578290822,0.3141783029001074,0.9103617927641448,0.7473138199333086
2007_005845_person,0.9645058480411317,0.7690781749726732,0.9749063556354113,0.8447050319264287
2007_005857_pottedplant,0.23484110825882978,0.47377645073348046,0.40113521499105825,0.5752019280875456
2007_005911_bus,0.4721088072300946,0.1747563992527894,0.94549281140939,0.6571504723546658
2007_005915_sheep,0.9074876237623762,0.8610442607512818,0.932951244406061,0.8764311718461457
2007_005978_bus,0.48414325909676187,0.2530708661417323,0.9244561106909285,0.7773295959526902
2007_006028_person,0.6349635796045786,0.4985543981939879,0.8508230452674898,0.7439937495930725
2007_006035_car,0.7186676703048551,0.8560865246661516,0.6798489666136724,0.7215428033866416
2007_006046_boat,0.7579920079920079,0.7831031114831868,0.829102329233185,0.931870947081899
2007_006076_person,0.890284376746786,0.6202185792349727,0.9109184770160509,0.7083053561282991
2007_006086_bottle,0.7846460618145563,0.8630424988737048,0.798480722373513,0.8715953307392996
2007_006086_diningtable,0.31182943334052526,0.15800371077469144,0.1874074805092273,0.1410965991940921
2007_006117_person,0.7412693987547626,0.331470559254515,0.8934334542695679,0.5518179569626515
2007_006171_dog,0.8471770086477203,0.5997921751528479,0.9374296110196656,0.7901890375997863
2007_006171_person,0.5229728076970117,0.3964383236376588,0.5197561422808947,0.5315673559280558
2007_006171_sofa,0.612155720338983,0.5385340059563606,0.7226533537640255,0.7098113860529504
2007_006241_chair,0.6109837631327603,0.6063473499548137,0.6138441445363517,0.4778984968001191
2007_006241_diningtable,0.7496319513700908,0.43695309137856836,0.529812790823504,0.3853354364137565
2007_006260_cat,0.7325016589250166,0.45168427594779365,0.8923790175548263,0.7198165896711025
2007_006277_car,0.514664434689032,0.33856062227931205,0.9768351640842544,0.9141002320767735
2007_006348_chair,0.0924851899415883,0.19625910732872098,0.08544468231039427,0.19475376544254527
2007_006364_horse,0.5537595496582227,0.563486643120573,0.45643271875318325,0.4781175506555423
2007_006364_person,0.8561252079866889,0.7256260135785163,0.8719422098177639,0.8256396552875943
2007_006373_person,0.770021645021645,0.8360338573155985,0.9225337042585063,0.954170817860701
2007_006373_sofa,0.9339074704586421,0.7874101073785834,0.9840961177859574,0.8772768902004681
2007_006444_dog,0.8526084568918176,0.7400022786829212,0.8930686554068875,0.9079640718562875
2007_006444_person,0.9195225797445383,0.7821428571428571,0.9445959523467776,0.8368129841386942
2007_006449_bicycle,0.33117391693519516,0.5350130172323362,0.39351209357652656,0.6030526695816117
2007_006549_boat,0.7053824362606232,0.8621098380086922,0.8309537407195888,0.9152643040981984
2007_006553_chair,0.2170457182640984,0.2165625197247996,0.4994237639737236,0.4004285394480156
2007_006560_person,0.8628138046420595,0.4426445546753535,0.9145580603243016,0.6690642745453049
2007_006647_motorbike,0.7077603764309292,0.5662175394078139,0.7472572481788128,0.5653437718006357
2007_006647_person,0.7417831079934378,0.7220145659126815,0.7627364924974794,0.8848943802311678
2007_006678_sheep,0.8379210895858185,0.47521147874504766,0.8427712559408687,0.4596755628539419
2007_006680_train,0.7381809776393586,0.5007882562737446,0.9150608985759668,0.7873390470774605
2007_006698_person,0.8572888221784184,0.5971833361443751,0.8905046504868478,0.619795731960475
2007_006761_cow,0.6673305493093479,0.637816670662511,0.9282557837275799,0.8940403655750191
2007_006802_person,0.6307984790874525,0.6458923512747875,0.6651411136536994,0.563562415267494
2007_006802_train,0.3141215892771661,0.34844094568952255,0.9644585175199339,0.7073549240593279
2007_006837_sheep,0.4009685230024213,0.35710754017305313,0.48831548198636804,0.38162148719224076
2007_006841_cow,0.6740726240579427,0.6390746987951808,0.5745238335180893,0.5877833489028272
2007_006841_person,0.715112540192926,0.7389066267022871,0.7474123539232054,0.7598366740905717
2007_006864_person,0.620896919764067,0.5445797158886838,0.5610660283729348,0.5808631843197837
2007_006866_horse,0.8149435001721601,0.8437296821815122,0.7898553250827959,0.8002998673663572
2007_006866_person,0.8331759521561222,0.8167957703184556,0.9068650984157465,0.948018692785353
2007_006946_aeroplane,0.9156991653844361,0.8814281538911194,0.9372133705262162,0.9310389130679172
2007_007007_diningtable,0.052987538609010544,0.12732919254658384,0.28581171471290295,0.4984445827037597
2007_007007_person,0.8818712912277473,0.5965177629264861,0.9460369881109644,0.8335699957175378
2007_007084_bird,0.5412209339568254,0.5004806701915814,0.8637863786378638,0.696576245455635
2007_007109_horse,0.4895990686974237,0.48804637317875604,0.9643933737105561,0.8415195791934541
2007_007109_person,0.9342710213534039,0.7743211460337823,0.9565490086762605,0.8087358297963789
2007_007130_pottedplant,0.15732172019597168,0.725503207255032,0.16346406949197156,0.7793406593406593
2007_007165_sheep,0.6443685735837071,0.4741696286309597,0.7461883002307379,0.571103957583791
2007_007168_train,0.840620715806668,0.5276379949288083,0.9623269024178477,0.8153701968134958
2007_007195_person,0.8267754318618042,0.5896826675257731,0.9705102817974105,0.8261511538882205
2007_007195_train,0.4992421946044256,0.5059586719632639,0.7147422619399894,0.6656722276741904
2007_007203_chair,0.26904911838790935,0.5048273945960964,0.2679797848905015,0.4987006454857909
2007_007203_person,0.886484059272564,0.8657489188036791,0.9183919784606814,0.9149405564407402
2007_007211_motorbike,0.8651265735233089,0.7308285232854121,0.9706556625401193,0.9236146169080812
2007_007235_bicycle,0.25340220522499257,0.5495842054647282,0.43743614561488414,0.7815217081444739
2007_007235_person,0.6327015827729094,0.538044649730562,0.7713374309499728,0.7502833396297696
2007_007341_aeroplane,0.5294466222992068,0.587737729648187,0.8931977967847387,0.8521083460082198
2007_007341_person,0.6013357307988698,0.670577379383074,0.690854326396495,0.7724657534246575
2007_007414_car,0.7832780672666982,0.7725837785332685,0.9486032642812304,0.8699296225207933
2007_007414_person,0.8888888888888888,0.94880174291939,0.8919425359150531,0.949350363356089
2007_007417_cat,0.14103412420833727,0.19873326295905328,0.257291957879042,0.22341480487662602
2007_007417_dog,0.7563145809414467,0.5385658686165822,0.7197581293621949,0.5410719573586024
2007_007417_sofa,0.16076244177494484,0.17234336185481644,0.27640408012781126,0.2097079218323177
2007_007470_aeroplane,0.8775995246583482,0.9124309918142014,0.9055656382335148,0.9370573342306829
2007_007477_boat,0.7241753900849299,0.6826396175819051,0.8942101501072195,0.8569415081042988
2007_007493_bottle,0.689829437776374,0.7506166072896684,0.781559405940594,0.792197011621472
2007_007493_chair,0.44303469704816156,0.41517901665503143,0.8812539582013933,0.9055697823303457
2007_007493_person,0.9123160297693065,0.6202887771435963,0.9470237456202848,0.8176820744789458
2007_007498_diningtable,0.37424112144662447,0.1292223659623401,0.2583218205041316,0.13996985203697093
2007_007498_person,0.6247186622272651,0.19400293221009518,0.9619416998256359,0.6891809365610573
2007_007524_cat,0.8088162847064851,0.5937174471631288,0.9601167706865311,0.8039524517087667
2007_007534_sheep,0.77747896576895,0.46491313209744733,0.9566178581682457,0.7562473049834706
2007_007624_pottedplant,0.6274786342777754,0.5723344027174939,0.4746652910970949,0.44137767408754797
2007_007651_diningtable,0.41638886918693996,0.20055170527083713,0.41524591521633675,0.178720094184922
2007_007651_person,0.6959401816630703,0.6396499519976369,0.8572223252364176,0.8181544028950543
2007_007688_motorbike,0.12425920976230195,0.13583778935776483,0.11612040750472502,0.05506088778316093
2007_007748_horse,0.7033507722969606,0.6896229063347993,0.6903883227760947,0.7489294016884864
2007_007748_person,0.66180086047941,0.7206239168110918,0.8082678638234194,0.8990557366090081
2007_007795_chair,0.26970788315326133,0.40453390658589017,0.2672811059907834,0.4756654415859227
2007_007795_person,0.8280194358944577,0.7775844262411047,0.5832324904995435,0.4830970556161396
2007_007795_pottedplant,0.33083109919571047,0.7737395332264386,0.5540607872446437,0.8616107025781873
2007_007810_diningtable,0.8426371891038295,0.1819546721956102,0.09116629763093533,0.028273599548469027
2007_007810_person,0.92685687651896,0.6454366750912665,0.8854535233623226,0.5028919198895028
2007_007815_car,0.6347811560307384,0.430524770862038,0.8537795640748184,0.6483850229444235
2007_007815_person,0.25093789078782824,0.3661355153603216,0.5100541376643465,0.5773796829459018
2007_007818_car,0.2250314564328405,0.2711312473453207,0.3131344927992445,0.3477612457947491
2007_007836_bicycle,0.22031307325424973,0.48521317971673883,0.24198125067346718,0.47829533808998975
2007_007836_person,0.839066519661889,0.8721806050186254,0.8469379691821415,0.7763023074716177
2007_007849_person,0.4232479356341308,0.6978040167733393,0.495234015208311,0.7405827609129182
2007_007881_train,0.8085777273030931,0.5226581880437441,0.9053719812133507,0.7174874668239457
2007_007996_chair,0.21697281410727406,0.3621771368043673,0.3187649489019352,0.29251242944189004
2007_007996_person,0.8149266500591329,0.765566371200174,0.6361684327941997,0.5696179428942245
2007_007996_sofa,0.15262026536209325,0.329048473967684,0.15521308381821042,0.27118780419130367
2007_008051_bird,0.3865513062593355,0.43703703703703706,0.6159044387740796,0.4060124295418413
2007_008084_bird,0.21761658031088082,0.23621346258469755,0.2009316112640271,0.19820311724411793
2007_008106_chair,0.5697560975609756,0.5544408380053113,0.6502429460404058,0.6995468277945619
2007_008110_cat,0.4797843665768194,0.4677365054427113,0.5823050669467051,0.5580110497237569
2007_008110_chair,0.13558990412835062,0.14981315819273017,0.11717187561272106,0.14232308738010724
2007_008110_person,0.79488276570255,0.8228378196802079,0.8883632923368022,0.8906426937209678
2007_008204_bottle,0.61647004395096,0.7038374717832957,0.8718741219443664,0.9360922659430122
2007_008204_person,0.8362578768783325,0.5669831929026793,0.8831208567057623,0.7359621091075097
2007_008222_dog,0.9267594433399602,0.88324395253309,0.939500053873505,0.9075479348896484
2007_008256_horse,0.8097552130553037,0.6464765026354254,0.8159153391330547,0.6542255099753419
2007_008256_person,0.7282381945761426,0.8006897092248609,0.762455161418892,0.8269994327850255
2007_008260_dog,0.723405421703259,0.6611997635933806,0.9628586275743237,0.9227260286470212
2007_008260_sofa,0.6689714201650329,0.2428568698278004,0.9105167343509313,0.5272830036334275
2007_008339_train,0.9015920854353666,0.8212230765313916,0.9277902226907366,0.8807961625406627
2007_008374_person,0.4102226720647773,0.5277154979131454,0.4425346862704494,0.5617887365042311
2007_008415_dog,0.8634807278419097,0.8454310547333803,0.8888942423512407,0.8814509973117387
2007_008430_person,0.9476555894130598,0.7397396261735258,0.9727963257375022,0.888024275928374
2007_008543_chair,0.5378669581511555,0.32903040734366035,0.7099513405209427,0.5829363883026831
2007_008543_sofa,0.33033971105037097,0.10704960835509138,0.4207257529002773,0.1195019404915912
2007_008547_pottedplant,0.6251233823206843,0.5878686348950798,0.6713559450641171,0.6046786651391404
2007_008596_horse,0.8022602936942125,0.6334444639410423,0.8656200706076768,0.6686860342374593
2007_008596_person,0.6794438181134912,0.6657733760559278,0.7574879227053141,0.7208035609698957
2007_008645_boat,0.5462857142857143,0.6179730799683294,0.684160756501182,0.47252966397447405
2007_008670_bird,0.4904661016949153,0.48757442402278023,0.4991718628215121,0.49498620801557686
2007_008708_person,0.9539572752099231,0.8508952244764203,0.9618540001045096,0.9030696065715521
2007_008747_bus,0.8175623751216763,0.6413171884229178,0.9663578990228013,0.8937683313913777
2007_008747_car,0.4586397058823529,0.3357481192532739,0.7128108869075551,0.7621758380771664
2007_008802_horse,0.7792885759378414,0.7789618425575799,0.7893719806763285,0.8004293688278231
2007_008802_person,0.7434184675834971,0.7291174152876281,0.6888068880688807,0.7244126659856996
2007_008815_cat,0.7993192149428011,0.6325083327423587,0.9387469066859383,0.7851996616398799
2007_008897_chair,0.6913327120223672,0.7367477082502989,0.8978469126434602,0.9291784702549575
2007_008897_person,0.7405074468711368,0.5003608311559039,0.7614838828062879,0.5626380479692331
2007_008944_person,0.8296929147366615,0.43463727669772795,0.9382333263792471,0.6894978051940518
2007_008964_dog,0.11110033662570823,0.28558749758826935,0.13877646540568817,0.3030235750040368
2007_008964_person,0.5223538029544622,0.12012197634647875,0.637539230500988,0.25377115818222235
2007_008973_cow,0.9028307483685059,0.7865002636667252,0.9372480054902633,0.9048360688470908
2007_008980_dog,0.8998627361265442,0.7713473609411393,0.9111232099254273,0.798889196347393
2007_009015_bus,0.8682230156550398,0.8171182795698925,0.9416928264155331,0.9305616211022797
2007_009015_car,0.883596351527436,0.9107520978746765,0.7315175097276264,0.42678848193164204
2007_009068_chair,0.13693361027771367,0.2938441098317095,0.12939510081653058,0.15363333062088047
2007_009068_person,0.5854680950163018,0.5549447672896707,0.6193391596952844,0.5822589382448538
2007_009068_pottedplant,0.6608433734939759,0.7748647523928422,0.76,0.8663326653306613
2007_009068_sofa,0.3940459313864474,0.2841164748987594,0.37787041616618383,0.3162008825383484
2007_009084_chair,0.14784908812473896,0.37220081868528776,0.11793508673754896,0.3266568663481563
2007_009084_dog,0.7765694513099357,0.7669785449266011,0.7925952045133992,0.825037281850792
2007_009084_motorbike,0.7606546259280411,0.6386080545160029,0.805092959732135,0.6739502185065552
2007_009084_person,0.47863247863247865,0.87996632996633,0.4703328509406657,0.8071642316493575
2007_009096_car,0.02978359652674675,0.018526456160403867,0.04314572366941108,0.021134118541033434
2007_009221_cat,0.8760376935158178,0.7694482331060136,0.9384454730187402,0.9018045663128853
2007_009245_cow,0.7867769959348755,0.6140136075507958,0.8956374417619652,0.8572220477096768
2007_009251_horse,0.8163836650234313,0.8126218689065546,0.8851929404726294,0.9060736807168934
2007_009251_person,0.5533774208786018,0.46129988283134604,0.7214818763326226,0.8223427331887202
2007_009252_chair,0.07131192161132281,0.24559507978723405,0.15793991416309014,0.4111001964636542
2007_009252_pottedplant,0.10852830188679245,0.5914218258132214,0.1096060815480304,0.6273547880690737
2007_009252_sofa,0.6556154460415241,0.2940092356753847,0.5761612995155315,0.29638831656768877
2007_009258_bicycle,0.35380391259581284,0.5042337998353522,0.4306684262925146,0.5179009683033124
2007_009258_person,0.798430004361099,0.6637962655674137,0.902459110145259,0.8303309981837725
2007_009320_person,0.932293915770813,0.7898675382762773,0.9592369382622313,0.879092713041561
2007_009320_sheep,0.5930043933761406,0.7249164752557945,0.5716775437555621,0.6780378013395884
2007_009323_bird,0.9029015120555782,0.916566849779026,0.9217797812839135,0.9060679912429261
2007_009331_dog,0.8160129783376276,0.8331994952391878,0.8771580345285525,0.9288101227800097
2007_009331_horse,0.5376022341911031,0.4308884483690755,0.5471356783919598,0.5081916217337205
2007_009331_person,0.8546681254558717,0.8454458185103619,0.8936817102137767,0.8953849630006213
2007_009346_cat,0.9396394124692681,0.9162157310286462,0.961860705851907,0.9392438543719531
2007_009392_bus,0.8744853900994076,0.850221849142583,0.8711939294976467,0.8066257668711656
2007_009392_car,0.5849673202614379,0.6537954024585041,0.6985213581599123,0.3603048959249487
2007_009413_chair,0.21724415253669324,0.34032676466572614,0.20063759769642123,0.2565454628822963
2007_009413_diningtable,0.4999561795586405,0.3832232664465329,0.3537669794146478,0.31586113002042204
2007_009413_person,0.9598514630204812,0.8303469777380764,0.6342788311191929,0.41396522209208036
2007_009419_pottedplant,0.09346146598831731,0.2911298199916275,0.35758706467661694,0.5715963130393941
2007_009458_bottle,0.017978897649792405,0.044793793385055125,0.0,0.0
2007_009521_chair,0.4774101177219217,0.740415027385636,0.7065289074521873,0.9465012782880409
2007_009521_sofa,0.18026338293141783,0.17501206563706564,0.7691225165562914,0.5171366256426234
2007_009562_dog,0.7213377028875184,0.39369829143817164,0.9741882195033813,0.8976014520938675
2007_009592_dog,0.850561540224616,0.6436450545409976,0.9055131761442441,0.7866398724967085
2007_009654_person,0.931293437193899,0.6929842037853992,0.9776664229113969,0.8413208566796553
2007_009655_person,0.5746502795404685,0.3710870706147257,0.883318639224151,0.7530427579175428
2007_009655_sofa,0.23410064052455345,0.27286710213539483,0.16206983958381113,0.2622840139031282
2007_009684_person,0.8992094309579015,0.7655865346081182,0.95076178271394,0.8957509135384895
2007_009684_sofa,0.49423517482254853,0.4042517529401905,0.8574145224511973,0.6533721457734765
2007_009687_bottle,0.2915101427498122,0.28192626806945514,0.44062122198456244,0.3467326732673267
2007_009687_person,0.8972824313615811,0.5759763945315975,0.9577883876739369,0.8064479324564406
2007_009691_motorbike,0.5993351021321485,0.5273958486677462,0.7148727423310929,0.5862495532891663
2007_009691_person,0.9018231829883274,0.7900164122255597,0.9443712969058591,0.9004276746913155
2007_009706_diningtable,0.7455041248144696,0.6113831089351285,0.9504247217340364,0.9503238954800204
2007_009750_person,0.7442914415199582,0.7917408330366679,0.8846153846153846,0.9343502606680827
2007_009750_pottedplant,0.5822349314150396,0.5513513513513514,0.3127400153609831,0.25236061151079137
2007_009756_motorbike,0.868246162025653,0.7999193548387097,0.9193768323447195,0.8758256639858497
2007_009756_person,0.8719061126870238,0.781145305804441,0.9102746346733382,0.8747227470631725
2007_009764_bus,0.4656034330207043,0.3273294598665806,0.9592052980132451,0.8106412692598274
2007_009794_cat,0.5290443295754151,0.30498454450360235,0.9805138540940684,0.8647908626264733
2007_009817_bird,0.5213112737560736,0.4251576325968314,0.8909646944831345,0.7845840719585057
2007_009841_horse,0.8309781611304826,0.8182921280145609,0.8575222049262888,0.8975268599229678
2007_009841_person,0.6518207282913165,0.819954128440367,0.6676128299744536,0.8255740200431307
2007_009897_cow,0.8087314569349653,0.730587207767148,0.9418777109276619,0.933379458108289
2007_009911_aeroplane,0.9333893087041701,0.9194940102203234,0.966661897267134,0.9563100630794632
2007_009923_cat,0.9169563791407018,0.8422208281053952,0.9516097560975609,0.9090013787669884
2007_009938_car,0.8625114573785518,0.8138487521110903,0.8907407407407407,0.8669158878504672
2007_009938_motorbike,0.6449919047827418,0.7009307972480777,0.7807644647793347,0.7726779163609685
2008_000009_cow,0.570832090665076,0.6878390373804123,0.5917636526410027,0.6558803402092092
2008_000073_cow,0.8577659316694936,0.8219005285920231,0.9228174758804613,0.8818742293464858
2008_000075_bus,0.9338248296312418,0.6876775293084749,0.9684058766991624,0.8788904764863018
2008_000080_dog,0.7567581617799959,0.7735346928305759,0.913891957287886,0.9253212921153178
2008_000120_boat,0.010860590663702763,0.15116206617234718,0.008684229730715901,0.27707690671205193
2008_000123_bird,0.8476658476658476,0.7990757345840805,0.8519309778142975,0.7401222509294851
2008_000149_chair,0.6538179447477793,0.5079637003426243,0.9409993308052643,0.946677471636953
2008_000149_sofa,0.8437478658744793,0.6252141893616245,0.9225347293505782,0.7922280887011616
2008_000182_cat,0.9424853064651554,0.8931734317343173,0.9541637010676156,0.9412339884619145
2008_000213_person,0.4879467489045969,0.13072174507124731,4.446448875366038e-05,0.43575648178536264
2008_000215_person,0.9489222222222222,0.6874648435809787,0.9609625244762369,0.7606274602892015
2008_000223_person,0.4638374178123132,0.5526363581330589,0.6831078654375673,0.724267150196434
2008_000233_person,0.8034023481883601,0.6057304984412764,0.9258793066244695,0.8064058720493786
2008_000234_person,0.9435254051860282,0.4566259893173223,0.9536989136057941,0.7580094192792028
2008_000239_dog,0.6907029689169726,0.5196384039900249,0.8600579133110126,0.7036616660086854
2008_000254_person,0.5730858468677494,0.8368710108356835,0.38774671052631576,0.40687564808167825
2008_000270_dog,0.7890886546807192,0.4739334130781499,0.9615735908141962,0.7720776841333822
2008_000270_person,0.5741259637748841,0.4386235307674579,0.7426132478128611,0.6681699269844988
2008_000270_sofa,0.36068523447164225,0.37390433258201855,0.7095464268880751,0.5839377477609748
2008_000271_person,0.9150936225200801,0.634390514093464,0.9318257999639017,0.7563085191249947
2008_000345_cat,0.9220201188607888,0.6506996458224468,0.9774253538588697,0.8628878554547533
2008_000359_person,0.9348751973808109,0.49391436210543116,0.9425576611667906,0.661289986887839
2008_000391_pottedplant,0.7277836634285612,0.7580818102268946,0.7283820790886187,0.6697696957331225
2008_000401_cat,0.7730222564206798,0.4401232788629964,0.9666912221403706,0.7717803708211038
2008_000464_cat,0.5920160743681612,0.5124345687317371,0.9324591905727808,0.8485846144801434
2008_000469_person,0.6596565019277953,0.8252036608669415,0.5142492556358996,0.546875
2008_000474_person,0.834547043402272,0.7829421487603305,0.8756134504695546,0.8739681184173071
2008_000501_car,0.8720775666588474,0.7319318971507992,0.9723268506418633,0.788785046728972
2008_000510_person,0.6469633193024654,0.7078494131992075,0.6861388024636484,0.7805405754512869
2008_000533_bird,0.913306158101616,0.7570173355497507,0.9465597862391449,0.9359799152675349
2008_000573_diningtable,0.6405644838178338,0.4399608923651231,0.7003543713273225,0.3735936219357723
2008_000573_person,0.8578746548053208,0.6473511959380926,0.8843419765749863,0.711958002129609
2008_000589_sofa,0.615796585186095,0.6326666536073184,0.6930078508341512,0.6997303505442924
2008_000602_horse,0.12786917161491287,0.2929715750947862,0.2299783130663775,0.313424669065808
2008_000630_person,0.8579977357269933,0.8586339014400846,0.8841318103377435,0.9278933092224232
2008_000657_train,0.8263899857842363,0.5027942940260801,0.9355025451641881,0.7757159139478558
2008_000661_dog,0.8831542806512349,0.8385963867972261,0.9157671406238368,0.8430597952953852
2008_000661_person,0.8103917390591706,0.5776207948972943,0.8268643698211949,0.6062463006162738
2008_000662_person,0.5770990183932145,0.44928749771633886,0.8662336271815554,0.8965796108653251
2008_000666_person,0.7643934565540684,0.602959010429299,0.8924889543446245,0.8966029023746702
2008_000673_person,0.6145309648828808,0.3203227290420751,0.785653809971778,0.45119725507373337
2008_000700_person,0.7855719410123555,0.8126324587325752,0.8102661401979385,0.8424090645328772
2008_000725_bicycle,0.4488332681527832,0.727432590855803,0.5229345670852611,0.767124183006536
2008_000725_person,0.7174993460633011,0.7171570055345179,0.7243214475784993,0.7242593135816955
2008_000731_person,0.41411217822216373,0.4227493237352172,0.5703319990581587,0.592958114423384
2008_000763_diningtable,0.29263343687242455,0.1085810877995426,0.1607960157478124,0.018094435075885328
2008_000763_person,0.8367561874670879,0.7683348060085148,0.8537117903930131,0.8560049561908133
2008_000765_horse,0.23448356396333275,0.38345345474947135,0.5102543538038496,0.5337478215816495
2008_000782_motorbike,0.06086187768686729,0.37839428148019005,0.05795185752052317,0.37275565964090557
2008_000795_person,0.8257080610021786,0.37371861322275973,0.9473695937966532,0.6410021641418345
2008_000811_motorbike,0.2905048519837858,0.2905258856442335,0.4243574227163634,0.34632666603469525
2008_000811_person,0.4725407710482337,0.6008974873845402,0.5110966361140836,0.6889416334016615
2008_000848_bird,0.6620656830080914,0.8379934210526315,0.7660338635197537,0.9135063206919495
2008_000853_cat,0.7662377450980392,0.6669006317056051,0.7982261640798226,0.7022013860578883
2008_000863_dog,0.7495178249237853,0.7448500843046697,0.8968547360766014,0.8938259853761952
2008_000911_bottle,0.23570820762744643,0.3188381033746262,0.6645631067961165,0.6341344691207789
2008_000919_cow,0.28293043907252097,0.18421240708976558,0.5429541683948569,0.35259514753478705
2008_000943_dog,0.8318126060728269,0.5304309606976798,0.966641697877653,0.8724503671471309
2008_000992_person,0.9591608614942414,0.8036283156165118,0.9836660989473253,0.9228351955307262
2008_001013_boat,0.030278067053173135,0.04583738041699376,0.4481519034012351,0.2107510709441766
2008_001013_person,0.819474619790638,0.9234624145785877,0.6826552462526767,0.7023168733910602
2008_001028_person,0.9077642230076388,0.8556309904153354,0.952757737956714,0.9509559434746467
2008_001040_boat,0.9226743617333464,0.8692741079448028,0.9604009775073562,0.9198893870197343
2008_001070_dog,0.9444212036096337,0.9066244239631336,0.9551039697542533,0.9192927170868347
2008_001074_person,0.8908366995883182,0.6971858227358445,0.9522196213707856,0.8784889070647173
2008_001076_person,0.8191891427589761,0.7511145900690875,0.8979697583494277,0.8655459235601727
2008_001078_cat,0.5424188043210528,0.46287748178633004,0.6569268992546453,0.5204283896926126
2008_001078_pottedplant,0.573219050699442,0.5044829995342338,0.62564190345772,0.6310892172961139
2008_001135_boat,0.719757688723206,0.768756169792695,0.8698048005977398,0.8451794871794872
2008_001150_motorbike,0.776356418173798,0.7303190957287187,0.7961754780652418,0.7634397633377538
2008_001170_person,0.9244995972914118,0.825214253495715,0.941404946138674,0.883222641257551
2008_001231_bicycle,0.28636691512382784,0.8856542903502911,0.30887076847047196,0.9071842080288507
2008_001231_person,0.7799879445449066,0.8404008016032064,0.8195876288659794,0.8937904579237593
2008_001249_person,0.9268273595241822,0.7578929068150209,0.9550833781603012,0.8728468163641956
2008_001260_boat,0.5881871900390419,0.5241437945542936,0.7771450362272785,0.6795731868364059
2008_001283_person,0.8685767966181306,0.3761630039683863,0.969467556522506,0.8390907963284545
2008_001283_pottedplant,0.36893878023376925,0.4514684577900698,0.39474003151133197,0.31421598535692497
2008_001308_person,0.7051878949118723,0.3754403956531088,0.9325051312520255,0.838891777464161
2008_001379_dog,0.9294520978801032,0.8364763434034131,0.9768669215940334,0.9243974403188105
2008_001404_bicycle,0.5528579621487287,0.496920147832904,0.6355555555555555,0.5446907467836916
2008_001404_person,0.844488110037294,0.7137970681230239,0.896393359737086,0.8081526452732003
2008_001433_cat,0.5459616694589171,0.3231760211144128,0.9345186228888188,0.7347424284015006
2008_001439_chair,0.5809855635361483,0.5631887558064902,0.46054092394991675,0.6901797442489699
2008_001478_dog,0.7559078800378104,0.511379624265497,0.6227568178606754,0.5300901966582877
2008_001491_person,0.8319614114192838,0.6914404186000592,0.9083846976720493,0.8918994543673926
2008_001504_person,0.9104655574223619,0.6679275871386112,0.9333283946959035,0.8431916435514906
2008_001513_cat,0.20056386561202913,0.3386624283221142,0.9723135222922548,0.9487041864744671
2008_001514_bird,0.685890834191555,0.6374748693204664,0.806496612196094,0.7151959993547347
2008_001531_bicycle,0.5579750604876234,0.7201376372275929,0.6430486403676752,0.7568313402954385
2008_001531_person,0.8385643777852316,0.8530714166805393,0.8698385978809783,0.8861606396146255
2008_001546_aeroplane,0.905864476683188,0.8838905775075988,0.9560694479683932,0.9338492423261235
2008_001547_person,0.9053567278642808,0.8889554623527062,0.9265821248710636,0.9093805309734513
2008_001580_boat,0.35495991983967934,0.4765377298668358,0.8867467097667975,0.9436078672403196
2008_001629_person,0.9450763787002675,0.753396845228799,0.9661258183888415,0.842012140348967
2008_001640_cat,0.9311123272677521,0.8816980799718162,0.9483600357560338,0.9110712363179616
2008_001682_horse,0.9002261874842925,0.8904674610449129,0.9360652950178541,0.9455914749731031
2008_001688_pottedplant,0.515044814340589,0.658663081060315,0.3665377176015474,0.5182366589327146
2008_001715_chair,0.19923244888506583,0.46618414496630217,0.26669883504515063,0.5563912018384218
2008_001821_person,0.9230567226890757,0.6406946454413893,0.9529259536002624,0.758725189822832
2008_001874_person,0.8975100999971347,0.8043895825094628,0.9723525364358542,0.9545510568805078
2008_001885_cat,0.6197993702863,0.37828147537605605,0.9832397332397332,0.842776426273248
2008_001895_dog,0.40095965980921733,0.183256033330713,0.6677837992013691,0.3856910127613359
2008_001895_person,0.4501345613881683,0.09146131903632677,0.7482988196748855,0.21202710333145117
2008_001966_bird,0.8406111955970744,0.7540736270368135,0.9063001312527345,0.8809343242833308
2008_001971_aeroplane,0.9176041349954394,0.9394865128371791,0.9216547961812396,0.9391135554836623
2008_001992_horse,0.3934372496175978,0.566312255176273,0.510753466816322,0.7804428044280443
2008_001992_person,0.8145874783050417,0.569608361223651,0.9435495716034271,0.8839638908611421
2008_002043_bird,0.20034684459598484,0.28533458026727043,0.9449122807017544,0.8864706721849579
2008_002152_cat,0.8692811987824866,0.6440647562670971,0.9433618260601899,0.7367925268859408
2008_002205_bus,0.9214197276104004,0.556801686253455,0.973819179389313,0.7666450019498245
2008_002212_car,0.24737387187453766,0.1900662499532133,0.24697535474234503,0.1631670053435689
2008_002212_person,0.8319791666666667,0.8040808732324485,0.8680026138096275,0.833291520321124
2008_002239_dog,0.8631229235880399,0.7255164498852333,0.9001943489310809,0.782598789141332
2008_002240_motorbike,0.534143921161589,0.4980822735371302,0.6286541829449009,0.5750953146739425
2008_002241_person,0.6757414348655224,0.8383118390080563,0.7177366702937976,0.6708461825205869
2008_002269_bicycle,0.39155603843411535,0.5178378505331391,0.4744701726844584,0.6647931546905709
2008_002358_aeroplane,0.9030957985590984,0.8594278427676443,0.918681640267769,0.8790586916935145
2008_002379_chair,0.43951975987993996,0.686659290747103,0.0,0.5676144866806345
2008_002379_diningtable,0.47108741363772905,0.33211489604396743,0.9821802386435001,0.8424061114375768
2008_002379_pottedplant,0.3871763851923542,0.490538172222988,0.4251677768630093,0.5366817042606516
2008_002383_motorbike,0.5375565610859728,0.4703862257138825,0.8022227574579363,0.6248676198040773
2008_002429_bird,0.47690820406907763,0.44903645955634874,0.8915412126757049,0.74026027425423
2008_002467_bottle,0.4959180257750172,0.44022315384238947,0.8270661348668955,0.6849732893739311
2008_002495_person,0.7377491898261809,0.8676664469347396,0.7724005997621632,0.8980388445979514
2008_002504_boat,0.028118123914302257,0.1084419853182864,0.17211449676823637,0.17918821096173734
2008_002521_chair,0.38258386866523914,0.6434215046375816,0.56080375782881,0.7340633282187194
2008_002536_dog,0.8231838210371709,0.7370856240814327,0.8682400379506642,0.9140328697850821
2008_002536_sheep,0.7455400901783964,0.7489925604463732,0.8851930638819056,0.9158259530227185
2008_002588_person,0.9690914068138268,0.7893427598847866,0.9781719647740673,0.8688002124692915
2008_002623_cat,0.885001487209994,0.7894483346300619,0.8922490470139771,0.796688561545338
2008_002681_cat,0.7842379376985816,0.5966890745743545,0.9622443971863243,0.9175343923386791
2008_002775_bottle,0.7105927248107343,0.5086295321767828,0.9642728516891161,0.8919054801407743
2008_002775_diningtable,0.47989163264932544,0.3756330709697222,0.22767293261014934,0.33166683331666835
2008_002775_person,0.8428456421338079,0.682988025090287,0.9501272744414067,0.9034699695271798
2008_002778_cow,0.8391389672513185,0.7704350444076471,0.9534393795988154,0.9351011115575197
2008_002835_horse,0.6317321232983883,0.5649592475154817,0.9089817778872199,0.8160512881396177
2008_002835_person,0.7181616832779624,0.6812539245519973,0.7434505096694294,0.7121034651049293
2008_002859_dog,0.8970336092623661,0.7808712684283241,0.9569564165099697,0.9374170553217306
2008_002864_bottle,0.7172148654421188,0.8384276320543392,0.6257990867579909,0.6227797513321492
2008_002864_diningtable,0.17553386414365194,0.3296220712458991,0.20805592543275633,0.33778671393423104
2008_002864_person,0.890706560455929,0.7806564770734152,0.9400355161543439,0.8619946731809931
2008_002900_train,0.098825463941743,0.21265611990008326,0.12800957431829915,0.2015907264035199
2008_002904_dog,0.6720441934931926,0.38057867454203753,0.9633386672762602,0.9159034433794817
2008_002929_person,0.5182448846702897,0.40988590301756495,0.9092918398019627,0.9014272573514139
2008_002936_dog,0.8702631386058785,0.7493204269707617,0.9583931133428981,0.8892830396909858
2008_002942_person,0.9539520921231682,0.5284489924613753,0.9839388413522233,0.6840003657755966
2008_002958_car,0.4143660761567899,0.5236590422685928,0.8313528964462076,0.46770469480788585
2008_002958_dog,0.8920873124147339,0.8778994845360825,0.9446236559139785,0.9449489672908462
2008_003034_boat,0.09556113902847571,0.24795867870840035,0.12251795521757498,0.2514725288873153
2008_003034_person,0.6547025589896975,0.5012837090759169,0.8460080744829859,0.7655581763043985
2008_003076_bottle,0.41870992078460956,0.8006812438193605,0.1882905674015179,0.4501796798431885
2008_003076_person,0.8202178580573994,0.641278923662794,0.9351507389563132,0.8228219957771046
2008_003105_train,0.8102730126142488,0.5026031388027441,0.922024378585086,0.7631664853101197
2008_003108_bicycle,0.5278696869432425,0.5019503182098132,0.5534057778955738,0.5011377741001242
2008_003108_person,0.817206145401975,0.7158448778709442,0.8692417000387547,0.8113904444179674
2008_003110_bird,0.5052591590094261,0.5256246311233523,0.7877122409841433,0.5787998181542658
2008_003135_pottedplant,0.61217802857923,0.7384205767105395,0.6654033041788144,0.8350670134026805
2008_003141_bus,0.9578630348742687,0.7397144143905476,0.9772167817199122,0.8935961526292476
2008_003141_car,0.8908810844115835,0.6351058946954298,0.956373243974739,0.8804818859421043
2008_003141_person,0.5576313006697216,0.8890467171717171,0.7253100597152045,0.9367293964957819
2008_003155_aeroplane,0.7958886982816271,0.762346349302871,0.9166916122852182,0.9121772718032121
2008_003210_person,0.8970191900345222,0.575859817152808,0.9127611776738749,0.6841509132966419
2008_003238_dog,0.9295420385877734,0.7358225771382262,0.9696807124572725,0.8815770945787373
2008_003238_person,0.8193770589997005,0.414050822122571,0.9827597298166613,0.8144119237934972
2008_003270_bicycle,0.2830891337996206,0.5021556416844489,0.37034453715158056,0.6431864632349447
2008_003330_person,0.9073037034530597,0.47781969558995707,0.9548490931745812,0.6814054480852744
2008_003333_car,0.8206001276867418,0.5297401171303074,0.9195758370070297,0.816977561503109
2008_003333_motorbike,0.32111278844080227,0.5933346860099422,0.4548307994114762,0.6862608000799081
2008_003333_person,0.7324598995959348,0.7409226990097489,0.7893445973565881,0.8038750494266509
2008_003369_aeroplane,0.9447195389236139,0.7927524941572638,0.9692971690394371,0.9093147077345852
2008_003379_horse,0.8465576418332323,0.911504424778761,0.8405493238284936,0.9015371832156212
2008_003379_person,0.7604819277108433,0.8307619943555974,0.8603870967741936,0.9189938791124713
2008_003451_motorbike,0.8672369629307428,0.7577588855884462,0.9043267171212338,0.8311384948711873
2008_003451_person,0.7990394835255679,0.6415028755608924,0.8537362222874146,0.7687329926329064
2008_003461_horse,0.8415300546448088,0.8281065150162927,0.7955952414914558,0.7803470540758677
2008_003461_person,0.7380803501641394,0.7801754523380591,0.7989762276592053,0.8576845189366195
2008_003477_chair,0.6497659432184327,0.6462117855560479,0.6716094953223446,0.7164943899637777
2008_003477_diningtable,0.26814617472604807,0.13740875528535668,0.4953256973858994,0.1793661763254023
2008_003492_person,0.8455043385847921,0.5943327817340052,0.9653308524794799,0.8063092822424615
2008_003499_cat,0.9366859672564819,0.766938546521664,0.9641150908256633,0.87467718794835
2008_003511_dog,0.8239348970799426,0.8196085346499735,0.8437188930917778,0.7586492400496777
2008_003511_person,0.9117628801986344,0.6741888265430592,0.953781580959508,0.8189679659144705
2008_003546_person,0.8127367092158788,0.8473729543496985,0.6631614654002713,0.6917605832479546
2008_003576_dog,0.4922893718368562,0.42648472548600724,0.9387522912584539,0.8829303083820134
2008_003577_car,0.3646759561488418,0.17350421397227833,0.8642143778304292,0.6138032305433186
2008_003676_person,0.9038979650329607,0.6098374179355859,0.9319755960977335,0.7564026206075045
2008_003676_pottedplant,0.5533017211099402,0.44362297769666226,0.6112828438948995,0.612168061841631
2008_003709_sofa,0.7057520616097595,0.6004399874289306,0.9751729333607287,0.913404279841715
2008_003733_person,0.883752195502743,0.502350371341197,0.9375548032632222,0.6140694568121104
2008_003733_sofa,0.7758578729617912,0.5567965889604671,0.9117307575481441,0.7201992252351964
2008_003777_bus,0.23457228068792454,0.3839045443005839,0.2546918701274135,0.348750981082032
2008_003782_horse,0.7603311393092217,0.7284694224510614,0.8492542556928875,0.8120324601517274
2008_003821_chair,0.20484886649874057,0.543127139482185,0.7772809074548727,0.8968407803650095
2008_003846_car,0.6317695027661698,0.37530868521988897,0.9792250312215209,0.9278954353973109
2008_003856_person,0.9351382711274415,0.880252276334475,0.9412710236405692,0.8674600917990171
2008_003858_boat,0.9355201116652765,0.7603691822837526,0.967822544757471,0.8894433088854155
2008_003874_person,0.8656974213904907,0.6650545892315994,0.9574363140486276,0.8399314098262879
2008_003876_aeroplane,0.8889988221436985,0.8862143795328651,0.9080343850549872,0.9023250447123983
2008_003886_boat,0.9147205126043335,0.8527367817738931,0.9690623922785246,0.9287230926929272
2008_003926_aeroplane,0.7796651669574266,0.6767343206238727,0.9603839659808643,0.9328318611692
2008_003976_aeroplane,0.9060712982114613,0.8686939761984886,0.9360187588979147,0.9079115601708921
2008_004069_car,0.034855019746414466,0.14996272233464691,0.165365739048713,0.0885372475818768
2008_004101_bicycle,0.38798183750362286,0.7139638431414623,0.44820271066588097,0.8242775796924059
2008_004101_person,0.8281991576643636,0.6964726159698077,0.8485412535912273,0.697479427874257
2008_004140_diningtable,0.7550281576830249,0.3477829606991582,0.7132606071444538,0.33116548457555156
2008_004140_person,0.89990338403607,0.52061095582895,0.90732082319878,0.6596360456400433
2008_004172_sofa,0.7114910751848068,0.35423533616615704,0.9757318952234206,0.6478411845639782
2008_004175_horse,0.7138029633480635,0.8684151028713543,0.866698405141633,0.9028780975663963
2008_004212_train,0.931882126462313,0.8554797461710959,0.9617072197846032,0.9151544636341523
2008_004345_motorbike,0.828117394416607,0.5763468115765898,0.9482072277550326,0.7725230235351693
2008_004363_bicycle,0.3741201696732392,0.6754626264885112,0.45202362509682414,0.7692307692307693
2008_004367_train,0.7987723895330054,0.4778773680994092,0.8474415587655615,0.6575282759823043
2008_004396_horse,0.31795621430514004,0.3918650230074419,0.5044065316438857,0.4981314541100383
2008_004399_motorbike,0.788197251414713,0.7689174705251876,0.879181338028169,0.8530939476061428
2008_004399_person,0.6894872529361215,0.7033583864522881,0.777706598334401,0.7145629184049676
2008_004453_sheep,0.44072164948453607,0.4594664538808256,0.4846887941900246,0.5473448194477224
2008_004477_pottedplant,0.249817287887848,0.47024504084014,0.2897091722595078,0.49225753871230643
2008_004552_car,0.9180777549190273,0.756913556372075,0.9784029239118396,0.9197160950316631
2008_004562_sofa,0.42004487199188617,0.16615615224191865,0.9637848339505798,0.7939539516081786
2008_004575_diningtable,0.39149051072365376,0.18421829997784506,0.28027972027972026,0.2345917034641458
2008_004575_person,0.7884306946573048,0.6052298226565328,0.8832922677600767,0.7919698297207726
2008_004610_train,0.9770355275981217,0.8710080099864767,0.9712760639817195,0.8723185840707964
2008_004612_chair,0.026438207474026983,0.02834956655621381,0.0701465343464103,0.04260780287474333
2008_004624_horse,0.8240998658825957,0.7950784241076942,0.8835822417044702,0.9180604174769869
2008_004654_bicycle,0.6592928719984874,0.6465555068012286,0.6626439934174437,0.657082406553464
2008_004654_person,0.7768435345728013,0.8291524633627597,0.8360849056603774,0.8564230244827791
2008_004659_bottle,0.0938306059452831,0.08327767081843543,0.15718111346018324,0.07526944819357237
2008_004687_horse,0.37039981295300445,0.5051278606296744,0.6685453791960215,0.7458453356968757
2008_004687_person,0.5398359161349134,0.4922945590151413,0.7702330243046855,0.9092942345924453
2008_004701_cow,0.046471355033921045,0.08607661229986532,0.1323067851096612,0.032846936916880856
2008_004704_aeroplane,0.8195439630348892,0.7560586688885377,0.8889128130382934,0.8868648875487651
2008_004705_horse,0.03237689412795444,0.08676763263919227,0.13146047535730435,0.21524857630295313
2008_004758_bicycle,0.31158605174353204,0.5221554190062506,0.34092443521163335,0.534630611678427
2008_004854_sheep,0.8280468149209392,0.5693673695893452,0.9324202147006557,0.7117189451521964
2008_004995_bicycle,0.42963307013469576,0.5586367485182049,0.6536792703444612,0.8651794013757204
2008_005049_motorbike,0.8144370729775225,0.7568807339449541,0.8636797454931071,0.825756703878467
2008_005089_person,0.7484759718153748,0.5928066037735849,0.3689596105301118,0.5441411194892399
2008_005097_cow,0.8476542178650195,0.3817181461180591,0.5591450358739342,0.44049134419551933
2008_005105_cow,0.5543612691416878,0.47937687197764506,0.9421096454708795,0.8953557148602929
2008_005145_diningtable,0.7956360040732596,0.1169821930646673,0.5135357936729917,0.14567445185891326
2008_005197_dog,0.5356323158136332,0.5038898862956314,0.7865993086944961,0.8456253903366832
2008_005197_person,0.6871551846088556,0.6418976736781358,0.5736073137388927,0.55719228458367
2008_005217_pottedplant,0.4816663002857771,0.32480532604172857,0.3394175310341554,0.333274231678487
2008_005242_pottedplant,0.44490907110965916,0.32518750973715255,0.474207595814286,0.3503826016915022
2008_005245_car,0.6059827491282804,0.6752849826532298,0.6859250153657037,0.7504245999821221
2008_005245_motorbike,0.637139233695861,0.7055264997228314,0.7413486527150869,0.6089112767117597
2008_005245_person,0.7010682768230376,0.7093043785310734,0.6835155766453477,0.602384258151003
2008_005338_aeroplane,0.4739976644608797,0.4043904965201905,0.8010505581089954,0.5170976906825964
2008_005338_person,0.617169373549884,0.8666570355388616,0.6487441130298273,0.9037967456465886
2008_005398_boat,0.8498134328358209,0.7980097047454561,0.8921739130434783,0.8270759343818704
2008_005399_bottle,0.2327481314096993,0.35855133946107315,0.2577829023225169,0.35388698095535437
2008_005399_person,0.8116924089874078,0.6128638617007753,0.8859515441793923,0.8025779222630963
2008_005422_motorbike,0.789594546106925,0.6097709923664122,0.8266481334392375,0.7166154521510096
2008_005445_person,0.6823960826507982,0.6075267117658216,0.8003600360036004,0.7912162930936397
2008_005525_horse,0.8107990638582414,0.7463972431077694,0.9570685169124025,0.9473167997758162
2008_005544_train,0.33952031171840036,0.26583846772033215,0.522010582010582,0.3213612812058408
2008_005628_boat,0.47319551506657326,0.6693790638427317,0.7036336109008327,0.6113301514837103
2008_005633_sheep,0.8437121721587089,0.7155884253608099,0.8830193685327673,0.8301496142564886
2008_005637_motorbike,0.6757980586410487,0.6107891217119928,0.9469185784975259,0.8948366654766154
2008_005642_horse,0.8440147897088276,0.8059076320513517,0.903627177437599,0.8986009875382083
2008_005676_bus,0.9216794509487283,0.9290836025529903,0.923718552401453,0.9312006319115324
2008_005680_pottedplant,0.101740972733972,0.31706855024221264,0.18926060280352905,0.3000817661488144
2008_005691_horse,0.27474779319041615,0.4226626370645899,0.8041601008509297,0.6810480015299293
2008_005727_bicycle,0.17278077581181955,0.514154327448928,0.24401034979952202,0.6193824481433438
2008_005738_bicycle,0.14713430282292558,0.45233154296875,0.18864678899082568,0.4795335843556419
2008_005738_person,0.7377571008814887,0.7652005174644243,0.8167766007062429,0.8695437450138662
2008_005812_bottle,0.7414799472792318,0.7310963641461818,0.8846389854776028,0.8801559614200698
2008_005812_person,0.8747142307431133,0.647261889041897,0.9001465378979312,0.6954729534278276
2008_005904_bottle,0.39908019750797696,0.27603996451748447,0.9818780306516122,0.8738864393053181
2008_005915_motorbike,0.12139550364610124,0.23895699000921136,0.13353441807943858,0.2053868613138686
2008_006008_chair,0.4140104662226451,0.38001717591755557,0.48859517284059767,0.45020105923891723
2008_006008_diningtable,0.4697714532125916,0.4278338860416039,0.6677502709010587,0.509546901045613
2008_006055_train,0.9151954536907423,0.7441309318017063,0.9560366752869264,0.8828675193431234
2008_006063_cow,0.6544369192935834,0.2609791299168404,0.9430872036709096,0.7072985976046678
2008_006108_diningtable,0.045700081265834885,0.04583579444772593,0.05549978488455471,0.04854721549636804
2008_006108_person,0.8683288846373413,0.6422542687782005,0.9378918981519779,0.8459471283044809
2008_006130_dog,0.620796171416141,0.4724740534110022,0.7964091123600326,0.7125098576349977
2008_006143_bird,0.6858202038924931,0.824376857992225,0.680073126142596,0.8056174765938475
2008_006216_aeroplane,0.795167727321756,0.6166550360548965,0.8086227077643386,0.7328813945539479
2008_006216_person,0.7843853242914276,0.7538074661755331,0.8182866856900006,0.7077331992385331
2008_006219_horse,0.48349749438396405,0.5907585923994257,0.464903651409062,0.51043648905804
2008_006229_boat,0.6822983996790443,0.7193951347797501,0.7750561237216264,0.8944040467910211
2008_006254_bicycle,0.2982438433589019,0.5637596383940441,0.16029211536081198,0.27030401737242127
2008_006254_car,0.8971796742037442,0.6562955194313348,0.9200692716717889,0.6855695601416728
2008_006254_person,0.7640483498162253,0.7960876911745591,0.7077389595968224,0.6559687711834693
2008_006275_car,0.4242902208201893,0.46502732240437156,0.44276812069530996,0.5371702637889688
2008_006275_person,0.889578381083448,0.5819162909581455,0.6513871492151481,0.5557976320160009
2008_006275_pottedplant,0.701507049100632,0.7747980058449373,0.6999526739233317,0.7792952284606306
2008_006325_cat,0.8171214977294148,0.5428442951422412,0.8704736911745248,0.6739765864949478
2008_006327_sheep,0.2212786373995442,0.317304157927739,0.420777191029861,0.39272510731211074
2008_006341_cat,0.8444561357358937,0.6465598245980372,0.951251680976518,0.8770678836280662
2008_006341_person,0.40016906778898903,0.26781688302442036,0.31400919361984936,0.47308661692411347
2008_006408_diningtable,0.8271604938271605,0.29783852511125236,0.3398432481048439,0.07547518418439225
2008_006408_person,0.8721752854888125,0.6645773804037238,0.9344427734684185,0.8534330120007869
2008_006480_cat,0.24110587226746677,0.30858570799789864,0.941732782469867,0.6412301320796956
2008_006523_train,0.1788469931405891,0.24754083449198902,0.8286076204217908,0.39846324862999005
2008_006526_car,0.6743034055727554,0.7690371302706105,0.7002635046113307,0.7495167525773195
2008_006526_motorbike,0.5839425940969402,0.6710035816095314,0.7166476624857469,0.8021008096870669
2008_006526_person,0.950657840974095,0.7319886871092587,0.958726532234032,0.7338549125074221
2008_006528_cow,0.8394054340155258,0.807714070162203,0.8745121845460064,0.8803544089384019
2008_006553_train,0.9457718993928881,0.8227582029997507,0.9725737927352803,0.9140832259531569
2008_006554_bus,0.6901362187228287,0.3755579948774241,0.959856734710778,0.8569454777340844
2008_006554_person,0.729008548374211,0.8501927967839855,0.758953053593685,0.8673586139261197
2008_006703_aeroplane,0.8146245059288537,0.8725925925925926,0.8355988967691096,0.8706573483237111
2008_006722_dog,0.6404332129963899,0.5674396959590475,0.8632181049490176,0.8395861822938343
2008_006722_person,0.5225657079501729,0.3022851625362086,0.6874810118890892,0.6580269717372739
2008_006752_train,0.956320148370799,0.8122685185185186,0.9478359173126615,0.7904701224229737
2008_006784_sofa,0.9326264427137093,0.8426787741203178,0.9301025163094129,0.8876351298035193
2008_006835_sheep,0.8681645002241147,0.8022170057381325,0.9585583568850211,0.938887381275441
2008_006874_motorbike,0.6120710834493489,0.5757285749567794,0.7655599967370911,0.5726548129981607
2008_006874_person,0.7942769108741744,0.7632570767415485,0.8775141433758338,0.8810236288910687
2008_006981_dog,0.5296266975214664,0.4368786246893123,0.9400719856028794,0.8784594542287595
2008_006986_car,0.8202608540289441,0.5187966679615003,0.963336352538101,0.8728628651447553
2008_007025_cow,0.8597021072139475,0.6881186182074254,0.9482818146247152,0.8754205792448266
2008_007031_cow,0.9254765320762451,0.8403587073311843,0.9618827723093126,0.9343773303504848
2008_007048_chair,0.38033937975424226,0.658134603221846,0.4526446537625505,0.6875922352139857
2008_007048_diningtable,0.3104546033363046,0.2811128101415676,0.4282278481012658,0.3476690918889787
2008_007120_bird,0.7880782336740886,0.7418977614433678,0.9120808155357719,0.8561931275190094
2008_007123_cow,0.5016427995784515,0.4701311885053881,0.9504825849769198,0.9313863807373965
2008_007143_boat,0.48144423212310167,0.7295588841555586,0.8297134699704293,0.8428000939628847
2008_007194_chair,0.12142177635561706,0.17802819665696248,0.29550139186978047,0.23225111141048094
2008_007219_bottle,0.20810592278148374,0.3663065961847851,0.23535597854664003,0.42503285815387726
2008_007219_person,0.9003061995466656,0.48877282264184635,0.9290313260968261,0.5858505034340201
2008_007273_cow,0.8362370621385686,0.7247857426641694,0.8399419026870008,0.7563238952399587
2008_007350_aeroplane,0.9124460979115583,0.852754590984975,0.9355253568825824,0.8925727176402228
2008_007378_chair,0.22075064710957723,0.5013055825566547,0.2999846711971795,0.5091307831808022
2008_007378_diningtable,0.0,0.04936268829663963,0.0,0.06504364480129646
2008_007378_dog,0.8248298563231173,0.8630866729939075,0.9464920570631384,0.9566789253880197
2008_007392_horse,0.855781239729179,0.8906431217030192,0.8480110825252325,0.8823877287007946
2008_007392_person,0.8267908627190065,0.8928367308058678,0.8902153558052435,0.9449152542372882
2008_007402_chair,0.5694633408919123,0.9028659229073418,0.46406570841889117,0.6833436277537575
2008_007402_diningtable,0.3504909108583649,0.4250292231943608,0.4666313814175047,0.4100080994471247
2008_007402_person,0.7231762968188532,0.6069348127600555,0.9463011314186249,0.8824674395305567
2008_007497_sheep,0.8646923213335698,0.8838553801018207,0.8809109874826148,0.9304158283031523
2008_007498_bird,0.05846310952259382,0.2267688437801632,0.22421598485472055,0.3651518049900254
2008_007513_dog,0.9157465404224326,0.8733983553260661,0.9169934071040632,0.888709856650739
2008_007527_chair,0.8412943710780182,0.708441528859733,0.9252274450341168,0.8742027121187758
2008_007548_cat,0.5224853535770279,0.5519121486714791,0.832300572593929,0.7988617174307336
2008_007596_cow,0.8713736455784691,0.8814011379800853,0.8999819461996751,0.9044091073364655
2008_007677_sheep,0.8212402068718316,0.7587838518071076,0.8991501416430595,0.8129716093912505
2008_007737_bottle,0.26626289816061016,0.4254866786260049,0.7218783351120598,0.64235391628678
2008_007737_person,0.8673896204492642,0.6721293464925934,0.8941587301587302,0.690896077300833
2008_007797_bus,0.7546145881680888,0.3424514062163078,0.98645337773549,0.9067796610169492
2008_007804_bus,0.7787610619469026,0.8182220256523662,0.8210068365444375,0.8772220905427827
2008_007804_car,0.9365429683056131,0.7648507882882883,0.938159914414624,0.6285820492024872
2008_007811_bottle,0.2410041609643484,0.23303398412268456,0.3460619206167194,0.30638251366120217
2008_007814_sheep,0.897749010770158,0.792683971558297,0.9224422442244224,0.850010389147793
2008_007828_chair,0.5109740613096317,0.4347861309138043,0.5953314659197012,0.5557565343221489
2008_007828_person,0.7581116884010598,0.664281067013663,0.8419319022945966,0.8465382067137809
2008_007836_aeroplane,0.7669664758789861,0.9043294614572334,0.8519823788546256,0.9634879725085911
2008_007945_horse,0.6091698138209766,0.6615221126438836,0.8151200795793662,0.809634729786821
2008_007994_bird,0.45052109181141436,0.3093036619129708,0.6745649395339691,0.5167233249259787
2008_007994_person,0.9578050734898629,0.5508664426434737,0.9891996676820826,0.8491611629848933
2008_008051_diningtable,0.2805507024387909,0.08418817157163593,0.08469604707611321,0.0679826534468177
2008_008103_sofa,0.9199859448334714,0.6858099311883951,0.9673191148091527,0.8144980923562689
2008_008127_motorbike,0.6961330855676489,0.7381710970564459,0.744636612796522,0.8043572984749455
2008_008127_person,0.7378808864265928,0.7734090578127275,0.795704845814978,0.8362991898148148
2008_008221_person,0.8600182982616651,0.7463514302393461,0.8874601863866934,0.8592950265572188
2008_008221_train,0.7710329115313881,0.45526668269395887,0.920055682609128,0.6695703633566102
2008_008252_bus,0.7419385393973018,0.29437015533800687,0.9630298051152204,0.7945952685222704
2008_008268_bird,0.5019404915912031,0.7653084982537834,0.8186899987847855,0.9362066342057213
2008_008296_horse,0.7001862197392924,0.7059779889944973,0.7704130643611912,0.9339799749687109
2008_008301_bus,0.6655456161872338,0.317823416154763,0.9864157254084878,0.8784439685938615
2008_008335_diningtable,0.5648310739622111,0.29663197055447815,0.6346369891869119,0.34927048260381593
2008_008335_person,0.9106500791025457,0.7152858317693946,0.9726211676681229,0.9093449239366657
2008_008362_chair,0.5118807893677003,0.6928620928620929,0.5688926458157227,0.7168813559322034
2008_008362_diningtable,0.8563461104484348,0.6644555603885748,0.43596935285264743,0.3159483344663494
2008_008362_person,0.7320364213616078,0.6478027841102003,0.4459780731010656,0.4686356373382815
2008_008392_horse,0.9149158818320856,0.8908483970523399,0.943505171769202,0.9247473455289753
2008_008421_horse,0.19501248365236,0.2972634740530619,0.8379069734392542,0.5360466191841643
2008_008434_pottedplant,0.15158863597171926,0.12945377079676554,0.09278552746294681,0.18314357410979074
2008_008469_bus,0.2308417149763402,0.1501489894896954,0.37317130601255133,0.2116060961313013
2008_008469_person,0.925758021783927,0.912715779236567,0.9497669914664407,0.9344812432583597
2008_008629_bicycle,0.36025149302089354,0.7127963844373608,0.4289742685935848,0.6703625347526058
2008_008682_bus,0.9392305865590121,0.7516875742387809,0.9169539478376644,0.714596826653845
2008_008711_bicycle,0.14834259709169342,0.5410687677328488,0.1681524231571896,0.6625466703817219
2008_008746_bird,0.9001799551948291,0.8588132517975943,0.9603774970622797,0.9374368268795092
2009_000013_cat,0.3020751542344363,0.3726762411606036,0.46766025177253656,0.5525464016588277
2009_000022_train,0.8240469208211144,0.8838124572210815,0.8917495029821073,0.8923529411764706
2009_000037_bird,0.8176648976497346,0.6377007607776839,0.8892794376098418,0.881259737369241
2009_000039_sheep,0.9520816436874832,0.9140645850013344,0.9742667028788702,0.9493116395494368
2009_000074_motorbike,0.7624816204709549,0.6201809519996797,0.859204225805759,0.6806937116166422
2009_000074_person,0.6296942385036585,0.5286407130685542,0.7579191185676725,0.7442166560306318
2009_000080_cat,0.7336745921638043,0.6440609827751492,0.8555385644652586,0.7916998623886434
2009_000087_sofa,0.17564016378414715,0.3058275426405559,0.7036586848182813,0.5297619047619048
2009_000096_chair,0.5550883095037847,0.6757784214337437,0.6411870503597122,0.8173894094573981
2009_000096_sofa,0.9010182268226823,0.7580082263492459,0.8997485236359526,0.7117985125084516
2009_000121_bottle,0.7541162062865696,0.49874236435501257,0.7820505720646383,0.6765442190773003
2009_000149_bicycle,0.16578674247552005,0.514894029464978,0.19653426693196988,0.6541570056310037
2009_000149_person,0.5175084175084175,0.5290543851053405,0.5389563974267334,0.47705078125
2009_000156_dog,0.7854413102820746,0.7030721435968244,0.8497436803959696,0.9062775106656734
2009_000201_bottle,0.5220317109144543,0.5669086532862301,0.6143603495307226,0.6265500533793217
2009_000205_aeroplane,0.4974934036939314,0.5098404630806156,0.4826823249085184,0.5395033199754292
2009_000219_cow,0.1695578626156755,0.250077345187501,0.16796987635056057,0.4571586257646139
2009_000219_person,0.8091669203925335,0.38448492805952184,0.9696321536050937,0.8180129032258064
2009_000242_sofa,0.9694326441989993,0.8164980832294121,0.9635790348161015,0.7065510139416984
2009_000309_cow,0.3414391070360773,0.30496124031007754,0.5292012737598897,0.3667703743918482
2009_000309_person,0.6497544027794417,0.5219759778911565,0.7588987513163833,0.6425808448089123
2009_000318_bird,0.6837127845884413,0.6231948653949011,0.9426140231449966,0.8961858787332238
2009_000335_bus,0.9066827585139798,0.5657866356067469,0.9663599102930941,0.7744340058524565
2009_000335_car,0.7200736648250461,0.7428224828143954,0.9378281873555976,0.9377708978328173
2009_000351_bicycle,0.26398416886543535,0.6793127080477775,0.311667631731326,0.7111024046231451
2009_000354_bicycle,0.15556192511139486,0.3345272372189244,0.05481987560733291,0.08627222151170226
2009_000387_aeroplane,0.9102792140641158,0.8802621893511865,0.9298822933805847,0.9127124645892352
2009_000391_chair,0.3310482719223079,0.2816718054128126,0.47777400746521886,0.5015974440894568
2009_000412_horse,0.7608063368297286,0.7517978772186867,0.7117339881034721,0.7123144341318103
2009_000418_person,0.8167087542087542,0.6009786829384262,0.9441326065371132,0.8743712044204655
2009_000418_pottedplant,0.3532601507737072,0.42321597419211304,0.7176626323751891,0.9123790945297895
2009_000418_sofa,0.2656087733145017,0.3236801919720768,0.4434782608695652,0.45898671249271183
2009_000421_boat,0.40042283298097253,0.48386540120793786,0.5528066528066528,0.6719319562575942
2009_000421_person,0.6561046146108387,0.9050087835811303,0.4621862348178138,0.5792735724376794
2009_000426_bus,0.9300090857292452,0.5942248895934775,0.9630512514898689,0.7997760776264229
2009_000440_aeroplane,0.8489131021090673,0.8643780062246534,0.8772223151089561,0.8911757221020487
2009_000446_boat,0.16619557050341693,0.3500203942895989,0.14901297236322616,0.28957261002833845
2009_000455_bus,0.9068167271175592,0.7560278621182354,0.9345758425421958,0.8136105626850938
2009_000455_person,0.0,0.0,0.0,0.0
2009_000457_bicycle,0.19779017612952632,0.579750903977501,0.21855355508086666,0.6315278409952966
2009_000457_car,0.7940864773208987,0.6768867924528302,0.771778336430211,0.6630918990265633
2009_000457_person,0.7749945545632759,0.7375306623058054,0.8242582328007825,0.7709558023078598
2009_000469_boat,0.6786591386687596,0.47948901868360827,0.6290936362878808,0.48695735874482626
2009_000487_sofa,0.4606824925816024,0.37776768479618483,0.653436236677692,0.5868356394672184
2009_000488_pottedplant,0.6633997972287935,0.6251769800949446,0.914257954821472,0.8145183248924468
2009_000523_car,0.874662133238751,0.49996877016926566,0.9390544170314366,0.7486563300222303
2009_000573_bicycle,0.4080512762847183,0.6667640995661672,0.45035478109764926,0.7238049991571011
2009_000619_bird,0.9073043600760724,0.868230299264782,0.903575225943647,0.87937544647413
2009_000628_train,0.8887011105746017,0.8367131224553711,0.9189850656810349,0.8860754365352672
2009_000641_cow,0.2586465093061399,0.34721797615408134,0.365630519251148,0.3632691355450731
2009_000664_bird,0.5146130692300224,0.5141196468717443,0.7673739968915533,0.6245473717719152
2009_000675_sheep,0.7530006090788578,0.7339808274470232,0.8887700165654334,0.865150942377275
2009_000704_person,0.7965921468955859,0.7039890184187343,0.7861940186127759,0.6931555345763512
2009_000705_horse,0.6299863786728935,0.8498961218836565,0.6632893255552144,0.8684119428818693
2009_000712_train,0.9475185009165592,0.7267951625094482,0.9747629703107338,0.9014357081776858
2009_000716_cat,0.3779626601498625,0.4104039612288986,0.9286777138992222,0.8462526673344075
2009_000723_boat,0.7249812090626007,0.5345974892458959,0.8457929596467558,0.5599033816425121
2009_000727_horse,0.7136047287634665,0.8428577851715301,0.7873063043939715,0.8972535441912693
2009_000727_person,0.6508,0.7135369188696444,0.761175996778091,0.927986679617039
2009_000730_motorbike,0.6738980121002592,0.6504069309530061,0.928889103741661,0.860548201944477
2009_000730_person,0.5039020657995409,0.6136025768087215,0.8570618800188947,0.8650607911410468
2009_000731_cow,0.382504754142896,0.2622712904990578,0.517459004798642,0.3071630113036404
2009_000732_sofa,0.4745371784688703,0.1751857383949875,0.5204596282871906,0.1970388674819903
2009_000771_cow,0.8826246492553421,0.5693189154293092,0.9703718345742461,0.8574989060329903
2009_000825_car,0.822987172049249,0.6433439169828855,0.8868792152053955,0.7797235779026371
2009_000825_motorbike,0.7284741812829634,0.6390802319242778,0.7405882352941177,0.6414732021960167
2009_000825_person,0.7866046113518429,0.818068138318234,0.6780296374392315,0.6566573129474705
2009_000828_boat,0.6817790036200655,0.6122743209148399,0.9061807848217643,0.82612306232205
2009_000839_dog,0.7101629779610105,0.16342316829134143,0.968540683355572,0.47360631475086334
2009_000840_bottle,0.683941772730737,0.6355767260807211,0.780107115531752,0.7704637410519763
2009_000845_train,0.7910769645504785,0.667005639271517,0.8822907222725899,0.7953819571705325
2009_000879_bird,0.8733732876712329,0.7470952982963097,0.909037558685446,0.7965495608531995
2009_000892_dog,0.7854602447404907,0.7386698316409512,0.8949652261784462,0.8549491299800324
2009_000919_boat,0.7292043399638336,0.7467467467467468,0.7479338842975206,0.7552701382102471
2009_000924_sheep,0.900161914432339,0.7806284924592922,0.9219747331620627,0.8949341107177916
2009_000931_horse,0.6331019161344071,0.7994748081029607,0.8879862953138815,0.9319974419100405
2009_000935_dog,0.7200781631656082,0.6955081001472754,0.8744137571651902,0.886519017814155
2009_000989_dog,0.7189469781238413,0.8041104688503532,0.797614150555327,0.8716897317614898
2009_000991_bird,0.5652067730380983,0.547186493484622,0.8798842257597684,0.86960682876358
2009_000998_bird,0.6082147774208353,0.5549392312040701,0.9062595286840615,0.8591216356322315
2009_001008_cat,0.6205372187530974,0.517856408991904,0.9287756994898748,0.8107601326986874
2009_001082_bus,0.8614525663882894,0.42695961364963114,0.9833056275555626,0.8072806859024557
2009_001108_bird,0.8716618635926994,0.917029078195617,0.8717899578382522,0.9326816829579261
2009_001160_bird,0.8414515058005546,0.7386197867963344,0.929490106544901,0.8745906883962513
2009_001215_diningtable,0.6920188266371171,0.0004548600810837536,0.5444898781122218,0.04980042351442011
2009_001215_person,0.46661812886785586,0.2988618073120258,0.9229366719338763,0.8721705980462235
2009_001240_car,0.925270003483916,0.8198762035763412,0.8970579494799406,0.8160090042372882
2009_001255_bicycle,0.1948173295543028,0.4948808209092582,0.2139140622307984,0.5976863149990613
2009_001255_car,0.5148066645708896,0.39410058027079303,0.8029681916829252,0.5309674807718257
2009_001278_bottle,0.7275082430522845,0.7795303189624956,0.8157954804839078,0.8462349221220283
2009_001299_chair,0.06826358353064174,0.2416062344409568,0.07418975754576942,0.2836179230260418
2009_001299_person,0.8983381664064243,0.8658416217447422,0.8981081081081081,0.9013749535488665
2009_001300_train,0.8807071014934471,0.7757358509617812,0.9189916789035731,0.8407636283381152
2009_001314_bird,0.7874512158510958,0.8002168119607932,0.8483271375464684,0.8659737912336195
2009_001332_aeroplane,0.9113350347619467,0.8918944998391766,0.9229332503224085,0.905177993527508
2009_001333_train,0.8905772592846756,0.5515686359124844,0.9541022473035696,0.7209694893048803
2009_001391_cat,0.38505987606352243,0.40437065071419853,0.6664997897350662,0.6567467791757704
2009_001411_cat,0.6708543331284573,0.5242408352004576,0.9485546181712091,0.8240344902543294
2009_001433_horse,0.746699456381051,0.640540283458575,0.7712493884268113,0.6871136770104483
2009_001433_person,0.682315233785822,0.7961504028648164,0.7414199364819178,0.8488745980707395
2009_001505_sheep,0.6003514115028699,0.438010908636698,0.600183908045977,0.43800016614515547
2009_001535_dog,0.8963256912423887,0.5757042253521126,0.9792066280887829,0.8948837911258678
2009_001565_bird,0.5807516099061288,0.6061762476994695,0.9413449564134496,0.8776552563929103
2009_001607_bird,0.8230782792665726,0.6981816682472272,0.8800813008130082,0.7879688929551693
2009_001644_pottedplant,0.759796492747348,0.7522459572769016,0.8210947930574098,0.7883018077755287
2009_001644_sofa,0.8382049518569463,0.7835430025943512,0.9159100551548579,0.8941049715253194
2009_001663_bicycle,0.25050369375419745,0.7574485653340673,0.35879065768734775,0.8646522084104734
2009_001663_person,0.34539689481740654,0.29095507522227726,0.8381142098273573,0.8575923893157702
2009_001683_bird,0.8942182001005531,0.7767987813984051,0.9395287526775417,0.8917849213244522
2009_001684_pottedplant,0.44286600496277917,0.4147907332531964,0.48484270734032414,0.35655481592174976
2009_001687_dog,0.7934029472040597,0.6484632203262044,0.9149641343718189,0.8013132360368982
2009_001687_person,0.8827576716664374,0.7181012945718828,0.9287463002886688,0.770493858109802
2009_001718_bicycle,0.2538878521283213,0.31058879961626096,0.481931139144456,0.3690401258851298
2009_001718_person,0.8530187053277234,0.756712860427345,0.8976267415373206,0.8540701664093326
2009_001731_sofa,0.9112391930835735,0.8444683556685905,0.9132688320663441,0.843789762161104
2009_001765_bird,0.8518153980752406,0.821595720971696,0.8661902144035184,0.8410018757585789
2009_001768_person,0.7856905710491368,0.654380664652568,0.9062703053931124,0.8370874803562074
2009_001768_sheep,0.5636342331521977,0.686254137255112,0.4821485588226757,0.558158169782836
2009_001775_chair,0.13452508720150255,0.1770726325000951,0.0,0.0
2009_001775_pottedplant,0.39441413213764787,0.3997348261638185,0.46345333187438453,0.4221544224262929
2009_001775_sofa,0.011995501686867424,0.08097879126895337,0.0,0.0
2009_001804_bus,0.8807832792207793,0.6559037238873752,0.9558252757728449,0.7324786792040237
2009_001816_bus,0.8735217683300727,0.6166422596240647,0.9301720269259536,0.7844008621836664
2009_001818_bottle,0.4550082553659879,0.5227031614682792,0.9577468683460996,0.860291846819024
2009_001850_aeroplane,0.8949769053117783,0.89985619035168,0.9340122936000964,0.9379490745339558
2009_001851_aeroplane,0.9056265411342749,0.8703792034342952,0.9218679159740063,0.8955642394773737
2009_001854_bus,0.9354150234306129,0.6196810285383811,0.965215953904645,0.7979033656498778
2009_001854_person,0.7815384615384615,0.8923431203223949,0.8224110032362459,0.9170722211407436
2009_001941_boat,0.3038104467759379,0.3078978503915026,0.3937219730941704,0.3536683641102138
2009_001991_sheep,0.3123167005589675,0.15870686446535864,0.6967229634406868,0.410847565672395
2009_002012_dog,0.6827576902320561,0.47670753820913564,0.9097906644129502,0.823531275746245
2009_002035_cow,0.8491869918699188,0.856111426947129,0.8438476953907815,0.8640944268136518
2009_002042_person,0.8426037887948408,0.8161628624305984,0.875968992248062,0.8712706029626539
2009_002082_sheep,0.8022761305780174,0.6999848874112136,0.8613384990314316,0.7376758409785933
2009_002097_horse,0.7431807674526121,0.8925065364313551,0.7674058178350024,0.9036626958627848
2009_002122_cow,0.8408722913149826,0.7752031539142329,0.936535632419857,0.9096283305990835
2009_002150_cow,0.47760999981426794,0.3205569570853137,0.7355852580951848,0.6061683839810311
2009_002155_dog,0.794703689420234,0.47589468027941967,0.8919961427193829,0.7201814195176163
2009_002171_cow,0.8578085183836913,0.7867741935483871,0.8694302014876869,0.8739545701984461
2009_002185_bottle,0.31020314996576126,0.34691629955947134,0.3070367132867133,0.34902834319072124
2009_002185_person,0.6181414125730257,0.4410404299544952,0.9722976006871913,0.7625193155153666
2009_002202_train,0.9134056923602534,0.7732948464307722,0.9419324910633885,0.8649383793948756
2009_002221_cow,0.31605656289200595,0.2795573031722188,0.7849414484405199,0.4520019615379518
2009_002238_bus,0.5551639156350298,0.25876506024096385,0.9112898224142565,0.5454692851786547
2009_002238_car,0.7301564518444094,0.5903827455140104,0.7621558289396603,0.68116961414791
2009_002239_car,0.1535448491970231,0.14771180133243778,0.0,0.0
2009_002239_motorbike,0.11572061164697856,0.2915524118160289,0.5418215982321261,0.2956857983714516
2009_002239_person,0.6844905559989359,0.8355254916697983,0.7221442604546731,0.8489185951194905
2009_002265_train,0.9012722646310433,0.696312307246224,0.9036583251459285,0.6956280983018669
2009_002268_cat,0.7144428076436292,0.47341403433373924,0.9503179487179487,0.703570195958124
2009_002291_train,0.9332211081021737,0.7472237907020516,0.957573946818046,0.84765625
2009_002295_bicycle,0.16592462354309048,0.5576730000568301,0.19351124756450375,0.6884559942340034
2009_002317_motorbike,0.8815834247041476,0.7564915228348862,0.890239882805347,0.7566512814739765
2009_002317_person,0.7773765073146844,0.7099143703583458,0.7704989969909729,0.7268946582145597
2009_002320_aeroplane,0.8021540277367956,0.8687991325562483,0.8176250933532487,0.8885155567502184
2009_002346_person,0.7167902680197762,0.4621892207575505,0.9065153527304922,0.8048702180731521
2009_002346_sofa,0.36243836844464367,0.3027933809017762,0.4864568783720867,0.451282858492051
2009_002372_bottle,0.4097290238328436,0.3836692859583191,0.4861528194861528,0.4348994213281896
2009_002372_person,0.8746160886809722,0.5195589770354906,0.6476751448323391,0.6739265125801411
2009_002382_motorbike,0.8148262017578761,0.6820152271319806,0.8831091582401136,0.7796076397250885
2009_002382_person,0.5719282903366856,0.750281758170987,0.6464288465983512,0.7058655324016156
2009_002390_sofa,0.28464214391548026,0.25309936470733363,0.530361552586589,0.4237601552079544
2009_002415_chair,0.20064290042947858,0.43597149209383507,0.38510888495259077,0.6262647094504428
2009_002415_diningtable,0.020027789756120934,0.15451612903225806,0.8832436740386531,0.8245975855130785
2009_002445_dog,0.6989574283231972,0.7346786248131539,0.9050249465431219,0.8559965404574285
2009_002487_chair,0.40630365464802554,0.8220928547272816,0.5824554494437334,0.618287841191067
2009_002487_diningtable,0.5920602327173169,0.5306397306397307,0.6052252425319373,0.5465157954021811
2009_002487_pottedplant,0.3559786152040683,0.8199828512116972,0.6044962012703948,0.5277764577294112
2009_002521_bottle,0.8371755095628952,0.7070606507108439,0.9253591138596422,0.8289801276537957
2009_002527_cat,0.6938395089793135,0.5765764070526692,0.9255709303633705,0.8891990188615411
2009_002535_bus,0.8965703537698095,0.6164501682846096,0.9596056695232447,0.8172181175714744
2009_002539_dog,0.838809946714032,0.7105814472644847,0.9152769564360339,0.8552352776556191
2009_002549_cow,0.7502519388336327,0.7399080361439341,0.8528300284488981,0.8773989492870162
2009_002568_train,0.8216103450316624,0.47930535455861073,0.9414531372869034,0.7059659090909091
2009_002571_chair,0.06279212792127921,0.19693659520322665,0.10393103869902794,0.1991260619080168
2009_002571_pottedplant,0.09245189935865812,0.6508573065433564,0.10656561044653456,0.5705278102555537
2009_002571_sofa,0.7916231010517252,0.658485159755636,0.9314075058923068,0.8192723437911943
2009_002584_person,0.8530677290836653,0.5534425736620565,0.8784112544954517,0.6235753440864455
2009_002584_pottedplant,0.11569713094125261,0.16382438746709044,0.5435253632424165,0.31951878345255363
2009_002604_bird,0.71850699844479,0.8092811158798283,0.7845821325648416,0.9047132456252395
2009_002618_car,0.4608924242941518,0.2927708822542771,0.5705970966858395,0.39429822379222845
2009_002635_cow,0.8473263574194612,0.8710964310226493,0.9011770906535489,0.9200815133123643
2009_002638_train,0.6205165494385636,0.4710869699021358,0.9506647264096297,0.7995357670394598
2009_002649_bottle,0.8814471026875874,0.6643687548039969,0.962023980410369,0.8365601615393752
2009_002649_person,0.9209029263186638,0.7624359191031491,0.9585649553884243,0.8521652853974554
2009_002651_motorbike,0.8392615261124768,0.747205474987779,0.866424352567015,0.7806686571081728
2009_002651_person,0.6573910682774535,0.8075505275200203,0.7705104507322622,0.9016160310277958
2009_002727_boat,0.6722237160527024,0.5849273144605968,0.8865892646811375,0.8821815154038302
2009_002732_bottle,0.5066029143897997,0.4463980709333869,0.5481397970687711,0.48096009722503547
2009_002732_person,0.8470268655867336,0.43937017195962946,0.8801687029870864,0.5601908993664115
2009_002732_sofa,0.13712641080836793,0.2461665577802544,0.9619822468087076,0.7427225747367044
2009_002749_bottle,0.12399945112747564,0.2214878834095916,0.3284284604487502,0.20714537134811686
2009_002753_cat,0.806728797279406,0.6999431624417415,0.8792560649752639,0.8068714211348256
2009_002808_aeroplane,0.380268688700239,0.5464596565513997,0.3977756783186647,0.5855086722630402
2009_002856_bottle,0.615355664283026,0.5998525617397714,0.9433188315724053,0.8770409559427164
2009_002888_aeroplane,0.6894409937888198,0.9216855226610663,0.7184678522571819,0.9308003892195243
2009_002928_bicycle,0.2440754885824318,0.5397380612258521,0.3103675175630431,0.7161459035397514
2009_002928_pottedplant,0.0,0.0,0.0,0.0
2009_002936_cat,0.37350299401197606,0.39085719677312825,0.4086535691651783,0.4289824494101851
2009_002975_horse,0.7315976448960326,0.5795075234616661,0.9148395753959696,0.8619934035151132
2009_002982_train,0.9440247483691632,0.7668066582876062,0.9616073067743712,0.8685266894469694
2009_002990_car,0.5587519405101865,0.3771963009667928,0.9640227264232049,0.871359071914177
2009_003003_bottle,0.41624391233766234,0.4004812252735812,0.6329278224574977,0.49571957710893616
2009_003003_car,0.4733221398255678,0.3317161802719814,0.8206545724837983,0.6156096789498656
2009_003003_diningtable,0.4442383991719855,0.23035109186746988,0.39868494563582446,0.2962653652425816
2009_003003_person,0.7372359886911691,0.5185245794331348,0.6807913054096959,0.5037529654260491
2009_003005_aeroplane,0.8165318698247641,0.8796228728217402,0.8393033841282407,0.8923756324393882
2009_003043_boat,0.7218401995983691,0.7289834030802517,0.8255325315171714,0.6614525139664804
2009_003059_cow,0.4460289909461932,0.43188064389477815,0.8507574903199128,0.6982250655378918
2009_003063_dog,0.8313268200441223,0.8422166283608771,0.886577354115677,0.9007630718340037
2009_003065_bicycle,0.2451145334541219,0.6348979254938645,0.2919572953736655,0.7354234150856085
2009_003065_person,0.8011822897816383,0.8190606096548452,0.8677161355846135,0.8686663479923518
2009_003071_chair,0.40950390695984007,0.41711553999461354,0.6450202503681886,0.6279024390243902
2009_003071_diningtable,0.7277003932522327,0.3185997447451358,0.6831743793372175,0.3415991902834008
2009_003071_person,0.8974272458878111,0.8377356422621657,0.9215281362932369,0.9189110070257611
2009_003080_boat,0.8118987871183605,0.6562444272721869,0.8159335986665306,0.6402152441931749
2009_003105_train,0.9545598379849377,0.8209206884484459,0.9702154492905938,0.8608558157920743
2009_003123_chair,0.4009619588981198,0.45168595873175643,0.48245386015076686,0.552120656611949
2009_003123_diningtable,0.522482475636861,0.32169117647058826,0.8128515425259928,0.4518778057593343
2009_003123_sofa,0.6826884680860007,0.34898160778964205,0.7350911569262225,0.41646894986589644
2009_003193_bicycle,0.1873299576783555,0.5464296232000868,0.22874144079105685,0.6849800414642448
2009_003196_motorbike,0.866382157191485,0.7117324435239519,0.9181262306974816,0.8007348084544254
2009_003217_dog,0.5825998813291139,0.5388884849366199,0.8950363653537358,0.8440623320795272
2009_003224_bicycle,0.3356344147680907,0.5941269713333871,0.40140560818671794,0.7035788906113095
2009_003241_dog,0.2433053827427644,0.206546182761281,0.4943955434767912,0.3275455317542701
2009_003269_bottle,0.6484217595701813,0.7176010647146898,0.9111005089058524,0.9223690814790029
2009_003269_car,0.14337721711890955,0.1204935003948857,0.2724730013207987,0.20538657476775546
2009_003269_person,0.959351914036266,0.8340228686842363,0.9596755192029351,0.7733997236932996
2009_003273_bird,0.12360385217414374,0.256899024670109,0.9616796339855765,0.9005065774983482
2009_003299_train,0.6940343091234957,0.49700996677740866,0.7248793813751625,0.5483564506935208
2009_003304_bus,0.854259252102897,0.4468281546390022,0.971993024284859,0.8711142052849835
2009_003311_train,0.9061893203883495,0.6768850110691497,0.9292178139008757,0.7436519488921236
2009_003323_horse,0.577395361119669,0.6679011631271339,0.9164952870608397,0.9022050347674115
2009_003323_person,0.6379775280898876,0.6019722317617623,0.9112275686835001,0.9445653751269772
2009_003343_bicycle,0.15882969755535908,0.42621188428459733,0.1834586810969458,0.5292175838595916
2009_003378_bird,0.6594825213322323,0.6682847896440129,0.9412787548815598,0.9166429722301204
2009_003387_car,0.2887989718924559,0.1885620548482979,0.7326129367351593,0.3954003340973544
2009_003406_car,0.2153725314183124,0.27326604554865425,0.9663911484299834,0.8849574338704773
2009_003433_train,0.8076882391520511,0.6625646380270486,0.7709400973256966,0.6292955326460481
2009_003450_bird,0.8283663398064475,0.64719438144707,0.9328837087480356,0.817095978916943
2009_003466_dog,0.47593752922472643,0.4968673960109593,0.9386847420758235,0.8380160997143599
2009_003481_horse,0.29817958796799643,0.5426128156237361,0.3913666685043277,0.5849974498803405
2009_003494_chair,0.35968992248062015,0.6259725981055481,0.528980190755686,0.8383181994233335
2009_003494_person,0.8276741376996376,0.7513456866574573,0.8773892648208557,0.8469521650960277
2009_003498_bird,0.7904862227643178,0.6736853750276569,0.8188945944453647,0.688194753223655
2009_003504_boat,0.7329098820887142,0.5744493392070484,0.8700806069227122,0.7313739090225998
2009_003507_chair,0.5483726485518066,0.5885122122703512,0.6148115687992989,0.6432653321840182
2009_003507_diningtable,0.5527803560880938,0.37276731690788517,0.7527354182820711,0.5411700382722799
2009_003507_pottedplant,0.16865725660513933,0.298783552829999,0.10251954821894005,0.27676240208877284
2009_003517_bottle,0.6856620233572535,0.4567165712231324,0.9331574111160851,0.8458412444622098
2009_003542_cow,0.5243735439008341,0.30279428296129757,0.9651507231224952,0.813645586161835
2009_003549_car,0.4771620168279876,0.39053282069641826,0.9687056952176769,0.8835052236806857
2009_003564_sofa,0.3152489908602263,0.13423616674850747,0.49592578663658016,0.1354559093182197
2009_003569_cow,0.7215515656596605,0.7431569943413607,0.7055304524915675,0.6752671264696423
2009_003576_motorbike,0.5366082184446527,0.5316000974184121,0.7175431659417425,0.7264695054607927
2009_003576_person,0.9280234807551198,0.8844928578768882,0.953665568369028,0.9255224427800764
2009_003589_car,0.35425107672675066,0.27865513672331477,0.7756696251369417,0.5680221300138313
2009_003607_sofa,0.6964360587002096,0.45056845902511866,0.42555194805194807,0.4004151678894576
2009_003640_bird,0.8983782868272854,0.6859955026357504,0.9438818212253097,0.830217539089055
2009_003666_sheep,0.835710819990296,0.838619981226644,0.8623155676001204,0.8579013579013579
2009_003696_aeroplane,0.8225604586378134,0.8279679608183256,0.8554725959960617,0.8763173802202423
2009_003703_bus,0.8805735970225498,0.5349086223480518,0.9669221661369727,0.820276151883536
2009_003707_boat,0.748688602765856,0.789544992661172,0.7185025197984162,0.7908332380843525
2009_003756_dog,0.837032274656037,0.34031602347145173,0.97656441243542,0.7615812475168852
2009_003771_cat,0.8847371438542264,0.7182940215790742,0.9598746715180918,0.9006105723707839
2009_003773_cow,0.1675035045240219,0.20605576227661024,0.2049441989937942,0.2215176003287221
2009_003804_horse,0.4977650786465995,0.5014244476727733,0.8883927425770524,0.8827798003814052
2009_003806_aeroplane,0.8772044088176353,0.8617867623084448,0.8945838433292533,0.8879315992924065
2009_003810_dog,0.8028050882997064,0.6260731319554849,0.9152963223237293,0.8258948885181253
2009_003849_chair,0.5940426290912334,0.7447745805605024,0.6543525969275786,0.853397880891487
2009_003849_diningtable,0.6941011235955056,0.6930603836745204,0.7628170534268753,0.7813977929584865
2009_003849_person,0.9363900796080833,0.6882817759824245,0.9593238041817373,0.8473395190304867
2009_003858_bird,0.07187235244281276,0.22520240401331149,0.16485714285714287,0.30666666666666664
2009_003895_sofa,0.5321643604098447,0.44223198493752497,0.39874513197749895,0.5572276388300127
2009_003903_horse,0.8093352531797456,0.872326874083224,0.8095837529372273,0.865432706880873
2009_003904_cat,0.8626266847769303,0.6569143026442485,0.9607659290744677,0.8907690577917697
2009_003928_dog,0.48940340561068235,0.4055073311876199,0.7433588838869286,0.5616698973364922
2009_003938_train,0.8180552626028265,0.6906326317013606,0.904188456556158,0.8172863254950085
2009_003991_chair,0.710389377355105,0.7798895290134822,0.7382190172731846,0.8555658842667906
2009_003991_person,0.6915756698679998,0.5052098160906451,0.8422644770959378,0.7299084030266826
2009_004021_bird,0.2192182913641279,0.25861624409110445,0.691832229580574,0.5205415060637397
2009_004033_dog,0.8545255674049768,0.8653661217200165,0.874414976599064,0.9108753315649868
2009_004043_motorbike,0.7161880028516142,0.5790556445710443,0.8781468001213224,0.7898087867993285
2009_004043_person,0.6964534707487118,0.6286844708209693,0.853837309571716,0.8702855897100501
2009_004070_sheep,0.8908659549228944,0.9361747243426632,0.8677400805060379,0.9183375104427736
2009_004072_bus,0.2790123060631829,0.2478875491002101,0.9550052916640727,0.5713859391708737
2009_004084_bird,0.7631491895468078,0.7223924244534188,0.869592714394131,0.8709715086408221
2009_004125_person,0.30714957666980247,0.49697960343969866,0.5925311203319502,0.8869652490277256
2009_004140_chair,0.6388733891324565,0.5818450448110144,0.7166593918230758,0.6177379315271552
2009_004140_diningtable,0.8505000649434992,0.6918466120625465,0.7912263043113572,0.668937598736177
2009_004140_sofa,0.20404663923182442,0.23230848505668156,0.32894478286500295,0.42283319705641864
2009_004217_chair,0.45428792171001803,0.6487275449101796,0.5412109895972259,0.8466288869514677
2009_004221_person,0.8349334825849227,0.7088783654005365,0.8737632832539391,0.7551419169066228
2009_004248_cat,0.7076204871654249,0.4044506724112689,0.8082349630860344,0.5112532222883205
2009_004255_train,0.7734784306859351,0.5058887185499144,0.9308181670578164,0.8078590152871863
2009_004298_sofa,0.280834332561836,0.22560458783430415,0.32321107690593265,0.26931971072990246
2009_004455_car,0.818380376344086,0.8057367452751296,0.916221341148078,0.9490043710539097
2009_004455_motorbike,0.7686545042981487,0.6047148874496128,0.9620764938950432,0.8810353965021896
2009_004494_car,0.30647235319331334,0.5674032029191162,0.3143841515934539,0.45325662625847546
2009_004497_horse,0.28657215987399093,0.30039757177127796,0.7693439325056053,0.553969935150603
2009_004504_cat,0.9282514577441878,0.8150059657593163,0.9434391402149462,0.8706653898610023
2009_004507_dog,0.7043706582864704,0.6640464728941969,0.9537713398861872,0.9078595399056466
2009_004507_person,0.9368011667476908,0.8318149191099332,0.9608201717927404,0.9144218327255617
2009_004540_bird,0.48102564102564105,0.4401536087284212,0.8815020664101468,0.6633596771481419
2009_004568_bird,0.6785431512272367,0.8610283951930235,0.4035851026801253,0.4005253846566236
2009_004579_bottle,0.33291284135772187,0.3093336564623977,0.3275130864676231,0.21978344262872024
2009_004581_dog,0.6617021276595745,0.5864877161055505,0.6729942693409742,0.6296040833218375
2009_004590_bus,0.8599293213476978,0.6383358628693867,0.9188925916431684,0.7267301554350365
2009_004592_dog,0.8499822253821543,0.744437512996465,0.8607715294756859,0.8260464606618453
2009_004594_car,0.9049493986280722,0.5490264902029608,0.9829386065762244,0.9229157115724671
2009_004635_boat,0.8218562874251497,0.8852238303601481,0.7745952677459527,0.7528745495108975
2009_004653_aeroplane,0.8307662312341587,0.9183353934899052,0.8581774290887145,0.9351005484460695
2009_004687_sofa,0.8090731276421226,0.5295171178618172,0.8854758781518729,0.7565586078968289
2009_004721_cat,0.2509269440253663,0.3192056655446572,0.8717240193549972,0.6676362734015274
2009_004730_train,0.7253651925104161,0.7481141891013136,0.7896823430298826,0.7759861982017849
2009_004732_bus,0.8935658631604577,0.6752747372790632,0.9523845813836517,0.8174854288093255
2009_004738_motorbike,0.7076646606486126,0.6848430493273543,0.8505499857937249,0.8327686425662864
2009_004738_person,0.5699914216641971,0.4758787661406026,0.8180367118914605,0.814950755490304
2009_004748_car,0.7719830615988617,0.4544454628780935,0.9752470116769156,0.8775222486562693
2009_004789_bus,0.38967796253420334,0.31637216804751084,0.22027069616102077,0.18635334232423217
2009_004799_train,0.7312108972835987,0.6865111960287132,0.807527490297542,0.7613687192485463
2009_004801_motorbike,0.6865195426748205,0.7120164908451558,0.794989306446685,0.8188935281837161
2009_004801_person,0.6235126130414088,0.739036039947894,0.6899441340782123,0.7955714285714286
2009_004848_bicycle,0.17501549266680438,0.5683061716773549,0.23008621798996268,0.7636577181208054
2009_004848_person,0.7409388893075126,0.6105263157894737,0.8660556111838558,0.8943734503147053
2009_004859_chair,0.5580766965739425,0.23504362585986124,0.9778882413438464,0.8683435141933166
2009_004859_diningtable,0.2426649224444029,0.05993329582898015,0.21461158480948936,0.07681317539484622
2009_004859_person,0.9116284325912533,0.698814534005847,0.9645861252887,0.9034167339252085
2009_004867_bus,0.9157362703681352,0.6339016420911529,0.9765730514357842,0.8929932571093521
2009_004882_bicycle,0.13031477455336044,0.5272124399725588,0.1414511961816855,0.6559704868965998
2009_004886_bird,0.8028385772913816,0.6677687792555168,0.8214405360134003,0.8604595785212525
2009_004895_bird,0.4015691007845504,0.42634260500719146,0.7125816745175505,0.6146082132675861
2009_004942_horse,0.6161900571931368,0.4075364873345885,0.9168684690661801,0.8642964367543652
2009_004969_aeroplane,0.7638590971924305,0.6182606836301433,0.8428845883510614,0.7607103750342185
2009_004987_motorbike,0.727681795455808,0.7830828803865146,0.7564567769477054,0.7627798312295139
2009_004987_person,0.7445123331070378,0.7824770146024879,0.8838126159554731,0.9277607444462375
2009_004993_sofa,0.6135163674762407,0.3929575848016989,0.7323386962088738,0.49641890367696817
2009_004994_dog,0.8668095707085337,0.800602880428715,0.9298674705648143,0.8760759344416932
2009_004994_person,0.4323720098367986,0.34791789332629486,0.47937028762915385,0.4592378436308352
2009_005038_bottle,0.14837130483901337,0.23225954373495358,0.18538175046554936,0.24817602114092033
2009_005038_diningtable,0.5183463054685131,0.415674115913556,0.28841433480608736,0.3941383610886949
2009_005038_person,0.8520504782062095,0.6923134720865579,0.8847737992426759,0.7704513193458689
2009_005078_motorbike,0.7748044643641796,0.7086205764559123,0.7956667253831249,0.7379743452699091
2009_005078_person,0.700116144018583,0.8651858567543065,0.7706075119737837,0.8930724288231475
2009_005087_bicycle,0.21544487968662562,0.7254300800545052,0.23804479418886199,0.7658110119047619
2009_005087_person,0.7398270239614348,0.9167908858603067,0.7771504976972218,0.9213560763058611
2009_005089_sheep,0.8263350998777008,0.9046656298600311,0.8717728055077453,0.9339923469387755
2009_005137_bird,0.8460290760543073,0.7554595867890268,0.9337075967510751,0.8891940917336097
2009_005148_train,0.0675445013411363,0.08688740518690104,0.12516465002297442,0.03002164748775208
2009_005156_bicycle,0.16128360557123686,0.6405955585464334,0.1685577316855773,0.6946576449202181
2009_005158_cat,0.9462323500629106,0.8537439295260324,0.9496656500937299,0.8691701088997371
2009_005189_aeroplane,0.7549409780775717,0.866051426087538,0.8027681660899654,0.8955038447332192
2009_005190_bottle,0.24729611224788073,0.31387761393413144,0.5881063566186981,0.45191372504147836
2009_005217_horse,0.7288177088646333,0.6406956412154818,0.8632360285104644,0.7731840876147528
2009_005217_person,0.7305558409534573,0.4931730181373548,0.8940023568814737,0.7451636563674704
2009_005219_cat,0.7641895845523698,0.5119275031449472,0.8832552754828185,0.7377363005503709
2009_005220_train,0.85471916437328,0.5711919301802358,0.9136929320826527,0.7090307679146824
2009_005231_bus,0.9037459864430967,0.8724597056762439,0.9061186694208989,0.8476929358922008
2009_005260_bird,0.7603801900950475,0.7348775107395797,0.8774860011585248,0.7750446694460988
2009_005262_bird,0.06212195520680072,0.14168527075437412,0.0933949442783365,0.20313676611877127
2009_005302_bottle,0.2485884101040119,0.3897481597226461,0.22934520881340134,0.2914884352347532
2010_000003_chair,0.3829056895220115,0.4470924020021371,0.704951505870342,0.7495116127631865
2010_000003_dog,0.619994994994995,0.4908176916528155,0.9535260509934339,0.9612344966830112
2010_000038_horse,0.9093764121102575,0.8920756423299905,0.8911502191221348,0.8711109696516384
2010_000038_person,0.8862949452840021,0.8984395662523142,0.9117838541666666,0.9389570716544295
2010_000083_bicycle,0.3085666175541991,0.8280325072740042,0.3559036144578313,0.9350662908445558
2010_000083_person,0.6766134628730048,0.5162843387142453,0.7368621477532369,0.5195798490719967
2010_000084_person,0.6247404331059033,0.7001201367710932,0.7417218543046358,0.8959551087210662
2010_000087_motorbike,0.676526971617232,0.5057579318448884,0.7410196673348864,0.5718612829529994
2010_000087_person,0.49213263979193755,0.320426430654732,0.8700323475046211,0.7909217979842567
2010_000110_dog,0.5347740562097492,0.427633967216777,0.5927876605578546,0.4686818658986299
2010_000110_person,0.6766633890527696,0.5178052039933968,0.9565995768458743,0.8623694584687738
2010_000159_dog,0.7563083814466863,0.20900679177414394,0.9556448632047259,0.5381526104417671
2010_000160_car,0.3745861204324437,0.2192273739157135,0.5592461237666531,0.24111891470076235
2010_000163_cat,0.5278981280897628,0.42181269936204147,0.9562075424226328,0.8732988181838041
2010_000174_diningtable,0.775666259445274,0.5825561964314592,0.7524645021253504,0.46847207399501956
2010_000174_person,0.9270231729055258,0.8093910602871176,0.9511463231661574,0.8688828043654313
2010_000216_dog,0.7827910339840926,0.5400636170857316,0.8997234238706475,0.7398128290115032
2010_000238_aeroplane,0.39890754063415934,0.4818847470521111,0.8700749973592479,0.6746002725791975
2010_000238_person,0.7709758732445084,0.9055069606997659,0.8284671532846716,0.8607807652533609
2010_000241_bird,0.7179164795689268,0.6311365574369594,0.8769271083548064,0.8424611838913149
2010_000256_bottle,0.6564051638530288,0.765791750793193,0.7839195979899497,0.8588685916322922
2010_000256_person,0.8685870281464746,0.748037909077447,0.896032048836322,0.7874551435406698
2010_000256_sofa,0.5890003133813851,0.47067039106145253,0.6999968713825361,0.5533031625739764
2010_000272_boat,0.8749211555443421,0.7845061866547303,0.9117819079802444,0.8679986568166554
2010_000284_sofa,0.6701348824254963,0.5079914028917546,0.8844864493719455,0.6786745884507902
2010_000309_sheep,0.5129228430254656,0.694203145403963,0.5292075163398693,0.5681162763871266
2010_000330_pottedplant,0.6843841822748239,0.4435755173932188,0.818059091918864,0.6337345430599254
2010_000335_bird,0.6403812824956673,0.8481325748206777,0.6798165137614679,0.8708449632073078
2010_000342_bicycle,0.2173743814060386,0.5328282828282829,0.2648757640041167,0.7256463766268937
2010_000372_car,0.8967907773796542,0.6948931569575172,0.8887895050685748,0.7723712884772541
2010_000422_dog,0.5044780768931232,0.30910354412786656,0.9382445690259286,0.8051130900121243
2010_000427_cow,0.770256445232574,0.599316244420226,0.8967459118670782,0.728266395526182
2010_000530_car,0.8718361986628462,0.7935908131717132,0.8996962409821542,0.8455828921415965
2010_000530_person,0.9503903298917149,0.8456746797683804,0.9613905552991847,0.816628701594533
2010_000552_cat,0.49746604150865337,0.3744498021038867,0.6479124804643893,0.538374793593685
2010_000559_person,0.8636140665437507,0.6317378871696198,0.855614784481237,0.7522025464656813
2010_000572_aeroplane,0.8142605633802817,0.7184506600717545,0.7056373793803962,0.6367474637020837
2010_000573_bus,0.9264488632649592,0.6229725777787776,0.938556433572913,0.662336761816711
2010_000573_person,0.261271676300578,0.43902439024390244,0.28634361233480177,0.4427897741375031
2010_000622_aeroplane,0.8136497175141243,0.7408482290086406,0.923772781694825,0.8848072729960457
2010_000628_car,0.920103929847353,0.8973665367173204,0.9721406028947654,0.9600361812350958
2010_000639_dog,0.7197549770290965,0.6351899668019181,0.9218653216529511,0.8941802374618828
2010_000639_pottedplant,0.7568289176422264,0.5381791061901211,0.9197751361480354,0.8491509610001866
2010_000666_horse,0.7921867150971831,0.8355772797695682,0.8500331009774524,0.9070330715077982
2010_000666_person,0.7373453318335208,0.7523066536643913,0.7991266375545851,0.8354112817393948
2010_000679_boat,0.32805219012115566,0.861317843528771,0.34182776801405973,0.8224247948951686
2010_000679_person,0.5791433891992551,0.8308182784272051,0.604089219330855,0.8668478260869565
2010_000682_bus,0.9478007040036631,0.7344830530180142,0.9814766652217888,0.932226759293631
2010_000683_cat,0.41737311063814436,0.4836735717510157,0.5238241957408246,0.436544647366882
2010_000724_cat,0.8400521366725631,0.6176052541292947,0.8998959712502365,0.7526258394076795
2010_000738_person,0.9651097521344796,0.9374519705785487,0.9580205393069485,0.8906685771307218
2010_000764_train,0.169960855809963,0.12171910152483663,0.20716732372519872,0.14277699859747545
2010_000788_dog,0.8520483744983435,0.6341678270012219,0.9033500491133744,0.7554174733029414
2010_000814_bird,0.09428256666217007,0.268544186827957,0.13826309153192962,0.31873886163120724
2010_000874_horse,0.30229450668106356,0.3352022481018131,0.296708366123036,0.3738996744242132
2010_000904_dog,0.5806065945129625,0.20133337021771003,0.8986242820889542,0.48382012760873433
2010_000906_boat,0.6627266134880349,0.5695311613122942,0.7691005446783453,0.76262860320697
2010_000907_cow,0.8961710634968926,0.7186227501626389,0.9547215812617006,0.8976564653984008
2010_000918_bird,0.8005847953216374,0.9351403678606002,0.838946723821188,0.9135589978963473
2010_000929_motorbike,0.3437110834371108,0.8152587519025876,0.4974137931034483,0.9392756451962698
2010_000941_cat,0.5690516664091073,0.3419299581271412,0.8486657242089464,0.55458616429895
2010_000952_car,0.7035249747579735,0.3549185927359672,0.9635838494521201,0.8673089310219285
2010_000961_bird,0.7614991482112436,0.5818630057524049,0.9067037994827929,0.816060606060606
2010_001000_cow,0.248087571616042,0.14202458681901653,0.9443721799926832,0.6494886705434129
2010_001010_cow,0.7860740655944136,0.6797012393188918,0.9400637085056444,0.9378918246656006
2010_001011_sheep,0.8701264604209513,0.8744261074575009,0.8767993041965645,0.8855159648310967
2010_001016_bird,0.546297271673865,0.5991396761133603,0.8292328454271775,0.8289503133393017
2010_001017_aeroplane,0.8519491011916784,0.9405339805825242,0.8970385309415136,0.9618811277002562
2010_001024_aeroplane,0.493602875806888,0.5655172413793104,0.49150516066470956,0.5794458084882498
2010_001024_person,0.6303087661185378,0.7014969289050719,0.5883674488267598,0.6860171218915614
2010_001036_boat,0.8010180035818645,0.808905927455028,0.8674544288724009,0.8776722090261283
2010_001036_person,0.6959272439699487,0.872420524261015,0.7008750994431185,0.8615470073600888
2010_001061_bird,0.5773880194279547,0.44949102350545994,0.923422717056087,0.8108306069632306
2010_001069_bird,0.7944916848521334,0.7439506344033835,0.877964608267861,0.8819682892344981
2010_001070_cat,0.9072647793505412,0.8826971490780431,0.9296933433059088,0.918050864980357
2010_001079_sheep,0.8621814930710774,0.8649813135280535,0.8888170652876535,0.8993534690726623
2010_001104_train,0.8492024739583334,0.7029184730887174,0.9201294277929155,0.8654681547817951
2010_001124_dog,0.8544626076314524,0.5275617830471938,0.9341490448351553,0.7584287993039444
2010_001149_sofa,0.9585030549898167,0.9024649383765406,0.9741492146596858,0.9333698330139611
2010_001151_train,0.8682717586827176,0.8296206440229378,0.9095278484591461,0.8950787100718325
2010_001174_aeroplane,0.9465076171313596,0.9031398775787803,0.9538653366583542,0.9198531922157733
2010_001206_bus,0.816467572886631,0.5267302222690403,0.9739239926739927,0.9046078884361742
2010_001246_bicycle,0.4841638087552955,0.8676100019383601,0.5081317764804003,0.8783666377063423
2010_001246_person,0.5813573180703189,0.6698196216454025,0.5466766243465273,0.6823320771447573
2010_001246_pottedplant,0.8006479481641469,0.7411937756444995,0.8201142857142857,0.757267558260591
2010_001251_motorbike,0.4075118517613882,0.4215445958754126,0.47239056099129906,0.4162529898914624
2010_001256_sheep,0.8127905023240186,0.5177470822223194,0.905010183299389,0.7188089609854481
2010_001264_dog,0.621126472094214,0.20846757538207353,0.9692131343768069,0.7826262626262627
2010_001292_cat,0.6942886456908345,0.43218386667146613,0.9524757598254258,0.671067864821655
2010_001313_motorbike,0.6603634577603144,0.8117385824881473,0.6905459387483356,0.7828931427186818
2010_001313_person,0.7128837443381983,0.876279258283514,0.8023133543638276,0.9255361795951093
2010_001327_sofa,0.08967995209262093,0.19326203660650124,0.11312500416170038,0.2734083523889758
2010_001331_cat,0.7334735071488646,0.4774721341650475,0.9473705825581634,0.7651387913396647
2010_001351_cat,0.7815413013382556,0.6733989401968206,0.9729919862971799,0.8830648100896697
2010_001367_bicycle,0.3139006425325184,0.3451229109763437,0.37000177714590365,0.46493715149796805
2010_001367_bottle,0.4332730560578662,0.5168392084916786,0.7002967359050445,0.726498936037051
2010_001367_person,0.8283954986198598,0.5281267244457428,0.9618910464864195,0.9055797997713005
2010_001376_dog,0.774644134040994,0.4931478725042345,0.841070465576128,0.5236399545155306
2010_001403_bus,0.35449642396529485,0.2548160408074669,0.9250533454152173,0.6135179660715081
2010_001403_car,0.7445082129428062,0.36335403726708076,0.9253211670068435,0.882321216697228
2010_001448_aeroplane,0.8437923950540719,0.87970260555047,0.8547494801271236,0.8886299988798029
2010_001522_sheep,0.7132731958762887,0.6390760737192498,0.7962663213553469,0.6357700340771683
2010_001534_cat,0.5981477471050587,0.39654059928231017,0.9438597422591477,0.805501210653753
2010_001553_car,0.03778582363375695,0.006577710956587108,0.07260613723678451,0.0
2010_001557_sheep,0.8718157402132335,0.8268914097520812,0.7573527330370539,0.7431673442530491
2010_001563_dog,0.6051068883610451,0.8538730528769736,0.6807444523979957,0.8788078741889366
2010_001563_person,0.8382882282362352,0.7300044469855791,0.860196025047645,0.8815729656008486
2010_001577_sheep,0.6013880364477597,0.4648527139043694,0.7642909419330728,0.6646926447945043
2010_001579_chair,0.5909360775776766,0.8574693728286706,0.619588062211013,0.49164547766073374
2010_001579_diningtable,0.24508597519510378,0.266794674859191,0.19846823605288616,0.3157122796068029
2010_001579_person,0.879714135851036,0.7091596585916907,0.8655910255522471,0.7361731654481452
2010_001646_bus,0.9376701763798538,0.8000676589986468,0.9813018712124393,0.9036353287633943
2010_001656_cat,0.9055516991832696,0.5261358085002442,0.9634416871247301,0.8355973317161917
2010_001692_cow,0.6172059042791114,0.4784918506292552,0.9237161667885881,0.8795689174107143
2010_001692_person,0.8615850799033223,0.7638765166641069,0.910038194830719,0.8599556977602757
2010_001699_person,0.8673469387755102,0.6412299721228846,0.8943708738622602,0.7528436535884571
2010_001699_pottedplant,0.38841329882540315,0.58163708801159,0.46293962653224885,0.6703090971611967
2010_001734_person,0.7899041832203786,0.824097610574479,0.835931700074239,0.8733420026007802
2010_001734_train,0.8740949316170555,0.7666155978697016,0.9081298766675057,0.8389113364336357
2010_001767_person,0.8290072333009454,0.7258551105509446,0.9330574362348704,0.9065480929561808
2010_001767_sofa,0.601876184073825,0.4237968649738748,0.6524078720638472,0.45489522244219494
2010_001768_dog,0.44680851063829785,0.6710459313575721,0.5851728446480633,0.6068334468996398
2010_001768_person,0.7545741324921136,0.916766947452868,0.7903846153846154,0.9356654603940491
2010_001773_pottedplant,0.5122393942537081,0.6700603366968565,0.6022548269499077,0.5913939706261273
2010_001820_bird,0.5892040256175664,0.904408945686901,0.7483747609942638,0.9565217391304348
2010_001830_bottle,0.43995406652295665,0.44894111217379423,0.4797494952824358,0.5142164491799354
2010_001851_chair,0.471727078891258,0.6074129590515773,0.6096006796941377,0.6794730330691812
2010_001851_diningtable,0.3586395384148193,0.3997618480590617,0.7376786000963237,0.9259434520288655
2010_001851_pottedplant,0.4619399739016964,0.5952056040756915,0.49095652173913046,0.632313947321902
2010_001908_dog,0.847604140727829,0.8178240228273436,0.9316983973324728,0.9265684279980205
2010_001913_cat,0.07240579246339707,0.3425519740606523,0.7958355661027329,0.699814082089908
2010_001951_person,0.626560726447219,0.8584538375973304,0.7185554171855542,0.8810597519729425
2010_001951_train,0.9160966444529255,0.7579855744461618,0.9568571781261572,0.8702261772339637
2010_001956_dog,0.7149062836537879,0.35626044688658765,0.9136712269481378,0.6497520548875756
2010_001962_sofa,0.5813034386871463,0.308654462088264,0.6779214533212369,0.4097631923959358
2010_001966_car,0.7815491731940818,0.7680881648298994,0.7444933920704846,0.7382086707956169
2010_001995_bird,0.4308191449654024,0.4346444728390372,0.9784466846514269,0.7773289054743401
2010_002017_bottle,0.7090614303729058,0.7392866768484413,0.8089344420808354,0.817165277096616
2010_002017_car,0.5423750078414152,0.3897360281953535,0.8247292002765614,0.7174497226074896
2010_002017_person,0.6885316539608883,0.5927607925823805,0.9147270052781864,0.8568574982097765
2010_002025_cat,0.8292403746097815,0.6061373318980547,0.969991173874669,0.7976945024223043
2010_002030_bicycle,0.22299633037281286,0.536732769269595,0.2884255335921641,0.6969080716588845
2010_002106_sheep,0.29380104138120033,0.3112697465894441,0.6661082299609505,0.6949736342169274
2010_002137_cat,0.8815872614684696,0.8583629893238434,0.9182946145723336,0.9066051721297974
2010_002137_person,0.6922281934683754,0.4960265974699968,0.47202481872948304,0.49843798812870976
2010_002137_pottedplant,0.2867692307692308,0.3842165459397636,0.2759190326204269,0.39439715411002413
2010_002137_sofa,0.5507879248148851,0.320078615103629,0.96910100717039,0.8287998906506288
2010_002142_bird,0.8530691530691531,0.780188992829669,0.8889935625686921,0.8854177215189873
2010_002146_cat,0.9164254072342949,0.7483498923087613,0.9562601741099865,0.8831319516684004
2010_002147_aeroplane,0.8434912068484228,0.7834342276107448,0.9198628517379995,0.8990832770433272
2010_002150_boat,0.7668681386456149,0.5250576547809118,0.8930511070881493,0.8581342683906786
2010_002161_horse,0.35982046625621944,0.4391544289589374,0.8132029775790084,0.5862213181757694
2010_002161_person,0.7136769034752427,0.6371549027607779,0.8824616196718427,0.8002669729612268
2010_002200_aeroplane,0.9101078705553336,0.907708351438255,0.9131474103585657,0.914913834060381
2010_002228_dog,0.8116033564919246,0.6295258336938326,0.9495158127909239,0.8588297667245036
2010_002232_sheep,0.8118432681920849,0.7172720500259612,0.8731067837597047,0.8580239991028373
2010_002251_motorbike,0.7130030008742705,0.6361546612071907,0.7794131455399061,0.643159556528291
2010_002251_person,0.7598425196850394,0.6796773170817628,0.8436408213300643,0.8304064979505885
2010_002271_motorbike,0.8603636014774309,0.6542333798837323,0.9465035843795253,0.8355430488662806
2010_002305_cat,0.39274771405824027,0.3153474882583382,0.8608171243325705,0.6761100606376736
2010_002310_aeroplane,0.8877403846153846,0.8934630650883417,0.9208161737177087,0.927511071744907
2010_002336_chair,0.18232390215148836,0.3704738836097137,0.10267961619471097,0.19354548145097988
2010_002336_diningtable,0.00045841519318926,0.031825585766194715,0.001886100487242626,0.057972448247718446
2010_002348_cat,0.7711228697456721,0.428916479947376,0.9752558192368493,0.8984517304189436
2010_002361_car,0.490291549212482,0.3230194030812867,0.8507347026857356,0.7677697944849582
2010_002390_cow,0.35388915924446307,0.2889715030955343,0.6182386472235027,0.5432609298062371
2010_002396_motorbike,0.12577810325887953,0.31321025727683666,0.1670595731124562,0.31499152769107286
2010_002396_person,0.5770055970149254,0.706575267885867,0.8699654190398698,0.8889357885295204
2010_002422_cat,0.8198241924176239,0.6220831864645753,0.9640251456889827,0.8861418196956381
2010_002450_bird,0.639554794520548,0.6742291100814827,0.8848245180425112,0.9516215731947679
2010_002480_dog,0.9125673561620025,0.44542069992553984,0.9855054519641103,0.7884667448786211
2010_002512_cat,0.6806926406926407,0.5475621920623885,0.9506380351262349,0.8778553161978241
2010_002531_cat,0.750715937878621,0.6805772730768245,0.9552218467240815,0.9096711312331007
2010_002531_sofa,0.23692535871495343,0.13984332147227183,0.19286145415827416,0.2460061782877317
2010_002536_bicycle,0.14276143259125973,0.6117184025016511,0.1652571716366231,0.7172337810924192
2010_002538_chair,0.655507336226493,0.9316526610644258,0.7895732036736899,0.9367407087916038
2010_002546_boat,0.5456196096232411,0.743800461361015,0.647187329328236,0.7753317249698432
2010_002546_bus,0.9053294912096868,0.6320367238463397,0.9486468436029967,0.8185423110476644
2010_002546_person,0.7715030408340573,0.8239503816793893,0.8447528187337381,0.8909828244274809
2010_002623_person,0.6447541340090197,0.37996420011528775,0.6398347437862331,0.6013050369486013
2010_002682_train,0.6377074301091344,0.45372633422099007,0.926448019098505,0.8178723404255319
2010_002691_horse,0.15300133331500598,0.24771184908884764,0.3122568227125868,0.36152589446168926
2010_002693_bicycle,0.36912915851272016,0.6186658790768322,0.39124849458048977,0.700613446074774
2010_002693_cat,0.8370529116169081,0.7642340436002165,0.9009563831328793,0.8939165670943945
2010_002693_chair,0.2044456641053787,0.26430329461548424,0.4373900094761067,0.39304881165346284
2010_002701_cow,0.6317859952793077,0.8873598369011213,0.6909871244635193,0.8958868894601543
2010_002763_cat,0.7568879148403256,0.5622713016204913,0.8700857755539672,0.8989177047171738
2010_002763_person,0.6752339215918512,0.6589410117571648,0.4940498034076016,0.6644107960478753
2010_002792_bicycle,0.2988174214017883,0.3764467996095384,0.3336314847942755,0.40086890559271776
2010_002792_person,0.8212983478427747,0.574822139153503,0.9404626602087741,0.8203307926069845
2010_002868_bus,0.8239062322723663,0.4022350814565546,0.9746389173205959,0.8517892303741118
2010_002900_cat,0.6506358082290681,0.3023660722467606,0.9737362883975872,0.6921907827097582
2010_002902_car,0.6843719076224059,0.415716964212929,0.9742375263527758,0.9116199742772465
2010_002902_person,0.8567671232876712,0.8581549478174755,0.8668278211185584,0.872309681344589
2010_002921_chair,0.7106287760125307,0.6573877962682804,0.8745410935434921,0.821553325901152
2010_002929_car,0.0874454900160661,0.2149439807815768,0.05731449413062801,0.17761599859661434
2010_002929_person,0.85335241210139,0.7144173045770733,0.849305339784278,0.8704303726139325
2010_002988_car,0.5405443679723567,0.5530336977953039,0.9110170655967462,0.8314181734819612
2010_003014_person,0.8214305458807399,0.6849637719427956,0.43031152449512644,0.42527089700570647
2010_003060_dog,0.6411872976918357,0.409517858582601,0.9457556422804518,0.8372178157413057
2010_003123_car,0.9118697010263276,0.9207643905849452,0.9197031039136302,0.9348973607038124
2010_003123_pottedplant,0.023448044755140604,0.03749661582889631,0.038350910834132314,0.050354084321475624
2010_003127_aeroplane,0.689079054604727,0.8795093795093795,0.6639800877089013,0.8248660487308851
2010_003132_aeroplane,0.4272640733849682,0.64283050402641,0.4791231268620214,0.6269689035744788
2010_003168_bird,0.7044053868979685,0.7096143315340687,0.9050055617352614,0.9098314239665461
2010_003183_cow,0.6779149519890261,0.7126781695423856,0.6788430995569673,0.8004005624920101
2010_003187_dog,0.7907677826396662,0.444759273136006,0.8225136361319264,0.4455441150363927
2010_003207_motorbike,0.7938473687989087,0.6456454835052103,0.8292116409345539,0.7095957365368195
2010_003231_car,0.8935246995994659,0.7562277580071174,0.8993095512082854,0.7982647427272306
2010_003239_cow,0.48733591383372604,0.679749907828438,0.47818185751682063,0.5317813194727119
2010_003239_person,0.8485259540604088,0.7824725243437162,0.8992262175694128,0.89940587138863
2010_003275_cat,0.19876330009470225,0.3512128242986712,0.9336667825714821,0.8465650895482492
2010_003276_car,0.8868416001754819,0.6262120738192055,0.9767310656098634,0.9013687600644122
2010_003293_bus,0.5504228812625014,0.3860578421097357,0.9285680930218079,0.7320242892003859
2010_003293_car,0.8591029023746701,0.8353932584269663,0.850954100051573,0.8453974323955203
2010_003302_chair,0.7629596412556053,0.6755321972713277,0.9108098136875116,0.8530091185410335
2010_003302_pottedplant,0.7526665743177725,0.6218079673135853,0.7773652160998069,0.7119127952245003
2010_003325_chair,0.35796751679603417,0.4935064935064935,0.7167753498836898,0.8578734247914267
2010_003325_diningtable,0.22830336200156373,0.2814485691080216,0.9265132469541675,0.6347136867497559
2010_003325_person,0.9636467662786348,0.8536411475131557,0.9721884464881834,0.8861365672155999
2010_003362_bird,0.48844360840762246,0.44907984565152864,0.9016457425356144,0.817760989519683
2010_003365_aeroplane,0.7995493188569087,0.6035969398537554,0.8480996204440285,0.6814476538417628
2010_003381_car,0.6765986933280539,0.41614104578821604,0.8561014529268498,0.36942860785778037
2010_003381_person,0.5440494590417311,0.5424161149351989,0.24894318566114304,0.2392266162511938
2010_003402_cat,0.5345279984522557,0.4318004759719539,0.9491834390450982,0.820843415778488
2010_003409_chair,0.21871444823663252,0.44265607111590005,0.33710590137429264,0.5
2010_003409_person,0.7372704714640198,0.7562236162070461,0.7418128037185717,0.8640243621095373
2010_003418_bird,0.9030777751404383,0.8749628160634606,0.9570012787723785,0.9615576884623075
2010_003446_bicycle,0.2572230014025245,0.8397790055248618,0.3206671501087745,0.8732701254343089
2010_003446_car,0.7399935959013769,0.7625757362265746,0.7724949290060852,0.7939822350369716
2010_003446_person,0.7418190024825095,0.8589483839845634,0.7540431266846361,0.8882697393275406
2010_003453_car,0.3638851488183201,0.2649690451443807,0.8794118283525567,0.7448594604791549
2010_003468_bottle,0.8205819128644525,0.5357607946275822,0.93655941061646,0.8465562003665241
2010_003468_cat,0.9207341904706499,0.8178657958495734,0.9518121550188371,0.9111181792479502
2010_003473_bird,0.2619029305438043,0.3396202478115617,0.9531343516615056,0.9195710455764075
2010_003495_aeroplane,0.9157205602055192,0.924981755039384,0.9362828111769687,0.9451152858631823
2010_003506_dog,0.6702765181826265,0.4464432935207695,0.7628206274019126,0.5328226253282262
2010_003514_train,0.929054348141485,0.8306293946149889,0.9714515840343655,0.9356413994169096
2010_003531_chair,0.8101004304160688,0.8303331034022385,0.8302535194284508,0.7887124483447091
2010_003531_diningtable,0.29646902065289804,0.3515651874785002,0.8642178089691902,0.770684272147782
2010_003532_horse,0.7927147921639525,0.632359070542878,0.6170420865441613,0.5431241438240041
2010_003541_sheep,0.4365326922694852,0.4104816365029771,0.9091762761521992,0.7120490129339687
2010_003547_boat,0.4969040899709364,0.624134548811447,0.7978524920991509,0.5530606238964096
2010_003597_diningtable,0.6788977040509676,0.4844246308163834,0.7890037593984962,0.67757323711088
2010_003597_person,0.7978676676117079,0.5951715071112704,0.5418285860699492,0.5836337324036311
2010_003597_pottedplant,0.24396058486967578,0.5381540697674418,0.22878286883955282,0.4133087525239224
2010_003597_sofa,0.3937703818841242,0.4873991282958616,0.43074261707648587,0.5299572039942939
2010_003675_cat,0.15822833818209975,0.10462717359269083,0.38240306303116145,0.18205102144526883
2010_003708_train,0.5230280571731075,0.5588279264464046,0.6105644743656137,0.5797058386569603
2010_003716_aeroplane,0.8034214261056346,0.7521289284624559,0.9499612102404965,0.9368840491543984
2010_003746_car,0.8994629070157771,0.8692989172044187,0.910567797973299,0.8836285560923242
2010_003746_dog,0.9352360043907794,0.7574275778064151,0.9478933600489787,0.8350085564232184
2010_003746_person,0.922396215643096,0.8238176085374728,0.9257114898475087,0.7938993482983345
2010_003758_cat,0.46698597331508723,0.42631768953068594,0.9617550445800094,0.8921438712730715
2010_003764_cat,0.8617297522697549,0.660101369375778,0.9029177419051028,0.7551207815728388
2010_003768_car,0.3630917874396135,0.6110781236746119,0.4417307692307692,0.636010472088506
2010_003771_bird,0.8579007743045598,0.6814326851011795,0.92044823582858,0.8112152022377126
2010_003772_bus,0.9518144905468849,0.8827157652474108,0.9720507932404924,0.9276300361146288
2010_003781_bottle,0.4961431150500574,0.44353182751540043,0.9169084674228436,0.9388778723900618
2010_003781_cat,0.34707029889221763,0.37339134537257884,0.9656264904271991,0.9116778173603267
2010_003781_pottedplant,0.6160381268130958,0.5626487994014012,0.5967946500634151,0.5950170981924768
2010_003813_car,0.9316567350099316,0.7576400679117148,0.9707856097684041,0.8987848251333729
2010_003854_car,0.8974358974358975,0.4477769787216041,0.9870907370189598,0.8176546883344777
2010_003854_person,0.7905620360551432,0.7550122249388753,0.8481228668941979,0.9320193081255028
2010_003912_bicycle,0.3921036189743836,0.5351780179543593,0.45797472089706387,0.6478463516554163
2010_003915_aeroplane,0.8507862976959649,0.9359961959106039,0.9162555344718533,0.9553363994120715
2010_003947_motorbike,0.49217670682730924,0.3912236076216039,0.5296981181390487,0.3998202062896256
2010_003956_train,0.8945575221238938,0.7698634470395951,0.9270654742597655,0.8466707055130253
2010_003971_cat,0.861422069135195,0.7710783829198379,0.9166921150674892,0.8705992879746836
2010_003971_chair,0.35331512031102236,0.5130791665413873,0.47267641280095907,0.5019824341279799
2010_004041_boat,0.8126600207005502,0.6742309407044137,0.9014446036294174,0.828209990518489
2010_004042_motorbike,0.6848826986256998,0.656832298136646,0.7655242776979084,0.7978278489220295
2010_004063_aeroplane,0.5703022339027596,0.6996436359768098,0.6181192660550459,0.7304274672695725
2010_004104_cat,0.6693999896639047,0.362060784092193,0.975083623455526,0.8007004138809296
2010_004120_cat,0.5620697215522912,0.5006582729143875,0.952618022035109,0.8864877827813158
2010_004165_dog,0.507982438635003,0.540843284370707,0.5009449915448125,0.4676258992805755
2010_004165_person,0.7531896465571805,0.6636832857456622,0.9248104315782014,0.8600375951827189
2010_004208_boat,0.7259844665485761,0.7616929698708752,0.8839170836311652,0.8924564796905222
2010_004208_person,0.005447675951146648,0.14431947428282574,0.0,0.0
2010_004219_motorbike,0.7845804033854057,0.5671426196117554,0.9017477462153427,0.6257142511989756
2010_004219_person,0.28305624336752744,0.23623451585705948,0.35179640718562877,0.3038418395961862
2010_004226_sheep,0.8249846907532149,0.6952284360489993,0.8108347192243728,0.7382554785664556
2010_004314_aeroplane,0.8102189781021898,0.8351585329218669,0.8727216717153565,0.8823529411764706
2010_004314_person,0.38883888388838883,0.6657681940700808,0.36693914623069934,0.6353728489483748
2010_004320_cat,0.46287230300187615,0.3010869377982189,0.5633670626191524,0.466285289440532
2010_004322_cow,0.1290638408155038,0.1374683009298394,0.27926776533897085,0.19518093873163742
2010_004337_car,0.649641577060932,0.8781420765027322,0.6578947368421053,0.8755107600108962
2010_004337_person,0.728485964104924,0.7932759968725567,0.7924151696606786,0.8340202916930881
2010_004348_bus,0.13386889894012016,0.23182799568189996,0.20772075302554907,0.26478726181153744
2010_004355_motorbike,0.7178496196096864,0.5066403785488959,0.9476418725071724,0.7973956816574448
2010_004369_cat,0.5739439751000445,0.1862553141698194,0.9742199329614722,0.6966478170054511
2010_004382_pottedplant,0.3231702988571023,0.5078748413442967,0.3134980607804221,0.44525313191284516
2010_004419_aeroplane,0.9087173466392721,0.8531787175989086,0.92976533280376,0.8874884978947662
2010_004432_person,0.6609877140955033,0.49839463619623214,0.8442359249329758,0.8060048630933503
2010_004472_car,0.3103802232582011,0.31496080477893007,0.7221771649995494,0.5818721947754206
2010_004472_person,0.5520284917931249,0.41380317478861517,0.7976936268505233,0.6406105001283393
2010_004479_cat,0.7948363636363637,0.7002863092139511,0.9390120967741935,0.8341175644357047
2010_004479_person,0.9182296528897564,0.7937583961971686,0.9488715417624746,0.8528388146378633
2010_004519_horse,0.8158140500155651,0.5772006818758841,0.9616813428728673,0.873109104006206
2010_004529_bottle,0.08774022233223817,0.05911993748484277,0.12551727240014393,0.07382659713168188
2010_004543_chair,0.004691164972634871,0.08158158158158157,0.0,0.0
2010_004550_dog,0.3356324670525927,0.2893982341250448,0.4526676226265823,0.39830540317126323
2010_004551_bottle,0.3572065108666,0.31109959333386494,0.5482418059474713,0.4297595553586532
2010_004556_bird,0.8667128027681661,0.8533752903274144,0.9083750894774517,0.9121293800539083
2010_004559_bird,0.38164556962025314,0.39602619101377284,0.8231528289807722,0.6711124401913876
2010_004559_person,0.7184139784946236,0.41071032432672255,0.9113154172560113,0.8687143245447132
2010_004628_dog,0.8845570211275826,0.9152327377013015,0.8830347734457323,0.9252936656054451
2010_004635_cow,0.8365841788027405,0.686887786732796,0.8987156376746283,0.8429056394623805
2010_004662_boat,0.5028743891922967,0.29585678786956743,0.47906236741620706,0.26571663367076315
2010_004697_motorbike,0.3397184733710637,0.3294972995429996,0.48184628657703643,0.35793925413302574
2010_004697_person,0.8234925017255443,0.5455627072362005,0.7920334280919272,0.5628135900989153
2010_004757_pottedplant,0.5618983136914711,0.5978211529732184,0.8359562773005622,0.7730673692133986
2010_004757_sofa,0.1637745264829307,0.14163177780046973,0.28636629344844644,0.2518611780162032
2010_004763_chair,0.23382562320519318,0.4887514170673547,0.10523967541340175,0.233259733729751
2010_004772_boat,0.3193160573327794,0.2756850407091686,0.8956455042118578,0.3691735921127342
2010_004783_chair,0.3299386532819282,0.34308899315437275,0.38164973102211597,0.47303401862266065
2010_004789_cow,0.8321330084870552,0.7191194534008906,0.8855396178478802,0.7863292401105624
2010_004795_dog,0.8526877308165778,0.8606034544542392,0.8968828277205678,0.9344946731932047
2010_004815_cat,0.8046201901623589,0.5973627917371731,0.9459914163090128,0.8708470847084708
2010_004815_person,0.9433975432719152,0.6124159438651203,0.950432480141218,0.6734758847561946
2010_004825_chair,0.22389138289718602,0.2940767141887305,0.18821128291589945,0.320814588688946
2010_004825_diningtable,0.23587089745335693,0.21818770525926268,0.4783242741614742,0.32918964389195254
2010_004825_pottedplant,0.1987179487179487,0.45853441706883413,0.001324893272486383,0.12646414030692138
2010_004828_bottle,0.7907541348439634,0.6918689967982924,0.8472454513202574,0.8448380490025033
2010_004828_person,0.5352019940742134,0.3683573417261833,0.9282347204161249,0.8817283046503113
2010_004856_horse,0.19121388732217837,0.2380332260524994,0.2820246121456678,0.3253638664768233
2010_004861_cat,0.9236431118246836,0.766526277238601,0.9597427895188824,0.8729654513254435
2010_004941_motorbike,0.8277629732093817,0.6901781653516837,0.8746391003250621,0.7624127350233736
2010_004946_car,0.28943671864025844,0.25449962001149234,0.5870567657815233,0.33585585585585587
2010_004951_train,0.018127154389172163,0.17911573864493738,0.010174642676239347,0.10186942493831846
2010_004980_train,0.6966456773989149,0.47299992023610116,0.9474528680304853,0.8571819275790394
2010_004994_bird,0.6762820512820513,0.511951664323203,0.7605387923113676,0.6012562446097017
2010_005013_car,0.8044318474619944,0.5623309053069719,0.9313257937048645,0.9182113310294272
2010_005021_cat,0.9584874400588036,0.7467474603457495,0.9768220478360979,0.8808325469225123
2010_005021_chair,0.44996761658031087,0.4238853199121623,0.6988062972146935,0.6492957526789475
2010_005046_diningtable,0.0911599899640378,0.18606375092661231,0.1936505291225731,0.2009594532430834
2010_005046_person,0.7751990918926589,0.47668306300019136,0.9209302325581395,0.8221001257560333
2010_005063_bus,0.8660315825609337,0.7574443560117463,0.9405585145513934,0.8591763249690559
2010_005108_cat,0.4202131542448354,0.3810354143130802,0.45075517661388553,0.46529858058736245
2010_005118_bus,0.9260261047334487,0.755273588773976,0.9376076615515906,0.8145622679401257
2010_005118_person,0.7787349539768704,0.8413219816316954,0.7005263157894737,0.8352722516693054
2010_005159_dog,0.9012741172187841,0.5038003190391293,0.9662223316366059,0.7903865707051576
2010_005160_bus,0.5373020123957457,0.5576513039199607,0.6522239263803681,0.5056913603284194
2010_005160_motorbike,0.7865082690459172,0.7346203046865915,0.8144429230691211,0.772991793086297
2010_005160_sheep,0.7306427503736921,0.6526465639963763,0.8522111269614836,0.7733696356800207
2010_005166_cow,0.5115964872776402,0.5167418514518076,0.878094641178314,0.8739809523809524
2010_005166_person,0.6821987622861303,0.637380098827633,0.4448982893193675,0.5598192561696211
2010_005174_horse,0.33072146867883967,0.33819594525059177,0.6782725933338893,0.49659728578819595
2010_005180_sofa,0.9711026206748103,0.7184300341296929,0.9685706623759721,0.6872311212814646
2010_005187_pottedplant,0.35751209490357216,0.41781674313204675,0.13502198768689533,0.27571733680007426
2010_005206_dog,0.8851700572365203,0.4433505756716169,0.9549649712670623,0.7367597924219805
2010_005245_dog,0.739085239085239,0.9156150414276609,0.8108108108108109,0.9358758888170653
2010_005245_person,0.8310589519650655,0.7895449338748308,0.8496607869742198,0.8281104560968042
2010_005252_boat,0.4361595327188099,0.3574995104758175,0.5289301310043668,0.3985460015041364
2010_005252_motorbike,0.08246024898311352,0.31385661039245777,0.21701541850220266,0.3773309491661497
2010_005252_person,0.8031149684936393,0.8487778511801093,0.9114146605355694,0.9275992438563327
2010_005284_bus,0.9291054514192726,0.6548065786425759,0.9623917956918157,0.8048818025116966
2010_005284_car,0.8208,0.8716814159292036,0.8774139378673383,0.9059470788577417
2010_005284_person,0.6245935560153709,0.8179987797437462,0.3583279115159401,0.4089517511633603
2010_005344_cat,0.7151103765789163,0.52661095636026,0.9520953285791143,0.8450898091661427
2010_005353_bird,0.7683397683397684,0.7363057324840764,0.7988338192419825,0.7551652892561983
2010_005366_motorbike,0.6903393843725335,0.6326506683342453,0.7605996248469158,0.568996725849815
2010_005401_boat,0.1235338471849866,0.2680170703852858,0.09910498464754687,0.1813293348155425
2010_005421_cat,0.8652079115402586,0.8373658857017736,0.9106623586429725,0.9158986810882401
2010_005428_bird,0.23160495621525382,0.28872336663424986,0.46088869960249856,0.4743138003007384
2010_005432_car,0.45486992585145153,0.33923432920926655,0.9829457171624258,0.9317862359782818
2010_005433_motorbike,0.2939840541193525,0.44749738319535637,0.3448735019973369,0.4630558880397753
2010_005501_car,0.8344860630807049,0.5683068145054557,0.961848831805315,0.858891471741973
2010_005501_motorbike,0.7984709075263123,0.6002003736698167,0.8306322290081545,0.6662617673853629
2010_005508_cat,0.17298417049413586,0.20866369632332304,0.2579919098833197,0.28146457234994654
2010_005531_bird,0.6556952662721893,0.5949129743610647,0.4059847660500544,0.5916327578714494
2010_005534_aeroplane,0.8890035198446413,0.8611751746927817,0.9007863373878855,0.8721970009629936
2010_005575_dog,0.8316808169565992,0.7705267558528428,0.9050151057401813,0.8715883462972338
2010_005582_person,0.4496291017459752,0.40106511885350127,0.9160176906066725,0.7714907278333967
2010_005606_cat,0.424841894184791,0.44087150208658693,0.9109490624326461,0.8770613679372804
2010_005606_person,0.6518509571834048,0.5083274044369704,0.8535977257899152,0.7722805560499101
2010_005606_sofa,0.496947047057585,0.47781930758485297,0.8886837589058193,0.7847531663630177
2010_005626_chair,0.4053932584269663,0.7435565154787617,0.4357084357084357,0.8678104575163399
2010_005626_diningtable,0.13362613961535902,0.18652412817583375,0.7760333539624117,0.5612912013075456
2010_005626_person,0.8699033998243633,0.7705132495664608,0.9360738983730331,0.9028818580775995
2010_005644_dog,0.31040224072201045,0.16388176892378573,0.7206721278348592,0.39917173766058145
2010_005664_bicycle,0.3592964824120603,0.46990081154192964,0.4962344466273739,0.6315048464829155
2010_005705_boat,0.5309119010819165,0.45543207076434566,0.602173189932365,0.37484928471339657
2010_005706_train,0.8246732252551845,0.7004473627245833,0.8646638471634825,0.784959486202905
2010_005709_cat,0.10129404088734233,0.16375302821973417,0.5052018310445276,0.3720575489686254
2010_005709_person,0.7001241577500942,0.4841509089248196,0.8010002870914613,0.6748538011695906
2010_005718_aeroplane,0.6755527120210422,0.815175950605621,0.7931090131525861,0.8557356434260165
2010_005718_car,0.3371567605144247,0.4106055574006421,0.37180832458901714,0.4094383516118312
2010_005719_sheep,0.3596949799952602,0.25074949034656435,0.9561715135492399,0.7381522427998028
2010_005727_train,0.8467293568535933,0.7502531769625298,0.8687784401566193,0.7870429546907061
2010_005788_sheep,0.8894914183426346,0.8095345991752391,0.9100692791792269,0.8883905312039868
2010_005860_bicycle,0.32460732984293195,0.6258503401360545,0.3878536922015183,0.6487378320409174
2010_005860_car,0.8158242995917218,0.6077937684186433,0.9738591549295774,0.9270340586565752
2010_005860_pottedplant,0.5964285714285714,0.6638488971073835,0.6621387997036305,0.7746209624258404
2010_005871_person,0.7707575629422876,0.7045332412098879,0.6340836610211474,0.7588805581789796
2010_005871_train,0.5224743645755698,0.10202567760342368,0.8023718458813563,0.3968753313774699
2010_005877_aeroplane,0.8677180096493123,0.8464771322620519,0.9264418009335943,0.9292530437643962
2010_005888_aeroplane,0.7955409609402004,0.9170017403828843,0.8222418358340688,0.9481361426256077
2010_005899_cat,0.8897236624565587,0.5495315450761812,0.9805183785679538,0.8938844260171028
2010_005922_cow,0.5759545085296507,0.6905413945649884,0.6252220248667851,0.7000964320154291
2010_005991_dog,0.6651069182389937,0.5798445308162132,0.8993563766388558,0.9006707578136149
2010_005991_person,0.8184259863916917,0.6032653923886768,0.9491999950882277,0.8298358177754193
2010_005991_sofa,0.14508709750395898,0.2038977800722767,0.1666545216060628,0.2609499431171786
2010_005992_dog,0.8268512212630456,0.6304792047567103,0.9241296739731074,0.8604171984975019
2010_006026_sheep,0.3982227733002687,0.3130771260223375,0.3630417007358953,0.437336093857833
2010_006034_aeroplane,0.6741136615851878,0.6225253160439751,0.8704173593490244,0.8043753654258429
2010_006054_train,0.7325654780687915,0.8078586658544015,0.7838111298482293,0.796395609877775
2010_006070_bicycle,0.22249814392872685,0.5402897059405549,0.26074288787951233,0.6475197439735715
2010_006070_car,0.6899893076717455,0.33614122472897745,0.9545692589683163,0.8166992824527071
2011_000045_dog,0.855,0.7654396291439202,0.9124476987447698,0.8575737917612715
2011_000051_person,0.8605652255287292,0.7702521584639841,0.9196801988679308,0.8603810058304493
2011_000054_person,0.8673042296180584,0.6549919224555735,0.8881887419682949,0.782869890845351
2011_000066_bottle,0.023641192533572736,0.0,0.04199304230726069,0.0
2011_000070_sofa,0.674528373018865,0.31427870461236507,0.9573590508901655,0.7039905269390172
2011_000112_bird,0.39654747225647347,0.5654682645361739,0.44798027242837013,0.6056770440590327
2011_000173_sofa,0.8591571659944742,0.6198355295749529,0.9637352674524026,0.8522152839726435
2011_000178_bus,0.3365219577789682,0.31755501222493887,0.5087643563906529,0.4057653810222875
2011_000178_person,0.6861334595362044,0.8212818405916187,0.7488106565176023,0.812862153095456
2011_000185_bird,0.14518033671851277,0.17090299975411852,0.24043195306177503,0.16424744859785115
2011_000226_chair,0.28981770892747144,0.49382962505898154,0.24851690043688204,0.4836995336722262
2011_000226_diningtable,0.44605402142749356,0.3032961268323959,0.4978348222993797,0.3350412944547447
2011_000234_boat,0.2588693267274175,0.4004125686079493,0.14035245459449738,0.3374837748185183
2011_000239_bus,0.6598314253365203,0.44556664979524224,0.9747379057723885,0.8937979515476775
2011_000239_car,0.2816310975609756,0.3416497358797237,0.5969465648854961,0.8598290598290599
2011_000248_bus,0.9107039288552832,0.720686298369433,0.9410644330454733,0.8458205701354968
2011_000248_person,0.6437414030261348,0.7845400199269346,0.44054250423831437,0.5121745724155363
2011_000283_train,0.6769591672164798,0.4350648025308705,0.8747232752084912,0.5958124715521165
2011_000291_train,0.15253333333333333,0.2981501027720682,0.42038345105953584,0.449312815693645
2011_000310_sofa,0.2668222003929273,0.19083969465648856,0.7310004165922752,0.5840494655208551
2011_000312_bus,0.9466992330168006,0.8290736815858372,0.957995237764986,0.8594944707740916
2011_000338_chair,0.33551373033014503,0.6237758535939805,0.3748662720205406,0.6757604136976261
2011_000338_diningtable,0.17387716609689968,0.38801439172475827,0.18563443929123558,0.3542284020971051
2011_000396_horse,0.7491624790619765,0.8190279214064116,0.7107214143142286,0.7768874991857208
2011_000412_bicycle,0.23881310520406007,0.5270206720877829,0.2677498248675753,0.6433760014548247
2011_000419_cat,0.6560538944259875,0.710171283569465,0.7719621010026676,0.7724593752631136
2011_000435_boat,0.14838233591850908,0.1650492684383398,0.19951589574047288,0.11389799987137436
2011_000435_person,0.6523240672592425,0.7859280591789486,0.7841516771998055,0.8461724002773842
2011_000436_sheep,0.74364896073903,0.837345816614653,0.7368102796674225,0.847313432835821
2011_000438_person,0.8718072025793759,0.6637508873674964,0.8983561921263741,0.7760475824081877
2011_000455_motorbike,0.7420458160992682,0.5145875956391357,0.6993342747629615,0.4993593064151149
2011_000455_person,0.8905265011445677,0.7168981566313629,0.9354147422870867,0.8363050562003441
2011_000456_bird,0.6215556831228473,0.5351961650056768,0.8278010937301284,0.8511132623426912
2011_000479_person,0.8241992677371927,0.4908796725256185,0.47584696230925577,0.5259279110277368
2011_000481_aeroplane,0.4796285200718993,0.8890513795456761,0.5707605985037406,0.8957627118644068
2011_000482_bird,0.1586614118400713,0.35049246649148347,0.4216185703271285,0.4978313995728848
2011_000503_car,0.7512570424668322,0.6269657790335931,0.7220283499583089,0.6225290659004443
2011_000512_motorbike,0.7960435371958503,0.607323737956703,0.8965840338384109,0.7293075020610058
2011_000521_train,0.8904580739374376,0.5632561265639541,0.9584187697160883,0.8472212364255802
2011_000526_horse,0.30299011934554376,0.242505156857038,0.9524611785545811,0.7491347357568914
2011_000536_dog,0.8937924037790882,0.7977372090275316,0.9143003818140982,0.8591373722263774
2011_000548_cow,0.7658047271525963,0.6608890297531793,0.5771483467104651,0.5295130448873764
2011_000566_cow,0.7427245446297718,0.6171429722272571,0.9542464062086604,0.8394660475914103
2011_000566_person,0.8198821692220329,0.7003946115117703,0.918663169832719,0.8005371375765277
2011_000585_bicycle,0.23112915045943966,0.4822888283378747,0.324869068401841,0.6161803564400967
2011_000585_person,0.6731674512441157,0.5711173554762732,0.8657626085631571,0.7995216086921269
2011_000598_diningtable,0.38095238095238093,0.10717115689381933,0.6687770091230816,0.32863828638286385
2011_000618_motorbike,0.8153210647234922,0.7231028000395765,0.9124580773091141,0.8731884057971014
2011_000618_person,0.8699304750869061,0.7716891671794129,0.9021152115211521,0.910603683210835
2011_000638_person,0.7457482618218165,0.5316957324139115,0.9094171451462144,0.8122256998478782
2011_000658_car,0.7754672897196262,0.8575013443269404,0.7416709379805229,0.6816376701966718
2011_000661_cat,0.3562806934500917,0.38227720663685116,0.7675049654516463,0.5964524780815434
2011_000669_bird,0.737658366098733,0.9404649701539428,0.8555865214086648,0.965751211631664
2011_000747_bottle,0.5113448357362326,0.8625234563488517,0.5997257351820814,0.9136487585514041
2011_000747_pottedplant,0.7196773264188995,0.8432581073392755,0.7046223224351748,0.9025506230529595
2011_000780_cat,0.8606923287778517,0.6270816812053925,0.9267472721910941,0.7953775467582495
2011_000780_person,0.2374798899787223,0.19768368159813715,0.19218682009379684,0.20863375855056387
2011_000789_cat,0.49387686959254423,0.3692298144355489,0.7173414595908129,0.5331988705123033
2011_000807_aeroplane,0.7077509529860229,0.8625680520515204,0.8371592539454806,0.9474044651417614
2011_000809_chair,0.5241425241425242,0.6303125856868659,0.6137328339575531,0.6740738180812829
2011_000809_person,0.8527865718893733,0.8011740902225641,0.9189129889669007,0.8913625268358675
2011_000813_cat,0.9156828365478278,0.7109873223203995,0.9356298118898325,0.7716908015500714
2011_000813_chair,0.08900585956897408,0.2678237358495719,0.1016479627944596,0.22469922151450814
2011_000830_bus,0.6370241496228783,0.3389679231112514,0.8673487422186439,0.5426123981627384
2011_000843_person,0.860194317409591,0.4408087667849977,0.8914877121533389,0.5548229435632608
2011_000874_aeroplane,0.9092747030578722,0.8894887615689732,0.9259716224552745,0.9112915183867141
2011_000888_bus,0.8735340109460517,0.5675717670823136,0.9105921498551975,0.6532473309608541
2011_000900_car,0.8488230116137093,0.5192064550240224,0.869199783097064,0.6857023945776417
2011_000953_diningtable,0.5607891641996837,0.3945294390356977,0.6502251633226918,0.399332474281248
2011_000953_person,0.8688713839467608,0.7260957601292618,0.7165958074267037,0.5865396798580901
2011_000969_bus,0.4955029463454978,0.47455421517251084,0.9492597239648682,0.9154978787122535
2011_001005_sofa,0.8633176661444271,0.5389907512575045,0.9905049151027703,0.9569807624282333
2011_001014_dog,0.8217355006629672,0.7498157700810612,0.9224372690138105,0.9019762499452258
2011_001020_sheep,0.5868142929038752,0.7273103448275862,0.6016364101252877,0.7225327153762269
2011_001047_cow,0.8468349314816855,0.8110540903976509,0.8774145339062208,0.8429495116247077
2011_001060_person,0.6168184526342667,0.7204349477415634,0.508198727361723,0.5550844918504314
2011_001064_bus,0.7848966706048691,0.5817538250742179,0.8175996895313864,0.5393504180860947
2011_001069_person,0.8327249248801808,0.5365896912962518,0.825084761912324,0.46549557462333624
2011_001071_chair,0.18369111079095232,0.23775317030160006,0.1431174826874013,0.25399766268563123
2011_001071_person,0.7697629188310889,0.356021465951135,0.9300886780779543,0.7831267009374056
2011_001082_train,0.8188202247191011,0.8340729307350955,0.8591478696741854,0.8836925579503864
2011_001110_bus,0.6447507953340403,0.7995347033734005,0.7102803738317757,0.8491414554374489
2011_001110_car,0.8711270048837768,0.755780989438577,0.8864032456215537,0.8106840238074295
2011_001114_aeroplane,0.8467421679658773,0.8694085978940701,0.8767321455763667,0.8991247352224132
2011_001159_cow,0.5203268767625203,0.5097389632478,0.888207499748668,0.8283187137180215
2011_001159_person,0.7767102359531489,0.7666440737258675,0.8566917569304204,0.8995155770854628
2011_001161_person,0.0,0.032805623821226496,0.0,0.0
2011_001232_cow,0.8466465041807507,0.6096255662378868,0.9385340040124444,0.870539992422723
2011_001263_aeroplane,0.6818477553675992,0.8306130461607494,0.5748531139835488,0.6077395158540744
2011_001276_chair,0.0,0.18892999040964514,0.0,0.37863409599174264
2011_001276_diningtable,0.1017707853334211,0.09731722958529286,0.29020453505848526,0.17569647121252321
2011_001276_dog,0.5089342693044033,0.5258922323303009,0.6567320652987869,0.6525265127885215
2011_001276_person,0.8273408136192792,0.5631960317074357,0.8737429069048823,0.6283453287680805
2011_001281_train,0.9201720947858847,0.7604954510577661,0.9499850735986406,0.8557729044089555
2011_001287_bird,0.9074190545674105,0.7288879199934599,0.9393983751738271,0.8644260894332099
2011_001292_cat,0.8994540160155302,0.5862450843014058,0.9725594504569358,0.8586257073565077
2011_001313_car,0.46328096455973694,0.6472463029066803,0.2126679462571977,0.3821311887408897
2011_001341_bus,0.8018888142761212,0.447426268547353,0.9679676412148737,0.8336555770384693
2011_001346_chair,0.021135610647777903,0.26457283554741184,0.0612323368259156,0.31415981198589893
2011_001346_person,0.5048277661795407,0.5165582067968185,0.8429752066115702,0.8942890442890443
2011_001350_sheep,0.8867098775691098,0.8240251432385827,0.8936035986614734,0.7767519932857743
2011_001407_aeroplane,0.9157903592159502,0.8972366689642208,0.9241527930364236,0.9133655596710403
2011_001416_person,0.3566064810331623,0.39117165065475923,0.37875499714448885,0.42361978516112914
2011_001421_bird,0.5549408622663106,0.4715207122093023,0.7359385588434606,0.6784238577160309
2011_001434_aeroplane,0.7109939412011873,0.608123556970254,0.902034471105103,0.7671357098186367
2011_001447_chair,0.07003166325200223,0.15037396667104055,0.09215133982947625,0.15690649285535221
2011_001447_person,0.8875683005623579,0.6153949616000215,0.7716095223416329,0.7626948147750744
2011_001529_person,0.6499317871759891,0.8844047860474549,0.7047872340425532,0.9103469450414492
2011_001530_cow,0.5445445445445446,0.7596884128529698,0.5821155943293348,0.7361569974890974
2011_001530_person,0.6360638484476407,0.33161637818333944,0.930857540441816,0.5530462365962142
2011_001534_cat,0.37995315711486066,0.4223641503507486,0.9711629075830873,0.8988866819987456
2011_001546_cow,0.5591571155682904,0.30428068274180436,0.8509827407851037,0.885100438000302
2011_001567_chair,0.0774342211028348,0.31675432462834036,0.08713954956851189,0.2932675907836388
2011_001567_person,0.7781644193127447,0.7157143701252658,0.711205134985696,0.7994465947986309
2011_001567_sofa,0.33347249765160214,0.3044837354693758,0.33520540821632866,0.33252302370155673
2011_001589_boat,0.8176817815937751,0.7345219196483087,0.8532276015581525,0.7406141223272004
2011_001597_cat,0.6081126334027342,0.35740607456456025,0.9186771923600023,0.7604805099289041
2011_001601_cat,0.6514287156704361,0.5368850456788314,0.9621648460774578,0.8996946810220151
2011_001601_sofa,0.3868220376454902,0.2580759795492583,0.3778172003672283,0.28863506792222854
2011_001607_cat,0.740463134052572,0.421313447959216,0.9074869971881875,0.7121841072894809
2011_001613_boat,0.4561872909698997,0.8312220089571337,0.567121024370095,0.9064729536904916
2011_001614_train,0.7796448725782682,0.5122140291170354,0.9091911185764526,0.7861670623363274
2011_001619_person,0.7241226121723678,0.648849219714831,0.543749874656559,0.4796792841995178
2011_001624_aeroplane,0.7876397107166337,0.8753709198813057,0.7880019509022923,0.8852307285468729
2011_001642_dog,0.7711437892424466,0.48911798396334477,0.921978454037902,0.7521149976971372
2011_001665_chair,0.21795531761556677,0.5627435697583788,0.22138856599387086,0.5552090205721826
2011_001665_diningtable,0.03487873853800669,0.1607319042066553,0.045354778970472236,0.22046255741907916
2011_001674_person,0.8746297214121878,0.6574410301791218,0.914900071594122,0.8108881667213261
2011_001674_sofa,0.12718253320714076,0.22466913485680243,0.16043249561659848,0.23082296164592328
2011_001708_cow,0.8523723452327158,0.7985509209100758,0.8973210074521272,0.8946974236069503
2011_001713_pottedplant,0.744,0.9009256085018855,0.7218422252621979,0.8825375286235264
2011_001713_sofa,0.5766169269685085,0.31864955774261866,0.9727401517228772,0.787921207879212
2011_001714_dog,0.8706286295621212,0.6465094971279557,0.9309740084539977,0.8370874321963777
2011_001714_person,0.5495979991197845,0.42965715856267106,0.8581391206653239,0.780095261209878
2011_001722_horse,0.3850433124056266,0.470281543274244,0.8684077627876776,0.8169417626907506
2011_001726_pottedplant,0.039876113046844755,0.5944850457532396,0.04642857142857143,0.7877355632309277
2011_001745_dog,0.6780053391173771,0.4233316010929878,0.829066716254468,0.6413066993581885
2011_001775_cat,0.46718840207838863,0.1807480977411141,0.9395420097600343,0.5042578518450691
2011_001782_cow,0.6778398510242085,0.5756841583613237,0.714756061059563,0.7943350604490501
2011_001793_boat,0.42239296414419636,0.520981649347778,0.5509046718876587,0.32952556099803715
2011_001794_person,0.7695015953350204,0.6543780415222491,0.8911923688394277,0.8792894805082548
2011_001794_sofa,0.9022813224350372,0.8936380952380952,0.9046419575386829,0.9013564431047475
2011_001812_chair,0.25248853111745867,0.4919890840265857,0.7520437386097371,0.7705393258426966
2011_001862_chair,0.10543318649045522,0.5246108228317272,0.2756501182033097,0.8473651708522025
2011_001862_diningtable,0.639832723470988,0.6015635530394932,0.6679960119641076,0.7247804099015172
2011_001862_dog,0.7793273174733388,0.7637553976877003,0.8153310104529616,0.826370934821064
2011_001862_sofa,0.5331735028925835,0.31994682324267437,0.9540818915216399,0.6664887940234792
2011_001863_pottedplant,0.3571091060459465,0.49499193423439025,0.48033626085690717,0.6260403922905677
2011_001868_dog,0.48275457334965377,0.2549040891962721,0.9687702131188324,0.8548289859732325
2011_001880_aeroplane,0.21334151638183363,0.2201182903028768,0.4351697011093577,0.2598728786216687
2011_001984_dog,0.9300750010359259,0.8096726435268958,0.9501338825952627,0.8871966959215282
2011_001988_bicycle,0.5154977860305671,0.7397260273972602,0.4716468151216986,0.773791584560102
2011_001988_person,0.9185092331441438,0.7498881622393115,0.9636528796923295,0.8304999453013894
2011_002002_bicycle,0.351175876496898,0.6430334692002986,0.38367975365665896,0.6575830746234334
2011_002002_person,0.679340937896071,0.7110483405020223,0.755355461393597,0.7807094408204329
2011_002040_dog,0.8823933975240715,0.6803108129738225,0.9413681846918532,0.8410113339145597
2011_002041_chair,0.12332134292565947,0.16808160366700023,0.0,0.06408747484718479
2011_002064_bicycle,0.23679642407672613,0.532827060389689,0.2601049428564583,0.6267203343912068
2011_002064_car,0.7493327858755903,0.5741173037642253,0.7302177376526819,0.3985610052695582
2011_002075_diningtable,0.47345231207441363,0.20587916259898037,0.26395108093793634,0.20884561891515993
2011_002075_person,0.9319961554823767,0.7991483502473354,0.9574843418731489,0.8518335757323915
2011_002098_dog,0.7118393523151096,0.4871893392947587,0.9552505382658054,0.9126347227632775
2011_002110_dog,0.8903321631109911,0.7725898555592878,0.957667838831772,0.8979017738946253
2011_002110_person,0.5325542168674698,0.232399021026493,0.5475961846232635,0.3013256645858175
2011_002121_dog,0.3671313340227508,0.12124489656718018,0.9801823950563963,0.7615206384621985
2011_002124_chair,0.08271118194782318,0.12397281120016232,0.0,0.0
2011_002124_person,0.7325454545454545,0.7541507522020422,0.7456354748603352,0.8745041196216051
2011_002124_sofa,0.35030920334667154,0.187818072530555,0.4637343927355278,0.18600328048113723
2011_002150_bicycle,0.15502183406113537,0.6643142589915824,0.15905118601747814,0.6255835667600373
2011_002156_dog,0.7951525561201365,0.606208003209307,0.9088975704477681,0.7444064227428271
2011_002178_sheep,0.10642300204098908,0.2800106130170962,0.22817529699741987,0.3201745615376472
2011_002200_chair,0.5239288969917958,0.6044900090179885,0.752101298984827,0.7002059577033204
2011_002200_diningtable,0.8571164624006898,0.5476897333477275,0.5150006977068701,0.24268751810020273
2011_002200_person,0.8502181591522958,0.6910110647117993,0.5620864784269872,0.4640791290215473
2011_002223_bicycle,0.2838354488453892,0.44780670119992133,0.31199737403577876,0.43260156948445416
2011_002247_person,0.6312662458225028,0.8358984451879551,0.48910626945309027,0.6389996809189534
2011_002247_train,0.23152378822251335,0.3365953136975802,0.23562984972531584,0.34410580446683053
2011_002279_dog,0.707005911076844,0.3107747388937144,0.9448642884242692,0.636987675232343
2011_002295_bird,0.7378876661426326,0.7240779653648286,0.8664633337753613,0.9089511820244456
2011_002298_chair,0.19451294697903823,0.26440677966101694,0.43811425061425063,0.3149417409184373
2011_002298_dog,0.47677998717126363,0.5858846348828495,0.7509465070835368,0.5667054899677061
2011_002308_person,0.9468785945832897,0.6318382689084168,0.9800336300459768,0.8850574712643678
2011_002317_person,0.8923697905995165,0.6808572256009268,0.9259029707202394,0.8251256418660549
2011_002322_car,0.9483792790063618,0.7719968387776607,0.9720229777984785,0.8774411703816162
2011_002322_motorbike,0.6783254196482311,0.6726912502021672,0.7066878760633516,0.6586748216106014
2011_002322_person,0.7761767531219981,0.6356815649374767,0.8009028185554903,0.704725395870916
2011_002327_aeroplane,0.8532357925468548,0.684167098110277,0.9088944053227959,0.8481983941779061
2011_002343_chair,0.08750231896605033,0.09695667740780523,0.3156823060410917,0.2597266311619487
2011_002343_person,0.4914903213335665,0.18552116518278383,0.7567363355264688,0.560782350504074
2011_002358_bottle,0.7530981887511916,0.8573062625107235,0.8048780487804879,0.8992805755395683
2011_002358_chair,0.5756925207756233,0.5939098832080731,0.7227436189807912,0.6860105230578768
2011_002358_diningtable,0.16628104797550186,0.15876063817177535,0.2794216997703013,0.22817005716401675
2011_002358_person,0.7645991951786287,0.6497068336557917,0.7747901802386147,0.7132873203976212
2011_002371_dog,0.8562676395677015,0.8042566913898742,0.9004338018393198,0.8626494186998527
2011_002379_train,0.8553296925566343,0.7126386053952667,0.9002666666666667,0.7921664059331364
2011_002391_chair,0.2016273849607183,0.36946221853172473,0.1951080773606371,0.32579527925725427
2011_002391_pottedplant,0.6380270485282419,0.6183184855233853,0.8,0.8897083473013745
2011_002391_sofa,0.22140779522978477,0.3436268068331143,0.5161290322580645,0.2295539033457249
2011_002498_person,0.6856728892743795,0.5015316165251523,0.8186858150551515,0.684171097858339
2011_002509_chair,0.6817807089859852,0.5893958076448829,0.7732356344003085,0.6026012912884813
2011_002509_person,0.5318804483188044,0.6511527434114921,0.4741240287347896,0.3972427456969497
2011_002515_aeroplane,0.7880989448192355,0.5926829268292683,0.8181818181818182,0.6384599332220368
2011_002532_person,0.7420105491777846,0.7176805454425101,0.4383780899875511,0.6233374133006936
2011_002535_train,0.9234171322160148,0.8532674772036474,0.948682721836108,0.9097791798107255
2011_002548_bird,0.6447466467958272,0.739437134502924,0.7015170151701517,0.6797324911759242
2011_002575_person,0.6062559031057281,0.49589634933391785,0.7668543090738507,0.7403340298463226
2011_002578_bird,0.7722873153336729,0.6809158284806776,0.7986179664363278,0.9031997414350356
2011_002578_boat,0.5899598393574297,0.7188859878154917,0.7364495275982098,0.7943754565376187
2011_002578_person,0.9018751370714233,0.39308310013383624,0.9573757176348969,0.6756277292576419
2011_002589_dog,0.7231579415163096,0.2472352827678653,0.9760988889053276,0.8432749911899448
2011_002592_car,0.48807762447097686,0.33887077710381736,0.9358729241235189,0.7464944486221082
2011_002623_person,0.75,0.650877070861757,0.8999802527646129,0.8775049504950495
2011_002641_person,0.8428610605569544,0.5566007821583342,0.6564536059312513,0.5070697705222027
2011_002644_chair,0.7056109725685785,0.4909295730878297,0.6733309532309889,0.3743370898243288
2011_002644_sofa,0.6601074699159918,0.5967354776764282,0.7534780189204229,0.6705708437571071
2011_002662_sheep,0.5518358531317494,0.8841328413284133,0.5422575155984118,0.8867761452031115
2011_002675_aeroplane,0.44427786106946526,0.4626315895412733,0.6565072062681954,0.5789322933879746
2011_002675_person,0.4533817678602318,0.7640871525169046,0.6192521475492673,0.8728979591836735
2011_002685_cat,0.7714384237049225,0.1889383274371786,0.9753202469818449,0.6420530955820093
2011_002713_bicycle,0.32395019976459277,0.5952609141081993,0.44678308973960296,0.6348580090053944
2011_002730_horse,0.6642353513250668,0.9092252847578471,0.6970588235294117,0.9253875120413346
2011_002754_boat,0.3718034542776811,0.39532584269662924,0.5585994921822799,0.500402252614642
2011_002812_car,0.850790150679897,0.795519406392694,0.8917931962329425,0.8643718740806119
2011_002863_bottle,0.42485472794506074,0.46230671105441645,0.43257816236900465,0.4515443217386169
2011_002879_sofa,0.8796837401168787,0.68941294530858,0.9334904866139081,0.9020177562550444
2011_002885_cow,0.8881580404402808,0.7655921870858564,0.9247193836728163,0.8727435546967055
2011_002929_aeroplane,0.8678457602011043,0.809968562097488,0.8831151056161322,0.8410075755214016
2011_002975_boat,0.7303814936963487,0.708871989860583,0.7334343817102438,0.7067626928184697
2011_002997_person,0.8888012900913814,0.7092046470062556,0.9080161054172767,0.7987691085963867
2011_003003_bicycle,0.34790360925005404,0.5997832185666921,0.4089944134078212,0.6998080489312555
2011_003011_chair,0.1145515605262347,0.6045080139165601,0.11363381167329156,0.36447023028278247
2011_003019_car,0.4931487498234214,0.5807587360267582,0.6081026875250702,0.7255495932144712
2011_003019_cow,0.856537740434692,0.8229562418987172,0.8759679203539823,0.8783418310795832
2011_003019_motorbike,0.8059994926433283,0.7173831149805366,0.8120034756703078,0.7638258190074603
2011_003019_person,0.7197640117994101,0.8322823746539526,0.7698510078878177,0.8744295830055074
2011_003055_car,0.2837118874931604,0.38586562342029496,0.5940408833728783,0.4594968567163854
2011_003085_horse,0.5171496368735169,0.715842155919153,0.5816723182532462,0.8307734611305339
2011_003103_chair,0.5235258358662614,0.3631063844822104,0.8090890226188006,0.6410843833524246
2011_003103_pottedplant,0.24111714507370055,0.3492174725531418,0.33516785910842045,0.7310078920416893
2011_003103_sofa,0.3849406407545942,0.40334805246160943,0.9033739269315233,0.837082912032356
2011_003114_bus,0.6361688324453968,0.35593875185554225,0.9286271298787383,0.6923643506015222
2011_003114_car,0.0,0.0,0.0,0.0
2011_003114_person,0.5994895354772843,0.6976232766641293,0.6113607990012484,0.6087417330846193
2011_003145_bird,0.786165651094561,0.8249580235068362,0.8451963746223565,0.8603160776505724
2011_003146_train,0.7438436275287826,0.4549488814127319,0.8134763763013054,0.571927731378899
2011_003182_sofa,0.39714450094896736,0.3396397884996695,0.4873223115465397,0.5338912510404715
2011_003197_train,0.39009009613384943,0.28125,0.8996941740473935,0.66170847219786
2011_003240_person,0.890253414070366,0.7117322719637771,0.9139217760517049,0.7630519065005458
2011_003256_dog,0.8873469713283088,0.8067656862171803,0.9022373152217339,0.8396964737390269
2011_003256_sofa,0.2483206304095078,0.3038709164613306,0.22168694241686943,0.23809457676550239
2011_003271_bottle,0.027850514891699697,0.04993028510986105,0.057268233434983905,0.0
