subdir,unrefined_iou,unrefined_boundary_iou,refined_iou,refined_boundary_iou
2007_000033_aeroplane,0.6739768723461921,0.5550268992754299,0.900534191371716,0.8435135680419651
2007_000042_train,0.7199027815284904,0.28601412415427924,0.7543457374229958,0.39310577441985967
2007_000061_boat,0.727579556412729,0.6185349046630907,0.6528301886792452,0.49254477301124533
2007_000123_train,0.5802094999670597,0.3029742922225838,0.9559072094973182,0.8093739170613377
2007_000129_bicycle,0.6423817479663663,0.5475027746947836,0.7884890071418569,0.6482619681759202
2007_000129_person,0.8376826498693063,0.7439991452788528,0.7534370822990262,0.7623458972727059
2007_000175_sheep,0.7731603069159071,0.6062466875011422,0.9422218889430467,0.7947803606053176
2007_000323_person,0.9395224339437628,0.48193480822097134,0.9766886829105844,0.7802824551873981
2007_000332_horse,0.7710759117451659,0.6925751819177024,0.8023059022635921,0.7176531987996346
2007_000346_bottle,0.2799795011957636,0.34800831312781433,0.35317483161591157,0.4238998630940739
2007_000346_person,0.9319395100537564,0.6866766917293233,0.943530122301072,0.7067230869385098
2007_000464_cow,0.8406458406458407,0.693933022206267,0.9020405145645424,0.8225490714776996
2007_000491_cow,0.8791624040331425,0.3981903565960814,0.9389482433555659,0.5560356734146246
2007_000529_car,0.004965060684075028,0.044974003466204504,0.0,0.0
2007_000559_bottle,0.596229379418696,0.6660312619138391,0.8360805860805861,0.8184701720141515
2007_000572_bicycle,0.2159804124422374,0.42924404292440427,0.2272887946270767,0.4327458375022448
2007_000629_train,0.6495884836152701,0.42629527091926095,0.8189714975116875,0.6713138843093686
2007_000636_train,0.8901818688593129,0.6915808103154035,0.9302517740837951,0.8250849617672048
2007_000661_sofa,0.18354430379746836,0.4013823610727122,0.21575427297498143,0.3536137440758294
2007_000663_bus,0.8991394234387937,0.5455093594979034,0.9526942754600759,0.7480509903076275
2007_000663_car,0.4092890220648325,0.29513172966781215,0.3886282871357498,0.3046069218427687
2007_000676_sheep,0.033920989477570614,0.11636087348041423,0.1181646907453359,0.22403618112624787
2007_000727_bus,0.41425075999110256,0.42034274100420344,0.9219858156028369,0.8930902543326581
2007_000727_car,0.7001094491061657,0.632437470871524,0.6998875983514425,0.4991615427613192
2007_000727_person,0.5469713456655785,0.8802616132819051,0.3592592592592593,0.7270619410400795
2007_000762_bottle,0.5247975708502024,0.4131616203132849,0.7579011966861,0.6690558157909589
2007_000762_diningtable,0.3658587590706623,0.2955101887076726,0.34589926243459623,0.3209331776718048
2007_000762_person,0.7375636590240024,0.6039037320401217,0.4065273550400286,0.3884808513827475
2007_000783_horse,0.7967408059898701,0.6855397315134549,0.7909938850846789,0.6335473969061756
2007_000783_person,0.6798015982364287,0.6102653048114601,0.7837058399423216,0.7450025960539979
2007_000799_horse,0.7791224961710562,0.5664154168933095,0.7754240174375042,0.6081358818520802
2007_000799_person,0.6766850023195705,0.4390681003584229,0.7510940550730492,0.5928145684460104
2007_000804_chair,0.07714032114903574,0.19649727246626472,0.1102001446829033,0.22484725050916496
2007_000804_sofa,0.10987134930796903,0.11940531470714481,0.1587522982311545,0.12435649935649935
2007_000830_chair,0.3715637674628211,0.3372454027498209,0.44324567318498537,0.3491340954206311
2007_000830_diningtable,0.24526758588455247,0.2853853178226863,0.7345850224023895,0.5507212292254625
2007_000837_boat,0.7177914110429447,0.7122209502003435,0.8712468193384224,0.7208227753763601
2007_000847_person,0.8779480223201899,0.8353448037780662,0.9528921057474085,0.9013980659614894
2007_000925_sheep,0.891076740035693,0.8196106224204778,0.9178556869139829,0.8684913793103448
2007_000999_person,0.9340197951408002,0.6429841741518652,0.9600966012318872,0.7302995091180725
2007_001154_sofa,0.856198347107438,0.502415812591508,0.9666583850931677,0.746487477092242
2007_001175_person,0.328936678614098,0.39672048087331013,0.4073342244435404,0.5453662510182342
2007_001239_dog,0.8424485592293003,0.6831352368517061,0.877527990441209,0.7720607000530045
2007_001284_person,0.9296002554958216,0.7020561263532924,0.43679833447129535,0.26192362744095693
2007_001288_aeroplane,0.7752334276902277,0.7805772066568359,0.8286609941782356,0.832409456409807
2007_001289_bird,0.7753903810118676,0.8341068043662985,0.8478884788847888,0.8988425450311622
2007_001299_cow,0.8687965260545906,0.8764475753519022,0.9019073083778966,0.9211340137769932
2007_001311_bicycle,0.40417619161349755,0.708609647959377,0.4436449787215373,0.7510297388582255
2007_001311_person,0.7457749530550339,0.7459092750101256,0.6689084065244667,0.6082553385767946
2007_001321_car,0.4461111111111111,0.13762188759934563,0.9162954654702772,0.41428903480736823
2007_001408_bottle,0.2344915586965057,0.2751905558654025,0.5627606752730884,0.4687990474644152
2007_001408_person,0.912798197218121,0.6514827728414502,0.8699499563110652,0.6779651541973353
2007_001423_person,0.8005004026228,0.7186291286715581,0.8799853434425998,0.8406254071661238
2007_001430_person,0.849173328686257,0.560269209197981,0.9537459604805486,0.7965056526207606
2007_001430_pottedplant,0.41464530892448515,0.4267430754536772,0.5349198942292736,0.5312862108922364
2007_001457_chair,0.2983514274225975,0.34688553795253546,0.8536446469248291,0.7680759803921569
2007_001457_sofa,0.7365392519523223,0.5364814729995878,0.854086894368714,0.7241037338225814
2007_001526_person,0.909630841796217,0.7057411155388502,0.5962931052167313,0.47360436893203883
2007_001568_aeroplane,0.7615254562250536,0.5031691680023314,0.9705490405117271,0.905931603410595
2007_001585_person,0.8926134082697712,0.9105656267019373,0.9541687327335836,0.9600616259777198
2007_001585_sofa,0.10411852657333152,0.17000351933680052,0.33857922760665904,0.36877742697722443
2007_001586_horse,0.5281695984069035,0.5196194739787353,0.7411110215270499,0.7210431248588847
2007_001586_person,0.6748080949057921,0.5752080221890336,0.8952793546459517,0.9119322226968531
2007_001587_bicycle,0.31482861400894185,0.6932406650313437,0.40062597809076683,0.7663817663817664
2007_001594_person,0.6428571428571429,0.6102259215219976,0.8334378920953576,0.9093528368794326
2007_001630_bicycle,0.3361522198731501,0.529640641632713,0.41723976242575805,0.5138652665828588
2007_001630_person,0.7701325089873395,0.8110549215244083,0.724368747908222,0.7444541383121037
2007_001677_chair,0.1236095488063992,0.19173688844170544,0.058731057033264165,0.18861651448987693
2007_001678_chair,0.0,0.0,0.0,0.0
2007_001678_person,0.6459532231666755,0.5070933550754179,0.6871919754160144,0.4618232522357919
2007_001717_person,0.8541172524497472,0.7691661098777938,0.9223387096774194,0.883557130847704
2007_001733_sheep,0.7159869008633521,0.9046287137155916,0.7461278677069989,0.7459413873076112
2007_001761_aeroplane,0.8380410827543279,0.4932223398192624,0.9742003919382967,0.9091688676980071
2007_001763_cat,0.44173046864651494,0.32209721867098495,0.3649438629073105,0.32817246925413873
2007_001763_dog,0.07881558893969083,0.15634242356252678,0.17393704211688354,0.2619298480872014
2007_001763_sofa,0.7647509467780637,0.6146723451023492,0.9315851541258559,0.8238125437013187
2007_001774_cat,0.924038881607689,0.7443330646786218,0.9379076392533173,0.7917824431408871
2007_001884_aeroplane,0.7644602939897365,0.6264587031232297,0.8894153225806452,0.9065134099616858
2007_001955_horse,0.468052738336714,0.5420913025268742,0.4703595724003887,0.4517787659811006
2007_002046_horse,0.9005429548172688,0.7207062832062832,0.8919675970017142,0.7475421348314607
2007_002094_bird,0.8305243885263602,0.865223219489451,0.9144658638689338,0.9319468972656964
2007_002119_person,0.8049984111258576,0.6485692386305569,0.8297126839523475,0.7768940181603937
2007_002260_motorbike,0.8232207874443113,0.5787108730420655,0.9724735278779222,0.8926685456960508
2007_002266_aeroplane,0.90418410041841,0.8021616541353384,0.9545721619197823,0.9042897789450646
2007_002268_cat,0.22270675541274576,0.26051067105769643,0.1909899229401304,0.33527626571607494
2007_002268_dog,0.18398151713515595,0.2893765381460213,0.9583113057926138,0.923270813255245
2007_002268_sofa,0.2945966975015129,0.2919742375672735,0.4144609536973048,0.39741532515485617
2007_002284_pottedplant,0.5601681366649303,0.40549888468382667,0.6338667700315632,0.6148701809598741
2007_002376_aeroplane,0.7551568999179423,0.6648688568615164,0.8917346529356693,0.8330640682586964
2007_002378_person,0.5494202394022977,0.462332327509699,0.7588736724427054,0.7334309419228893
2007_002378_pottedplant,0.23349529710694067,0.121241244931276,0.17583631623138452,0.11502691429698729
2007_002387_person,0.7532195268044325,0.8725356236580128,0.6002004008016032,0.8027029903160583
2007_002400_bird,0.9693787845176768,0.7948726312012786,0.9782717282717283,0.7659427886775498
2007_002412_bird,0.7013262599469496,0.8549237983587339,0.8655360387643852,0.9166535865641187
2007_002426_person,0.38909283134122347,0.3574708410067526,0.4680932703659976,0.43903131696486203
2007_002426_sofa,0.08669147059337282,0.16601558883972378,0.0007812222577323249,0.016813302289164073
2007_002445_cat,0.8066892202157269,0.40532534641082185,0.9638624072085088,0.8368623563014895
2007_002470_cat,0.8892141080052686,0.661448177242929,0.9262128524257048,0.7695354699315808
2007_002539_bus,0.9712318726768232,0.4806624186458582,0.9877866204396817,0.7623017336776098
2007_002539_person,0.7702683715048475,0.7404424607025034,0.8360608044221398,0.8500894260473687
2007_002565_person,0.7931107803529662,0.8076335877862595,0.896236012207528,0.9452538631346579
2007_002565_train,0.8395975896231233,0.6310754148703714,0.884552011020772,0.749363790596219
2007_002597_cat,0.08277070179920441,0.08020835788530889,0.1133062573139671,0.1220947271128745
2007_002597_dog,0.4481659718980863,0.3580760095011877,0.5272235537993133,0.46708737001155454
2007_002618_sheep,0.7692637035837027,0.5878853506590733,0.9208366610668943,0.8185597054988879
2007_002619_aeroplane,0.911099315444595,0.8184280794086917,0.9444853149227548,0.8947389836025552
2007_002624_person,0.8392060884433566,0.7219727280150241,0.9379110950487893,0.8922886086417201
2007_002643_car,0.8033309709425939,0.4067393736017897,0.9409443964985822,0.8871289764408359
2007_002643_motorbike,0.10486349665521605,0.40620222756060276,0.04202279202279202,0.31694545454545453
2007_002643_person,0.5698523930222156,0.7128500451671184,0.7379854188364827,0.8072602043696719
2007_002648_sheep,0.7348049917791973,0.7081176493921184,0.8131859851814642,0.7133174498849819
2007_002728_person,0.9334901676921221,0.6854562737642586,0.9470802689508143,0.6441787921647647
2007_002823_motorbike,0.8699852888553139,0.6699750879829175,0.8644241826844093,0.6033613445378151
2007_002823_person,0.635764598954783,0.5698341710531524,0.6533181591862863,0.6003573093055772
2007_002824_person,0.7615689547256416,0.36237431073629583,0.9790632419598533,0.7563276107755988
2007_002852_dog,0.9032935941105373,0.7297554823793176,0.951053391053391,0.8312839828235604
2007_002903_cow,0.9245467508657568,0.6554964843080089,0.9668480907747122,0.8401013323325202
2007_003011_chair,0.11129905277401894,0.23840142447324167,0.20380615180349634,0.2516312531370253
2007_003011_sofa,0.5325143661311129,0.3661642684591955,0.7611592664661831,0.47298954622437656
2007_003020_person,0.8855128906627184,0.6472355572972797,0.6279250893900237,0.6069109334699179
2007_003020_pottedplant,0.003028185418122525,0.055838659526688546,0.0,0.008803860154067552
2007_003022_horse,0.7150333417742889,0.7784922501079706,0.8520294830371568,0.8992265929112887
2007_003022_person,0.536629375676651,0.8058757902566009,0.5971512052593134,0.85490579887448
2007_003051_car,0.9039019407558734,0.6616234756097561,0.9729241877256317,0.94390133854715
2007_003088_person,0.8927539223781998,0.6560489752971279,0.8872657595893542,0.7743698357912352
2007_003101_bus,0.931464404885185,0.5401511873552394,0.930653097270701,0.5780942006432203
2007_003106_person,0.7390282131661442,0.5272915052930545,0.9116737714901392,0.8268532016274668
2007_003131_boat,0.4451063829787234,0.5378904249871992,0.559028746860173,0.5674744897959184
2007_003134_person,0.6189292321924145,0.48058201612059037,0.5442364222723252,0.522257381456544
2007_003137_bus,0.9214583012178202,0.6385234420060973,0.930541960743908,0.7040057636887608
2007_003143_car,0.949840722293599,0.7798252996314461,0.9642498281241737,0.8370205807028912
2007_003169_cat,0.6441167925624637,0.4015041120211715,0.5990961034730798,0.37860131095340527
2007_003188_bicycle,0.32780297376428036,0.5309605488850772,0.4281751387014545,0.7563686516306993
2007_003188_person,0.8745142666814699,0.7082696552895228,0.9612992815311235,0.833836200192852
2007_003194_dog,0.16139086671813788,0.30460441508217856,0.19565279078346245,0.31494511680270193
2007_003195_car,0.5,0.6321548821548821,0.7049234863606121,0.7486624658185709
2007_003201_cow,0.8433860510210265,0.7027321066731943,0.9230070891686581,0.8936678787176404
2007_003349_bird,0.878576499274669,0.6311940175856685,0.9662349831007596,0.9356485034535686
2007_003367_person,0.7141158989598811,0.7435649045114863,0.8393587994542974,0.8946946626061869
2007_003367_pottedplant,0.3342383107088989,0.459508369778314,0.49000856408792465,0.6862650018184022
2007_003373_dog,0.41924824452705495,0.17599844145723748,0.7526666666666667,0.554925516578568
2007_003373_person,0.8411455540062212,0.6689444444444445,0.9579789894947474,0.9063798127596255
2007_003499_train,0.947483966452886,0.7654412938234825,0.9536859073718147,0.8055805090513135
2007_003503_bus,0.23038479394816616,0.3167701863354037,0.9796909135043288,0.9343459532985717
2007_003503_car,0.4964114832535885,0.662635058861474,0.584579239641179,0.585312783318223
2007_003503_person,0.5629222972972973,0.7395420519594892,0.7630194634402946,0.9399227221737505
2007_003506_pottedplant,0.010655606954857235,0.1758025956284153,0.0,0.0
2007_003530_person,0.7360992876024911,0.5087186129932244,0.9446306785342735,0.8663381935890458
2007_003530_sofa,0.11503075834286025,0.1880588311520021,0.13615899857252664,0.15294074508653563
2007_003587_train,0.6002530909588385,0.2886274181391843,0.7969340228114571,0.5343336068456218
2007_003621_bicycle,0.1792452830188679,0.6659148202202467,0.22549178995285318,0.7199573674393819
2007_003621_person,0.6681255946717412,0.7160067322172026,0.8512810991459339,0.7989145183175034
2007_003682_bird,0.14401861410499853,0.24370816200862086,0.11893241421974769,0.3071596972329073
2007_003711_bus,0.8095168994497853,0.4253836432569056,0.79053548302779,0.4337312072892939
2007_003742_diningtable,0.22994329834720714,0.1926275866657795,0.1966217574904484,0.18783220214244828
2007_003742_person,0.7945715180949396,0.41993281075027994,0.9345755864286598,0.7172180151454763
2007_003848_train,0.8149289214497113,0.6531846788194444,0.9240094476043574,0.8168444280985656
2007_003861_boat,0.747597269172135,0.6075756242114837,0.7935061737080944,0.6133731789316399
2007_003872_dog,0.6516013169709668,0.75898888646764,0.8287765810549572,0.9245502645502646
2007_003917_car,0.843959707839453,0.4212013266183516,0.8797124036934658,0.6055438990513904
2007_003957_train,0.8542879417879418,0.7298271087090963,0.8920360925853276,0.7955490736239399
2007_003991_cat,0.8873806028483727,0.6574660927123667,0.9596842343920687,0.9023633518588464
2007_004033_motorbike,0.2952776456668252,0.20562598640438196,0.23403057974092165,0.3549237776931647
2007_004033_person,0.2877498936622714,0.5612244897959183,0.42345132743362834,0.585657737273313
2007_004052_aeroplane,0.8876480750246791,0.8445067215483645,0.923623334171486,0.8995065644550181
2007_004112_dog,0.3049493931692058,0.21377090669014084,0.3214381497783457,0.23177534141180997
2007_004112_person,0.3084891115821931,0.34579626884111686,0.35938637797951356,0.33865830115830114
2007_004121_person,0.5836095405212192,0.556301539808801,0.9047729022324865,0.911945093457944
2007_004121_pottedplant,0.17608337904552934,0.23021152055341226,0.0,0.0
2007_004143_bird,0.8919810107340801,0.76887347130762,0.935390996706112,0.8683925308890471
2007_004189_dog,0.5802187040966215,0.5334360786377477,0.8970779967788941,0.9064806584998261
2007_004193_chair,0.5525737984874359,0.7179027559937262,0.9279346210995543,0.9353138476281744
2007_004241_boat,0.605658747300216,0.36808908269739915,0.7700546691955819,0.5240849236101953
2007_004275_motorbike,0.3829947997688786,0.3504241393629012,0.9324700156440118,0.8326084500677813
2007_004275_person,0.8416872455449509,0.5453037108979807,0.8950443474588202,0.7051809644402237
2007_004281_person,0.8958790004384042,0.7006973001966744,0.9210471639310202,0.725094794898311
2007_004281_train,0.9250010545408529,0.6568524479078435,0.9482512336594234,0.7503182805362091
2007_004380_motorbike,0.758601745783059,0.65165003147199,0.8635770085450505,0.8172785749628897
2007_004380_person,0.667808772667033,0.6793887208129703,0.732192398970485,0.7302393945553766
2007_004392_person,0.846240017345427,0.6225834524771555,0.871060391375943,0.8284653743766638
2007_004392_pottedplant,0.22839781967652578,0.3163869917228278,0.4175725986597171,0.7682728749323227
2007_004405_chair,0.49318314377369493,0.5374344182808265,0.20344637242902056,0.4102633845595902
2007_004405_diningtable,0.5213393366732196,0.302085390418263,0.5482964805971348,0.398095623987034
2007_004483_train,0.9281650784552554,0.5994873940788785,0.9513789303666581,0.741488677105997
2007_004510_chair,0.07870834377349036,0.2543692172125129,0.4723252752513164,0.580465348456696
2007_004538_horse,0.5538713791218801,0.6896898912605719,0.7373035706722013,0.7485831935983699
2007_004538_person,0.5732060884271564,0.47716013099336635,0.7657603824320287,0.6911040787623066
2007_004558_pottedplant,0.12282600293731159,0.2702630076248698,0.15004681647940074,0.2614553458280531
2007_004649_train,0.7798123371860695,0.6016345900342737,0.9016352892675553,0.8081746009481864
2007_004712_chair,0.16891606916912696,0.33142693737489276,0.2853434504792332,0.3548698167791707
2007_004712_person,0.8443793385594003,0.6248793003558916,0.958879536359873,0.8607631081129314
2007_004712_pottedplant,0.5340499353697531,0.5228136882129277,0.5805571510626077,0.5711111111111111
2007_004722_person,0.7155338611099717,0.568820574043675,0.5554723013137519,0.5703652362584378
2007_004856_cat,0.8703289520716525,0.5421735307049685,0.9233695417905944,0.6846965971777442
2007_004866_cat,0.87993228519459,0.658707525738315,0.8855458390079565,0.6377842621843876
2007_004902_horse,0.9238438562158822,0.47120567375886524,0.9548444715517993,0.640379571508561
2007_004902_person,0.9208709416677893,0.6453643911439114,0.9649214748195358,0.7648618836396066
2007_004969_sheep,0.7895104895104895,0.7297530464790252,0.931359649122807,0.9595156120147216
2007_005074_boat,0.5210080372895385,0.31979152519353526,0.6610808422912678,0.48027740601046354
2007_005107_bicycle,0.31743877613965826,0.6756708599123339,0.3778945032181697,0.847296882199355
2007_005114_horse,0.25982893157262904,0.30458959249730266,0.3596975865077057,0.3810588403177472
2007_005114_person,0.5235294117647059,0.4843928435477731,0.5396825396825397,0.4645878885825649
2007_005173_person,0.6011708022955619,0.6093680811309955,0.2637494380338678,0.29468637848840323
2007_005281_bicycle,0.32988901645618063,0.678390620836664,0.37153846153846154,0.7309825673534073
2007_005281_person,0.6935245143385754,0.8495934959349594,0.7721756290083868,0.8969568233050113
2007_005296_car,0.4734396652446811,0.3809651762682717,0.8704791677895758,0.5375241492049339
2007_005296_person,0.7091454272863568,0.8363593492100919,0.7985865724381626,0.9111518204717197
2007_005304_person,0.900040346984063,0.6014339755432392,0.9608467905022147,0.8021933592762925
2007_005331_car,0.800570278430057,0.6239635157545605,0.865021770682148,0.8589812332439678
2007_005331_horse,0.7373057824763736,0.7488729967665038,0.8094787062372834,0.8361308815313236
2007_005331_person,0.6281330700288622,0.5560386117456341,0.7217313164594878,0.6465191980469039
2007_005354_motorbike,0.6620003483410258,0.5405374057606804,0.9380852241283896,0.8682544158740739
2007_005354_person,0.6127825290164935,0.5507106068233745,0.6185636287274254,0.6113363542411956
2007_005358_boat,0.011517077045274026,0.11465502769850595,0.013324450366422385,0.12077337335569878
2007_005428_bottle,0.024384554375379064,0.025189232020351567,0.0,0.087459588225285
2007_005460_cat,0.9370452858203415,0.8179712830013895,0.9730924762477787,0.9370162064708303
2007_005469_sheep,0.8231078025747113,0.6183635324466689,0.6911868815752646,0.5370883246020888
2007_005509_aeroplane,0.7434111170653286,0.7882654355436051,0.8344224283305227,0.9006518082422204
2007_005509_person,0.52844658462636,0.7615359079340489,0.40352595494613125,0.5962544083667761
2007_005547_car,0.5511099997221528,0.49020640864018666,0.8562736215723591,0.7897708122682845
2007_005547_cow,0.8353455818022747,0.7364026179192056,0.9365898406146084,0.9200582718747154
2007_005547_person,0.6067692307692307,0.643056943056943,0.7973186119873817,0.9108082579948725
2007_005600_aeroplane,0.5702850449043343,0.705800364533076,0.6322839919624916,0.6563917146709155
2007_005608_motorbike,0.6520188511017705,0.6219689775245331,0.7251535407688915,0.677841106856944
2007_005608_person,0.785427339402204,0.5915739666507427,0.903272101033295,0.8116447617502298
2007_005626_train,0.7979266746432845,0.3607492886500158,0.9216820109651391,0.6027152343903494
2007_005689_train,0.9519905800915229,0.7120663473893237,0.9634373100889804,0.777933699878074
2007_005696_dog,0.8210356374073188,0.5022214908672042,0.8805324459234609,0.6187231340367331
2007_005705_boat,0.3694018357666482,0.49040116256835825,0.5496320060388753,0.7785003448615627
2007_005759_motorbike,0.865210783137349,0.9138981575511388,0.9264168578468859,0.9514388489208633
2007_005813_pottedplant,0.24253665430136018,0.44991545033819863,0.4421905067350866,0.7923353293413173
2007_005828_aeroplane,0.8933068578070515,0.8607862477103001,0.9547488305877567,0.9455681692119957
2007_005844_chair,0.5005506916313539,0.6314271689777887,0.22628642281463113,0.41733879602004254
2007_005844_diningtable,0.03651257302514605,0.10142348754448399,0.09651457541191381,0.13643341613866636
2007_005845_cat,0.10377358490566038,0.3216096736445196,0.16746144794698706,0.35334454651313235
2007_005845_person,0.9014139937593119,0.4907266733553103,0.9742115112510841,0.8414379714331568
2007_005911_bus,0.8411678392716054,0.43941905587160457,0.9844878878028049,0.8122215356596962
2007_005915_sheep,0.889155854557104,0.8493739194215959,0.9350271375757099,0.8445255860718632
2007_006028_person,0.48877965377217353,0.42681436210847973,0.812482309651854,0.6447907188353048
2007_006035_car,0.44317498496692725,0.6353919894220704,0.5308316430020285,0.5146318526304143
2007_006046_boat,0.4406779661016949,0.4837293388429752,0.7615083251714005,0.8237585199610516
2007_006076_person,0.8887513079874433,0.6333001529534584,0.9108429490002643,0.712290214304157
2007_006086_bottle,0.6390889298274995,0.630929076946243,0.9230643044619422,0.9032669322709164
2007_006086_diningtable,0.3406272217394739,0.15912965926081368,0.26334445782894605,0.1497803767993226
2007_006117_person,0.7368196056180386,0.33120342135563624,0.8022844961435489,0.5302228544333808
2007_006171_dog,0.6361556718423836,0.44504204967729316,0.6626357983067356,0.47501531830378835
2007_006171_person,0.5557454331172658,0.547925608011445,0.8077192982456141,0.7763793889648882
2007_006171_sofa,0.5146433903755598,0.4645796353074068,0.5655276463872125,0.5377323616392058
2007_006241_chair,0.5506861664830212,0.5282312925170068,0.6179318962824117,0.48807463379627675
2007_006241_diningtable,0.5399416348651509,0.20151837126405264,0.3773214627608654,0.286618300823957
2007_006260_cat,0.8466530465088331,0.6596730093186765,0.9425175220148392,0.8524173913043478
2007_006277_car,0.742687544436912,0.48385640099345223,0.9775478495449811,0.9162083163088914
2007_006364_horse,0.7993368972004395,0.5696512413906498,0.7095908786049631,0.49500271482293323
2007_006364_person,0.7981319511931757,0.7270120202574898,0.8722298221614228,0.8258676554096936
2007_006373_person,0.8256220440057578,0.8653322798700729,0.9266623904212101,0.9578575312669929
2007_006373_sofa,0.7708145580589255,0.438846579444119,0.9353672944610466,0.7657831325301205
2007_006444_dog,0.8328079024800337,0.7725234175418677,0.8917971744606287,0.9059997609656986
2007_006444_person,0.8441455696202531,0.55203018707483,0.9450746697300402,0.8393491124260355
2007_006449_bicycle,0.2906686030479622,0.3723403425880445,0.39416561104893555,0.6017875071362482
2007_006560_person,0.9029276171360472,0.4446514413080723,0.935193073845979,0.7286408279649382
2007_006647_motorbike,0.819917758930866,0.6073128248734794,0.9067006926722566,0.7401266069050149
2007_006647_person,0.65398937626636,0.6789990332416153,0.777580971659919,0.8556146463720277
2007_006678_sheep,0.8067120793939749,0.421018593371059,0.8392571914791981,0.45395446329571515
2007_006680_train,0.8548029190401025,0.5909009138663021,0.913055178403239,0.7893093872255894
2007_006698_person,0.9079053520926975,0.665551894293349,0.9337548602783531,0.6471925835228266
2007_006761_cow,0.8781472833974885,0.7851512616143379,0.9282054607951229,0.8946767518196089
2007_006802_train,0.9206929071325756,0.48001255520929087,0.953365266014308,0.6069776357827475
2007_006841_cow,0.758762021558123,0.803906416027511,0.6635254988913526,0.664149292345153
2007_006841_person,0.601708489054992,0.8498374224061483,0.8186785891703925,0.9074387462291222
2007_006864_person,0.6200865556496378,0.5170583775587566,0.6002310969885174,0.6176354624310014
2007_006866_horse,0.7087863649720835,0.622459105605173,0.7940563086548488,0.8060069785823067
2007_006866_person,0.5739153369378874,0.5521581866409453,0.7603347280334728,0.6666013456136913
2007_006946_aeroplane,0.882889137737962,0.8568929483706169,0.9364164580282488,0.9298653787526274
2007_007007_person,0.7794714752484723,0.42833570959422007,0.9080645672787239,0.7600329240078306
2007_007084_bird,0.8015680212014135,0.6276663429662124,0.8326182680365812,0.8671592516899859
2007_007109_horse,0.7202530874228145,0.454344499234824,0.7564062617515284,0.5646729592562728
2007_007109_person,0.3682371625198518,0.3858629770513732,0.4635062358276644,0.44532193626312366
2007_007130_pottedplant,0.15183522577237918,0.7046399649813964,0.16252289976445958,0.7753178430512933
2007_007165_sheep,0.38092005521236394,0.11538857040026736,0.6435578809679529,0.41122415490646536
2007_007168_train,0.9402200524208647,0.7560791908758339,0.9625830959164292,0.8730688589715294
2007_007195_person,0.8871257576219048,0.5978761771188139,0.9709548626984853,0.8258060984288608
2007_007203_chair,0.2019704433497537,0.35173985450083267,0.3118214716525935,0.5522709475332811
2007_007203_person,0.8855052583447646,0.8659606656580938,0.9187331661558465,0.9150250825890126
2007_007211_motorbike,0.9354027130860504,0.7899815009612245,0.9610398661834402,0.8622574572835215
2007_007235_bicycle,0.3059106248082626,0.5884193237218761,0.4385548665408466,0.7714644662079205
2007_007235_person,0.6846050491478679,0.676772599115876,0.7864962106713619,0.7657466918714556
2007_007341_aeroplane,0.20248671353493922,0.26456320370518244,0.22186260510867842,0.31232249301197784
2007_007341_person,0.5984357541899441,0.5736788617886179,0.6764448336252189,0.7006384772918925
2007_007414_car,0.383313373253493,0.2928508567582958,0.8455662309025044,0.7232669616519174
2007_007414_person,0.8440894568690096,0.7959544383346425,0.8917237087741132,0.9494283201407212
2007_007417_cat,0.2831292002443779,0.30784081708912003,0.2896553750330523,0.36651156517634365
2007_007417_sofa,0.5823439200554071,0.2791829875569944,0.9530018155897011,0.6118099231306778
2007_007470_aeroplane,0.5279694299968156,0.5629103604229068,0.5259790480208114,0.5830526822227567
2007_007477_boat,0.6729550141296876,0.63504753673293,0.8826248618229323,0.851098970905857
2007_007493_person,0.8680169329413014,0.5191355914569802,0.9317275620135721,0.7542598711760138
2007_007498_person,0.6108473541007274,0.1380821541420525,0.9613594302058214,0.6881983663378336
2007_007524_cat,0.9315541172800998,0.7390933636492824,0.9595385017386585,0.805393325387366
2007_007534_sheep,0.9188887056279437,0.5484537675532634,0.9554096919666744,0.7754934716215385
2007_007624_pottedplant,0.6507854430041189,0.6109125826526643,0.3858186827297985,0.4335455321791786
2007_007651_person,0.8265949554896143,0.7929650075277157,0.8774177183080728,0.882527693856999
2007_007688_motorbike,0.7831754424616288,0.3253950647893205,0.7970820032291122,0.3129413093825905
2007_007748_horse,0.6780957404721086,0.6346213387825872,0.7803635448770363,0.7222615275769787
2007_007748_person,0.5117275866174544,0.48359793420045905,0.8045056786445727,0.8966838860189968
2007_007795_chair,0.16575492341356673,0.39781950333131433,0.2209752321981424,0.304760080452064
2007_007795_person,0.8018091173471315,0.7236622523686477,0.5824287652645862,0.4844613058898773
2007_007795_pottedplant,0.31272727272727274,0.4855564788112811,0.12580128205128205,0.3009068425391591
2007_007810_diningtable,0.9182389494004425,0.21455599039979242,0.37529888536527223,0.05343677737189584
2007_007810_person,0.8854360396307442,0.5549842759446912,0.9083729844039122,0.529346314325452
2007_007815_car,0.48070113598128594,0.3232763622498881,0.8524253558526569,0.6340927866428975
2007_007818_car,0.07184049079754601,0.25789679854706027,0.06913707757610872,0.3172550114947468
2007_007836_bicycle,0.1582541472056692,0.3548381135422827,0.11038036477049291,0.34320654184859023
2007_007836_person,0.7440020606417427,0.793701323402807,0.46987216024753686,0.5252541986787881
2007_007849_person,0.4646443943431031,0.7318789200981729,0.6603636363636364,0.9154147615937296
2007_007881_train,0.8940783651138466,0.7070736535055735,0.8829411685749184,0.6767382174521699
2007_007996_chair,0.07860385925085131,0.223494682932034,0.10303514376996806,0.22350328806900674
2007_007996_person,0.7171426630127058,0.6173302457608127,0.6322446143154968,0.5612269350587108
2007_008051_bird,0.8757537949677687,0.6103700663520076,0.9114425234261581,0.7737472766884531
2007_008084_bird,0.5812175418349682,0.5332119846291642,0.7738879364792927,0.7175942915392457
2007_008106_chair,0.5878888746639355,0.5370936232029254,0.4888129953150313,0.4073121273569202
2007_008110_person,0.6490746145658071,0.700567808721851,0.8929912963811268,0.9272122934630762
2007_008204_person,0.5745048080874496,0.415114401606742,0.8823889739663093,0.7329753199268738
2007_008222_dog,0.9155938182871285,0.859056671947525,0.9383336919104991,0.9066473569876901
2007_008256_horse,0.7585165296190636,0.6051471058181895,0.7849871390790856,0.6719245682058512
2007_008256_person,0.6717224184500311,0.6759304804066241,0.7108225108225108,0.6799454064659217
2007_008260_dog,0.8258292205464722,0.7264667742874533,0.9616991073134776,0.9192354368932039
2007_008260_sofa,0.9686710956918657,0.6105734112490869,0.9600648746377389,0.5974976867683147
2007_008339_train,0.8852190974493133,0.8206254299169268,0.9382543175301727,0.8977525589675123
2007_008374_person,0.3850793356221583,0.49163869006144295,0.47480680061823805,0.602943855430466
2007_008415_dog,0.8162893109737112,0.7639340125540169,0.8841232568169838,0.8764464722607949
2007_008430_person,0.946091055235598,0.686733968434523,0.9711634020453307,0.8821927645949909
2007_008543_chair,0.22822222222222222,0.1841529502844256,0.22584925690021232,0.2524313348295394
2007_008543_sofa,0.3915148343201073,0.2721558768070396,0.4141914191419142,0.19578026320431852
2007_008547_pottedplant,0.6397117506220366,0.4166095872366882,0.6659565969910798,0.5566546762589928
2007_008596_horse,0.8374495789399193,0.7134374015925142,0.8677517802644964,0.7938088829071333
2007_008596_person,0.48852854924961187,0.6012167824140504,0.7363600935307872,0.6662367356510523
2007_008645_boat,0.5321791494166354,0.6327744199649055,0.708814028610983,0.630997411905236
2007_008670_bird,0.513854394935476,0.5414098432464566,0.4991706507951995,0.48944668138719316
2007_008708_person,0.9515482602813162,0.8202675196277988,0.9618527898900755,0.9021166306695464
2007_008747_bus,0.9502901842038859,0.8489228466779568,0.9651056481105241,0.8900112233445566
2007_008747_car,0.49787835926449786,0.4544825677919203,0.7209302325581395,0.7567624239882575
2007_008802_horse,0.7632150615496017,0.6934553247609627,0.7739626304295074,0.7773636055574381
2007_008802_person,0.7147323173114498,0.7455065359477124,0.6918652423993427,0.7259153201063612
2007_008815_cat,0.9099689689895398,0.631690219205519,0.9368517189640551,0.7772719313605323
2007_008897_chair,0.6198261589403974,0.602966663268427,0.7966837741808133,0.7103560721611529
2007_008897_person,0.6272509792581298,0.4526192703461179,0.7220594633792603,0.5404371311393418
2007_008944_person,0.9360028353614044,0.6441678228753445,0.9863537667342508,0.8044361983781192
2007_008964_dog,0.12577968367119627,0.26162584309549164,0.21080165755744318,0.38156769596199525
2007_008964_person,0.37079245025892615,0.08384262423118227,0.38075650697519736,0.16340466076461949
2007_008973_cow,0.898475269616958,0.8199977555829873,0.9357629223587854,0.9018380447350585
2007_008980_dog,0.8821233161616485,0.74019448636876,0.9079406344609714,0.7938613783314935
2007_009015_bus,0.7409635700412146,0.5994066342579354,0.9487520991371823,0.9434011589908936
2007_009015_car,0.5104799513973268,0.5052545885139136,0.6308888550083854,0.562664066601665
2007_009068_person,0.3158040409631885,0.3391444871575133,0.28327061238453644,0.3311743469951157
2007_009068_sofa,0.3177088494698246,0.2272118997375058,0.45163118270865377,0.40454202789295135
2007_009084_dog,0.7499814855957935,0.7726212400245549,0.7921498019445444,0.7984869325997249
2007_009084_motorbike,0.7309186788787122,0.4813093105541327,0.7911771151155539,0.6371675014918355
2007_009084_person,0.2894302229562345,0.5122861856386212,0.3284823284823285,0.4916788588149232
2007_009088_bird,0.32037972434449324,0.22185199424722685,0.5593911388964392,0.28329569245478975
2007_009096_car,0.2302690582959641,0.22201870615744349,0.30528964990337515,0.21781649340510334
2007_009221_cat,0.8804791434780305,0.8036947833681815,0.9365423614240649,0.8985055340187651
2007_009245_cow,0.801672412807863,0.679400082810655,0.8707773040341096,0.8062170836805986
2007_009251_horse,0.7466254861587738,0.8063983488132095,0.8298862171402949,0.8473500697350069
2007_009251_person,0.4394255269863331,0.35203631320136175,0.6016073478760046,0.6925806809360098
2007_009252_pottedplant,0.10304984549240898,0.575925925925926,0.10696683095777275,0.6378571428571429
2007_009252_sofa,0.8802284347095433,0.34429860350173686,0.9331697133829835,0.44375783628873366
2007_009258_bicycle,0.39039853266612173,0.4731116555827791,0.4455590338870736,0.5842961950871773
2007_009258_person,0.7708728549312052,0.6323646593921259,0.8961420949427699,0.8267983490566038
2007_009320_person,0.8994574470500102,0.7465094479254033,0.9595576019366782,0.8785365988043747
2007_009320_sheep,0.5760506208213945,0.6210960368569756,0.561176732783597,0.5640211039881999
2007_009323_bird,0.8744048596289608,0.8715892177939474,0.9255954885952361,0.8979414322992172
2007_009331_dog,0.6323539723722039,0.6901930942642442,0.8631658911784256,0.9279796048438496
2007_009331_person,0.8217677136596055,0.7501173280492256,0.8939811733384044,0.8966862700746437
2007_009346_cat,0.8991147786946737,0.8499666757177063,0.9625977888407578,0.9384332227291581
2007_009392_car,0.5438790560471977,0.45589653411991604,0.6918494448957487,0.35948031649897433
2007_009413_chair,0.04482150879496838,0.13703022692618172,0.20024649936663358,0.25620968848634557
2007_009413_diningtable,0.1374120783708407,0.265967243307242,0.2120502559980429,0.39056796132469496
2007_009413_person,0.9356076711347819,0.7271072330942704,0.634341585477462,0.41381544608628357
2007_009458_bottle,0.004203867558153501,0.06256765074177048,0.0,0.0
2007_009521_chair,0.26409198850143734,0.4616153413704791,0.39760985933026266,0.6780144222706691
2007_009521_sofa,0.667541705478872,0.4356401384083045,0.952741643339371,0.8438708592567681
2007_009562_dog,0.9589988536492167,0.7998694851655906,0.9752277243052151,0.9058335493907181
2007_009592_dog,0.7790714812085483,0.39139816585748616,0.8323871034949737,0.5964482141673846
2007_009654_person,0.9405022210969687,0.7347041868481264,0.9484940668323154,0.7575181234322886
2007_009655_person,0.2979384388316233,0.26290785477444345,0.3135119712784422,0.32890015716276727
2007_009655_sofa,0.15173791934116507,0.32611652433722044,0.1217578182896102,0.2825529360401659
2007_009684_person,0.7764311911975762,0.5624598089884965,0.8895060719925938,0.7787512167987762
2007_009684_sofa,0.41715368820091614,0.3112919011499878,0.5174121531326153,0.3401085721499811
2007_009687_bottle,0.25243427458617335,0.3108108108108108,0.5068899976241388,0.5768928991761475
2007_009687_person,0.8969638798591052,0.5682587379408509,0.9575223822499027,0.8059558429321073
2007_009691_motorbike,0.7458182034644919,0.5401566118892688,0.9155146877314243,0.816397065072665
2007_009691_person,0.7617032708711129,0.6162165160002219,0.8924265396000289,0.7988880907018147
2007_009750_person,0.6586572438162545,0.7400460397305824,0.8051100335695636,0.8523024240785798
2007_009750_pottedplant,0.3998986782112099,0.40067009539256065,0.22689156164646127,0.1942582009629663
2007_009756_motorbike,0.7965431644754988,0.7089311199579359,0.9198135673947064,0.8943742170595604
2007_009756_person,0.7714770797962649,0.6279745881339507,0.9134434097011941,0.8795900585037966
2007_009764_bus,0.7178267620109777,0.4050001860188251,0.9537807724490245,0.7714636934158597
2007_009794_cat,0.9702743620988885,0.7516101932231868,0.9814638738526712,0.8693615907901622
2007_009817_bird,0.8123787976729153,0.6584612161525166,0.9246023361806164,0.8612250087409808
2007_009841_horse,0.3499947932937624,0.5334315449318063,0.8233888020593914,0.8528819411144145
2007_009841_person,0.4548802946593002,0.36571762111680395,0.5837853268626891,0.4314134445692283
2007_009897_cow,0.8127643973151334,0.7967154904571683,0.9410202655485674,0.9323449292189524
2007_009911_aeroplane,0.9365123955333942,0.9256371562709591,0.9660738518677238,0.9572577232331781
2007_009923_cat,0.9058519475724571,0.7979274611398963,0.9498637955636269,0.9073260313504296
2007_009938_car,0.7456758488148623,0.6967068273092369,0.8850825288072252,0.8316105995113701
2007_009938_motorbike,0.6316101259823862,0.5297608303249097,0.7824950080821527,0.7707638279192274
2008_000009_cow,0.45830337886412653,0.5146516393442623,0.5618589743589744,0.5714715316760225
2008_000075_bus,0.9369214265849104,0.7394295500177158,0.9670845966838756,0.874605727008473
2008_000080_dog,0.786454865404737,0.8113157369855728,0.9107152213780456,0.9203564274366236
2008_000120_boat,0.5859262176709991,0.29313723058607605,0.7261749953557496,0.4792338118956929
2008_000123_bird,0.7870791628753412,0.7687823409969214,0.8705289672544081,0.795960538594854
2008_000149_chair,0.4426963711529628,0.4894004014049172,0.7659871869539895,0.7011557082617523
2008_000149_sofa,0.7000868055555556,0.4159351789331533,0.7734405109288113,0.5210624742464104
2008_000182_cat,0.8265790434465133,0.6889613488150151,0.9551709462335083,0.9438630806845966
2008_000213_person,0.40024397873005946,0.02912062615101289,0.38837005157215837,0.07981091376382578
2008_000215_person,0.9381074506609723,0.6628902783796612,0.9567367259129103,0.7596602133544054
2008_000223_person,0.31902071563088513,0.5510545497998447,0.6139724001971415,0.7230769230769231
2008_000233_person,0.7868771431219301,0.5513026472026262,0.9248536226157549,0.8039803480722791
2008_000234_person,0.9368797246042938,0.42698569314257523,0.9518779133105923,0.7580787915740613
2008_000239_dog,0.6021758583337258,0.5013657719342972,0.8523514235278142,0.6878402903811253
2008_000254_person,0.49075844486934356,0.7005583308845137,0.5586572438162544,0.7363176333203582
2008_000270_dog,0.2819564047362756,0.27740164684354984,0.7700657894736842,0.6211444373537546
2008_000270_person,0.6083868650999481,0.4625801956629024,0.7415438397581254,0.65948866528327
2008_000270_sofa,0.3562619484949582,0.41088306023153065,0.7492904106636008,0.5575778036952919
2008_000271_person,0.8879159800280394,0.5577830188679245,0.9315855953393654,0.7655719139297849
2008_000345_cat,0.9641613245166827,0.8905478725574185,0.9774698048931558,0.8638861329466534
2008_000359_person,0.9685448656776843,0.5405411843170883,0.9744907255566488,0.6499638007064347
2008_000391_pottedplant,0.5656818925106291,0.4817460751600022,0.6885285736375887,0.6132363950109754
2008_000401_cat,0.7813245892521957,0.23491976541857318,0.9645943765844665,0.7623480918200555
2008_000464_cat,0.6508393123054014,0.4360979039710708,0.9289287604021358,0.8418723254587022
2008_000469_person,0.6461318051575932,0.7470965344234879,0.718381775333857,0.9042179261862917
2008_000474_person,0.8253958839926457,0.8327507679271263,0.8585348464143545,0.85629206751947
2008_000501_car,0.8650015561780268,0.747059321316747,0.9583875162548765,0.7142962525818826
2008_000510_person,0.6050457691448984,0.6866656800355188,0.6588113506272074,0.7482253014662574
2008_000533_bird,0.8985170107589415,0.795379238345967,0.9464272464198263,0.9360255270178375
2008_000573_diningtable,0.04454754290347282,0.08428148006501578,0.04661952164316922,0.0162695052618846
2008_000573_person,0.8548470710212546,0.6808370044052864,0.7504145838055811,0.6956825676640883
2008_000589_sofa,0.3927413635903151,0.4335243494156551,0.4029118889559445,0.43767390094602115
2008_000602_horse,0.9238192905671434,0.7466715301842057,0.9383037694013304,0.7975275328668696
2008_000630_person,0.8349751753487272,0.7833225754397289,0.8808690698999105,0.9098349597517651
2008_000657_train,0.9118726109755864,0.6677133357960843,0.9623515840973728,0.8537977462315235
2008_000661_dog,0.8263576383014718,0.6975632090349494,0.914847729892537,0.8427776448061274
2008_000661_person,0.6735305390056096,0.5692374100719424,0.8663379710928002,0.7570643095768375
2008_000662_person,0.7238035220390016,0.7382719292484841,0.9246535460579947,0.9149986878831977
2008_000666_person,0.8069767441860465,0.7170763470616962,0.8873170731707317,0.8890717577353522
2008_000673_chair,0.148752950181795,0.17965344955883916,0.8583957812933667,0.696300252476209
2008_000673_person,0.6518072289156627,0.30605994311966744,0.844915726071772,0.6200370500175236
2008_000700_person,0.7727939737820387,0.7910064618925379,0.7998076533711278,0.8292247122955785
2008_000725_bicycle,0.4807239552678046,0.8697787089171141,0.5998710509348807,0.8499967517702852
2008_000725_person,0.8287373004354136,0.864526809528189,0.8797580035291152,0.9273758865248227
2008_000731_person,0.341963545981773,0.2647033234731164,0.3921781751809848,0.34821962660957717
2008_000763_diningtable,0.04024136467083789,0.01522233041220383,0.1583347824574827,0.017092547374213295
2008_000763_person,0.37886067261496226,0.5824098090073095,0.7153145807854328,0.733690587138863
2008_000765_horse,0.46757190328864445,0.4275643849881844,0.7254779599478074,0.6706668549108193
2008_000782_motorbike,0.02873151913979996,0.10267592514184097,0.09161224988651046,0.12134085628941255
2008_000795_person,0.6439123683216519,0.42266273774444146,0.7840159342711316,0.5658347812351919
2008_000811_motorbike,0.1387762700645375,0.17725275259855033,0.09260983837255024,0.09155849812701455
2008_000811_person,0.4345640408899579,0.4981398557880924,0.753621892326954,0.7338426431193571
2008_000848_bird,0.609912070343725,0.8407749356742849,0.7691911385883565,0.9088502894954508
2008_000853_cat,0.7365808253180267,0.7246608140462889,0.837125748502994,0.8916295195641407
2008_000863_dog,0.8532947976878613,0.8468074366955498,0.8931265463761994,0.8904882989268629
2008_000919_cow,0.9545361089694167,0.6640890915700076,0.9845955360598633,0.8430360500940264
2008_000943_dog,0.9080420236382966,0.5506321550632155,0.9639591802870655,0.8636056033024294
2008_000992_person,0.9095380424501532,0.6539880197114107,0.9827222233608658,0.9203752790178571
2008_001013_boat,0.023663766314481045,0.06938375655040507,0.029950674933898226,0.07131972917353943
2008_001013_person,0.8036723163841808,0.8492781099606241,0.8810289389067524,0.935539253941002
2008_001028_person,0.8812831808426522,0.798517308538041,0.9527797162130728,0.9498302265955235
2008_001040_boat,0.8919451703112823,0.8157853258728032,0.968667496886675,0.9355488418932527
2008_001070_dog,0.8470321036154932,0.7115502138928499,0.9560231705875399,0.9231895088109595
2008_001074_person,0.8343347328796873,0.5855792153218312,0.9508169834143141,0.8720924301163028
2008_001076_person,0.7267446583800471,0.6103201205449122,0.8981956941630942,0.8657397654659083
2008_001078_cat,0.6887770963457027,0.5231193292752957,0.7182863942879809,0.587718822828031
2008_001078_pottedplant,0.4699941574159085,0.4887339364951305,0.3731368853863286,0.4316902715072051
2008_001135_boat,0.7425120772946859,0.690442485958263,0.8468062071454349,0.8283668052286273
2008_001150_motorbike,0.5624309392265193,0.6516150296638101,0.7944344703770198,0.760989010989011
2008_001170_person,0.9103181124545134,0.7809998442610185,0.9402636763145931,0.8810563873420254
2008_001231_bicycle,0.24104640298972282,0.8343528018942383,0.3108540487324637,0.9162348063695468
2008_001231_person,0.7291280148423006,0.8512812450872504,0.8180135718692165,0.8947747459390254
2008_001249_person,0.8800840077860875,0.6633635064316341,0.954350045676823,0.8695468509984638
2008_001260_boat,0.7408691015729139,0.5777157633323946,0.7694572356005134,0.6632181493540594
2008_001283_person,0.7286040425413441,0.2799960921689858,0.9668762549648976,0.7562566485639102
2008_001283_pottedplant,0.29797576724951025,0.509030798677571,0.1859077012665599,0.2333995211119547
2008_001308_person,0.5550811492065125,0.23176459892724022,0.9498293891029169,0.8834721499219157
2008_001379_dog,0.9020983381660587,0.7832852639345362,0.9770394466727726,0.9242435848333972
2008_001404_bicycle,0.05582672361195851,0.25719037000642503,0.08486902492409801,0.27217148464035024
2008_001404_person,0.8418525014616219,0.6990840439888593,0.887914972899729,0.7632569179113118
2008_001433_cat,0.7867781797678899,0.39995293916317276,0.9313932002956393,0.7265179978184463
2008_001439_chair,0.7283097378993687,0.5761276934036775,0.7382001066829231,0.8167092029973546
2008_001478_dog,0.2855552328395779,0.38360579710144926,0.2724030385375494,0.37128418549346015
2008_001491_person,0.5811175543144224,0.5227233354507131,0.8618852999340805,0.7786840674279499
2008_001504_person,0.914573229433455,0.7146523853007232,0.9332074144029036,0.8414241099312929
2008_001513_cat,0.6155913978494624,0.4480423186737788,0.8501387291060432,0.682287354418502
2008_001514_bird,0.7686237670267732,0.7585496334456112,0.8238297872340425,0.8365110584835227
2008_001531_person,0.8155578688369453,0.8158552190603863,0.8498765910080821,0.844668560303833
2008_001546_aeroplane,0.9396619356679267,0.8975229916364919,0.9542691751085384,0.9278000517330575
2008_001547_person,0.9256188487921264,0.9090135365161709,0.9188653164252659,0.9007103270626805
2008_001580_boat,0.7359133503711817,0.8872824772619736,0.8870393755022385,0.940347293156282
2008_001629_person,0.9357449648351273,0.7040064024833875,0.9660236465463596,0.8409066202848136
2008_001640_cat,0.9152184831742842,0.8294641949367947,0.9467362207426728,0.9068236304433391
2008_001682_horse,0.8989650073928044,0.9060779063305209,0.9367034834324554,0.9463681999795103
2008_001688_pottedplant,0.3218015665796345,0.3668893968700545,0.31171612113796265,0.31666808619368025
2008_001821_person,0.7052015396129584,0.3166780984540706,0.9516349145695726,0.7556825734414462
2008_001874_person,0.8778452837584344,0.7162833486660534,0.9724566998061652,0.9550963762528912
2008_001885_cat,0.94224123515969,0.6687786119758286,0.9829337073890618,0.8428071279650683
2008_001895_dog,0.5488704915928636,0.27711840628507295,0.541527218892975,0.49022897561533624
2008_001895_person,0.0831321379160676,0.08650481189851268,0.0,0.015762024338419934
2008_001966_bird,0.7363984216190362,0.5009737549846981,0.9110965487112276,0.9014425501866237
2008_001966_pottedplant,0.0,0.0,0.0,0.0
2008_001971_aeroplane,0.8980777827447475,0.9250128073770492,0.9216785335555219,0.9419642857142857
2008_001992_horse,0.8006963746675035,0.4178007863229617,0.9548462852263023,0.7572963438101347
2008_001992_person,0.7212391479671711,0.5791037120936893,0.8293427288291194,0.7578305116322396
2008_002043_bird,0.8569866375056677,0.6549878207670085,0.943341785433243,0.8837540499163314
2008_002152_cat,0.8823828582800787,0.578792699633214,0.9447220709092201,0.7388333246059591
2008_002205_bus,0.9307604092152922,0.613217690488137,0.9745603164768124,0.7690285297792586
2008_002212_car,0.8156273700956362,0.554482533330611,0.941301796515302,0.8450561157495726
2008_002212_person,0.8283500654735924,0.8437210451541169,0.8594373180985232,0.8225083986562151
2008_002239_dog,0.8606147039990686,0.7302947005050182,0.898504879286162,0.7795574904967673
2008_002240_motorbike,0.7372756543731527,0.6403295466918303,0.637700177935943,0.5486366629226539
2008_002241_person,0.7049247606019152,0.8022876926210033,0.7406463222613782,0.691932380428807
2008_002269_bicycle,0.4112069883881964,0.5848556746002191,0.4605890971935229,0.6639707953798478
2008_002358_aeroplane,0.8943413532773583,0.8538907984448075,0.9239030490271801,0.896446410732125
2008_002379_chair,0.4514285714285714,0.7328657195506152,0.6872246696035242,0.8642736960179472
2008_002379_diningtable,0.7549119907662444,0.4000576129052908,0.9796820249986925,0.8127578382838284
2008_002379_pottedplant,0.2730505333800771,0.496985162471961,0.29886171587632965,0.5523942786069652
2008_002383_motorbike,0.8119854231340262,0.6290685888050456,0.9102373642336007,0.8450718309389686
2008_002429_bird,0.7849684269940381,0.590160440831735,0.9155560098119379,0.8764874929167004
2008_002467_bottle,0.6006691908074315,0.4703225158820071,0.9368358913813459,0.8626141683935835
2008_002495_person,0.7090985955188125,0.8738208100624208,0.7815422988983579,0.9108036641798093
2008_002504_boat,0.6221565984036292,0.3876588021778584,0.9152852552507821,0.7019759846041255
2008_002521_chair,0.3851891315929675,0.4920257081647227,0.585821936924365,0.7747515642252485
2008_002536_dog,0.7740151258607066,0.6348780149067172,0.8663905325443787,0.9117588473540934
2008_002536_sheep,0.8184499314128943,0.7253037884203002,0.8891382405745063,0.912563895614743
2008_002588_person,0.9578474455601109,0.7446891191709845,0.9774117529081428,0.866122936144818
2008_002623_cat,0.8289275441720312,0.6004204204204204,0.8866161616161616,0.7850156570147292
2008_002681_cat,0.9150221004793625,0.7351414699480998,0.9615070417932883,0.9142250691733314
2008_002775_bottle,0.6967465058284521,0.4444717746894601,0.9635840230298669,0.887429104745495
2008_002775_diningtable,0.07105312208760485,0.1583872344617001,0.14109642518543306,0.2489755823744036
2008_002775_person,0.7685044303231003,0.6114262560777958,0.9495030382966696,0.9010508740915341
2008_002778_cow,0.9259725846606077,0.8398971061093248,0.9511564211807669,0.9326053209142979
2008_002835_horse,0.8219848300619536,0.6662701744565724,0.8675381138983439,0.7405099831609334
2008_002835_person,0.6273518674529627,0.5954866144776264,0.6155241550506015,0.5924078297225389
2008_002859_dog,0.8763581250114129,0.8252807328605201,0.9566592261904762,0.9373222614037083
2008_002864_bottle,0.5471428571428572,0.6934387661743563,0.514034253092293,0.4081539860563807
2008_002864_person,0.8315523840571836,0.6588473110191801,0.9367632477690867,0.826146841022151
2008_002900_train,0.3725650679325585,0.26433646917534026,0.7376843280457738,0.3681344283301299
2008_002904_dog,0.7706123130899675,0.5978273331804632,0.9620224270265644,0.9142492375345769
2008_002929_person,0.6172991843982304,0.4547301994759078,0.9084323512522638,0.9018485001335192
2008_002936_dog,0.9434803433919163,0.85853544412384,0.9578432813878272,0.8875595261521508
2008_002942_person,0.917658349328215,0.3784208541134068,0.9842974511398368,0.725074840557074
2008_002958_car,0.6878215088476218,0.32407055773083826,0.846395013489627,0.49481344483756834
2008_002958_dog,0.8904200344507751,0.8702320725929494,0.94311778910652,0.9429007388371345
2008_003034_boat,0.6081261101243339,0.546619991484933,0.8568526332239412,0.7765467409303026
2008_003034_person,0.7387193665096594,0.6392120571126388,0.7133677766682586,0.7907451148808246
2008_003076_bottle,0.39063076355588344,0.7273316062176166,0.4163763066202091,0.43121387283236995
2008_003076_person,0.9178375432997314,0.7724698235840297,0.5464614382278687,0.5820549778647174
2008_003105_train,0.8333614210118305,0.5861195654588675,0.9115195185987237,0.756959842325696
2008_003108_bicycle,0.48411163304780325,0.6590888087977081,0.553695596188514,0.6513003569607343
2008_003108_person,0.8352831425545862,0.7149764041824743,0.8738453621510356,0.8139857796078619
2008_003110_bird,0.8616600790513834,0.6059433765873291,0.922105117820324,0.7644549857493074
2008_003135_pottedplant,0.5250334896182184,0.6738567730802416,0.49284734469919655,0.765332551434296
2008_003141_bus,0.7872585348740325,0.5361962941164532,0.8117296642475299,0.7042421172597189
2008_003141_car,0.011878520695566984,0.10371130055765657,0.0,0.0
2008_003141_person,0.588553750966744,0.8693911592994161,0.7247706422018348,0.9399218495604038
2008_003155_aeroplane,0.84930441784911,0.8145742541066041,0.9143752798925213,0.9104369808595161
2008_003210_person,0.9034249714660604,0.5275921534813537,0.9206116196797841,0.5774814153080433
2008_003238_dog,0.8766588602654176,0.6005300830576001,0.9595080301490772,0.812421499415306
2008_003238_person,0.4971085120207927,0.3575800181953519,0.7425854652479058,0.6294027565084227
2008_003270_bicycle,0.23947417144973154,0.39760643485180647,0.3670765579563681,0.6299820983016575
2008_003330_person,0.8934144233748023,0.3944587628865979,0.9458292645320451,0.6542505087044992
2008_003333_car,0.6561497789720031,0.4111134322122415,0.7019169619333152,0.4590777217895862
2008_003333_motorbike,0.16942528735632184,0.5138075747370603,0.17208685900703435,0.42735878176767156
2008_003333_person,0.7041065754094353,0.6025550536420101,0.7822210213455822,0.7938064114534703
2008_003369_aeroplane,0.9508236094710085,0.8625067301425373,0.9685756900884702,0.9084301493733188
2008_003379_horse,0.775698720985315,0.8626189372665558,0.8377756872582837,0.8915069553914655
2008_003379_person,0.6027397260273972,0.7339398952302179,0.8489318413021363,0.9138177316446052
2008_003451_motorbike,0.6872921150459793,0.5300462249614792,0.9032902244199316,0.8294896542382065
2008_003451_person,0.7793993394269914,0.63165409566378,0.8157536440813712,0.7095648275641231
2008_003461_horse,0.7717090039921682,0.6960546958222773,0.7953307613752412,0.7766278741996537
2008_003461_person,0.6427358344912768,0.6193353474320241,0.5849239159116897,0.564698657776998
2008_003477_chair,0.532674284247015,0.49564537740062525,0.6559273027674515,0.6419519178139867
2008_003492_person,0.7511632934002298,0.4533081223817829,0.9632191467123883,0.7756196209377793
2008_003499_cat,0.9362040419437071,0.763774011299435,0.9628491733031491,0.8752166377816292
2008_003511_dog,0.7967638171361732,0.7557852695876894,0.8438339802926247,0.7574988190836088
2008_003511_person,0.9383073998904674,0.7369285840032862,0.9723526776083241,0.8703252161246398
2008_003546_person,0.7819147669072631,0.8232225826247042,0.7652497288363205,0.8270092707496898
2008_003576_dog,0.09406121973153915,0.19201400416503184,0.5270369075245573,0.6215528933092225
2008_003577_car,0.9368644037471999,0.5613749748725352,0.9777141840396192,0.83689631205375
2008_003676_person,0.8907054364428353,0.5244612521760009,0.9305768098881695,0.7680424981651697
2008_003676_pottedplant,0.35085318737926596,0.37225688949929836,0.38111971887229457,0.36754372623574144
2008_003709_sofa,0.9403305286446985,0.8573232323232324,0.9755170524585673,0.9147039612709879
2008_003733_person,0.8277352911185888,0.4197250042437617,0.9051068896827251,0.5751388405212705
2008_003733_sofa,0.3206622740327758,0.4074806894714813,0.6916875671802222,0.6794246826584295
2008_003777_bus,0.7824904465177127,0.25041031183699614,0.9607122328124373,0.7045327155188521
2008_003782_horse,0.8177289603960396,0.7071768297011429,0.8446053216485679,0.7665474731814659
2008_003821_chair,0.2804562636779627,0.2893714732393678,0.45614149588826525,0.37902827910358616
2008_003846_car,0.4058279182118191,0.2307635175282234,0.981803436565462,0.9368948924575338
2008_003856_person,0.8687922844393263,0.731917513080948,0.9406856023506366,0.8657516446032648
2008_003858_boat,0.952253128879643,0.7938438357638702,0.9669541456750064,0.9032944632632872
2008_003874_person,0.8712642166852935,0.6430147224348296,0.945722533240028,0.807667378831889
2008_003876_aeroplane,0.8781886862845684,0.8718043509171051,0.9065151733064865,0.8996745110464613
2008_003886_boat,0.6943339802118792,0.5250312448416535,0.71881194449773,0.6755025700368686
2008_003926_aeroplane,0.8834496800465387,0.7559778754786555,0.957896379525593,0.9114895209580839
2008_003976_aeroplane,0.8483984119030181,0.7873734195320098,0.9357498639655101,0.9074865142964048
2008_004101_bicycle,0.3395504543280727,0.6438734108736813,0.3782795979637123,0.6415696887686062
2008_004101_person,0.8189822018139729,0.6829745884985718,0.8478266631327855,0.7104734498859812
2008_004140_diningtable,0.18281839410813724,0.14398681122163853,0.2507263219058687,0.29261596807517054
2008_004140_person,0.8719866597387532,0.47090100541376645,0.9055897500314031,0.6212114842994662
2008_004172_sofa,0.792289088063736,0.31929770522100726,0.9755353493469182,0.6478374836173001
2008_004175_horse,0.7868006518196632,0.7671686059776409,0.867938021454112,0.9028780975663963
2008_004212_train,0.847103601930932,0.640892138399616,0.9009517588877485,0.7309274350019402
2008_004345_motorbike,0.8557329202882782,0.5437032777458309,0.9057550551159802,0.6596134911288298
2008_004363_bicycle,0.36235589841379906,0.6397650363938194,0.4528265296228062,0.7723662727951961
2008_004367_train,0.8853004548719177,0.5527704214653775,0.9411501210653753,0.6432527876545001
2008_004396_horse,0.8100433247065216,0.48376667522775,0.8489969101580402,0.5992454873035475
2008_004399_person,0.5042124542124542,0.7832049437060865,0.834104224483503,0.91057293629853
2008_004453_sheep,0.8782585235895187,0.7214257320789718,0.8799246730281213,0.7666705930084939
2008_004477_pottedplant,0.45462042202279895,0.6058530046913396,0.5227435628825053,0.6420244136606775
2008_004552_car,0.9088043761396197,0.7515603058199407,0.9648769331300371,0.8830088132814101
2008_004562_sofa,0.030395881848265718,0.008975058263499777,0.1979439936550546,0.2946022319076584
2008_004575_diningtable,0.11113331202046035,0.03633640297348275,0.18682065217391305,0.0194060773480663
2008_004575_person,0.7583859154445266,0.5470718803718353,0.8468500744819264,0.7202786612145994
2008_004610_train,0.9578214720723855,0.8319748566691995,0.9717438585231932,0.8767370958593307
2008_004612_chair,0.11034656535897039,0.062409464027040076,0.2158861839044813,0.1178500840732765
2008_004624_horse,0.8480836927958748,0.8464175522797395,0.8806212567252055,0.912141038450382
2008_004654_bicycle,0.5132167547783651,0.4559365575784653,0.5803519628698511,0.4877593588758371
2008_004654_person,0.7843200690175779,0.8336592592592592,0.8373256860098965,0.8579277165681704
2008_004659_bottle,0.30913216908396407,0.2188708315432364,0.9010740927702059,0.6964615172793611
2008_004687_horse,0.27078213098163945,0.33686421739519085,0.45506412674462465,0.45766478510156006
2008_004687_person,0.18590104459873646,0.24405506883604505,0.1950136395356214,0.2540506564857063
2008_004701_cow,0.9500822918739036,0.6723894570070574,0.9723783553156362,0.7708245480869247
2008_004704_aeroplane,0.6912812074152161,0.541482794603905,0.8842904431745195,0.8774578597535586
2008_004758_bicycle,0.23759746038492702,0.32679548563611494,0.4113516528087609,0.6817910447761194
2008_004854_sheep,0.9206538243963438,0.5314474973807835,0.9508203453869689,0.668041198641639
2008_004995_bicycle,0.37252516314566975,0.5043932557587272,0.6533723300540636,0.8646116089688767
2008_005049_motorbike,0.6719024181468007,0.594780758246066,0.7954708670464883,0.725278334263851
2008_005089_person,0.6836871695896618,0.6513433879344787,0.35007751937984494,0.3861884368308351
2008_005097_cow,0.9454734130108066,0.3724984865519329,0.9558521560574949,0.49396351575456054
2008_005105_cow,0.9128685762426285,0.8008485639686684,0.9442745423565905,0.9072318847447989
2008_005145_diningtable,0.9105374536391857,0.20685924916863657,0.5151599852887091,0.16043764682689624
2008_005197_dog,0.7564661579625409,0.6953764431676513,0.8485686485379218,0.904066766935032
2008_005197_person,0.728175005063804,0.6330505166711178,0.49444641905100406,0.4447408618575332
2008_005217_pottedplant,0.35136939255274896,0.2589289445749296,0.5583820111802023,0.6674687922995939
2008_005242_pottedplant,0.6637343022885192,0.3735183213957097,0.8188315920031953,0.6077945364413037
2008_005245_car,0.5151136126745883,0.6001621402513174,0.6762277270751847,0.7021703447018056
2008_005245_motorbike,0.6039819307344821,0.6868860025054394,0.7086484431112425,0.735171413023762
2008_005245_person,0.6845598845598846,0.7318370015253868,0.6827807044726785,0.6053159957930968
2008_005338_aeroplane,0.5567226890756303,0.46080908658777614,0.9190521829049912,0.7889699890774805
2008_005338_person,0.5817813765182186,0.646811760213822,0.6543357199681782,0.8982783357245337
2008_005398_boat,0.8527713625866051,0.8196885986941236,0.8911368015414258,0.825382082242675
2008_005399_bottle,0.27510460251046026,0.5361336590747892,0.17595258255715496,0.3026017657629502
2008_005399_person,0.7661604867647823,0.5665621307153895,0.8991450873497708,0.8103599136673861
2008_005422_motorbike,0.8457245228415903,0.6848066298342541,0.9346425119043357,0.8309073476858712
2008_005445_person,0.6794537499447563,0.5817231523070641,0.7555000363839232,0.7275533212582708
2008_005525_horse,0.9000062457060771,0.7284039459086684,0.9517095987877989,0.9166637487306979
2008_005544_train,0.311154911570424,0.2229941540286368,0.7276393831553974,0.4197947469125065
2008_005628_boat,0.5255937174756363,0.6681291011750343,0.7016700404858299,0.6057820299500832
2008_005633_sheep,0.8357968828557064,0.7349304118864021,0.8802930519188553,0.8257434488173521
2008_005637_motorbike,0.9117922827262892,0.8018521303796653,0.9460886895864474,0.8956713525074075
2008_005642_horse,0.8326157905700993,0.7702145876812757,0.9019637348581747,0.8959054379069631
2008_005676_bus,0.881190727081138,0.9008587041373927,0.9214975845410628,0.9288531314087396
2008_005680_pottedplant,0.1295125921670018,0.13701857228948666,0.18505910165484635,0.1280550774526678
2008_005691_horse,0.8330691092713287,0.6186407550120064,0.8570488972930754,0.7199912003519859
2008_005727_bicycle,0.18781677798304203,0.4413524674120476,0.24532010118700137,0.6177120701525528
2008_005738_person,0.7982282163162766,0.8204457074483996,0.8051047120418848,0.8593197381292799
2008_005812_bottle,0.5556303275011216,0.5650394329639613,0.8090263267864605,0.7925302688282372
2008_005812_person,0.768222566297498,0.4691805754037803,0.7674404855746492,0.5073020235496996
2008_005904_bottle,0.6374440691155404,0.2986752009526645,0.9812181663837012,0.872236203487327
2008_005915_motorbike,0.8697940640822943,0.3807195527879087,0.9251325481265346,0.7377619522075037
2008_006008_chair,0.37391613677798036,0.35669752942818594,0.3949737938449133,0.3635529366306028
2008_006055_train,0.8714204844912061,0.6601003630151612,0.9480164448588624,0.848166580160596
2008_006063_cow,0.6916704558372172,0.5355867280915161,0.9425688216790731,0.7118560003306537
2008_006108_person,0.8470541588345865,0.6385554512080595,0.9423083259200685,0.8549294302143231
2008_006130_dog,0.7430992313067785,0.5733479884022816,0.9142996749591044,0.8214166943797805
2008_006143_bird,0.5510355029585798,0.7641251837849191,0.6666666666666666,0.8305913739439751
2008_006216_aeroplane,0.3886213461753836,0.2848582129481006,0.793620253164557,0.6051308719015427
2008_006216_person,0.7780386490879537,0.684913920800553,0.7852003509798187,0.6429923006655357
2008_006219_horse,0.20979378152333525,0.45390070921985815,0.5209051229037446,0.6485498703136053
2008_006229_boat,0.6838378558190372,0.6759532101080453,0.7212312326446086,0.7929046563192904
2008_006254_bicycle,0.07595966167859466,0.19580284944166346,0.11778612154081491,0.2081767173285395
2008_006254_car,0.7916522683516809,0.5654624510172312,0.9120086637623372,0.7134410721324399
2008_006254_person,0.6747168198332977,0.8076906570533453,0.6911168607158258,0.6527813652053444
2008_006275_car,0.797722705961152,0.8859151735087322,0.8086124401913876,0.8930369127516778
2008_006275_person,0.8505286806182999,0.49026185668632843,0.9014791607816954,0.7202556370365294
2008_006325_cat,0.8449095385932983,0.6196612612612613,0.8668233020794449,0.6712944481407556
2008_006327_sheep,0.5027184190620272,0.4476171203075989,0.569158878504673,0.4906333169685538
2008_006341_cat,0.929205560064935,0.8175394410046525,0.9488998374906492,0.8706713028668748
2008_006341_person,0.6386242731659038,0.5385335413416537,0.6946092770580861,0.6111596312469675
2008_006408_diningtable,0.01697516596090904,0.11906055413932885,0.12571774504228506,0.22128794093519277
2008_006408_person,0.8990343079847178,0.7206877585670899,0.9325527671925287,0.8406911212181135
2008_006480_cat,0.9529208018079984,0.7597759874238553,0.9408513125213072,0.6478146183736563
2008_006523_train,0.6277936062572447,0.05475280961080662,0.7916316619879925,0.36014106737693596
2008_006526_car,0.48759791122715407,0.38132931272772963,0.6210453920220083,0.5203158414212864
2008_006526_person,0.9518478509934859,0.7003570544773218,0.9611146147973578,0.766109090909091
2008_006528_cow,0.8310286117686143,0.7915642788267131,0.8725990655822806,0.8782795279430411
2008_006553_train,0.932302236653778,0.7470821002227912,0.972412873992137,0.9139687227838994
2008_006554_bus,0.6052347544522396,0.3837782375401591,0.6726941326235389,0.535517164011667
2008_006554_person,0.6054248955174957,0.8316714551292885,0.7243745293280897,0.872269182081751
2008_006703_aeroplane,0.7774259638666419,0.830694942254082,0.8354343116013394,0.8685061653527391
2008_006722_dog,0.5756964069438837,0.46280421012525597,0.7517486858987624,0.6834002492039318
2008_006722_person,0.4295342159834104,0.48533168732746945,0.5233208193911695,0.6070750325823869
2008_006752_train,0.9569154513392432,0.8128966976359121,0.9472035649702919,0.79028295878446
2008_006835_sheep,0.9029533651576352,0.7805626598465473,0.9523677344140343,0.9226963011031798
2008_006874_motorbike,0.3007952796305798,0.35717232437529467,0.35830674324611783,0.31462641509433964
2008_006874_person,0.7547212010232182,0.6480837649634592,0.9052119319691735,0.8974293341134311
2008_006981_dog,0.19055670361325067,0.22544552742372687,0.3068603213844252,0.31340809900005523
2008_006986_car,0.8938943108783622,0.6574563722897938,0.9616216003772992,0.8681835886782654
2008_007025_cow,0.9426504603383373,0.8115659519168291,0.955698677400805,0.8569101336725358
2008_007031_cow,0.9460321304593525,0.8780361757105943,0.960375222383956,0.9292641657381041
2008_007048_chair,0.061821219715956555,0.2247596153846154,0.06845317060228177,0.23461809084512547
2008_007120_bird,0.6824578980010496,0.5939928955790806,0.906016425209929,0.836748237245956
2008_007123_cow,0.5812453485487472,0.5169213537082966,0.9492185160788071,0.9323637390567636
2008_007143_boat,0.19252527126031715,0.4730440499671269,0.14748634385705028,0.47926172565462244
2008_007194_chair,0.033773029543224684,0.055321757571741,0.22350510193213047,0.18730517645158684
2008_007219_person,0.6729960757173044,0.1577573361902299,0.9063907204889032,0.5447505023442732
2008_007273_cow,0.8514471040293299,0.8397976391231029,0.8772189883943744,0.8868931768892844
2008_007350_aeroplane,0.8783213409977088,0.8218739903069466,0.9311652885517007,0.9024282560706401
2008_007378_chair,0.22782189449801474,0.42714671678609184,0.43225707571268007,0.5995207460817754
2008_007378_dog,0.8202537986308231,0.755145252816126,0.945438202247191,0.9558534684333593
2008_007392_horse,0.8297213622291022,0.8872870249017037,0.8477060602077034,0.8854158978522401
2008_007392_person,0.7155821159805223,0.7484522335460521,0.8846783625730994,0.9414371026777114
2008_007402_chair,0.39700268627173757,0.7876811139685128,0.4561322921451539,0.8407384865084195
2008_007402_diningtable,0.22576149711327892,0.17823751046608988,0.44603610675039246,0.269724642244848
2008_007402_person,0.776066978881329,0.6308024393821908,0.9457168933895432,0.8792764002625046
2008_007498_bird,0.6374026834520458,0.47678663651096115,0.7371833970017014,0.6097310482059182
2008_007507_aeroplane,0.7315668202764977,0.8729372937293729,0.7907239819004525,0.9213223140495868
2008_007513_dog,0.8897956870412876,0.8393964614599834,0.914774044032445,0.8831754998061694
2008_007527_chair,0.875,0.7460566996803437,0.924190800681431,0.872180853913323
2008_007548_cat,0.7733308810005518,0.7101271135627774,0.8275297328914019,0.7894589465169098
2008_007677_sheep,0.8524838473007834,0.7127197852110544,0.8793638572769049,0.7057077148233326
2008_007737_chair,0.07850959090137498,0.1984973093715098,0.2792475014697237,0.4072032014228546
2008_007737_person,0.8061554766269478,0.5582032862686813,0.8852039213221894,0.6845767987786744
2008_007797_bus,0.9476896452264205,0.683579479813907,0.9838875435591519,0.8914348063284233
2008_007804_car,0.8708715544124007,0.5958246815197261,0.9371458841954949,0.6610224576684325
2008_007811_bottle,0.47529421413047934,0.3824629115908817,0.9680936391196183,0.7937564774975661
2008_007814_sheep,0.8968280297037283,0.8020715466968404,0.9206818122402028,0.846089998221379
2008_007828_person,0.7135662271837808,0.5317838332951683,0.7329574742268041,0.6297071684112893
2008_007945_horse,0.8348144776870194,0.6354470317912136,0.8919478159933382,0.7619721349607923
2008_007994_person,0.8902724510634059,0.3162757090139609,0.9125254197451383,0.6007570696949455
2008_008051_diningtable,0.2049799457213536,0.10692533273178434,0.10484060397631796,0.07432761300654724
2008_008103_sofa,0.8423693346649546,0.45872415263270094,0.6168902959947736,0.3491752189565311
2008_008127_motorbike,0.6441140776699029,0.7555795890276276,0.7470599393019727,0.8076606459735606
2008_008127_person,0.6382621951219513,0.8155142155142155,0.7941014837882396,0.8363241678726483
2008_008221_person,0.8362831858407079,0.7798976268031642,0.8652098907418057,0.8696109358569927
2008_008221_train,0.7772922636103152,0.33909925113384665,0.8563977287732735,0.5632782963453447
2008_008252_bus,0.8308822640871025,0.4850243506493506,0.9317714491338097,0.7838861761239266
2008_008268_bird,0.2775670372792675,0.5149558520362519,0.3615133724722766,0.4534232080573735
2008_008296_horse,0.5548961424332344,0.6704861679489278,0.7560975609756098,0.9250773993808049
2008_008301_bus,0.9476446098445804,0.5303860198226396,0.977534038307519,0.7680108033414986
2008_008335_diningtable,0.11725081570361015,0.2686868686868687,0.03829041863723945,0.2893968871595331
2008_008335_person,0.8130453378956373,0.4981636935991606,0.9715411782771152,0.9031294452347084
2008_008362_chair,0.2604951560818084,0.5601206181681115,0.48784273150543195,0.6837622326930047
2008_008362_diningtable,0.7184466019417476,0.4590438639724002,0.5349963671591185,0.2324688054679842
2008_008362_person,0.6799448811147514,0.6488433606348175,0.3331143232588699,0.3617302851804759
2008_008392_horse,0.8989622940430925,0.8813639072743813,0.9412666197241436,0.9225388104516706
2008_008393_horse,0.033424385029913455,0.1647611433140116,0.9121514645087518,0.5211355159552424
2008_008421_horse,0.7255986068785373,0.4031293543892243,0.891133123297912,0.6328834700302806
2008_008434_pottedplant,0.7798544647725777,0.2849234069071463,0.935666206867941,0.6865888100145027
2008_008469_person,0.8457100773290782,0.8222036061911601,0.9547295255364159,0.9433229499575225
2008_008629_bicycle,0.35739685323201326,0.6080628393207809,0.42159541169872083,0.6484918538088947
2008_008629_person,0.5782784517619873,0.8301014054438712,0.6700143472022956,0.9177785190126752
2008_008682_bus,0.9122080655122721,0.6236338112904843,0.9170345056718402,0.7144916883410607
2008_008711_bicycle,0.12487267119179764,0.38820690644325767,0.15938162415028143,0.6107059704401161
2008_008746_bird,0.8132765096792834,0.6771256760842543,0.9604770642201835,0.9373496496182407
2009_000013_cat,0.8016207048181418,0.7551810962618632,0.846077457795432,0.8149001728500213
2009_000022_train,0.7417975495436231,0.625697610020023,0.8758445118966024,0.8249900336010023
2009_000032_aeroplane,0.047104888467014716,0.187366452991453,0.1210880195599022,0.21602351492522492
2009_000037_bird,0.5321717990275526,0.3571742543171115,0.8882073109664497,0.8816881019987751
2009_000039_sheep,0.928673881862042,0.7603463203463203,0.9735413839891451,0.947668357773299
2009_000074_motorbike,0.6827043862818991,0.510330613417127,0.673218793257878,0.4818287753541386
2009_000074_person,0.15314185375642794,0.3588155937597288,0.5678521881700088,0.6005045925809122
2009_000080_cat,0.8426046835553234,0.7423910320641283,0.9098653864256802,0.8800028613326657
2009_000087_sofa,0.4390708535611135,0.3616893273974251,0.7330638836942752,0.5778621812262615
2009_000096_sofa,0.7715020478140775,0.6485693762719981,0.8984213944819407,0.7012274890750689
2009_000121_bottle,0.8710921041543777,0.4964025408518409,0.9071866822070239,0.5872012412518156
2009_000149_bicycle,0.15673715079487574,0.4608073835856407,0.1993122009569378,0.6486021505376344
2009_000149_person,0.47855029585798814,0.38437933082557907,0.5318311874105865,0.4112532968643157
2009_000156_dog,0.31456548347613217,0.49806759890380153,0.8523775727466288,0.9060084090600841
2009_000201_bottle,0.6686919385374015,0.6223094625693787,0.8701041378674776,0.7967157417893544
2009_000205_aeroplane,0.24260471204188483,0.2143655455632375,0.45609942484816796,0.48953809711804186
2009_000219_cow,0.5190292583352234,0.386421983455358,0.8503681538513264,0.6186114924494999
2009_000219_person,0.05507740884090446,0.04956540173839304,0.04891525768995722,0.01694990460132227
2009_000242_sofa,0.8442038509561675,0.5073875629160578,0.8957196258401924,0.5764894277590771
2009_000309_cow,0.24300816271912218,0.23775960719871705,0.35216989233106544,0.25229989423479876
2009_000309_person,0.6289619164619165,0.4497073928102233,0.9239170270468372,0.8611809645074009
2009_000318_bird,0.8150494810523775,0.6332779284402065,0.938085150003417,0.8812244247223255
2009_000335_bus,0.8771320543341269,0.5333394583917128,0.9579763674539074,0.6851436388508892
2009_000351_bicycle,0.2973008732468907,0.7386368966649468,0.280465623863223,0.5382066574909518
2009_000354_bicycle,0.5450730848021218,0.6125555121327317,0.6139637797926838,0.5586004573769355
2009_000387_aeroplane,0.9049111807732497,0.8512058347954725,0.9297276789478122,0.9103795315213155
2009_000412_horse,0.79265877584857,0.7791066892464014,0.7120908021316354,0.7072920358308179
2009_000418_person,0.8637701132300357,0.5976836571338222,0.9436873180200582,0.8736027515047291
2009_000418_sofa,0.09788213235607449,0.1695526489023727,0.15323087231458604,0.2518896115310248
2009_000421_person,0.6465462001794182,0.9018894089096897,0.5805349182763745,0.7783721137559062
2009_000426_bus,0.891910459724051,0.5404278417922969,0.9628214252560572,0.796694933681235
2009_000440_aeroplane,0.8456480732956076,0.7684625568410752,0.8785422838298586,0.8706707025649195
2009_000446_boat,0.7950804339693228,0.5482755890967623,0.8692135432333968,0.6532207201031069
2009_000455_bus,0.8717525773195877,0.6398261127303265,0.932627420859165,0.7899245237809992
2009_000457_bicycle,0.16705347196435202,0.6027501494646448,0.19921749383642406,0.6974865350089766
2009_000457_car,0.7644023170089521,0.5479989537012817,0.7808591625883632,0.6683500289759086
2009_000457_person,0.6262724188075618,0.5771257727779467,0.8121516774123047,0.7517289073305671
2009_000469_boat,0.6429126256685679,0.6110341963173197,0.7084339186339034,0.6954697986577181
2009_000487_sofa,0.7275419545903258,0.619607352757284,0.8748635867588214,0.7756957068941407
2009_000488_pottedplant,0.7912839906356924,0.6235689528410882,0.91180749181719,0.8097829044017629
2009_000523_car,0.776091630830301,0.43168227923018837,0.9311954830069854,0.6557962157140762
2009_000573_bicycle,0.3975472883669534,0.6319136461355743,0.44857115366111805,0.7135066407267269
2009_000619_bird,0.8777289624873268,0.7384281372123317,0.8970520345578051,0.8119049863323593
2009_000628_train,0.8932948445254735,0.8509216680422906,0.9172317510969286,0.8839758889922732
2009_000664_bird,0.8374719856566563,0.7390033521380099,0.8655980644185695,0.7645353082298947
2009_000675_sheep,0.8117438772499262,0.7025920569585048,0.8862135388002201,0.8608243254171496
2009_000704_person,0.7865389527458493,0.6857656021789761,0.7843773471533724,0.6923621100290046
2009_000705_horse,0.5964050773649587,0.8212468193384224,0.6589060593737291,0.863096523429065
2009_000712_train,0.9165964980460738,0.6401606150044615,0.973048241576137,0.8971878918144367
2009_000716_cat,0.7955546978030815,0.6149924235671629,0.9139405637458817,0.7815096811167056
2009_000723_boat,0.5432309573805293,0.5956545810950336,0.7726982282892826,0.6861943452534975
2009_000727_person,0.24899127944813224,0.26850400958613696,0.2684896571266648,0.3469088624823326
2009_000730_motorbike,0.6950451442413565,0.6864808813998704,0.9161662262791256,0.8489914219632871
2009_000730_person,0.5915794130659194,0.581604211830288,0.9207156308851224,0.9094596138466812
2009_000731_cow,0.6126895173552283,0.12572454346421952,0.6248085644740055,0.20673622941510506
2009_000732_sofa,0.7335215700796149,0.3075910280725403,0.9478640951694304,0.7693343404157499
2009_000771_cow,0.9124043890706772,0.6587366402726982,0.9521854832627643,0.8290150645889625
2009_000825_car,0.7958729118899444,0.5960757231069224,0.8870393120393121,0.7812859254393169
2009_000825_motorbike,0.6758647149096919,0.5793101847553617,0.7374855391926961,0.6719529667506546
2009_000825_person,0.73513165656674,0.7655865977830165,0.769891713747646,0.728419516263553
2009_000828_boat,0.8769970019302641,0.7830697744135502,0.8887617958249928,0.8190134458420409
2009_000839_dog,0.9624092017579322,0.5043264336613505,0.9759632542462494,0.45110204081632654
2009_000840_bottle,0.18133466301005569,0.3862178608628913,0.34032283589175505,0.39950021729682744
2009_000845_train,0.7356621149571293,0.6149344978165939,0.7698585060875288,0.6616002956666359
2009_000879_bird,0.31406236577613605,0.20540707979831008,0.4566009571058524,0.3324813840898479
2009_000892_dog,0.8272907053394858,0.7469735266728749,0.8936372269705603,0.8529830894926848
2009_000919_boat,0.758739537173806,0.8762726488352027,0.8187341772151899,0.9191318046560476
2009_000924_sheep,0.8819564995404882,0.777347323110035,0.9210693320640965,0.8929113246274206
2009_000931_horse,0.824792030399507,0.8828308681289248,0.8890179163901791,0.9323480115800701
2009_000935_dog,0.8092800862010909,0.8522870128614254,0.8733740894901144,0.8852427464754847
2009_000964_cat,0.3112541894514024,0.37234375,0.6666952937135006,0.7976332000432292
2009_000989_dog,0.5308457711442786,0.6582070476538251,0.8055201698513801,0.8600313752832491
2009_000991_bird,0.8163809053904033,0.6582353908112106,0.8964282873279771,0.7987945099368207
2009_000998_bird,0.7151754989676531,0.5236811286325136,0.7710950528071151,0.6041727629191783
2009_001008_cat,0.7886689146329249,0.5352156591027195,0.9461009836570483,0.8613408456528482
2009_001082_bus,0.9161185176484408,0.5447096867960177,0.9819945252029451,0.7993078892622819
2009_001108_bird,0.6844718627746013,0.6081473733147373,0.8707886676875957,0.9339502504457085
2009_001160_bird,0.689420684067365,0.42721165838821906,0.9264778371819664,0.8340269626151603
2009_001215_diningtable,0.8480583556157211,0.06429344084964106,0.7897279885468862,0.0626479350910868
2009_001215_person,0.5330818073065243,0.3580141236892788,0.9215924262653234,0.826302729528536
2009_001240_car,0.8455512685607389,0.6540643851161679,0.9185477691990335,0.8295939808852437
2009_001255_bicycle,0.18229278319315015,0.3725157513518877,0.2277096243834577,0.6134775035627842
2009_001255_car,0.26949194885421635,0.13065597667638484,0.3278293304221252,0.14743995175548266
2009_001278_bottle,0.7561721138020221,0.7162921348314607,0.81672760511883,0.847162083089526
2009_001299_person,0.8179990810934987,0.697718849107791,0.8980110258350449,0.9002561342291845
2009_001300_train,0.807523235367998,0.6795080752704105,0.9140568099053168,0.8271876719867914
2009_001314_bird,0.7797444133123761,0.7769826819663801,0.8463136033229491,0.8634355275022543
2009_001332_aeroplane,0.8910021945866862,0.8741978524683907,0.9210292812777284,0.9045003715310309
2009_001333_train,0.8170510824961087,0.5305343511450382,0.9553903345724907,0.7443789676016085
2009_001391_cat,0.7377533588808347,0.4039830601292395,0.7912905286957091,0.5171027376502677
2009_001411_cat,0.9143122588022298,0.7308232931726908,0.9448628229653486,0.8066890356099145
2009_001433_horse,0.6578163303790308,0.5207200989273286,0.7473288315240619,0.6340062862669246
2009_001433_person,0.7156356444346775,0.6274564202154714,0.7477002468027821,0.6789397545382426
2009_001505_sheep,0.6925833423824519,0.6108562884873673,0.6776009952203235,0.5728454172366622
2009_001535_dog,0.9469962964744361,0.7451392182101484,0.978767277765248,0.8941211984001207
2009_001536_car,0.047539036472667225,0.023180565737253217,0.09502013383933486,0.028454986943895356
2009_001565_bird,0.9044506134145249,0.8082614850083645,0.9395341614906833,0.8730169423018627
2009_001607_bird,0.6752973054342918,0.5191935841759914,0.8771466314398944,0.7869233928001095
2009_001644_pottedplant,0.7204596797956979,0.682911148257683,0.819009987926682,0.8004126547455296
2009_001644_sofa,0.31659007620266416,0.30949181413835525,0.2606181961757572,0.3454410529810377
2009_001663_bicycle,0.10601719197707736,0.29918550765341945,0.11732522796352583,0.30361513180896443
2009_001663_person,0.21788990825688073,0.184054763497864,0.0005831357151187653,0.03628567650781058
2009_001683_bird,0.49685403050108934,0.43930582649343003,0.6522672268140097,0.538603585703934
2009_001684_pottedplant,0.34446671120017813,0.365628200291058,0.38305024769992924,0.46951828363243825
2009_001687_dog,0.8719934874312356,0.7042419292851653,0.9132325141776938,0.7982025927202354
2009_001687_person,0.8957126712812544,0.7734118349758948,0.9293545793436152,0.771137209010741
2009_001718_person,0.8116206921430461,0.7176313283766537,0.9021820117083555,0.8576637638882931
2009_001731_sofa,0.3569176440913104,0.2633980357280953,0.30180350611678647,0.1866327474560592
2009_001765_bird,0.6602269983095871,0.6446837146702558,0.8721938208490776,0.8098823266967821
2009_001768_person,0.8223911541119557,0.7233568075117371,0.9212351387054161,0.9135901245856669
2009_001768_sheep,0.8722744412262965,0.7085064981862733,0.8856892707150577,0.7823258631132647
2009_001775_chair,0.2131250843948328,0.12352487694953448,0.3031893649797455,0.18297217110451797
2009_001775_pottedplant,0.40690804423572186,0.40595855656660146,0.39492123702650017,0.4142708468843502
2009_001775_sofa,0.21641986633468746,0.18607752164541702,0.0,0.0
2009_001804_bus,0.9451222616280056,0.7009843256834108,0.9542935817242317,0.7277628032345014
2009_001816_bus,0.8946780851095083,0.6646569189835722,0.9293966432019609,0.7827174288982893
2009_001818_bottle,0.8428705931582802,0.6024750260921425,0.9563321188031357,0.8777760214968782
2009_001850_aeroplane,0.8659630904678594,0.8693973904998884,0.9321106434155141,0.9356095628054418
2009_001851_aeroplane,0.8954553817847286,0.8444766153573433,0.9207066711869515,0.8933456506839109
2009_001854_bus,0.9261240029006527,0.6075937441115508,0.9629450772075712,0.7808394494214747
2009_001854_person,0.7331130690161527,0.8288875716261609,0.8220784472300849,0.9168775549931867
2009_001941_boat,0.7907251893671472,0.5292360409436366,0.9180806372415298,0.6491290563887009
2009_002012_dog,0.8730582887967634,0.6884151534298508,0.9045379367376473,0.7905936073059361
2009_002035_cow,0.7895209043603086,0.7307462983205804,0.8397415443522654,0.8601243339253997
2009_002042_person,0.8181907186215,0.7789182254034709,0.8740462004808195,0.8694866986177676
2009_002082_sheep,0.7639482564679415,0.6641439854693563,0.8580512436880494,0.7267894785079277
2009_002097_horse,0.7335499593826158,0.8921461820342677,0.7650344663655811,0.9014890050290898
2009_002122_cow,0.8746044690915022,0.8386007563479201,0.9337240603809589,0.9047955863629934
2009_002150_cow,0.6883993233096999,0.4376018684993195,0.8604952937951201,0.7157129037059086
2009_002155_dog,0.5575892085086759,0.30223360578552866,0.6269991504076553,0.4125767364124321
2009_002164_car,0.0418008611045191,0.14389406571848945,0.09501667845951683,0.19777849323889246
2009_002171_cow,0.37778117593088156,0.6165623123767047,0.9007112579926719,0.920568355616952
2009_002185_bottle,0.2613370733987845,0.3372415432147667,0.30974603863685696,0.34800487359122756
2009_002185_person,0.910140712945591,0.49474003405565536,0.9717203839550491,0.7607514583095047
2009_002202_train,0.9121509796593882,0.7792927827740709,0.9368547222751914,0.8516533217193206
2009_002221_cow,0.520932117909899,0.5032411459935177,0.6150689723637808,0.5762945853742716
2009_002238_bus,0.809624314056564,0.34722501845513726,0.8227905503202281,0.41839712555456215
2009_002238_car,0.3305569165441777,0.5722594637223974,0.45367258761401824,0.6261113258600696
2009_002239_car,0.08337818662230269,0.11464588733437445,0.00276312484300427,0.08249664904782378
2009_002239_motorbike,0.07120146579365721,0.18875777667435814,0.04042513066436769,0.10950021292245751
2009_002265_train,0.8814265335235378,0.6672654846520347,0.9047481432245759,0.6983272650519762
2009_002268_cat,0.8785900783289817,0.550430103841804,0.9464373263605165,0.6983636571690125
2009_002291_train,0.9417439922108959,0.7855049378783052,0.9536242658538399,0.8338672768878719
2009_002295_bicycle,0.19092360044568915,0.6347847358121331,0.19628538939265824,0.6842935281670459
2009_002317_motorbike,0.6922549691569568,0.5227658542500303,0.8849381790932934,0.7554537603724703
2009_002317_person,0.6016521340064249,0.4972528238739367,0.7716676999380038,0.7340328285839196
2009_002320_aeroplane,0.8234937935210415,0.875609756097561,0.815311289842121,0.887270041627501
2009_002346_person,0.5633778005541054,0.39897755723130895,0.8942311509905904,0.6993076667603403
2009_002346_sofa,0.605572904155657,0.3006819759606877,0.3687689952747521,0.31568500209947703
2009_002372_person,0.8853246726635657,0.5014898217487607,0.3993186813186813,0.5438608458390177
2009_002382_motorbike,0.6321482475264129,0.41461772450194173,0.818310350170437,0.6100516414607156
2009_002382_person,0.5611373011196229,0.6960565080041174,0.670862082038062,0.7665625221898743
2009_002415_chair,0.5187978339660976,0.3586738464787245,0.5812777142208817,0.5069293688944022
2009_002445_dog,0.5940724893027939,0.6883237273789852,0.9037594876660342,0.8532879601226994
2009_002487_chair,0.33676417479234383,0.7446418052471793,0.2956940680517916,0.3827839756592292
2009_002487_diningtable,0.5622246156858905,0.4909043523586135,0.5279652844744455,0.5
2009_002487_pottedplant,0.387143072971748,0.68992,0.6054209342992756,0.5213837673446113
2009_002521_bottle,0.7414370528238697,0.5491765712365181,0.924635300559271,0.8271917529502193
2009_002527_cat,0.808918491758862,0.6789986390659695,0.9036299740248401,0.8454230558875362
2009_002535_bus,0.927123989749655,0.7115056675694653,0.9589701675521046,0.8153944882170487
2009_002539_dog,0.8958812376457299,0.8033669492546909,0.9127034038204543,0.8518193424832429
2009_002549_cow,0.7856720222110964,0.8182064114703097,0.8998265578070138,0.9098411667613713
2009_002568_train,0.9038480354472136,0.6962816420124994,0.9323857927157815,0.8022548362263776
2009_002571_chair,0.09264482534172272,0.19490186743989787,0.0821310916732932,0.20385357420260078
2009_002571_pottedplant,0.09619135612360127,0.5256867267771022,0.10688273852876912,0.5643543669034684
2009_002571_sofa,0.6940191238047622,0.5333027733211093,0.9299830261881669,0.8078119827871566
2009_002584_person,0.6752037566794408,0.3878769707418235,0.9281698281750828,0.7705928919628349
2009_002584_pottedplant,0.23545419204354023,0.3092373328220124,0.48730679156908663,0.4638222620737752
2009_002594_bottle,0.4066449245821443,0.5418443496801706,0.7270977675134719,0.7662529294332089
2009_002604_bird,0.7112850082372323,0.8663101604278075,0.7842996038890889,0.9044821861831184
2009_002618_car,0.8808272702775533,0.4703427580062831,0.9758365573881762,0.7755710029791459
2009_002635_cow,0.6844174075807207,0.6230389959659346,0.7423898228078146,0.7190245651784113
2009_002638_train,0.8295741163124676,0.49303285738861174,0.9313490223882632,0.7423991799268458
2009_002649_bottle,0.6739521161150298,0.46991387987920813,0.7394790229651871,0.6644866385372714
2009_002649_person,0.6497599329745755,0.34767234658647955,0.9592419279363594,0.8536233556427417
2009_002651_motorbike,0.7774400073695362,0.6976589896692257,0.8005567153792623,0.7685079365079365
2009_002651_person,0.5805742748315266,0.6948080415857707,0.6477053319471261,0.8078605514316013
2009_002727_boat,0.15102989004181508,0.26459907223326706,0.0,0.0
2009_002732_person,0.8245419894257962,0.41242273528991147,0.8489698359005898,0.527417192557957
2009_002732_sofa,0.43902932977532105,0.314672643813921,0.957949701373566,0.7280828006603733
2009_002749_bottle,0.2507973586092269,0.3793324050728183,0.4195069378957295,0.38281281082156354
2009_002753_cat,0.7814220562867743,0.6196759719735649,0.8737282120041012,0.7927568366592757
2009_002808_aeroplane,0.7282995163012752,0.5085478566568383,0.9364948918753424,0.8907011355990948
2009_002856_bottle,0.6760860396457191,0.481316393530134,0.9418017868960953,0.8738787961571735
2009_002887_train,0.014633001199853932,0.09570878488349013,0.0,0.0061732750105827575
2009_002888_aeroplane,0.6265785894695939,0.888068577070664,0.7454824411864984,0.9379776200873362
2009_002928_bicycle,0.23545896399223504,0.471304143126177,0.31268151016456924,0.7229916897506925
2009_002936_cat,0.8828491096532334,0.7535080150765179,0.9479025710419485,0.9142064592827422
2009_002975_horse,0.3796298129268534,0.3512332990750257,0.9082610246047783,0.8533264661755156
2009_002982_train,0.9280262453133369,0.7721668961542156,0.9634759246821224,0.8933581800921205
2009_002990_car,0.5893870601589103,0.4364934591129411,0.9631523930411409,0.8682160882297962
2009_003003_bottle,0.1861276258422513,0.25380830236088575,0.32760562642428687,0.29477933394048295
2009_003003_car,0.6983813752437334,0.4891037810473026,0.905517209855099,0.767289369446526
2009_003003_person,0.7810816876122083,0.6488000296746912,0.7543507362784472,0.6000312597686777
2009_003005_aeroplane,0.7972189488569409,0.8558657284577229,0.837645664625716,0.8908235706564609
2009_003043_boat,0.6232054733064154,0.7439192662536187,0.8146247594611931,0.7160320112567057
2009_003059_cow,0.8769379516232996,0.35679108695067147,0.9031539433062027,0.6019214171512656
2009_003063_dog,0.8445208000981715,0.8609417468596194,0.8866482563740287,0.900191362425425
2009_003065_bicycle,0.2260403530895334,0.7324861518409905,0.3084023347359848,0.8765289637664436
2009_003065_person,0.7972939424031777,0.7750179125865775,0.8568386773547094,0.8689230401243796
2009_003071_chair,0.1303992303992304,0.20489899345393117,0.15885752495581984,0.16319599940289595
2009_003071_diningtable,0.09483797970804815,0.21483242679868417,0.22934451785316606,0.3485209235209235
2009_003071_person,0.8859139513345121,0.794203051581226,0.9203402938901779,0.917949318195119
2009_003080_boat,0.7794227460147398,0.6132700014843402,0.8109821910415542,0.6564191017316018
2009_003105_train,0.9606864603074331,0.8527049601644822,0.9711851245566538,0.8639478192120174
2009_003123_chair,0.20803782505910165,0.5991921005385996,0.4362585771036475,0.761027773652161
2009_003123_sofa,0.7265112823846225,0.42024989228780696,0.7719965362749897,0.4900559953659008
2009_003193_bicycle,0.18655790033693917,0.4979512195121951,0.22945716039638692,0.6883743292285741
2009_003196_motorbike,0.893722998729352,0.7528012898024989,0.9170244684703326,0.7997112211221122
2009_003217_dog,0.8563119445349215,0.7341647602882936,0.8806957487162881,0.823954747992209
2009_003224_bicycle,0.3243212082780884,0.5583955855175824,0.3979591836734694,0.7009300640173934
2009_003241_dog,0.14487301371723482,0.16553115432939886,0.2660536792784985,0.19095271222418436
2009_003269_car,0.11771700356718193,0.16022540897430507,0.0,0.07774855339295107
2009_003269_person,0.8000598964646825,0.46546546546546547,0.9581051570636654,0.7550534077209902
2009_003273_bird,0.7839376936604975,0.32279709655638084,0.9607896194930869,0.911072014074933
2009_003299_train,0.5794237331435558,0.4555965954713345,0.5913726771196284,0.4863780943161388
2009_003304_bus,0.9242947076793687,0.684758423394787,0.9687495954535451,0.8669226615467691
2009_003311_train,0.8502409306077395,0.5750189681335357,0.9291623902980541,0.738583951449764
2009_003323_horse,0.8658486521005336,0.7619800935996309,0.9152120770253463,0.8990699404761905
2009_003323_person,0.7848386642243201,0.6546594005449591,0.9085008706664556,0.9401863757855956
2009_003343_bicycle,0.09327367636092468,0.16951513326306278,0.06502273620389604,0.18391879964695498
2009_003378_bird,0.8066207385644091,0.7313019390581718,0.9380405901972978,0.8929970560281879
2009_003387_car,0.07664474519462712,0.2002659002483039,0.04121306376360809,0.12265983065330537
2009_003406_car,0.27537604582459463,0.36253905140585063,0.9595108102205722,0.8341735492867103
2009_003433_train,0.7972299763796435,0.5999816841430469,0.8522346368715084,0.678538947471917
2009_003450_bird,0.8534209333937471,0.6420749279538905,0.9298211318541687,0.8181549628629304
2009_003466_dog,0.3660819331896837,0.3840986788984521,0.5458339916785169,0.4320936410426698
2009_003481_horse,0.7507186242407579,0.6523346303501946,0.8189137347938015,0.6136451606331615
2009_003494_chair,0.21057970279454277,0.5332719419412835,0.20020658646251063,0.2983587977594211
2009_003494_person,0.8295921593423965,0.75419708877831,0.8703708655311639,0.8323242396182065
2009_003498_bird,0.6420722773888979,0.5446773112738869,0.8915294243871037,0.865021350510241
2009_003504_boat,0.7104450733213274,0.5773976306346164,0.8332299609617279,0.687101617609564
2009_003507_chair,0.05001651800462504,0.351061473724175,0.06763446614931763,0.17776757005052826
2009_003507_diningtable,0.22501532801961988,0.299379627776666,0.3672790901137358,0.34963970364356034
2009_003507_pottedplant,0.21606899682251476,0.33642849054467217,0.19440042260961438,0.4695459579180509
2009_003517_bottle,0.667683070959202,0.4667545466732204,0.9644644062274558,0.8988117530897825
2009_003542_cow,0.9274276208559474,0.6107429263126041,0.9670658162289925,0.824129946674151
2009_003549_car,0.6776477994019829,0.3995163390587214,0.7609347646124826,0.5147199426340531
2009_003564_pottedplant,0.27763755678950025,0.5440857387073443,0.3410116361909285,0.614711149432911
2009_003564_sofa,0.2480935221654236,0.10753945061367622,0.38940106616494197,0.06609801675809271
2009_003569_cow,0.5363188058110089,0.6709507162930975,0.6315195003654243,0.7826195130620224
2009_003576_person,0.8905657953888639,0.7941992783791285,0.9521980659762704,0.9232017589781175
2009_003607_sofa,0.9297369546621044,0.627151831606429,0.9208523100444674,0.5608934718145108
2009_003640_bird,0.9125339945608703,0.8180242634315424,0.952428517917343,0.9104528142192129
2009_003666_sheep,0.8301453362749335,0.7975028606044289,0.9004336513443192,0.900310667475505
2009_003696_aeroplane,0.7457577955039884,0.7452773819920026,0.8524315488353086,0.8741641974984923
2009_003703_bus,0.9339285060026136,0.6754829970770656,0.9598857764481915,0.8032615461222458
2009_003707_boat,0.46365054602184086,0.4380936227951153,0.49147865606232755,0.506342393896042
2009_003756_dog,0.7146483570010117,0.19221407467507615,0.8435055469628014,0.35478376469610734
2009_003771_cat,0.9411164734563908,0.8571016628752683,0.9594877882453969,0.8993341167254211
2009_003773_cow,0.8044906496062992,0.6019164040365453,0.8951608262845964,0.5005490748606592
2009_003804_horse,0.08820054747154589,0.32493365639783084,0.27955160201890633,0.4589822826534817
2009_003806_aeroplane,0.8329664018378482,0.7673292080755048,0.8937286667685568,0.8870435152188838
2009_003810_dog,0.8706078292654168,0.697951146644939,0.9178902927389563,0.831936127744511
2009_003849_chair,0.32764982822242017,0.4690881357548024,0.4428422967004417,0.37919446978061544
2009_003849_person,0.9365205241493901,0.6901030329415179,0.9584162624876814,0.8426275279203139
2009_003903_horse,0.6931070818647578,0.7452095579815253,0.8300385428322765,0.8696901644336176
2009_003904_cat,0.9244579062443584,0.7403883245467404,0.9547015975498717,0.854975252211073
2009_003928_dog,0.5066392218589821,0.4350749264115601,0.609946799935515,0.49744295830055074
2009_003938_train,0.7692864321608041,0.6328571823280745,0.9154506437768241,0.8248514424194138
2009_003971_bicycle,0.43228979249130384,0.6959675252962422,0.515616202431027,0.724110929853181
2009_003991_person,0.4531893448524118,0.5081151522331477,0.4900510043448146,0.5769108876660233
2009_004021_bird,0.8817572386250179,0.8707826932425863,0.8527204502814258,0.8289746001881467
2009_004033_dog,0.504014272970562,0.5524826344224337,0.8762376237623762,0.9097515856236786
2009_004043_motorbike,0.7119070189176936,0.5517742161254199,0.661539911412685,0.49587534372135655
2009_004043_person,0.2659281894576012,0.41394290442697557,0.6513970588235294,0.714439099811029
2009_004070_sheep,0.77599486521181,0.8341054489300684,0.8672413793103448,0.9192975120217437
2009_004072_bus,0.9234988165181889,0.4285114655591393,0.9582066810227546,0.5834027409706973
2009_004084_bird,0.7825494205862304,0.7345840439643737,0.8681984597904305,0.8705044371788884
2009_004099_cat,0.529482012240633,0.45086669921875,0.9122039134912462,0.936391223155929
2009_004125_boat,0.5859278115005548,0.5177543773723522,0.5707429189481511,0.4909432617219144
2009_004125_person,0.4408682634730539,0.593437052932761,0.6427125506072875,0.8973559322033898
2009_004140_chair,0.5917038238075936,0.5240136540446138,0.5221400583330879,0.4681057744198597
2009_004140_diningtable,0.662880608099253,0.47328342798141454,0.6167272419913786,0.4966168419757643
2009_004221_person,0.8044917455794854,0.7030063245444307,0.8880417517585659,0.8174524934561648
2009_004248_cat,0.890218497165835,0.5459189019279128,0.8984629372519628,0.5493603411513859
2009_004255_train,0.8152238420848923,0.5507886291735895,0.8561600238356424,0.6767175293859969
2009_004298_sofa,0.9356879843673149,0.7759578824217608,0.9818835607037962,0.9258701620759897
2009_004324_bottle,0.4216272354222605,0.3504044766133447,0.4523033969288041,0.38064227797995276
2009_004455_car,0.39059674502712477,0.4770350159163256,0.4854452054794521,0.6418989547038327
2009_004455_motorbike,0.7956941281431221,0.5537924337279696,0.9187596500257335,0.7433510638297872
2009_004494_car,0.5671763506625892,0.7335124120044461,0.6480677825997107,0.6695627267519573
2009_004497_horse,0.9437821915212485,0.6395399927407492,0.9635529681573608,0.7847868596010951
2009_004504_cat,0.6656400453129425,0.3716298346586998,0.8562776454576386,0.6270682713993635
2009_004507_dog,0.9189534141671984,0.834904112158297,0.9511566001527001,0.9010563976116228
2009_004507_person,0.681735017180597,0.43133783335177606,0.915649896930191,0.8242973068328825
2009_004540_bird,0.8070264765784114,0.7392407069826424,0.8765939942410531,0.8276523843297593
2009_004568_bird,0.6700838168923275,0.8399320693500963,0.49134798408029073,0.5579816813869807
2009_004579_bottle,0.33018679341669815,0.3759057788184002,0.38174682237718593,0.36762338116905846
2009_004581_dog,0.5830070477682068,0.3965756011582525,0.7720437176431917,0.7503315988164473
2009_004590_bus,0.7806696200374851,0.3770933625769038,0.9310327276428971,0.7595739424053587
2009_004592_dog,0.9016285211267606,0.8411230856494611,0.8593315707409667,0.8237126926861266
2009_004594_car,0.9610673798741756,0.8190195470058951,0.9823816892129977,0.9216546126910364
2009_004635_boat,0.7986935866983373,0.8543297355194859,0.759829320329168,0.7292670766162539
2009_004653_aeroplane,0.8501504513540622,0.8793402777777778,0.855252606255012,0.9302364027111919
2009_004687_sofa,0.6944776281494353,0.38163929180887374,0.9416854504471751,0.8105473178252391
2009_004721_cat,0.8451343432454336,0.6619154298515821,0.9233870482471448,0.7931981193589348
2009_004730_train,0.7183878139930934,0.6997411023425559,0.7780418020464575,0.7563181610396396
2009_004732_bus,0.9381661830810168,0.6990669969954141,0.9511030697419836,0.7535387177352206
2009_004738_motorbike,0.7690996772906922,0.6559381948799817,0.8806794924273434,0.8673565086907591
2009_004738_person,0.6040113985094256,0.5344441799571531,0.7824557288612642,0.7545285359801489
2009_004748_car,0.9094019110534387,0.7243743064973492,0.9745235015092713,0.8756197013699434
2009_004789_bus,0.8730796670630202,0.5239530456852792,0.9145936774869633,0.7362598077031629
2009_004799_train,0.8413396749900912,0.7012603387160299,0.9207090669541262,0.8539172083475881
2009_004801_person,0.3687061822817081,0.5998547567175018,0.6916627852817886,0.8001428571428572
2009_004848_bicycle,0.11807817589576547,0.45026767142905855,0.1743445692883895,0.487753463160008
2009_004848_person,0.7516662038322688,0.76863633096111,0.8486159814966798,0.9150993477931139
2009_004859_person,0.8281890335633137,0.5271263563178159,0.9637394251858604,0.9004260872903151
2009_004867_bus,0.9672412282348818,0.8443755686988171,0.9752949480689724,0.8891941659603075
2009_004882_bicycle,0.12514036182158453,0.6290363633278468,0.14610063022191203,0.6810779676400258
2009_004886_bird,0.5388841927303466,0.37351292392765645,0.818766174138075,0.858631896005073
2009_004895_bird,0.6837338209663133,0.49932441561951085,0.7864710140159242,0.7274500123426314
2009_004942_horse,0.8678627867256213,0.8160595256549372,0.9084617393575346,0.8900377121307353
2009_004969_aeroplane,0.7882191910133572,0.6418483438883595,0.883517091848503,0.8106961236655104
2009_004987_motorbike,0.114723641430562,0.4257584389688079,0.16121658518001142,0.4545001246571927
2009_004987_person,0.5367436245661688,0.5140946760421898,0.5002281170566382,0.5489412205634331
2009_004993_sofa,0.1421997238840313,0.07510512588492042,0.0912043690715723,0.05681917720225408
2009_004994_dog,0.61896813353566,0.36285562599544047,0.671031029387621,0.47524561120953457
2009_004994_person,0.32894849785407726,0.1828665568369028,0.3508018047932496,0.2506697852434616
2009_005038_diningtable,0.29551139521956643,0.2736430512293724,0.3787119166988045,0.3809004092769441
2009_005038_person,0.8210132501948558,0.5717521381968155,0.8682356786794149,0.685689299071507
2009_005078_motorbike,0.7374184038744999,0.6559606214428549,0.7936940101879502,0.7342745829309714
2009_005078_person,0.5869565217391305,0.8294469757884392,0.7692501258178158,0.8928339668119032
2009_005087_bicycle,0.1969473825143928,0.6630418365805769,0.24479624743476985,0.8383991281181884
2009_005087_person,0.6576186729609231,0.8450572805971697,0.772740696987596,0.9174962931582292
2009_005089_sheep,0.5408866995073892,0.6571238348868176,0.8702749140893471,0.9329404268875438
2009_005137_bird,0.8905600182305019,0.7695194847319401,0.9250900927512259,0.8777440748547632
2009_005148_train,0.0524871658700655,0.16037599942375566,0.0898247680753939,0.16429670380903538
2009_005156_bicycle,0.15227546880140366,0.5970302577512141,0.16682964058289013,0.6788640454920171
2009_005158_cat,0.9326366603582106,0.8141013858765578,0.949222682026619,0.8687854114292146
2009_005189_aeroplane,0.7245585874799358,0.8533839551006933,0.794101162953622,0.8834039174166225
2009_005190_bottle,0.2782916748671521,0.27270795708063317,0.554793868418547,0.43082668477338315
2009_005217_horse,0.7176248354290293,0.6318926059042177,0.7660711070206678,0.6794891241695235
2009_005217_person,0.8098648492549382,0.6348731961403808,0.8776386843397153,0.7248256624825663
2009_005219_cat,0.671377949585246,0.3308630427744001,0.8112198178225457,0.58049376017363
2009_005220_train,0.9155857825277306,0.6897879494549596,0.9451038329377003,0.817721213583449
2009_005231_bus,0.8968259923463645,0.844853450265405,0.9059250818971657,0.8433510173147555
2009_005260_bird,0.7715679955805175,0.6177857935627081,0.8760951188986232,0.7724789167359544
2009_005302_bottle,0.08721007289595759,0.2731315659827171,0.08121098137554528,0.20361733891744066
2010_000003_dog,0.5065761784511784,0.4712418694290532,0.9519067075246851,0.9590083597578553
2010_000038_horse,0.8609494771648809,0.8345667855974324,0.8889702182167528,0.8683155187013692
2010_000038_person,0.800603915035402,0.8260709978501389,0.8834442868056314,0.8991242296464482
2010_000083_bicycle,0.27288494893042975,0.7368010149311994,0.3516797712651894,0.9305670529801324
2010_000083_person,0.667900403768506,0.515617537491642,0.7318456883509834,0.5190917421851136
2010_000084_person,0.5309265337036102,0.654225167873027,0.7395297575312271,0.8944171922448027
2010_000087_motorbike,0.6330144012625765,0.2354354183282063,0.815206121297232,0.5858012117413559
2010_000087_person,0.5317513690075896,0.516470090691227,0.8726107226107226,0.7767321230085217
2010_000110_dog,0.8992525445292621,0.5723030795177713,0.9224096642009473,0.649677352565651
2010_000110_person,0.7171462960936645,0.5130798744332055,0.9552178372833774,0.8441661491754641
2010_000159_dog,0.9364272175515299,0.30701859628074385,0.9662765536969177,0.5172550476898303
2010_000160_car,0.7918815819503766,0.31169387405467586,0.9152556045261545,0.6359897854276523
2010_000163_cat,0.8824725390790029,0.6770012997935622,0.9534559643255296,0.8663315708161977
2010_000174_diningtable,0.3322764743183259,0.20480499466550756,0.717214961694457,0.4987472035794183
2010_000174_person,0.9057327518259681,0.7673135852911134,0.9505441243712849,0.8674909959361338
2010_000216_dog,0.8826143981346546,0.677617544159058,0.8934588701684837,0.729346665372294
2010_000238_aeroplane,0.5021779548472776,0.4174340597524897,0.876053361511029,0.6889567700378512
2010_000238_person,0.7349697616506581,0.8832116788321168,0.8236359975840548,0.857758898114179
2010_000241_bird,0.8440607844697271,0.7939751363623778,0.9056579566351622,0.8872067525757712
2010_000256_person,0.8100358422939068,0.6626555170303896,0.8965352677293118,0.7876046650717703
2010_000256_sofa,0.39179128020695314,0.38328479169304797,0.5210749646393211,0.46650488026028053
2010_000272_boat,0.8899814826639423,0.8151113416096722,0.9091144484722942,0.8581883503542796
2010_000284_sofa,0.6877376263058743,0.468466809106314,0.8853751760209213,0.7001747802395517
2010_000309_sheep,0.574069569447823,0.6764218990185645,0.4718277599633532,0.45990593768371546
2010_000330_pottedplant,0.6884820565770489,0.300512864592287,0.7650880568299541,0.5589674834832894
2010_000335_bird,0.5766536964980544,0.6945962355798422,0.6139188069594035,0.7045781153767193
2010_000342_bicycle,0.19483965414703325,0.39410573901811996,0.2618968799139287,0.7179925862560593
2010_000372_car,0.929793421201707,0.682223598637349,0.9571088321555814,0.8704696620062441
2010_000422_dog,0.8346083058932529,0.55718814561516,0.9366261303398815,0.8006549580743398
2010_000426_bottle,0.06992421572083186,0.024832913114819707,0.07276172012689461,0.0059796160457065385
2010_000427_cow,0.8283312963046792,0.6174108423367435,0.8960242146596858,0.7300421412493442
2010_000530_car,0.27509495387954425,0.3781884901100868,0.8928005074532191,0.7574461426112358
2010_000530_person,0.9520274705852648,0.7976907216494845,0.9612466680336272,0.8162069807175982
2010_000552_cat,0.9218873653439281,0.5698774651972158,0.9691763862087809,0.7791234027518794
2010_000559_person,0.902861156167957,0.6192580688362127,0.9490641247833622,0.8029938906100703
2010_000572_aeroplane,0.7989111548708444,0.7212728344136712,0.7427960438385458,0.6831964006259781
2010_000573_bus,0.912584767866458,0.589250021725906,0.936170774531677,0.6548668503213958
2010_000573_person,0.23914302258251302,0.4136323547940028,0.274582560296846,0.4391547545059043
2010_000622_aeroplane,0.7984950604745638,0.7316252415539415,0.9226646587234797,0.8833499501495513
2010_000628_car,0.8865723236469698,0.842515923566879,0.9729436053460828,0.9610069101678184
2010_000639_dog,0.6695140993845872,0.6048947003008562,0.9210293597453131,0.893204513033329
2010_000639_pottedplant,0.8473617365200323,0.6725355900598845,0.8953536063748755,0.7662422461638916
2010_000666_horse,0.7727864583333334,0.841673951048951,0.837496109554933,0.901552647637128
2010_000666_person,0.7224965435512541,0.7643258662639483,0.7757512953367875,0.8140377485675767
2010_000679_boat,0.2494365138993238,0.6192191053828658,0.3481717011128776,0.775842904779548
2010_000679_person,0.6068627450980392,0.8158798283261802,0.6153846153846154,0.8198678320187593
2010_000682_bus,0.9305183326680733,0.7280590625136516,0.9798932640992355,0.9275293371392325
2010_000683_cat,0.884526878135647,0.36947677614941177,0.9594482049828118,0.6226310109934579
2010_000724_cat,0.7108485193621867,0.42744631844862174,0.899617184176946,0.7523388624232337
2010_000738_person,0.9225934878430258,0.8338609631173912,0.9387399825914698,0.8781842510540534
2010_000764_train,0.08968687282850299,0.05203519222210811,0.5117659117637539,0.16867001921583058
2010_000788_dog,0.8746153259238536,0.6788069720880933,0.9009252815794222,0.7502481697481077
2010_000814_bird,0.9009886876215495,0.4516216629045671,0.9579066997410147,0.7255761188717857
2010_000836_bird,0.6525767226404169,0.8612295849370644,0.724791265253693,0.8989690721649485
2010_000874_horse,0.8595284754198877,0.6532625066804865,0.8906263693613612,0.7250269565637221
2010_000904_dog,0.8649045823805306,0.2117760201628281,0.9655980386071628,0.5812505585510441
2010_000906_boat,0.5615421842232619,0.5306968528065179,0.6348116646415553,0.6233776091081594
2010_000907_cow,0.9407741039294509,0.8157453510822071,0.9648556765769473,0.90258663571547
2010_000929_motorbike,0.38068965517241377,0.88,0.5021834061135371,0.9532936770213704
2010_000941_cat,0.8738046740161398,0.5393973653165552,0.8940078960774325,0.6924306217154799
2010_000952_car,0.9124422589777976,0.6600973181949474,0.9610239201769886,0.8538314547619708
2010_000961_bird,0.7707286069220547,0.5352419539790536,0.7747484400472202,0.5284299412066449
2010_001000_cow,0.7229591479496176,0.44517008201990077,0.7213672029616522,0.4040859346968066
2010_001010_cow,0.9162846540056756,0.9159592317131194,0.9124762543300927,0.9202718466298119
2010_001011_sheep,0.7833125276849354,0.7530282451423345,0.8060157632298536,0.7900784597406934
2010_001016_bird,0.7935045598362181,0.6242335766423358,0.8840298354960662,0.8877895210254104
2010_001017_aeroplane,0.7967137561366596,0.9237346239161122,0.8922054635586963,0.9606791778373548
2010_001024_aeroplane,0.8372313710060062,0.5343973170841256,0.8939322038245969,0.8170446254863813
2010_001024_person,0.6405401827088574,0.7085002043318349,0.5701246946908343,0.6600328272466147
2010_001036_boat,0.4944563314530247,0.5483458437586878,0.8343937298294145,0.8712871287128713
2010_001036_person,0.5111045306485046,0.7867902665121669,0.5857948888151344,0.8399482870071106
2010_001061_bird,0.8734996841440303,0.6882514437186406,0.9190493487623891,0.8028367416330694
2010_001069_bird,0.8320786281890422,0.8365700055075309,0.851876818278578,0.8551391628314705
2010_001070_cat,0.7162162162162162,0.5889043888829274,0.7392572944297082,0.6326933625891388
2010_001079_sheep,0.8120457346878055,0.8215860589053694,0.8830551109078436,0.876130895091434
2010_001104_train,0.8545808966861599,0.7560293212467125,0.9302246426140232,0.8744713700745117
2010_001124_dog,0.9276229923739874,0.761401201436036,0.933883221185153,0.7544799623502154
2010_001149_sofa,0.8697557089750398,0.617241879350348,0.9437087287554577,0.7428322059786167
2010_001151_train,0.8148183972529864,0.7627538219650085,0.9099179786933157,0.8931402439024391
2010_001174_aeroplane,0.9345722579543514,0.8791717825650184,0.9527023113016277,0.9150785310574001
2010_001206_bus,0.9629044083951975,0.8517235759106837,0.9741702477827557,0.9041677169985716
2010_001246_bicycle,0.37374429223744293,0.6121010377912669,0.4399289362647124,0.6552364204767487
2010_001246_person,0.4310474755086662,0.6106120743680802,0.6706204379562044,0.9054054054054054
2010_001246_pottedplant,0.7510984182776801,0.8395614576899321,0.5666977611940298,0.4592101003561023
2010_001251_motorbike,0.8608373880688556,0.5558152458158996,0.9107268686649683,0.611845051500224
2010_001256_sheep,0.5611342882982758,0.5156308186825033,0.8199369472421393,0.5349628848772346
2010_001264_dog,0.9648786268818608,0.7709689132195626,0.9696567245889008,0.7844662291717303
2010_001292_cat,0.8524792393789866,0.4300473348425602,0.9506623259991019,0.6658957627818617
2010_001313_motorbike,0.5360795454545455,0.6711911505370598,0.6423273064441354,0.8826018619272156
2010_001313_person,0.2964199029126214,0.46177912191052245,0.5112081513828238,0.5392512703515503
2010_001331_cat,0.8678909503975767,0.6189449832822128,0.8978594695207073,0.6839836790989023
2010_001351_cat,0.83061846803409,0.5499529679687113,0.9718219562828184,0.8674349522207508
2010_001367_bicycle,0.3490586085256492,0.4745480077233632,0.43232692387557625,0.5811769082327777
2010_001367_person,0.8576205638184964,0.5911411279712306,0.9414002121533566,0.8741183228029867
2010_001376_dog,0.9007282235235646,0.5794246945204057,0.9124592652113744,0.6269886162766033
2010_001403_bus,0.8623446975299512,0.49796507811474333,0.9233642299438382,0.6642390334482842
2010_001448_aeroplane,0.8231202510112274,0.8570798119993822,0.8532544842171222,0.8877023305796226
2010_001522_sheep,0.45015628117310635,0.452212389380531,0.7965127263893762,0.6344192385474369
2010_001534_cat,0.816522985185014,0.5902212047333056,0.9431535159768958,0.8038503169939694
2010_001553_car,0.021592180129358558,0.002011165435694719,0.16850164053955524,0.08917589175891759
2010_001557_sheep,0.8686279753944905,0.8073331104424384,0.8945955769284536,0.8562553605785947
2010_001563_dog,0.5832693783576363,0.8643948296122209,0.5443692797453243,0.6228657129672358
2010_001563_person,0.8285181733457595,0.8223722842043453,0.8623089519650655,0.8863480969383879
2010_001577_sheep,0.8869477881088977,0.677784178187404,0.9530953373153679,0.8386148317543286
2010_001579_person,0.89113821879109,0.7356188822990501,0.8740606446434256,0.7228024595132935
2010_001646_bus,0.9293756125990092,0.782355596740086,0.9805052437542767,0.8999161239392145
2010_001656_cat,0.900297022863853,0.5732337870110599,0.9617121104815864,0.8294894658888251
2010_001692_cow,0.45697293360844765,0.31342018853934966,0.761258865248227,0.6194908001711597
2010_001692_person,0.6933482080602427,0.5596516829740915,0.9096028452874926,0.8595671421544515
2010_001699_person,0.6885535003896157,0.7020845585832843,0.759546706037269,0.7674144809994113
2010_001699_pottedplant,0.412691060676239,0.6165978474243552,0.5141342756183745,0.7405726922636977
2010_001734_person,0.8291469783635912,0.8619586942038641,0.7793030623020063,0.5176967056901716
2010_001734_train,0.8093101020767336,0.6937672947687442,0.9059571619812584,0.8332444985913348
2010_001767_person,0.7653317801485943,0.6214423418395819,0.9316805646863431,0.8931439433008679
2010_001767_sofa,0.2918763479511143,0.18118953478590055,0.39332096474953615,0.2547515720485342
2010_001768_dog,0.4400966183574879,0.5850605376564745,0.7672907909820404,0.9226906679298911
2010_001768_person,0.6568144499178982,0.7458572600492207,0.7829949238578681,0.9352893890675241
2010_001773_pottedplant,0.5472339247824349,0.5718878349305692,0.4680471024080445,0.5582667003711933
2010_001820_bird,0.6317676586590175,0.7651155079031723,0.7787321063394683,0.922256890275611
2010_001830_bottle,0.43412291751513027,0.1660451564167436,0.46072059059541004,0.29480616333598775
2010_001851_chair,0.1703493580173186,0.34991155539100743,0.22622456669178598,0.21850781282727996
2010_001851_pottedplant,0.4011001872659176,0.6463078291814947,0.4678884462151394,0.7294415127528584
2010_001908_dog,0.8516264218718819,0.8055841256302837,0.9290055051118896,0.9237030337910055
2010_001913_cat,0.8380261660978384,0.7588344699318041,0.7785270901984827,0.6171017964071857
2010_001951_train,0.9074154948030395,0.7093830749354005,0.9534790886200332,0.859003267221941
2010_001956_dog,0.9071403014446084,0.614208546348992,0.9616632860040568,0.7888867888867889
2010_001962_sofa,0.7537178596247394,0.4194284285691964,0.9690563261419947,0.8421590281612369
2010_001995_bird,0.9640356149448583,0.7247427502338635,0.9773649127783293,0.7730951811755064
2010_002017_person,0.569335633679328,0.43074102575709566,0.9172668112798265,0.862444917185838
2010_002025_cat,0.9326920690083158,0.6886610194679744,0.9685112774166817,0.7915089650953856
2010_002030_bicycle,0.23085796683489546,0.5391308568862784,0.28723550291216443,0.695299036830223
2010_002106_sheep,0.6158309455587393,0.25704712140028585,0.9226518666051347,0.7792396090645473
2010_002137_cat,0.8249496981891348,0.7831555484795415,0.9189438943894389,0.9062525743471456
2010_002137_person,0.8792836464014004,0.7793904208998549,0.92347801578354,0.87008295424137
2010_002137_pottedplant,0.33794498057902533,0.5615133267398625,0.3769598870928617,0.5907158667874032
2010_002137_sofa,0.09557193234368731,0.20716804927723412,0.911986258846902,0.7072925857190666
2010_002142_bird,0.7122376183289889,0.5993519172448174,0.8859978121581497,0.8700807014048022
2010_002146_cat,0.8193384223918575,0.6464057999158495,0.9549985859728507,0.8806811368269577
2010_002147_aeroplane,0.8697004969333393,0.8238970175504248,0.9200823064733569,0.9064716312056738
2010_002150_boat,0.7177533163985323,0.5100761539657048,0.8677951874650252,0.810665685913939
2010_002161_horse,0.8194741115483105,0.3860759493670886,0.8805610788729727,0.546667632307943
2010_002161_person,0.4208812875418405,0.4405445347581424,0.5958756257750425,0.6049752423874047
2010_002200_aeroplane,0.9041964214073658,0.8988822234689914,0.911217183770883,0.9129722270139727
2010_002228_dog,0.9127631711493905,0.750364398287328,0.9482526680816717,0.8546835929986536
2010_002232_sheep,0.8412371134020619,0.8202548330404218,0.8835078943254651,0.8900358167782697
2010_002251_motorbike,0.718918563346928,0.5227349275850455,0.7521959422085537,0.5769924838376228
2010_002251_person,0.6720897269982129,0.630492654550235,0.8748996107987892,0.8554252968275965
2010_002271_motorbike,0.9044472796865032,0.7428256252366762,0.9508511119846573,0.8470403352540598
2010_002305_cat,0.15848106170686815,0.12441761434797856,0.34779581252401076,0.3189688434455484
2010_002310_aeroplane,0.87513353115727,0.8897703840911474,0.9191831143764398,0.9260203178648544
2010_002336_chair,0.1736550704250753,0.42443066608844454,0.0973252635689184,0.22114529610528189
2010_002348_cat,0.7735126469540434,0.5286087984171879,0.9753757958168179,0.8980909327435931
2010_002361_car,0.8609870977361833,0.42621639908962294,0.9350331853125149,0.6435364628194086
2010_002390_cow,0.7905533137019668,0.22369596176591278,0.9637502224595124,0.6760360730710927
2010_002396_motorbike,0.07711522449241016,0.24645726148569366,0.21144897048511507,0.32709001698433665
2010_002396_person,0.6936207326189883,0.7176264506240421,0.8654719838465421,0.882707439669465
2010_002422_cat,0.8038335370167878,0.5289508761663253,0.9629171628347226,0.8838761838761838
2010_002450_bird,0.32091561938958707,0.32954664983696225,0.877141458639256,0.9444149406974686
2010_002480_dog,0.9781575826961606,0.8147296498258985,0.9850047014962305,0.7980232451725084
2010_002512_cat,0.959696853281179,0.86380731037397,0.9494655337810058,0.8744379107575233
2010_002531_cat,0.9287784339457568,0.8604342730244895,0.9541049651567944,0.9062842814605861
2010_002531_sofa,0.9271347120542491,0.5119242982886127,0.9783117187761804,0.7034101075671515
2010_002536_bicycle,0.12291513963889844,0.432291444875016,0.17135394901796908,0.7528767200461965
2010_002538_chair,0.5941330998248686,0.5322277679386036,0.7818083378451544,0.9268099791501905
2010_002546_bus,0.9172123937054052,0.7380195820093518,0.9320306829663996,0.8005399313291223
2010_002623_person,0.6550357088004914,0.26638888258134835,0.8678701378568134,0.553940687320627
2010_002682_train,0.7899039312553304,0.4667941791221359,0.9152886784362707,0.7437280419615023
2010_002691_horse,0.929298390257748,0.7829907718120805,0.9654130062210706,0.8732973642313816
2010_002693_bicycle,0.3395327942497754,0.5422508684551961,0.39080362435430605,0.6581466953477583
2010_002693_cat,0.7906751163993792,0.6578725294248279,0.895479412611575,0.8894347623726535
2010_002693_chair,0.26036992949363613,0.18961297231145785,0.7058404558404558,0.5732977950084808
2010_002763_person,0.5882219061166429,0.5005682418860344,0.4898976982097187,0.7193854417355516
2010_002792_person,0.8875316139910191,0.682578806928678,0.9399040558220672,0.8197964478148074
2010_002868_bus,0.9678051463636832,0.7628909022587783,0.9772703476197124,0.847333663174651
2010_002900_cat,0.949324658048456,0.5861537793977263,0.9737832294171184,0.6897514348884471
2010_002902_car,0.9034828967308941,0.585532886289057,0.9717660213851422,0.9059662414350176
2010_002902_person,0.8235229155162893,0.76953125,0.8669009444322425,0.8721867396593674
2010_002921_chair,0.6688600471954983,0.6570582165562694,0.8816521824040621,0.8420408163265306
2010_002929_person,0.8538935527893801,0.7993395898505388,0.7207109667523797,0.6505335503707723
2010_002939_aeroplane,0.47537959882744313,0.5118707357551171,0.7875367672207402,0.7234675205855444
2010_002988_car,0.8814053603666158,0.6945419725502713,0.820148468228907,0.7785629487251965
2010_003014_person,0.806163096580233,0.6509935863736726,0.4366923764107855,0.6013599991096569
2010_003060_dog,0.5609059038715578,0.3660705322185093,0.569993769470405,0.45354309304972734
2010_003123_car,0.7804592314901593,0.8352691534509716,0.9174187725631769,0.934836209933075
2010_003127_aeroplane,0.7110990795885219,0.8908929055230871,0.6711653561788522,0.8383546674992195
2010_003132_aeroplane,0.6021573873529537,0.7030888030888031,0.6505451679292377,0.6823560130278835
2010_003168_bird,0.8652735182939876,0.8908625032571875,0.9013803794197978,0.907314107018763
2010_003183_cow,0.6470064003888844,0.7307384590767262,0.62433818663137,0.6631313347303597
2010_003187_dog,0.9344708658558722,0.6571698545412896,0.975965610974145,0.7692487031532319
2010_003207_motorbike,0.6681930257132793,0.5208503927455798,0.7897745519943478,0.695655806182122
2010_003231_car,0.882924618560854,0.7371958723847392,0.9067727163171848,0.8298434257687228
2010_003239_cow,0.8090450318064928,0.6747622902677906,0.63349764252036,0.6218842557156644
2010_003239_person,0.29690701531856767,0.5107706224910952,0.6432075471698113,0.6423229666305638
2010_003275_cat,0.7854703423403732,0.6351776103336921,0.9318181818181818,0.7872460751934126
2010_003276_car,0.9063772422141521,0.6461655959387215,0.9758047895799843,0.9007578394879897
2010_003293_bus,0.8596983464600573,0.520038762372811,0.9352931159925076,0.7355611140777382
2010_003302_chair,0.5129787052568732,0.47181455717678994,0.7204839382561535,0.6816018211920529
2010_003302_pottedplant,0.7148558453175532,0.5604272587340827,0.7678451804986974,0.6959995849115342
2010_003325_chair,0.35883357414948114,0.5506824465672865,0.6639811871271175,0.7856301531213192
2010_003325_diningtable,0.1961886147080381,0.29875904174132323,0.9647534668721109,0.6904761904761905
2010_003325_person,0.9469463704228784,0.8152644986270553,0.972448866777225,0.887138474266607
2010_003362_bird,0.7398102347920283,0.4278835502119552,0.8983250541332314,0.8054876694067985
2010_003365_aeroplane,0.6158536585365854,0.3857601977750309,0.9310737258782781,0.8643986164017688
2010_003381_car,0.8200801857610014,0.20535001130284078,0.8564800053699384,0.36871702178159976
2010_003381_person,0.3622335025380711,0.4138356534145683,0.15769637941986026,0.21984655528293803
2010_003402_cat,0.814070780418626,0.5275016652149408,0.9376348327765381,0.7854978432141456
2010_003409_person,0.6616598778004074,0.7013981995786248,0.7428245777639623,0.8606764260474508
2010_003418_bird,0.6178580062857604,0.7279718743133378,0.9574774198705139,0.962
2010_003446_bicycle,0.15131200919364107,0.6138571775564732,0.22835820895522388,0.6594224650297172
2010_003446_car,0.6272557030983997,0.7063306247991553,0.7567143211304851,0.7825985646378973
2010_003446_person,0.7014396456256922,0.808868501529052,0.7433472619309435,0.8757967754030747
2010_003453_car,0.90475367516013,0.6529503271037995,0.9407892617449665,0.7541880572818157
2010_003468_bottle,0.6420027743607193,0.4270046708780016,0.9360035238964226,0.8452939605509138
2010_003468_cat,0.8966465553528834,0.7733536504571353,0.9492122659366901,0.9054824407065944
2010_003473_bird,0.7127686209054872,0.4289615585319186,0.9518366498675118,0.9190652954420983
2010_003495_aeroplane,0.8913210912481252,0.8864494337373336,0.9352110293495729,0.9444670153877406
2010_003506_dog,0.80173104664209,0.5537023186237846,0.8607497950892699,0.6892801363055516
2010_003514_train,0.8633230718936442,0.6845802398629355,0.9677381093583205,0.8928907311296109
2010_003531_chair,0.7926131850675139,0.6646354690488868,0.7387908328539856,0.6060627242648772
2010_003532_horse,0.8014495310739831,0.6430741112569826,0.6210588583259391,0.5447251667065168
2010_003541_sheep,0.7627455904796863,0.5125613689118959,0.9071506202450998,0.6940022056952182
2010_003547_boat,0.7840283538194707,0.5038228604313393,0.8011447632766006,0.5412076460429941
2010_003597_person,0.7256509739610416,0.5342407686510927,0.46803080117667417,0.5993437458984119
2010_003597_pottedplant,0.23400625533124822,0.5171525062211162,0.2707317073170732,0.6163947088925364
2010_003597_sofa,0.4412999583346688,0.4574072434251306,0.49849887028382184,0.5590108987591841
2010_003675_cat,0.5978295866994497,0.2214054256715139,0.8315794032306959,0.4963084300738314
2010_003708_train,0.39168638053396415,0.37505321413367393,0.6043054843669913,0.5770762649358312
2010_003716_aeroplane,0.9156143440626522,0.8871226527216544,0.9483259144571318,0.9349371241115364
2010_003746_car,0.17206512425021422,0.34473563218390807,0.7652566460458118,0.6462207721587819
2010_003746_dog,0.8471209751202669,0.50155506896696,0.946024053531334,0.8308996702779087
2010_003746_person,0.21792484766418416,0.22291151151848884,0.7607246194489873,0.42054636398614853
2010_003758_cat,0.5334890430720616,0.40248908581481724,0.9600816435789333,0.8875826251180359
2010_003764_cat,0.7781619270224646,0.4969001063868814,0.7604950023798192,0.4508964409954509
2010_003768_car,0.39782228271436904,0.5574278674191241,0.5686312152044538,0.660436137071651
2010_003771_bird,0.8411867364746946,0.7093114726949034,0.9193798449612403,0.8608714886087149
2010_003772_bus,0.9169817120024589,0.7758986928104575,0.9509745080077077,0.8543680939226519
2010_003781_bottle,0.4408682634730539,0.3954651550516839,0.8091787439613527,0.8118568755846586
2010_003781_cat,0.913075660541306,0.7994970186184237,0.9564733648010789,0.8897641166145811
2010_003781_pottedplant,0.5016302984700276,0.4510178117048346,0.46817790530846487,0.46260170905253123
2010_003813_car,0.8436876955541003,0.49960088993053786,0.8839788301517376,0.6538536206561832
2010_003854_car,0.9716721730789726,0.6847829735808519,0.9859057693941711,0.8076090670919239
2010_003854_person,0.7798569069895432,0.8752752752752753,0.8500570125427594,0.9318318922179771
2010_003912_bicycle,0.42302812190001615,0.6135975026275746,0.45402970538105675,0.6401490810949749
2010_003915_aeroplane,0.7139134966128192,0.8659465715112354,0.9125346086081048,0.9562952791325346
2010_003947_motorbike,0.5077990984162445,0.5393330327666196,0.5714926645430481,0.6735720092740357
2010_003956_train,0.8075556088015654,0.5008955635161202,0.9215100239102446,0.7874711168164313
2010_003971_cat,0.8632390154129285,0.7808715083798883,0.9145554202192449,0.8700291458775873
2010_003971_chair,0.4976080103838309,0.3509039939523749,0.5341401175378905,0.3279568945783663
2010_004041_boat,0.7556425145165362,0.5989268947015426,0.8940546299310467,0.8158684491182817
2010_004042_motorbike,0.7173851921274602,0.6623285796819411,0.7779322489457343,0.8027875945437131
2010_004063_aeroplane,0.18654141104294478,0.3716922748612889,0.4612216884008236,0.49751821734079626
2010_004104_cat,0.9703135817896283,0.8491934420465035,0.9744411123227917,0.7983777980994792
2010_004120_cat,0.898918001268127,0.7464200052245363,0.9496149947156137,0.8801902080068007
2010_004149_train,0.7054923637293118,0.13300667222685572,0.902722014290575,0.3689686199527612
2010_004165_dog,0.6908304235615607,0.688689390751391,0.8588016720854621,0.8742246546781339
2010_004165_person,0.8259151183836294,0.7428661318231871,0.9275151084251688,0.8640094535466769
2010_004208_boat,0.6874325782092773,0.8152298850574713,0.8870567634612578,0.9088978396191871
2010_004208_person,0.0,0.0,0.0,0.0
2010_004219_motorbike,0.7571653434348676,0.3766273903805293,0.8247012701307737,0.5317789908678129
2010_004219_person,0.2538458167156068,0.2891920569956041,0.30443393112553635,0.36926181989951473
2010_004226_sheep,0.8841133816743573,0.7882851437570012,0.9128250330542089,0.8757555070847001
2010_004314_aeroplane,0.6454622235872236,0.6913953598261116,0.7043754906416559,0.7552614291623075
2010_004320_cat,0.36525376299743734,0.24207671445176288,0.5649078604283245,0.45786487665994724
2010_004322_cow,0.04231875108546728,0.12945080869269676,0.9253816630317806,0.6011416861826698
2010_004337_car,0.6495495495495496,0.7823228634039445,0.6567028985507246,0.874082132172967
2010_004337_person,0.7821535393818544,0.7993762993762994,0.7943971985992997,0.8380270485282418
2010_004348_bus,0.9067003764506716,0.48808638272345534,0.9514723906058498,0.5737566732228154
2010_004355_motorbike,0.9154243889336556,0.6781696658097687,0.9475559903567311,0.7970248621658171
2010_004369_cat,0.9018116418302841,0.3616651667050378,0.9733418598041496,0.690249687571731
2010_004382_pottedplant,0.5882706640750632,0.5593380339141075,0.6810604805302403,0.6895268411998081
2010_004419_aeroplane,0.9009436990434615,0.8488470459817165,0.9289659049571745,0.8857651839893114
2010_004432_person,0.5595612843367905,0.5062114449782529,0.7284342603572932,0.723685562596335
2010_004472_car,0.06019467213114754,0.1634072004571719,0.1480909745806319,0.2555342902711324
2010_004472_person,0.5493409205503134,0.34704076814103574,0.6887581736672282,0.6086600805874292
2010_004479_cat,0.45411415863602667,0.486244019138756,0.6655029456687759,0.6392641193876238
2010_004479_person,0.7861112156449529,0.6153194044612423,0.8605769230769231,0.7688112405250508
2010_004519_horse,0.9284658685219933,0.756069485140226,0.9604424672357821,0.8695724366957244
2010_004550_dog,0.6859014866797486,0.2845009832841691,0.8797279342751618,0.5691075279860327
2010_004551_bottle,0.926994289669493,0.6505892970906775,0.9677986572413058,0.8834791219673214
2010_004556_bird,0.7799247827778498,0.5935520420250296,0.9044839857651246,0.9102938913679027
2010_004559_bird,0.8963341787009285,0.8207160728915263,0.8996424015558669,0.843442585792647
2010_004559_person,0.9118852459016393,0.8886716931955692,0.9120894677236693,0.8693248753964657
2010_004628_dog,0.7455089820359282,0.786942353073379,0.866050538137576,0.9178224878022039
2010_004635_cow,0.8326017279821628,0.606847390603049,0.8965723918336768,0.8391344924129827
2010_004662_boat,0.6966793358671735,0.42180261416280607,0.5443544143954541,0.3235463442717329
2010_004697_motorbike,0.366202319305667,0.33873379860418745,0.5807006232538148,0.4174003107198343
2010_004697_person,0.7389559360089812,0.562238686968866,0.7898241420522452,0.5618742682373181
2010_004757_pottedplant,0.729490842566137,0.6004062060961456,0.8456450977546494,0.7605454930301473
2010_004757_sofa,0.1519869278079114,0.10962798766383963,0.22315447594559848,0.16361370041187948
2010_004763_chair,0.4956850680999097,0.49053615922668187,0.5818528595817328,0.4973344569122278
2010_004772_boat,0.5911959517834369,0.378653396219408,0.75051806658602,0.53577086043247
2010_004783_chair,0.38664099442194977,0.3913255086950825,0.3958667573079538,0.48174097269973426
2010_004789_cow,0.8706914344685243,0.7990043015918074,0.884489321209558,0.7859795308395978
2010_004795_dog,0.6943893454236327,0.8426517011574886,0.8966332776850306,0.9335780080598733
2010_004815_cat,0.8643620666027134,0.6973975425475082,0.9386774776002453,0.8509168332319458
2010_004815_person,0.8812725132850673,0.7214640198511166,0.9523742277140336,0.7144627168281145
2010_004825_chair,0.17810398924249216,0.20254212806933078,0.4715344337948172,0.28238177918496576
2010_004825_pottedplant,0.2512862171676144,0.4819010096035459,0.11644116441164412,0.24628705429619385
2010_004828_bottle,0.6222492784992785,0.5004296059899349,0.7676799007444168,0.7488077443234394
2010_004828_person,0.6,0.42307868777242486,0.9279271959047697,0.8840699057553298
2010_004856_horse,0.8288259691890977,0.5181997456643137,0.9265411284194529,0.7050923839567372
2010_004861_cat,0.9314401456717883,0.8066332578941696,0.959243908565687,0.870788409703504
2010_004941_motorbike,0.7953650353730581,0.6038688297175446,0.8704827696362257,0.7829517421354156
2010_004946_car,0.10275577967967613,0.18578765186308002,0.37949398443029014,0.29213398758261566
2010_004951_train,0.9651714758120433,0.023332165995447383,0.95202765777305,0.23668165446455897
2010_004980_train,0.5406082556062711,0.23031505996736698,0.9516116100064144,0.8648142022273679
2010_004994_bird,0.7413657264822587,0.608710208782526,0.863145425405895,0.7516989888944141
2010_005013_car,0.6441840525864533,0.5744223535733477,0.9317066521264995,0.9205249343832022
2010_005021_cat,0.9606900517538816,0.7712643393374793,0.9768339768339769,0.8805774622055702
2010_005021_chair,0.48403155395573255,0.5137587533287307,0.7277699415642361,0.6781314964783269
2010_005046_person,0.7303115958342714,0.4253722794959908,0.5287927033299152,0.5668920514940357
2010_005063_bus,0.8889474454691846,0.7980081580759655,0.9494815600329917,0.8759409297247601
2010_005108_cat,0.6503979210654539,0.3601968503937008,0.7973071324599709,0.45671422576584136
2010_005118_bus,0.9099079385423342,0.721270852692597,0.9358488181013779,0.7894552338217766
2010_005118_person,0.7803075455954226,0.7813160586430277,0.807024075452966,0.8980536273308833
2010_005159_dog,0.8155266175872147,0.36949049737161344,0.9176767919565412,0.6518400258674696
2010_005160_bus,0.4847114721434593,0.3620918809592603,0.6950920245398773,0.5570349507105364
2010_005160_motorbike,0.773475057374079,0.7133394393379346,0.8060759366860348,0.7634177338938313
2010_005166_person,0.6718357609241588,0.5976795292014303,0.27925598764767134,0.36355617875882035
2010_005174_horse,0.8344430556223259,0.641256254938109,0.9378290943053995,0.8598909755482732
2010_005180_sofa,0.40974967061923584,0.33177919760547975,0.7514637159585326,0.438464980980085
2010_005187_pottedplant,0.0680592507370389,0.21204621997283368,0.08432875735425209,0.18928884005884433
2010_005206_dog,0.9450876700986873,0.5265960880511265,0.960022082783508,0.7554001384183878
2010_005245_dog,0.48601558917927556,0.5368991198375085,0.811014263074485,0.9030739045127534
2010_005245_person,0.7860319121109076,0.7600488450188256,0.8467567567567568,0.8269806838136556
2010_005252_boat,0.1725313190862196,0.1929437188762567,0.6119051926904288,0.45776622317377785
2010_005252_motorbike,0.07687342292119007,0.24578841585967476,0.14617081965448578,0.2845330030598863
2010_005252_person,0.6342342342342342,0.7006925132231856,0.8921993499458288,0.9079735266309487
2010_005284_bus,0.8738992358790165,0.5435616674569987,0.9673754285626431,0.8236910348234132
2010_005284_car,0.7376910016977929,0.8101604278074866,0.8843881856540085,0.9113924050632911
2010_005284_person,0.3739089033486748,0.5487088483661731,0.297283356258597,0.38946723821187995
2010_005344_cat,0.8982184168990941,0.6460381269432492,0.9490054290797938,0.8202330813078264
2010_005353_bird,0.7153693931398417,0.5423903858792601,0.7985428051001822,0.7549044914816727
2010_005366_motorbike,0.7143253910247039,0.4868990687138183,0.7541298501728775,0.5543145214089302
2010_005401_boat,0.5509815507845841,0.48890195338931347,0.6969142689908727,0.541581734190498
2010_005421_cat,0.8200852463919839,0.8209917609129522,0.9065112540192926,0.9125
2010_005428_bird,0.8238789658823128,0.7975064108232381,0.88639255340521,0.8803760706940583
2010_005432_car,0.8489954229699562,0.5782795484064343,0.9816067417124843,0.923700406638092
2010_005433_motorbike,0.2101963654104159,0.2848907640252308,0.34480920654149,0.39328901551123774
2010_005496_bottle,0.3292319449751624,0.295511990629431,0.7216733794361274,0.65183348558006
2010_005501_car,0.8897221180685747,0.6059831320344412,0.9600286412265184,0.8549119302705648
2010_005501_motorbike,0.7412697350816163,0.6048945667231029,0.8367617107942974,0.6647306559497922
2010_005508_cat,0.09349979210422509,0.18372377591374203,0.8996848688254291,0.93149194273332
2010_005531_bird,0.5650543395071177,0.5674591156874621,0.4320537316889584,0.5530624841157463
2010_005534_aeroplane,0.8495580367527332,0.837252033073599,0.8983590497183443,0.872501202170777
2010_005575_dog,0.7828903953446518,0.7212118805590851,0.8978150254414846,0.8638654692082112
2010_005582_person,0.7745792241420648,0.5617753651610474,0.9197971329834891,0.801022657145376
2010_005606_cat,0.7473387248448373,0.5825825825825826,0.9093484419263456,0.8739464634886387
2010_005606_person,0.5784931890077256,0.5301780140048933,0.9237296645912834,0.8452859629118407
2010_005606_sofa,0.6741101335357956,0.5441298985575902,0.8892782060266293,0.7889932589236379
2010_005626_person,0.8505245989053213,0.753075209625016,0.9104201708661549,0.8695438413200792
2010_005664_bicycle,0.26193199542476864,0.48952539189482047,0.36223486808070354,0.45347891321245865
2010_005705_boat,0.45420806895726085,0.59813674403916,0.5586744639376219,0.627897965773329
2010_005706_train,0.8178107946989499,0.6979070592408656,0.863740105861215,0.7843364053580091
2010_005709_person,0.6036823888422389,0.4510039024942028,0.7129992545747469,0.6333401495676559
2010_005718_aeroplane,0.5335592479230433,0.632193470652361,0.7172413793103448,0.788875054682505
2010_005719_sheep,0.9271871134226313,0.47504601060950524,0.9562300670845706,0.7346407985378883
2010_005727_train,0.8588631815468876,0.7663480050454756,0.8647709320695103,0.7808278867102396
2010_005762_bottle,0.021955165241506817,0.060915716096324464,0.10788994211121106,0.15052479189287007
2010_005788_sheep,0.8648655403378986,0.7706508875739645,0.9076898883472244,0.8702544471965773
2010_005860_car,0.8991104542539249,0.633150377884422,0.9728285328532853,0.9242603084671074
2010_005860_pottedplant,0.22869360070775582,0.38165661282999286,0.28653542175599944,0.38892845581094204
2010_005871_person,0.7690607425645617,0.6860158800831108,0.4211642315210549,0.5166723205555445
2010_005871_train,0.5953843386188995,0.16677067082683308,0.7585720513938399,0.3153083923154702
2010_005877_aeroplane,0.8886823319452707,0.8744438952051409,0.925878546166002,0.9296932818024833
2010_005888_aeroplane,0.7517482517482518,0.8590762881592523,0.8127941432804602,0.9447188336804523
2010_005899_cat,0.9583637449406144,0.8222265826199995,0.9809983496484526,0.8958831479363759
2010_005991_dog,0.4749360228812284,0.3574832715544216,0.8480409026104911,0.7266763848396501
2010_005991_person,0.7377905671544317,0.44731987966358505,0.9380585213969623,0.8034361577508785
2010_005991_sofa,0.22850340039065284,0.27025067200100017,0.2886627614099224,0.43127514041559306
2010_005992_dog,0.8288282119318668,0.7018035682455316,0.848510983714677,0.7758538704969912
2010_006026_sheep,0.2870198486362987,0.34975685842737864,0.2880292733925771,0.5640938224464749
2010_006034_aeroplane,0.7796733589930303,0.6165194805194805,0.8771363794907568,0.8069461136592185
2010_006054_train,0.6040395824861055,0.6214416775884666,0.7559463986599665,0.7689575674496854
2010_006070_bicycle,0.19555471923668685,0.4476658389813285,0.2624257485755849,0.6594001753141044
2011_000045_dog,0.8923338432772395,0.8195476729720246,0.9094755826859046,0.8502229690428489
2011_000051_person,0.8964719016269639,0.8159328476401647,0.9186419502971367,0.8547125083280396
2011_000054_person,0.8564716687862088,0.6186834945829778,0.8582661466186494,0.7889781531817605
2011_000066_bottle,0.6020249996444874,0.1295867803522563,0.7394415162050016,0.2121898617177447
2011_000070_sofa,0.8348302984752536,0.39125836253583945,0.9567706928081062,0.7001181474480151
2011_000112_bird,0.6536834857873512,0.4912035566846618,0.7893350888742594,0.8433095761213225
2011_000173_sofa,0.14460172977875677,0.11282112463214826,0.23757223588008045,0.2065871844969895
2011_000178_bus,0.5927710211326099,0.3880108245848645,0.7252299295893272,0.6483386380060581
2011_000178_person,0.6091219863260166,0.7963469394645329,0.7507685783949963,0.8138931297709924
2011_000185_bird,0.6871736662883088,0.28374100044558054,0.9783780631077265,0.7394385465688957
2011_000226_chair,0.22973974141433454,0.3265664287281257,0.19020798283471094,0.15105729453331676
2011_000226_diningtable,0.40722724113968034,0.22701214028776978,0.44044696830921415,0.27632010984746724
2011_000234_boat,0.8690410511044361,0.745168587741032,0.9087089862622358,0.8103701597232096
2011_000239_bus,0.9599727474024868,0.7625987244307855,0.9734695593676421,0.8903308560003018
2011_000239_car,0.563076923076923,0.8298826040554963,0.5864381520119225,0.8528166031342651
2011_000248_bus,0.7578092316273881,0.47002910841988,0.9046125077913983,0.7701421178448525
2011_000248_person,0.4398382204246714,0.5664570591782238,0.4389478764478765,0.5110718194830345
2011_000283_train,0.8489926191901057,0.3697389903102008,0.9573339378825663,0.6804857107813075
2011_000312_bus,0.9081617019413863,0.7351477128803275,0.955250362928313,0.8511573855962813
2011_000338_chair,0.29570334746567106,0.6624898291293735,0.3220548123132874,0.6072399659104745
2011_000396_horse,0.7092477675192977,0.7350970741044572,0.7122621261983116,0.7727924872831616
2011_000412_bicycle,0.23052926780593863,0.47557668137704234,0.2548437262490792,0.611290499945017
2011_000419_cat,0.29828085891186934,0.32852297385552065,0.27424540096445793,0.36040694598104767
2011_000435_boat,0.7087115041501822,0.39194317407803836,0.8216436540061774,0.45578465822449116
2011_000435_person,0.6667873740117086,0.799345596038203,0.7769861830742659,0.8225590862142294
2011_000436_sheep,0.7961956521739131,0.8264327485380117,0.7363650098202146,0.8474563628226167
2011_000438_person,0.866293566194484,0.6501556236451054,0.6542059336823735,0.6187291378825486
2011_000455_motorbike,0.6887958838888035,0.5017040645943411,0.6934836381330847,0.5719960818458859
2011_000455_person,0.819801325655434,0.6608909214092141,0.9012402797302347,0.8160186036450165
2011_000456_bird,0.818405243036592,0.7562911343399148,0.8197462630322824,0.8590952839268527
2011_000479_person,0.8297886519421173,0.5629364673820474,0.46650090509976905,0.5021697236895007
2011_000482_bird,0.924854668099486,0.7340170546208804,0.9669531632486537,0.8667385147497431
2011_000503_car,0.7620642636945696,0.6267332985529531,0.7296865886975473,0.5841287971499279
2011_000512_motorbike,0.7518547028570791,0.4861528389894904,0.9010132816600056,0.7410735170686737
2011_000521_train,0.8120879488638265,0.4484987535573253,0.8563275084554679,0.5660215463819239
2011_000526_horse,0.8947268793942672,0.564215784661359,0.9472092778474169,0.7396045183896498
2011_000536_dog,0.8596406955519262,0.7110110861048595,0.912917737789203,0.8526368439150959
2011_000548_cow,0.7099018100082811,0.5885199535697353,0.28776333482743166,0.41251382088137734
2011_000566_cow,0.6837859405002369,0.3310609839457592,0.6908376563930424,0.48289506223724343
2011_000566_person,0.26717816917378484,0.32293491864831037,0.3028934104909464,0.37251774713075025
2011_000585_bicycle,0.31223880597014925,0.6712298520644734,0.47264080100125155,0.7789600763658824
2011_000585_person,0.7143834055162982,0.697331381601171,0.865478366849482,0.8036487197119858
2011_000607_chair,0.15781800510266067,0.23963022508038584,0.2877868949934594,0.3044066178810054
2011_000618_motorbike,0.5689501642767218,0.38457705677867904,0.7157331073272208,0.5730026422598131
2011_000618_person,0.8065156023498894,0.80257182871451,0.8992671253365241,0.8991046260984912
2011_000638_person,0.8282790755274849,0.6111957719992218,0.9048179782734886,0.7957619088638126
2011_000658_car,0.7323410696266398,0.7789010989010989,0.7454920144255538,0.682506626277925
2011_000661_cat,0.8733926805143423,0.8364374970304557,0.8922168545356951,0.8453695042095416
2011_000669_bird,0.6527536231884058,0.9276566017232011,0.844327836081959,0.9631655139134631
2011_000747_pottedplant,0.6136215334420881,0.7316636851520573,0.5176111870465776,0.6567700640078779
2011_000780_cat,0.879741452627998,0.6585973362975771,0.925644499420785,0.7930410997009666
2011_000789_cat,0.9153706772089959,0.6794205439706097,0.9661049852461563,0.7442257983823898
2011_000807_aeroplane,0.6691495965238982,0.8213326168726491,0.828752642706131,0.9796947397110929
2011_000809_person,0.6677162649567756,0.5253094424142403,0.767484076433121,0.6902885667012535
2011_000813_cat,0.8382137628111274,0.5530950697435238,0.9335233796571247,0.7684651011619403
2011_000813_chair,0.040884306533161496,0.17330434901494332,0.12051458167034844,0.1749715184723051
2011_000830_bus,0.8302810401925478,0.31967387666940467,0.8874870893944805,0.5184984781873521
2011_000843_person,0.8572467803064322,0.4000466236692828,0.8726693037830134,0.5254148445456179
2011_000874_aeroplane,0.8682421027248614,0.7927807920985087,0.9003098141115331,0.8513274336283185
2011_000888_bus,0.8638748349555402,0.5267384071959584,0.8985299303267227,0.6306073752711496
2011_000900_car,0.8659081204184755,0.463948044496029,0.8939702606477162,0.6735398243197204
2011_000953_diningtable,0.8044441758330312,0.42709664970211536,0.8399460748729648,0.5073436490774804
2011_000953_person,0.699318506576778,0.5520179584868078,0.716518956179222,0.5655815724347991
2011_000969_bus,0.22297899093623932,0.353448607848423,0.9497161802381072,0.9151536312849162
2011_001005_sofa,0.9400438116100767,0.6635048815398749,0.9902627494332965,0.932455000927816
2011_001014_dog,0.1258464423377435,0.3400910886300431,0.9219030956893619,0.9024187187801245
2011_001020_sheep,0.7255163224516988,0.7257297534567269,0.5939274253270798,0.7818712259990501
2011_001047_cow,0.7723766698394985,0.7176102903192478,0.8535905603011438,0.8414904385412962
2011_001060_person,0.6167995508141494,0.7174876811488873,0.7008537148131057,0.658889293960384
2011_001064_bus,0.7739669345495338,0.453500891000891,0.80767240883745,0.4937611071199002
2011_001069_person,0.8278715184400708,0.4818926575300513,0.8084927036369682,0.42201502418084763
2011_001071_chair,0.02013846842340801,0.15130766640475923,0.029918214836299025,0.13393888689693637
2011_001071_person,0.4955280625759606,0.3632880144430935,0.6152375666759166,0.40752169720347153
2011_001082_train,0.5898967952199892,0.6921660871343833,0.6305137519460301,0.7218718209562563
2011_001110_car,0.8372657787775761,0.6818747407714641,0.8805928951944575,0.7977576892798002
2011_001114_aeroplane,0.8522693562741026,0.863410760373238,0.8755988137784199,0.8988687692369189
2011_001159_cow,0.8066891932905732,0.7302922571061372,0.888179298710688,0.8286963361319943
2011_001159_person,0.8175538557602248,0.8195058165749842,0.8554137323943662,0.9029355427858702
2011_001232_cow,0.8883274660040036,0.7435944851959153,0.9362966829041985,0.8680071095312153
2011_001263_aeroplane,0.5587912087912088,0.6655459130355763,0.5629169542213021,0.6035115451927963
2011_001276_person,0.7898142430791396,0.5504668057052475,0.8748192957094134,0.6593558068118369
2011_001281_train,0.8522572962583826,0.5292315419387242,0.9009980998973508,0.6627218934911243
2011_001287_bird,0.9001982969788872,0.7682651012680745,0.9243484093522423,0.8224542387290454
2011_001292_cat,0.9237828517202671,0.6620261065429184,0.9711668473560474,0.8559840339921457
2011_001313_car,0.5006045949214026,0.6394281217208815,0.38760268857356234,0.5675134526342135
2011_001341_bus,0.8740835233935084,0.5150716484684724,0.9390969162995595,0.6889074228523769
2011_001346_chair,0.0005657388549445576,0.07687962340282448,0.000814083647094739,0.03736518735332121
2011_001346_person,0.729825337165598,0.7829193603266417,0.8405985686402082,0.8503154942743631
2011_001350_sheep,0.7719155844155844,0.49672651249793687,0.8733061403268636,0.8031432990829742
2011_001407_aeroplane,0.8947608011918556,0.8193781634128706,0.9229405806887239,0.9105225259071413
2011_001416_person,0.3648397104446742,0.3639751914509507,0.36124116480568746,0.36870646462177686
2011_001421_bird,0.3861666038447041,0.33234176655965597,0.7617741630414223,0.8648255813953488
2011_001434_aeroplane,0.886623576976274,0.7335528359321613,0.9010830227407768,0.765796875
2011_001447_person,0.8596347324575456,0.6083656266229875,0.5569126495608272,0.5407257041360061
2011_001529_person,0.5915564598168871,0.8854342327150084,0.7086826347305389,0.9098088113050706
2011_001530_person,0.6499029893030683,0.46268438018950864,0.931507087270706,0.6254032534834237
2011_001534_cat,0.9386840091813313,0.7709155285786545,0.9694395687061184,0.8918043069203428
2011_001546_cow,0.5486507626124365,0.3623582008481835,0.6695369061388853,0.6571564698298814
2011_001567_person,0.7315542300073449,0.771473513616575,0.7977599773162259,0.8391574160337286
2011_001567_sofa,0.29646682954331893,0.27922216987193216,0.30439716312056736,0.3124345966604486
2011_001589_boat,0.7600193728054244,0.6523304866755839,0.855511215081877,0.7755029795268158
2011_001597_cat,0.6968879575549511,0.2735210903502851,0.8930571912791199,0.710248249522597
2011_001601_cat,0.5937404190086868,0.5123323413102858,0.9605321837371785,0.8976554732351903
2011_001601_sofa,0.8765650562585556,0.35784462009916745,0.8851586334180388,0.4979680542794544
2011_001607_cat,0.9212529356837668,0.7102576786437019,0.9397280835955316,0.7538727115795212
2011_001613_boat,0.4497319034852547,0.5791044776119403,0.5707646810308408,0.8420506164828033
2011_001614_train,0.840232714253748,0.5587559601213697,0.9062282533054976,0.7771197387341279
2011_001619_person,0.7144911072455536,0.6912542192433793,0.5172958202611072,0.47026376491826294
2011_001642_dog,0.927131935235663,0.6904190384747274,0.9189468573308065,0.7483410026640833
2011_001665_chair,0.12682974751940268,0.4794016177195373,0.08949957228400342,0.44237035232497945
2011_001674_person,0.8749232368085408,0.6839317748227455,0.735336717087117,0.6344843515417484
2011_001674_sofa,0.09251101321585903,0.23572641124266713,0.1609707617337779,0.3237659054171675
2011_001708_cow,0.8372566371681416,0.822326434187793,0.8935750516625963,0.8895151356798925
2011_001713_pottedplant,0.6295592705167173,0.8159548751007252,0.7115600448933782,0.8794206803637589
2011_001713_sofa,0.7422159824279342,0.4538426715882578,0.967579168474166,0.7741140519493321
2011_001714_dog,0.8303224238496435,0.6892709997477507,0.9377482261591324,0.8526286865726324
2011_001714_person,0.5480654707088567,0.45771848496644135,0.6945466482471858,0.6935357738332374
2011_001722_horse,0.8001869907840257,0.6787855239786856,0.8630078097012251,0.8102786377708978
2011_001726_pottedplant,0.03594623168705634,0.78047071190796,0.044234404536862004,0.8164987252640524
2011_001745_dog,0.39266275319707405,0.2551838367423473,0.42369525783881834,0.3315465328467153
2011_001775_cat,0.8519474280990443,0.23162203251081745,0.9118737441290898,0.39972156087324967
2011_001782_cow,0.5806320907617504,0.5937691365584813,0.6404494382022472,0.65394438138479
2011_001793_boat,0.45104317289816154,0.4233024461952662,0.5338445937381163,0.3165169678118338
2011_001794_person,0.8080869040434521,0.689494985043111,0.8903430749682338,0.8786164608342689
2011_001812_chair,0.1541361482119776,0.38216052337641615,0.2531005971520441,0.4795211235179003
2011_001862_chair,0.11599456275487087,0.5135688132672841,0.1606942889137738,0.5562738448495125
2011_001862_pottedplant,0.37171933583288697,0.7022653721682848,0.5392996108949416,0.8740687334775294
2011_001862_sofa,0.41966003015023134,0.22965099509662532,0.5392532064542822,0.29377195352607405
2011_001863_pottedplant,0.5593756954138092,0.4183784975068642,0.6699986180846653,0.6592601673358056
2011_001880_aeroplane,0.6148254847645429,0.5637792799874234,0.6741385994116708,0.5739346283277247
2011_001984_dog,0.8952049572883476,0.6644345575884142,0.9488851406944215,0.8837827790328576
2011_001988_bicycle,0.09955984070425487,0.26307248467363864,0.14469517022961204,0.28080091395586554
2011_001988_person,0.9292134957867855,0.7125682335521227,0.9651952064413445,0.8117184478535516
2011_002002_bicycle,0.2152284263959391,0.5653807762315777,0.37558320373250387,0.6520388796227066
2011_002002_person,0.6644146521693234,0.6892356844433521,0.7562407352505188,0.7842760328424345
2011_002040_dog,0.8621265114419906,0.7163036802570039,0.9151239625733467,0.7793504604944256
2011_002064_bicycle,0.22823075729704573,0.596567829486848,0.25946423033801674,0.6293651161712193
2011_002064_car,0.47499449217889406,0.34447069943289227,0.7297727755362072,0.3981054657818753
2011_002075_person,0.90312438294576,0.7540243718970965,0.9548982588630166,0.8506530527625168
2011_002110_dog,0.918008061370433,0.7853414460882725,0.9556948462445087,0.8930796874484851
2011_002110_person,0.30803727839674866,0.13416090509113765,0.4718781893912228,0.22872295882763433
2011_002124_sofa,0.4450924514547021,0.1858579305870905,0.8312734596722512,0.5248349415947181
2011_002150_bicycle,0.17062549485352335,0.4874732791791364,0.18013856812933027,0.43856655290102387
2011_002156_dog,0.8978119234990543,0.7350405535704158,0.907392026578073,0.7409654367799329
2011_002200_chair,0.11331604464990416,0.38693931398416886,0.19538091068301225,0.46345697058286134
2011_002200_diningtable,0.7002404364846953,0.32345643323456436,0.10184365438081482,0.0905134507407491
2011_002200_person,0.6636951785387596,0.5247837297284272,0.3010396647139185,0.4004926195665657
2011_002247_person,0.5794666666666667,0.8404762828220145,0.49491525423728816,0.6566979929913985
2011_002247_train,0.7839883050993207,0.3157487014718769,0.9524359895459137,0.6013928643051175
2011_002279_dog,0.9221735232592888,0.5860646599777034,0.9441520407954289,0.6370020800250498
2011_002295_bird,0.8668060325518889,0.8200721246067675,0.860039499670836,0.8982583454281567
2011_002298_dog,0.5658038409660222,0.4465255407271054,0.7496951962935869,0.5644551392231008
2011_002308_person,0.9628414669361826,0.7770368497566525,0.9790208147347649,0.8796172445724869
2011_002317_person,0.8901200465232201,0.6819257334336319,0.9170829812043346,0.7992919057502137
2011_002322_car,0.8731076814117508,0.49154478976234006,0.9714799987586507,0.8767094902610858
2011_002322_motorbike,0.6329033889731916,0.4834909573585532,0.7053030303030303,0.6538249428819034
2011_002322_person,0.7048265636583557,0.689917966376342,0.7395456689199811,0.7459348563902538
2011_002327_aeroplane,0.687449434306335,0.5170807032752689,0.8588649881204854,0.7410402987451994
2011_002343_chair,0.07050767997039048,0.12451219154367536,0.20190169653935455,0.2505998167832371
2011_002343_person,0.7642464962372935,0.4311548490201026,0.955952380952381,0.8337498192932818
2011_002358_chair,0.5629047577929367,0.635064043915828,0.5837681699590012,0.5456509994597515
2011_002358_person,0.7628245490573725,0.6740870506466131,0.31877418845272887,0.44184407387828983
2011_002371_dog,0.8502005189903279,0.8138518541976755,0.8901811445039111,0.8514517437145175
2011_002379_train,0.7873318017722349,0.4671814671814672,0.8977822687868957,0.7884971098265896
2011_002391_chair,0.3072597505587196,0.4016297428062134,0.19998182809376702,0.1236462652391856
2011_002391_pottedplant,0.33980263157894736,0.2409916402421447,0.5703441295546559,0.38400597907324363
2011_002391_sofa,0.6792672966981682,0.4820006371455878,0.72045197740113,0.5117346496925609
2011_002498_person,0.7117059653892404,0.4871900486036741,0.8192194615783709,0.6860078136304443
2011_002509_person,0.5554263565891473,0.7491443295004423,0.4743206927441027,0.37949036668738345
2011_002515_aeroplane,0.6556161700937194,0.5424787133396405,0.8264941256597991,0.7406040442896501
2011_002532_person,0.5946777418858638,0.6313056379821959,0.7109279073846694,0.8050636843740292
2011_002535_train,0.8908913418938199,0.7477036129822413,0.9470337277630202,0.9079918354529753
2011_002548_bird,0.6479902557856273,0.6837977142003436,0.6700371440363186,0.6638324731741729
2011_002575_person,0.6867172375646952,0.5905720131892765,0.7756286721504113,0.703808484361088
2011_002578_person,0.9363021522728509,0.4661516452074392,0.9576644894645558,0.6416681268617487
2011_002589_dog,0.9386094778844662,0.7090928449744464,0.9496452884270871,0.7771122251882718
2011_002592_car,0.8087845841238047,0.4236469675486236,0.9064450854608861,0.598518092223581
2011_002623_person,0.8239168877099912,0.766816627676804,0.9026792750197006,0.88477053960139
2011_002641_person,0.8098785738474191,0.5303549140717508,0.6544163063619518,0.5481446688586191
2011_002644_sofa,0.5456972747360668,0.5139267376151,0.6253033980582524,0.5145162379312673
2011_002662_sheep,0.5210442194992009,0.8490657022302592,0.5346062052505967,0.882983970406905
2011_002675_aeroplane,0.5072902125019388,0.37454482995534183,0.800793026608992,0.8376665987826126
2011_002675_person,0.47821165817770234,0.8737704918032787,0.19248466257668712,0.40160027238678925
2011_002685_cat,0.9000185078209565,0.3402862121772192,0.9697226713854227,0.6380731774141324
2011_002713_bicycle,0.33683331987184667,0.47168490710104355,0.43406846035546115,0.6615536151045298
2011_002730_horse,0.5918518518518519,0.820097244732577,0.698404255319149,0.9220235499345835
2011_002754_boat,0.8148714031066973,0.7648203857724296,0.9365362558939723,0.9055133079847909
2011_002812_car,0.7847094801223241,0.7307801017524025,0.8921568627450981,0.8646660782583113
2011_002812_pottedplant,0.5355285961871751,0.7509234828496042,0.540016168148747,0.514416943097729
2011_002863_bottle,0.3804985961031226,0.34514064015518914,0.8996842580063148,0.8967391304347826
2011_002879_sofa,0.4647887323943662,0.40461616934455497,0.5297720313031643,0.436950531426322
2011_002885_cow,0.8651351408734793,0.8009580733057924,0.928106064057588,0.889703808180536
2011_002929_aeroplane,0.8391012624702039,0.7885789536693404,0.8812828887679187,0.8579055186541685
2011_002975_boat,0.7263954331279449,0.7065567496890647,0.7594948484778008,0.7363734750098386
2011_002997_person,0.6497520531052396,0.5308401470668935,0.9103957125027531,0.8101346253127358
2011_003003_bicycle,0.4215090458604086,0.5965424774916483,0.5654257381862501,0.7818139978303035
2011_003011_chair,0.14150781384166236,0.4693921509498988,0.12707627260830173,0.42695636548770627
2011_003019_car,0.6230791121229369,0.590879778903731,0.7558326629123089,0.7614086844288743
2011_003019_cow,0.30990864371047083,0.2957112424132803,0.6932710834444938,0.5704821655771509
2011_003019_motorbike,0.7471461563840317,0.5682352049708267,0.8055555555555556,0.7446653734238603
2011_003019_person,0.7672831747171844,0.8604669758515913,0.7626324014585866,0.8683117900509205
2011_003030_bird,0.9699470482199188,0.5670812824264999,0.9903168097532349,0.8879782513093192
2011_003055_car,0.7783880860359603,0.5206207152343236,0.8504700077901843,0.5375900844059337
2011_003085_horse,0.5294946946649848,0.6915799432355724,0.4828401247990924,0.5669494212779451
2011_003103_chair,0.12801589554357082,0.1931144108866747,0.16860547595403602,0.16454313796869313
2011_003103_pottedplant,0.19000993330495247,0.3092038073450713,0.2286665741640072,0.4382054853739373
2011_003103_sofa,0.37224742724355425,0.29480861792344715,0.3937262781870953,0.3212541254125413
2011_003114_bus,0.8481453337338964,0.5061523041818609,0.9271779059365424,0.6913998531819978
2011_003114_person,0.5745535242523513,0.6576345190702453,0.589903721051262,0.6012682470102566
2011_003145_bird,0.456055910859102,0.35162257265737,0.6543464021708618,0.5524296675191815
2011_003146_train,0.8081945699410524,0.4428236605313622,0.8638924160221633,0.6099883331451582
2011_003182_sofa,0.9253813812288033,0.39880736066602795,0.9709861183865899,0.5939509604613533
2011_003197_train,0.8376488835215836,0.3882479819601948,0.8900357259667396,0.6381311872373763
2011_003240_person,0.8047141568509537,0.5227989879750974,0.9184579983688687,0.7718980882016909
2011_003256_dog,0.8650197475412376,0.7799865916576791,0.8987608229406625,0.8466815144766147
2011_003256_sofa,0.15373080809727158,0.2206686518678939,0.1964271227142185,0.21447536896017252
2011_003271_bottle,0.2832339003407266,0.09176868619705089,0.8694326444450236,0.24856722997795738
