subdir,unrefined_iou,unrefined_boundary_iou,refined_iou,refined_boundary_iou
0_0_147,0.6884686832838883,0.4503634882808965,0.8780549075901669,0.7715739628242279
0_0_155,0.8599559955995599,0.6691209424418977,0.9175848391361834,0.7962804617357845
0_0_272,0.8964350700940568,0.6740801382635193,0.9285486103716324,0.7843623030423149
0_0_280,0.7538080895008605,0.49931633077700494,0.7932636732473537,0.5576259701860293
0_0_284,0.8609688721196604,0.7568229624304391,0.6853152076486406,0.7479894721450504
0_0_307,0.8436188264713763,0.6509732605913653,0.9701097237987136,0.9414878260032721
0_0_355,0.8326526690049488,0.5014199890770071,0.9535727829243188,0.8603655524452495
0_0_431,0.9077438621287073,0.6052339413164155,0.9664373050839067,0.8580544830544831
0_0_547,0.9046411668115522,0.738216367373067,0.9152455661664393,0.7616196079796679
0_0_579,0.6182730527443407,0.1799402598337352,0.8107958477508651,0.4575801099499777
0_0_610,0.14997543505805083,0.0,0.33322535581965057,0.23942905049549645
0_0_735,0.8081605573063526,0.5484296535875394,0.8253062271532098,0.5588780214571933
0_0_77,0.4901175625032086,0.16389576700860747,0.49656058921623125,0.30760358635097496
0_0_775,0.9226724684978697,0.8148335604438388,0.9800297292057132,0.9475644459323737
0_0_818,0.9152669987258195,0.856479914922415,0.9683325086590797,0.9027233542319749
0_0_840,0.8034842839901348,0.7031941808981658,0.9310977848488557,0.9079811293225037
0_0_899,0.8565093443142223,0.8852053438891638,0.961281868000953,0.970763723150358
0_0_951,0.8658252728495319,0.7784143088293174,0.959518156020154,0.9525099229512024
0_10_10134,0.0,0.0,0.0,0.0
0_10_10135,0.9071822308690013,0.8079898002549937,0.8504006339702386,0.7486056430446194
0_10_10176,0.8770446609079213,0.6232725938608291,0.9810649055824993,0.8314397999285459
0_10_10283,0.5264602779068294,0.14052213393870602,0.5592616531633773,0.21133736929003852
0_10_10343,0.7404477679174738,0.48282331629682346,0.7542587360457946,0.46249649368863954
0_10_10392,0.5626298324655353,0.36099394828534753,0.6382729375481881,0.46228677125436735
0_10_10396,0.7733015697451823,0.4610936955764542,0.9627220071920722,0.8766535393315157
0_10_10484,0.8835324958295033,0.752821270310192,0.9796844853024629,0.9622385389029432
0_10_10507,0.8599860063748737,0.8091369289419411,0.6274651058081945,0.6720812182741117
0_10_10536,0.9548105798105798,0.823091570019041,0.9602827025884201,0.870285781213399
0_10_10545,0.7131391086243488,0.48910338910338913,0.8716988379909728,0.6961205752799448
0_10_10600,0.9422862601496577,0.7469971563176435,0.9786025956589841,0.9213106676521311
0_10_10938,0.38691057632537074,0.17392118068552484,0.43814394034813714,0.2521704814522494
0_11_11060,0.2166644670274075,0.0662390276839973,0.00011292927239669795,0.33460627276263216
0_11_11111,0.38313580726636876,0.37798290598290596,0.4065226422933112,0.4576884131346738
0_11_11136,0.826787858000343,0.6499560700811411,0.8938775510204081,0.7217474418081637
0_11_11164,0.6880733944954128,0.5357908569057335,0.8145167591218064,0.6668798465105125
0_11_11179,0.4750266935579547,0.4486748708471586,0.7469460092410912,0.7432071960297767
0_11_11219,0.00950501429779693,0.1297596123982856,0.017526107018538007,0.13220508336976206
0_11_11263,0.08326899746332855,0.0,0.08773331396615586,0.0
0_11_11281,0.7959147529370093,0.5442916752171831,0.8642571718256098,0.661607476635514
0_11_11297,0.8787326191018919,0.6754400670578374,0.9902583650995341,0.9728309481216458
0_11_11298,0.00013984058173682003,0.0006650594396874221,0.0,0.0
0_11_11309,0.23266946756079826,0.1036415529039579,0.0,0.14739214213396912
0_11_11313,0.06885824534115043,0.05375792614696009,0.14882913098161346,0.06407322654462243
0_11_11325,0.05492589363557106,0.28030250945342045,0.056130972268626796,0.3041856300828173
0_11_11328,0.8028962188254224,0.4691974447463103,0.8344677551372076,0.5664856723871428
0_11_11346,0.8789644012944984,0.7551700680272109,0.9098272963472414,0.8025876164071941
0_11_11425,0.909939276044268,0.6921102404755471,0.98073305591974,0.9187822606130833
0_11_11435,0.0,0.0,0.0,0.0
0_11_11459,0.8830742372599552,0.8150299068020587,0.9363225488879939,0.9049066435084672
0_11_11480,0.4915513926831736,0.2009464595866791,0.5808896492728828,0.37735203557988367
0_11_11517,0.944447708002898,0.7659222848425781,0.9926415720089545,0.9586630221071308
0_11_11533,0.862211614956245,0.5813149619529994,0.9160513613034934,0.7408872206967781
0_11_11557,0.9528173003232148,0.8212578616352201,0.9885197003329633,0.9571320961446278
0_11_11561,0.3162735338671283,0.018743038981702466,9.82354458047325e-05,0.29411764705882354
0_11_11571,0.5770480146096287,0.11028011006843999,0.6030705828702687,0.15022865579201325
0_11_11650,0.8616299340057278,0.5974291115311909,0.8896467408789653,0.7222769837358305
0_11_11830,0.928891394919024,0.7401510092968309,0.9828592513081981,0.9330063404713482
0_11_11852,0.8499172246794001,0.5495965286236297,0.9885641308449191,0.9389339570994873
0_11_11875,0.9326009501187649,0.7384232992921598,0.9813333333333333,0.9211346823989729
0_11_11881,0.19261388766032728,0.07370701461689783,0.27009302715387196,0.2575513940083616
0_11_11924,0.9385327589532566,0.8325683496308122,0.9675333393000984,0.9005735468979507
0_11_11945,0.12610272899661967,0.02057791159982034,0.1794947034830834,0.0568636286824762
0_11_11981,0.7956942763271658,0.7215526179367548,0.8736656546861228,0.8196023718172305
0_11_11987,0.20411433715957686,0.0027345393352965924,0.4935884875797357,0.17866077520387277
0_12_12000,0.5892241615144718,0.29246487867177523,0.618524218840748,0.40126578148957687
0_12_12048,0.8767716412796311,0.6042294627051338,0.9901369474207053,0.9484719916374592
0_12_12072,0.9024621811507058,0.8475695027129831,0.9548549639112079,0.9205634453296386
0_12_12144,0.44902266425723864,0.36134132834281785,0.48914893296585793,0.4291003984906725
0_12_12171,0.23884986882198614,0.16202383453906882,0.26632921377859586,0.2454324081853524
0_12_12226,0.7739225979733855,0.5353725279521875,0.7963879329833463,0.5738713862736617
0_12_12322,0.9301956521739131,0.7387036521877359,0.9896131721744801,0.9511071348691568
0_12_12344,0.597084394484939,0.4577746030715283,0.6662382600098863,0.5566142666468931
0_12_12372,0.9209118866158578,0.8074504497333439,0.955051430181767,0.8880347593582888
0_12_12424,0.8948893164377806,0.5614354002558406,0.936001872659176,0.7751971387943293
0_12_12429,0.9477451016842027,0.7768916155419223,0.9841086786551994,0.9266528449665976
0_12_12435,0.9398298341188712,0.8103456587764547,0.9772741760693567,0.9218151712718617
0_12_12484,0.7229421228855938,0.37168784828528006,0.9798583510145534,0.9225587617045672
0_12_12518,0.5474887935605147,0.04697808812906333,0.563225230586135,0.06428455642266633
0_12_12597,0.2990353143841516,0.22578069825283262,0.28778588970379404,0.21852369852369852
0_12_12619,0.6674209910261413,0.5090465541776784,0.8479211141608214,0.775190383284033
0_12_12649,0.8873427373236752,0.7600421380479091,0.9284005609172647,0.8455788959452858
0_12_12693,0.9343015397662523,0.7914026530519214,0.9834328862842331,0.9436577433074806
0_12_12705,0.846520367760553,0.4390847247990105,0.9302135864728567,0.7182486129854551
0_12_12750,0.8799745369419689,0.5642355451501052,0.9644950252146653,0.8444629098051065
0_12_12771,0.5405369660097871,0.2647776899006224,0.704118689105403,0.4688110067862787
0_12_12793,0.9415357766143106,0.8567125645438899,0.9751374611522831,0.9473684210526315
0_12_12816,0.3132996292551399,0.23980245533114358,0.3021052078958421,0.2631968485137878
0_12_12833,0.3008401909861449,0.3062895343671328,0.3140433894448323,0.3596915408048058
0_12_12845,0.9559496717151901,0.878956157042445,0.975554709593213,0.9269606864897226
0_12_12884,0.43113340172498954,0.08656100295586587,0.001451958812324333,0.3914115528466547
0_12_12891,0.3568672092890887,0.17577954787094974,0.29111585592276273,0.014470580735640977
0_12_12892,0.852584798875679,0.5892883489893277,0.9014672503242542,0.6830414352840667
0_12_12921,0.16621547289062416,0.19392242470260693,0.0026732532373808216,0.39017558104130723
0_12_12923,0.8347806084306171,0.6203433376153218,0.9039665970772442,0.6895928769598039
0_12_12974,0.8835443037974684,0.7189707139322506,0.867543967531669,0.7113435163524608
0_13_13027,0.8942694691113524,0.7042778533814568,0.9322212837837838,0.8784658691062632
0_13_13036,0.8060641337707694,0.6761826333607832,0.88898756660746,0.8344484128980331
0_13_13173,0.7486838213546289,0.5488313195800137,0.9106201262532492,0.838779358820504
0_13_13198,0.964297475301866,0.8579378068739771,0.9936624321482366,0.974132863021752
0_13_13223,0.9447521462198837,0.8600170710888916,0.9850579188163147,0.9609721136304404
0_13_13235,0.42037390422803983,0.0,0.4386999408781156,0.0
0_13_13264,0.6348970603298166,0.3810769318246432,0.9694196966048639,0.9229972700743669
0_13_13295,0.9324027603513174,0.9205212093862816,0.9609187804676527,0.9642983804232179
0_13_13308,0.23851800325834263,0.10769500369952101,0.5464392324093816,0.22461087995068577
0_13_13331,0.6935031109824917,0.23327475102519038,0.08651270542242814,0.33729236972432836
0_13_13339,0.09725224557323574,0.0,0.09777415128239328,0.0
0_13_13347,0.9453969690115358,0.8676882517712967,0.9564888384411654,0.8934096446988157
0_13_13349,0.9147204529370134,0.8570150467669785,0.9621096725057121,0.9377720870678617
0_13_13356,0.9244483159117306,0.8154814865512285,0.9653373089824823,0.9172043790328428
0_13_13361,0.7388075738401662,0.6231212248911364,0.8222533995251456,0.7349670641560587
0_13_13368,0.9581960104076322,0.8166904114320253,0.9769653590635875,0.9191745085251095
0_13_13386,0.9753140096618358,0.8937248009924532,0.9924328601810178,0.9667134225291325
0_13_13400,0.16640227912849234,0.0,0.10926064108466826,0.23840945357312288
0_13_13420,0.6991426044830635,0.4763214176596395,0.8139545475247074,0.5504787563257727
0_13_13422,0.9031150207868892,0.8217157433593967,0.8509159412758217,0.7705841766329347
0_13_13450,0.9333598391977559,0.7645365572826712,0.9784081880637473,0.9245141065830721
0_13_13453,0.9422535211267605,0.7439249680261475,0.9887070597781985,0.9682184422560429
0_13_13460,0.6365391454554692,0.5219897996895557,0.713374698379869,0.6246537396121884
0_13_13515,0.9503051252507148,0.7872291484565488,0.9912668657252542,0.9597360073672363
0_13_13553,0.9846259710627818,0.9223576863140526,0.9788986103962944,0.8943674808603719
0_13_13700,0.783687024518925,0.6570586308548968,0.8025815879201169,0.6441739130434783
0_13_13845,0.3302278735993957,0.08941355674028942,0.339924343114201,0.1843480746457593
0_13_13885,0.9574714913363281,0.8198328511732562,0.9882744047005463,0.9441387064323332
0_14_14093,0.7955264103485448,0.40254771885556145,0.8050229147571035,0.43469982514085875
0_14_14181,0.8841843775876346,0.7622587968217934,0.9147763905984408,0.828596855532483
0_14_14532,0.28372047628342767,0.12011666435189779,0.3124977515559233,0.17805564238824634
0_14_14597,0.8678334861036647,0.5819234030004792,0.9063518953676886,0.7044759206798867
0_14_14651,0.0,0.0,0.0,0.0
0_14_14747,0.7094907407407407,0.5362367243337118,0.7945980835112457,0.6909737827715355
0_14_14830,0.6930898970900806,0.41176696493720955,0.8679310743610501,0.7153568853640951
0_14_14831,0.5363801462870091,0.19077370588114795,0.9298224052110858,0.7881572714353386
0_14_14901,0.6937002930096274,0.18490105719707237,0.6939753138221616,0.24170057828228741
0_14_14926,0.15540793207364553,0.07359081419624217,0.002481855042350259,0.09320654331771619
0_14_14991,0.6984554869410939,0.6176609031286283,0.6725845089166889,0.680220143755075
0_15_15022,0.9646054885735527,0.9019030457522085,0.9595645412130638,0.878338663670153
0_15_15030,0.925607396258869,0.7657405556666,0.9708234820665024,0.8953433170773812
0_15_15264,0.7676407697790449,0.6502103903678706,0.8139447330773285,0.7488588909391085
0_15_15345,0.7419760977782943,0.6531248033230537,0.743056252886952,0.6598488919798944
0_15_15522,0.9624432033320712,0.8223164072051512,0.9384111944125619,0.732335682788792
0_15_15620,0.970940324414916,0.9156092206366631,0.9872576177285318,0.960483432916893
0_15_15622,0.9328615550691175,0.8320543211860661,0.9839826425449092,0.9559332295450614
0_15_15644,0.9119859720572431,0.7611857488209884,0.9639130304032719,0.8816157734241197
0_15_15663,0.38939074376218713,0.16168423064974788,0.44588774499643014,0.2797501028768097
0_15_15742,0.10650721368685365,0.2343164947776391,0.004724453735036886,0.17537313432835822
0_15_15763,0.8922602355580482,0.7414069814096563,0.9325578517510209,0.8452034367677341
0_15_15844,0.5377906976744186,0.35294117647058826,0.5545336830572064,0.3845157433240335
0_15_15857,0.37765154374575377,0.11732857102361312,0.4303261056616761,0.2177739096799149
0_15_15859,0.8099290456526202,0.4854665986741458,0.9781873614190687,0.889795918367347
0_15_15876,0.9381808566895822,0.8881565501737175,0.937288417781231,0.8908895044629117
0_15_15880,0.9215783105755697,0.7490981963927855,0.9228851291184328,0.7646675889006429
0_15_15935,0.6315046224075929,0.2993248677764508,0.6639144207301241,0.3584628626398663
0_15_15980,0.6428468686171284,0.4072432872643656,0.9523892343145354,0.9207056002740195
0_16_16030,0.39100398366194344,0.21629128877882267,0.4404613112146347,0.26294243379342824
0_16_16079,0.2903061224489796,0.0,0.26182142216067905,0.0
0_16_16196,0.5533941678961077,0.23056442195406773,0.8520885911739038,0.5480369214768591
0_16_16223,0.8846557043160511,0.6638577956651155,0.9780117270788913,0.9394937846338176
0_16_16283,0.17504166666666668,0.0,0.18467557587480218,0.0
0_16_16403,0.9047671172896941,0.7269111102359104,0.9465977105003196,0.8703863012576297
0_16_16431,0.9000850011591067,0.8943402363656077,0.9621205786436993,0.9618182843607241
0_16_16627,0.829146104381636,0.7670038743004736,0.9332342917067202,0.9159751037344398
0_16_16629,0.807570271380044,0.6445652587157359,0.885055099261216,0.7673978353018642
0_16_16704,0.810977577028553,0.5700410577899431,0.866915530862054,0.6907483908156403
0_16_16768,0.9202258578253946,0.7539543057996485,0.8948919695266642,0.683464005702067
0_16_16801,0.9051198762567672,0.750057400009184,0.9468226535495878,0.8578994258562661
0_16_16905,0.9246419531575406,0.7231608275535005,0.9781424485904944,0.9142512885735323
0_16_16940,0.7226050352575274,0.3980276631273827,0.9700852370826745,0.6104785215139583
0_16_16947,0.23949966428766817,0.17969547131308375,0.3155178550243208,0.26410157422897096
0_16_16968,0.6102863383502269,0.4176298819807763,0.9162282059217992,0.798198552935965
0_16_16989,0.7948601662887377,0.4442279397144789,0.834121083377589,0.5471137703930093
0_17_17022,0.8743325087434957,0.5595420095631526,0.9215232864833617,0.6964983308473613
0_17_17057,0.9574736576440154,0.8141490545050055,0.9871735740484505,0.9448853188812543
0_17_17202,0.480229763788758,0.22080245007206095,0.8820011734440583,0.642982577297212
0_17_17251,0.8926886281979135,0.6617983963344788,0.9672649976381672,0.8462195886274286
0_17_17275,0.8134904252278573,0.6784381994528724,0.9250155002005909,0.9215133829744415
0_17_17350,0.9030276675544926,0.7659028052153299,0.9357335320759044,0.8418491484184915
0_17_17352,0.756146211338348,0.3894419131090925,0.8406991193473445,0.5551039001997407
0_17_17369,0.8908398211031969,0.6938073394495413,0.9770316391476801,0.9294427036705462
0_17_17388,0.8068803309813256,0.33857519788918206,0.9802345176239292,0.9113460475400774
0_17_17407,0.4838966270076328,0.3299721835883171,0.531798041478944,0.3477155159957229
0_17_17525,0.6306367550419216,0.5927497253683852,0.7138408304498269,0.6747946389969737
0_17_17526,0.15043512801068862,0.49715454714524826,0.0,0.13965076476450453
0_17_17553,0.9174757281553398,0.7129723225030085,0.978456999759871,0.9304926306130642
0_17_17569,0.9473872488083207,0.6714351017774073,0.988463092229498,0.9206836524766577
0_17_17637,0.8708967035992017,0.7017521638167616,0.9363523669326722,0.8407919948903555
0_17_17660,0.8403184015813233,0.5720370246160038,0.961809487857053,0.8746203566700412
0_17_17674,0.75325259308112,0.6433992685516536,0.7703720106288751,0.678991254830181
0_18_18160,0.9185551290814449,0.7472028710154106,0.9846359956672938,0.9527032570350316
0_18_18219,0.833006215243703,0.7632544378698225,0.8799339245348635,0.8243911371543673
0_18_18254,0.9089766970618034,0.8021532560369627,0.9377372169388887,0.8701707918531373
0_18_18310,0.5782443278069371,0.3693200973965162,0.6196150866948698,0.45379504731226095
0_18_18314,0.7825437928408225,0.650484693877551,0.952797403093374,0.900511029173944
0_18_18358,0.8944193061840121,0.8383312637057783,0.9415798989961968,0.8771731524839873
0_18_18530,0.9385582970488631,0.835647576221772,0.9782239434705803,0.936684896928902
0_18_18562,0.8876486823144372,0.6932614177640796,0.9613141989935834,0.8931962952831295
0_18_18565,0.8889286627461007,0.7820680286326349,0.9543086853131015,0.9199839853580416
0_18_18636,0.795554272517321,0.7824706015805195,0.9607939748011544,0.9647377938517179
0_18_18653,0.9394294801709572,0.6708235484654628,0.9921614198182971,0.9545285524568393
0_18_18661,0.3895561592169364,0.2730288668677294,0.4889399353411605,0.35348100623312284
0_18_18690,0.10770301037186947,0.1390007860090391,0.010547524130152143,0.39827238290791944
0_18_18699,0.8388357668949477,0.6998155450960437,0.9214908802537668,0.8954806848825498
0_18_18720,0.48642664186705636,0.36204233840590627,0.5198931867020604,0.4227389878163074
0_18_18723,0.7816958495460441,0.5683475833187925,0.8385944802045675,0.6256023542394703
0_18_18725,0.7804878048780488,0.7745638546937542,0.9302325581395349,0.904704875962361
0_18_18732,0.920340170722385,0.8505350811566861,0.9657932544297736,0.9219893217322523
0_18_18734,0.6969710547540102,0.5219535475660197,0.9652349162363018,0.9453873298605276
0_18_18763,0.8641098484848485,0.815424739195231,0.9511456982274102,0.9245490196078432
0_18_18804,0.8359807304211966,0.5677571171503715,0.7172485054247546,0.5027762701958001
0_18_18816,0.8690708705357143,0.7779757265337935,0.6534680396347387,0.5219839421639846
0_18_18852,0.49249916124806287,0.3698048164692173,0.9101899827288429,0.7369837784231777
0_18_18880,0.9791981597108117,0.927397497260827,0.9946992317240917,0.9827041211904336
0_18_18927,0.8474853653930887,0.6619445896497648,0.9461604461604461,0.9004201960915094
0_18_18928,0.8123951285520974,0.8160899948866541,0.9395731550527128,0.9367197428421918
0_18_18930,0.881687294771407,0.6801509533898306,0.9596323162965834,0.9046355548618699
0_18_18957,0.7809948032665182,0.6287960536457531,0.9478213108751373,0.9289529914529915
0_18_18961,0.7353121910817815,0.4902974668835696,0.8194499196409619,0.6087446110288913
0_19_19011,0.7294459749005203,0.3946515911833831,0.8472660071746929,0.6020853756349701
0_19_19025,0.8401880141010576,0.8265874019731849,0.9206968453622116,0.8860412291604166
0_19_19029,0.4605714285714286,0.08643930166463662,0.7094752953556225,0.5832845655330863
0_19_19068,0.8814521853767366,0.7940568194187438,0.9232218812254348,0.8522288718608423
0_19_19090,0.18774511129743326,0.1586295016799962,0.27796304861128013,0.36210257229589393
0_19_19102,0.6352659809134604,0.28777864904223144,0.8268336975591739,0.4948909614593334
0_19_19136,0.8025846575186146,0.5337140937342516,0.8946145655190216,0.8023481045183223
0_19_19137,0.8261324233584677,0.7051534056918212,0.8775717097024271,0.7941378520723609
0_19_19193,0.8341778273027353,0.5592793490895002,0.8895521654752254,0.7640862536838726
0_19_19200,0.827492890560499,0.6290340195489543,0.9079888178054943,0.8031871300652603
0_19_19214,0.9248821632349293,0.8220946915351507,0.9321875486785399,0.8429762506316322
0_19_19249,0.8219180993263488,0.4767746942093788,0.8987929433611885,0.6810374507478674
0_19_19429,0.8948247078464107,0.7940638553587291,0.92578570687688,0.8872533987529387
0_19_19593,0.82446780131249,0.5186804829356403,0.8879521544891195,0.6832666195746017
0_19_19602,0.8859686670661758,0.6547286512370312,0.9753092315774392,0.9042663258474835
0_19_19686,0.9156853758285151,0.6675838947401714,0.976310407514013,0.913153939740929
0_19_19773,0.7708853040634182,0.6746123285915674,0.7170623351381369,0.7207419465387251
0_19_19820,0.629854820697357,0.622341523848854,0.664112667834209,0.6834045882583061
0_19_19930,0.7082115025439557,0.27639900876576545,0.7024369333090852,0.3836722488038278
0_1_1004,0.8128494991350526,0.5600490196078431,0.874430823117338,0.7654262612889499
0_1_1039,0.2723623951561723,0.24046552596562903,0.33359951247189357,0.2884977325279177
0_1_1288,0.9221352888529607,0.6249086719496432,0.9721231462361555,0.7680947312400213
0_1_1339,0.7381594275253786,0.46841827900323724,0.9033867801047121,0.8129069322098813
0_1_1409,0.9317615559108996,0.6976039503956007,0.9672667113089376,0.8489795918367347
0_1_1427,0.9235615507280475,0.7591741202039622,0.9437099858651368,0.825938566552901
0_1_1459,0.6899190581309786,0.34450971531857205,0.9098456625864821,0.8218679233735234
0_1_1611,0.6889663017204607,0.7953461314717859,0.7005278266506157,0.5202361598357149
0_1_1626,0.8380756448805191,0.7443001296291589,0.9727698146578725,0.9574492653214399
0_1_1650,0.9492562894044194,0.8339913047823697,0.9523496034358444,0.8454678288910162
0_1_1664,0.9413139890672809,0.850192821121329,0.9157519600855311,0.7879456787753731
0_1_1696,0.8588283157038242,0.7529390966145143,0.9481651376146789,0.9069070520566485
0_1_1728,0.2882994109139652,0.7459069342659211,0.2995480156027491,0.6343692032885245
0_1_1865,0.9307402366244373,0.7762342380850609,0.9685541506322155,0.9136127624350967
0_1_1934,0.8638543537059344,0.7910510679299824,0.9401518075389168,0.8840571181985799
0_20_20053,0.9077517162471396,0.7599139133553864,0.9204404524784847,0.7790674079785723
0_20_20085,0.8141099087629959,0.4231985940246046,0.9627236066590839,0.8450518776004635
0_20_20144,0.9456837555528875,0.801179296789692,0.9706613625062158,0.8874890396418847
0_20_20368,0.40066025575637304,0.0074531355868403225,0.528682842287695,0.47776126532561963
0_20_20573,0.0,0.0,0.0,0.0
0_20_20656,0.8826559668651307,0.5663666238034005,0.9260760019740772,0.7073743541568812
0_20_20724,0.7842697014362595,0.4518274509803922,0.8339084383591977,0.6000120224820414
0_20_20772,0.9341533475731015,0.8406686227438428,0.99057344854674,0.9768667642752562
0_20_20783,0.8789268973770819,0.7369174487036743,0.9373071126103495,0.8736914070845618
0_20_20937,0.9406137301055996,0.7712178577062628,0.9866086679268488,0.944920546057448
0_21_21001,0.40352242656051945,0.20697818308987706,0.5090768967288919,0.4022476550056044
0_21_21087,0.7250116543724463,0.5155268667131891,0.7898937766308588,0.567840031018916
0_21_21093,0.9674128760816068,0.848760025813589,0.9869885433715221,0.9380556912554958
0_21_21135,0.7538408224558161,0.8345231369729341,0.9064516129032258,0.9308823529411765
0_21_21147,0.956560015406201,0.8771999566332984,0.9803758666131898,0.9476899155930697
0_21_21244,0.8289404466051118,0.498869715921935,0.9737850416711765,0.8833405912807858
0_21_21299,0.8302853740483987,0.4675428225784279,0.9746670997076973,0.8955958857869029
0_21_21313,0.8664232707647129,0.7047935688765383,0.8779839747581684,0.7542922739069674
0_21_21332,0.12020972800898834,0.11212250106337729,0.00015522808179485055,0.21091061067951616
0_21_21394,0.19915282954930533,0.0,0.20788576953461227,0.06402137344151988
0_21_21413,0.8657089970539927,0.6253233587359295,0.9627256158504321,0.8648370214694853
0_21_21422,0.3594831618334892,0.21738995756280396,0.6211303723458816,0.3840263992368971
0_21_21703,0.698983321150907,0.48183888755694076,0.9801262126777809,0.9623470618645528
0_21_21781,0.6293435155017617,0.10761823845935996,0.9768006719179171,0.5380864425563354
0_21_21938,0.953745092704163,0.8377428689541133,0.9852893235533823,0.936745003294531
0_21_21974,0.9153418384036637,0.786381197681906,0.9755473414842195,0.9520710579544455
0_22_22047,0.9375415747645556,0.7834092980856883,0.9785353535353535,0.9233713901947616
0_22_22147,0.9035968752682634,0.7895441303834344,0.9781089892873778,0.939261894175189
0_22_22218,0.335578863591143,0.24449612753178135,0.4279803607877751,0.2649267008255053
0_22_22219,0.827625789171609,0.5082578825242277,0.861591056084265,0.5314821891054218
0_22_22234,0.7362942401110341,0.5791158943342525,0.8098291915890732,0.6590939344189555
0_22_22396,0.5802110701432892,0.22353906205804153,0.568149629709714,0.20288826337045648
0_22_22502,0.556236599823433,0.21655826621897672,0.9222090521971992,0.8476108066532064
0_22_22838,0.9354046084962324,0.8529188779378317,0.9489527297699439,0.8776752985692325
0_22_22933,0.38156647851345227,0.24446993281992463,0.4455288048151333,0.28196933907646704
0_23_23003,0.8323974329589732,0.45795209903121636,0.9762378239913715,0.9192079207920792
0_23_23069,0.951809288631399,0.7484546096785588,0.9887700854190311,0.93221559349928
0_23_23355,0.9163028619305905,0.8191623748906812,0.9612176617501531,0.9216936152570481
0_23_23577,0.9553681560730019,0.8525873982699493,0.9853428265915551,0.9437789490496725
0_23_23645,0.4453465033939968,0.36383412333127246,0.49365907772987416,0.42212518195050946
0_23_23666,0.6746422058904791,0.25153452685421995,0.8664510802256777,0.3540396735199917
0_23_23683,0.20655009177857211,0.09878924960085152,0.1838710470059218,0.10449828671413643
0_23_23697,0.22830607152758525,0.1152970743041396,0.32382661252242895,0.054934469034400586
0_23_23732,0.8336352013637333,0.5297944051230199,0.9836666350740846,0.9537389100126743
0_23_23748,0.1617213555675094,0.21170735337898183,0.17001108522046016,0.2346488830581976
0_23_23817,0.8037738522576988,0.5975095837524809,0.860949230181957,0.6958964553610825
0_23_23934,0.22937501955345133,0.19932634944195474,0.25384077836908026,0.14130517552097877
0_24_24071,0.8807059869214653,0.6974994776067424,0.9618304659747858,0.9108478279136207
0_24_24101,0.9168536315842347,0.7765167437298585,0.9578394016370307,0.8786642114169113
0_24_24177,0.798032021347565,0.3477472140979601,0.9856545335130837,0.922860323488966
0_24_24196,0.47752391455491355,0.08085861448603889,0.7269701761482734,0.5405519402265606
0_24_24209,0.2947646125599387,0.36683326669332267,0.3321293045719272,0.43583106267029975
0_24_24234,0.5760137927776859,0.2458206287456629,0.5944054214483577,0.3189019159279382
0_24_24237,0.8926895940305124,0.6878356164383561,0.8951420643295424,0.7104042041706267
0_24_24256,0.8184246209475284,0.7037479630635524,0.956268221574344,0.9103630185979972
0_24_24368,0.6111642997712887,0.2538500682968637,0.9057638049173721,0.8040721249245104
0_24_24390,0.3090738393653476,0.06649220448932955,0.304436961381831,0.20463641894271717
0_24_24431,0.004102163402842213,0.20062066447608617,0.014713763702801462,0.18936196623634557
0_24_24440,0.8203666615313511,0.8165282720442862,0.865979381443299,0.7768647956461423
0_24_24442,0.890348866819455,0.8240957227341493,0.9210933186085036,0.9064118074038229
0_24_24453,0.8639382901221341,0.8068314715489777,0.920979020979021,0.9024960666751711
0_24_24455,0.9036673742771393,0.8320774066972845,0.9676866682604192,0.9412789010351166
0_24_24456,0.8700758944705457,0.5608928766823503,0.9833607230895645,0.9563064628214037
0_24_24492,0.9401246174833168,0.752156210323541,0.9898529756784235,0.9148945776333017
0_24_24500,0.7944163154470625,0.5522831667116995,0.9246759274607963,0.720414673046252
0_24_24532,0.5405231616039508,0.06590397016548831,0.7443411289565136,0.6710013291980506
0_24_24552,0.7246542284038716,0.396903149450983,0.9105521998877777,0.7316296964803116
0_24_24558,0.4162503823019676,0.310237487321185,0.955542095699576,0.9404597303836848
0_24_24670,0.6713453147407927,0.38066306630663066,0.7234091582447246,0.5610863568852111
0_24_24759,0.820531173478998,0.6917550330413401,0.7161575998554129,0.725767169995129
0_24_24771,0.8623085885486018,0.8614002659143237,0.9609079445145019,0.962539860531941
0_24_24829,0.5207787345563459,0.2556519520285787,0.7118399627820423,0.39565750306426195
0_24_24861,0.8966050116494698,0.5850700293593878,0.9853236725195684,0.9322335336685883
0_24_24866,0.8276006401575773,0.5483745123537062,0.8954148995758983,0.6761576071325855
0_24_24906,0.9169519796330436,0.8481352718078382,0.9601757502103393,0.891426758664446
0_24_24918,0.919692691575284,0.8386875813411877,0.9770642201834863,0.9541150764748726
0_24_24926,0.7425587211297995,0.4525152876786378,0.7615391035806693,0.49400953029271616
0_24_24951,0.6162452107279693,0.21576075197730604,0.9004570682337577,0.7582614635812484
0_24_24965,0.846645003135511,0.7146398909135986,0.9055759308758625,0.8406746516744072
0_24_24971,0.8795284646348476,0.8531186143816288,0.9361151442459441,0.9120890237733941
0_24_24973,0.8275479843649729,0.7090050236185049,0.9629301533219762,0.9635567819591798
0_25_25000,0.9759952033234116,0.8406089253440845,0.9888353431169454,0.8628617798214768
0_25_25057,0.9280931903543629,0.8443882055205697,0.9835359823142708,0.9630495199595756
0_25_25064,0.4500370812240028,0.24264076888240327,0.7851981483572316,0.46823925136918365
0_2_2225,0.8143778511876671,0.7677112547250335,0.9329494799405647,0.8933290978398983
0_2_2268,0.9237685691946833,0.7344552421584893,0.9486982172630499,0.8321607222741877
0_2_2276,0.8944444444444445,0.8673846478724527,0.9489431590974008,0.9267591620142612
0_2_2301,0.9303525738323432,0.8118357758138495,0.915686810682709,0.8160547344231472
0_2_2304,0.0,0.035053808379479676,0.0,0.02032206616247363
0_2_2310,0.7148574118913102,0.28004994366111396,0.8397329540965474,0.5978064103929294
0_2_2397,0.5615797517426473,0.3147662448364042,0.5818840438584533,0.4349743319731473
0_2_2546,0.8514723156061403,0.6984951391663338,0.9211240051576186,0.8665827564505979
0_2_2551,0.3565269964775774,0.2807889190003011,0.3867259918427883,0.32168407723963277
0_2_2580,0.9240191236319096,0.7965433123994394,0.971637771418953,0.8953401178361007
0_2_2721,0.428734722588587,0.2351775859629263,0.6468950276243094,0.3529008800126469
0_2_2741,0.41778694549161866,0.2206075044669446,0.8101384522036517,0.7522319374137137
0_2_2756,0.9172721041809458,0.8544905008635578,0.9058910707669507,0.8670512981311927
0_2_2950,0.6783435717791203,0.14895499856849118,0.9684795890376798,0.8670290612586243
0_3_3142,0.846427066401782,0.7931325937665082,0.9523941514794539,0.9306473672213358
0_3_3183,0.46379089606916046,0.14726857142857142,0.06492532315317126,0.4052722490480116
0_3_3276,0.45487780448717946,0.5338887037654115,0.5473555487618466,0.5356722928124408
0_3_3294,0.8358320510002198,0.6429157268812795,0.950532215765928,0.8984551505159675
0_3_3308,0.5443371884071326,0.3178789276744067,0.5412673735990904,0.3836356165991665
0_3_3317,0.845389203242086,0.6859535835304648,0.9555419687308935,0.9328024701389453
0_3_3327,0.7889151740452855,0.5854330307048863,0.9811672887682389,0.9670662715517241
0_3_3344,0.5834780966767371,0.4818828181437968,0.6172477506426736,0.5270149626825698
0_3_3345,0.8758689175769613,0.848168663317446,0.9441897426493062,0.9359125544267054
0_3_3360,0.8693113247946432,0.7485810937793648,0.9563685401078824,0.9103103733134023
0_3_3362,0.8904354631337693,0.818213058419244,0.9311221473335698,0.9038601602330663
0_3_3374,0.8608155395272442,0.7662208725106582,0.9168047991159524,0.8660722607101805
0_3_3429,0.8853367240361473,0.7906220742744201,0.9555103373778481,0.8996188055908514
0_3_3433,0.06760424377004688,0.299067563436258,0.0016347501167678655,0.1654501216545012
0_3_3434,0.11126307961969512,0.0,0.11436409794447629,0.0
0_3_3467,0.9525695713995531,0.7983663128467217,0.9796888870101873,0.9138173302107728
0_3_3473,0.6102575342465754,0.2518147023888082,0.7112105042896003,0.5057076472370946
0_3_3514,0.5295287827924904,0.4114037958115183,0.9545953863053827,0.9253206454282168
0_3_3524,0.60300953570838,0.2756677706568024,0.9649869109947644,0.8660075960679178
0_3_3551,0.8614780535689244,0.6600029344875651,0.8511339582703357,0.6070387642086855
0_3_3559,0.8407279243650745,0.7188955626379014,0.9563122389977514,0.9319987400692962
0_3_3610,0.3717325470194453,0.3316304810557684,0.4718312682946389,0.47387025890895196
0_3_3654,0.8462607377463366,0.8166692108075103,0.9434498437055981,0.9364750703992049
0_3_3692,0.927081106503057,0.6766528421566236,0.9805330456141962,0.9024445195448912
0_3_3732,0.8442890442890443,0.7181921331316188,0.9297124600638977,0.880060553633218
0_3_3797,0.5794622118992317,0.5720922229869236,0.9717393369430987,0.9282323065032572
0_3_3835,0.40621424170407533,0.638636738735765,0.42016864964768397,0.6798950981526476
0_3_3914,0.23408875516419614,0.004940260437642637,0.241526952361061,0.009771390649671616
0_3_3965,0.4594935893305844,0.15750122283558102,0.5445623591284748,0.41479383528892483
0_4_4038,0.45719020438225005,0.07553109870631498,0.5065483498902408,0.21112560192616373
0_4_4240,0.7688436042229315,0.42712259917429546,0.7929332514245768,0.4857166898060499
0_4_4283,0.9518879834729714,0.7985497502881291,0.9917747775832714,0.9629196770080748
0_4_4316,0.9087776568734132,0.7297174662714018,0.9578697881396924,0.8662592698685508
0_4_4328,0.7349800277166382,0.4072591680350301,0.7878331709908794,0.45840046872711293
0_4_4430,0.7679055361982191,0.4775991498988791,0.8757511532227902,0.6577816677275621
0_4_4666,0.9187261465306888,0.8738303949571555,0.9601106911447084,0.9393939393939394
0_4_4828,0.9041619173777764,0.8112992367751557,0.964845700589234,0.9494348225311086
0_4_4838,0.9565302718084584,0.8466539873501703,0.9680805103052175,0.8288081371503568
0_4_4870,0.9473824643791025,0.8717353837995493,0.9848866498740554,0.9620413327709827
0_4_4976,0.4047627927793525,0.3277575903180276,0.44765615181601104,0.49621038876184254
0_5_5010,0.8849574570557072,0.7365208940719145,0.9694039594875957,0.9028588598901099
0_5_5031,0.9503205128205128,0.8505426896511695,0.9548815953469049,0.8614656118265288
0_5_5091,0.8978561188583344,0.7465784059397084,0.9681695732312491,0.8704082581605134
0_5_5108,0.7638458130261409,0.8430421432067998,0.9120102761721259,0.9502815613418684
0_5_5131,0.7873242951010563,0.8652682733313498,0.8691950464396285,0.7922741300415026
0_5_5189,0.9020326139289527,0.7685374354043986,0.9509196969358336,0.8720373288835327
0_5_5255,0.9080076933902519,0.8040654746019037,0.912503132047106,0.7679737220283309
0_5_5268,0.8973414702581369,0.83189430591738,0.9714252749788478,0.9504135517735008
0_5_5291,0.9506512520193862,0.7755812027168811,0.9244170676254428,0.6307548690966182
0_5_5303,0.8957202695319614,0.7388066648049892,0.973044418632595,0.9305057955742887
0_5_5318,0.812599352369738,0.4199315108247722,0.9695414347333671,0.8713601317463882
0_5_5335,0.600950729976435,0.33653323180680955,0.6412207103421292,0.4914374131284257
0_5_5416,0.9266415151861591,0.7866071428571428,0.9904157280360434,0.9662866249846758
0_5_5463,0.9316028502075013,0.7586563663953648,0.9540946443751771,0.8370532458059811
0_5_5528,0.9580864336976732,0.7908507765023632,0.9733148094688222,0.8735209752599498
0_5_5566,0.3946804533559464,0.05129196468844642,0.0,0.28860227644516384
0_5_5586,0.9335573422936917,0.7530464452336189,0.9710313351786507,0.8986831397499445
0_5_5634,0.8118894148454023,0.3926260688623728,0.8887135886872937,0.598745467019504
0_5_5673,0.4741768618113146,0.18485257708755345,0.8258728152377631,0.5983565641439158
0_5_5706,0.947132486913266,0.8913666375981064,0.9450349858567813,0.8820593962999026
0_5_5785,0.8401885175664096,0.762000276663439,0.9424186137452342,0.9486986610500978
0_5_5880,0.8536833684822922,0.7759624524714829,0.9646105506862908,0.948470744680851
0_5_5887,0.9710467706013363,0.9120657452372058,0.9668831330397353,0.8240961428715298
0_5_5948,0.19618967147484256,0.29513812154696134,0.21058383789809612,0.3092737253246068
0_5_5953,0.36748808087770696,0.008807217622246524,0.6636665973810019,0.4543198114626686
0_6_6048,0.033516324761629586,0.017753134776305416,0.0538459438058051,0.10991322640021035
0_6_6087,0.3048022955161758,0.2713097253920342,0.0,0.263883490113763
0_6_6112,0.5907589887195203,0.570951871657754,0.6209827207744695,0.7027992852888624
0_6_6227,0.18684652996540596,0.21172327782261022,0.1247717826205182,0.15999698261230338
0_6_6287,0.19469330228567927,0.039266428583751706,0.1794197975717794,0.17640274212937393
0_6_6377,0.9114090498904216,0.674657256428977,0.9561314129925922,0.8135570707517932
0_6_6378,0.48568693154619436,0.24376436781609195,0.9358823529411765,0.8921161825726142
0_6_6574,0.6468318404832993,0.2963504814598074,0.9233570226764772,0.7401270472983316
0_6_6618,0.0,0.0,0.0,0.0
0_6_6646,0.8970064724919093,0.8154009936124911,0.9460650392174142,0.8890534735594726
0_6_6693,0.9234582100996823,0.7456353934621561,0.9837889742431088,0.9259050411638661
0_6_6744,0.3303051575339637,0.19220514664030436,0.3443836913936367,0.2273223721108717
0_6_6772,0.9434101163619093,0.7875720164609054,0.9621818363124174,0.8843144229059221
0_6_6791,0.9392349035725577,0.8546596286858391,0.9826813774657305,0.9539454668079776
0_6_6818,0.9265833260736998,0.7124758687258688,0.9702137600747576,0.8850500781034641
0_6_6823,0.9710091220068415,0.8796039837350462,0.9767992285889606,0.9021428571428571
0_6_6825,0.9359047657940949,0.7479119789481713,0.9335013571151609,0.6611096252711658
0_6_6826,0.9284120579159744,0.785534364879453,0.9759066700481867,0.923951670220327
0_6_6830,0.45191945803537825,0.27624543181381034,0.8946078431372549,0.8834985019589767
0_6_6833,0.8921571980709375,0.7495684983743427,0.9451590053312455,0.8739978094194961
0_6_6847,0.9496252437677686,0.8076278479865924,0.9519674222353056,0.8113599630570307
0_6_6876,0.6966244470032119,0.324843028077242,0.954165244110618,0.8807769591426657
0_6_6913,0.9327256228345158,0.6659782608695652,0.9694336294607326,0.8269359424652952
0_6_6917,0.6470236802085596,0.41936706462004925,0.9802212537713711,0.9548747063429914
0_6_6923,0.6481752775336133,0.3752558329922227,0.7357846853677028,0.501680483979386
0_6_6975,0.9070224814350141,0.7206271635104866,0.9746858696450879,0.913600637885864
0_7_7129,0.7429189109962991,0.3418446868983222,0.9841246580695584,0.8898796886058032
0_7_7167,0.5288537871231705,0.22253592884284715,0.9759379632797355,0.8728072617920588
0_7_7270,0.951222932232928,0.7891767564987198,0.9802575107296138,0.9103160069493356
0_7_7478,0.6221985667306632,0.01767439208643348,0.7282669469729162,0.15139934375603165
0_7_7540,0.33601800900450224,0.3251179863660199,0.40659396142583054,0.3783622235505081
0_7_7586,0.922077922077922,0.7980995297805643,0.9863093022293916,0.9666210670314638
0_7_7609,0.8972366621067032,0.833530106257379,0.8920310004141276,0.8667668816013292
0_7_7677,0.8586016514389017,0.7736326870015496,0.9642797061627321,0.9426031996839819
0_7_7697,0.3278914519342442,0.14994264994264994,0.42151292335115864,0.2500634356762243
0_7_7702,0.6486928868727494,0.5185369382403472,0.5095434490696336,0.3283123270826929
0_7_7796,0.7941724941724941,0.4637195882164357,0.8946025073192704,0.6169987799918666
0_7_7804,0.8696544161861979,0.6573390110367602,0.9520986113278203,0.7760956559471578
0_7_7817,0.10276992839697584,0.0,0.0,0.3930215429939238
0_7_7819,0.2878613738838299,0.4578159645232816,0.986864752242051,0.9666701385272367
0_7_7821,0.0,0.0,0.0,0.0
0_7_7904,0.9514050764050764,0.8443330845505918,0.967756064690027,0.8047448782373405
0_7_7917,0.603931963772918,0.36957130848977304,0.9540068138053621,0.8492536095929522
0_7_7923,0.8436524453694069,0.8181527133023851,0.955952380952381,0.9483349442052543
0_7_7954,0.8313943779571389,0.6582317073170731,0.8856895108240641,0.7482199009650486
0_7_7981,0.2824353402810008,0.14169758165741542,0.25798819644853493,0.32810019403774915
0_7_7986,0.9105341403844112,0.6669117286673528,0.9877245422095824,0.9507764254451706
0_8_8006,0.704367417677643,0.41143756558237143,0.743363156350836,0.5183432611479152
0_8_8040,0.080725,0.0,0.08109126220094091,0.0
0_8_8108,0.18214494082347057,0.13279456332078243,0.0,0.11789463136007215
0_8_8109,0.31233892291729426,0.1109302837035408,0.32518201473767816,0.1918006140509301
0_8_8151,0.8711608537220198,0.6121530609163118,0.969735120590486,0.9183687113488217
0_8_8238,0.9146010046940625,0.8538767395626242,0.9418191277204544,0.9057325778202958
0_8_8241,0.917526773869997,0.626217485963103,0.9458906624241683,0.7596416475472523
0_8_8248,0.9118034751348113,0.8108436445444319,0.9515407344871254,0.8970869261244465
0_8_8454,0.9197431781701445,0.7793424687212263,0.9668313683283597,0.9190513642688608
0_8_8471,0.9263079324150099,0.747315022165349,0.9665846955012296,0.8724550049600831
0_8_8648,0.011101202725568207,0.24269560911191812,0.001844822081101217,0.21484415008022942
0_8_8711,0.905777916212428,0.8125,0.9269836052101738,0.8371871275327771
0_8_8814,0.2974959009005142,0.0,0.3292855581843923,0.0252978586379005
0_8_8859,0.17636859719627423,0.11876331477470059,0.18747352584607743,0.23494149414941495
0_8_8860,0.7712934173111164,0.5821116297416343,0.8646153846153846,0.7263828408968223
0_8_8885,0.6553818251765546,0.44372635033318825,0.7135093878797131,0.5362257495590829
0_8_8976,0.93574166190981,0.8048195921213178,0.9697124238560703,0.9085498085175102
0_9_9002,0.13560690571049136,0.17186749879980798,0.11919571145728268,0.09502685843008145
0_9_9003,0.9365251691817754,0.8325036000822876,0.9756977770952509,0.9220306751002522
0_9_9012,0.9527694188452135,0.8384575713095569,0.984439986299359,0.9189892233370495
0_9_9033,0.6608986186605496,0.5483749529426528,0.6769157744844682,0.5679573066878619
0_9_9127,0.9415486307837583,0.8642796661424943,0.9932646460604848,0.9843315210411404
0_9_9132,0.18210659898477158,0.40975,0.24876196764608782,0.4290091930541369
0_9_9135,0.37022388586764604,0.3824905214436949,0.38263893991721165,0.3975175955868366
0_9_9187,0.8447152098837493,0.6083600485542656,0.9062821833161689,0.728275627970129
0_9_9228,0.2253141347139082,0.29369833927352695,0.23754832840573117,0.33364884051112165
0_9_9264,0.8868399295445559,0.7235359663241302,0.9698356480560308,0.931475766926847
0_9_9353,0.8295405052264808,0.7456702747710241,0.9428300694883134,0.9249360380116959
0_9_9398,0.8483874159081916,0.7671204100495757,0.8962111489314213,0.8505948814516819
0_9_9419,0.8685674740484429,0.5552199358127242,0.9519116450785308,0.8196127994484977
0_9_9453,0.8904172750326597,0.8095498326388415,0.9598810029749256,0.9305022156573116
0_9_9459,0.8625864194222627,0.7282184655396619,0.8959502317638448,0.7858568577131452
0_9_9496,0.4076061439399021,0.32015257840025624,0.4454462158695254,0.4059809985334439
0_9_9638,0.898401719786896,0.6848684715085512,0.9615942951738189,0.8762371742486152
0_9_9659,0.2363047955280965,0.32821374290056793,0.2777558644052066,0.3473997355663288
0_9_9699,0.6332781456953642,0.6383114224628121,0.8086569187566574,0.7892090099528549
0_9_9799,0.6716584515433144,0.04460835967685283,0.6696828604058684,0.06141248720573183
0_9_9837,0.9536517220670027,0.8401813934313591,0.9901436138262436,0.965512122711529
0_9_9880,0.102677716954408,0.0,0.1344284067558763,0.0
0_9_9938,0.879951628861446,0.6766054289389491,0.9318110483364721,0.7745158632056036
0_9_9990,0.9049923430321593,0.8257826229410539,0.9663239507837519,0.9484891185219978
10_00000006_004,0.9441342233072748,0.8051833740831296,0.9718474913471234,0.9036372950819672
10_00000010_010,0.7503694841297769,0.42423847107168483,0.8644440877719946,0.7019389140925246
10_00000013_001,0.29069868615679106,0.07930842529224925,0.3037821551665107,0.0923245105508994
10_00000013_008,0.8952138711757541,0.6893969864793787,0.8576405529953917,0.5807361846485527
10_00000014_010,0.866874270144025,0.7963214546974605,0.9601821921833676,0.9455422794117647
10_00000014_016,0.8955677867902665,0.7815875745687108,0.9602326811210999,0.9176354336200884
10_00000023_007,0.9187558031569174,0.8922893819603842,0.9534387550200804,0.9424466772430813
10_00000024_023,0.9043977812995245,0.8207774798927614,0.9382594557590279,0.9021040058801911
10_00000027_009,0.8855497406129305,0.695303910790011,0.9253245174777578,0.8016136879662666
10_00000027_010,0.937110881455902,0.7641866913123845,0.9658047269936215,0.8797736220472441
10_00000033_020,0.9472706667506139,0.8521750865985874,0.9738581434349413,0.9218347765036274
10_00000034_013,0.9078919824157421,0.8370673800367832,0.963648756105873,0.9550254916241806
10_00000034_014,0.8403415498630579,0.6956282217762563,0.8256114716159186,0.697403307941585
10_00000043_019,0.9539032516553498,0.8664037152490617,0.9574812095787449,0.8697799730579254
10_00000067_018,0.8616447430680421,0.7424390243902439,0.9422020287404903,0.8958844907180041
10_00000069_002,0.7633406742334407,0.6502859563651768,0.8475022473353024,0.8150507302425042
10_00000069_018,0.9041107597641227,0.8037391380672343,0.9764935426925578,0.9564620513826241
10_00000076_017,0.9317498020585907,0.8386003480809746,0.9789096365455152,0.9493497604380561
10_00000083_002,0.8583540418067535,0.7427428106348345,0.9268851902173914,0.8713852525700762
10_00000085_008,0.936493374108053,0.7962665348003461,0.9683096690600874,0.9009462626964146
10_00000087_005,0.8392107349443579,0.5318073348404924,0.9521979341820802,0.8831916643816836
10_00000089_017,0.9144086599878976,0.887787492342819,0.9721231530679089,0.9661389113602219
10_00000093_007,0.8919397954439795,0.7274273404134699,0.9559954963407769,0.8874746655857316
10_00000094_012,0.8873887388738874,0.7982447188488622,0.9351791175185671,0.8878549399127937
10_00000094_022,0.9458932853717026,0.8739174035919409,0.986731569443354,0.9677077308656256
10_00000098_007,0.7997174143412222,0.7233215913800248,0.9043252121543937,0.8758844681591462
10_00000098_010,0.9112535247372469,0.8099391243268556,0.9437605995951639,0.888092885375494
10_100814280_70659ccbfa,0.9317493029458116,0.8093479578900954,0.9514088071537034,0.8627793099566612
10_108765872_c1d462aa15,0.8911951513138777,0.8202897439828299,0.9323400208323899,0.8520881457852089
10_111078578_967ba44a4e,0.8377570540411287,0.8600458139363039,0.8981163206379761,0.9018817204301075
10_114197289_0b92e3abcc,0.9066750265264782,0.8639702741949261,0.9424086464230571,0.9218902818529385
10_115003816_5268a2536a,0.8482462419470294,0.7118734312010344,0.9083879184861717,0.8559961470541018
10_118134441_c58fc0719f,0.7599500185116623,0.5637575556843587,0.8607188703465982,0.6657667386609071
10_132474673_88eaf528f5,0.7461019437840861,0.4565107073987618,0.7899100041076963,0.5649747262005055
10_134815623_dcbd7ad8e0,0.9227970139175451,0.6699480817207201,0.9201560621884175,0.691735006235592
10_135418000_4666dec3c4,0.8850601748402525,0.8213780341787308,0.9453768951526799,0.9103733477622323
10_137117726_7d0ef6a2f1,0.9437171466831891,0.7558742881248681,0.967044738500315,0.8519956160379943
10_137385456_396ee799c5,0.833614417192695,0.7880105251115433,0.9069431051108968,0.8815868805016279
10_139375137_1d54fa7e20,0.8838315217391305,0.7926095431816256,0.9166100048567266,0.8605879962064761
10_142031788_e469594839,0.7618585918854416,0.6685797429472152,0.8775528484414189,0.7549901978256995
10_144439584_97e8823d39,0.5023149029009222,0.3553269750333648,0.5238631941928645,0.41413203560222833
10_152108976_efb920fd16,0.4405460544543234,0.18662616427608683,0.4529745997976286,0.21880756992128622
10_152109747_5678ebbb1c,0.5081184928111055,0.24038956266078648,0.5469704400552856,0.27268366228070173
10_1557631_c5d89caa41,0.5887682497476426,0.40036212960061285,0.6356525989897344,0.49756531148554645
10_156234186_1b16bc540f,0.8941657773034507,0.8430250702174139,0.9346862757690578,0.8979290345525675
10_15955708.montblanc1,0.9052715337179232,0.6471662427444075,0.7887428496572202,0.5893184796854521
10_161208056_248b2c2ab6,0.8413129102844639,0.7833043478260869,0.9323289578361177,0.904235928842228
10_161577795_24ddf05710,0.2502859543873573,0.09773187874606529,0.25792715199923016,0.10992416885344133
10_162330937_390a32901a,0.4889122329065996,0.17486073491081924,0.5223438522010638,0.3456701202282675
10_163690182_59efbae927,0.6122483034820336,0.3268679533728263,0.7733534222987516,0.5041684329518158
10_167944629_67a359c464,0.8775237777406975,0.806853920399089,0.9603381822702971,0.9365458571262091
10_169329862_b3b297c7a9,0.9340773216420885,0.7316232171777859,0.9671924819600604,0.8185695708712614
10_178480338_a73f99f0ba,0.6481249412575582,0.321776691579755,0.9712772555942555,0.864018460524147
10_184503160_143a47edb1,0.018546664475846204,0.11667650724922915,0.0,0.15998966141121737
10_188491483_a44e3d6e02,0.8312431091510474,0.8466439688715953,0.9283729055824664,0.913393964448119
10_192447210_936a00b749,0.07882550648865652,0.3625321946590755,0.005234019235493075,0.4250259246456965
10_197325318_cceafb4122,0.8594252134790193,0.6207484480195855,0.9834533637800807,0.9459921663816406
10_200477093_158e8132c2,0.9366796861254795,0.687994780339278,0.9780487804878049,0.8116485163793483
10_201960469_f9110392d6,0.8948215535339398,0.693447380479609,0.9806633026462771,0.9378561253561254
10_206775277_55350e13b2,0.25815012731772047,0.13182199832073888,0.3998683055311677,0.2178871765257877
10_206775389_ad06667dc2,0.8928608672075417,0.5803765535912055,0.9333863064494768,0.7627302810292883
10_215268421_d9e8d9a11d,0.46658605401047965,0.18933087217351177,0.5805066988380214,0.3907010710808179
10_217098809_9fddf98ceb,0.45844511619119593,0.08802015043820302,0.5682255895926451,0.24194961207975307
10_224830165_1fc5dcfecf,0.9212686189076907,0.6592396985201078,0.9828896299130815,0.8646438953488372
10_229961305_0a965550ec,0.1826122616362518,0.2650165368611971,0.22768454648409348,0.33433788335401526
10_230453144_086f387b70,0.8245271381578947,0.6389228886168911,0.910395081407264,0.8573610845904144
10_23411894_f0827bc59c,0.8719048318402115,0.8504422771603538,0.9611869164980088,0.9564858433296101
10_234794066_610aa191d1,0.23468257756563246,0.00843555314785435,0.23512693658433892,0.02940673034130978
10_236916255_307bc2272c,0.9253439898278916,0.8177077363896849,0.9648473190670834,0.9217021276595745
10_240787824_95ef80a11f,0.7251381661872596,0.5099032258064516,0.9819601926021257,0.9184897175247108
10_245737491_33814f1975,0.09350200944858503,0.0,0.09829635267256015,0.0
10_245741115_52f74157d9,0.34645470603078476,0.02900044941443942,0.3661441820498385,0.038557109752352235
10_246111556_0fc2277e24,0.8661217681401168,0.7189445289804952,0.9502524502524502,0.9092939797861432
10_247193222_122354a299,0.35407794703149104,0.011013496307613954,0.3499821554398455,0.07936845947919202
10_252237817_b4d44ff2f7,0.022626879253796424,0.05221534694417789,0.022706387230891394,0.0
10_256056095_92cb6f9946,0.8827284652383035,0.8021197007481297,0.9285070021362449,0.8823607721322387
10_256246201_af99191b82,0.376023976023976,0.05247249850630865,0.3919666765843499,0.06943143330691072
10_257305705_33f7249c08,0.46510117411941043,0.25506121589507563,0.47941297772889746,0.317663335895465
10_257430398_b468551510,0.900051981055793,0.7674268733665103,0.9360746371803732,0.8497500629337936
10_257476956_dd7b951ab3,0.4801248995879868,0.1882073749543629,0.4912437837548794,0.4165668064709407
10_259829970_8ad028f44f,0.10725023668085018,0.0,0.13018879838353223,0.0
10_259830185_a6b7dd03eb,0.6653966916832593,0.373402681253643,0.754298041095592,0.3741054251635244
10_259871222_13311d0e2f,0.25408311172489356,0.22406827363929366,0.2637877086965868,0.25156567710451405
10_259872599_ece5e7f0f4,0.28321177389945296,0.021413820492454327,0.29705472528073,0.11865729898516784
10_260120621_66276c1d6d,0.8120261437908497,0.6542241984554178,0.8716619318181819,0.7722985884238427
10_260372546_03d18a4e9e,0.45695513907049573,0.2443206357432841,0.4674300511164918,0.25523786048804536
10_260372597_3269d98a53,0.10232970661327573,0.0837573783838795,0.10207792953607903,0.22789396097244086
10_260610820_773d74b04a,0.48150405046956773,0.09826807228915663,0.4797842703050218,0.13476409766269876
10_261185388_23b72d8b06,0.47311537422318295,0.44060437651962486,0.9646381578947368,0.9662905500705219
10_261412567_6cfa782a7e,0.36069500178582686,0.16928216283405842,0.38973239164306755,0.3554698016692094
10_261717707_bb5b8e0b80,0.9411508993098952,0.8403139385706739,0.9724923749784198,0.9233704034418379
10_261964240_8eea8f76d8,0.8250256937307296,0.4004388143732406,0.8913811981855154,0.5909136799596163
10_262725611_c3ce2b827e,0.9115552492533885,0.8712769774952581,0.95581237253569,0.9423489069867124
10_263409221_258fe30291,0.15228299464884057,0.02382675499638145,0.0002536361807638822,0.4217888715548622
10_263808439_8c5342f1eb,0.48457969432314413,0.3627787645549635,0.8915800636267233,0.5371638343507672
10_264482836_a97bd01e84,0.19389474213583444,0.013133469463523296,0.21145144925549125,0.0726365493452999
10_264484124_5edf738e12,0.29114311621936717,0.18558901313042267,0.3059493260918309,0.3077078045046134
10_264977419_e80d1f1333,0.904215121611211,0.7360426720853441,0.9671034290493449,0.8991263363605012
10_264977628_cde9f779bc,0.9461044006498552,0.8422857745884339,0.9478542271908211,0.8502555824589723
10_265627532_6350797cbb,0.9521606036876201,0.8722348563158983,0.9587866186462703,0.8799811241610739
10_265870892_766e28e379,0.9431648220161531,0.8278086582545543,0.9813997477931904,0.9189984661940886
10_265917413_40738f7de1,0.9333916338726134,0.9054454858227547,0.9660231660231661,0.9532618078678012
10_266085492_354fea0ae0,0.944871730000506,0.8262885306156545,0.9843089279540438,0.9351027246274579
10_266284290_829ababfdb,0.9570532307095272,0.7387478131792398,0.9809183467062235,0.846394459029213
10_266448508_94af676059,0.7647542457799131,0.5109845402766476,0.8006527527269605,0.6648139914035868
10_266501049_f8f3228c06,0.9092098481544622,0.8276528989556023,0.9609710471493559,0.9229196018724719
10_266505582_b6bea7d285,0.9121638851896977,0.7372863383806252,0.966262762947472,0.9086256629757141
10_266618383_e120335223,0.893913676042677,0.8235087101882809,0.9480961923847695,0.9104551349348484
10_266623585_51b4e13abb,0.9101912557706483,0.8390423136185848,0.9612716033808503,0.9355589739325656
10_266684747_d96b086291,0.9279163314561545,0.8550896564310809,0.9503468110302825,0.8806626857630315
10_266685287_18eb05146e,0.9252257616354074,0.8501158045660085,0.9625523012552302,0.9272543287609625
10_266685774_034585ce2d,0.9169966929326746,0.8282496694478639,0.9649540807485705,0.9324542263542358
10_266691786_6d0cd9edb2,0.8646323795726186,0.7096168294515401,0.9183600481191273,0.8512035995500562
10_266773213_3f861ca816,0.9272653575932265,0.8419810136119343,0.9785601227876637,0.9454766820178921
10_266774009_d85fd2d1cb,0.14133374786258354,0.0,0.14390629946185501,0.009070216581597462
10_266774040_f40061481f,0.9475670745132576,0.7997908078508583,0.965964923697654,0.8088600118133491
10_266809441_93200a116b,0.8854889042995839,0.818638195573782,0.9556997742663657,0.9361197569290055
10_266939706_4c0698df47,0.9185116331474283,0.7585890375032782,0.9779064452232211,0.9306781065665676
10_266943402_f88493c435,0.9198478658966052,0.8330018416206262,0.9762391222096103,0.9499085632503776
10_266985450_6d8e8f730d,0.8897130271425795,0.6976978732734049,0.9301976918517485,0.8135852666826118
10_266996498_e98c27d9fa,0.9247089184971792,0.8195014553324875,0.9560377000442786,0.89620548744892
10_266996502_b334ade588,0.7816990168893371,0.5401750198886237,0.6922285555401084,0.5042951160374091
10_267001913_e22cf985d5,0.8492694330800701,0.6134246054382962,0.877123756725909,0.7334804413239719
10_267014693_4f1ee75c4a,0.8395346872095316,0.5271397849462366,0.9581996694857587,0.8492898913951545
10_267183829_e8538b16ff,0.9639467711986796,0.8774569490346147,0.9687416795356515,0.848189303701335
10_267183852_ce52f4236d,0.8870139398385913,0.8153261096061679,0.918155933846247,0.876681977843826
10_267283020_efc5754cec,0.9361221325905879,0.7619515068224207,0.9737214137214137,0.8938784269542357
10_267294594_3ac14453d8,0.8812609672751901,0.8133422204190454,0.9701204819277108,0.9469269387882379
10_267300600_05f6c6fee6,0.9444821181118613,0.8030770648118292,0.9715099715099715,0.9119740172899652
10_267300813_22fcf61089,0.9327892295350703,0.8066923936224231,0.9772896223609873,0.9374797012016889
10_267303537_2872e24990,0.9300026716537537,0.8234615384615385,0.9301964109085771,0.8617919955684809
10_267303541_20c1da051c,0.8253176904110331,0.5252284342573951,0.9079804560260586,0.6324031596012556
10_267311260_f18be257e2,0.878881477343673,0.7538631753641896,0.9418703506907545,0.9040083978072392
10_267393563_c72e472e3c,0.8695070162481536,0.8776424744276669,0.9221514147336223,0.921371853353607
10_267412727_1727822888,0.783625730994152,0.3287621506070262,0.9634328990872354,0.8304452314697698
10_267451067_221b5decc7,0.8148860940786824,0.6674815612828375,0.8349535080304311,0.7094566044113919
10_267463817_50230632ce,0.8461254417893127,0.7483798379837984,0.9463622526636225,0.9024865687253364
10_267466377_0af5d33261,0.6632085696991878,0.2585006616420229,0.7329757600900848,0.5216611437083878
10_267466379_f8bbb5fcc8,0.8778836855919326,0.5212624205276583,0.9288054621937557,0.7018660812294182
10_267496810_ea8700bc19,0.8599092284417549,0.7567498071483671,0.9672986606366325,0.9556899704599803
10_267551886_bddb4ac4b6,0.9642207398423287,0.8003266841558184,0.7708112407211029,0.49366384734701046
10_267558735_68fd4bd891,0.9032498851630685,0.8410680855256676,0.9253297986492457,0.9053799455725351
10_267561242_d29d940853,0.8338894681960375,0.7871338694221074,0.9081077886774613,0.866844149609392
10_267640333_d68dd4aa2e,0.8963632307005801,0.6263313229821634,0.9618051368624141,0.8153913722428264
10_267661663_55aa54cc71,0.7556108155749315,0.3718526951876341,0.924576666148827,0.7620343492985002
10_267687096_fc062d2623,0.8655129643848561,0.8158010027746677,0.9319184839044652,0.8992209596586116
10_267687692_468e936114,0.8463779060359242,0.6094438614900315,0.9314000243694407,0.8242576260215227
10_267687863_2b911db6b9,0.8915656810470189,0.6837323943661971,0.9317791147400086,0.8161854103343466
10_267688089_a88a46dd9d,0.8526670528144911,0.6600744674357566,0.9730879047445478,0.9469917244464325
10_267688590_6ab2c60659,0.9480839095277159,0.7448764816661128,0.8497180307879897,0.5210230179028132
10_267688716_d3bfd5e5ec,0.9517591902904964,0.8434400680079343,0.9045806777018662,0.7213483146067415
10_267688742_7cf79bd0bd,0.10031325644311548,0.16819023719902013,0.08796120918251382,0.12499227298015701
10_267688939_7a331af52c,0.9445729619690941,0.8404651162790697,0.9583292813381309,0.8785870456408855
10_267689043_8ed546e74e,0.940136635354398,0.8322418136020151,0.9548289379900213,0.8682460783680847
10_267689095_cc345739aa,0.7565993495197035,0.5559049435537914,0.7924035952449986,0.5158883521202362
10_267689217_5f9b7de27c,0.9603155040670446,0.8482631550425405,0.9532933794772235,0.8185040004295764
10_267689464_3dd591c84a,0.6182880251628847,0.4492908530318602,0.8648390821910931,0.5800805918085042
10_267690183_224c509150,0.9271751412429379,0.8010281221651043,0.9696185777884732,0.915970476113229
10_267690371_4874327dcc,0.37254149477117915,0.12325632563256325,0.4801614530776993,0.26096345514950164
10_267692916_7a63f7888f,0.8654881796330666,0.8314854299928927,0.9557211898441222,0.9544905356423681
10_267692977_62b9a260bb,0.8736959201467184,0.8602959909210922,0.9403251978673378,0.9390587046968567
10_267693197_b9d8dd822d,0.8709569552529183,0.8437822434039208,0.942908147798848,0.918350766730984
10_267693240_8ce8970324,0.8838301899547083,0.8358698197143526,0.9110092410681802,0.8547713454929949
10_267693798_74248c315b,0.9235068792995622,0.8812237325356859,0.9538320253798631,0.8940635544514072
10_267693828_c8c86c50e0,0.9019371642519941,0.8642631666389766,0.9580327635833836,0.9214273460284783
10_267744690_ac99310c04,0.4155245882759415,0.034626075446724025,0.4406756002233389,0.05191775619812293
10_267767008_59aabbd596,0.9233610341643582,0.7393055446938297,0.953179951139628,0.850762853113381
10_267778234_50c3b2c18d,0.8961485102728414,0.7683694379391101,0.9624491574665892,0.9011461318051576
10_267779210_3d38f9a927,0.6879554475976065,0.48519339738851935,0.7057448640669209,0.5382200596452676
10_267780676_e2346e581a,0.9038180680158565,0.8788232795242141,0.9704350490196079,0.9626683334280357
10_267781157_7f33392f45,0.9409958456258655,0.8646596148630322,0.9766453005013644,0.9383936828626307
10_267781192_ae29cb453b,0.8765957446808511,0.7349027635619243,0.9048895280428815,0.8005876853212235
10_267781224_2039c2b3fb,0.8651381909547738,0.7175673965320846,0.8995662328995663,0.7909036425384565
10_267781270_9648a04e83,0.9441473389195527,0.8217960922979283,0.97041012111764,0.8821039903264812
10_267781788_2765356aeb,0.8615899581589959,0.783273381294964,0.943089430894309,0.9119380095245783
10_267782373_d2cbfb0560,0.921321998612075,0.820178887359937,0.9419042746174241,0.8573170731707317
10_267782444_2e0050ebd9,0.9012630804447351,0.5672244403570947,0.9280918345245831,0.7458520841856447
10_267782578_6f209f0815,0.8535308389733112,0.8009606147934678,0.9667199534951315,0.956710875331565
10_267787440_0399594cbe,0.2617074740929952,0.1205109218807849,0.5609795049241416,0.38616957306073363
10_267787613_cd71b51421,0.6984804721838503,0.5199497844004148,0.8064036847188173,0.6657896385391218
10_267795560_bcae5fb9db,0.927341758984761,0.8297284223619653,0.9611172566371682,0.9079705389046889
10_267800563_c521d904fa,0.05428156748911466,0.0,0.0003418536280437182,0.23418141592920355
10_267803933_d803fdcaea,0.7479998626515125,0.42803781954009573,0.8625206081699945,0.7194927150394501
10_267849716_999316bd5f,0.901241333954457,0.6786868842364532,0.9395945015123836,0.7820053342223704
10_267907104_92b81c94cd,0.6672835092736679,0.5524399284810955,0.8103200088583767,0.7237258000790201
10_267920434_fbb13ef558,0.9255772831287705,0.8338932862593247,0.9564196384686801,0.9073127753303964
10_267921452_ed232ffb29,0.9151703438470855,0.8180823495537,0.9271145105864095,0.8429694323144105
10_267923236_a7d4c3971f,0.8444496268656716,0.8221832389761582,0.9524001072673639,0.935893011216566
10_267935839_30e321dbe5,0.8657909765848086,0.3187782805429864,0.9531867431485023,0.6559412211806436
10_267942018_4013a57095,0.9465476014135472,0.8127704833859019,0.9519209562877685,0.8538343333821162
10_267960073_30075b5290,0.68663790054467,0.42446223111555775,0.8264587742409191,0.6133296229302908
10_267974667_352a19b37e,0.6177638006839277,0.43127440184202626,0.662945312760356,0.5372825777017394
10_267974673_5cd8c01d05,0.6296884071995356,0.4240685012254522,0.723426446580809,0.527673783264191
10_267975486_b9cd08a46f,0.6712601788053072,0.483573883161512,0.727405155487998,0.5726708794712737
10_267976432_b4e9429cff,0.9157766554209171,0.6874231547217705,0.9635286849449308,0.8429796577868004
10_267976435_62994d7dbe,0.803487340476353,0.5303141988390306,0.8169998551354484,0.5319441365550875
10_267987584_e90efadcf1,0.8319284802043423,0.588985962501227,0.8755521115846571,0.7115534131550303
10_268001653_da15cc1bb1,0.886818724307121,0.6390283400809716,0.9693749074211228,0.9041420838148531
10_268001846_db119074c8,0.9066833816500822,0.684367881548975,0.9689759804894649,0.8752229098919543
10_268008679_05d9f1e40f,0.9249882144144643,0.6787741203178207,0.9720511466948208,0.8452139743353595
10_268012766_eba8915621,0.5531011712915651,0.5876359412944778,0.7009406422315926,0.6762564375776949
10_268012886_472fbedb54,0.2660181958962447,0.2058282208588957,0.45065568258238065,0.3537867510234462
10_268014269_0353776d28,0.7776170674380763,0.5809379727685325,0.9036896077809493,0.7631968883126505
10_268014760_9676395938,0.4931571690230701,0.41637742053343074,0.5532028759569072,0.45398787205480723
10_268014977_b47bfb117d,0.11798770215633424,0.11171916519440973,0.002963155219587105,0.20683184880408736
10_268015474_2bd515353c,0.8836223642849574,0.7961018009416257,0.7428604153940135,0.6142810075777997
10_268023025_784a1ec774,0.9421953341896988,0.829036716543477,0.9585566119273985,0.8376631079478054
10_268026286_c48d28c944,0.9087323793535321,0.7243134198340287,0.9508638225940463,0.8535493601907265
10_268032800_bfc9cd4caf,0.9088329452852154,0.7662112757360016,0.9731104935613918,0.9382729042782718
10_268033410_d278ddd024,0.8381991814461118,0.7262767710049424,0.9363513653826187,0.886296840558413
10_268037364_97cb639b9e,0.9141497045305318,0.8561632997520966,0.9615610673562948,0.9375174337517433
10_268050666_fd8484795a,0.9157108646332242,0.7864093820177992,0.946539522211516,0.86739177724603
10_268051804_e75c8bd959,0.908391821788221,0.8156784131673349,0.9631386500642356,0.9307415999401332
10_268067924_c212238b2b,0.9172200537334617,0.7277843966969311,0.9719026913974352,0.9058289670658682
10_268077139_f4250e6df3,0.5179421266543927,0.38940625504656295,0.5551918735891648,0.4921402660217654
10_268087093_7d2ebb8690,0.06672281489799738,0.18622471709881494,0.08238264447353656,0.2190544929628293
10_268090450_7103d5475d,0.8175192243396857,0.7279601117746973,0.8696530062817829,0.8205841446453408
10_268092274_58b19335ec,0.8778484048932598,0.8524590163934426,0.9015846538782318,0.8922657835701314
10_268095200_956217bde8,0.8772931742616858,0.6598380698799109,0.9431022037280795,0.8391975120434173
10_268096162_0b812ff56c,0.9305054945054945,0.8101882480303122,0.9593967517401392,0.8805003492285225
10_268101001_cb023c75dc,0.7194416749750748,0.35024234153686884,0.7750596399913251,0.4321947920189381
10_268113688_6486df5217,0.9014930808448652,0.7374907201187825,0.971656976744186,0.9311907359234707
10_268118418_3053caa1d7,0.9006029955261622,0.9096751979800298,0.9428936714255274,0.9400948991696323
10_268121720_f0d8c64b88,0.1076057231183861,0.14324435802250898,0.11480854664692194,0.1369556119057584
10_268122508_c361b4db6c,0.766245487364621,0.5456108809505198,0.9038485964689444,0.8647912885662432
10_268127478_dfb1265d0a,0.8656561600749515,0.6000654940119761,0.8786469344608879,0.6964805883195645
10_268129990_04e858de05,0.5791940274106973,0.33799080842663703,0.6550230587062196,0.49363476733977174
10_268131111_8fbe13baef,0.9224115334207077,0.6856660333544438,0.9690651211007445,0.8738866594890868
10_268132722_ee1448d776,0.8845685965307502,0.802340651140871,0.9371506343265446,0.9170846008386089
10_268136909_f2dc3bee43,0.892670249007832,0.7821220657276995,0.9520644742370421,0.9059621909840039
10_268139713_919734cac6,0.8883641479099679,0.7667694485164029,0.9496865720884197,0.9140546569994423
10_268139718_1a9192a52e,0.5839374929566883,0.3972268223538328,0.9052874120785835,0.781330703855003
10_268142756_1007aab622,0.8663284052138921,0.8985298196948682,0.9651588637038503,0.9752656434474616
10_268145469_9c89086dd8,0.9080379303761217,0.8060098391171386,0.9827922530305141,0.9647845468053492
10_268146459_503a3645fe,0.9568932672943994,0.8572759383612157,0.9723909910419081,0.9170333626690135
10_268148358_2c990817e2,0.9481079961331308,0.8090585054080629,0.9741210583544763,0.8552099914289213
10_268150486_bc129aa419,0.8484979937100098,0.8962891874600128,0.9656560573657064,0.965955147257498
10_268155424_8f0e352947,0.8800795680591077,0.7899798898312494,0.9497461402963423,0.912925042269397
10_268155490_7dbe72fa01,0.9161982219032812,0.7696734979291054,0.9233611892663671,0.8185862580326249
10_268158274_128ba8610b,0.909764445339239,0.7906789705384355,0.9751182758016471,0.9452813365244732
10_268167124_b277130727,0.9415168355671788,0.8912035333087964,0.9654361386644851,0.9348698153194066
10_268167939_2e6847d767,0.8752348035164175,0.7318864363666202,0.9044418817353959,0.8044131536017859
10_268168007_aba64bbe7a,0.8678898332788493,0.7525755925956947,0.953776310359059,0.9231332022497599
10_268168010_d3852a2e6e,0.6555846246729724,0.5148845061143822,0.7303231151615576,0.6403470335641048
10_268168390_affe478866,0.38114049526317717,0.44637085729937004,0.678655506147005,0.6347487001733102
10_268169446_590c2cc58e,0.8648405689810164,0.8360017889087656,0.9045156635199326,0.8522076661814653
10_268171006_3b22a27896,0.8990755741923186,0.8750947400333485,0.9621509824198552,0.9470502901353965
10_268171623_00e193c516,0.8474803149606299,0.8203074607611266,0.9232693166592228,0.9360798714711958
10_268172530_e440f57dcb,0.7595672795789747,0.46499729892910485,0.8828697534976683,0.7634273318872017
10_268173785_ddf856ecf5,0.8963665652407374,0.8474692724635469,0.826091192517537,0.7808229635850065
10_268179190_1a6efc3d39,0.8951803617226792,0.7358547008547008,0.9644194075958568,0.9170105026256564
10_268180917_4556a9bb75,0.927073144223454,0.8355296601884801,0.9572113190324053,0.9265083440308087
10_268181570_6369b8852f,0.8779745434421693,0.8523290868423612,0.9595336076817559,0.9561540058115401
10_268184826_e9accb1339,0.9091640733984333,0.84453915823122,0.9500702411613206,0.9024552827463616
10_268185248_9471d517d0,0.8830748085607697,0.8452850845602006,0.9120413252582829,0.8628833901318714
10_268186388_89489d8fdd,0.9187480339729475,0.6879777243939725,0.9623985751038987,0.8300996955405647
10_268199200_cf412367d9,0.9526550030693677,0.8141485545473729,0.9709226467847157,0.8656883671291355
10_268204981_fe60d55f2d,0.906162777715753,0.8515528589058001,0.9416328262318928,0.9158873538788523
10_268207227_f985bd3500,0.8307490718497489,0.413437446787808,0.8764397717894434,0.5507191521574565
10_268210168_c2c0833ec7,0.45010806181951635,0.2997113962117721,0.4993441722844157,0.42156939141276395
10_268211018_3b6c9d60fe,0.9499877018939084,0.7964523969591973,0.9661655207828146,0.8690502183406114
10_268211019_270132655c,0.6066942568794017,0.3304068317021685,0.6647457080680261,0.3726463364715514
10_268212162_6982292e19,0.808296136678467,0.6598309546903145,0.9531046056311766,0.9120978332239001
10_268213254_f293aaba36,0.7481321274085726,0.6643017447332223,0.8638022366097704,0.8696945337620579
10_268213338_b07e31403f,0.9061586873454709,0.8497414288450489,0.9609942168081703,0.9347692935892201
10_268214583_21290bd084,0.7568423509017569,0.5576582520226396,0.9551926119115823,0.9076355208378042
10_268214893_d72f1df309,0.6708810317345312,0.26740994129819673,0.8749461593682699,0.673539950964984
10_268217148_13cbed044f,0.18668866409065255,0.2089711793380655,0.1787416185214861,0.27570323330799157
10_268217391_a99ec26edb,0.9404340325070372,0.8721927607929673,0.9448487169666794,0.8848471803702109
10_268217543_52a2013e8c,0.9263316234041733,0.8357235401867489,0.9485073707551431,0.8827880512091039
10_268227714_a9172f0585,0.9461582678674075,0.9016955797314515,0.9779422873545853,0.9596613799785813
10_268231155_a6210a13b7,0.8712569785146337,0.8510004013071146,0.9104353452259913,0.9126480794543497
10_268231902_1586ec90e2,0.9228692713484998,0.7153674832962138,0.9354089320219718,0.7550133819479462
10_268231974_e051f78f99,0.9303414096916299,0.7340816594459761,0.9618603974088361,0.7741813602015113
10_268232243_8022b3ca0a,0.8301479898702121,0.39128503202399023,0.948155671483311,0.8007098911500237
10_268232438_d4c7878070,0.47931444208403845,0.4534008944960058,0.5969253657327052,0.5023505472916082
10_268232457_4d016499a5,0.5086697432680676,0.24162526614620297,0.5390535848690121,0.28374526429731195
10_268232543_47709ca249,0.9049409405645894,0.7672711571675302,0.9506918068366793,0.8866257049069943
10_268233109_174ef0fd9b,0.9089112663093498,0.7397959183673469,0.9551359117966162,0.8837073252266934
10_268239670_5f96290ab3,0.9460908834321197,0.7481256796199851,0.9741239892183289,0.8002467474203678
10_268242883_22851fd122,0.4751353205195115,0.13106754188979097,0.9321949505008494,0.7986462241069973
10_268246654_5600cde952,0.9027988109260194,0.8033059748608161,0.9427674474764549,0.891308249087755
10_268252475_3716432836_m,0.9218366093366094,0.8437403400309119,0.9682175622542595,0.9352140396916516
10_268253251_48e9b94730,0.6228367148843486,0.505206593161822,0.7079202497672126,0.5987884874925458
10_268256903_3b133255f4,0.8571099154496541,0.6395154752253326,0.9528761353165723,0.8857025568848229
10_268257348_58c33fa2d3,0.3182482983630534,0.09527065527065527,0.3764013173214464,0.18072866730584852
10_268257878_a7f3698218,0.9105525592754655,0.726577139287945,0.9660774534252604,0.8923424205591248
10_268260683_84238c97a4,0.7269647696476965,0.6946159122085048,0.8271554372312103,0.7932275956018293
10_268262004_d06aebbcd6,0.935249699047897,0.8529733175484928,0.9775826207534088,0.9461661574276153
10_268262571_a713359657,0.6572110932397524,0.5043686119353775,0.8224934833746583,0.6483110984956003
10_268262591_b9821c9af8,0.8631564513917455,0.7877565982404692,0.8852236782647989,0.7924705882352941
10_268262614_2621f16475,0.8105085784313726,0.8281768382069284,0.8557902403495994,0.8641129365144886
10_268262624_e2c6dfa278,0.8421777732421676,0.671513353115727,0.9304942879764733,0.8207682881346902
10_268263570_c28d1e707b,0.8446340368208352,0.8578345070422535,0.9024660291897333,0.9193660342434058
10_268272471_95133f344c,0.8886018043966284,0.7793531805525808,0.9455957358820015,0.8899691286918859
10_268273406_d54a0783ee,0.14824551794647095,0.1442484059743209,0.14261597439594836,0.18618998067489223
10_268276931_3412319482,0.7409298085688241,0.45334119496855346,0.835835007682307,0.6497750207505133
10_268278759_66f39a7eb8,0.621758627412751,0.3987522744996101,0.8193273659511602,0.5687265037593985
10_268283312_da35ac9f4c,0.9573495100326644,0.8265462005150365,0.9863960424850866,0.9302882358463994
10_268283436_b55b7f7190,0.9468549796156086,0.8724387479292005,0.9898318042813455,0.9742780202432909
10_268283665_4ef68e1d4d,0.8936466654281999,0.8062908652320193,0.922792894684319,0.8557146542827657
10_268283673_7b0903063a,0.10035192161604886,0.04906416734889761,0.12866485121946372,0.06349174426321823
10_268283692_95ce1b1fb3,0.6983088704530951,0.4420391061452514,0.7685548591178021,0.5398486830877752
10_268283809_06f7e47848,0.5877337915537638,0.452354874041621,0.9352252347294019,0.7659330873934614
10_268283974_7a8c597b0e,0.4891008174386921,0.2855815524959878,0.6033859176606388,0.41060192953020136
10_268284017_749118c309,0.4993077988001846,0.36906047516198703,0.6004607928815444,0.43286784741144413
10_268284434_26bb088f22,0.710778024028928,0.5242900062354742,0.8179530771846311,0.6554632194521391
10_268284540_ff074283d2,0.8610505217237517,0.6545154978889919,0.9185680190930787,0.7773718461011531
10_268284552_7906464eeb,0.8459126693518858,0.6725063321674104,0.8909364605336635,0.767190725742417
10_268284576_f631047f15,0.9325739083265527,0.8401108417041911,0.9841453535470431,0.9549453071215482
10_268284865_e4bc4109fe,0.4521820140324318,0.2968183648811921,0.5201073285259098,0.3557015742642026
10_268284889_853fac59b5,0.9422235756602625,0.8395976122042892,0.9890055264773824,0.9669664951490632
10_268285156_43e66d3ffd,0.863536179909597,0.7319010515167562,0.9194288843027418,0.7967233452528644
10_268289886_b23a2eb6a4,0.8718311029839582,0.8319043198077658,0.9491134751773049,0.940467997247075
10_268302285_c68ec99f56,0.7000035553027341,0.6511763238839471,0.7364043749050585,0.686508559761269
10_268304754_2c3987b247,0.9303014626346235,0.835643937017753,0.9751565139620392,0.9343700579862941
10_268307429_6d09236528,0.7764370158988994,0.5558712121212122,0.8733056708160443,0.6672367352174099
10_268330988_399015a7aa,0.913074529408764,0.7707520516615095,0.9467676435078477,0.8586269524155467
10_2719989.izfennel_p320001972,0.9161034482758621,0.8227124183006536,0.9620193010674075,0.9219260065288357
10_28113685.growl,0.8980688349151124,0.6319220600485314,0.9285443607597935,0.7763645391696268
10_28242550.img_5000,0.9188877976089681,0.7703767296232704,0.967890741346119,0.9094559656746796
10_28664556.moe,0.5084513798747108,0.331306990881459,0.535473672902503,0.40539115147963667
10_29187800.img_5050,0.9375272886042788,0.6228534018230347,0.9591389798783341,0.8027123711890651
10_29421652.pict1700,0.8876936796343774,0.8781685817033593,0.9323715607499391,0.9326368385191914
10_29475162.fuzhou620fupeixi1,0.9301796039502636,0.6886924967809903,0.9718829723714921,0.8210687022900763
10_29566017.littledave,0.3895622062824635,0.34910300925925924,0.4027831715210356,0.3846455150802977
10_29665117_112d6360cd,0.8591427749544539,0.839092114499649,0.9278234251651362,0.9114751385786382
10_29912710.xcountry,0.8835713366782452,0.7650148294611963,0.9204194498312145,0.8176602041432627
10_29912713.stream5sm,0.882363581549593,0.7993956043956044,0.8516387613937553,0.7494345973807395
10_30169653.kazi,0.9237070786313439,0.6081678100642937,0.9604167673156513,0.7323308826245982
10_30169659.rosco1,0.5533531796490493,0.4048204623708805,0.5914842791658597,0.4664670658682635
10_30589357.1kid,0.9200807919607012,0.6964991802488186,0.965105111514246,0.8054638246772741
10_33152466.catlamp,0.895108351787409,0.650503397488349,0.921846837406212,0.7288341851813219
10_34312677.foalhead,0.5327779466185173,0.5059528730880529,0.5474267076269579,0.5209077295242484
10_34312982.naavah,0.44945727337496333,0.43065836368621,0.4527381440628575,0.4444004592058905
10_36687635.gpzoo_przewalski,0.8791697294270013,0.8394050441905583,0.964459629280553,0.947675568743818
10_38136691.kleinekater,0.7798951688269473,0.5969884853852967,0.8512279673844051,0.7340779576020059
10_38139938.pbdogs10,0.8778679026651217,0.7148478278326508,0.9361414037912611,0.8626646889451183
10_38173560.pbcats02,0.9031577204817283,0.7725933202357563,0.9409537228655718,0.8530822616860584
10_38173647.pbcats06,0.8587947785658938,0.7365395190721392,0.9409231597362401,0.9274436757140323
10_38527623_0542f07e1c,0.6975505857294995,0.6661352532784778,0.8845111528038357,0.8778056426332288
10_39452112.img_0488,0.41570065129234424,0.31082095152333783,0.42177240032988483,0.2922119890127646
10_39459084.img_0498,0.9473558780772622,0.8240009338884782,0.9833914548784465,0.9417798264191687
10_39881820.b91u0017,0.6868811156032109,0.47547974413646055,0.8103227641120432,0.5727584747754948
10_39898384.img_0501,0.8039905559927781,0.5587061840980336,0.8198781477180536,0.6384742369428541
10_40677597.img_1543,0.4545096554335479,0.2347922142231364,0.49636864097632155,0.2531570639305446
10_40682501.img_1575,0.6595184007269423,0.27639842983316976,0.6978941861225557,0.29319781078967944
10_40837312.dsc_0800,0.553468661713927,0.4435129740518962,0.7680116321337696,0.8042252853962389
10_40837349.dsc_0822,0.7760391645505914,0.5109513552826652,0.8653258787596417,0.6606882047087691
10_41100185.dsc_5762a,0.8902297435175738,0.7390849554302347,0.9661606699040263,0.8972299454227165
10_41105485.05_0226_aabbspoth2,0.32991410224334916,0.022495297805642633,0.36517372521507957,0.13345808210317187
10_41491048.streakedspiderhunter,0.5048956690747736,0.42257611852625393,0.539798868124262,0.468443335849552
10_42230402.p1010014_x,0.546484365359461,0.2649640657084189,0.7570743405275779,0.5533048708280096
10_43047581.ds20050506_0127awfcat,0.7538412965691433,0.4879676688506521,0.837984352861455,0.6401439147581817
10_43047908.nandaihe,0.8979218744170429,0.7905926622765758,0.9431266417257025,0.8769011172909387
10_43097193.p5050256,0.08545163611370642,0.042073838620304546,0.09177076358262717,0.05263777442074905
10_43137038.copyofds20050507_0056awfairliegallop,0.8570213670670777,0.689707336940711,0.9411488587689961,0.9016635622069497
10_43642598.pasqueflowerpasque6,0.3437353945712745,0.20104602042868958,0.5722728095037086,0.2974933108012956
10_43642599.pasqueflowerpasque7,0.0861769896757285,0.02905704544298,0.00035982196634882395,0.32941951716288265
10_43642600.pasqueflowerpasque8,0.1171528778445393,0.0,0.11670627746517974,0.0413296554303614
10_43642601.pasqueflowerpasqueflowerearlyeve,0.16521529150756878,0.00039646158039497484,0.0018704223265461077,0.18987464505852206
10_43642602.pasqueflowerpasqueflowerearlyeve2,0.06862408368742824,0.022667877087287833,0.0,0.06642041638683681
10_43900979.may25_05_129,0.9140257295262002,0.7783695206882425,0.9505673071440789,0.8792801981640682
10_44399460.pinkflower,0.9368217537732318,0.8347750178557257,0.9779426376101212,0.9334378093038601
10_44859864.1,0.9236621451001975,0.7996373526745241,0.9440676805041787,0.8605691443799371
10_44859870.4,0.9233539835758536,0.8033728687916976,0.9030309033280507,0.7664841849148418
10_44859872.5,0.9439908941047178,0.8365582544256895,0.96440489432703,0.899888765294772
10_44859874.6,0.9387580459128623,0.8262793914246196,0.9658815243759292,0.8957279860505667
10_44859876.7,0.9180781034038467,0.7471649206177773,0.9637365679341672,0.9004115859522253
10_44859877.10,0.8897777340192483,0.705171102661597,0.9343659193303298,0.839159995172386
10_44859879.11,0.9290840016884762,0.8069601622293452,0.9309019221291277,0.7953782597469662
10_45873784.happychap,0.929497051421703,0.805377269881027,0.9629952111449717,0.9190065232364977
10_46084071.commontern1,0.33512551379917793,0.31132013128620833,0.31935705599323216,0.32940954001796435
10_46084290.commontern2,0.6392715287754585,0.48791330925257015,0.9566338037244668,0.8878207344906287
10_46084614.commontern5,0.85977212971078,0.7151180809520857,0.9613334114476536,0.9227838827838828
10_46642384.roadingjuly02006,0.8672248062015504,0.793443894290998,0.947388619474584,0.924341013212934
10_46642386.roadingjuly02008,0.790196288748257,0.6598741282531043,0.9082677498519083,0.7818597161367636
10_46642387.roadingjuly02009,0.8327670943694957,0.7069145602673909,0.8824188548164196,0.7753621068032187
10_46642874.roadingjuly09001,0.8514280339843873,0.7666480758505299,0.9229090397071248,0.8752782693076089
10_4869984_22f1e00917,0.5255689545743041,0.5691765120789984,0.8091516271138269,0.7724117243743572
10_49513253.0509180001.fsn,0.8677872637278676,0.591910712582276,0.9514282579276544,0.8418597168597168
10_49513256.0509180004.fsd,0.7903662582086521,0.5221626246339136,0.9404645076872751,0.8132115652387583
10_49513257.0509180005.fsdp,0.8672193651356623,0.6629836896733151,0.9735452422057479,0.9347803014222034
10_49513258.0509180006.fsdm,0.8129633300297324,0.5272829092436386,0.9539486025135997,0.8601721509907648
10_49930782.initiationjunior1123,0.9221571598214652,0.8139989706639218,0.9721782700421941,0.9269796624837733
10_49930784.initiationjunior1125,0.8936044154791232,0.707181126857933,0.9240480132450332,0.8099218118091129
10_49930787.initiationjunior1127,0.8947062487025119,0.7429838943003183,0.9377962085308057,0.865691354261912
10_49930789.initiationjunior1130,0.7539198833151013,0.6059851503078595,0.8813536650615302,0.8845161616672568
10_49930792.initiationjunior1134,0.8185001129433025,0.6796126835496914,0.8808092560274061,0.7910122164048866
10_49930794.initiationjunior1140,0.8596313830031714,0.7312409812409812,0.859774511777733,0.7780385916053312
10_49930795.initiationjunior1141,0.8214788598394033,0.6662063390481323,0.8464293237834422,0.7300675793970377
10_49930796.initiationjunior1142,0.9081903554305187,0.7855573236341593,0.8677974662233259,0.7532209033005212
10_49930797.initiationjunior1143,0.8822191272051997,0.8229648960350198,0.9116771079387902,0.8805612737890182
10_49930798.initiationjunior1144,0.7905009759271308,0.7503409710856519,0.8373658930735737,0.827922077922078
10_49930799.initiationjunior1145,0.8982786300392437,0.7830893337317,0.8899188876013905,0.8165409711041437
10_49930800.initiationjunior1146,0.8512454889534372,0.7273342085372161,0.9253212921153178,0.8744960921431509
10_49930801.initiationjunior1147,0.8034110496235145,0.6932874354561102,0.8719894088293701,0.8172139506424638
10_49930803.initiationjunior1149,0.8524627615827469,0.7470034590942,0.8436708546456771,0.7731011127237543
10_49930804.initiationjunior1150,0.8684145067409582,0.7168475921763665,0.9212258551850653,0.8278391909978684
10_49930805.initiationjunior1151,0.7847765867758641,0.6497370038937086,0.7634912763175691,0.6768882277368314
10_49930806.initiationjunior1152,0.8143416863929475,0.7327995747649579,0.8072242023819873,0.7200285057173399
10_49930807.initiationjunior1153,0.8333495051426354,0.6866207851794139,0.8846090171624083,0.8611027157722033
10_52202391.dscn0138,0.8416368660598179,0.7822466884569069,0.9089130130922983,0.8571178120617111
10_52202392.dscn0140,0.8614888423988842,0.8156047577132282,0.922910379215326,0.8651723285145799
10_52202419.dscn0189,0.8925962562775833,0.8570783035310826,0.8939143376881098,0.8266059561900074
10_52202423.dscn0194,0.9072342161232992,0.8456903254470732,0.908359621451104,0.8116928974979822
10_52202425.dscn0197,0.7251908396946565,0.6723358546300855,0.8929750825577905,0.8400677722441855
10_52202426.dscn0202,0.85385671778439,0.814104818853324,0.9182476041462938,0.8677198975234842
10_52202427.dscn0203,0.7560101223112611,0.7883880825057296,0.9168207024029574,0.9082928146947596
10_52202429.dscn0205,0.7562378067563404,0.6749048010154558,0.9283187000393134,0.9004692293809782
10_52202430.dscn0206,0.8688073884262225,0.7797254487856389,0.9171196463771579,0.8239909738960972
10_52202431.dscn0209,0.8518362415353059,0.8279769510813222,0.9225778139986835,0.8732074569789675
10_52202441.dscn0222,0.7816356754977785,0.8071023674558186,0.9329677026203534,0.9464029807967899
10_52202442.dscn0223,0.8053435114503816,0.8512439351708475,0.9252089749230092,0.9384446878422782
10_52202444.dscn0225,0.9107263107263107,0.8802936630602782,0.939417296130723,0.9098243382878944
10_52202445.dscn0226,0.8271872740419378,0.8635723470699896,0.8059446167005239,0.7905163451542104
10_52202446.dscn0227,0.8367073533789818,0.8057997446653292,0.9048175995544416,0.8992076069730587
10_52202447.dscn0228,0.8771779979501195,0.8245011329581171,0.9133836003770028,0.868556508765386
10_52202449.dscn0230,0.9144832095651768,0.8290567023778417,0.8514271407110666,0.6900915584104309
10_52202451.dscn0240,0.7897782963827304,0.7255482206540709,0.650179654165731,0.6276691938512903
10_52202452.dscn0241,0.8664871967439028,0.8188687056875227,0.9106258682720051,0.8475382439902301
10_52202453.dscn0243,0.873907703105808,0.8290984135173481,0.9336409073433295,0.8503583102841338
10_52202457.dscn0251,0.8956691540553735,0.821473403420681,0.915123515711504,0.8335677093230968
10_52202459.dscn0256,0.8807248312951735,0.756628171763175,0.872585114054731,0.7605263157894737
10_52202465.dscn0265,0.8400051820183961,0.7769715333705446,0.797801378796348,0.7812507820516029
10_52202466.dscn0266,0.8492381098968754,0.7568524096385543,0.8882735473043843,0.8231123985211724
10_52202467.dscn0267,0.8888431574305453,0.8381648897112814,0.9164154211302842,0.813578106794737
10_52202479.dscn0285,0.7305347091932458,0.6833930704898447,0.8597785977859779,0.8161309348274846
10_52202492.dscn0308,0.8400343642611684,0.7881199731903485,0.9027330153409824,0.8854494818061452
10_52523077.horse_of_horse_shoes_079,0.8679468009758401,0.8328754031776371,0.8630004399472063,0.8630479912077177
10_54628916.jan8_06_536,0.8243782039111449,0.6330541413477856,0.9194742997159882,0.826100263206219
10_54628917.jan8_06_537,0.4371481520332879,0.29380030454644335,0.49202789218284876,0.42722298221614224
10_54628920.jan8_06_540,0.9111760737575894,0.789338981555026,0.9423280854882128,0.8575304022450889
10_54628932.jan8_06_552,0.8887172925031991,0.702980774883885,0.9203889245348206,0.7992737290257952
10_54628934.jan8_06_554,0.8802948947413278,0.6565288868013152,0.9187963531579196,0.8058035714285714
10_54628935.jan8_06_555,0.8686684213353386,0.6929205851619644,0.8849164622035285,0.7677500999067537
10_54646369.1ethansillykid,0.9139326463737218,0.8425653721182114,0.9609065633162018,0.9223132491222406
10_55488101.bitsy,0.8960446719404375,0.6077908217716115,0.9608057305425727,0.8418978562421185
10_55651847.carlystreetweballey2,0.9174385082500154,0.8552683671738024,0.9478294724547401,0.9043320241514743
10_55651852.carlystreetweballey6,0.9153121491677649,0.7257280059102382,0.9677134241447437,0.8528123947457056
10_55651903.carlystreetwebstreet9,0.9172348227624609,0.6782001470124961,0.925175611126721,0.7083875162548765
10_55657233.dsc_3867_y_jp,0.31927825261158593,0.15361136692540456,0.45123700250986015,0.22489270386266094
10_55768607.bitsy111,0.9328755678554644,0.6843622110784483,0.9773687722419929,0.891025214556583
10_55768641.checkers22,0.8754308222550468,0.7558800470403764,0.9656895403064624,0.9302758318739054
10_55974006.arabfillycanter,0.6319153370539332,0.5477394408090422,0.9330803107880697,0.9026966678117485
10_57572381.cutesofss,0.22661607546907092,0.24247212315471084,0.2600346229719393,0.2445543695218259
10_58229768.20060405022_object_of_fancy,0.6371093304978545,0.24827417037530225,0.8837526703061951,0.6286736020806242
10_59242003.img_4193,0.8876245723635282,0.8277603733776613,0.9520208180857119,0.9209370424597365
10_59271034.127_2729,0.8615813156203128,0.48094050587816173,0.9663168843882889,0.7565576515236075
10_59271038.138_3822,0.8362399311801048,0.8054854635216676,0.9597062872877467,0.958681185722928
10_59271039.140_4028,0.9492787930435881,0.8318561136163375,0.9757549697350577,0.9129057798891528
10_59271042.140_4092,0.9186166963265957,0.7694149449700715,0.9488141907859983,0.8534250432404167
10_59271063.img_0605,0.9311652035115723,0.8285425194315412,0.9860211387657688,0.9697253125923009
10_59271070.img_1436,0.8163109367836585,0.6439609346025467,0.646277247122214,0.6801143862736472
10_59271073.img_1750,0.945261053621825,0.8744842273392786,0.9638693927372597,0.9020660048296216
10_59271075.img_1787,0.8953153817779417,0.8264105472072583,0.9303470733063299,0.8980910212673296
10_59271089.img_3385,0.8860529817346074,0.8350499211770888,0.9457910683704387,0.9148275479649551
10_59271094.img_3692,0.9349653394059141,0.7420918200275067,0.9721695129664769,0.8321494343593792
10_59271105.img_9130,0.9245504541803127,0.7924609307916881,0.9799187502064273,0.9425945596453147
10_60607682.rosebreastedgrosbeak,0.8633432690552953,0.6979826086956522,0.9210544310722101,0.8334492619213232
10_60607759.rosebreastedgrosbeakfemale,0.6576920946207966,0.5346847387149655,0.82883666956774,0.788562134599323
10_60666278.easterncottontail,0.8881434572700483,0.665087036081265,0.9642608574610245,0.8963646228974498
10_60866179.americanrobin,0.652395030443811,0.270774122067537,0.8859812145260937,0.6449641888884393
10_60866226.cedarwaxwing,0.6083725369877957,0.4209925249169435,0.9303056579232604,0.8736513823331086
10_60866705.butterfly,0.8927277240009928,0.6766143407509632,0.9715280849181778,0.8484069886947585
10_60866769.turkeyvulture2,0.7783039173482565,0.6320540374577832,0.9377519032691446,0.8938381588715665
10_61749596.jpvis3ea.redtailedhawkjuvenile,0.9217570350034318,0.8508537490720118,0.8952854002117091,0.8147264975793048
10_63193989.iibp3dda.fritillary,0.8886947289256564,0.583180658835363,0.9525906923840178,0.8193728032135847
10_63359627.mq7fmcxg._mg_4055editfromrawsized,0.8412984670874661,0.7123342307308804,0.894403163133138,0.8059804546420225
10_63451013.9howa94v.turkeyvulture,0.895292725120641,0.8280861097768656,0.9671876565474401,0.9295807708558284
10_63827110.laoeb6po,0.8747439496244594,0.8469346325619164,0.9571476964769647,0.9397373962591354
10_64229307.utd1927n,0.826181592039801,0.7980669004074671,0.9532490974729242,0.9586698835623623
10_64386031.3qqfbtes.housefinch,0.788785852922148,0.6405631165838555,0.869119898632596,0.8592803861342694
10_65345059.baxlulsq.img_7128_editsrgb,0.4692916194552856,0.2469041818920016,0.48137311419776585,0.22021660649819494
10_66471406.msmbvpwh,0.7128365364037152,0.4652310924369748,0.9419801074654167,0.8990306003270264
10_66830581.uvuxhte2.sept10_06_701,0.8836791489061895,0.6470683249878857,0.9324408711263757,0.795243269346855
10_66830582.bxg9hxcr.sept10_06_702,0.8786971492119164,0.6077872388311639,0.9265128001680241,0.7555970891159979
10_66830583.sdhhngr2.sept10_06_703,0.7851416354890433,0.5811009474028095,0.8312138728323699,0.7659106891701828
10_66830584.jsnb9pmi.sept10_06_704,0.8472422376522992,0.6663483434951885,0.9484411564882614,0.8913405495420483
10_66830586.6whtssec.sept10_06_705,0.8778406726046782,0.6731064090769703,0.9360443450717347,0.8238403594555306
10_66830587.j2qal6cp.sept10_06_706,0.8643025149267234,0.665433966492968,0.9310567650859927,0.8467068786937184
10_66830612.jwrzvoka.sept10_06_728,0.8161996103701483,0.6096038415366146,0.9182368488362179,0.8224661682596763
10_66830630.sejklgec.sept10_06_746,0.773927014000459,0.5910687797642282,0.7876512307050479,0.5810461737164998
10_66830631.ag3y7hqi.sept10_06_747,0.8708602652095688,0.6912062582943354,0.9316517493897477,0.8415186054307744
10_66830632.ncrvs2io.sept10_06_748,0.8698116705957143,0.6399644444444444,0.9180908711963318,0.8154063814736215
10_66830633.6hispsw2.sept10_06_749,0.9098939262391,0.7340360610263523,0.8747285169856165,0.6742045333617112
10_67151572.bn0308dt,0.8999489969398163,0.7488181818181818,0.9427682881544746,0.8842279356487747
10_67444,0.8929805082654824,0.8442467628171386,0.961049337505826,0.9443141197497766
10_68285988.3ddkraxw.toughtimeskid,0.9468065428216579,0.7641136281912981,0.9823984526112186,0.8361849505653899
10_73754853_140eb787dd,0.8858113404755683,0.8652165176328745,0.9300363636363637,0.9264261132547711
10_75671582_152bf239ef,0.8911015330896394,0.7063360048389535,0.95711916607439,0.8846734933691456
10_8168705.izcenoadj_p7070026640,0.9456231960693591,0.7612341378452351,0.9319745222929936,0.6521542509455681
10_93082635_7f4aa15eed,0.903971771841829,0.7824954128440367,0.9264622552414531,0.8544330209795515
10_95071511_4720e4e540,0.21004412691741964,0.08426226970119213,0.2343398349587397,0.1037888725981943
10_96835757_c609dbaa80,0.8902582159624414,0.6631248063045114,0.9592529192394693,0.8711537480226565
10_97146107_ddc8084759,0.8880043804228793,0.7798388852601785,0.9606182609098061,0.9308399696624953
10_97320358_cc615b9019,0.9183276942145991,0.7730347045126954,0.955984121965785,0.884877586104689
10_98048098_af08c0f2df,0.9529840426699445,0.7925753118977584,0.9424639970693958,0.7041894697112663
10_98053912_88fec4b17c,0.9009666803784451,0.5921637839745852,0.9545654888709322,0.7400347876503841
10_99533452_3c0e47e42d,0.7919477234401349,0.7059081849812519,0.9008884501480751,0.8631083323684922
1_25_25164,0.6125737463126844,0.5529536404486173,0.6299837770779655,0.5997174826214638
1_25_25191,0.7292591063873697,0.4282598387861546,0.7490725037099851,0.5296205167029431
1_25_25226,0.8655747571146075,0.7395799069592595,0.9061178984531054,0.8060385118713779
1_25_25246,0.9467313288069835,0.8508962520369364,0.9626092586597604,0.892732024689985
1_25_25257,0.9248377177997951,0.8229953820319059,0.9361958804342969,0.8515751867489445
1_25_25389,0.9255383934008747,0.7912598791259879,0.9761876554910556,0.9366745682356925
1_25_25406,0.8530547163477677,0.7362532904357999,0.922285504317472,0.8331381275864761
1_25_25451,0.9553959238222519,0.7659745120755725,0.968589105698092,0.8262426836725779
1_25_25580,0.0001278118609406953,0.06576113963889349,0.0,0.0
1_25_25895,0.8968175275867584,0.7446263847817451,0.9605340527826779,0.858796992481203
1_25_25953,0.9032591826176927,0.8741112239715592,0.9531105778105963,0.9401530512132906
1_25_25954,0.8563050870983413,0.7566593745978638,0.8822751322751323,0.7807729509230834
1_26_26013,0.7793231684641131,0.48865253031637423,0.8026502093080522,0.5113728401727862
1_26_26026,0.11138968481375358,0.2264828303850156,0.09136648680180837,0.18249494842071678
1_26_26104,0.832997311827957,0.8669026169026169,0.9161924968656573,0.931811840857095
1_26_26113,0.8017995678203266,0.5230285520054385,0.922847510373444,0.8021409245971062
1_26_26169,0.9174935685409776,0.8040834377533721,0.9706326785362328,0.930164038859691
1_26_26213,0.4330835562496885,0.4841094313327476,0.45130365439289927,0.5318933202236834
1_26_26230,0.9742963356346256,0.8985544435890856,0.9908702662657428,0.9635811836115327
1_26_26233,0.9401836578522235,0.8117437016464987,0.9743703244654951,0.9180988754508805
1_26_26236,0.805413559037962,0.7988726042841037,0.9527165032679739,0.9503812100344319
1_26_26256,0.9039913334913166,0.8590042603476693,0.9344676180021954,0.9055105504146521
1_26_26335,0.7717238962859145,0.6614409087372598,0.8268888995628992,0.7305785123966942
1_26_26366,0.5223122934046907,0.15198771185337534,0.7787631831255992,0.5059438315557865
1_26_26450,0.9530048604450803,0.8233269728771978,0.9722589167767504,0.8971731575364552
1_26_26532,0.8767907634307257,0.6007492724007678,0.9597773247608593,0.8829091482152707
1_26_26640,0.890503953358358,0.7575650452488688,0.9202560396448483,0.857969262648938
1_26_26643,0.8212939378502292,0.6129853133633852,0.8776126781839655,0.7168351231838281
1_26_26739,0.8781113290089003,0.8375565072567214,0.9624436654982473,0.954077743902439
1_26_26745,0.8939321754948244,0.8297400628916589,0.9294731956370388,0.8810967080108179
1_26_26763,0.9130365304100483,0.7295888542478566,0.9680369886420745,0.9051048840754955
1_26_26828,0.8691712738035405,0.4579086559890649,0.923370718399515,0.6498517320393584
1_26_26833,0.9404788881335449,0.8845875542691751,0.9720031545741324,0.9500473933649289
1_26_26847,0.78835904628331,0.7031550682479302,0.875751503006012,0.8326362105491879
1_26_26853,0.5283899887934255,0.710299256019586,0.5597753083404567,0.7204134237593534
1_26_26945,0.7649524874231414,0.8422860973770218,0.7449345329529661,0.8979418268412995
1_26_26980,0.9258160237388724,0.8811668167717402,0.973397118021119,0.9411035977907397
1_26_26982,0.8727675965915723,0.6925693479614813,0.9295871461098939,0.8446360639107279
1_27_27003,0.7620655777968808,0.2346723044397463,0.9919239256546171,0.911432277191032
1_27_27033,0.8104350220264317,0.7989737126395391,0.9469347396176665,0.9552804951088042
1_27_27034,0.8116703539823009,0.7601078167115903,0.7178108193609617,0.7952993953579091
1_27_27051,0.886096256684492,0.8563854134879463,0.9552245522455225,0.9363654498304409
1_27_27075,0.8871103622577927,0.6078947368421053,0.9443551078612822,0.7871421110108732
1_27_27491,0.8865200116290338,0.7481998925308974,0.9649426531053884,0.9208338354018556
1_27_27543,0.08728578885438508,0.021806548493454772,0.009118408550033562,0.5418534443326319
1_27_27705,0.594923818103482,0.365314348137266,0.9395139474994049,0.8120417066303641
1_27_27775,0.26375338753387534,0.42192717130848095,0.2765120893657676,0.44839830181397144
1_28_28003,0.45257421808480447,0.2181544319156503,0.4609177429007162,0.23030157761701386
1_28_28351,0.8238294211625906,0.7082062072593371,0.870722433460076,0.7978841870824054
1_28_28373,0.0,0.007122375358431228,0.0,0.18289150040994806
1_28_28391,0.5403145121982504,0.15600474424003835,0.6983223437108755,0.5091218204407245
1_28_28395,0.8233801387244121,0.7770410516605166,0.9000566251415628,0.8883070478068014
1_28_28407,0.6341793922968677,0.36798088410991636,0.809391704445497,0.685252058356204
1_28_28547,0.5987973063103768,0.21721695656702428,0.5391564961481866,0.1922100481026189
1_28_28717,0.5514925936171818,0.48869334085096955,0.5860623383694025,0.44
1_28_28763,0.830504560674287,0.8449559918754231,0.9209113526253765,0.9219519365032703
1_28_28970,0.5129047125244844,0.35194822232912054,0.5683387158898996,0.37308881822537787
1_29_29028,0.9256415880675587,0.7188666602852494,0.9859067724150131,0.9167416980032838
1_29_29099,0.7434086434540773,0.2175350560427707,0.9800892676744485,0.9011320065729413
1_29_29138,0.19528526645768024,0.10590219224283305,0.19713084656486615,0.11255443760324373
1_29_29297,0.8701406865503658,0.6518491902574237,0.88286122351821,0.6723342491317195
1_29_29329,0.7647700914176558,0.6056227856255464,0.863516244364993,0.7460107788227834
1_29_29710,0.24291671121565273,0.20976551361073945,0.6575887392900857,0.6724114254325735
1_29_29762,0.9563670282595177,0.8506658774785439,0.9868108108108108,0.9514946777997323
1_29_29788,0.8816942207149923,0.8410968592278265,0.9394668425749874,0.9296643300080885
1_30_30022,0.8824585015702109,0.8491560454702033,0.9443255772488187,0.9333691949076565
1_30_30051,0.7568269013766644,0.7525493989222053,0.8770557029177719,0.8794667826735442
1_30_30065,0.9608797906522243,0.8728928397203101,0.9883724918538844,0.9619506045498826
1_30_30226,0.39975298926705577,0.056601128517856515,0.4085157932519742,0.12773624802692318
1_30_30277,0.8316267387944358,0.6735052452069661,0.8987313349051308,0.8113197036376804
1_30_30286,0.7869184455391351,0.7501710278775441,0.8770982056723905,0.8910644840372615
1_30_30561,0.3144405389572349,0.2949733611304146,0.384236897937074,0.48021667451719263
1_30_30736,0.4006583327169169,0.27593081523789,0.4390437874251497,0.487902840202735
1_30_30757,0.8269502972459255,0.6107140020649671,0.9317531095986857,0.7215114685186877
1_30_30895,0.8362506630294764,0.5900125891733109,0.8773195463107691,0.6666247326707762
1_30_30927,0.24557245737801292,0.33066351666714683,0.22859502141788093,0.3146310012894713
1_31_31077,0.9044386852606031,0.8014721000041121,0.9649130628622381,0.9349762213575443
1_31_31255,0.8424622005340916,0.7113246436554708,0.8809499685910556,0.8052551157983042
1_31_31439,0.8204681071360453,0.3871027690020442,0.9451250315736297,0.8031231925968768
1_31_31447,0.6564162073300455,0.6018726787675891,0.790832328106152,0.7
1_31_31675,0.7143858419484843,0.6787823195551224,0.8043934345304208,0.794738704730447
1_31_31682,0.9418341857975496,0.8504976041282712,0.9186641697877653,0.8052139332793283
1_31_31720,0.8777666555444333,0.8363551474593417,0.9447136290222388,0.9369028006589786
1_31_31764,0.3804957114878098,0.2599992056241808,0.411890694239291,0.3077147866744594
1_31_31773,0.8575550331267365,0.673084298534939,0.9506783262504086,0.8463230938478463
1_31_31980,0.9275932715117533,0.7861438537406784,0.9793659942363112,0.9435833849969002
1_32_32148,0.4110147276106954,0.0,0.4234211010863561,0.0
1_32_32150,0.9339748794116243,0.8088612931662259,0.9635824526723942,0.8150724879186803
1_32_32165,0.884095757288457,0.7377609250638234,0.962365389666429,0.80278570515824
1_32_32185,0.8424853610930384,0.8233790947397037,0.9295221147072998,0.8752724561202249
1_32_32195,0.3995266703076643,0.45121347201584944,0.3935841831750869,0.4579679797583213
1_32_32226,0.014863359890345242,0.13840981258950252,0.0,0.0
1_32_32258,0.844872141960572,0.573441960038059,0.9147586132411708,0.7047350993377484
1_32_32331,0.5788438285703319,0.1200273544353263,0.6537869591606694,0.08199403329804639
1_32_32486,0.9025967498743508,0.7499413741890096,0.9716296539401232,0.9216712422786548
1_32_32606,0.8422047244094488,0.8403828559363784,0.9500976085895558,0.9638777400432232
1_32_32691,0.6064516129032258,0.4731905323496339,0.8638248847926268,0.7423208896605895
1_32_32951,0.9285071414595969,0.8137762877171594,0.9742606113104814,0.9206109662962455
1_33_33259,0.37697846007378316,0.32628803245436105,0.3693428905617371,0.3256621447028424
1_33_33347,0.9387659979413878,0.769864758550931,0.981819675835576,0.8981012914456905
1_33_33527,0.7601902889442825,0.5525520944564787,0.7931378342443492,0.5950710350826326
1_33_33554,0.416993951208325,0.07344659845199013,0.9721489893868722,0.9040368548450066
1_33_33625,0.7467094512285706,0.4047186932849365,0.9466382911641839,0.8802691054346683
1_34_34086,0.9612459441920831,0.879560908404071,0.9680666897488481,0.8754849769917892
1_34_34236,0.0,0.0,0.0,0.0
1_34_34261,0.7765874561745227,0.5758706467661692,0.847854855923159,0.713316408954535
1_34_34288,0.8164182297981599,0.6053201117538268,0.8617591485751744,0.6896292898544681
1_34_34382,0.7856973715368222,0.7297107224905058,0.8354096631731593,0.7715114563870588
1_34_34467,0.6224443352085496,0.29930590824445574,0.7089462970346897,0.4083484052478971
1_34_34578,0.9104357181280258,0.7847974017939994,0.9733076729980755,0.938337801608579
1_34_34999,0.5498214730548867,0.5182657988662608,0.5807475317348378,0.6032036777646087
1_35_35222,0.926187730198296,0.7239103669047032,0.9845078255342814,0.9623629419736356
1_35_35516,0.6615906327980037,0.40786633278646056,0.9236944168846397,0.7886882367695008
1_35_35795,0.8314650424415214,0.8417205902890927,0.8668799025207524,0.8452529279840518
1_36_36235,0.9376139188069594,0.8555620838229534,0.9364085376609631,0.8534892942109437
1_36_36237,0.3256693566145516,0.05508680344785723,0.3972828063960017,0.1295620878722736
1_36_36285,0.8529255210252631,0.589627465303141,0.9553113891325423,0.8642093888822188
1_36_36321,0.14664487852797825,0.0,0.11073938102005369,0.17656375431212168
1_36_36429,0.1401930220836678,0.15106754791030058,0.07372502822362931,0.0
1_36_36543,0.8249245364381199,0.8423996913580247,0.8937507554695999,0.9278833107191317
1_36_36717,0.8414605278731211,0.75820431885365,0.9348396904367053,0.9076168719005961
1_36_36781,0.6693917653819773,0.42993038210129136,0.8976358211948755,0.729317878164157
1_37_37003,0.6921612418994618,0.47298212703871606,0.9412771096462537,0.830913447984212
1_37_37328,0.7663965210515912,0.4909509410118698,0.8472240625414071,0.6293804598855307
1_37_37335,0.9719900712772983,0.8808359936153233,0.9804077063021878,0.8979327521793276
1_37_37446,0.9767078208509348,0.8883414526129318,0.9954907668082263,0.9768310475634666
1_37_37488,0.848031113271755,0.7784962671212745,0.9258624462110714,0.9235310655046387
1_37_37508,0.6964158345221113,0.6712007504690432,0.8716658867571362,0.9181255758852178
1_37_37702,0.6669035172308786,0.1515728692583756,0.8673234075898354,0.6069942611190817
1_37_37703,0.19196774364687783,0.0,0.20598415156207306,0.0010010599458249911
1_37_37791,0.8331756386634132,0.7225076256220903,0.8782316731952994,0.9120048241951944
1_37_37952,0.18603191463679597,0.12526337056599418,0.0,0.17381389751061
1_38_38060,0.13968068819712764,0.006181318681318681,0.17186168542853297,0.05510098394614189
1_38_38093,0.799826411819091,0.49592103353171724,0.9806232241837067,0.8843527013251784
1_38_38130,0.8752310138823226,0.6847536814714058,0.911548532316597,0.7479672392891991
1_38_38131,0.678198117125848,0.3068742105048694,0.973736509773339,0.8970659181614842
1_38_38229,0.8639434406912805,0.7981849046748498,0.9606647220012375,0.95005359056806
1_38_38399,0.34057403987605245,0.14217623079335215,0.3575418994413408,0.1542945246690734
1_38_38642,0.05013927576601671,0.0,0.05864176798549069,0.0
1_38_38661,0.8967679078239505,0.6950264280710692,0.9664028908608544,0.8979003558718861
1_38_38763,0.4259471050750536,0.13767939265026105,0.909044916633672,0.6191972654096373
1_39_39114,0.944428707542554,0.7959359311498925,0.9599837662337662,0.8509022778818657
1_39_39185,0.8716603997625173,0.805900100569896,0.9763664874551972,0.9754144160923822
1_39_39354,0.9083956492182189,0.6629791765262659,0.9697127548742372,0.7880507149887107
1_39_39391,0.8891075122344988,0.6980862221616836,0.9762643062524666,0.932199290551435
1_39_39603,0.8406764770481001,0.7418633631432341,0.9631578947368421,0.9386792452830188
1_39_39648,0.770150622596917,0.44019747753307364,0.8880749325752606,0.6085823410469557
1_39_39670,0.8805660132415942,0.839147545357524,0.9355022289670871,0.9137228737973172
1_39_39738,0.5977920579996705,0.5163008736415938,0.9125063035804337,0.7993796388611942
1_39_39739,0.3615843953297085,0.14054040989945862,0.5197790089544827,0.31477906186267846
1_39_39748,0.9162634450026197,0.6573877518324188,0.9802429582165265,0.920010905125409
1_39_39917,0.2234944606053104,0.0,0.2778547245306248,0.0
1_39_39949,0.571970802919708,0.5570222758139239,0.9098303509179642,0.9345039862751034
1_40_40642,0.12848788336210715,0.1038931788931789,0.00039501932159725206,0.43464838607163936
1_40_40818,0.7510893583627615,0.3891222854188211,0.9479968578161823,0.7935499633520645
1_41_41001,0.8131200799700112,0.5586313175993836,0.9701461063413165,0.9291839255868033
1_41_41022,0.8413954251045339,0.5296485108666488,0.9850604637582423,0.9415562351342168
1_41_41023,0.8481394569225612,0.5240282685512367,0.9766094681757332,0.918982906387613
1_41_41677,0.8608642972536349,0.7912364130434782,0.9599127038823799,0.9379658385093168
1_41_41686,0.7920023522493385,0.5145342989338161,0.8864027538726333,0.6219128128625891
1_42_42334,0.392187635159349,0.0287517894410045,0.3688418850601429,0.0
1_42_42429,0.6678492664685013,0.18315018315018314,0.8707988000203386,0.628055745944711
1_42_42470,0.8980285686332061,0.6360223905169575,0.8802314766973236,0.5820930781951335
1_42_42484,0.06267849493074397,0.13382467028704423,0.00011660134001847682,0.4939409632314863
1_42_42881,0.2490803580210485,0.2419286501143971,0.3034085103277133,0.33342682841315474
1_42_42923,0.8513077543495794,0.7107242639157533,0.8596333032762248,0.7327814748687984
1_43_43183,0.9540140632414478,0.8236575353941527,0.9730540262298017,0.8388340158997832
1_43_43206,0.8232397833579518,0.5074401835463782,0.9664690026954178,0.8251801610852056
1_43_43215,0.5083625048619215,0.38278388278388276,0.8898856894805383,0.8667888492331436
1_43_43257,0.9358000961076406,0.8333546571136131,0.91060864333701,0.7771852980384688
1_43_43268,0.10085635085635086,0.10854878220030893,0.022287154327241064,0.5199019724099767
1_43_43412,0.9247698766591046,0.7846947826788162,0.9871447335326832,0.9554266997167139
1_43_43637,0.8932783305023053,0.6544990427568602,0.9612892948173322,0.8935942106673814
1_43_43730,0.4692534554098072,0.20507821566169987,0.7513470440919785,0.4217771794008751
1_43_43894,0.48108791623222485,0.2273407371504436,0.48395268385224866,0.20397499661331836
1_43_43899,0.6928200537153089,0.4743717242306142,0.946270136307311,0.8982548567665459
1_44_44044,0.9172407148706585,0.7449064849926088,0.9681522129339967,0.9201720841300192
1_44_44073,0.8688203622124328,0.7751188193112649,0.9475859069160505,0.9182551319648093
1_44_44108,0.9037232980634857,0.6973785659213569,0.9762566029515874,0.8810702004529062
1_44_44112,0.13495522924329384,0.032012708804698406,0.012276518524902564,0.5638789299503585
1_44_44118,0.907654506364536,0.7394492508968137,0.9476062399139322,0.8492189268734435
1_44_44224,0.9589431666983463,0.8482819297130847,0.9880629867930918,0.9557707406438105
1_44_44321,0.7525125628140703,0.6755297994432135,0.9350042083606097,0.9182191348279128
1_44_44344,0.8757213079717888,0.7689720985185858,0.9880159786950732,0.9759196638999897
1_44_44379,0.9086913624540317,0.7441475721730498,0.9894221351616063,0.9682232400018886
1_44_44553,0.38591527155545075,0.29130943917025637,0.3375346609528611,0.2869303682099891
1_45_45131,0.8416375581416393,0.40265996122152203,0.9785874081176095,0.8913312693498452
1_45_45191,0.731625098675087,0.30219381083829727,0.9530537078775219,0.867177960927961
1_45_45246,0.9463723038767254,0.8103501491820707,0.9773985833869929,0.9195621832072284
1_45_45286,0.9537112561174551,0.918009339110681,0.9755818389927509,0.9571551353674259
1_45_45287,0.3959485588380772,0.4279225806451613,0.4295339834370559,0.46631649364485517
1_45_45328,0.8199681147867677,0.5564801218252026,0.8530617529020843,0.6085669510708689
1_45_45329,0.8598629424011104,0.635570837693726,0.9724072785124789,0.9269359403138667
1_45_45358,0.8807942621862133,0.5055864918268367,0.9623110580747812,0.8337460380348652
1_45_45397,0.8927565974688874,0.7258373911760366,0.9464134651847962,0.7283807732648558
1_45_45405,0.10769072377226398,0.0,0.12721995103089928,0.0543256233103034
1_45_45431,0.0,0.0,0.0,0.0
1_45_45577,0.6911870245442802,0.5213755815415566,0.7902807955874979,0.6557721244357351
1_45_45595,0.7435505573182278,0.3414557842046719,0.7350771404630071,0.319815245520359
1_45_45691,0.9663030856005309,0.831286595160371,0.9961634910088518,0.9808628694372098
1_45_45762,0.029193453527753554,0.0,0.03252997073545529,0.0
1_45_45771,0.44587006645870064,0.08264541680584053,0.9673276788914108,0.9117530981135054
1_45_45777,0.9385584777844193,0.7247213643077749,0.9790929729158967,0.9134212730318257
1_45_45784,0.8724559023066486,0.7774946686238126,0.9535914636538386,0.8675877609108159
1_46_46108,0.8423258250392875,0.7274792101696157,0.8946827262044653,0.8465074251591106
1_46_46151,0.1843156508737084,0.0,0.17379864867709277,0.046767734553775746
1_46_46171,0.9665506470325748,0.8222326454033771,0.9945892042621558,0.9703153988868275
1_46_46312,0.1316213148935047,0.24648692810457518,0.13872105421439704,0.31483914561357407
1_46_46443,0.9240765535165787,0.7586589082848434,0.9492509054988475,0.8125180604519447
1_46_46662,0.9781520651085869,0.8780149008713222,0.9898397029724982,0.8856156638695472
1_46_46672,0.9632777468421206,0.8624211314297936,0.9867043074401238,0.9464194879330808
1_46_46825,0.0,0.0,0.0,0.0
1_46_46856,0.6642900180759188,0.4831274584224691,0.767379679144385,0.5853528425544886
1_46_46857,0.790155673535499,0.7187415389613906,0.9585406301824212,0.9646606018194541
1_46_46992,0.9232951813022987,0.8436752817943755,0.9693210480259433,0.9178395889186773
1_47_47122,0.44493183165382333,0.10008299705217366,0.4514296717050159,0.24581053843938958
1_47_47184,0.8498972352980176,0.6022175041283322,0.9000140429714928,0.713818311947242
1_47_47211,0.901788539204556,0.6310964050598008,0.930078132766059,0.7075503799765587
1_47_47334,0.9392135142619773,0.8098059907460021,0.9809191728412998,0.9389326334208224
1_47_47340,0.22530831775111876,0.012960059035144359,0.006376873206504411,0.4878771053118638
1_47_47611,0.6566149853152107,0.30525533890436396,0.9831740096652439,0.9334043308484203
1_47_47764,0.9202255982265111,0.7194525904203324,0.9868198477586693,0.9520050922978994
1_47_47779,0.8887997930677703,0.7093227241400915,0.9746609159525567,0.94529262086514
1_47_47781,0.8834052906519094,0.5799110751818917,0.9817742584887934,0.9339715394566623
1_47_47818,0.30225278557179236,0.21439343163538874,0.3106245067253279,0.2586832852119722
1_47_47851,0.9395460069784765,0.8095371042492602,0.9873027767370218,0.9596588433044886
1_47_47854,0.9536206427869435,0.8254227173264372,0.9783876724850912,0.9143844168817115
1_47_47956,0.9169641676583367,0.8065581236479563,0.9438306036167264,0.8680703188879804
1_47_47964,0.4484322155956941,0.012766134397870926,0.4603270214327175,0.026473845629579145
1_48_48039,0.7860648898051342,0.5807215204279048,0.9590451956864171,0.931053722301929
1_48_48060,0.749861704802615,0.5478266985511324,0.9076110866695997,0.7959268037259549
1_48_48156,0.5624140473960098,0.30517982920900083,0.720436139256039,0.481522117262972
1_48_48173,0.9533549102460367,0.8242756994850797,0.9794859043297175,0.9176618064260738
1_48_48240,0.9232860520094562,0.8151198705692013,0.9655538115640775,0.9225813210413284
1_48_48251,0.5021735288920304,0.0786487622325842,0.9847859541130386,0.9365540743710534
1_48_48311,0.4850949628406276,0.4709985420656928,0.8915356151711379,0.8976002384856163
1_48_48383,0.7583137214775402,0.8635176316935133,0.9021669444800615,0.9415986571742779
1_48_48386,0.8433457500846596,0.779269202087994,0.9430843598939653,0.932831100120766
1_48_48388,0.8876927351020976,0.7500292340674333,0.9548664415105925,0.9026510023147137
1_48_48451,0.32500118056320737,0.013882285822953314,0.43085898969548153,0.14512886943315317
1_48_48466,0.9499854843392148,0.8599069716235929,0.9610443707616175,0.8905889392255748
1_48_48572,0.930964732759031,0.8065181518151815,0.9641808424463345,0.9022276780878795
1_48_48594,0.7991589269342687,0.5087324306069281,0.8532764753782197,0.6748027613412229
1_48_48668,0.9351308971911645,0.8139078156312626,0.9806264711207677,0.9428445618670189
1_48_48755,0.8643168554358608,0.6146130254374887,0.9373504629148028,0.8090855852087342
1_48_48840,0.49647378054243624,0.2861306422820504,0.5218432882022018,0.39208061407364825
1_48_48924,0.6776417462213795,0.20809216992464782,0.7182163075723015,0.21905550952775477
1_48_48941,0.7240012067405077,0.7169428944226979,0.8867142146292918,0.9051563539587492
1_49_49039,0.8889405050270431,0.6848674635028448,0.9752549435286377,0.9413568037974683
1_49_49123,0.7443047371595601,0.393135918721348,0.7943391541835637,0.4723743155798905
1_49_49284,0.23361528120098587,0.10857262628379795,0.24957331496841034,0.16587338359799503
1_49_49419,0.31477546394673467,0.2037229149131907,0.3421809055090509,0.2784965492263426
1_49_49481,0.22858137702274267,0.3251361388520079,0.23760410240592228,0.4220170587683944
1_49_49500,0.5371294354945726,0.45225807636503884,0.5619408600652156,0.48730641805994296
1_49_49503,0.5988118958010479,0.39255493811568576,0.8133726341917468,0.5771229776175706
1_49_49609,0.8694747612551159,0.4763898677500933,0.9595426227017171,0.8807975726051148
1_49_49612,0.6906095551894563,0.5639937967524175,0.9770453207769276,0.9770378874856487
1_49_49674,0.9558296324040879,0.8008080808080809,0.9884297981487677,0.9446838170067166
1_49_49859,0.9299484116209612,0.8146302393877369,0.9566162040930755,0.8927477017364658
1_49_49900,0.1367347621676789,0.0,0.0028237156140682187,0.26123238797847254
1_49_49937,0.8685593450997634,0.5167226706026442,0.9813416790099861,0.8688669950738916
1_50_50413,0.7851055711015009,0.5307000044332136,0.9081914639555115,0.6903911154031869
1_50_50473,0.2981429484862806,0.12235644195685288,0.2556470742493414,0.19627999724953585
1_50_50477,0.9001040413564392,0.6262202325436796,0.9444225057088406,0.7798352485116987
1_50_50516,0.9540172877993481,0.847476540705047,0.9877614597240766,0.96343481138319
1_50_50665,0.8626499074719411,0.646324457135268,0.9222598809746204,0.8228661147587782
1_50_50833,0.19295177886878742,0.029154006478668105,0.1623883244181549,0.017952854243638443
1_50_50836,0.9496284062758051,0.8583193128486674,0.9803374518400425,0.8979555868875573
1_50_50878,0.29274869631821376,0.009663828408119973,0.28090611628492324,0.013527783327149748
1_50_50979,0.8646239072102484,0.7042518837459634,0.8150727743548531,0.6288723124177271
1_51_51078,0.8326206475259621,0.8066174408823255,0.9181252349722211,0.9370348018507343
1_51_51116,0.8936676717981272,0.7279483562981447,0.9413843392416423,0.8690266599597586
1_51_51123,0.9367784697184894,0.7998638143335414,0.9855306703609636,0.9553017744213176
1_51_51134,0.7349577856150475,0.5558929588157145,0.8103648269410664,0.685762159224708
1_51_51286,0.36004067703800763,0.11414982164090369,0.35234806233438243,0.03374902950310559
1_51_51295,0.8354456220335812,0.4455136729611451,0.9392439974042829,0.7962647298599274
1_51_51366,0.7840264650283554,0.6271886818882196,0.8637110016420362,0.8134898747143645
1_51_51642,0.9160090865614539,0.836475115778488,0.9476721816083109,0.9055155549517728
1_51_51689,0.5910794223095465,0.3265515320334262,0.7402821928503709,0.5267672928656749
1_51_51725,0.6746160064672595,0.900215672178289,0.8756972111553785,0.9690101757631823
1_51_51784,0.9529666725238681,0.8675649519839203,0.9536941632826232,0.9019782835043879
1_51_51872,0.9475057626234071,0.7695620304196444,0.9802315471559969,0.9035351089588378
1_51_51875,0.8970146617205441,0.8713287578062202,0.9414237935977067,0.9269779507133593
1_51_51972,0.5209129983696458,0.10701051876643557,0.5351599008492828,0.21479035270551933
1_52_52012,0.5009476939447345,0.24410245672808487,0.5148739842996832,0.2976449987492406
1_52_52036,0.9751734309280603,0.9095479913520036,0.9961123230967165,0.9847560975609756
1_52_52052,0.8001087957151226,0.3133423426713905,0.9835433808978231,0.8649143237398104
1_52_52082,0.1968988051506129,0.18181034977887542,0.17787839586028462,0.20896206156048674
1_52_52303,0.8318868531018965,0.830175048624618,0.9462884731442366,0.9459572936660269
1_52_52465,0.8353637709210976,0.7625580783729289,0.9281567489114659,0.9162420087093487
1_52_52759,0.8810077159059218,0.6858169502725922,0.9496128068896066,0.876912691269127
1_52_52878,0.4332790587740953,0.23912797921608495,0.43447081571510526,0.2030820384935098
1_52_52930,0.8283201082610567,0.7485743666448537,0.9400738221032062,0.9096835243402376
1_52_52964,0.9068247821878025,0.8102227941767876,0.9164956387891227,0.8253491815744187
1_52_52999,0.8825036887473791,0.7754518770276533,0.9442118752669799,0.8884130982367758
1_53_53009,0.8047510162601627,0.6881549136222034,0.9293418002217518,0.9246028640738712
1_53_53174,0.532574974146846,0.40198104850616057,0.559322429906542,0.4106771860618014
1_53_53496,0.5539195637355147,0.24602354885354266,0.7589687540182589,0.6168385941071097
1_53_53497,0.20616474269161675,0.11627638712654285,0.0,0.020227903050765706
1_53_53538,0.4413264498147151,0.30138864780420066,0.9155115971303197,0.8944554169275977
1_53_53692,0.798175598631699,0.8715608919382505,0.9235122620476762,0.8811815710191785
1_53_53725,0.7490161984076141,0.5873080360770293,0.7268999768999769,0.4709993607500533
1_53_53766,0.7666508038319091,0.520662316705255,0.7969458258152533,0.5880038976505828
1_53_53905,0.8876756838446426,0.8023463491507616,0.9629507112140258,0.9399402762224711
1_53_53918,0.755786929441294,0.8020340077486009,0.8215181932245922,0.8806195254945183
1_53_53989,0.8873992775771048,0.8211376980870004,0.9086516336861482,0.8296644295302014
1_54_54098,0.885280065060486,0.8381404577988804,0.8365389766943477,0.8144727530077849
1_54_54381,0.1037474394505362,0.08454992043174428,0.11476822333275892,0.14354897000361402
1_54_54383,0.9173538300809672,0.7797977880096834,0.9506625650733554,0.8645117254156306
1_54_54722,0.342806506740933,0.09683917693894191,0.9476691180939646,0.8859813084112149
1_54_54860,0.14220522484573034,0.023457466228550567,0.16995365115399166,0.1474845593437482
1_55_55005,0.9316634637308231,0.8038103269827883,0.9767981438515081,0.945910237418425
1_55_55083,0.9622055210290504,0.8089742314197592,0.9865137477585176,0.9441592124067115
1_55_55207,0.32374619008035466,0.16118350779747917,0.000664835233758577,0.23138406487621788
1_55_55230,0.8571233872433218,0.8564296316286601,0.8879024977430033,0.915257127267767
1_55_55344,0.19920315340571215,0.24053085850756276,0.1672460272417707,0.2100996502729042
1_55_55346,0.42412981744421907,0.21054733521036761,0.8493155139335999,0.5099561386484494
1_55_55407,0.22525643454491326,0.21200219935590292,0.26093363012195503,0.303597171689435
1_55_55469,0.9340869537950173,0.6587959176416202,0.9604943505127745,0.7622619047619048
1_55_55491,0.8157979928779541,0.7179971133562785,0.9822930933281159,0.9832430480317804
1_55_55512,0.8028369415318609,0.41371443555788645,0.9881701553004727,0.9573937441546295
1_55_55530,0.6063737718271139,0.24715592237341066,0.6884573146060922,0.49727414330218067
1_55_55589,0.29600893211967527,0.14334382039205465,0.29695301376364497,0.14014938121285914
1_55_55601,0.8940908777494312,0.7459468782338737,0.96085677652915,0.9060398466469738
1_55_55613,0.7136367793664827,0.524099413571628,0.8924933396019432,0.8135643527622157
1_55_55623,0.6737042225335201,0.3237960632907029,0.7202995453329767,0.43520981721445123
1_55_55677,0.11752793366447362,0.21809008634141266,0.0,0.14965357967667436
1_55_55731,0.6231068488193251,0.3425527091362503,0.8841457131079967,0.8018964319287203
1_55_55762,0.8594892563842952,0.8254182784172998,0.9240868645386099,0.9007434395155335
1_55_55825,0.17032449556208795,0.07589859775886351,0.1943620178041543,0.244566177769924
1_55_55826,0.7663947215906558,0.6996463638698461,0.9436510357449877,0.9361460556791862
1_55_55874,0.4732126944144101,0.5334442941849579,0.4828228476821192,0.5397029158261507
1_55_55915,0.8988282113641388,0.7006958892316522,0.9337248711639352,0.8429940852539262
1_55_55923,0.29435123452267564,0.18369943051549442,0.0,0.02821407795229785
1_55_55970,0.7497340425531915,0.4371797218155198,0.8989893617021276,0.6885176345796871
1_55_55978,0.1985546774332102,0.0,0.20552863240263206,0.0003767033542976939
1_55_55982,0.8191139834639131,0.4655592807071015,0.8916093535075653,0.661952779144122
1_56_56041,0.9378088015626795,0.7503147293327738,0.984169989954032,0.9344003036437247
1_56_56043,0.8829924405228428,0.6853963083604777,0.910099573257468,0.7494212324991731
1_56_56048,0.14096799005975977,0.23399191170275507,0.28768237263812485,0.3895456535650534
1_56_56055,0.8271191449539477,0.7011893962302187,0.9810532509561636,0.9712021646695014
1_56_56060,0.6706309041835358,0.29252642174131854,0.9332159624413146,0.7252528696442777
1_56_56083,0.21057424740703262,0.38754129306276547,0.2306782122304093,0.40085445375991774
1_56_56150,0.9311753614079196,0.7287513554091251,0.9513949433304272,0.9055076729030902
1_56_56155,0.9329777250950758,0.7533538871760687,0.9668857039374967,0.8910458851941296
1_56_56159,0.3716031998082512,0.45874457165416505,0.40050295568111305,0.5443404419569623
1_56_56172,0.9409940296192914,0.7947694150529048,0.9641081605432278,0.8247216314274991
1_56_56174,0.9480190556594102,0.8404804353945763,0.9422016048144434,0.7861730597680642
1_56_56243,0.9228886849642668,0.712105095202638,0.9408623004624795,0.768344998871077
1_56_56265,0.8995926192187874,0.8401540154015401,0.9643183300717547,0.9478486079227736
1_56_56371,0.9108646354879992,0.72587499034227,0.949449125081011,0.8570966044761018
1_56_56543,0.0660987844387863,0.0009373326191751473,0.0,0.10805772117573
1_56_56546,0.29052318847877534,0.28084290343201007,0.44037104254890097,0.3340832111622264
1_56_56638,0.8288062543850857,0.7486059844498547,0.9697685403873406,0.9626893239748799
1_56_56702,0.564176568337144,0.45997647793005786,0.5827455590386625,0.4814327452773379
1_56_56734,0.9514358415121774,0.8218267772723218,0.9889884568651276,0.9569285679834081
1_57_57054,0.7167912794353993,0.7196243623434843,0.7920254441082926,0.8495534052847041
1_57_57302,0.899735041268752,0.6015585509688289,0.9860838762730091,0.9188880821491546
1_57_57303,0.5220148190367626,0.3816777515554602,0.5054328776726253,0.4645514883346742
1_57_57320,0.9192520630941189,0.8174885020667171,0.5296360679638872,0.6049351201871942
1_57_57441,0.9543692870201097,0.8440520311023908,0.9787128144262797,0.9230597014925374
1_57_57642,0.7430340557275542,0.3952962191128312,0.9565858918336076,0.8513144417890065
1_57_57798,0.815351500941692,0.5956688596491229,0.8056981417372966,0.6439154319960047
1_57_57840,0.933634554800199,0.8540699750089253,0.9624112853763253,0.9076172782164422
1_57_57848,0.8599413980745082,0.6562222741069343,0.9116945107398569,0.7439818468823993
1_57_57910,0.7394713912285797,0.8464260075889652,0.8385794037296591,0.9153212337156219
1_57_57941,0.8480878888619802,0.5253378933868262,0.9863201803248958,0.9491679854217618
1_57_57942,0.960624685138539,0.8364460486003273,0.9855772245563429,0.9371599322094372
1_58_58095,0.45206124516616963,0.31027034103554363,0.706188850967008,0.5908269734173949
1_58_58150,0.9001038992788167,0.6732415685161535,0.9266162835005716,0.7421280939015055
1_58_58417,0.8756030878095851,0.7287433839849753,0.9444717664416328,0.8826894223555889
1_58_58478,0.9032375926113874,0.6222396499772981,0.9471680355920602,0.8162482721719356
1_58_58671,0.8090380607656027,0.7986460218513305,0.9403160506725872,0.9573325147724656
1_58_58696,0.8784942313831,0.6917558914955233,0.9512494673784997,0.8522652471308778
1_58_58820,0.15231561568869917,0.0,0.15167582021470422,0.10993689652550749
1_58_58837,0.6674105778049526,0.45894076397859385,0.9519179304192685,0.9266483187746799
1_58_58843,0.8929507556745302,0.710394726873248,0.9464465651117302,0.8622554800927243
1_58_58854,0.8094508071061413,0.8019202087994034,0.8815493410478946,0.9095225083680579
1_58_58924,0.7609058845368479,0.4466061769324725,0.8350153217568947,0.6084373439840239
1_58_58944,0.9515168584533676,0.8630574917457157,0.987134748791255,0.9531017779490285
1_59_59047,0.8534709713177221,0.8333677685950414,0.9351666922722385,0.9416947677580768
1_59_59085,0.856751327795179,0.5925164354600481,0.8927633576877043,0.6752970492600359
1_59_59137,0.6280799236684066,0.5115053960124383,0.6744560593168835,0.5654332302287395
1_59_59160,0.13663613534423946,0.22162446500729263,0.3807973962571196,0.2703415816872281
1_59_59204,0.31360864504247815,0.34001823154056515,0.34134950779009376,0.3486869413620389
1_59_59208,0.8532577769347496,0.5854819145958386,0.976802215580356,0.9375439896277088
1_59_59240,0.8424478398521228,0.6071866568555311,0.8877313113066857,0.7027349160841414
1_59_59253,0.9472333974695353,0.7827009334464784,0.9842233750381446,0.9331292833854548
1_59_59300,0.8688509683872336,0.6104977375565611,0.9216989962237356,0.7374030055986642
1_59_59420,0.9445607911576498,0.8500402252614642,0.9490105620978512,0.8208871868517632
1_59_59421,0.9425407620542332,0.8505806303987186,0.9639742477512442,0.899140231248147
1_59_59466,0.8674240477047243,0.6662426863393539,0.9435897435897436,0.8094529718033674
1_59_59468,0.8024852371119081,0.6128302785051178,0.9505728172192328,0.913811408165235
1_59_59495,0.6155085790122287,0.4640375676841248,0.7575331222886622,0.5431061475837595
1_59_59550,0.576196556734622,0.46013213350039867,0.9587721263723953,0.9510596127458454
1_59_59563,0.8433744362470346,0.6029197912805452,0.8889573645582386,0.7244106326677893
1_59_59625,0.13634906747286446,0.1972884525479196,0.0,0.5423119192726547
1_59_59743,0.5131723140314732,0.3290212471245888,0.7608202961691641,0.6124993689736988
1_59_59823,0.3805263885051119,0.20419070374271028,0.8218421251797472,0.8609892193509942
1_59_59909,0.8441488284151529,0.5421243855524684,0.9603183802789691,0.8783440618909821
1_60_60087,0.8375306440829062,0.7146374096869146,0.8998291154691187,0.8723611190571543
1_60_60097,0.3558631599762705,0.005284600850259801,0.38180506640641576,0.017285282046673258
1_60_60281,0.9640666771504953,0.8713801384376324,0.994661124016791,0.9787750151607034
1_60_60387,0.9265376703139441,0.7624106230847804,0.9631965361445783,0.8617106314948042
1_60_60441,0.6038106722942418,0.4301523426271917,0.7142483584171073,0.6360483727547572
1_60_60473,0.6664573222951755,0.4088100028743892,0.8956447745029783,0.5988495009587492
1_60_60686,0.8440819423368741,0.8174001011633789,0.9144753637988257,0.8967857142857143
1_60_60730,0.9070597070972587,0.7621975406584689,0.9226413880369743,0.8262859996670551
1_60_60758,0.3592464715030468,0.0,0.38316986644407347,0.027450060329802923
1_60_60884,0.6324718174319494,0.3823476662332422,0.9606309148264984,0.9208609732337524
1_60_60933,0.9198058891265011,0.7318864153924803,0.9264949284895811,0.7546958750873922
1_60_60982,0.6252964719833976,0.2542184998152482,0.6920621675185147,0.4112315334494549
1_61_61011,0.9048991354466859,0.7079183088498746,0.9777877832808044,0.9235734679521662
1_61_61018,0.9229083718568795,0.7385025719184607,0.9764987456385709,0.9243926052279747
1_61_61059,0.7227963359862395,0.30963990997749435,0.7158410083715395,0.35383907781642565
1_61_61098,0.07625440576610827,0.14651131941987974,0.0003803727653100038,0.15944322344322345
1_61_61141,0.0734757855056318,0.0,0.10466207121589101,0.3970038591266827
1_61_61147,0.6989696830047072,0.3099980280023664,0.8885316388265286,0.5728059144087496
1_61_61192,0.890599354802196,0.7129975808225203,0.9178487354379188,0.7324909953690469
1_61_61260,0.13388886232126632,0.013781968785829608,0.10689124470657961,0.08019226591353465
1_61_61269,0.8668476785229432,0.7778867150942556,0.9195309591760764,0.8353542352329811
1_61_61280,2.0530929845812718e-05,0.0,4.1061859691625436e-05,0.0
1_61_61292,0.37326607818411095,0.1263081695966908,0.7379881989322844,0.4980467979323679
1_61_61299,0.36089514124809047,0.1299162498890237,0.37403235909375626,0.3023312435327774
1_61_61562,0.9050879622506026,0.6449769273104441,0.9796552303128673,0.9224883391855773
1_61_61579,0.8807017543859649,0.7430531732418525,0.9061694915254237,0.9045963364993216
1_61_61603,0.4805540082037778,0.26007149731885054,0.5443467484952201,0.34026946107784434
1_61_61640,0.6359540636042402,0.5216838279830406,0.6755790951438964,0.5508574992204552
1_61_61668,0.9505782575173477,0.874150999114086,0.9590173756740563,0.9014733887942267
1_61_61767,0.9227963759213759,0.8218916336836358,0.9800319161995171,0.9508439443292863
1_61_61845,0.8433046232281488,0.43912128309270404,0.910516948801788,0.5580684384227896
1_61_61911,0.8075886238037472,0.4216702089975204,0.847236419826459,0.5252820924413389
1_62_62065,0.9570828037931371,0.8813789359391965,0.9809129468794183,0.9457878040183292
1_62_62066,0.8804347826086957,0.6858092512233405,0.9379381748262091,0.8208604954367666
1_62_62467,0.839795153634774,0.4314984816223952,0.9717534849596479,0.8740258229614982
1_62_62514,0.8353026987600292,0.8371116708648195,0.9666101694915255,0.9695989650711514
1_62_62798,0.9703805536461914,0.7374975291559597,0.9834308927486166,0.785825621042377
1_62_62852,0.9731045505483806,0.8962096689986426,0.9785216754595122,0.9216375514841642
1_62_62861,0.545286309121321,0.39502965412271035,0.8764271746672554,0.8242491657397107
1_63_63034,0.6144464179988158,0.0,0.6822994601761531,0.11645724793135152
1_63_63150,0.22786338497910247,0.10851028941543002,0.2595404422377461,0.1545226713695642
1_63_63372,0.922118119457922,0.8553237991162636,0.9475225125316062,0.8947445255474452
1_63_63377,0.28554944079531336,0.21341392084226946,0.28150040137196236,0.24070037520100054
1_63_63398,0.907701740319766,0.750734073790374,0.9729439443535188,0.9232711460232852
1_63_63410,0.8238535721314701,0.6803578879050577,0.92253676632955,0.852759180361128
1_63_63411,0.12279549797543585,0.0,0.12755539984234038,0.15825624741129365
1_63_63499,0.41165641545245674,0.3089838639337113,0.44271417810640884,0.36941379040463335
1_63_63566,0.8521059307773953,0.537638182137217,0.9698751800288046,0.8911385606874329
1_63_63567,0.42076006936867616,0.1083863668505162,0.39424070247933884,0.037101608857894416
1_63_63592,0.9487000928505107,0.8025506867233486,0.9729576781599903,0.9072546230440968
1_63_63633,0.895866454689984,0.7788684306791854,0.9761013353300886,0.9558026030368764
1_63_63720,0.619318043926708,0.08930302367030424,0.5945341441252534,0.11667557960300733
1_64_64053,0.9179960448253132,0.7751937984496124,0.9531449213769656,0.8691426770329901
1_64_64272,0.27858333333333335,0.0,0.3030349869071865,0.05890478353012413
1_64_64480,0.45730701531035856,0.11888969954234928,0.4406933915799392,0.11356067187952505
1_64_64709,0.6586069210292813,0.565571488236113,0.9147662946789584,0.9084987918899045
1_64_64723,0.8261703500016974,0.5672802284988893,0.9545609976868148,0.8321596700774229
1_64_64815,0.1266856344382902,0.018499985703256797,0.1372700624495518,0.0
1_64_64878,0.5806219923866983,0.07031541778426646,0.6111587117584799,0.041061343373707954
1_64_64891,0.9061737857988991,0.7277207805270569,0.9405259459259533,0.8389613165206241
1_64_64938,0.4095977071755618,0.3678621054721101,0.466674779927792,0.5041586903425969
1_65_65200,0.9556790942010507,0.8328710124826629,0.9782017068724074,0.9126390188130132
1_65_65241,0.8412698412698413,0.8164130225390098,0.9343509698152186,0.9373031978168078
1_65_65292,0.4291603179665261,0.26943359108172354,0.4274260110835986,0.2810096682047902
1_65_65437,0.9414231924121824,0.78707453683757,0.9722657903253915,0.8793653647354938
1_65_65742,0.664096523166988,0.6737833230006199,0.7125814300290401,0.7063853817917792
1_65_65743,0.9143277198609997,0.8575833381813951,0.9821493098214931,0.9671703040477523
1_65_65815,0.9107496153000659,0.8012525765022991,0.958586416344561,0.9182839632277835
1_65_65819,0.8505109058754176,0.7191904413557669,0.8618878248974008,0.7076518691588785
1_65_65838,0.9052423156703753,0.6852849740932643,0.8975097956672388,0.6737197816480375
1_65_65856,0.5436984910383262,0.440603595890411,0.9522182842990734,0.8828310363975971
1_65_65859,0.8961625282167043,0.6698641731490065,0.9643693749229442,0.8976033812016714
1_65_65864,0.5845437322387117,0.4982006543075245,0.7117021868566024,0.7689361421118669
1_65_65984,0.26690810522573766,0.17804685224483002,0.056877229446956716,0.27597495698719177
1_65_65994,0.7740784780023782,0.5759230306674684,0.8191204588910134,0.6215448074649765
1_66_66017,0.8754586618783667,0.5240143624017918,0.9827807250221043,0.9258736472903033
1_66_66053,0.9026966171661395,0.757713742014408,0.9589933122140092,0.8903651962645205
1_66_66111,0.9619053622457556,0.812461155997514,0.9924930167597765,0.9618100672278402
1_66_66201,0.5102873976479321,0.15137811391368758,0.5583171554102381,0.3510915945151
1_66_66209,0.9040541459764642,0.650156259213397,0.9684560044272275,0.8256601429015222
1_66_66254,0.955188449156125,0.865327107706836,0.9721518987341772,0.9131768758746905
1_66_66552,0.5811616533797817,0.2385250664010624,0.8211161292360168,0.42135516460546946
1_66_66598,0.32665807920436163,0.4633476902288658,0.33188817230845186,0.4395827842000226
1_66_66640,0.12661745944960817,0.0,0.1395588253757015,0.0
1_66_66667,0.4255213208787269,0.1730788856005715,0.48342823438669724,0.25572684418397246
1_66_66696,0.8650888405084627,0.5575653990409724,0.9690069576217584,0.9065627030539312
1_66_66821,0.912392692053709,0.8699407281964437,0.9741694484183755,0.9355010345846881
1_66_66889,0.17794152697227297,0.08499196871289895,0.13046074091332713,0.036818963869241064
1_66_66903,0.8675718668333144,0.76549822347139,0.9509221631759925,0.9145447196720365
1_66_66940,0.7868346267351624,0.5811378590492298,0.9453841316076925,0.8974320196001331
1_66_66941,0.9154057287634598,0.820703095719961,0.9798048559110506,0.9559860581989138
1_66_66979,0.8486943729312247,0.8311404876223732,0.9517540204982918,0.9507849241571174
1_66_66988,0.9272482907730965,0.7887942163697392,0.9759369807372762,0.9311092262746207
1_67_67033,0.8500762970498474,0.8535200460387493,0.9344959591663122,0.9363359707851491
1_67_67050,0.8943248532289628,0.6811812467260345,0.9581954887218045,0.9086462737295863
1_67_67163,0.7933668131408245,0.8411620795107033,0.9604139715394566,0.9761066738865575
1_67_67165,0.78287253005651,0.6437954382352024,0.9281328495674016,0.9106464593283442
1_67_67202,0.632257347630424,0.6813123744539744,0.8751173708920188,0.9338952438290187
1_67_67219,0.5825034387895461,0.16262587565674255,0.9594600798861393,0.7598490391650942
1_67_67339,0.7690066996795806,0.5828992801545034,0.9258817388710759,0.8415927802406586
2_67_67381,0.2903027250853338,0.24681591064955422,0.6951044947036931,0.7841081628226448
2_67_67412,0.5316272555760038,0.3471898197242842,0.5436016818300592,0.3190810661595559
2_67_67426,0.8826106492922938,0.8276059097216554,0.8883248730964467,0.832597350461662
2_67_67911,0.8198304088657543,0.35264731750219874,0.8806656448434421,0.6356417195332948
2_67_67978,0.9181383840969201,0.7912974324017269,0.9428981614412077,0.8657710280373832
2_68_68009,0.7857931542142068,0.784173071448904,0.8251461388575531,0.8277704406291272
2_68_68042,0.9215051083977075,0.79296373826727,0.9839133465601373,0.9519051524867645
2_68_68315,0.29259514105753454,0.022346066443025645,0.25975531431614896,0.06382029631989804
2_68_68340,0.8798711194322288,0.6971373328320533,0.9721839984273639,0.9319769579605344
2_68_68343,0.4333742879481738,0.13386469619605076,0.841314656944711,0.44397285626156696
2_68_68401,0.925,0.7771470215948756,0.9645417405380405,0.8922399739158787
2_68_68592,0.9467463014794082,0.8105176019518996,0.9812718451666753,0.9310812707621766
2_68_68593,0.657619213020394,0.303292317924842,0.769181659895531,0.45384997105284924
2_68_68614,0.5329500221141088,0.5886191433431266,0.5608520944569825,0.6156090225563909
2_68_68615,0.9110262452262939,0.6687144482366325,0.9803173194274937,0.870894006095496
2_68_68619,0.9456815429050591,0.8267254038179148,0.9773555439875065,0.9254399666770801
2_68_68620,0.9191645952137252,0.5962604576151598,0.9267293769486867,0.6403382338810416
2_68_68707,0.23627894640873903,0.06381027724837283,0.0014121368454745721,0.1455495117853519
2_68_68825,0.07923964117898334,0.25357396329717125,0.5015586369988175,0.4209412147858655
2_68_68857,0.9437126585374376,0.7930167597765363,0.9917896371907245,0.9694300019256692
2_68_68928,0.8115184678522572,0.4716981132075472,0.9677494122711169,0.8963809724490334
2_68_68931,0.8284641068447413,0.6240144256267015,0.9106796678336854,0.7910011526428454
2_68_68932,0.4554870923191331,0.22812655292363757,0.9630639845436981,0.8384922616075886
2_69_69141,0.8083618025052871,0.8420747369293231,0.911225658648339,0.912755333635951
2_69_69152,0.9570730744560122,0.8893406730889528,0.9855892949047864,0.9591317950723504
2_69_69224,0.767812367395749,0.7905272647419154,0.9653179190751445,0.9659090909090909
2_69_69370,0.7997498294291563,0.8079614546288861,0.9335294904373411,0.954527712724434
2_69_69372,0.9184617256906413,0.8585879103022425,0.9436985892682095,0.9096208671971405
2_69_69490,0.9553756394537691,0.7970298788503215,0.9804029870531572,0.9273802483737433
2_69_69494,0.8072215201299874,0.6093950343862921,0.878059478901658,0.7816959804477808
2_69_69499,0.7959224227008982,0.36153002467781736,0.9007540326429322,0.5912598557289045
2_69_69606,0.8299441786283892,0.5985926755157525,0.9021612996808819,0.7612527964205816
2_69_69612,0.917078462094733,0.8207751327955931,0.8899544189901143,0.7567090395480226
2_69_69648,0.8152661962796665,0.8456044482791679,0.9058365053471089,0.9243579454253612
2_69_69666,0.2828013237963062,0.15045846817691477,0.0011681244479899713,0.26239111415420896
2_69_69781,0.8738372646750691,0.7536961531643326,0.9473022963635095,0.914775705833895
2_69_69802,0.9702860973638031,0.8614548454408696,0.9862636249442847,0.8872061156786384
2_69_69903,0.92146529562982,0.7449539949812707,0.9227557887532793,0.7211640381588668
2_69_69989,0.5709122451930028,0.3624652746661887,0.972828262610088,0.9450896440995451
2_70_70132,0.9157591287636131,0.7273720048821224,0.9697146185206756,0.9163804584005046
2_70_70211,0.8518038453229639,0.8747261616511011,0.9574175824175825,0.9673014282134803
2_70_70242,0.6366057582091565,0.304080430139206,0.6783314770236769,0.3618894802755166
2_70_70269,0.8847660276231705,0.6775839744077995,0.9539736115372813,0.8875425975009467
2_70_70304,0.17582282432854318,0.0,0.0022927366104181952,0.256568629816392
2_70_70320,0.911217729038154,0.882090824550527,0.9733201581027668,0.9554426584492379
2_70_70531,0.5913253984264676,0.32998570282805034,0.7342575665244769,0.5549462228457255
2_70_70577,0.7495778101649432,0.594323704953537,0.8306875539399011,0.7048521850899743
2_70_70587,0.6916490619360074,0.42005546830621177,0.7161657142026203,0.4933951172280241
2_70_70604,0.8953410504161484,0.8550920452626246,0.9391250515889393,0.9323195921596202
2_70_70612,0.8776061263334957,0.6748910644558882,0.8529581529581529,0.675216485805108
2_70_70640,0.9562037121696992,0.8299927771758757,0.9775758291042134,0.850814530882481
2_70_70669,0.9184015388911296,0.8803679201485608,0.9766697773630183,0.9607998778812396
2_70_70693,0.956774021825925,0.863360067539046,0.9879585083011208,0.9612868536607223
2_70_70761,0.88551201011378,0.7885225760212962,0.9690051658056991,0.9228625033503083
2_70_70783,0.89140380447869,0.8203625709577,0.9452332657200812,0.9209180686209454
2_70_70803,0.9212063188128291,0.8492650500889429,0.9387506348400203,0.8887403304364435
2_70_70863,0.3578439195659113,0.2595839524517088,0.4481996726677578,0.3120655213743508
2_70_70895,0.38551422910662825,0.3641600092624754,0.43940138023727676,0.4090152491408935
2_70_70915,0.945808488249737,0.871338311315336,0.9867898383371825,0.8859001212655716
2_70_70926,0.6288235884063785,0.6677163198247535,0.6270442322467347,0.4768449139222925
2_70_70943,0.789219300401409,0.38622216074145804,0.8158742430099214,0.4449598449183052
2_71_71085,0.3298535294773919,0.0,0.3496604131201629,0.07209079721044714
2_71_71115,0.9623339498907012,0.8743892396376612,0.9847907427937915,0.9485192837465565
2_71_71150,0.8457578253706755,0.7630191404839293,0.939906103286385,0.9295390715347761
2_71_71279,0.7654864658563796,0.788929719797887,0.9326432319746962,0.9441197798916521
2_71_71449,0.6866726835138387,0.47923611260457216,0.9110650760768626,0.8643206443570812
2_71_71631,0.9516535922866918,0.8611979028756024,0.9720834980059642,0.9179943256219991
2_71_71632,0.9328859060402684,0.8551433014885581,0.9466937848831709,0.9041770432420194
2_71_71768,0.9351145038167938,0.9042788953290146,0.9731952777240178,0.9658562275081191
2_71_71771,0.7060447990181037,0.3661570836170081,0.8648664479850047,0.6952141057934509
2_71_71951,0.9492794950762329,0.8216646431943883,0.9873776712602357,0.9510917030567686
2_72_72069,0.9025665606344503,0.7653443113772455,0.9711770552321454,0.9276654301782936
2_72_72074,0.912189429668887,0.861972580859843,0.9157834281835744,0.8570434177325329
2_72_72102,0.5550363914098302,0.5188507898068138,0.6731526016615653,0.5882559363668265
2_72_72152,0.7585457271364318,0.6003317609247836,0.9320602629306208,0.8930492638731596
2_72_72319,0.908434627013019,0.8980243646484464,0.9561050797480231,0.9482889733840304
2_72_72352,0.929357691862037,0.7804226522616645,0.9631104674551452,0.8570649539505575
2_72_72377,0.8986578604538431,0.6793505834601725,0.9514803159719992,0.8744966100830912
2_72_72453,0.8899412239895261,0.6310753277410108,0.9005244654486773,0.6716701030927835
2_72_72562,0.8978701782614219,0.7016011644832606,0.9547687927630069,0.8515048268029529
2_72_72593,0.9531602708803611,0.8753167764825139,0.9312183417755265,0.8057384087006296
2_72_72714,0.2733412750749856,0.0798761210400671,0.26203148806500765,0.19676180021953896
2_72_72747,0.8190351808015672,0.5642126483984171,0.9388483577042303,0.7749335256208031
2_72_72778,0.3608661209400581,0.41065714418216387,0.3759845772514459,0.4640618165913398
2_72_72940,0.39454374412041393,0.5408171236622139,0.4915283128217366,0.5836628673334884
2_73_73034,0.918989737244341,0.7646896297660711,0.9419201742783786,0.8189302304189854
2_73_73091,0.9449422976044763,0.7820093134768776,0.9656978976130796,0.8883403513866706
2_73_73097,0.0,0.08467959073774906,0.0004328816934331847,0.16622287311942485
2_73_73123,0.771605476584983,0.6104662473250762,0.9059612846458425,0.8951661893604096
2_73_73225,0.8244033872209392,0.7315097375575653,0.9413524292965917,0.9140995260663507
2_73_73260,0.8782287072977422,0.617982587811468,0.976921496564476,0.8882059878009033
2_73_73453,0.7261291526689063,0.38036452004860266,0.7620966194697056,0.5145784862135537
2_73_73493,0.778500237304224,0.41667359667359666,0.9767245537867825,0.8894545454545455
2_73_73494,0.5042887531736774,0.317188315075639,0.5345369688037337,0.3706840774072113
2_73_73629,0.8706611570247934,0.8373308251032032,0.8946469248291572,0.9123556581986143
2_73_73776,0.8378181818181818,0.7281524401170778,0.9444490369513102,0.9084224598930482
2_73_73838,0.9413319994283265,0.7943543343201435,0.8930987821380244,0.6681317826442102
2_73_73901,0.519379337436166,0.19325237650420352,0.7964681233163723,0.6695278969957081
2_74_74023,0.8653745141296355,0.7208619000979432,0.9537205614612086,0.9104861064160639
2_74_74056,0.3472854511970534,0.04931448933985626,0.34810547307777534,0.19449070023425813
2_74_74096,0.9469431195553628,0.8325445941026575,0.983085723692333,0.9432986358052629
2_74_74102,0.8226731679334576,0.6692992874109264,0.9491985412602832,0.8063191848104978
2_74_74124,0.7922166029357346,0.6134669589727529,0.8605435295704363,0.7579488567176296
2_74_74166,0.8235601001669449,0.7253918994191135,0.9099605404759058,0.8909364755913883
2_74_74171,0.8516172057352451,0.6629410825482995,0.9416548133437106,0.866205725376031
2_74_74172,0.8563333475352563,0.5884500497842682,0.9407035653973314,0.8177684371417654
2_74_74193,0.92054619159377,0.651886763201141,0.9615373191956993,0.8192914766748509
2_74_74275,0.7034449912684553,0.5690773312371032,0.7545173833485819,0.6196483971044467
2_74_74293,0.48148932703275216,0.4644847122723229,0.5736762039719091,0.6072867736474403
2_74_74294,0.19175234772280167,0.2644698045211314,0.2543132655720615,0.4142281408796215
2_74_74361,0.8551495016611296,0.6529787343597138,0.8937572954044356,0.7967081025206075
2_74_74385,0.9052457877366684,0.7308154506437768,0.9343258268161688,0.899907056552513
2_74_74448,0.7862875916826376,0.325213546808602,0.8271778226160189,0.5508043777286048
2_74_74478,0.1147100461409396,0.09973315543695797,0.08214539297613195,0.07540828650947855
2_74_74515,0.0,0.0,0.0,0.0
2_74_74560,0.8011299435028248,0.711323518076004,0.9417293233082706,0.9237833743609165
2_74_74641,0.5578206380208334,0.274603052849582,0.6411431778848402,0.49558592332809287
2_74_74722,0.23836206896551723,0.0,0.25904874925829924,0.0
2_74_74783,0.6155274313828635,0.2767158087622855,0.631979991309785,0.37775399161537776
2_74_74876,0.075071474684128,0.0,0.0826849237145237,0.0
2_74_74879,0.42671226054911854,0.272457280592261,0.42306737911297126,0.2523545590931822
2_74_74953,0.7745713551419026,0.5739621489621489,0.8501472754050073,0.7133259056686586
2_74_74979,0.874058913822089,0.8658753398870529,0.9293858934679915,0.9175480369898665
2_75_75089,0.8951783992285439,0.6711409395973155,0.9745381398549574,0.8869777108865476
2_75_75104,0.3777828227648736,0.4870699742569623,0.42767428617912634,0.7050812964125658
2_75_75154,0.42238702323082766,0.41755552477259084,0.49225713444218816,0.45019024558976134
2_75_75169,0.35631194729657545,0.24936670099935973,0.488055442315532,0.2887563884156729
2_75_75231,0.20865530303030302,0.03470530930345835,0.23219712959054453,0.09606555626734999
2_75_75252,0.8469177072067643,0.8039123996570805,0.9411732060602697,0.912589449159594
2_75_75273,0.8137224464452033,0.8093121331281701,0.6404631896064771,0.5645880377511435
2_75_75278,0.26380946120642434,0.3403224640300774,0.27626214383896747,0.3824925027521543
2_75_75430,0.3355000609936741,0.25246045192362604,0.9717263440305438,0.8812855517633674
2_75_75449,0.5843596059113301,0.5432416267942584,0.9252676227024843,0.9521589107525879
2_75_75568,0.5093769890022055,0.28522501377146553,0.5802889290179192,0.3742349457058243
2_75_75665,0.8958448498249493,0.7959550331091833,0.9545705536870639,0.9153308230231307
2_75_75699,0.5836244199989573,0.25179170932641254,0.9083225835149682,0.7775744903293257
2_75_75707,0.9603783421464214,0.8276285285694804,0.9858881910521827,0.9432677194820747
2_75_75723,0.9607712895852463,0.8108083012210409,0.9679269200587537,0.8434331525583588
2_75_75734,0.89793627493308,0.5042798845426495,0.9431500465983225,0.6966911764705882
2_75_75742,0.9033098060714041,0.800600772421685,0.9515408828050655,0.9010304521685635
2_75_75751,0.8796869796869797,0.6091174131990459,0.8827609104659313,0.7028365358738361
2_75_75805,0.9372417945151446,0.8052937998919633,0.9558623414248716,0.8750566413920189
2_75_75818,0.24526362399974697,0.28229227857189476,0.2689796060902361,0.34508883674153534
2_75_75920,0.09801284392229516,0.17248221458645888,0.004492983443313383,0.5170549238917077
2_75_75971,0.7704855553014711,0.7883125269048644,0.8289726818006926,0.7244690674053555
2_75_75986,0.8933194335852662,0.8112699647065861,0.9339787920700784,0.9193699105593379
2_75_75991,0.9026985613348089,0.7814743477499563,0.9276650505776022,0.8008734215782525
2_76_76026,0.7619958318009072,0.35363484087102176,0.9615396911665974,0.8776308621799633
2_76_76032,0.9540311831623323,0.8470191809227579,0.9920495846313603,0.9718594091597063
2_76_76096,0.879464734882785,0.4385657274156488,0.9900806128866274,0.8882534095908491
2_76_76123,0.8791880230504155,0.7571255481190861,0.9525121094121,0.918450747179018
2_76_76149,0.8795284957283444,0.6733093597043253,0.9238642851317185,0.7973730578247638
2_76_76170,0.341503563546905,0.3994666896047482,0.37368757235817796,0.4017303422402573
2_76_76184,0.1461913007444242,0.06847171605133894,0.001413117295595327,0.2828210159145411
2_76_76186,0.6966647779449405,0.3127884995823625,0.7527036464836723,0.5203052859700368
2_76_76256,0.9644370929391088,0.8422969665926812,0.9780992726400767,0.85991074344182
2_76_76257,0.10393501478697713,0.0,0.12082870273030366,0.018467603880271827
2_76_76272,0.09419375,0.0,0.08821732090995571,0.4139545395841405
2_76_76273,0.8697117184575065,0.7806860995439223,0.9311558611656844,0.8845317432479831
2_76_76326,0.8667440199928597,0.8642745709828393,0.9418386491557224,0.9291727140783744
2_76_76343,0.8197290152015863,0.8698725607327757,0.886405747778408,0.9401962599518607
2_76_76407,0.8764209498570332,0.7345200644517763,0.9575265700483092,0.90526493704048
2_76_76631,0.8288830653729018,0.8325272341002576,0.8792318516679083,0.9063930172210427
2_76_76635,0.920515670148922,0.8110066810100781,0.9765810182990424,0.9433424325144071
2_76_76639,0.8655163743792822,0.6152554131522255,0.7034775683567825,0.5028195488721805
2_76_76750,0.8894203175817869,0.8893374697207939,0.9706769554542266,0.9758879260024247
2_76_76795,0.8616863327342346,0.7458337458337458,0.8952912019826518,0.79709557581898
2_76_76819,0.9387069938796125,0.8201763913629057,0.9532849895739317,0.8627468744337742
2_76_76831,0.748475778738499,0.7454267278653629,0.9166894664842681,0.9047944166287362
2_76_76847,0.4148761361981821,0.2515860735009671,0.3912757734486885,0.13071727059362298
2_76_76874,0.8304866755839078,0.3698442215651008,0.9547190832404903,0.7610848389313286
2_76_76880,0.7714870559903673,0.4956913694816386,0.9025250595255593,0.7615768526122939
2_76_76889,0.646608179908563,0.4225481209899175,0.8220802919708029,0.7622018097066082
2_76_76897,0.33969313935924955,0.031053459119496855,0.40418922428431586,0.08659407283315385
2_76_76940,0.8049193128578865,0.8542513058618688,0.9096209912536443,0.9474221942785288
2_76_76952,0.7355671711655485,0.6288655258874764,0.9682531435103399,0.957494195138132
2_76_76957,0.8173710740597131,0.5531221719457013,0.8606591058514136,0.6378102189781022
2_76_76961,0.2873179847898876,0.04849948700410397,0.3388472950328224,0.19531625448227422
2_77_77008,0.35309199318568996,0.0002248538450007495,0.33110426822617317,0.0
2_77_77023,0.3757734629804615,0.0,0.9930449110974862,0.7885213689209104
2_77_77055,0.6309654768870685,0.12057633973710818,0.8185710381684025,0.4451876625789669
2_77_77058,0.21647836956865724,0.0,0.0008978943186332936,0.652807407743634
2_77_77109,0.9055823569951758,0.7473804481105786,0.9833302066303969,0.9327332733273327
2_77_77133,0.8923741809563641,0.6772202415793115,0.9431678522215188,0.8264597795018375
2_77_77153,0.8627567140600316,0.7475375388521648,0.8793249840798132,0.8116894812680115
2_77_77162,0.933462154534591,0.8169642857142857,0.9780813732413494,0.9326545680643532
2_77_77167,0.882937580571381,0.7448695095753919,0.9467864235421556,0.8938988095238095
2_77_77181,0.7562565172054223,0.6177389378781288,0.7985295292895389,0.6590569315931957
2_77_77435,0.9105143377332726,0.9241245136186771,0.9464668094218416,0.947803007962253
2_77_77513,0.28824521247566526,0.2686491456107536,0.2773806164362086,0.07885994054904703
2_77_77529,0.18999130564193345,0.1017958938751018,0.18047656014829133,0.29053686471009305
2_77_77552,0.424339564344199,0.3619896892852167,0.9466385423211561,0.8602245699430279
2_77_77563,0.8766590637558379,0.7200860580892102,0.9521305833711732,0.8946739975563701
2_77_77691,0.8117474118787728,0.5591917931115185,0.8873100384330594,0.7873827208756842
2_77_77805,0.8407769007062734,0.8280321639268544,0.9573863636363636,0.9552101349985399
2_78_78096,0.32550001508341125,0.28618034712253687,0.38223910804956857,0.31853070175438597
2_78_78222,0.9132104245527083,0.8379197009731263,0.9202159740371636,0.8640300702729204
2_78_78261,0.8615288870449124,0.6944495328814801,0.9489812289427242,0.8760173273825151
2_78_78416,0.8709677419354839,0.719828304717453,0.9286214712548939,0.8451246252293373
2_78_78470,0.8913420987348053,0.8658051689860835,0.9078538102643857,0.889720261882493
2_78_78523,0.849956634865568,0.662021612538749,0.9124691458485908,0.7810288169868554
2_78_78545,0.1402319564193071,0.0,0.14201639165850433,0.0
2_78_78560,0.9134793557276571,0.7733973828060294,0.9572167017966476,0.8875200284849564
2_78_78606,0.8636447336115886,0.700584556824361,0.930724994182761,0.8481775426219871
2_78_78635,0.7491089709562447,0.6018112308849336,0.8837301587301587,0.8376452247503805
2_78_78641,0.7506910145452897,0.5865936758288033,0.8027410377640792,0.7462063906844543
2_78_78656,0.7813172507239831,0.41800076599004216,0.8505382512739176,0.6057374968266057
2_78_78661,0.19538853121724808,0.19641212657015508,0.1953161386704161,0.15135308901747618
2_78_78701,0.2779588416053636,0.35065627685105627,0.2872175494708058,0.3591910418083826
2_78_78705,0.5439217788814267,0.25706010137581464,0.9741436690389637,0.932196424902404
2_78_78706,0.8181853597724882,0.6819530910670334,0.9402178806158279,0.9017506544502618
2_78_78716,0.778618412500325,0.4217785961171948,0.8053075799383217,0.5000886870765192
2_78_78784,0.9331352154531947,0.8534332952683581,0.9474473067915691,0.8863302054273395
2_78_78817,0.15959781011013358,0.11480505439556726,0.21936811957397298,0.18631618937351882
2_78_78867,0.9337792642140468,0.8796248582912501,0.963625730994152,0.9276554819405856
2_78_78986,0.7610419649741161,0.6023383301799835,0.8527259542487969,0.7736614386154678
2_78_78993,0.8648566988950276,0.546017832854768,0.9659606279591328,0.8247502583534275
2_79_79121,0.7144483229625133,0.5665268366139615,0.9181099969614099,0.9049226524202307
2_79_79244,0.9000556792873051,0.8427947598253275,0.9579918654768409,0.931481289520058
2_79_79248,0.6227967097532315,0.5526092568688917,0.7018652002675188,0.6929947223600523
2_79_79255,0.5788894626939398,0.39622335245103346,0.9033315632719968,0.6393771626297577
2_79_79293,0.8320424339230282,0.6558939426337173,0.9402061855670103,0.8773475455006888
2_79_79319,0.9258868628683853,0.7035636483209339,0.949834179925276,0.7940688329839273
2_79_79323,0.9349638116145851,0.7960798700277764,0.9840355736987899,0.9475136533486634
2_79_79327,0.326714188730482,0.33489324363849077,0.882392137264701,0.9195639363582793
2_79_79407,0.7873022978215458,0.40787017834923267,0.9401444788441693,0.8052719899314781
2_79_79409,0.8993012170854736,0.8262534109884739,0.9455118583008105,0.9066893907115466
2_79_79424,0.8847974252177205,0.6531852812449344,0.9530697355223565,0.8775029446407538
2_79_79584,0.9388807785888078,0.8301008533747091,0.981829318089016,0.9463705571449352
2_79_79609,0.8373282712911425,0.5421945104249142,0.8718896875863976,0.6726179073598713
2_79_79621,0.8462532299741602,0.7411177354466579,0.9518482802957249,0.9305070656691604
2_79_79705,0.9283693224125094,0.8396830565505264,0.9708206046560623,0.9169880835875885
2_79_79799,0.9096488639716731,0.860728952772074,0.8492783241793332,0.7929420753545676
2_79_79889,0.8790763264586638,0.8533070702882024,0.7983504543658633,0.7184116796558169
2_79_79959,0.8839025932953827,0.7928668500778945,0.9396166244930501,0.9289680782202842
2_80_80006,0.9838462988958495,0.8186618265819652,0.9919370279757472,0.8530762167125804
2_80_80028,0.9656668655421164,0.9108675272229033,0.9821618296706369,0.9528974739970282
2_80_80209,0.2647253166559641,0.16602218521550144,0.008581668133998523,0.3724345757335448
2_80_80262,0.24651787444964418,0.0272674326256155,0.237025520051469,0.09637011748167487
2_80_80272,0.19009462108942118,0.055294305538303196,0.24866051495758298,0.10038597246840161
2_80_80321,0.6990866751345793,0.47706708268330733,0.8247351618052532,0.6153078115557424
2_80_80333,0.5256227811315667,0.10556450848421652,0.5770009291213167,0.29873112901731963
2_80_80334,0.18976302584381557,0.0,0.18694161348699875,0.0
2_80_80398,0.81064465132619,0.4953743265836894,0.8741880880210998,0.5660069214916204
2_80_80504,0.7215060774773872,0.5190499272903538,0.7583264765856974,0.651933510730207
2_80_80528,0.8801741284197095,0.5394751250136877,0.9548787129749885,0.7235710189256356
2_80_80552,0.9363046224894349,0.8018555334658715,0.9652477705249609,0.8892512762336926
2_80_80562,0.8974573736165121,0.7684239020098802,0.9245681381957773,0.8286338643733259
2_80_80567,0.9112987012987013,0.8347874859778138,0.9590470148727709,0.9333596994265375
2_80_80595,0.9378113910892864,0.8502202643171806,0.9792086358280436,0.9496647866340321
2_80_80715,0.9671331540320007,0.8452792093937623,0.9743511593557311,0.8707756678467976
2_80_80829,0.8424682194588307,0.5734816149116968,0.8428724005779984,0.6006754583467353
2_80_80834,0.9786448851055455,0.7918991025951977,0.9739234688780098,0.6688022284122562
2_80_80887,0.957948948723718,0.8413690889722569,0.9839388741618588,0.9415058199499042
2_80_80949,0.9192372771052975,0.687949564187188,0.952981362187937,0.8124804013797429
2_81_81003,0.7966224844775199,0.4244378376114903,0.8962092707773427,0.6122959896008858
2_81_81295,0.9413741598207618,0.8068745417690948,0.965232586165341,0.8764792569106418
2_81_81304,0.8179465328409558,0.5349555490629826,0.8858170606372046,0.6813943875442061
2_81_81442,0.7802556556924775,0.4386520737327189,0.8446207036811063,0.581166749768502
2_81_81531,0.8284726853816771,0.6191971548560402,0.8952134105291504,0.7825670080627588
2_81_81637,0.5585656822635542,0.2833519063917854,0.8247713962806945,0.5037840394621258
2_81_81639,0.6823747027217476,0.4647060669784376,0.8237313592962129,0.6359995631120982
2_81_81675,0.8848674969566439,0.7014694064975319,0.9422937208095485,0.8704199066874028
2_81_81676,0.8450127154563436,0.7376710306132493,0.9545823195458232,0.9423692636072573
2_81_81718,0.8584958217270195,0.7916832132523969,0.953739157615066,0.936906584992343
2_81_81784,0.8896604349484929,0.6599305582647369,0.9616747272522775,0.8614508739936841
2_81_81827,0.8514047567722929,0.8651242812514148,0.9295154185022027,0.9421352893235534
2_81_81838,0.7347737860470434,0.5928104575163399,0.9513361676283024,0.8901014806188654
2_81_81862,0.7092637822749477,0.49458753266144084,0.8936145689257723,0.7747529548537105
2_81_81973,0.6494148673149827,0.7696885101381135,0.8594914511179307,0.9211267605633803
2_81_81988,0.7555190230155002,0.5565921787709497,0.7963892374180956,0.5724649907204319
2_81_81996,0.9365201852002274,0.8656394885964501,0.9480403800475059,0.8613385790749806
2_82_82045,0.6738176922742867,0.6192217781464444,0.7172527047913446,0.7571239098106989
2_82_82074,0.8447956403269755,0.8372093023255814,0.9235852457046738,0.9313852979423238
2_82_82130,0.8277921619395081,0.5116069340993353,0.9604400995129472,0.8877871588454742
2_82_82198,0.7405578780452645,0.5227292110874201,0.8173435514937912,0.639681338733366
2_82_82204,0.9508818373698709,0.844973872000899,0.9774461275075366,0.9102324792126252
2_82_82220,0.8430416447021613,0.7302132766050292,0.9504606554901073,0.9235738040419544
2_82_82287,0.9654705085145248,0.873292331138083,0.9882962918043722,0.9581252837040399
2_82_82301,0.5239255605557411,0.2622000491866634,0.708172475667446,0.6699606735908037
2_82_82346,0.7329466357308585,0.5921364714468162,0.5635277582572031,0.5503027480204937
2_82_82348,0.9205332409972299,0.7956469165659008,0.9679947268199794,0.9158193779904307
2_82_82372,0.8925551375418493,0.7131660808790854,0.9366404353901596,0.8108322674546817
2_82_82411,0.8496818915582566,0.7684006211180124,0.8222319762975968,0.7431793681068082
2_82_82528,0.8804556887113478,0.8586594387034842,0.9702322538436375,0.9608769379844961
2_82_82695,0.6336580533311318,0.43616627148784826,0.7457477574628695,0.5208032128514056
2_82_82757,0.7660753421825249,0.5365645494564729,0.8397261516140733,0.6415305328665889
2_82_82947,0.9150469469529334,0.7425068646788103,0.9457949857188194,0.852016278209397
2_83_83048,0.8799458088720603,0.6861886620799454,0.9336332128899049,0.8348951911220716
2_83_83133,0.6644209175489253,0.3286965023776721,0.9493903069132996,0.7377808540091577
2_83_83230,0.7907904485097168,0.7259314390788494,0.8783044058744993,0.8349723567689221
2_83_83262,0.8069100710610144,0.7450523042126096,0.8549130370150141,0.8491685533609181
2_83_83356,0.8787018415552664,0.7008416596938525,0.9363205514864282,0.8473830973830974
2_83_83493,0.879058618435389,0.6380253085455397,0.9610143674611996,0.8841887114470316
2_83_83591,0.8536878216123499,0.625968422084927,0.9417991999219436,0.8881559398585607
2_83_83593,0.014007704237330531,0.11372033314546935,0.043304928489559975,0.13139952894508491
2_83_83604,0.6535960748334596,0.5464898239195061,0.6926010344525292,0.6143441479966534
2_83_83713,0.9204401874872631,0.8414483087184373,0.9579096408804222,0.9239632480754905
2_83_83714,0.9145596291613991,0.8162549886743609,0.9634125588518918,0.9420030230084532
2_83_83786,0.10761341557931393,0.03816046966731898,0.1119591751074194,0.034870389530494116
2_83_83792,0.946047678795483,0.7863695937090432,0.9824454343890482,0.9207177298237293
2_83_83872,0.9652772157021449,0.8942714340638216,0.9872768229601201,0.9103218086781284
2_83_83877,0.9391236083357123,0.779303330790745,0.9879682696322162,0.9246850527749404
2_84_84012,0.9283989050507219,0.8406245967221577,0.9258330959840502,0.806763862332696
2_84_84202,0.8601439408675355,0.7113447218572054,0.9057905997653393,0.8119704624951418
2_84_84204,0.6688607356028972,0.3754986192083461,0.6635275791262479,0.5816264449401745
2_84_84233,0.9260187915024936,0.7930033550721906,0.9806869468378172,0.9527407891512132
2_84_84240,0.9206366304903993,0.8211526139233349,0.9492034436404199,0.8873189823874755
2_84_84305,0.7980039716889862,0.5515843379921049,0.9016060764190874,0.7309414398491811
2_84_84342,0.8704887048870489,0.7926316657051018,0.9386533176285826,0.9053040331833024
2_84_84343,0.6874260419862384,0.40180553500073996,0.882831938475458,0.6660082397426491
2_84_84392,0.18437444385121907,0.3765099963074326,0.31549759278444756,0.3814374646293152
2_84_84466,0.9036540947009752,0.7949690556997404,0.9599090851695182,0.8981892722924496
2_84_84496,0.8150789947336844,0.768739949162214,0.9264309497383859,0.8978089792221027
2_84_84564,0.6170880187149427,0.5552773547404558,0.8741270509045015,0.8581759344868577
2_84_84574,0.8021758220314177,0.38925612739837745,0.9412400086411752,0.8193939973236475
2_84_84979,0.32605385329619313,0.20557313214894135,0.33369542431345645,0.19626266062969458
2_85_85029,0.8956859746383738,0.8523761936486787,0.9490480756060814,0.9463993453355155
2_85_85032,0.8364770190160905,0.863929327984856,0.9418348462148586,0.9605685911790478
2_85_85111,0.0,0.0,0.0,0.0
2_85_85210,0.15864740056606585,0.21879315690087653,0.841692789968652,0.8898329355608592
2_85_85288,0.6095492456189673,0.33998089994944103,0.7004315609478056,0.45835650293481617
2_85_85416,0.916341415336093,0.8313590625398039,0.9315435118972943,0.8691452367664105
2_85_85496,0.2328872211799041,0.0,0.00411015905636183,0.4685561567902864
2_85_85551,0.2980656092624841,0.28234735373564074,0.26157822335236985,0.3138356990886285
2_85_85617,0.8000808921245739,0.7345030243232809,0.9232252535352092,0.9032207873035631
2_85_85861,0.901012891344383,0.8367702125415326,0.9567090890870829,0.9676818646002283
2_85_85878,0.7582062940180084,0.359664713755952,0.9652044097381718,0.8795509164604183
2_85_85925,0.8439883992182082,0.5821957236842106,0.9770640510343301,0.942648285335819
2_85_85947,0.9072352360671064,0.7998031040074125,0.9593197732577526,0.9042752087747725
2_85_85964,0.9337391063770922,0.7895936703768272,0.9847624650683924,0.9466016953454139
2_86_86008,0.9500959692898272,0.8206745142002989,0.9866611547471407,0.9280435628160248
2_86_86011,0.8990825688073395,0.8317951603826674,0.9267221451687471,0.8958930276981852
2_86_86020,0.9303538668965364,0.7279572391354868,0.9691554237008783,0.872313279026401
2_86_86173,0.884247089748404,0.8014724549378015,0.911182840483132,0.8639593908629442
2_86_86179,0.857601576905958,0.60251583469903,0.9578520697324054,0.8786214045089401
2_86_86180,0.856877834272365,0.6179054054054054,0.9301674921547128,0.8022139498432602
2_86_86185,0.713280801859735,0.396275271387312,0.8930301758669362,0.7664388404430827
2_86_86190,0.8809394882902396,0.8459210985686023,0.9449903230608903,0.8995712691607447
2_86_86206,0.9267385194022607,0.7886448404475757,0.9545454545454546,0.8541755537325677
2_86_86299,0.7485974222896133,0.8253743574461745,0.9581450186677147,0.9630134651440259
2_86_86300,0.7688537707541508,0.6736495071946152,0.9445384470765181,0.9450218056973184
2_86_86311,0.7439468537128212,0.6492346515257164,0.8372945750132532,0.785200300719579
2_86_86324,0.9280781897375969,0.8442397999634079,0.9374375485733318,0.8638772837812558
2_86_86425,0.9004242281404666,0.8096563981042654,0.9674949717770713,0.9319637308984846
2_86_86449,0.9108249366883991,0.7476956443159226,0.9514883919669562,0.8571973598870704
2_86_86516,0.607893175074184,0.21956779713946661,0.9074254790631654,0.7560800353747513
2_86_86534,0.799071799071799,0.5853645940921297,0.8708105180817137,0.6870080922292429
2_86_86575,0.20490712167967567,0.20373337831379495,0.2185105830411635,0.23355528350900243
2_86_86600,0.8912601166523488,0.876743175443448,0.96776585751718,0.9651782739086971
2_86_86610,0.8862419510814444,0.823406682059699,0.9746005308905429,0.9297016339775436
2_86_86682,0.8235716565592084,0.8357936860827034,0.8448196328074545,0.8773264437108272
2_86_86808,0.28226919856053234,0.17406170966110268,0.21826165025390679,0.38852045030799365
2_86_86828,0.04328978970183352,0.1564282249836932,0.0,0.5222859050692783
2_86_86832,0.41232664017474147,0.3850872256612268,0.38410506667866057,0.4385251994647901
2_86_86904,0.9095115326182036,0.7302949590608662,0.8670652146950115,0.7084864013830149
2_86_86945,0.8162459162459162,0.667420814479638,0.8632265792459968,0.7084862073651311
2_86_86999,0.9309152765583846,0.8279937992507428,0.9913323572474377,0.9763000139411683
2_87_87077,0.8502818871603578,0.6647793830534947,0.9253231656281968,0.8222173507973913
2_87_87675,0.8739081919273539,0.7404832410626153,0.9405823935364417,0.8655576382380507
2_87_87881,0.9506800179345389,0.8299603308007799,0.9837361952435675,0.9439500833126528
2_87_87900,0.6122376071745343,0.5187659357470679,0.6418430461674974,0.6447636511817441
2_87_87983,0.8355497139322715,0.7187560738581147,0.9645511463447592,0.9522672126175311
2_88_88065,0.7672377025874325,0.6238575667655787,0.7967443249701314,0.6958310308835267
2_88_88159,0.9492433699722924,0.8442820089601509,0.9722380500158277,0.9092973808833479
2_88_88163,0.9050700724296061,0.7239350691796492,0.958667034889073,0.8423970744367111
2_88_88168,0.3028533930713009,0.07801075593691462,0.323470399110402,0.13081554460864805
2_88_88198,0.8544788212709731,0.6227778580719757,0.9065381155835395,0.718453773236489
2_88_88294,0.8539443597560976,0.6239364950132302,0.9682037316453833,0.9146926318849005
2_88_88308,0.8966064649718164,0.6445038948776458,0.9870914865280197,0.952962650940747
2_88_88416,0.693462783171521,0.8501818438614456,0.5452834627146553,0.6321403866457931
2_88_88528,0.8767619569519286,0.7428308070462925,0.9264300654028751,0.8474418271126887
2_88_88618,0.9537265097609925,0.7584664885204777,0.9758378799688231,0.8101145541888825
2_88_88645,0.8582548949521427,0.6301101461554756,0.9504506524371105,0.8805039138943248
2_88_88911,0.7616301798279906,0.5143054383677227,0.9836874051593323,0.9683447496176099
2_89_89063,0.5174509612092159,0.22490486438721263,0.9588246088911319,0.8608891209188386
2_89_89079,0.957189106836793,0.8498331479421579,0.9732242173843954,0.9044269755895739
2_89_89090,0.8863419024582325,0.7120652807460657,0.9359594563464639,0.8415079572136708
2_89_89100,0.5924213196628174,0.42071015424164526,0.6503803054055624,0.5007285679592002
2_89_89169,0.8569512260556956,0.7547489823609227,0.9217530272297006,0.8790393238159048
2_89_89210,0.9214585043418153,0.8488618867296409,0.9174966414971973,0.8460628090789974
2_89_89214,0.32368516880819853,0.0,0.29381413911060433,0.11719489120151372
2_89_89218,0.8993230297611444,0.849815216006117,0.9628587972537017,0.9328825191764231
2_89_89250,0.9402828706128863,0.7892085716725007,0.9816423938318444,0.9053377094489549
2_89_89272,0.5810321111094676,0.3240992044922789,0.6313211329539575,0.4350102224149681
2_89_89273,0.8325106698830952,0.6328142837572492,0.9716853540421447,0.9245455063543626
2_89_89281,0.8199485567304944,0.4877126654064272,0.8921768174938678,0.679811320754717
2_89_89283,0.9498576204036152,0.8618774842179098,0.9862304139508784,0.9484504259785159
2_89_89299,0.8426582969432315,0.6315534568349679,0.950458235140089,0.8433609958506224
2_89_89301,0.9177503250975293,0.788704390348756,0.9653332176327664,0.9105979192866126
2_89_89348,0.8643760292516817,0.694951907559228,0.9324054425165398,0.8744830003505082
2_89_89429,0.888846665399962,0.8355426677713339,0.9403046947870246,0.9091369456702597
2_89_89433,0.8122721749696233,0.8501732238621802,0.8315076511413998,0.8682722308892356
2_89_89460,0.9066671948659034,0.6353971548625525,0.9532329870680517,0.8098279592046976
2_89_89464,0.8784351334369522,0.7526412819967383,0.9399062056930964,0.8967387210966333
2_89_89493,0.94359135067377,0.8171416327405185,0.9590193124229558,0.7890489913544668
2_89_89660,0.5767731878409976,0.24282771441491233,0.6727703576044808,0.4527866790452517
2_89_89673,0.9131725508476656,0.7134126197555335,0.9601683851543975,0.8050864951901243
2_89_89688,0.21732638635105928,0.07905749636098981,0.20053004384908207,0.0985889959815089
2_89_89851,0.9295901787326232,0.8661479279594335,0.9871252882398155,0.9687880776080232
2_89_89895,0.8510988129611806,0.7828282828282829,0.9420809611332766,0.9191691213036992
2_89_89905,0.20225569601090002,0.3017495534657514,0.0,0.1728660723434778
2_89_89940,0.0,0.0,0.0,0.0
2_89_89952,0.8646933470716344,0.6214129591764789,0.934925021751369,0.8037383177570093
2_89_89954,0.8651969033995288,0.6420368450434644,0.9339668468030846,0.7973832780715118
2_89_89955,0.9108448481334751,0.6929242807385848,0.9617343427391604,0.8023323002573935
2_89_89991,0.8577885569396979,0.8351851851851851,0.9516235371682874,0.9468977935117648
2_89_89997,0.8880837359098228,0.8296129086196806,0.9551479579359257,0.9362482868384986
2_90_90039,0.8032293713163065,0.7421558466032224,0.9206627253485147,0.8796503460117592
2_90_90079,0.331451252236136,0.2264497262319562,0.9053098799934243,0.9004650242406254
2_90_90119,0.6500526216369377,0.14424799904431967,0.9506401735115091,0.7506873527101335
2_90_90135,0.7772168568920106,0.6782470573860628,0.8325045977794429,0.7817514015078291
2_90_90287,0.8926382529059528,0.7359378372544787,0.922724586288416,0.802664633052216
2_90_90306,0.8671607225567393,0.6994593389443174,0.9111308817714512,0.7994028395588325
2_90_90342,0.7570713442676326,0.5614048719841486,0.8965535275351707,0.8408837637482436
2_90_90354,0.870166379804934,0.7825772200772201,0.9619947972844363,0.9562742699079738
2_90_90390,0.8781888765647282,0.8490559937928359,0.9268700914123857,0.9240523542410335
2_90_90392,0.9430850185233253,0.7563182369591589,0.9831110666299697,0.9227472651404083
2_90_90393,0.11854143479655166,0.02692797960484385,0.12095827963607686,0.019693020561830293
2_90_90407,0.8237322893363161,0.8152912944940675,0.9418667240822478,0.9429599177800617
2_90_90434,0.9208695897045985,0.694150992012368,0.9580809738341737,0.8562332106258084
2_90_90503,0.8345409598499701,0.6448945531785768,0.8708217913204063,0.7269509523006911
2_90_90567,0.8945150911597978,0.878956372968349,0.9387315780758404,0.9368573175476628
2_90_90626,0.899272626829942,0.7447175152833053,0.8882320279583238,0.7530813475760065
2_90_90635,0.20358237255997427,0.1285700617136296,0.27353827186340535,0.3303003895837605
2_90_90658,0.8521117436780088,0.7515030799306555,0.9386889083991806,0.9100099502487562
2_90_90674,0.9432909218640231,0.8131382113821138,0.8862399173520881,0.6213721724285105
2_90_90726,0.8542191753200927,0.8066223607598659,0.9693522173206408,0.9746166394779772
2_90_90771,0.6995870441315488,0.45901289386047306,0.7273305084745763,0.7077685088633994
2_90_90800,0.7836620790258134,0.5824536944831706,0.8185641976188779,0.6493118531953483
2_90_90859,0.37451005183967634,0.11771486842980336,0.3406632606094081,0.11040366471243354
2_90_90887,0.199536126942822,0.0,0.20621464797790087,0.0
2_91_91016,0.4143689755660166,0.07445108599159614,0.37216693511274734,0.0421839171344983
2_91_91042,0.9082197614991482,0.8377404431458485,0.9476760845893748,0.9022277227722773
2_91_91073,0.8568392216134517,0.7838488748400693,0.8986827210044253,0.8689477081988379
2_91_91116,0.8552332391648867,0.6104790132899894,0.9191724444774017,0.781278080236799
2_91_91198,0.2528807658833768,0.13937616539039446,0.0007186175678489157,0.5376890313000664
2_91_91391,0.9258308818927208,0.7958586540625703,0.950595238095238,0.8834921610820781
2_91_91457,0.9467000926481007,0.8714744994885284,0.9873757568833543,0.9718928076389959
2_91_91491,0.8094028995003686,0.7466423478693417,0.934041089157574,0.914289265958108
2_91_91603,0.3946979729041459,0.15686029043565347,0.6007712284567561,0.3551782782078349
2_91_91635,0.10890318076236255,0.08963700234192037,0.1236345346808544,0.09022794094401063
2_91_91646,0.6973522621211377,0.3225473048179361,0.9706653782440641,0.9788518178745594
2_91_91670,0.6782155982033483,0.2842301312458167,0.9522918615528532,0.8335841419749883
2_91_91717,0.83911249149081,0.49277671553006164,0.9761645431748525,0.9131875719217492
2_91_91732,0.8593723301247366,0.71225913228514,0.9627025971489943,0.9191231533800803
2_91_91853,0.8902654867256637,0.6818613960470353,0.9649303996407723,0.9177538595346815
2_91_91953,0.021148431873240357,0.01645376284365454,0.03444610745970803,0.016193595342066956
2_92_92067,0.6311689617046939,0.48434367676539514,0.8145778364116095,0.6494395108458291
2_92_92133,0.9605323718932188,0.8190573201222335,0.9854436689930209,0.9608384186786946
2_92_92143,0.8306413426632293,0.5802622169249106,0.8795090898663761,0.6899529844644318
2_92_92154,0.8462182236635631,0.8265685148916053,0.9337048647393476,0.9264056733482886
2_92_92179,0.9208589442583164,0.7917671702424781,0.9273828801161427,0.8506452825460469
2_92_92216,0.14055764945963392,0.18558781707261135,0.09536498349395271,0.18360732326919146
2_92_92253,0.37006050129645635,0.42905921466439034,0.38327272727272726,0.562609999348152
2_92_92269,0.9475814511293225,0.8675121951219512,0.9150666246983528,0.7979549094493039
2_92_92287,0.47417116422513494,0.26971523161679123,0.44380426519425437,0.36720264838023176
2_92_92300,0.9139495493315589,0.6717408769926847,0.9502021842264463,0.722475921620724
2_92_92306,0.17350875839185123,0.21947166491532466,0.16703682709016737,0.19665004192964647
2_92_92312,0.5050640264693254,0.19995069793239453,0.9523947330342931,0.8747661711135177
2_92_92517,0.9529643842372124,0.7991232342912811,0.9829689595553186,0.9251944943147815
2_92_92558,0.9441746450210443,0.7854505494505495,0.9870483980913429,0.941948658109685
2_92_92577,0.6031031843588376,0.33110797278212867,0.6426190893828151,0.36680935133355286
2_92_92678,0.4669816756943644,0.3414085593111425,0.5018032583012063,0.40060341937646665
2_92_92683,0.8704299744161096,0.8160143412010756,0.930317070954847,0.9065077319587629
2_92_92684,0.47868826041414875,0.31828028661889685,0.20207557211282598,0.1541209934785625
2_92_92712,0.6573331127471255,0.6043443974478457,0.6868713146028442,0.6727180306441072
2_92_92797,0.815445321307779,0.7228825805248683,0.9422871630637843,0.9219808954586691
2_92_92836,0.8112975168097997,0.6679832140212293,0.8782158127400537,0.734391232079784
2_92_92852,0.89364340046242,0.7563420932705454,0.9401636123316544,0.8711704025440161
2_92_92860,0.3432208860068124,0.02051376339567136,0.32007264221805976,0.21037805782060787
2_92_92935,0.9511323482171539,0.7566160946629351,0.9927954497577417,0.9614681946520511
2_92_92937,0.8850248893805309,0.8446471003789096,0.7827637444279346,0.5976805967099214
2_92_92976,0.9661071659134925,0.8591319804473412,0.9906196191308371,0.9583617032420259
2_93_93105,0.746326071922545,0.7133595818342271,0.758096972019931,0.7115021550956435
2_93_93142,0.9032042723631508,0.8101031166724597,0.9710661749807513,0.9431231485399916
2_93_93275,0.7734252993232691,0.5454823621978406,0.948018991486575,0.9204801200300075
2_93_93311,0.20233286586441163,0.0,0.23216419348622086,0.0007004640574380527
2_93_93335,0.7426080115387137,0.564090655768159,0.854110859262312,0.7259278400465131
2_93_93337,0.9258523095536447,0.7834564611844496,0.9813231011048957,0.9373998932194341
2_93_93365,0.8356844413188268,0.8012370143517684,0.9524491549699227,0.9177902005919105
2_93_93375,0.5754669048022294,0.3641631114197837,0.6747440833531011,0.45803838127582963
2_93_93399,0.7740574742947535,0.6990645822655048,0.8042143059623925,0.757468422107866
2_93_93506,0.7733852535342419,0.8361264474519959,0.8977870397935893,0.9377586839209934
2_93_93515,0.9435244999858953,0.7937453855078578,0.9774504615746458,0.9106757524134015
2_93_93571,0.6343925296429411,0.21646966278179147,0.9490460800667223,0.7518328952828883
2_93_93663,0.5619141769185706,0.4029424908047162,0.6076796665197002,0.4366943866943867
2_93_93686,0.8777499727994778,0.7383224390476645,0.8820877069646796,0.81105102280743
2_93_93781,0.3035898898434993,0.021301370926423327,0.24660707735670573,0.01212989493791786
2_93_93790,0.9280298397945457,0.846967817266292,0.9808364625145669,0.9642415817114612
2_93_93798,0.19526824391869377,0.05540217191238726,0.19225474269666015,0.07976798373903128
2_93_93890,0.9662047342093296,0.8215088938867308,0.9705638271906273,0.8340772264895163
2_93_93933,0.9164457990988604,0.8467861997540294,0.9738944365192582,0.9573183573183573
2_93_93961,0.9338636784853799,0.5345670960378281,0.9825192258298457,0.7288706958824945
2_93_93978,0.8552651829962754,0.5604197067611701,0.9572744760554824,0.8548207093988064
2_93_93981,0.8867654706188247,0.8302940866448825,0.967439215128679,0.9338644974370404
2_93_93988,0.8690131295074893,0.7908713692946058,0.966726618705036,0.9191006282376282
2_94_94015,0.920804294908133,0.7738263147289945,0.9826461097167444,0.952156034674372
2_94_94088,0.14846848078763844,0.3596217105263158,0.18137747773628268,0.3844819937895713
2_94_94130,0.935048115086273,0.7886331122382625,0.9775448218919557,0.9264917275007751
3_100_100061,0.9519009577983186,0.8151901901901902,0.9558919483231111,0.8658665959421827
3_100_100070,0.9149912216118253,0.7802542892156863,0.9744148234500107,0.9401790896277257
3_100_100074,0.7113870381586918,0.7102756039469207,0.8913978494623656,0.88130726104198
3_100_100139,0.8337621799468511,0.5786068903264631,0.9791058302285772,0.9332681154356789
3_100_100159,0.9281093616501892,0.7204269049391908,0.9791497922817652,0.8366209470266078
3_100_100170,0.9297819218277028,0.8055670037726278,0.9730964703688162,0.9243725122536925
3_100_100376,0.41108840061318347,0.5478394384733494,0.44462706425608517,0.7209396987846718
3_100_100391,0.8251990308065075,0.6047673711931933,0.8934463395068187,0.7560465810689758
3_100_100396,0.9359850839030454,0.8223408799658266,0.9537733305371641,0.8681704480624918
3_100_100461,0.7370910090734122,0.44402096236303,0.9108348134991119,0.8361307420494699
3_100_100465,0.9182097132578563,0.792837316363144,0.9569555302166477,0.8739409121049142
3_100_100486,0.9026190354159193,0.7605894402960418,0.9452510917030568,0.8410068391736586
3_100_100517,0.9195964153662969,0.7888701517706577,0.9581832733093237,0.890116858411088
3_100_100631,0.8572681660292621,0.6430215242994449,0.9216443425445476,0.8233718991562674
3_100_100633,0.9317264162486235,0.7970823077384883,0.9611232959188062,0.8783435080873561
3_100_100791,0.6596984924623116,0.3867457392906495,0.8001138489062373,0.6505368214123696
3_100_100991,0.9196278333168366,0.893431138218083,0.9708083043524081,0.9562037588230292
3_101_101034,0.8477189870923244,0.540220037875372,0.9719064307490669,0.8962466340605595
3_101_101035,0.834705734826952,0.5285853941127485,0.9679012345679012,0.8916681345781222
3_101_101060,0.8995011264885742,0.7880060773974439,0.9773704061047277,0.9573474154564842
3_101_101115,0.9237829752515637,0.7313097794261175,0.9721870592064813,0.9108905307089279
3_101_101314,0.17236625435606787,0.10472488194317618,0.18598304734339466,0.10839833593343734
3_101_101372,0.6299627853290612,0.3951443643995689,0.9838735127970462,0.9580751483190507
3_101_101389,0.3237168102299973,0.102863575599803,0.3332190724299866,0.1281994268208321
3_101_101394,0.20727634271593498,0.07481409830119098,0.19186478954018765,0.13842185268782534
3_101_101403,0.8854476028850233,0.7756006045130023,0.9529900441748533,0.940996255531601
3_101_101415,0.9104702022963368,0.8383696884797546,0.9764359351988218,0.9614867256637168
3_101_101434,0.618867741779263,0.4379936297485563,0.6485430272510294,0.49046588332302615
3_101_101449,0.5284404771435434,0.2462128817794436,0.6900047900367237,0.43660326993660326
3_101_101455,0.01722448979591837,0.7671118530884808,0.003658963946321453,0.54339882206268
3_101_101466,0.9515707021672234,0.7091366303436715,0.9890646290770478,0.932415458937198
3_101_101469,0.13138868927070405,0.2898205720376621,0.08237127684137613,0.1715182472767555
3_101_101470,0.5127711686494052,0.3724362825023599,0.3441028158329243,0.2047609190643759
3_101_101513,0.6585955144702978,0.17786657967705105,0.781569570381529,0.35968611814022444
3_101_101693,0.12392002699015739,0.0,0.1285042819549444,0.0
3_101_101770,0.5557448685054522,0.3879386873409481,0.6009195708669288,0.5039918511177183
3_101_101797,0.4572235673930589,0.6353188024552173,0.6232494279176202,0.785891869828194
3_101_101875,0.903954802259887,0.655498482372169,0.8986628678732153,0.632790247237097
3_101_101902,0.9175114039533705,0.683991374823407,0.9856270703862896,0.9490371613745512
3_102_102105,0.5072618351841028,0.3885320528810177,0.5307812884189821,0.4674315206914778
3_102_102136,0.7389911293525752,0.3340174966352624,0.934748319846386,0.7836089808740645
3_102_102292,0.8697222643800273,0.6208711508972605,0.9226248446787789,0.7400728134789603
3_102_102440,0.9104293821608309,0.7922327566546118,0.9539688395720407,0.8994696239151398
3_102_102445,0.7585034013605442,0.8116969428444838,0.9299700123478568,0.957939354417998
3_102_102510,0.8295475702848631,0.7314481185860889,0.9489162400609955,0.9561161022805805
3_102_102736,0.9505070447814772,0.6651049009038892,0.9901597863267888,0.9392996108949416
3_102_102751,0.5929059067972692,0.7325815399677285,0.43060656200815206,0.2527389147975424
3_102_102768,0.7951451773091079,0.5418420279925614,0.9568582485308872,0.8919989775051125
3_102_102820,0.543501326259947,0.43775722441031995,0.9304220452256706,0.907453661101617
3_102_102824,0.8572783718523629,0.6732663514578409,0.9166344294003869,0.8130876068376068
3_102_102831,0.9389647895146063,0.8917391545237964,0.9737307103310167,0.9649957032368949
3_102_102948,0.8729134446162872,0.8200683043531023,0.9397565504435733,0.9473239165945998
3_102_102983,0.7579171617026507,0.8444623069414939,0.9232042198893313,0.9678378464784679
3_103_103048,0.8900115277683597,0.6880663361258335,0.8659131261096802,0.6858873736878249
3_103_103161,0.915018315018315,0.8427192982456141,0.9616028354829181,0.9311269298326708
3_103_103198,0.9095562380380113,0.8042316847394869,0.9642976309642977,0.8951965065502183
3_103_103222,0.6978849389763361,0.43727128869548015,0.7335483571561165,0.451617784278617
3_103_103262,0.20717001790285114,0.15747336316391436,0.18816766844274127,0.1514064640928508
3_103_103279,0.8143883251624672,0.6630006415543946,0.8986234401132124,0.7890209571473256
3_103_103291,0.9318582732725165,0.8480354505169867,0.9787667560321716,0.9400243309002433
3_103_103299,0.9584474404887298,0.854593572778828,0.9824167397020158,0.9469832493088307
3_103_103319,0.9164782149856777,0.8614888546193747,0.9260196016440089,0.8911307882130933
3_103_103439,0.8450272479564033,0.8044069385841538,0.7240151515151515,0.676808905380334
3_103_103474,0.9081793921807394,0.6742812671671855,0.9309931552454257,0.7488782676550917
3_103_103561,0.7854915916105057,0.6538812061655506,0.8447565831069189,0.7332044367558767
3_103_103660,0.012958403524685759,0.0,0.013923819303634987,0.0
3_103_103713,0.24638681162933815,0.41151762581455603,0.25812717035176863,0.4030235724009458
3_103_103778,0.8696400486661325,0.7121895402840412,0.9699989898649786,0.9299376901898275
3_103_103795,0.2759368712273642,0.033709503928825366,0.12131985201074971,0.2908938781202064
3_103_103946,0.35157954899719424,0.32008252695202394,0.41762114537444933,0.2957733330221486
3_103_103951,0.8664959765910754,0.8102120294244916,0.9353179972936401,0.9184208064365236
3_103_103967,0.35269358999502165,0.17920184190330007,0.4125629472568248,0.22020411988209435
3_103_103969,0.6124579355813474,0.37241582988777316,0.9405112814191543,0.8978301480097716
3_103_103970,0.9606776499844576,0.9126562627665659,0.9389045509464358,0.8068745863666446
3_104_104060,0.8284324986599281,0.600489396411093,0.8561254734068829,0.6444172779136105
3_104_104066,0.552900118657081,0.5765177249368522,0.5689783852604159,0.583344584559717
3_104_104094,0.8785026459616553,0.8214446782922429,0.9421132939156971,0.9170554691550026
3_104_104344,0.8385912008041444,0.6984982529179986,0.9140771819413487,0.8150857322636463
3_104_104351,0.353939654079154,0.34417708636231464,0.3635008560781549,0.31448824343015214
3_104_104400,0.8562274589446409,0.5184712073987021,0.9677070828331332,0.8523027688882705
3_104_104428,0.9018150857231317,0.8015873015873016,0.9365144885660035,0.8790632793676291
3_104_104455,0.9656175162504277,0.9125147960830733,0.9684740374425997,0.9154685041506158
3_104_104464,0.9374222958972234,0.8160354156419085,0.9860233631604735,0.9523054808153035
3_104_104507,0.9554980595084088,0.7602626562169031,0.9890646851673996,0.9139327385037749
3_104_104547,0.8571235347159604,0.6963110495323865,0.9057528133488553,0.771860648513244
3_104_104577,0.7266803840877915,0.48736383442265796,0.8322192737899298,0.7585168687618576
3_104_104580,0.10972478621596961,0.0,0.11588454125767558,0.007570170491518806
3_104_104584,0.20727443609022556,0.0,0.001797257732556454,0.4761386537686417
3_104_104639,0.816243691947634,0.671280276816609,0.3152432052071422,0.4968991772074174
3_104_104650,0.8811081663077688,0.780840905590636,0.9274419847668255,0.9082450447632824
3_104_104668,0.8622859140160783,0.8421005811884711,0.9282564183335958,0.9210319826747434
3_104_104715,0.9557508043701163,0.83370915208132,0.9920240754758783,0.9763547561826498
3_104_104800,0.6093574190380721,0.30889114468262974,0.9543371522094927,0.8734033245844269
3_104_104837,0.9404532304725168,0.93491183375793,0.9216480918608578,0.9261011087376666
3_104_104845,0.23999830838196734,0.05393968103584399,0.2268671234035355,0.04979129397734049
3_104_104849,0.8387444429475953,0.7951252279051915,0.9344149908592322,0.916818679314119
3_104_104873,0.45646077023052195,0.3566846145033795,0.570390010263428,0.4003488092374308
3_104_104957,0.8976476925839468,0.8541154019986943,0.9583032372447304,0.9639691918126186
3_104_104961,0.8932443703085905,0.8409494737801266,0.9245892351274787,0.9103044496487119
3_105_105166,0.8040412024800534,0.4885195785091713,0.8921150094710356,0.7821961138725712
3_105_105268,0.2220910700503927,0.003730106100795756,0.213782309118254,0.03296987617815561
3_105_105297,0.6712754642886362,0.6355927848296418,0.40481347773766546,0.6587605668065438
3_105_105346,0.557804535716924,0.5608536739066504,0.587274290627687,0.6131705578328284
3_105_105395,0.19790629457197448,0.07463536301035623,0.32445617225092577,0.13547125863072956
3_105_105409,0.9298423995932893,0.8559630401897053,0.9618032026819787,0.9175651583326259
3_105_105413,0.8665801908644492,0.7738945821255052,0.9265214124718257,0.8803950574312566
3_105_105455,0.7228475813811986,0.7553741215378256,0.9003449597546953,0.9654854432881044
3_105_105499,0.853212384736487,0.6812522490104355,0.9374358974358974,0.8826560783982428
3_105_105656,0.9012515788265013,0.772100901890766,0.9469274895794644,0.8924574916436564
3_105_105695,0.7748860683213439,0.6070369421154761,0.841168492436098,0.7459040590405904
3_105_105736,0.9264104271715345,0.8207114982184266,0.9629648419664147,0.9077115315958586
3_105_105778,0.3220989206294161,0.39473800967212386,0.32819812355852124,0.42327661953830176
3_105_105937,0.34248770715716625,0.3018616542436354,0.9800080938891137,0.9222507941309938
3_106_106116,0.7957811328836064,0.6234196980465637,0.9554118624701361,0.8632637234808619
3_106_106139,0.9230821684282304,0.7034994419276476,0.9681095890410959,0.8175104068752518
3_106_106188,0.08787864956562752,0.3353665298879894,0.0,0.08623472446391516
3_106_106205,0.8468573328899235,0.8351103628881407,0.8239372377303412,0.8622325491335076
3_106_106215,0.9470187982931612,0.8017843464155364,0.9583933544607702,0.8438023450586265
3_106_106219,0.8820985724705637,0.7930608365019012,0.9154718719410376,0.8619843065517739
3_106_106258,0.8927518796992481,0.879001987193641,0.9404012205414529,0.9326980073868041
3_106_106263,0.9200364411868232,0.8673025579192145,0.927736949091965,0.8038516893975739
3_106_106276,0.7285929987682283,0.4119473236192479,0.7469198645363695,0.47835326677868933
3_106_106307,0.7057777777777777,0.6849428676741615,0.872621359223301,0.9373076923076923
3_106_106331,0.8989135746776437,0.7255556835195209,0.9522536601414706,0.8609295570079883
3_106_106354,0.5132214826297073,0.28181259745782733,0.9498106857383256,0.8721345129282956
3_106_106394,0.8471129867638596,0.7318785183125999,0.8971747700394218,0.869234465086483
3_106_106509,0.9409034946491145,0.9087597150259067,0.9567099567099567,0.938045012872685
3_106_106740,0.6120733325292486,0.4198461346009507,0.6356269132572053,0.45448166988247674
3_106_106954,0.9639360229661147,0.832852193995381,0.9844386809929604,0.9295592048401037
3_107_107016,0.9321101269220445,0.7508565834557024,0.8938341515083617,0.6151196781569275
3_107_107056,0.5956755093011177,0.3423586262864731,0.6373422420193021,0.47071653606914937
3_107_107058,0.8229597813354158,0.6248987564914955,0.8920022688598979,0.7134882825658053
3_107_107068,0.9248886644323033,0.6930192224309871,0.9554786287802298,0.7762298650413583
3_107_107069,0.9521255029161338,0.8369274903551291,0.9689469239264601,0.8749490419894007
3_107_107071,0.8926735431660642,0.7612430111012074,0.9409351042004104,0.8705235334242838
3_107_107090,0.9784863618901268,0.9013371150729336,0.9868378869376269,0.9439576030712736
3_107_107210,0.9324146086323737,0.7883094785306776,0.9510553902819097,0.8382130999094476
3_107_107211,0.9378207658902488,0.8394832768433843,0.9788009503817674,0.9435911194580455
3_107_107270,0.8880866425992779,0.7224304281955187,0.9672394609964149,0.9564056939501779
3_107_107390,0.8182845154522714,0.853880651656599,0.9373378183565594,0.9560352900586525
3_107_107466,0.44191314754658917,0.3252153805989632,0.4680084745762712,0.44601728385406486
3_107_107486,0.7936691498803217,0.6336004996356823,0.8551095427143067,0.7418349332450623
3_107_107505,0.7903056979521726,0.479164888926814,0.9532651507629166,0.8753530408585953
3_107_107615,0.9252333333333334,0.8252902155887231,0.9753369557547104,0.9402912834954019
3_107_107623,0.812059186189889,0.6318827255082236,0.9355417800342206,0.8392627663172134
3_107_107692,0.939309970116816,0.8053622867272324,0.9709807484808904,0.906830833097462
3_107_107694,0.8785239928680327,0.36916278514272066,0.9345234779702557,0.5517780648670702
3_107_107745,0.7700190308885961,0.6718720171051125,0.9140601089551326,0.875725406935598
3_107_107883,0.7762793410118093,0.6253609097872842,0.876004307131616,0.7858298503438048
3_107_107888,0.5771708521390271,0.4587086092715232,0.6135181975736569,0.4610766324878575
3_107_107891,0.8968506889118005,0.7039672601777479,0.9632464363683062,0.9199938051726808
3_107_107892,0.5449701214174247,0.422371831342057,0.6153946680606377,0.5530526385530196
3_107_107913,0.8863113424616197,0.7682535913569987,0.9725503383916937,0.9358781900064336
3_107_107934,0.9349724141625154,0.7342184368737475,0.979829634483348,0.9142571108886403
3_107_107985,0.6168680822227242,0.1728535456096174,0.9754748791727549,0.9505176980496027
3_108_108132,0.751810595198706,0.5617029958853335,0.861977926855659,0.787933330933439
3_108_108164,0.9411618298571357,0.7463321063818756,0.9549495993796847,0.7889410537297862
3_108_108198,0.7620004099200656,0.5486256819135543,0.8454756625488333,0.7886301784094345
3_108_108227,0.895203585391437,0.7591713221601489,0.9336456295686194,0.8777448677356756
3_108_108284,0.07056739256541712,0.16629461912962137,0.00018174107954201248,0.11262334885171407
3_108_108347,0.6270966200170268,0.5093808323237615,0.6499407656815064,0.5949934487276739
3_108_108360,0.15436757813623164,0.0,0.0015265163578857199,0.31874315610171555
3_108_108436,0.28360965035526475,0.11020912201145819,0.33517714939678606,0.32067779688279996
3_108_108450,0.9755918324497401,0.8986699729486023,0.9807821529364332,0.9152105413921513
3_108_108487,0.8817919612951247,0.8053107015371166,0.9667763834601933,0.9481464282950236
3_108_108559,0.8537063241536954,0.5991548742138365,0.9252565752072051,0.7108798346619427
3_108_108588,0.8485068111812087,0.5837174447869242,0.9408507941242263,0.7654687291638885
3_108_108638,0.8793736965804893,0.6751602133619863,0.9573238497443877,0.9216879858511907
3_108_108679,0.9348941469489415,0.8104938958773981,0.9574066797642437,0.8748898678414097
3_108_108707,0.8468664511315593,0.719278350515464,0.9311385652112874,0.8469563223661585
3_108_108793,0.7572766547885592,0.41012173913043476,0.7966340351347727,0.5230119151851993
3_108_108853,0.026085378578233454,0.08849987222080245,0.010133638992367208,0.07302953256405241
3_108_108866,0.5366305739278856,0.1951908251476881,0.5516662670822344,0.39305913914187585
3_108_108926,0.19942110731779725,0.16118977647163593,0.2184987333406763,0.23251804330392942
3_109_109071,0.9196819415969413,0.7560093684513293,0.9789213715467233,0.8989261973751491
3_109_109104,0.9376064494152379,0.8121965573046932,0.9728582531236922,0.874040632054176
3_109_109147,0.35133246616428193,0.03154996066089693,0.0016516943631341818,0.38963927748298227
3_109_109164,0.8996882654197284,0.7437211093990755,0.9431361286616887,0.8535146443514644
3_109_109182,0.7998241576375061,0.3849814565624077,0.8750554750140537,0.6536740103419806
3_109_109191,0.9193880872301182,0.7547296166080697,0.9583758416649664,0.8676874577797793
3_109_109233,0.8771725032425421,0.7106598984771574,0.7774699474079639,0.6852224371373308
3_109_109239,0.9183021991014424,0.6583854779753423,0.9604253726688704,0.8401233774579103
3_109_109241,0.3348963323887382,0.24823452409659305,0.3599258294518885,0.3413669463645437
3_109_109254,0.5357442587930114,0.24215799614643546,0.8729124236252546,0.7747327864777529
3_109_109297,0.24954356988073098,0.1854892179458845,0.3118423034711313,0.24320232544056197
3_109_109356,0.9247489239598279,0.7371791140345771,0.9744351044960283,0.904891304347826
3_109_109377,0.6960045721411129,0.5216100908922278,0.7621294794278131,0.5318984405206857
3_109_109424,0.7489878542510121,0.8461705359080061,0.8515117788907438,0.8981612446958982
3_109_109435,0.941888045540797,0.8458714004857176,0.9541570595415706,0.8688221174701408
3_109_109506,0.8749522150957821,0.7511382747446573,0.9278005921115462,0.8551138901295221
3_109_109647,0.8543788187372708,0.838898756660746,0.9494387506100537,0.9459916710046851
3_109_109655,0.4889299060746856,0.0958411214953271,0.4465700298258276,0.051422077717099654
3_109_109674,0.6607878208061229,0.3998017660839791,0.9210114539650748,0.8257358339451378
3_109_109799,0.8492138499871122,0.7450366564991705,0.9164510285936085,0.8909682204598619
3_109_109851,0.893311282616685,0.708343271478319,0.9861150698318335,0.9609766975136581
3_109_109921,0.6221968438538206,0.4724648985959438,0.9543880859482332,0.8326295128769404
3_109_109932,0.870402078290134,0.8602688340106284,0.9580938377222297,0.9537741866893472
3_110_110340,0.13596036843790615,0.09060061079063454,0.0,0.026640355204736062
3_110_110554,0.8382742588611708,0.5724025311288018,0.8928897726662008,0.6416882376168122
3_110_110864,0.9480545884266436,0.8415325955547289,0.9695663740356478,0.8240982279391922
3_111_111113,0.5445512981890808,0.7165020343710738,0.478816133147057,0.5672603800559957
3_111_111124,0.3762262888141325,0.34762838102704824,0.3824754857943321,0.31748572145860793
3_111_111223,0.8560391267366033,0.7667878676301376,0.9159543021490772,0.8987059591126577
3_111_111246,0.9059997585610237,0.7023488255872063,0.9164085355360523,0.7635523498253127
3_111_111383,0.9137657630446273,0.5105338992951439,0.9494372859239928,0.8390691576532284
3_111_111461,0.8085722160970231,0.7319949012109624,0.8760526718726076,0.8125752968848603
3_111_111687,0.7411260558321567,0.47451026669813545,0.7776096033402923,0.5686617518430589
3_111_111694,0.9400386847195358,0.7661045780637527,0.9727459098765928,0.9333392312115716
3_111_111750,0.9413183605626951,0.7240126676602087,0.9723741500975913,0.8641632139298264
3_111_111870,0.9416034312108215,0.8913237924865832,0.9315476190476191,0.8661870503597122
3_111_111873,0.9408161371159856,0.8305346203005862,0.9791809879210449,0.9480984751056403
3_111_111877,0.4386528326745718,0.15101662281630227,0.9154379108189732,0.8979828201911012
3_111_111955,0.9653651540980058,0.8550872968091511,0.9842731215894781,0.934208864755651
3_111_111956,0.8162872565125557,0.5179302643007817,0.8787226408324363,0.6459313589814558
3_111_111962,0.873375812093953,0.8322171403680715,0.9432524493450855,0.8803696238318368
3_111_111965,0.847876544758798,0.8299207109871918,0.9187138979748068,0.9177282623801362
3_111_111980,0.8853412332675006,0.9072531943296676,0.9500428553936574,0.9626790397417793
3_111_111984,0.7651664540076557,0.4559257697174188,0.8907185628742516,0.7816035067873304
3_111_111987,0.0,0.0,0.0,0.0
3_112_112024,0.9651355314820947,0.8571289537712895,0.9918643403254264,0.9597503900156006
3_112_112102,0.44861869870284543,0.2893224284625368,0.6342437725309343,0.4294470058805665
3_112_112121,0.9375124616182159,0.845310400429992,0.9491759390947879,0.8808390524684525
3_112_112122,0.9211195928753181,0.7691956905888389,0.9598201963644967,0.8832678075855689
3_112_112125,0.27297162029399225,0.042838465604050184,0.5590206246596102,0.2829443658651579
3_112_112131,0.9131455399061033,0.6513480632628232,0.9547120418848167,0.8013327601031814
3_112_112135,0.1209944161894939,0.0,0.1703271028037383,0.0
3_112_112198,0.8248500534056363,0.32160430018606573,0.9813144170641884,0.9343480934809348
3_112_112202,0.0,0.0,0.0,0.0
3_112_112244,0.3136357577642511,0.26067304327539953,0.31441524017142713,0.2355804474679647
3_112_112493,0.9265174848047099,0.8097506304286916,0.9628228996974634,0.9031663595242084
3_112_112621,0.606970767748153,0.4527765942337736,0.7474493176096462,0.6525577316574102
3_112_112691,0.5917951567347317,0.5630574950723282,0.6628216503992902,0.627988603047446
3_112_112751,0.7369601132877036,0.6640929064657878,0.9003120124804992,0.9309401709401709
3_112_112855,0.31022028535609814,0.0,0.31941360419820053,0.0
3_112_112861,0.7294584589550814,0.43538070902838044,0.7390271449156833,0.4352229259421835
3_112_112981,0.4845040169604999,0.30710669559590426,0.5007763186534137,0.28947453412137064
3_113_113361,0.001039041429013574,0.009943339628930119,0.015209797939602953,0.02978467592086567
3_113_113371,0.8832342177493138,0.8617052446527981,0.9538559592096877,0.9221747572815534
3_113_113388,0.8444345295004992,0.5021659015969483,0.9682830282038595,0.866530156366344
3_113_113414,0.8482934397163121,0.8320958612070867,0.9125812906453227,0.8624609047219468
3_113_113455,0.25393968103584397,0.08993829636846429,0.27461612614473596,0.21216364300499208
3_113_113865,0.09463250260848742,0.09918301901198748,0.004887404107894086,0.37030975806928645
3_113_113879,0.0,0.0,0.0,0.0
3_114_114100,0.6120953489374542,0.610957839518166,0.9063890012131015,0.8804247932196467
3_114_114110,0.573416943317349,0.3889746812713234,0.5760807559711303,0.40613221223543056
3_114_114352,0.9091115655532833,0.9041902431564459,0.9178536345776032,0.8602539438245479
3_114_114436,0.18064397184656594,0.04378268574145308,0.19843777738327711,0.0
3_114_114749,0.4641930257797631,0.391289021189926,0.45972447325769855,0.35439972321531543
3_114_114781,0.0,0.0,0.0,0.0
3_114_114842,0.872396694214876,0.5989277626288303,0.9621859967931587,0.8893747975380628
3_114_114960,0.9442132165023731,0.8456845684568457,0.9696900290120629,0.9195707607309818
3_114_114993,0.8561905536135274,0.7036015709868806,0.9328638068233788,0.8140985651902682
3_115_115015,0.6136670206354218,0.35263967196309587,0.9352446414036357,0.7859591593382024
3_115_115077,0.9421722254169063,0.8459267723658525,0.9757072802715956,0.9360892848205795
3_115_115125,0.4397708427559174,0.2990371908627525,0.40487874600981466,0.3082231585064652
3_115_115151,0.7435061592835329,0.561190053285968,0.7948898091998226,0.6884231728371379
3_115_115358,0.9388338833883388,0.7980298134056083,0.95183493667606,0.8398643556895252
3_115_115396,0.9173529237514071,0.8137254901960784,0.9406855249745159,0.8398491764238937
3_115_115537,0.9704764541541869,0.8797058022337237,0.9791478954820441,0.9157912382655342
3_115_115554,0.93291015625,0.8479661699556987,0.9923600209314495,0.98508132361189
3_115_115555,0.9355527277205369,0.823776705720193,0.9870520533612346,0.9660839683251158
3_115_115573,0.9179068131392392,0.8639540070377162,0.9683727948003714,0.9483560712978935
3_115_115657,0.7437980378678998,0.5390812435285501,0.834281072298944,0.6846258272526726
3_115_115743,0.8927188802858844,0.7948052870949404,0.9443092398799383,0.9170910188223756
3_115_115809,0.9620660694288914,0.8406622131861748,0.9778909090909091,0.9038484959201072
3_115_115912,0.6703341483292583,0.4674766355140187,0.75208199871877,0.48110857380112104
3_115_115926,0.8359138337260181,0.876577840112202,0.9245651749071722,0.942397137745975
3_115_115927,0.7940615271315234,0.4887100960290683,0.8045205479452054,0.5372877518677835
3_115_115958,0.9320290751623879,0.8565481641828324,0.956432387998356,0.9036113049546406
3_115_115965,0.9200693851702966,0.7125980023627967,0.9798619787018858,0.9250430081101008
3_116_116231,0.923445671121441,0.8694399580950718,0.9521049420378279,0.9209308594276473
3_116_116237,0.8994644466832812,0.7838266384778013,0.9446975737555531,0.8747911122114254
3_116_116355,0.7563658279343076,0.7950195377177296,0.8581684468569427,0.9079754601226994
3_116_116365,0.7959170814693466,0.3007729360367425,0.9318409995166028,0.7224121852657756
3_116_116448,0.34455480781674647,0.3349097915571904,0.4179772586479087,0.4905255856480752
3_116_116499,0.7149040711277492,0.4945736434108527,0.9893200717430295,0.9786600918211189
3_116_116634,0.22551448170731708,0.08023483365949119,0.23728148607715047,0.04691212695921348
3_116_116747,0.904045643153527,0.7988412388997185,0.9715760807897424,0.9459057367293502
3_116_116977,0.0,0.0,0.0,0.0
3_117_117086,0.6566313435890976,0.3037832036490475,0.9456961429915334,0.7682860509380948
3_117_117101,0.8845049777072009,0.7183125599232982,0.9469166023942859,0.8073030303030303
3_117_117104,0.8144839782980127,0.6135208681682568,0.956279269295392,0.9154190710625075
3_117_117128,0.3451340675125688,0.05206045730525772,0.3582288900277998,0.06764128300240017
3_117_117165,0.9520301070709213,0.7891512696373876,0.9802281789986708,0.8327458256029685
3_117_117200,0.2940419094215727,0.04422776269233934,0.3274754379999642,0.132239691962137
3_117_117213,0.9501251933132042,0.8327137546468402,0.9737448622901702,0.9120028792513947
3_117_117218,0.22167910266578186,0.17115171326834394,0.0035645148616696787,0.42332576374309094
3_117_117248,0.920434554489059,0.844390989175308,0.9638270757768846,0.9001547443201801
3_117_117328,0.5949442477583298,0.310001482433167,0.8552981573729265,0.6642928422389549
3_117_117382,0.5476755447941889,0.37129194584225306,0.9412990621743661,0.8199662304769945
3_117_117393,0.7606037838945428,0.5992632009823987,0.8919947072444592,0.886253268584236
3_117_117435,0.49864082895976314,0.31519193926062583,0.5538400269583065,0.42199819558310125
3_117_117491,0.8710586534987353,0.6918482080112438,0.964417479708125,0.9040009564039213
3_117_117677,0.7364608603546656,0.5481976044472463,0.8262092128644236,0.7504590831691763
3_117_117679,0.3278973718808515,0.19407831375030957,0.31790269248937175,0.32549922494757
3_117_117809,0.42725745946539845,0.4388048671048117,0.44669752775821003,0.46602883355176933
3_117_117819,0.32857473793942205,0.13912384296201724,0.31124851956922905,0.1893219557195572
3_117_117907,0.9253408613129918,0.7162458263772955,0.9252694314918322,0.7303128937421252
3_117_117923,0.9625796366909031,0.8257076189509993,0.9895679921453118,0.9503510808868247
3_118_118110,0.8777235994135097,0.7521605686131977,0.9407045950242136,0.8755580845662261
3_118_118188,0.8565981272323583,0.7859963512920582,0.93230595449411,0.8986929728655203
3_118_118210,0.903141252340337,0.7370150328562427,0.9335603996366939,0.8604552921849331
3_118_118272,0.9523414836303357,0.8068844551633414,0.975093883541244,0.8717520750631541
3_118_118274,0.8257912270960578,0.5117300637188646,0.936341059602649,0.8102905696003356
3_118_118283,0.9550662472595558,0.8391955674122717,0.9629256537884174,0.8124391886834817
3_118_118374,0.7260036006443258,0.33496245612476117,0.789607971589146,0.44137726328287324
3_118_118420,0.9233683264310251,0.8081332370463983,0.9718530634498739,0.9239205271958296
3_118_118428,0.8691827587651322,0.8034751615059034,0.8955368246510985,0.8728687078829542
3_118_118489,0.9205809641532756,0.8319439355075119,0.942118284087196,0.8635476677197547
3_118_118555,0.9363594951633216,0.7781902993954972,0.9724419494769073,0.8978949540811062
3_118_118577,0.9545718027437257,0.8395846902417532,0.9861690203990137,0.9525387668262346
3_118_118582,0.9291636673864939,0.808878224355129,0.9578456993523463,0.8932456111349886
3_118_118639,0.7868898186889819,0.7113502301160304,0.8737610850286907,0.8157616733572787
3_118_118675,0.8231654075395771,0.6097047682039565,0.8606072712744707,0.7628908534278147
3_118_118775,0.3126719564298793,0.057328145265888454,0.31522799480914665,0.0
3_118_118791,0.6144345812427634,0.20410216148580682,0.9536798092313723,0.8360086130958206
3_118_118960,0.7234075640706643,0.45367696750015357,0.9325555960627051,0.858074222668004
3_118_118966,0.2521431456740623,0.0,0.29183500078026114,0.11607949412827462
3_119_119029,0.6240038307623901,0.3427752316730936,0.8037731586082242,0.49627362913972656
3_119_119047,0.9352158503282785,0.7537809029521737,0.979560915275201,0.9226102030708272
3_119_119057,0.9028843823220489,0.6686590593491517,0.986806329396033,0.941935013842343
3_119_119076,0.7911829448481742,0.6767158873393492,0.8880835715257929,0.7784789764149777
3_119_119106,0.44039472076255654,0.20129593810444874,0.417073984364802,0.21112739593048707
3_119_119338,0.5982207030938044,0.3505641197497766,0.6304916097478708,0.4447485563041386
3_119_119619,0.04453020134228188,0.0,0.0008744821028323032,0.3669856147887782
3_119_119650,0.6829750056977892,0.16692417219546185,0.6449058065626928,0.12108597285067874
3_119_119710,0.9485666782869862,0.7990336156284096,0.9379685311804926,0.7535513197995765
3_119_119732,0.9743849407279442,0.8973453641951092,0.9822203213783833,0.9302666666666667
3_119_119915,0.915372027288377,0.6601974659943218,0.9830828800590025,0.928044466902476
3_119_119930,0.5454113090890561,0.3589048864244983,0.5968223183649113,0.48038769270799453
3_119_119956,0.9369087495858947,0.8414708218474045,0.9656117329216519,0.9152889539136796
3_120_120015,0.05391081871345029,0.0,0.054125815491207034,0.11461629279811097
3_120_120175,0.20092639258885928,0.14126063582102188,0.32304921498766687,0.49730940084510095
3_120_120191,0.8016085790884718,0.5273483947681332,0.8636372267902243,0.6647094707945707
3_120_120197,0.2761889884886208,0.09658121833872159,0.3116922455573506,0.001039471835932013
3_120_120282,0.9614326028638122,0.8245863495346433,0.990713640469738,0.9538383183628114
3_120_120394,0.5929212524875117,0.3777550666229584,0.8749771800645043,0.7408335777712595
3_120_120451,0.936261040235525,0.7671449951580245,0.95143299767622,0.8114308624376336
3_120_120534,0.26136691517977645,0.0,0.2761649062764304,0.0
3_120_120553,0.32988574130855947,0.045924013279232755,0.36478219494668973,0.3975618486993875
3_120_120641,0.919666201067297,0.875136816636903,0.9602536997885835,0.9386457717327026
3_120_120771,0.9225493192081763,0.8132729635685239,0.9758604465998335,0.9426318161333934
3_120_120781,0.7833185411463601,0.3836549375709421,0.929033021659368,0.6744711285101257
3_120_120849,0.8844886599916829,0.6600298423948522,0.9518042684639146,0.8461656363357687
3_121_121090,0.9213658934766342,0.8580067449703453,0.949067958314986,0.8642152363469482
3_121_121194,0.5620232309086416,0.45746082043255004,0.34745703588288646,0.3971090227148215
3_121_121200,0.8102674995995515,0.5890120132560066,0.9139066526677484,0.8640907479617157
3_121_121217,0.9711857572655935,0.8736747280160765,0.9865019737679868,0.8712040490143846
3_121_121302,0.8379912130827435,0.7664312873438349,0.8997076222207112,0.8789691413237924
3_121_121834,0.8141461342395921,0.9025530073561229,0.8422928947089761,0.9321414566325621
3_121_121982,0.9067952694842962,0.8327954059605147,0.9181841497819954,0.8752217622708457
3_122_122004,0.2589207370576192,0.23022682345268908,0.00015849535080304311,0.09607969867837482
3_122_122407,0.8271823204419889,0.7638223770134959,0.9043775984348251,0.8695302630067762
3_122_122545,0.8208007283289619,0.5889999324734958,0.8521418055198523,0.6110709592641261
3_122_122582,0.8798261114325479,0.4819955559614038,0.9273129585572396,0.6557853910795087
3_122_122822,0.6529114920725815,0.5188944320201846,0.6762405137186223,0.5706273489447817
3_122_122851,0.4306208702898982,0.2691992795153103,0.5525653436592449,0.33882044291262636
3_122_122857,0.9018570457249703,0.6248033877797943,0.9370866885599892,0.7570798970196797
3_122_122869,0.9647370288490407,0.8625992338866374,0.9756941514051819,0.8413906060125746
3_122_122904,0.32976314872866597,0.28599430452309627,0.3657174205775273,0.3186416722457785
3_122_122910,0.374113475177305,0.10726675021340744,0.8897067280046004,0.7976629417437178
3_122_122940,0.13215104517869183,0.10329710238916703,5.803241110160025e-05,0.3327122809799413
3_122_122956,0.9193495292645993,0.7354647415237849,0.9689856911256784,0.931920971197334
3_122_122977,0.6381685889000697,0.41686487895474245,0.8761935588282894,0.7721157959785141
3_123_123046,0.6770973062122045,0.34459459459459457,0.9000964087731984,0.7053207795051456
3_123_123059,0.4142808777164138,0.11045235455183182,0.4005353736333614,0.08433623403073505
3_123_123241,0.9546600390555654,0.8532469746037157,0.9829782520400251,0.9398835689675656
3_123_123287,0.8261592997178615,0.7809823457437511,0.8930221049158693,0.8787387836490529
3_123_123301,0.7903219837157661,0.5492470850178708,0.8797728120724679,0.6770723867218891
3_123_123318,0.5932996417960181,0.1420246017342206,0.985292070709414,0.93703967688287
3_123_123374,0.6222948449571543,0.2841949648066018,0.7324926738300328,0.4083397092578424
3_123_123424,0.8874353513842409,0.7638724911452184,0.8200013167423793,0.8178506375227687
3_123_123495,0.31437569470174137,0.16885859395883454,0.6017648880173393,0.3779333655239015
3_123_123510,0.9097229348383786,0.8346940567114388,0.9180770515532791,0.850843098028008
3_123_123516,0.4241368950071015,0.40065705744813096,0.4214928951921636,0.45707613264829516
3_123_123538,0.9204029320501866,0.8151789759855007,0.9282109334465355,0.8322014322014322
3_123_123573,0.8713295764014345,0.6328542403491609,0.9200294550810014,0.7806060095242109
3_94_94137,0.7278647200924273,0.47364864864864864,0.7788400254939452,0.5181836447659233
3_94_94173,0.8291020948524258,0.6812292621267183,0.9108138724294179,0.8303540437348143
3_94_94174,0.9669750889679716,0.9141082307967985,0.9816369167613532,0.9495182110175141
3_94_94199,0.31198800663918186,0.5284803702651131,0.31910343409418057,0.507519196065249
3_94_94218,0.9191067196851026,0.8012644693412673,0.9722353142808176,0.9274289099526066
3_94_94263,0.8939711231125317,0.7720089222153671,0.952721891124355,0.8743432785462959
3_94_94291,0.844638403990025,0.7914518233211157,0.9354149242635443,0.921875
3_94_94324,0.948249027237354,0.7789250728091077,0.9841931820297518,0.9277463852418149
3_94_94359,0.32212641465855724,0.15585434173669468,0.7053116578283926,0.6815413512436678
3_94_94371,0.8543459693844031,0.6987776277450075,0.9189396709323583,0.8339325108260479
3_94_94374,0.8325456116277888,0.6994000786782061,0.9399988011748487,0.8945389332407728
3_94_94490,0.8524413007171627,0.8063736769443166,0.8346749226006192,0.7452193700347319
3_94_94592,0.3492990104230418,0.13289117299812486,0.3446520313269354,0.04729470977624597
3_94_94612,0.22834853312822767,0.2306165194426737,0.23103015352084755,0.2322623139781405
3_94_94620,0.6095682360598829,0.3704635972598375,0.8739022527682322,0.7090373978789263
3_94_94650,0.9250904010519395,0.7403200826019618,0.9703082700200856,0.8228773854416638
3_94_94683,0.08941236068895643,0.1800452017572818,0.0,0.007554904831625183
3_94_94693,0.8976773187840997,0.7817089452603472,0.9787386771492053,0.9414641969368935
3_94_94781,0.7407869413358044,0.3151771319011722,0.966222938083282,0.906542699724518
3_94_94816,0.197426942479329,0.13867327636814297,0.18400304244582963,0.1470124467406985
3_94_94826,0.6226787372330548,0.3304830550208175,0.6694555405277891,0.4825860980230242
3_94_94844,0.9192291922919229,0.8360706538580726,0.9577220674713711,0.9199374103533707
3_94_94894,0.8829193603266418,0.6120172577080922,0.9606945239458119,0.8574428816903201
3_94_94902,0.9424323440595488,0.7089065894279507,0.949133851952843,0.7471989454853591
3_94_94917,0.6320928759107766,0.21932665881429134,0.8402055267261433,0.5383503596885983
3_94_94937,0.43165390009709786,0.2099091789462664,0.4512510042465282,0.2934073965794474
3_94_94953,0.8242862996858352,0.49843336582648656,0.9606284426639959,0.8730021817443807
3_94_94985,0.8938132295719844,0.5518099441288323,0.9818209264211162,0.8986443611191232
3_95_95010,0.808417730808748,0.7988184438040346,0.8101711983887211,0.8173842779637539
3_95_95044,0.8250111957008509,0.5680310299071144,0.9091390728476821,0.805162607554324
3_95_95049,0.4479915672175583,0.21530105004468275,0.848796429140762,0.9083010671451506
3_95_95116,0.170252650088751,0.17291780689610767,0.17581946112922603,0.24268804409093755
3_95_95325,0.9234723488931266,0.8524736415247364,0.9826785714285714,0.9511406196799456
3_95_95340,0.3072839782300753,0.42618692454091867,0.32324550371022515,0.4814158817057134
3_95_95343,0.6795693322913954,0.09871409190113845,0.9807928075194116,0.6881056031456256
3_95_95361,0.5063746600181324,0.0728424925896903,0.8531772353409393,0.4268462165141132
3_95_95422,0.9061577114647155,0.7578748063572207,0.9645819429878921,0.9084148976738273
3_95_95440,0.15874629768798904,0.17018670271183578,0.17119675456389452,0.21647068669707495
3_95_95489,0.944304398113823,0.8421941313375622,0.9009891721533997,0.6404828785446763
3_95_95581,0.9004153481012658,0.7861793220578869,0.937859447327816,0.8689192163768436
3_95_95588,0.4803364879074658,0.17088841506751953,0.45625058908542526,0.17571580657813637
3_95_95597,0.38196259362543983,0.12979715682418386,0.5060354657334959,0.3419672752542801
3_95_95620,0.9479645108835193,0.8104866686490236,0.9698062989797427,0.8914163309022288
3_95_95622,0.945438282647585,0.8085886722376973,0.9751690723730696,0.8787948800887205
3_95_95642,0.17922642634218186,0.058998399268236905,0.1663337228148204,0.06371509059924182
3_95_95651,0.8409379766141332,0.8589051001744012,0.9029386218876665,0.9101632994409965
3_95_95660,0.9335466867469879,0.873880266075388,0.9719246031746032,0.947538860103627
3_95_95680,0.8118876551273677,0.8757777301008367,0.9283064164120471,0.9601967288116208
3_95_95681,0.8120980358074048,0.7904931317323847,0.9252707939978138,0.8711053315994799
3_95_95684,0.22171155147718508,0.17908407382091593,0.2165209095245667,0.17765809051456913
3_95_95689,0.9034446261907053,0.7115414771836287,0.9618535719876846,0.8470027589666416
3_95_95695,0.9540035763957878,0.8594310303609849,0.9182425488180884,0.7812876960193004
3_95_95850,0.931704009615681,0.8099756379022952,0.9798499393859965,0.9115205327413984
3_95_95854,0.41956902722582873,0.1472902097902098,0.7416900643057694,0.456969748687972
3_95_95901,0.2384261841547489,0.05292593352100073,0.25351611602589946,0.0029326826210571088
3_95_95922,0.30654012525017754,0.1331383800485544,0.2948489010989011,0.18447575032017374
3_96_96013,0.8510479455842505,0.6008864007464427,0.9085149218379914,0.7888774459320288
3_96_96016,0.7108685182212233,0.4378289724616676,0.7144362128729694,0.4595094150718164
3_96_96054,0.8346931207120342,0.806136245449818,0.9067761162815017,0.8946564330144411
3_96_96082,0.14886394885191806,0.31388660640920296,0.14589340842012416,0.2997434957860022
3_96_96207,0.870442949049767,0.6622628353334067,0.8719793159942658,0.624743345652742
3_96_96221,0.8220871975269161,0.7839908705575481,0.9235350739983155,0.9254147372206987
3_96_96340,0.9540463079251602,0.8131239185411953,0.9767832543762389,0.8511445389143231
3_96_96362,0.84698510715583,0.7849063717481463,0.8975822351354156,0.9001129042970047
3_96_96469,0.8997833739507176,0.6902897086070406,0.9570573845383006,0.8646100714052364
3_96_96537,0.3470549027352622,0.286062486151119,0.35735716565592085,0.32037713548941654
3_96_96563,0.8642450315075133,0.6506613756613756,0.7507311142509776,0.533771649468846
3_96_96597,0.9250146455770357,0.7765359297860669,0.9789899768696994,0.8831651247546958
3_96_96682,0.8500381183012691,0.6296861377506539,0.9635438304943914,0.9203562504004613
3_96_96769,0.8912427076882965,0.6410990269032627,0.9610603029436982,0.8557963580405232
3_96_96778,0.6641057414291615,0.5287325615909766,0.759172466032287,0.6223907112492862
3_96_96962,0.7297197640117994,0.8007244626901715,0.8997124784358826,0.9450921607817011
3_97_97137,0.8883228646322766,0.7058397858021564,0.9731309049205396,0.9234422798261149
3_97_97280,0.6856279088269223,0.7133335055674684,0.7368099231306778,0.7104989889052851
3_97_97290,0.951168294390187,0.8144590823544682,0.9909535452322739,0.9613392920479534
3_97_97313,0.6735037204788095,0.3332683307332293,0.7754377188594297,0.6436079847101296
3_97_97359,0.7888630540001899,0.48837471359350937,0.9359680327469422,0.768881626724764
3_97_97407,0.18675742964293593,0.29567657186583346,0.1545339484750745,0.27067430025445294
3_97_97676,0.7199675118657834,0.6818257123923128,0.7674338283776571,0.8380998080614204
3_97_97700,0.6445596096832178,0.38760509248138364,0.6682985942801745,0.40251770969634076
3_97_97709,0.13298307063631057,0.17127010945419818,0.142326142897989,0.20019407329999253
3_97_97710,0.634066853594445,0.5203367481488995,0.6774418755682556,0.5163283318623124
3_97_97769,0.29744682780826265,0.1562188291260646,0.26227953060220643,0.19962154376253283
3_97_97770,0.27250165453342157,0.23560960778352083,0.27343726711777505,0.21809425524595802
3_97_97847,0.8133092224231465,0.48240821678321677,0.8745434959670003,0.5811853750111744
3_97_97863,0.8191803971271652,0.5441018219599986,0.8493952399531799,0.5919231073491021
3_97_97915,0.34387794577517006,0.05714677499528634,0.4544963144963145,0.156114623580377
3_97_97923,0.8906203722689268,0.6601882292270999,0.9428080510554737,0.791379491306021
3_97_97970,0.9431244860311604,0.8010549519760668,0.9693063370537773,0.8878227858662551
3_97_97974,0.9442045212198763,0.8071670790944918,0.9749011086968633,0.9141134130921117
3_97_97976,0.9250340533177661,0.7495431843099037,0.9772520473157416,0.9186046511627907
3_97_97991,0.8061675882603148,0.6559316180279744,0.888610522258624,0.7684308263695451
3_97_97994,0.6487503527862273,0.37755480086446436,0.7235448795394783,0.6246289246673419
3_98_98011,0.4668639053254438,0.2945522895939333,0.5370331534897909,0.37930913554269685
3_98_98012,0.5622344570983232,0.1950489849048848,0.5932003963339113,0.20792284866468844
3_98_98020,0.9080546365750598,0.6421767217781671,0.9649053343891728,0.8651272449899452
3_98_98084,0.6010072138287736,0.4633271827560178,0.6816104531410917,0.6119552337063858
3_98_98087,0.9150674869158021,0.7076612903225806,0.5250538658114947,0.3250691066492382
3_98_98109,0.16863702780303882,0.021576622494053687,0.18303205057114338,0.0
3_98_98252,0.9178776734387831,0.7362432564982835,0.9559049669383362,0.8969789712706091
3_98_98257,0.4139507256856567,0.22707126668345504,0.4984371092773193,0.32957948589967556
3_98_98321,0.0,0.0,0.0,0.0
3_98_98428,0.9697684707270314,0.836999327634233,0.9882687927107061,0.8342943315887519
3_98_98431,0.9487306043125521,0.8176006818666098,0.9784925402053866,0.9241234061930783
3_98_98589,0.9302409493645512,0.8371295836904064,0.9655476660644511,0.9172423516142676
3_98_98592,0.8951130385897281,0.7128717628405323,0.9609959211420802,0.8917230310672933
3_98_98614,0.622722325597725,0.41358839050131924,0.6322544849269466,0.454950274602939
3_98_98996,0.36881258317153515,0.23931409975592965,0.511622927754328,0.27646868121555446
3_99_99041,0.9512086073612553,0.7309924787442773,0.982559538128458,0.9040320043151886
3_99_99079,0.10106517632854946,0.07579860897396443,7.763975155279503e-05,0.10245608122340649
3_99_99198,0.5760964330389295,0.41801683658361183,0.8908437381763148,0.9306713470820536
3_99_99223,0.8889183597687126,0.8342424775646665,0.9652904210959065,0.9594115142627371
3_99_99257,0.7633697210276768,0.8206086804135756,0.9308431452158614,0.9629534839081195
3_99_99263,0.9325483560130673,0.7781912311923637,0.9685130763341813,0.8794057551506896
3_99_99279,0.7602246841996273,0.4075876049811758,0.6203188852415087,0.48333210413747324
3_99_99358,0.8558841401660928,0.8350023163821674,0.9254780652418447,0.9249016431381625
3_99_99416,0.9391973541944921,0.7536059675875499,0.9672289638618482,0.8608756357833849
3_99_99456,0.896988677427126,0.7148055041016141,0.8337920813042557,0.6715357283853138
3_99_99483,0.877725620835857,0.8684747145187602,0.9496768236380425,0.9053346145500759
3_99_99610,0.9312292722037975,0.8036269703199957,0.9694591564541694,0.9053257696756072
3_99_99711,0.42076014053018207,0.593963687809479,0.4577485168571842,0.702973823232623
3_99_99780,0.8885514924408838,0.8866284227334555,0.9395342312008979,0.9015098314606742
3_99_99802,0.7736394306375086,0.23787528868360278,0.988110462102098,0.8153654813726045
4_123_123574,0.8610843207495178,0.5283229615445987,0.9420323959681531,0.8002493420141293
4_123_123581,0.8338732068486812,0.6538949225425877,0.8898605530607422,0.7849533554017454
4_123_123636,0.8223061248951217,0.6154457139365797,0.95723288253204,0.8747527012631259
4_123_123637,0.8460520511689458,0.850336071695295,0.9309004263857537,0.9321515412973567
4_123_123716,0.5404975241688281,0.5980221653878943,0.573820203424095,0.6152531104568335
4_123_123733,0.35444483485593814,0.3615912510550846,0.3688174023369554,0.3162325105221249
4_123_123812,0.9517820299030553,0.8239643472095615,0.9718709372414608,0.8961825682803279
4_123_123856,0.9618772717553987,0.8523404448892326,0.97589479753404,0.8920549934207541
4_123_123861,0.5622923238696109,0.5958151978596814,0.5695384217558075,0.6536001650505467
4_123_123878,0.9387507580351728,0.7777038099139697,0.964339776432231,0.864857559868101
4_123_123913,0.8849485522852357,0.7512663571127057,0.9308440704706811,0.8460345718715901
4_123_123977,0.3535959601444357,0.3400582495376177,0.0,0.06947240804485723
4_124_124056,0.7982589686536284,0.587829338772735,0.877587484202728,0.7045523867622389
4_124_124057,0.8109303893477162,0.6148102280177752,0.8778124563283178,0.7019550419502929
4_124_124127,0.3250073157476694,0.2664560369499306,0.7231106034646868,0.9053323675266061
4_124_124187,0.9410721823554242,0.8471504062730837,0.9753596164091636,0.9432776880272842
4_124_124229,0.953085988651244,0.6089561091340451,0.9812645518044237,0.8512450851900393
4_124_124232,0.6670424934856685,0.43746515067031927,0.8421578724177622,0.6553303029297588
4_124_124323,0.6130420746798666,0.5556658298791524,0.6130365309383438,0.5768792369068331
4_124_124375,0.6158022842164389,0.5583472372166062,0.6215825953022719,0.4910026454257391
4_124_124377,0.18700526733955214,0.0,0.18923828241319754,0.0
4_124_124385,0.9606491727263147,0.8258432349559218,0.9744020234175698,0.8779408807560829
4_124_124475,0.9451481173864895,0.8190549790240671,0.9610821759259259,0.8755736576411198
4_124_124483,0.9440606039350472,0.8495532795816082,0.9780954831122055,0.9244366482256106
4_124_124492,0.7118336359135171,0.39048896839594516,0.9536713286713286,0.8839763833585061
4_124_124515,0.9205645881722351,0.8582316109038012,0.968258243238044,0.9456068330795206
4_124_124600,0.9507424065060687,0.7700686045689228,0.9777656570841889,0.8190266400495629
4_124_124643,0.9347949630604493,0.8089483051198212,0.9564447815917567,0.8808937218588055
4_124_124760,0.8275372231283211,0.534782270000779,0.8911435454158991,0.6779835390946503
4_124_124876,0.19794961282582615,0.056645401382243485,0.20116709164390603,0.04411296315957108
4_124_124880,0.8713844425723112,0.7928508876681792,0.9129496402877698,0.8592447278077489
4_124_124969,0.9145359455420886,0.7611101274787535,0.9453427065026362,0.9227929590780174
4_125_125046,0.8390669006296356,0.5030893994979726,0.9365134518018465,0.6762730670404111
4_125_125138,0.9343876295905816,0.817326192085695,0.9521124697957092,0.8331794398276393
4_125_125153,0.3902802796986073,0.2902421879992332,0.4388533297017568,0.6298609017699496
4_125_125225,0.3648432066285645,0.41408773575075547,0.8853908188585607,0.9304604110243747
4_125_125345,0.41771248765138486,0.39826602783481635,0.43952853742089065,0.3830191066683538
4_125_125437,0.2452179333991376,0.15648447779239713,0.0005245769900441984,0.2982231471106131
4_125_125471,0.8487386161415262,0.8942311089129897,0.9242739205321613,0.9520378376381037
4_125_125512,0.8983233902489199,0.6701967912747965,0.9338887981266678,0.7441805225653206
4_125_125513,0.9209347814896793,0.7393995929443691,0.9242844464166852,0.7671111825192802
4_125_125518,0.8575212224108659,0.6853045651887909,0.9343384847342631,0.8638381102836079
4_125_125648,0.9049325879644854,0.6576972681439793,0.9756349517329819,0.9075461229019282
4_125_125649,0.8587297369120382,0.5839680121858339,0.8980362970172325,0.6440288014997231
4_125_125685,0.9567008764701476,0.9244087001307397,0.9809033157731639,0.9688605512134923
4_125_125796,0.9838257768721345,0.8521830115095596,0.9735828761966225,0.6855922821445516
4_125_125888,0.9519238273628347,0.8168290043290043,0.9796542444752507,0.8854826623066966
4_125_125921,0.4314656979181221,0.07663281586344874,0.4587746065936696,0.1836212951257199
4_125_125923,0.5601525762376637,0.459243654649859,0.5760960508701473,0.5361952309006109
4_125_125926,0.3939336252300273,0.37849698299506307,0.4128132958048519,0.42597844583096994
4_125_125929,0.944706184683913,0.8580003334630134,0.9677015299275298,0.9209916589434661
4_125_125931,0.8069064093818017,0.5511268137069941,0.9648044263428879,0.9142645286866252
4_125_125956,0.9290302977689036,0.7841856123741583,0.9851841595126004,0.9506948551153164
4_125_125980,0.8932986849358218,0.889602053915276,0.9276091405184175,0.9207347620372948
4_126_126005,0.9544020067972164,0.858377577478701,0.961863173216885,0.8852210206791881
4_126_126023,0.9561161161161161,0.8622573595577838,0.9836653054421202,0.9136778506234735
4_126_126025,0.08210064534841563,0.11400777056084468,0.08294220347822144,0.284527518172378
4_126_126037,0.2748804134030097,0.11040644906702746,0.4702188624032189,0.3681630366272148
4_126_126053,0.5075649493615148,0.16116434572228677,0.6140238018655516,0.24328817032904473
4_126_126054,0.9481052685265466,0.8113214260300292,0.9706404045217484,0.9209768414408017
4_126_126155,0.33292199206698986,0.00014285204099853576,0.22539296072183035,0.0
4_126_126297,0.8753745422261681,0.5337945423598528,0.9714177630196292,0.8978272720193131
4_126_126373,0.8719289508632138,0.4690478482718783,0.986970298902762,0.9372085087020817
4_126_126638,0.5702973351673073,0.22758620689655173,0.5277767862454638,0.1707813975885763
4_126_126682,0.9322762348191319,0.7085588981018296,0.978789141151149,0.9148065991958964
4_126_126746,0.3255199178818004,0.14654227462061237,0.3316655273224441,0.19677952611277783
4_126_126766,0.8287957136627001,0.6004004654057418,0.8986057426836003,0.7593691216900593
4_126_126785,0.9146798620482831,0.8989222839547493,0.9514813917817067,0.9340216053603172
4_126_126800,0.5536458333333333,0.3167707138913662,0.608254822790489,0.40869489835724504
4_126_126806,0.866046928375427,0.633496943878496,0.9157527714864704,0.7380350146307593
4_126_126887,0.831898713020224,0.49721642310368824,0.9433232931726908,0.8160545986350342
4_126_126893,0.3564109120232874,0.2684984333574355,0.409213095921884,0.3283421473373509
4_126_126942,0.5264560996812518,0.25566583953680727,0.9826710240848049,0.9340683817797082
4_126_126969,0.8289244354932415,0.7054299769599601,0.9521660649819494,0.9373013795939732
4_127_127026,0.8554601342155896,0.8105684237692754,0.9308125930653053,0.9184084699453552
4_127_127080,0.9438075017692852,0.8629071249615402,0.9721511476990395,0.9261797085560276
4_127_127117,0.9069767441860465,0.7515099223468508,0.9646872429237379,0.8629615884208574
4_127_127358,0.8988534784298484,0.7619613165931456,0.8731310573223592,0.7090319695953499
4_127_127386,0.48389139260307645,0.43586573247240923,0.4887936149443987,0.42613563522926373
4_127_127394,0.24722791114773568,0.09101941747572816,0.3010025560215401,0.04921104536489152
4_127_127435,0.9639876108982098,0.8731266496667114,0.9844329534071528,0.9425389132258365
4_127_127445,0.8846944105868013,0.6827841392069603,0.960662685417068,0.9007486255702422
4_127_127517,0.8392006925407589,0.7725952602230484,0.9515335410857799,0.9296536796536796
4_127_127592,0.4295971195432175,0.1459842899382003,0.9511117445838084,0.7860992380598402
4_127_127620,0.7782177273160958,0.3763726776711099,0.9630775765298383,0.8757188498402556
4_127_127625,0.9391888903630976,0.7990763873116814,0.951823214530814,0.8315093299740178
4_127_127671,0.8645381613183001,0.739972337482711,0.9484350641563737,0.9122403113522995
4_127_127716,0.34251514771158303,0.23835535230352303,0.7868939210195577,0.5261515723786846
4_127_127749,0.010970015291536466,0.0,0.01851605611329034,0.0
4_127_127769,0.004962610469068661,0.05645668301269961,0.004227657059732703,0.05122153752021328
4_127_127785,0.09068037306025375,0.20586455505800585,0.007645531235382357,0.410835903857313
4_127_127788,0.5761832165676014,0.19903450459006014,0.9823955102643627,0.9341450216450217
4_127_127854,0.857425056316063,0.5563077447098395,0.91596478524334,0.6958447584897701
4_127_127894,0.8925334239746204,0.825472399940485,0.9323845627990802,0.8755922976106463
4_127_127915,0.7883723074086593,0.4668193025713279,0.9285897482871066,0.8215552402908317
4_128_128052,0.07860805449509693,0.3393435757268499,0.005634834169777286,0.4556763708640243
4_128_128083,0.9251325942955999,0.7045475811733882,0.9423004429365752,0.8159544709173339
4_128_128107,0.7294771968854282,0.47812822910003444,0.86206418520829,0.7477174435367612
4_128_128152,0.9293240435154626,0.7668275030156816,0.9674008356114923,0.8713442845621631
4_128_128173,0.29942334460131237,0.21115060940220545,0.7177047867013819,0.46098423930524285
4_128_128189,0.8800128199991988,0.6776227167412038,0.9667537616001441,0.9068561668903258
4_128_128245,0.4799498893585135,0.3305906365607858,0.5018329888790474,0.42394832511036096
4_128_128295,0.6284725384825576,0.5450059962309406,0.9356437981018934,0.8965716407442551
4_128_128324,0.9309491191386065,0.7432586576630014,0.9657088952910282,0.8684974654264481
4_128_128372,0.8362010567673757,0.690409450395435,0.8480798101602983,0.7280012249897918
4_128_128373,0.9385578153889916,0.8327062228654124,0.9823294984585307,0.9498799206432077
4_128_128411,0.9265108182044267,0.7408542246982358,0.9664048402505042,0.8942825225957144
4_128_128425,0.910446482132145,0.6170369010464476,0.8981645425380853,0.5737034331628926
4_128_128485,0.7464678870227087,0.12787813255311029,0.7352642849092753,0.09737937503664185
4_128_128511,0.9599473433605019,0.8594541361845808,0.9383937117498622,0.803246275519588
4_128_128521,0.9168147310612179,0.7301511673236021,0.9496467454250637,0.8343181714076313
4_128_128599,0.7632940937690278,0.5468646238497297,0.8522655305429213,0.6514813469620713
4_128_128631,0.8751239552344525,0.8239663411593601,0.9075922916182958,0.8743133735791592
4_128_128633,0.4784042467626478,0.3794365379029916,0.5195944456689442,0.4739719515093891
4_128_128655,0.7404482246523558,0.46943448395040394,0.7724802721731323,0.5519872813990461
4_128_128684,0.9186028226599049,0.7332810098433565,0.9721420900802257,0.9133830811074691
4_128_128692,0.944499645138396,0.8429450307607663,0.9786189714795672,0.9409073985426307
4_128_128762,0.5346487786040833,0.1367908694192682,0.548153409090909,0.18339916288392383
4_128_128805,0.8252580752580753,0.7423244169192252,0.9430179735334782,0.9417756156886592
4_128_128828,0.8483677987658392,0.7017396875462028,0.9459131967393699,0.880715470267709
4_128_128830,0.6973222239689776,0.34736617729343744,0.7453764768613365,0.4061492754841784
4_128_128849,0.7208549222797928,0.45151268361837543,0.8248871695680207,0.6022823629169022
4_128_128867,0.8997901129817354,0.7128410532994924,0.9781473507065608,0.9259879588972885
4_129_129015,0.8886693981075017,0.5042657080002146,0.9310850439882697,0.6188205634111587
4_129_129095,0.9390973132372215,0.8257885081957512,0.9790800415800416,0.946153354223956
4_129_129141,0.9264357180035857,0.7718078094458839,0.9702633032590683,0.909043062200957
4_129_129196,0.868787143588488,0.5951672989507502,0.9537679032339693,0.837030987704732
4_129_129283,0.7446949816956621,0.28522824768497973,0.9409947153085578,0.7788848844604621
4_129_129409,0.8448303329616058,0.6553716355632996,0.9134243595940068,0.8499641062455133
4_129_129425,0.6782728674620566,0.5095957396925345,0.6629055303412338,0.5487871728107442
4_129_129438,0.9006632277081799,0.825636192271442,0.9319835495096488,0.8871995366348103
4_129_129551,0.9331434639891871,0.7540861196382643,0.9633683158420789,0.8305038083876296
4_129_129588,0.9277112627036057,0.8227610043712514,0.9729639889196676,0.9186324960513578
4_129_129806,0.9588579001264984,0.8884438127234354,0.9868256352484667,0.9644686012038451
4_129_129868,0.8056755978104293,0.4727265309452899,0.8317778521804637,0.5237629412244232
4_129_129870,0.6568864502929415,0.44384850861436487,0.6601147174034695,0.56201171875
4_129_129872,0.1965626609558405,0.1026358759038955,0.22233589087809036,0.10583050224956386
4_129_129938,0.5556946835707205,0.4559045226130653,0.7591893349772675,0.7461561269007582
4_130_130020,0.8805244755244755,0.785066912129151,0.9403405799899602,0.8940646955503513
4_130_130039,0.8681636006074034,0.5806765636407886,0.9184474487570868,0.7682746903920955
4_130_130042,0.821388452033251,0.7036337300837584,0.9015444015444015,0.8408048730408596
4_130_130043,0.9152635668954798,0.794536959386606,0.955182466369288,0.8926374118893371
4_130_130048,0.9312065162056677,0.8258533230160777,0.9389681433015123,0.8497535871603646
4_130_130070,0.8929891304347826,0.7595986544484399,0.9088632094267661,0.7622406155280951
4_130_130110,0.9369538443493051,0.7865468900562619,0.9324817518248175,0.7891502976664226
4_130_130290,0.9581873721379929,0.8374869422474257,0.9572446555819477,0.8478989430265532
4_130_130292,0.8348321095619173,0.6944379069585,0.9461667868300889,0.91636061559986
4_130_130314,0.5346636752553615,0.4432276291146875,0.5621663191209312,0.4629131263040126
4_130_130330,0.5840918742268422,0.05971938829171838,0.5809142353200558,0.10590799160177532
4_130_130344,0.8750570619921483,0.8143754361479414,0.9454027298635068,0.9311729070870739
4_130_130456,0.4812187164819449,0.12154361345877851,0.5223047098735516,0.24883194110151494
4_130_130556,0.9040488777739086,0.7173256516284905,0.9742662400890248,0.8820580341317669
4_130_130602,0.7769998703487618,0.8317654285067727,0.8555245072124462,0.9077254735651682
4_130_130704,0.7004208311415044,0.6113141862489121,0.8042069903223227,0.6710387040360808
4_130_130762,0.2614784694756537,0.0022642611934847712,0.26698822528018157,0.014138222234329456
4_130_130822,0.7692130518234165,0.634547808396523,0.9029360007409466,0.8539044622425629
4_130_130855,0.0038258575197889183,0.09307795698924731,0.0,0.08049667154525282
4_130_130889,0.8279606125276124,0.508807927134421,0.877418065547562,0.6805034107133414
4_130_130901,0.9812552068869759,0.9190635762822303,0.9851255748142907,0.9190291078031668
4_130_130925,0.47480968593397344,0.38416388537230983,0.5064833491129132,0.4760288005619622
4_131_131042,0.5515436944008373,0.3116030888542737,0.5793234128363813,0.37804282838142883
4_131_131044,0.20126126430757266,0.26722277100940256,0.21280122402142038,0.3033811314840934
4_131_131164,0.81756090852834,0.5973399180649868,0.902180017358452,0.7759617971482379
4_131_131261,0.24711750460837822,0.19289899123386636,0.2508223380271279,0.2133184855233853
4_131_131262,0.9274985883681536,0.862656952410479,0.9631016365722568,0.9361268888650734
4_131_131328,0.902619468339191,0.5969083458433075,0.9741302408563782,0.8706264455489395
4_131_131454,0.7388496325607687,0.10566788556678856,0.986437716065798,0.9229447308609124
4_131_131495,0.8819294138433676,0.6258131525720221,0.9688795644138068,0.8974188790560472
4_131_131498,0.5731844976796688,0.46510623596476075,0.7056280459047319,0.6546365449737904
4_131_131588,0.5828343107293301,0.27792262405382673,0.5954035388308955,0.3208727326244527
4_131_131610,0.8550037907505686,0.8299673014041162,0.8942687747035574,0.869758064516129
4_131_131627,0.8480775308121774,0.4662541806020067,0.8893604348149803,0.6404438682123246
4_131_131654,0.8567003753769153,0.5277147994683762,0.9190245676234631,0.8213467336683417
4_131_131686,0.9416754478398314,0.9000490677134445,0.9677170134098559,0.9374748085449416
4_131_131961,0.900636764397173,0.8473997522134591,0.9597115239389821,0.9464245756481156
4_131_131974,0.1478199267516775,0.0,0.1540293601493078,0.0020384391380314504
4_132_132100,0.5295732568936977,0.3985024958402662,0.9580802844023107,0.896219736655812
4_132_132238,0.7922527630256926,0.49972387894853104,0.9885728509039893,0.9534883720930233
4_132_132307,0.8012003000750187,0.7301489380452983,0.9011484227358628,0.8819675337375318
4_132_132365,0.10593534615315038,0.1409467455621302,0.1204397595322408,0.1445639632262627
4_132_132370,0.9571250111537432,0.8105965581255331,0.9854215183977644,0.928529364527009
4_132_132381,0.9086650056432207,0.7411458897433121,0.934999194680288,0.7922875327592662
4_132_132400,0.8900649506855906,0.6270962047661077,0.9492333631908952,0.7519877422560874
4_132_132405,0.9293986990322068,0.8665455120101138,0.9442771084337349,0.901992548193747
4_132_132455,0.9318817662084905,0.8339443522556246,0.9786567646109138,0.941239936924226
4_132_132457,0.9372509960159362,0.798361153262519,0.9394294188814737,0.8108690300344658
4_132_132481,0.3044837467797493,0.18426835691324167,0.3022227377517435,0.31380546041299573
4_132_132501,0.6025924480860103,0.24864073609368464,0.7491158327621659,0.6289765630739843
4_132_132513,0.8765337423312883,0.7986971896519636,0.8760914592048085,0.8001044035944667
4_132_132515,0.922266139657444,0.7813347236704901,0.9508386120074898,0.8580673709829083
4_132_132555,0.8585318424890618,0.7288604333989999,0.921501976284585,0.8244897959183674
4_132_132581,0.7462393078360043,0.6638408350332476,0.9428703937937432,0.9480551004308514
4_132_132583,0.5743735275219534,0.3832805650267901,0.5950980017575364,0.4246751679472223
4_132_132584,0.9277740654848473,0.7424125116135026,0.9827716933445662,0.9333304860339967
4_132_132615,0.7500864496369115,0.8522031219126655,0.7017142275802432,0.8680961883180573
4_132_132690,0.06794302806483311,0.23862210562336034,0.04487314343417343,0.3255463842599803
4_132_132784,0.8832212398297187,0.5859245283018868,0.9470752860982571,0.7632635954035836
4_132_132826,0.8705345669493704,0.789643198631171,0.9265886994504721,0.8977862042045391
4_132_132900,0.916752967418147,0.8216549372732439,0.926544739765832,0.8434555422305979
4_133_133027,0.9580665411173885,0.829620253164557,0.9818359375,0.9289295392953929
4_133_133075,0.028176295721856016,0.10214257325577195,0.016935904116727463,0.14733461311281748
4_133_133086,0.8969182727186702,0.7250233064014916,0.9464395021424199,0.8390164969610862
4_133_133160,0.812165596575709,0.4906960414289476,0.9138407911188573,0.7048928794680912
4_133_133166,0.09989565217391304,0.25769870641360815,0.07482117310443491,0.1963046106026593
4_133_133167,0.9211207640527013,0.8352530327165788,0.9485981308411215,0.8973771326712503
4_133_133201,0.8548186385214546,0.6277098614506927,0.9308255491037617,0.7803933434190621
4_133_133219,0.9275079099199702,0.7954535244170897,0.9696477683157162,0.9149212144504227
4_133_133232,0.7807881773399015,0.8779878244152515,0.7625830959164293,0.7179350363502968
4_133_133244,0.907381193124368,0.8262355835276828,0.9380448094517686,0.8705361409321143
4_133_133309,0.511179752463607,0.08190517974169843,0.4855806624309336,0.09376524038091327
4_133_133388,0.9103922662204871,0.9311744463072443,0.9483938132064248,0.949524795905934
4_133_133414,0.7465315785454267,0.6451246705858504,0.7801745031507513,0.6487429373175079
4_133_133490,0.22724905746839133,0.19168250766186912,0.33539823008849556,0.32210493228907455
4_133_133491,0.040483066940971674,0.29804508065377633,0.0004537685477893909,0.2733263260025873
4_133_133603,0.8052259927385003,0.5763582460011032,0.9498145773403113,0.889396223069421
4_133_133636,0.9005867887317085,0.7249634828458442,0.97997092553707,0.9280787382517849
4_133_133660,0.9429522031972734,0.6917429120072291,0.9252661928006622,0.8137755102040817
4_133_133693,0.3987459386876716,0.31908032633581634,0.40540674296319207,0.3175974774119217
4_133_133698,0.9549677419354838,0.8720771184784732,0.9574268483359393,0.8288482238966631
4_133_133759,0.7907529722589168,0.5645462890558597,0.8477185501066098,0.7579932874050521
4_133_133761,0.647649906459141,0.36740022379709064,0.7470857245337159,0.5836144375105414
4_133_133770,0.8853132915334468,0.5873468567985539,0.8807682447444881,0.6145170164269433
4_133_133812,0.1381441998359932,0.2333442730554644,0.15888271512239074,0.2420103434557751
4_133_133920,0.9312433816829611,0.7675819015524005,0.9485015322287436,0.8066543230657016
4_133_133974,0.8398491611513006,0.8026117831136788,0.9015183645771482,0.8942686491294954
4_133_133988,0.9066187098726007,0.7617872565435798,0.9363313696073767,0.8333790079473828
4_134_134054,0.9116840134128816,0.8182023283097193,0.980955547112462,0.9608998919343746
4_134_134095,0.9539534568765095,0.7668753949560522,0.95368838130754,0.7040096110527106
4_134_134121,0.9491632641324975,0.8342580073663108,0.9783165957960132,0.9188472844682184
4_134_134170,0.9590654613315237,0.8365043695380774,0.9861898641667297,0.941653766081247
4_134_134183,0.031268770095042926,0.034875444839857654,0.0005210659520619325,0.12081791477511158
4_134_134206,0.46078351523049355,0.3989143192488263,0.3275797058946751,0.32574815551686975
4_134_134216,0.894391464450949,0.8523268534881764,0.7730489301262333,0.5644406111384919
4_134_134310,0.1736635836337984,0.005301676943467989,0.19042871385842472,0.01647641611027353
4_134_134338,0.9206126356094448,0.8200565574645182,0.9527678450187842,0.8802923186909206
4_134_134339,0.883011845542712,0.7147092663067528,0.9212659204940178,0.8058775584133309
4_134_134356,0.603204327923429,0.8612841399137517,0.8469023034154091,0.9583193151657882
4_134_134378,0.9406828057107387,0.7762208463293143,0.9720774288183985,0.888761296120625
4_134_134424,0.946192232588414,0.7939109113199837,0.9526809621312693,0.8230106900711285
4_134_134559,0.7894341974653154,0.27027249696195754,0.9071382166639598,0.6018770988203553
4_134_134592,0.9488658116385911,0.7963751044912227,0.9767945621592012,0.921683203262873
4_134_134647,0.8480187973939977,0.5803653290076874,0.9079717457114026,0.6364970093668886
4_134_134652,0.9371302733278639,0.8433761508352169,0.9741539859186918,0.911017425519955
4_134_134659,0.7130954924161504,0.5858881011688063,0.8713303803268673,0.7483714186526169
4_134_134664,0.93280862078073,0.8600065189048239,0.9603894297635605,0.8888335822133732
4_134_134679,0.769789029535865,0.5522778387991004,0.8487411108975591,0.6384053753769642
4_134_134689,0.8613815484469171,0.7674015679819812,0.9068193649141072,0.884262177005492
4_134_134692,0.9022610135058876,0.867098919368246,0.8598229944124964,0.8077004892576047
4_134_134693,0.8317577090996596,0.5511133603238867,0.9734415344891184,0.9333497294638465
4_134_134720,0.9154375614552606,0.8212227481178115,0.9723998567555123,0.9508141638666322
4_134_134777,0.8904159527541832,0.788781712473573,0.8755097145598465,0.7729537830179461
4_134_134797,0.9447120648127874,0.8560238878310542,0.9669589187947472,0.9259207328472612
4_134_134940,0.9465530208072198,0.7706011551289351,0.9669722858928943,0.8675544794188862
4_134_134943,0.7024009771044709,0.24693449670683412,0.9690320086823365,0.8440627843494085
4_134_134970,0.9647259348562639,0.8227885425442292,0.9855667885566789,0.9373834390152928
4_135_135051,0.9461349059184728,0.8128743985073161,0.9785839299920446,0.9086342860013059
4_135_135123,0.6214372993094825,0.27565221092054304,0.679990335162749,0.4355645840558886
4_135_135127,0.9164008120649652,0.8056453350570998,0.9439405785770133,0.8986048639170542
4_135_135138,0.9570401916422677,0.8740940632228219,0.9831258644536652,0.9509167613175401
4_135_135150,0.8818440599564115,0.661940010107316,0.9713858424725823,0.9175154395835354
4_135_135184,0.8014773073408468,0.6698762480209377,0.9382519863791147,0.8918178705922629
4_135_135259,0.9179341284604442,0.80309513621452,0.9348141274720176,0.827125328659071
4_135_135266,0.7975220470732141,0.44811114580081174,0.9334596656192281,0.7507197883433195
4_135_135294,0.790008431703204,0.6483784900980798,0.9214554579673777,0.8707587075870759
4_135_135296,0.4671523549940138,0.5132283108464611,0.36899503036996134,0.507060141949944
4_135_135297,0.8022182826492114,0.6795046439628483,0.9198097914189992,0.8497235961594414
4_135_135395,0.9444800286951398,0.7949686106814666,0.9599178074880581,0.8477783086478738
4_135_135402,0.9057470051190036,0.7822564579321336,0.9412234649623373,0.8706624605678234
4_135_135492,0.3599153407158245,0.147071329860742,0.9778404933626006,0.959013698630137
4_135_135531,0.79802532732346,0.6311086672623548,0.7766280245856998,0.6178079346396178
4_135_135659,0.9314521259001043,0.7503992484734617,0.9430096051227321,0.7943064334362291
4_135_135701,0.830516463537809,0.842359014317717,0.9051459293394777,0.9010708822029577
4_135_135739,0.7836175859984759,0.3842552713381521,0.9689502872513532,0.9000102291325696
4_135_135773,0.8751131221719457,0.7899128401360545,0.9090433189373118,0.858035905107929
4_135_135774,0.8800174520069808,0.8046434297250757,0.9409337325026297,0.9307549504950495
4_135_135781,0.8679951914185315,0.7656832098659702,0.935646078829744,0.9070785696910727
4_135_135795,0.8717321112384127,0.5659008081128188,0.9687919728213636,0.891110034784906
4_135_135809,0.6597420090141429,0.469532643596147,0.8741216471477143,0.8379414963649894
4_135_135945,0.29989023051591657,0.147475712693104,0.30326190801146446,0.15040215841987375
4_135_135964,0.5474268983897,0.2308228487784477,0.8903205726735138,0.7364749430523918
4_136_136025,0.9706835518771502,0.9252086385933618,0.9809382665576452,0.9474498678186859
4_136_136057,0.8540974529346622,0.4890476535867121,0.958145788273806,0.8449707782220856
4_136_136065,0.9492632212054818,0.819260993144959,0.9766056805107497,0.9264610666212302
4_136_136256,0.9510287073095082,0.7844439311698811,0.9602013302175085,0.6962390124405591
4_136_136419,0.6874447842337751,0.4898823353069025,0.7192541679378354,0.559665961305925
4_136_136517,0.8419258046917621,0.8654712481229573,0.9351280710925248,0.9464195663136662
4_136_136550,0.9671672645467259,0.863938368727836,0.9861177997864277,0.946530681915166
4_136_136593,0.7841719393391584,0.8589094997189433,0.9498064753947287,0.9716539122286428
4_136_136640,0.9293427286501046,0.7915430532222897,0.9534204496814966,0.8371409921671018
4_136_136642,0.8868990672088017,0.7858324560084223,0.9338334728572348,0.9096632750576199
4_136_136687,0.9623754457293299,0.8856390757531442,0.9598551368341932,0.869193836534167
4_136_136759,0.8815939278937381,0.880262399077278,0.9499437570303711,0.944814389590509
4_136_136792,0.9095845584748175,0.7220455838548814,0.958248393672748,0.8466190833959429
4_136_136917,0.31103294249022895,0.16791009313818667,0.377153180405008,0.3812297734627832
4_137_137087,0.8964884230473145,0.8298329588746703,0.9628345220179284,0.9390530996599529
4_137_137110,0.5973913943618233,0.50052360788599,0.749770290964778,0.599658203125
4_137_137215,0.2620795665867633,0.0,0.1560011418559096,0.2221278159230257
4_137_137256,0.02054240032382109,0.10666404753719982,0.05628476084538376,0.15797221455515686
4_137_137270,0.34523316164426815,0.35692229601116704,0.3499546325234399,0.4239601386481802
4_137_137280,0.8955437448896157,0.8112329465765651,0.9533184190902312,0.9097131005876253
4_137_137324,0.758968511534076,0.6081343943412909,0.9361351577771572,0.8302221713238662
4_137_137444,0.7493631770159102,0.34347826086956523,0.7764290633608816,0.3873751286050911
4_137_137457,0.14379441624365483,0.0,0.14530462548569523,0.010154709993429305
4_137_137461,0.8227567383145684,0.7827157598499062,0.9532868525896414,0.9445753965725935
4_137_137616,0.9598022235879099,0.849454430446471,0.9913472706155633,0.9647763894385707
4_137_137626,0.8621500936284631,0.7155062808320195,0.963190517616355,0.931845796973379
4_137_137663,0.8433023040866178,0.509845121496594,0.9724944062958105,0.9135132140284781
4_137_137833,0.909070191431176,0.8034038006563382,0.9846255579434617,0.9690969345484672
4_137_137858,0.620497932130043,0.3646558715775932,0.8915763802822533,0.6860248305971167
4_138_138052,0.714828681642841,0.4745474425950674,0.8426661236679562,0.7630112923462986
4_138_138100,0.8902557947640837,0.7953007658561975,0.9536243822075783,0.9020122484689413
4_138_138232,0.36723114397817935,0.46258429410485097,0.3765128819652486,0.46212411415437654
4_138_138332,0.821889924058561,0.5699689498686341,0.8850571476831259,0.679270249725499
4_138_138371,0.9414000958969793,0.7852395755172045,0.9794079328314997,0.9303456043630328
4_138_138637,0.008282208588957056,0.0654949677031696,5.0097690496468114e-05,0.038162782843633905
4_138_138720,0.7304043741185108,0.23834212693281284,0.9221828455304701,0.7515203795557472
4_138_138730,0.857023474891742,0.721164293475153,0.9463406492531086,0.8981372163190345
4_138_138754,0.8070895237124436,0.29424373111587426,0.9523425738659692,0.7801881768151961
4_138_138762,0.9019898888954206,0.5683488486036257,0.9719800247282303,0.8563868465702513
4_138_138864,0.9038587311968607,0.7839124662363228,0.9672283851299857,0.8856177382770911
4_138_138867,0.7562349708004122,0.628050192156318,0.9468824201917158,0.943
4_138_138880,0.9109574997803228,0.7323091053312737,0.8378916862887158,0.6386108583560813
4_138_138906,0.9374716467563889,0.6816053511705685,0.9535875956085124,0.6902302976749324
4_138_138911,0.6914073788652345,0.6249157448158281,0.7945259817532725,0.8263064773659
4_138_138914,0.8974266631744369,0.7293617021276596,0.9736394249918529,0.9272561715904493
4_138_138932,0.8456459795677254,0.8334837939369231,0.9544939729795324,0.9513829619092777
4_138_138935,0.8052048260381593,0.7242032078199215,0.8330204265545209,0.8136774807862341
4_138_138939,0.8669788122747331,0.7677754895458829,0.8649512902506136,0.8151973558761838
4_139_139018,0.9512276045122761,0.6456339128736082,0.9772392532967974,0.7459482600452572
4_139_139056,0.1519020550940096,0.16820080288714975,0.00011790665161953207,0.5900701948103163
4_139_139062,0.9591232227488151,0.817704280155642,0.9709138570512285,0.900897460378079
4_139_139102,0.8523334192787948,0.7483955468238376,0.9076343462780492,0.8628805498663519
4_139_139123,0.3961744966442953,0.0,0.9274678021120971,0.6810414971521562
4_139_139219,0.7539758269720102,0.4971429812935885,0.8967629737955022,0.8667112723174983
4_139_139232,0.18436487787796552,0.21575109956607727,0.765308056872038,0.504503385303435
4_139_139240,0.4146609637040259,0.4043465405085748,0.4205965386031668,0.3908544135857067
4_139_139244,0.8236624412307326,0.8262161935862011,0.9055437383674555,0.9146181949393352
4_139_139245,0.9112327656123277,0.8687710718387611,0.9638759216439073,0.9465301478953356
4_139_139246,0.8830318462912133,0.8006987454343338,0.956877511857779,0.928409743572418
4_139_139249,0.7188355312266733,0.5057315936626281,0.8672896054720899,0.7175334066061202
4_139_139256,0.8984242995795513,0.8354465270121278,0.9576505639497765,0.9315608279065909
4_139_139261,0.6081964830693213,0.4026541614827575,0.7269865392965696,0.693523010357939
4_139_139325,0.6856576338400528,0.25981823818303446,0.9623950483385381,0.8729696460203561
4_139_139369,0.9369806094182825,0.7642252177024932,0.9636727130875756,0.9002471219335785
4_139_139387,0.9470368076684886,0.8434367927578403,0.9737354360030468,0.9239471231251589
4_139_139403,0.9523728813559322,0.8231113857562181,0.9717336405121616,0.8309221752355516
4_139_139410,0.9062809449710001,0.8140210028314397,0.9660925933029036,0.9266798569363062
4_139_139482,0.38434803788396865,0.037245298990265435,0.3873599529460872,0.20404697380307135
4_139_139513,0.31339698182938097,0.05311125993652273,0.6109924925959088,0.663674989258605
4_139_139556,0.5802066570678411,0.18904627524041753,0.85865411074082,0.6686201639031828
4_139_139680,0.8047349050034815,0.7492486707251291,0.935138316656857,0.9377340061859026
4_139_139734,0.37022797001825314,0.24613346917982679,0.8574346405228758,0.806915103004855
4_139_139824,0.13634380685868722,0.099158261374356,0.13486007767031163,0.0
4_139_139965,0.5896473906911143,0.43250730179759717,0.6415514376195404,0.49996968410840964
4_140_140016,0.8735115704336104,0.6612399643175736,0.9203573465120699,0.7906320073083631
4_140_140067,0.2606006971799825,0.1285253356069345,0.4140897950670073,0.3958098670871818
4_140_140136,0.18029716037294052,0.17981400179389131,0.22411894273127753,0.1712956230914643
4_140_140140,0.9021386479507383,0.7395431745636944,0.9275287475039592,0.7917151100202385
4_140_140266,0.7361702127659574,0.7997136721546171,0.8628428927680798,0.8996683250414593
4_140_140285,0.8293360976299298,0.7485824798909938,0.9323372924168324,0.9023974225338767
4_140_140318,0.8785357189843441,0.7965344989072745,0.9400226881838475,0.8762358700202892
4_140_140326,0.13932878105477262,0.12023815938358748,0.25080098744681967,0.3770271028561809
4_140_140347,0.8674963684189863,0.7389791675505961,0.9263351749539595,0.8611535351720421
4_140_140448,0.44378743861994496,0.24527715420480056,0.9615539336819723,0.8975415979613252
4_140_140686,0.9383351588170865,0.7396712572190137,0.9801785093311696,0.9300346881340402
4_140_140696,0.2796275035081005,0.06043246986245318,0.2608076174589936,0.20885451393519136
4_140_140699,0.22171397441436702,0.0,0.22268867924528302,0.0
4_140_140700,0.6675625676288875,0.25483219117905465,0.8700669282252481,0.7268564602826996
4_140_140705,0.9662576687116564,0.8861345336968237,0.9805840444688014,0.9336561109657158
4_140_140735,0.30403468985969545,0.23587792712824415,0.8983214199662678,0.8577225332579999
4_140_140766,0.9288179266553168,0.8089579996900346,0.9616524908869988,0.9194112040665043
4_140_140875,0.9180137824434855,0.7609550818772299,0.956012538321105,0.872841673983026
4_140_140899,0.9205049888006516,0.7782990854020667,0.9444894824422921,0.8396405518288824
4_140_140907,0.8828205904376504,0.4485531651659908,0.9774952117471802,0.8635060413680115
4_141_141015,0.8281299776999044,0.7975809320526503,0.9507289167743126,0.9407496977025392
4_141_141033,0.27029446497276294,0.0,0.2760673534304141,0.0
4_141_141115,0.8553891480481218,0.7422718201441779,0.9486285229522103,0.9363897113249445
4_141_141132,0.191725616701925,0.1957555433204865,0.0014456054564329444,0.5354591736059039
4_141_141180,0.9597126878528452,0.8198482549317148,0.9817976848414859,0.8455023364485982
4_141_141190,0.7499755930879625,0.7163496110348434,0.8781362007168458,0.8873529411764706
4_141_141284,0.8795439349685048,0.7752290133653702,0.9471444998083557,0.920009373901496
4_141_141406,0.8631327173113091,0.6552617445423814,0.9068462401795735,0.7770461601446556
4_141_141410,0.9238665751834063,0.7187454412837345,0.9667982870808075,0.8747906876249122
4_141_141412,0.9706914435788219,0.8588768409127691,0.9855667763531147,0.8664102297536126
4_141_141471,0.8256997019629337,0.7027012527160064,0.960029158060989,0.9347839979550102
4_141_141472,0.24580049646928398,0.275169475517871,0.3981877378103793,0.46244298966833175
4_141_141474,0.6566835999696717,0.3739509902651897,0.741748747191982,0.6673477727829996
4_141_141480,0.8021917534027222,0.6760391711848023,0.9227799227799228,0.8698379766844497
4_141_141483,0.21171817782334848,0.01585160202360877,0.0,0.2677836633550822
4_141_141568,0.7893230945304857,0.43646884579616296,0.8052198484067434,0.46861895196814324
4_141_141591,0.690816526336401,0.4134684318692348,0.8701540545115964,0.6688993078812235
4_141_141718,0.8383176156134954,0.5508300243984117,0.9502443620090679,0.8770422535211267
4_141_141727,0.3544796883695047,0.17998926505377413,0.9615533980582525,0.7839259555200426
4_141_141728,0.9159198052116251,0.8208704145864988,0.9824620573355818,0.9638025374301005
4_141_141743,0.732250793976027,0.6707700144324645,0.8791423001949318,0.8727232748195112
4_141_141747,0.7127762231014185,0.49633577614923385,0.853391171815464,0.6897945292891479
4_141_141769,0.9120363244574419,0.8646211646837821,0.9584752097001911,0.9374916432678165
4_141_141771,0.7981935483870968,0.6902682592520071,0.9514665541253429,0.9103277674706246
4_141_141791,0.2260632408303127,0.0,0.23137853700434222,0.01924864446165763
4_141_141857,0.9519119351100811,0.8577310717797444,0.9853998786933541,0.9556065573770491
4_141_141883,0.45001541148669477,0.17275416926485612,0.34190042310153484,0.018747748943188064
4_141_141892,0.9191705562038117,0.7474224843066387,0.9814585256494791,0.9371099800840894
4_141_141894,0.0,0.0,0.0,0.0
4_141_141903,0.7930991888664718,0.690504140359783,0.8935309338979064,0.8222638972435512
4_141_141904,0.9597365247240004,0.8758251219745528,0.9740757295191877,0.9096347453917611
4_141_141905,0.9409569589829544,0.8454498582108791,0.9605319889887566,0.8976852666784016
4_141_141906,0.9278221081412867,0.7635363261222958,0.9744981656575298,0.9180774556662349
4_141_141907,0.8653480295938396,0.6738392215764383,0.9779629502100406,0.9458229334899427
4_141_141914,0.7405990081611933,0.40737140857664944,0.8002454322334334,0.5997125977965831
4_141_141919,0.38310294591919575,0.17429181494661922,0.42500651146638224,0.2368236736123271
4_141_141959,0.6259879125987913,0.29009112810306903,0.73715953307393,0.4944613993444105
4_141_141975,0.5356055550921678,0.3502914496602628,0.5453765562502011,0.34719353943839965
4_142_142009,0.9520772089411503,0.9085588487972509,0.9706492907392458,0.9522758620689655
4_142_142011,0.4254752687553067,0.23982584289878017,0.4478540772532189,0.2741032739528166
4_142_142037,0.8118036735922914,0.5653727077875684,0.8502815949538184,0.6273365925804198
4_142_142071,0.952522801953137,0.7116701875680174,0.9773395551009972,0.8525265529449629
4_142_142102,0.9343645706415215,0.6809080146188294,0.9226280225610096,0.7702181577787571
4_142_142115,0.9198498802924746,0.8278677333915845,0.9492930502463962,0.8860281123406106
4_142_142131,0.9557801642451043,0.8167464870269986,0.9827015851137146,0.9630533079485959
4_142_142233,0.19809471830112382,0.14941254125412542,0.2176039739463213,0.15674282109651408
4_142_142237,0.7769757311761045,0.6596494242997079,0.83310937919914,0.7947694150529048
4_142_142258,0.5635820523990291,0.17150578052299004,0.9897043585616967,0.8364946137069592
4_142_142301,0.9245321399511798,0.8006248894653069,0.953381169819526,0.8571948335455704
4_142_142305,0.3695678228145449,0.15280987915208347,0.7968387776606954,0.5342267294458529
4_142_142344,0.0,0.0,0.0,0.0
4_142_142364,0.5870579636813403,0.2528188026044148,0.887127583749109,0.638525459688826
4_142_142405,0.7954367934224049,0.33379125372060314,0.781147796821778,0.3225411552462872
4_142_142457,0.6612228461486834,0.41699241502498124,0.7054645210277513,0.5371347282318771
4_142_142469,0.8631676684748082,0.47812832328961363,0.9747821249768218,0.8507616834495223
4_142_142509,0.9134200593151793,0.7959224706450057,0.9663831806402161,0.9289454325154701
4_142_142520,0.7660723130262507,0.5731278723979454,0.825771826933717,0.6933840244571607
4_142_142527,0.9164198053322048,0.8815864484078508,0.9541534271448026,0.9395955976452521
4_142_142529,0.6595365418894831,0.5744823214537259,0.7487406688110699,0.6780980847131003
4_142_142537,0.30963783685831886,0.4256865635821305,0.31623008731587016,0.4610706456403366
4_142_142541,0.8503563394393089,0.6172213394858846,0.9202312138728324,0.8120666906561113
4_142_142588,0.0020477815699658703,0.050245220698628766,0.030736457699330495,0.2415781065499757
4_142_142598,0.29498221708017314,0.27921409636675504,0.3579538343256629,0.4148357989717763
4_142_142625,0.7606630725785748,0.45531597820518793,0.8675011512538201,0.6931818181818182
4_142_142627,0.8799864391456662,0.8606509124547977,0.9576706324358172,0.9233954451345756
4_142_142628,0.8482749775554701,0.8032283533643302,0.9387960829493087,0.958414554905783
4_142_142635,0.8734115563427053,0.6646409162624906,0.9617069449229709,0.87296
4_142_142638,0.6040819856438641,0.5244279159043878,0.8364654138344663,0.839894900068918
4_142_142642,0.9073115745247733,0.8266771488469602,0.9586749573543168,0.9370134465675867
4_142_142643,0.8963033815337872,0.8469052127977673,0.9543239951278928,0.9333229068918778
4_142_142644,0.9110734702519585,0.8802086351782092,0.9316188048286721,0.8877860812704343
4_142_142647,0.7569377061905685,0.693069838627393,0.42920161990164885,0.3514182138833097
4_142_142656,0.884648207851318,0.4641727900244934,0.976029388445478,0.8881527902118771
4_142_142658,0.8613997459550632,0.4480903472500111,0.9697444174114133,0.8594558504423302
4_142_142667,0.8630895091434071,0.5982783357245337,0.978039041703638,0.9332700071241985
4_142_142677,0.8561857718730483,0.7316747198519584,0.9522368844544576,0.9227639808124355
4_142_142715,0.31333165955310066,0.21689381240434372,0.4312120784535064,0.3865546218487395
4_142_142738,0.6001591788566567,0.39710074604233636,0.93985125907885,0.7686136600912138
4_142_142742,0.8577752037397096,0.7991073010025151,0.9352743247032433,0.9352525921023604
4_142_142758,0.9037421321793863,0.6359253306960069,0.9381002638522428,0.7852518328096735
4_142_142765,0.23989516129032257,0.0,0.0021229825397223404,0.4503824579296277
4_142_142789,0.688859752438943,0.5438765670202508,0.7155520306048659,0.5996673722407015
4_142_142848,0.35759149655755523,0.1894662682506134,0.3724783406058306,0.2418660417461442
4_142_142887,0.9013615090058148,0.7848876328892478,0.9661884451337728,0.9387196924896511
4_142_142894,0.9169668555292073,0.5684216051650832,0.9877216111449991,0.8096315092674315
4_142_142916,0.731003955547184,0.3119553768074308,0.8623490023978645,0.6740954739303894
4_142_142947,0.3038395638629284,0.0,0.40947799450520533,0.17340389595766242
4_142_142948,0.8609176388647048,0.7261321249113721,0.9184875176407611,0.906195864509233
4_143_143056,0.8652407962715416,0.6519835596854896,0.9810653349979193,0.9454205395601905
4_143_143078,0.9293470714027828,0.7208990271720899,0.9763325848008509,0.9124251907977818
4_143_143191,0.9252486531288852,0.8347112023525495,0.9775441686388904,0.9232587638376384
4_143_143196,0.9016596653123063,0.7990472700622939,0.964823371590401,0.9254697615663983
4_143_143198,0.867090689768615,0.8588613899318059,0.9388834235120511,0.9374592833876222
4_143_143199,0.8759550561797753,0.7161375813792706,0.9025238295066244,0.7797885683569252
4_143_143253,0.8046915865287892,0.4895889390238854,0.9294271808311494,0.7305723354151735
4_143_143262,0.7548452395606801,0.36298029176138247,0.805581994699155,0.457508017355216
4_143_143495,0.04096681687832855,0.43476456383942047,0.009962272023923361,0.49020942747844126
4_143_143505,0.7772265532719111,0.3631291501316255,0.9701857826232061,0.9108424831081081
4_143_143609,0.4813461637420882,0.20473742196107234,0.7613155053566979,0.5099850224663005
4_143_143630,0.9596392333709132,0.8948892501524081,0.9730466619926774,0.9341499162479062
4_143_143648,0.7743247922437673,0.49141159757200054,0.9255279135994842,0.7940866478060686
4_143_143691,0.891091665471238,0.629451354574885,0.943679714865114,0.7669917554795898
4_143_143733,0.8886147660818714,0.7617723124969502,0.9090332341027768,0.811498293868266
4_143_143735,0.48214702450408403,0.5221214492887067,0.46477000166235244,0.5323013221662825
4_143_143747,0.7935319090187416,0.656199764226771,0.9176062073991512,0.8488925778690315
4_143_143757,0.5702539550374688,0.49314268298877434,0.7213289940253558,0.721713951267597
4_143_143776,0.9333483160496998,0.8270326471199834,0.973454955416624,0.9266010717736977
4_143_143828,0.9839873520350252,0.9074936979604308,0.9898786257971611,0.9289033457249071
4_143_143913,0.9286168723756203,0.8088571085206105,0.9564650326062514,0.8847085118271559
4_143_143962,0.16127905109971574,0.0930836269237901,0.07321815094681995,0.1757615179152193
4_144_144039,0.8068,0.46262850791886634,0.9035139964264444,0.7829227800960201
4_144_144110,0.37581159649797524,0.45356133408705485,0.4035521693959333,0.5537625969296456
4_144_144178,0.9666559305656796,0.8535731222412724,0.9895063242353106,0.9563681534101937
4_144_144346,0.47712454568154705,0.2421691221988362,0.9738610903659447,0.9288100540884505
4_144_144363,0.6986359761295823,0.49640797328746333,0.8616094395671872,0.7025621390510832
4_144_144374,0.8972148541114059,0.8105622125582705,0.9413079554306228,0.8977295359490142
4_144_144408,0.8677709152161707,0.6524792765636774,0.9104025162966677,0.8035993990346194
4_144_144439,0.5686471498322249,0.5689618644067796,0.5904596557345811,0.5995301596075451
4_144_144500,0.9692257607384286,0.8499029640084685,0.9872602739726027,0.910958904109589
4_144_144604,0.9424154156397042,0.8819095477386935,0.958303886925795,0.9031784841075795
4_144_144643,0.30749288594822016,0.2001067235859125,0.35517805657289797,0.30723699618881345
4_144_144682,0.8970295513703874,0.8049779701630981,0.9362655601659751,0.8697750511247444
4_144_144722,0.31675323011422435,0.13917849845444544,0.3663851158543545,0.21595459561721583
4_144_144785,0.9366430827037614,0.7368477179013223,0.9882470670896587,0.9547977795400476
4_144_144868,0.8310718418007784,0.6371068890230873,0.969956002514142,0.9390984074285418
4_144_144961,0.9770173300839426,0.872112518628912,0.9835494550972548,0.8484688953233307
5_145_145114,0.3928241983671334,0.3861576850676356,0.39780613387060665,0.3829593573152875
5_145_145174,0.8143830703012912,0.6295535050509468,0.8494697903822441,0.7718788707128519
5_145_145275,0.9421199688759991,0.7900382661062668,0.9704907161803713,0.8745053344730427
5_145_145322,0.8712928097543482,0.8358288602191041,0.942915514962144,0.9295985620131816
5_145_145349,0.9022231973087611,0.7520185089003258,0.9829908721701717,0.9558103234835029
5_145_145398,0.8476794922649742,0.5096671519994582,0.9731737042081869,0.8674829291264422
5_145_145486,0.8769379066591694,0.8348201917216158,0.9220870174209927,0.9066288214771451
5_145_145523,0.9327977273736073,0.8279014977281651,0.9740223201725593,0.9105572701333489
5_145_145612,0.15838304104011144,0.0,0.1703540249378481,0.02465379121902751
5_145_145707,0.891860465116279,0.6193736186728478,0.9616972046776312,0.7910134687568999
5_145_145717,0.4126943963252039,0.14865022788360407,0.43391592648684046,0.1843974241030359
5_145_145732,0.9138332176823544,0.8336708860759494,0.9434518721148915,0.8832811742407546
5_145_145766,0.5136176215277778,0.2012090715309082,0.7089460784313726,0.5202262711306979
5_145_145770,0.9066539584202061,0.8250280303974088,0.9245758970801539,0.8854520952319835
5_145_145834,0.9347767616998386,0.8346729916106645,0.9706389113541264,0.9294842115010649
5_145_145839,0.8491774639685544,0.6535294117647059,0.8846459824980112,0.7555227618281013
5_145_145845,0.8851627355382791,0.861345239088709,0.9545749981945548,0.952391565996523
5_146_146158,0.9427938362372847,0.9310419368785128,0.9604244031830239,0.9565379176899605
5_146_146174,0.21690337476843774,0.11174203317502925,0.23576646742739843,0.12813183710918202
5_146_146290,0.930747644818601,0.7718622861892471,0.9679716237519705,0.8884477040220489
5_146_146319,0.8831702397848659,0.8465902950394467,0.96334214002642,0.9493227463801962
5_146_146327,0.686389273172289,0.4323762453910724,0.9362137810996212,0.8523153942428036
5_146_146330,0.4799822311066689,0.422038870553722,0.44565217391304346,0.39242881318519607
5_146_146332,0.9092693404436544,0.786620009782895,0.912137717170914,0.788653035189057
5_146_146373,0.9409485300311684,0.7433612440191387,0.9743058433485288,0.8491609810068228
5_146_146431,0.9597634776181457,0.8607813334428789,0.9749261130708361,0.9134261414124317
5_146_146464,0.26866292368475775,0.0,0.30071624295130184,0.0
5_146_146546,0.9473725306473022,0.8446645655110311,0.9707747337614828,0.9008963301200744
5_146_146551,0.9404495144971821,0.8350669818754926,0.9371724040232328,0.8043029767167699
5_146_146552,0.9461547558043281,0.8587650415230778,0.9618464052287582,0.8928571428571429
5_146_146553,0.940738813735692,0.84,0.9840183897980406,0.9575564445047122
5_146_146579,0.8982382653689787,0.8047343394666115,0.9452108789909341,0.9130828429153464
5_146_146593,0.585258832107112,0.3203595855624027,0.6169767605139367,0.4581150357726325
5_146_146599,0.9574148692423166,0.8526969992115394,0.9685544811895669,0.8876304581831796
5_146_146660,0.8612734470732397,0.6419929639905042,0.9769552693081146,0.8831303724928367
5_146_146821,0.8810793600254716,0.8130283083342326,0.9484589935573742,0.9245852763550187
5_146_146838,0.7284730545003961,0.46883558253868746,0.7652375744861294,0.5056942171303873
5_146_146987,0.9046020761245674,0.7516510953608248,0.9491120728249515,0.884826161171503
5_147_147030,0.7514505879102324,0.8110305485951911,0.7394199100471013,0.8235109307500982
5_147_147073,0.9139418585481123,0.8052769634315692,0.9392714904503038,0.8703920884972582
5_147_147132,0.41092234744692513,0.4084206586826347,0.4176615317488213,0.4076907384740922
5_147_147338,0.8981344596972897,0.7270546997509455,0.9558521560574949,0.8384063590538968
5_147_147342,0.9410180065220474,0.8362886952041562,0.9714750823189907,0.9359996313873657
5_147_147349,0.93667060076571,0.8368501529051988,0.9838321712389246,0.9601921198306741
5_147_147364,0.9387621234128286,0.8464807591546836,0.92079399661099,0.8091934084995663
5_147_147367,0.8200722087655957,0.6122920517560074,0.8819511697843927,0.7654119238138172
5_147_147389,0.44251192858242266,0.2682156553124295,0.5050839441948451,0.36531848698215164
5_147_147394,0.6894998690756743,0.35567586916640564,0.7488413785211603,0.439038517231393
5_147_147401,0.8974671453509436,0.7889563210530814,0.9531600099583881,0.8638597307435085
5_147_147693,0.939171041386888,0.8487755515077919,0.9897043635424735,0.9698560027758502
5_147_147694,0.6810858070694034,0.4564831993403422,0.6590382504776229,0.5781557215886748
5_147_147712,0.5094604810630663,0.3088443396226415,0.527639748115849,0.4663793595524859
5_147_147898,0.7449878009971359,0.4571273796625909,0.7644319447741841,0.46626215366620366
5_147_147978,0.6590265606040178,0.5483579391382947,0.8360715148586615,0.8657929331155638
5_148_148004,0.8616545556176635,0.7027828191167574,0.9315824589070176,0.8526351124538436
5_148_148059,0.09533338669655007,0.20455375624010716,0.1016688325011969,0.21253507951356407
5_148_148067,0.1681311475409836,0.23712065762062948,0.14643020420603475,0.10627728435947614
5_148_148183,0.9450501526384649,0.8753054906859284,0.968301955934222,0.9272788961773355
5_148_148271,0.18376999265882807,0.19547555817842038,0.18689415450895916,0.0
5_148_148348,0.8755480607082631,0.8341010165184244,0.9733199093883715,0.9554173146708139
5_148_148420,0.7317145984675092,0.8681975308641975,0.8419585987261147,0.8629123697424546
5_148_148437,0.9629229418518268,0.8924597083653109,0.9723879561537394,0.9194531864673485
5_148_148438,0.9524049104447575,0.8761520737327189,0.9903290234416062,0.9752720079129574
5_148_148493,0.9472680259420966,0.7907966275313214,0.9647587826164001,0.8493705217989718
5_148_148498,0.9428715724428864,0.87046758637529,0.9642468521685061,0.9136477462437396
5_148_148588,0.907301422129726,0.6897532243322839,0.9042714152700186,0.6583664373607209
5_148_148593,0.9399396735273243,0.8783051632322297,0.947054992090816,0.887176587021066
5_148_148599,0.2836296617519514,0.15691771302033028,0.7457090196981915,0.6843079200592154
5_148_148658,0.38686276638083866,0.005055117083034375,0.4067677324862572,0.014968955554189462
5_148_148662,0.9002982961727084,0.8380514705882353,0.9705270077791169,0.9547130845257412
5_148_148710,0.45274784173350435,0.14100770421773276,0.5820295480651166,0.37161432506887054
5_148_148763,0.9348443546388608,0.7349588233178695,0.9832184233405447,0.9287114736099129
5_148_148788,0.779753676008546,0.5027901785714286,0.944542456086523,0.8740078459994526
5_148_148954,0.8584855705586444,0.6749215207534007,0.9769274057400112,0.9380679696252957
5_149_149055,0.8606482213438735,0.7187591776798825,0.9702302390379821,0.9305365101131299
5_149_149100,0.37490589445333955,0.16521278474306905,0.40222162015713897,0.04822943314932005
5_149_149153,0.9478311543528934,0.8042704626334519,0.9687647645545698,0.8782564364007137
5_149_149167,0.9494364722547268,0.849747219413549,0.9760167175695226,0.8897066038661564
5_149_149223,0.5867123303683097,0.45822143788843706,0.6137212043813547,0.5822351599071633
5_149_149420,0.9419142899805883,0.8516814819419407,0.9596386800334169,0.9015879113843002
5_149_149500,0.805962032825786,0.8301534098233854,0.827846975088968,0.8478180286436394
5_149_149560,0.8974886431816234,0.7818500782324214,0.9562933783530294,0.8477842003853564
5_149_149561,0.6581211501533704,0.46671098554096724,0.6524369303922863,0.483414403458992
5_149_149641,0.6063747408388079,0.3587605748649475,0.7444227989693961,0.49422644594318416
5_149_149774,0.9322272656127719,0.7680613195561955,0.9334269430907739,0.7857768819560074
5_149_149828,0.8678275146906326,0.7605639609184978,0.9214621256605989,0.8738181496863127
5_149_149842,0.9328797083839612,0.8403781310211946,0.9585728952772073,0.9001189060642093
5_149_149844,0.4032087040708128,0.15144236783507217,0.4140450771055753,0.2076138792961684
5_149_149848,0.8785597700309387,0.6130540710468406,0.9381953352006492,0.7634217264875657
5_149_149858,0.7648401826484018,0.4209735761142787,0.8782740478096763,0.6613307401727943
5_150_150008,0.7720264317180616,0.6848789635185817,0.6879322189145867,0.7277514714342612
5_150_150052,0.4593681486539913,0.24649859943977592,0.4757441087500467,0.25658048529618027
5_150_150104,0.9617326241774091,0.8726914925825008,0.9813132019199403,0.870373048004627
5_150_150118,0.8789694079329999,0.8260948408740593,0.9688731030029061,0.9580381471389646
5_150_150186,0.8501905247682199,0.6526123846382852,0.9618705532914278,0.8480342314861887
5_150_150197,0.933792199278925,0.7646532438478747,0.9612416249681961,0.9183960788403379
5_150_150207,0.9306768856359311,0.7420734942955691,0.9779130434782609,0.9112277249371379
5_150_150259,0.5835443037974684,0.46646411186252407,0.6034635977872076,0.5096960834181078
5_150_150306,0.914527205493925,0.8078460769615192,0.9467116357504216,0.8739192153826301
5_150_150467,0.3229568257465099,0.1800597962047715,0.28886139160792806,0.22283669486011712
5_150_150486,0.8135437881873727,0.8425614717848929,0.894535453784527,0.9330819981149858
5_150_150513,0.9357984208482547,0.7921343677781446,0.9670322261674682,0.8986530382433193
5_150_150590,0.940629839958699,0.8554110255729581,0.9772745082673772,0.9471758303621692
5_150_150624,0.16766939911258177,0.44730477777180633,0.11976600985221675,0.3729722906015275
5_150_150633,0.9415378768685078,0.8574669482906986,0.9596950613191912,0.9069748580697485
5_150_150723,0.9258365508365508,0.8366936790923825,0.955201086034278,0.8971039182282794
5_150_150724,0.9092197777273758,0.760538235196879,0.9338759831717578,0.8707276368491321
5_150_150725,0.860827386782333,0.7626245276537272,0.8722305764411028,0.8566014723178116
5_150_150853,0.8740003017956843,0.8367260900987714,0.9108380072583305,0.8991873892588745
5_150_150946,0.870996336130481,0.7835573940020683,0.9471833322274567,0.9355031840200294
5_150_150979,0.40143222306776716,0.23635463509220678,0.504317980513729,0.45504933463936736
5_150_150996,0.7027012483857081,0.30966638152266895,0.9311658557932402,0.7405108486679484
5_151_151129,0.6686514592418652,0.36366137129495907,0.6984826235927557,0.5710408904834184
5_151_151131,0.15364117895557794,0.06336601128210745,0.22183567968267387,0.06280573517008715
5_151_151134,0.8720246429571549,0.7926865377023292,0.9285846438482886,0.8893770179431536
5_151_151210,0.9158223289315727,0.7011628409631263,0.9791067216216917,0.9108400952334678
5_151_151223,0.9002281684297864,0.6651746144300655,0.9216710889695132,0.7680357142857143
5_151_151224,0.9327880411789592,0.7821628056038824,0.9702352519703845,0.899511915015791
5_151_151237,0.8241239395057175,0.7586354859472216,0.9072312484215843,0.9073433512900482
5_151_151238,0.25937856519696667,0.16924926529521775,0.2341587320901652,0.22179291897313966
5_151_151244,0.6331330868761552,0.39493525651532535,0.8420402279124047,0.6812
5_151_151256,0.9645186773501863,0.8185234305923961,0.9747258098175157,0.8498015234416908
5_151_151334,0.9394006588950836,0.8062557403816716,0.9805982215036378,0.9302442009234021
5_151_151463,0.8794424052110076,0.4807766042734149,0.926589978731676,0.6724374946301228
5_151_151526,0.5145859367651604,0.10270703999324296,0.38449413158502427,0.017998736930741704
5_151_151533,0.7689984411535464,0.81021409455843,0.9235193343122858,0.930014605647517
5_151_151548,0.8591685634303953,0.7589798033416749,0.9266117969821673,0.8839326354119253
5_151_151641,0.8720866465588155,0.6467399196476112,0.9088407036857961,0.729459970582055
5_151_151669,0.8966764748444359,0.6921973216725882,0.9492089925062448,0.8593444594797774
5_151_151683,0.5403660763579224,0.25696393867415246,0.5595028221804121,0.2990945309670409
5_151_151771,0.8135775862068966,0.5944589521788803,0.8553036663867898,0.7433307926829268
5_151_151933,0.9058865164562935,0.636632623842703,0.9619820146681525,0.8463784448314722
5_151_151965,0.8117970576103396,0.4367302583916928,0.9778509730111249,0.9195936639118457
5_152_152074,0.8173215232038762,0.8067506027323869,0.7949229374433363,0.8128914932309558
5_152_152103,0.8576243811663916,0.6547672842295527,0.9529202394434557,0.8502620414275018
5_152_152125,0.9297964486790818,0.8264242961649302,0.8757018656040573,0.7165823161655255
5_152_152191,0.7339884991024431,0.35337581344902386,0.9712176817450827,0.9232184677149549
5_152_152323,0.9100613218260277,0.7441908146528158,0.955415997507131,0.8775016494391906
5_152_152335,0.7352769800640946,0.5407248322147651,0.9198691078237824,0.9173564829930666
5_152_152353,0.9437069813176008,0.7893716626435521,0.957764614988411,0.8277847960169429
5_152_152356,0.8789896355274899,0.6912269606071557,0.9528183238690499,0.8805333862092897
5_152_152357,0.9376347898017666,0.8135672079281626,0.9671348226348697,0.8656839785094366
5_152_152370,0.11497899159663866,0.0,0.11594233600610111,0.019814926574129955
5_152_152379,0.8952132474309142,0.8360466284795498,0.9617063376593145,0.9457971170976623
5_152_152424,0.8965024982155603,0.7610434628033064,0.9119072957313468,0.7965785381026439
5_152_152463,0.7716427041908841,0.7401531296866367,0.9613825062753427,0.9638449672194369
5_152_152639,0.8267518238699795,0.41394709721745104,0.9113005516061473,0.6535768805600884
5_152_152659,0.8182392320323355,0.7211895910780669,0.9704596025473797,0.9611731676721821
5_152_152697,0.9611877224199288,0.7687651331719129,0.9833975346687212,0.8342838695792532
5_152_152703,0.8418080950661458,0.7004810413129599,0.9111792823000642,0.8011791924770505
5_152_152765,0.9525835105717503,0.8525459506770324,0.9846727017222785,0.9489391719572413
5_152_152787,0.9399028322372018,0.5593478529375437,0.9691344000519295,0.8262991540392303
5_152_152955,0.8539103146420018,0.7719204590951555,0.9573124764417641,0.9553382870551428
5_153_153003,0.09814687714481812,0.1591686534673992,0.07545426547582383,0.1786399079636968
5_153_153355,0.40339825463792406,0.20243197912784197,0.9557885787161683,0.9584835876098012
5_153_153455,0.8290423861852433,0.8111928104575163,0.9424303151758061,0.9377947850849871
5_153_153554,0.5327446105895886,0.2854695806261075,0.7755624557389552,0.5973421172194457
5_153_153651,0.004881416103742419,0.05309979257893524,0.008925489422555354,0.036071313401206985
5_153_153790,0.6934677932224947,0.7067238173931006,0.9139354515886915,0.9376020908199935
5_153_153805,0.5119613450350065,0.3908017888125901,0.6183721045583056,0.4897036181678214
5_153_153857,0.1741557508428674,0.1514304470279313,0.19086780409966858,0.25843888249197017
5_153_153860,0.8769601930036188,0.8568154591384968,0.94021612376584,0.9378801042571677
5_153_153872,0.8748102226720648,0.7131365257645899,0.9045451546935813,0.7965412814791202
5_153_153947,0.7495283853092024,0.2052130193172797,0.9689343675648491,0.6203891366031618
5_153_153969,0.2494596290614977,0.030641185357966443,0.26286472862306814,0.10506424792139078
5_154_154001,0.6156623735050598,0.15883585564610012,0.914890667775583,0.675064935064935
5_154_154018,0.5196192515360268,0.38633447833464385,0.5604437839499846,0.5208063471502591
5_154_154148,0.8836706504113867,0.6886951996877846,0.9420063714973018,0.8064448336252189
5_154_154155,0.5982101881597063,0.6299842673466066,0.7394196857967297,0.7100211203227942
5_154_154276,0.8901917808219179,0.7414902327757632,0.9538712011577424,0.910860208346329
5_154_154290,0.9190084165018627,0.7962915925831852,0.9688237608182534,0.9361033319997714
5_154_154292,0.8160546408351945,0.5415770749442902,0.9371653543307087,0.8146667293852016
5_154_154297,0.5675399571593344,0.46359143327841845,0.8380362583029516,0.6436776736891188
5_154_154324,0.8828964576107352,0.8015944374512978,0.9538030500811869,0.8660522273425499
5_154_154523,0.8737964546027175,0.7311551324929252,0.9538862963520498,0.9212215091834477
5_154_154579,0.23922549000969565,0.0,0.2702351551594545,6.622297274924672e-05
5_154_154580,0.36778846153846156,0.0,0.36939309336550913,0.06886702634084417
5_154_154588,0.6687966557181249,0.6442225085910653,0.7180751021467021,0.7313828287953098
5_154_154657,0.5995942555122524,0.3579918268677334,0.663076559406672,0.320456207047814
5_154_154732,4.2258282623394185e-05,0.014661081492764662,0.0003380662609871535,0.01624012638230648
5_154_154733,0.0,0.0,0.0,0.0
5_154_154914,0.8693242647521884,0.7895355434870714,0.9403686045684195,0.9345274283309171
5_155_155012,0.9490231712857792,0.7190673185408049,0.9857248221550761,0.796477850399419
5_155_155026,0.9628962175366933,0.8084708813453753,0.9948765816220702,0.9724290830538344
5_155_155028,0.86990095007075,0.6146381793655629,0.9040880503144654,0.6927532266155881
5_155_155096,0.31136811023622046,0.0,0.005288207297726071,0.18138683494303812
5_155_155113,0.8588615350339757,0.6387898240608655,0.9263730764418866,0.7612388293880892
5_155_155118,0.9005100947318788,0.8249453807740325,0.9188756855575868,0.8702146763529508
5_155_155145,0.9444582094482986,0.8617273967756608,0.980003455126544,0.930154972018941
5_155_155196,0.9082025026024516,0.6791980899685451,0.9733631604437167,0.9027216856892011
5_155_155204,0.35463392857142856,0.0,0.4200642635230029,0.09001519620988647
5_155_155206,0.8392438540602272,0.8122600796356787,0.9282622996226154,0.8888513513513514
5_155_155260,0.7612818085320022,0.4802576683021261,0.8280432398558671,0.5907544670032585
5_155_155261,0.9390928398058253,0.7698979591836734,0.9685307306779214,0.8735147338403042
5_155_155333,0.8505056426791734,0.8288504216600089,0.9190548014077425,0.9143369852663392
5_155_155335,0.8526827012025902,0.7638746978343759,0.9514576001062488,0.9129455085048501
5_155_155340,0.9001324503311259,0.8125977893302377,0.9377995957262489,0.8596009975062344
5_155_155413,0.293551763001127,0.19061748195669606,0.28282374100719426,0.17339104867690297
5_155_155420,0.8266812259959334,0.7679033649698016,0.9300121717962093,0.9065034984528754
5_155_155451,0.7586662124180223,0.5911265328122894,0.8589905057159465,0.7257904957315062
5_155_155459,0.8970808627093243,0.6251192012116452,0.9698936170212766,0.8813375016990621
5_155_155509,0.49808722264728383,0.5802996670366259,0.6323655518804361,0.6606001582567411
5_155_155514,0.9092942345924453,0.8552403584335858,0.9637053666880478,0.9365716370459165
5_155_155658,0.9478399670459812,0.7854436464400837,0.9886385103224936,0.9465191047359961
5_155_155745,0.8656895860766016,0.8368558642385573,0.8972067737299256,0.873586282378694
5_155_155855,0.7546622758349143,0.4264574718235628,0.8277709611451943,0.5962647100862356
5_155_155885,0.3250348085825469,0.3834996518913901,0.2283821701751464,0.378437747122397
5_155_155983,0.9075897815623843,0.7980593189307946,0.9500731312013282,0.886625504399825
5_156_156109,0.9608749304362554,0.8458174904942966,0.9877288271977469,0.9502673257338848
5_156_156160,0.5560551299565947,0.4579347777728345,0.5768167097267203,0.46472240581625907
5_156_156251,0.817247857226723,0.7450480590515639,0.9498249708284714,0.9422674418604651
5_156_156260,0.83651945917389,0.5139239642345232,0.9002752806572326,0.65142598460842
5_156_156392,0.9137423502982416,0.8335035005834306,0.9748585795097423,0.9595264317180616
5_156_156402,0.8776783463574489,0.8184360938830111,0.908542372881356,0.885933022539669
5_156_156422,0.9348057858472701,0.8197357500168241,0.9859892250872497,0.9603922322630264
5_156_156485,0.7441421534778806,0.43263831625240506,0.7364166628392964,0.49531120331950207
5_156_156556,0.11597542242703533,0.19145752143413874,0.12378480299728188,0.17116185726882963
5_156_156576,0.8929213386972524,0.6267812545908623,0.9612395843085854,0.8794006877353856
5_156_156589,0.7814145723618425,0.6053528282014745,0.900881229041566,0.8236784938450398
5_156_156747,0.9719542693819221,0.8914986489295365,0.9687227550130776,0.8794921603996115
5_156_156884,0.9429016232056595,0.6104663212435233,0.92697778526559,0.6422630472534503
5_156_156914,0.9223139763997432,0.7842475565884562,0.9801044872253633,0.9450961338238356
5_156_156935,0.9159900836690424,0.6746308822459816,0.9309045226130653,0.7867375326994145
5_157_157051,0.33076774068573644,0.12821610232267197,0.34865521644219283,0.22457895728750835
5_157_157137,0.930892386678376,0.8677572476560355,0.9548590013939026,0.8788265306122449
5_157_157174,0.8591532726497361,0.5822765088960209,0.8996627318718381,0.6962305295950155
5_157_157199,0.5922416791209617,0.0,0.7691867196155809,0.5232834866621674
5_157_157291,0.9302597484674209,0.5991977784634372,0.9818121874828287,0.8749909701654266
5_157_157343,0.29655552727581236,0.15116104868913857,0.3027878529265344,0.2916310149533472
5_157_157357,0.97630900257902,0.7095043981978116,0.9768476575869219,0.6043962735188455
5_157_157397,0.9598611468243764,0.864811769005848,0.9571090488472891,0.858185563317213
5_157_157409,0.9489856447977222,0.8203303270672607,0.9784709062101961,0.9073239436619718
5_157_157410,0.7462772651006712,0.44175907898078387,0.9706655597066556,0.9411049471844365
5_157_157450,0.9204957240179736,0.8035982008995503,0.9581429854359454,0.8988469342307122
5_157_157466,0.9522744220730798,0.86676662739638,0.9483126868859462,0.8462007426702877
5_157_157483,0.8432968832795414,0.7726239855725879,0.870356572645024,0.815743879472693
5_157_157542,0.42207237154525595,0.2458615265536441,0.8891870736889187,0.7580142988929889
5_157_157619,0.16773762323595984,0.20380464406410118,0.0,0.3957871018401557
5_157_157620,0.8904230317273796,0.8883537112510806,0.9726071892594197,0.9715396271164108
5_157_157631,0.20399321906197024,0.1879432624113475,0.17331817320447224,0.17632904059533888
5_157_157653,0.902061555766732,0.6811159112543018,0.9759089565474431,0.9144753214433845
5_157_157860,0.6439895534466269,0.5857751154734411,0.6746190042795454,0.6614634146341464
5_158_158013,0.91655221406583,0.837866927592955,0.9683213920163767,0.9528258772152541
5_158_158057,0.9198721054161418,0.7085476850019786,0.9625876452223757,0.8838044666562549
5_158_158124,0.3142512077294686,0.3628913292902803,0.9383116883116883,0.9381654381654382
5_158_158155,0.3753330501602502,0.4835506056251283,0.5294045577064445,0.5911977091633466
5_158_158233,0.321639520315017,0.2554125728197548,0.8321389529940484,0.8473300038417211
5_158_158271,0.9675060313630881,0.9028784021930684,0.982640368892161,0.9524412176114034
5_158_158297,0.9127202323330107,0.806349649049412,0.9629095404904183,0.9439786770050884
5_158_158331,0.8726424141678921,0.8285742861429214,0.9352189781021898,0.9077641564506713
5_158_158352,0.0,0.0,0.0,0.0
5_158_158364,0.9078819417067465,0.6247647270834168,0.9167645578117134,0.6319277843288741
5_158_158449,0.8981927710843374,0.7818265379817477,0.9676122240093581,0.9388762059061787
5_158_158540,0.5712306200058506,0.4328425992506528,0.5862041606499627,0.425938566552901
5_158_158683,0.9220227794099891,0.7056489629164048,0.9799547786764067,0.913655433752876
5_158_158727,0.898174041783188,0.7046347767588429,0.8086782964825423,0.6116935945914976
5_158_158836,0.16618273468244726,0.22529728576761052,0.15478160158835208,0.09975015320793852
5_159_159008,0.8706712920698679,0.646755584649374,0.9821849438513794,0.9470198675496688
5_159_159009,0.5457661532415645,0.15326258648690738,0.5767783778793334,0.16682660850599781
5_159_159069,0.8984176164656412,0.8783246713543259,0.8894780252150347,0.8948911869115604
5_159_159091,0.8854949362953283,0.7620008406893652,0.9482681862701451,0.8915894707878566
5_159_159148,0.8948311156601843,0.8592010478061559,0.9825060446593656,0.9779083907580057
5_159_159161,0.9195982123102792,0.8189646335212711,0.9507463389367613,0.8898300598231775
5_159_159257,0.8398297686599738,0.5271382199743339,0.850902097261654,0.5625047123576868
5_159_159364,0.8498542274052479,0.8619069985908877,0.9654855039116429,0.9391742195367573
5_159_159443,0.3914192177359141,0.5499447889238087,0.31803596294726644,0.44553090674133106
5_159_159505,0.9720432342548326,0.8481590424992392,0.975089790547989,0.8757691180779373
5_159_159649,0.9144611545281408,0.8458653330951955,0.9607480622911185,0.7914942528735632
5_159_159663,0.7517960374922826,0.32908060373192943,0.9801514755810916,0.899942878903275
5_159_159681,0.8629998789395101,0.674589336514637,0.867800684108348,0.761195454979471
5_159_159803,0.0,0.0,0.0,0.0
5_159_159913,0.8658378658378658,0.6011036657469452,0.9929451510333863,0.979163018735773
5_159_159925,0.602506209076541,0.3773083886541943,0.9145454545454546,0.925
5_159_159927,0.9512510179438938,0.8351292582749457,0.9690748667773216,0.8930181308223981
5_159_159951,0.7555628005542424,0.7576351630210483,0.8780244946729066,0.8756302521008403
5_160_160012,0.9162131813077654,0.6614560071460474,0.9784832231508045,0.932006160515658
5_160_160069,0.24581249946396563,0.0,0.0011059419243389483,0.4106087710738874
5_160_160098,0.2760143132397468,0.27283866187952355,0.23868179568213838,0.05376068376068376
5_160_160104,0.9365798034678203,0.795796902981144,0.9809306958872919,0.8929042179261862
5_160_160115,0.641335636154289,0.16367867609032927,0.6443946914113077,0.17555471804776934
5_160_160128,0.715713028169014,0.7617908122095773,0.9138423846467946,0.9308980312643077
5_160_160129,0.8837394419139433,0.8507712127015076,0.9479350166373067,0.9477708417981014
5_160_160230,0.8993826287760969,0.7734469110308037,0.9731592499154724,0.9465283566422772
5_160_160233,0.9044627789236828,0.8008582406067561,0.6751449791433513,0.632434395714156
5_160_160300,0.9523063533507398,0.8503449184937827,0.977507654066507,0.9334297443552901
5_160_160330,0.9327297668038409,0.8169453734671126,0.983840804161066,0.9559830582274472
5_160_160343,0.7348015566470871,0.3935166476324343,0.9848607785319903,0.9379542291634452
5_160_160348,0.8932568251479079,0.7015054419692809,0.9622678018575851,0.8918377852771263
5_160_160350,0.9109997868258367,0.74707986951489,0.9650218374070952,0.8988439306358381
5_160_160390,0.9491600845477807,0.732440159201749,0.9736811794517393,0.8361992027131553
5_160_160391,0.6333910863715118,0.6539492353775815,0.6495978338775185,0.6280573376102646
5_160_160395,0.9036534763687886,0.7993683581579958,0.9671658144631118,0.9356203439713051
5_160_160397,0.9547174822388952,0.8104877711759017,0.9668298360319036,0.8889920045688178
5_160_160431,0.9372305751235411,0.7570832887843473,0.9572879111176514,0.8838419048640532
5_160_160446,0.2397049969897652,0.26665924400155877,0.2604369171966127,0.3355362131957877
5_160_160462,0.0,0.01709837019790454,0.0,0.02622880137970681
5_160_160469,0.8973139134889848,0.8094431505399111,0.9563041233018194,0.9165880217785843
5_160_160480,0.9382864208306059,0.7950885419880299,0.9649275471983656,0.8769451136141676
5_160_160595,0.9414746718117505,0.7799514301133297,0.9720959897951048,0.8937562940584088
5_160_160618,0.9548643222881376,0.8193253556958447,0.9941220905528539,0.9768980256462446
5_160_160680,0.7375617378686832,0.3662743895426841,0.9314628245404976,0.7618122977346279
5_160_160682,0.9570446735395189,0.8000107723796187,0.973928013228532,0.8725057291375552
5_160_160777,0.9000050072605278,0.5777000437254045,0.9842626772877404,0.929659390741185
5_160_160822,0.7790396686727497,0.5697626276566381,0.9288860669074169,0.8463171036204744
5_160_160866,0.9472934472934473,0.8891569407315641,0.9765056871154205,0.94920893596795
5_160_160877,0.915126484254001,0.7564455388180765,0.9771841958820257,0.9336426145306934
5_160_160955,0.8844232779649205,0.8710826531992605,0.8919153150922372,0.8765498652291105
5_161_161112,0.778715177080587,0.8507290513104466,0.9204618345093009,0.9530026109660574
5_161_161126,0.7353084283937936,0.5235509285312324,0.82261119257087,0.6617854298143496
5_161_161211,0.8669506208489749,0.775497195308516,0.944022997684261,0.9051850815198377
5_161_161406,0.9743942108650652,0.8833804896051175,0.991805030998361,0.9606623482476084
5_161_161511,0.35003871633829475,0.017799269509748444,0.3070566037735849,0.0
5_161_161761,0.9273645095702167,0.7052478979414323,0.9601541001651073,0.8560770721964401
5_161_161901,0.9567918667043208,0.8386564160776018,0.986908920132672,0.9445392022008253
5_161_161904,0.9103065212919152,0.7903284158057644,0.9782527742608178,0.951729825932196
5_161_161922,0.9215090483745193,0.7694424841213832,0.9895480471351226,0.9653686143697763
5_161_161927,0.8749109369433559,0.6301896716084284,0.9760255196132184,0.9370816599732262
5_161_161952,0.6742775999639363,0.48090088302410955,0.7356762776884049,0.5747403495090567
5_161_161972,0.43558300969389313,0.15623439060939062,0.5856699241939903,0.2726836293807009
5_161_161983,0.8973704748754278,0.7476084538375973,0.940693254300625,0.8623283443912977
5_161_161998,0.4653228791600767,0.4349331051649035,0.49056535569693466,0.4780086018015094
5_162_162074,0.8489669159589301,0.5675334055615746,0.940172482228557,0.8240045861997082
5_162_162079,0.9436190619475684,0.8354683081018134,0.9900190114068441,0.9701984769442945
5_162_162119,0.7534487662660884,0.20461403067638922,0.9891647430159702,0.9271094960722492
5_162_162125,0.6682157676348548,0.47735855362096047,0.7408507347254447,0.5738559639909977
5_162_162126,0.7602714600146735,0.4624929142785161,0.9090309822017139,0.6351192804067266
5_162_162166,0.9370681780921376,0.7992109972344233,0.9899965161996716,0.9531202829171519
5_162_162198,0.9030470914127424,0.6496570924152917,0.9809817527627859,0.9254287546081102
5_162_162224,0.15703529411764705,0.27498792387208965,0.0035722404442568114,0.3355638026690658
5_162_162225,0.8111579369857516,0.840797724702738,0.941302451019275,0.9649843952196088
5_162_162283,0.8641672219689265,0.7016921019871825,0.8937577662451576,0.7590738423028786
5_162_162325,0.9490560282005219,0.8718227243102324,0.9867666831788267,0.9636264435755206
5_162_162349,0.872930399529601,0.6346865133062697,0.9465797818587309,0.8536884617350852
5_162_162354,0.9239548342709134,0.8474611745991879,0.9749696338712476,0.9361227584976358
5_162_162366,0.2598338894707358,0.20400323052408706,0.23414018332510017,0.20605150710243678
5_162_162402,0.8846302864125414,0.7430453879941434,0.9492647298575109,0.9035635562086701
5_162_162408,0.6618260407977553,0.5206169199364935,0.7022715309551767,0.5575280597415374
5_162_162434,0.9260760470951553,0.7930283224400871,0.976039579670442,0.9280129080302842
5_162_162516,0.7592280985750495,0.47154067746101125,0.7956182880964249,0.547929120409906
5_162_162517,0.1622578558540156,0.0,0.16461871907570355,0.0
5_162_162550,0.9057770978148801,0.7221838286109191,0.9610500480204888,0.8844044746654968
5_162_162556,0.8204146199317293,0.857400873655914,0.9351706551588859,0.9669822319638111
5_162_162567,0.4892581875912222,0.46957276832233413,0.5017044022654623,0.503549471825006
5_162_162596,0.923715435147935,0.8169731258840169,0.9423139421514463,0.8780977512620468
5_162_162652,0.8922773478986497,0.8620707121872151,0.9694738583719391,0.9544773724189579
5_162_162691,0.8450019389672762,0.5660745325815068,0.8773929188808502,0.6575125548568068
5_162_162733,0.7513625498007969,0.5299315635105663,0.8263763497964242,0.6178838412880966
5_162_162776,0.8921335619106989,0.6537430216712823,0.9168712520626232,0.7421512167936095
5_162_162830,0.723258077072791,0.47642835776248876,0.7786142981358556,0.5620226730310263
5_162_162831,0.7735096557514693,0.5559430398140076,0.9098045908353956,0.8590725286070722
5_162_162862,0.9574834619625138,0.7919928140639035,0.98523477950366,0.8839693985226873
5_162_162913,0.924512693242335,0.8343629988311905,0.9653994490358127,0.9290041762249279
5_162_162941,0.8988111849081878,0.7710936948386641,0.9438400828838711,0.8795563177290473
5_162_162967,0.9181132075471699,0.7800026818039602,0.9690113625004165,0.9152493235407808
5_163_163052,0.0,5.238070294903357e-05,0.0,0.0
5_163_163074,0.7934601267934601,0.4555825024701338,0.8120636572568406,0.57064493795601
5_163_163078,0.32128423888639424,0.1563508235693666,0.3617938653108178,0.2554599602911979
5_163_163079,0.8613698521542669,0.536420408264014,0.8908252630650108,0.7692682807890181
5_163_163129,0.8275996028834117,0.7184533189837414,0.9173525037183936,0.8621780007588853
5_163_163211,0.7599368435504908,0.5093766892594287,0.8583760346866378,0.614717681059397
5_163_163223,0.8256406206814861,0.7071847189060126,0.8787457912457912,0.7554433696866931
5_163_163229,0.9304499621012012,0.7354016114295208,0.9698792282153683,0.8746506428172163
5_163_163256,0.8935308182784272,0.8177134024159844,0.9685479129923574,0.9511097217880587
5_163_163374,0.8863814756671899,0.7882464156294312,0.9714540588760036,0.9425171778112954
5_163_163434,0.9353253865979382,0.775222650538349,0.9798803929944468,0.8888665190255688
5_163_163456,0.9302938463565688,0.7183608302288451,0.9738293167632323,0.8503163866463016
5_163_163463,0.9024473147518695,0.8402547065337763,0.9510545454545455,0.921103159364636
5_163_163464,0.9111477890103844,0.8612194850072455,0.9715758468335788,0.9625971597218164
5_163_163465,0.3826808721506442,0.206393854157215,0.4540907069808804,0.2810281676444848
5_163_163466,0.3288630098801375,0.38239745530102864,0.3601303825699091,0.4143410546288244
5_163_163539,0.8574103613288023,0.8304681862557833,0.9260100219229564,0.9198181818181819
5_163_163578,0.9379650903604129,0.7723444868627891,0.9738437116675085,0.8848621466967227
5_163_163588,0.9120699940345993,0.7939182030091121,0.9820143884892086,0.9757390745501285
5_163_163594,0.3930131004366812,0.13198865427040657,0.49690581434886094,0.20387333158858936
5_163_163607,0.3392527855697985,0.0414785718473354,0.327122644050993,0.027311574905555212
5_163_163674,0.9443073559269093,0.8189854147227815,0.9782644437867877,0.9257300042319085
5_163_163675,0.8903354662129674,0.7662500505602071,0.9488926067558955,0.891775269145273
5_163_163692,0.7845968009040076,0.6004097927800427,0.8698325856220593,0.7544131028207461
5_163_163696,0.037411394066684166,0.15565528130973158,0.0001008145818211146,0.003546755489760671
5_163_163713,0.8785674314493565,0.8470670391061452,0.9493087557603687,0.9378113096982127
5_163_163729,0.8391772771792361,0.7040778839088905,0.9529607659485899,0.8953218146913205
5_163_163896,0.9217019712355833,0.8801818557553214,0.7311470602609843,0.579483671191445
5_163_163956,0.9221889463653689,0.7080586642138076,0.9469593828000907,0.7931500189076766
5_163_163957,0.9300272862576484,0.6943959145276173,0.941108446119582,0.7417089166937997
5_163_163966,0.7094509198146328,0.5385879419764279,0.9390232061365181,0.9254206772384184
5_163_163989,0.9554364270209827,0.8618321572580645,0.9845705468883936,0.9540478531628974
5_164_164002,0.9523863636363636,0.8551114850652083,0.9875415282392026,0.9580709015655929
5_164_164088,0.9326750259023534,0.7857094526016645,0.9863739932772351,0.9504763316899582
5_164_164187,0.9417192065200677,0.7984112514650346,0.9837230069816528,0.899226872833911
5_164_164212,0.37156232668906797,0.16654275092936802,0.8153193630710615,0.6129057216913614
5_164_164224,0.9615749680882401,0.8437050594848999,0.9735664904432696,0.8919474116680361
5_164_164225,0.8240490255617512,0.4150224374955481,0.959113696043751,0.8032452436304977
5_164_164379,0.7261512815169827,0.46606125356125355,0.8353892576946288,0.6836929578609452
5_164_164390,0.2621117743749459,0.058081858619475825,0.2818962108348259,0.07540721814116895
5_164_164391,0.868421052631579,0.7487631748763175,0.9631818579809124,0.9246582177427403
5_164_164392,0.8849208616650477,0.7894590691991559,0.9590971442823295,0.9279810380454601
5_164_164407,0.8659031015609163,0.878611643877993,0.9239582163315736,0.9414669005392061
5_164_164441,0.416215206426303,0.20670334831913037,0.5565380316875945,0.32228212298555653
5_164_164442,0.5339255858059042,0.21023910579179078,0.9632847149192996,0.9002562339853759
5_164_164467,0.8178580262181548,0.8709095801937567,0.8833990964716647,0.9287868442016616
5_164_164472,0.8990735738439682,0.6671572890881113,0.8463592284853793,0.5721078051099823
5_164_164570,0.9291917919179192,0.725519162586527,0.9917193761769109,0.9612643622436612
5_164_164571,0.7909058431248015,0.5775228535579853,0.8441038739889315,0.6816237740579604
5_164_164581,0.9308770610666524,0.7589564744780107,0.9911111111111112,0.9625951180946734
5_164_164583,0.17599123348668932,0.0012077294685990338,0.0005291613942252387,0.24055820816000328
5_164_164617,0.8614729848964551,0.7749464574500634,0.8289535429375879,0.8070453196121116
5_164_164621,0.7002210281620365,0.3809342843779233,0.8643899845320959,0.6807490199349404
5_164_164643,0.39463641811128747,0.10604097162866359,0.6653482556180274,0.3573857755433979
5_164_164666,0.8855364225111703,0.8435879091396888,0.9256789988523964,0.9169183588123229
5_164_164713,0.9349562081401339,0.767652618703436,0.9781538461538462,0.9256263205553878
5_164_164750,0.9470656885628543,0.7975765926406224,0.9784197702749738,0.9168938527833964
5_164_164763,0.9344209666121878,0.8019538188277087,0.9797351899048922,0.9144300771487558
5_164_164832,0.3967977416580288,0.13139793895185176,0.5827237408561129,0.34892205638474294
5_164_164923,0.7868289390088945,0.5672214494699985,0.8177993326286556,0.6271821631878558
5_164_164983,0.8538223140495868,0.5784628177714422,0.9424880382775119,0.8341058457281217
5_165_165000,0.9250271428152235,0.7449580670926518,0.9588205865799512,0.8522454210498212
5_165_165017,0.8699573630698589,0.8888526423711436,0.9397612658462108,0.9650204746164093
5_165_165110,0.8780409901517168,0.7129960765251206,0.9719214645474561,0.9368804115949304
5_165_165210,0.0,0.0,0.0,0.0
5_165_165306,0.5830021792077938,0.3180415263748597,0.555614023547984,0.34674358585091847
5_165_165503,0.3954821308159137,0.13885012177434802,0.5606746952454609,0.40053777897284215
5_165_165607,0.8154561242210645,0.6745012298442198,0.9116290216284225,0.8067937288656625
5_165_165655,0.8304128750846056,0.7455181460428509,0.9551851231362037,0.9474250008398563
5_165_165714,0.08175421936375016,0.14195554742522637,0.15267645249186956,0.09332183577656415
5_165_165717,0.8945479535736103,0.655890045072617,0.9306966184729358,0.7374258600237248
5_165_165737,0.9048890372100784,0.7821894498014748,0.9429816758583882,0.8539180588703261
5_165_165911,0.9047040561517177,0.8156648888356205,0.9487065779748707,0.9220660941972417
5_165_165988,0.3295680710475803,0.1144135506551614,0.9552215478392247,0.8288035302376893
5_166_166065,0.9247664172164903,0.8575154730327144,0.9790618174912165,0.9578594686423482
5_166_166071,0.8230187738827047,0.6045879589110508,0.9046189046189046,0.7823672876342691
5_166_166189,0.9614700149713284,0.8517391745259102,0.9953349177009067,0.9833702283893958
5_166_166191,0.32305862200228397,0.08886859293700874,0.27646566376620413,0.3384373167042262
5_166_166319,0.7461378737541529,0.5910926318314477,0.8351710223807066,0.6913262018301327
5_166_166408,0.9158339738662568,0.7119672525884903,0.9768972982591417,0.8982023730712431
5_166_166487,0.9583333333333334,0.8612399505256648,0.9881479336449758,0.9513099556630391
5_166_166543,0.6769029953283869,0.5056962669107924,0.9578025477707006,0.9297292780748663
5_166_166575,0.7132949408632113,0.29614684890609694,0.8719851927399097,0.456583330738815
5_166_166633,0.9591959453655184,0.8849354721987698,0.9908794205749542,0.9742497456765005
5_166_166643,0.8665275049115914,0.8461538461538461,0.9691405431822943,0.9649608722412731
5_166_166666,0.9023856275532083,0.7263839255613243,0.9756827718204795,0.9241209590215892
5_166_166681,0.9460157898480286,0.8445737078278212,0.9788036733680814,0.941727330553396
5_166_166694,0.9168263803197774,0.6846943712703618,0.9786457590876693,0.8939568084205433
5_166_166776,0.47285019162037634,0.2962233578461922,0.8803646684441386,0.7327024106710384
5_166_166827,0.9875849096039293,0.8947227191413238,0.9685966427262579,0.6448780487804878
5_166_166915,0.8235395708302751,0.8413550351989615,0.9083560674952006,0.9332322953981813
5_166_166949,0.8702984167261385,0.7681171229900043,0.9184556992053137,0.8653398950840949
5_166_166997,0.0,0.0,0.0,0.0
5_167_167128,0.7951896754008604,0.5821197557185704,0.8699857228388523,0.8062861104691472
5_167_167168,0.16546806747619,0.0751605790432365,0.1587326954194051,0.0901550589050589
5_167_167181,0.8879419838570902,0.8190153705676457,0.9322891027075408,0.9270913277052955
5_167_167245,0.9504146217634117,0.8393887320486069,0.9741542804216469,0.9207837011000456
5_167_167302,0.9127505474145191,0.8855586930213796,0.9765482971760999,0.9688342822894815
5_167_167321,0.9499644977565603,0.7822217214961694,0.975183385729256,0.8838544026582087
5_167_167349,0.8849619597474775,0.900556648390742,0.9632611677700245,0.9709618874773139
5_167_167368,0.7986527132168336,0.6463249097472924,0.8141199125637556,0.679904122155476
5_167_167534,0.18487960107604487,0.1921793534932221,0.2035044350734332,0.219938399647998
5_167_167613,0.8673001046783155,0.7784433199077421,0.9620367853583401,0.9459138755980862
5_167_167664,0.8983032009484292,0.8184858619641229,0.9378483499739364,0.8980514473960889
5_167_167742,0.8440199730522311,0.7761123007375684,0.9522766675791586,0.9408454307092153
5_167_167757,0.9554333913846283,0.8217205138186064,0.9784243216737496,0.9246909123725295
5_167_167828,0.6079257127910018,0.3193717277486911,0.9569910191974953,0.9032924848663813
5_167_167846,0.7981454257604885,0.678908259502715,0.8152874452178397,0.868466363300947
5_167_167878,0.8629606825578326,0.8269871489766778,0.9779504613890238,0.9728409534974599
5_167_167879,0.9274852331280633,0.8222362869198312,0.9830508474576272,0.9618814397264704
5_167_167881,0.9139180672268907,0.8172268028292805,0.9786269062872045,0.9681077578226255
5_167_167975,0.8049500579438221,0.5802282541640963,0.9531147109179507,0.8819037538275432
5_167_167984,0.9364759263927401,0.7810535684485732,0.973565182430395,0.9096260181937095
5_167_167989,0.8849209189150504,0.7861229377328366,0.9634107792002529,0.9298780487804879
5_167_167993,0.2956739415039779,0.08858412401443272,0.3417187630240894,0.2094184692689503
5_168_168039,0.5922449508026929,0.6243239995192885,0.9219338422391857,0.9220335304649775
5_168_168042,0.8597475455820477,0.7822327044025157,0.9641437494929829,0.9089714961250492
5_168_168077,0.9363329583802025,0.7718938269449053,0.9894326631123437,0.9532108729019161
5_168_168126,0.8534921275736779,0.4871933038761361,0.9760288305045338,0.9039942597464722
5_168_168130,0.4391748539347847,0.7488437744008649,0.4712706577651308,0.7923119299749036
5_168_168177,0.8761277849383171,0.8517502761589152,0.9587217043941412,0.9578506686176482
5_168_168178,0.9319982065461067,0.7554251865352851,0.9739215748330537,0.9042891927327215
5_168_168234,0.37921815589353614,0.5875813936755765,0.5140839353843656,0.7266751730271044
5_168_168242,0.5680156840778603,0.13164238172333154,0.8835417400493132,0.6721817311273075
5_168_168277,0.8803617707727297,0.7700061399918133,0.9575736118487048,0.9283748104039099
5_168_168383,0.17961834216339206,0.10113182965556551,0.190923400718063,0.1310151674971811
5_168_168405,0.9410845882729895,0.7382033096926714,0.9633994906657125,0.8001754556974364
5_168_168407,0.34866019052982306,0.00016726323888535777,0.3610949103775419,0.02317487937989401
5_168_168420,0.9145995970788214,0.7722783063403297,0.9415154038301415,0.8637999480577301
5_168_168519,0.9291271266136616,0.8052097930920782,0.9816873177842566,0.9640233565643247
5_168_168533,0.9522374447330333,0.8380597014925373,0.9762211981566821,0.9364900576181605
5_168_168608,0.8926777352064709,0.7638454421289157,0.9529811180355315,0.9216462572507136
5_168_168643,0.867519735166794,0.8262138244439129,0.915219394626781,0.8936924167257264
5_168_168671,0.3881933615504567,0.4545224967380782,0.46946502948017527,0.4873934967831681
5_168_168673,0.8299125880857946,0.6428243733578012,0.8862528295316037,0.742206548241031
5_168_168694,0.8366598430569772,0.6838495115360632,0.9159727479182438,0.8739018087855297
5_168_168728,0.1435557203884562,0.14913279689337788,0.13545858103372185,0.15956426680986538
5_168_168878,0.9444640462917225,0.8290816326530612,0.9701816310022796,0.9210783117833617
5_168_168888,0.7048445436355241,0.37158271000198584,0.7543470141511391,0.4922724670864339
5_168_168927,0.8481997516898883,0.6958469840046252,0.9576935130053275,0.9101732673267326
5_168_168995,0.8576441867561795,0.8656147721166528,0.9377138945927447,0.9439208539442854
5_169_169035,0.9383326604763828,0.8630367196033947,0.9901943305402032,0.974333838338829
5_169_169042,0.9249694559566873,0.7710036371493392,0.9395179178784443,0.817302723850299
5_169_169043,0.9535707401696222,0.8518099120522402,0.9918621590395338,0.9732071233755816
5_169_169114,0.8404002125840516,0.6008688150841087,0.9106832329443786,0.7376602508121703
5_169_169115,0.8796952224052719,0.6795263992748697,0.9479414004748892,0.8599009272196113
6_169_169128,0.837026473599532,0.620253164556962,0.8993503268233565,0.7498666816357462
6_169_169139,0.7989511279895113,0.45617734214725325,0.8798330735582482,0.6848039957620705
6_169_169149,0.9567963781394847,0.8097285800157211,0.9954172750758171,0.9801446821609974
6_169_169167,0.5961711711711711,0.29682902909447534,0.7835806132542038,0.5210263720598717
6_169_169288,0.706592512208356,0.5678929265739494,0.7765337423312884,0.6850264137871308
6_169_169361,0.8317103853142618,0.4872420678943865,0.9407602701030373,0.8093081055078971
6_169_169367,0.8830326307975341,0.6611453984389182,0.9674728940783986,0.9040553384729116
6_169_169368,0.849003124295423,0.5965390439108804,0.9552909955401571,0.8794037241450456
6_169_169397,0.03731980273141123,0.2478377390668778,0.07971609289749408,0.2769956042555902
6_169_169476,0.761888745148771,0.5159916177127349,0.8342821589671799,0.5735248495377552
6_169_169491,0.19002073073084053,0.10509326508496461,0.15390561829700647,0.0910546683866376
6_169_169526,0.46477893691008443,0.1318768985302691,0.5447476483094038,0.31449392712550606
6_169_169536,0.9107242964457899,0.732489360167352,0.967960454046137,0.8988121425428949
6_169_169538,0.8633943266531126,0.8480405976881872,0.8641526077847613,0.8447765402509516
6_169_169616,0.5363312673084532,0.3226358965113134,0.7060532125014523,0.42718787283318127
6_169_169631,0.4533984767926426,0.2440272447533105,0.5589003114703923,0.31296253469010177
6_169_169647,0.9067472088884094,0.8247324864266512,0.9783999530433762,0.9577504995717956
6_169_169667,0.6871957795330671,0.5297975936582029,0.7320145592657066,0.647890444956568
6_169_169686,0.912117218875502,0.8525570960133464,0.9560295158192661,0.9370698131760079
6_169_169688,0.9100212089077413,0.7839837122497455,0.9864161849710983,0.9702862476664592
6_169_169901,0.05073818760291368,0.08565613490986625,0.0014609203798392988,0.5499563488214182
6_169_169936,0.6274218391115195,0.393015192941906,0.6948271620125477,0.5477473658713818
6_170_170047,0.8976960293271382,0.680704547027476,0.9259276384233036,0.7764521878296293
6_170_170061,0.9323304992369741,0.7278191873046406,0.9502459853337046,0.7917641553579785
6_170_170079,0.44988447573990537,0.33749184605348986,0.874569932685116,0.9041197391819799
6_170_170155,0.7444947965295016,0.49611708482676226,0.8603107157084052,0.6058331378528423
6_170_170160,0.9101256159344854,0.7404886960493263,0.9501430772617213,0.8657877781632551
6_170_170170,0.8854362256366858,0.7531506936287737,0.9394244604316547,0.8280264917531682
6_170_170247,0.8456222564954324,0.7022653721682848,0.9315280336930771,0.8632373953868137
6_170_170273,0.9050187843175032,0.8137602593981154,0.9704616998950683,0.9516093352505254
6_170_170375,0.8910913999228692,0.8210548946538627,0.9461210571184996,0.88853428816066
6_170_170471,0.2827902001200198,0.14340884984633795,0.3087568321897895,0.22813327756866025
6_170_170474,0.5957126739375705,0.5787196726103478,0.8867508518741231,0.9010895310279489
6_170_170540,0.4821815659412122,0.2651849499920622,0.9789642570639094,0.9468826907301067
6_170_170554,0.8641136504014824,0.6181991589716912,0.9554012063608116,0.8457209392586843
6_170_170601,0.7534034120282612,0.5782634770440461,0.9548191427679408,0.9149408599854819
6_170_170674,0.24059342076972695,0.3849211666443343,0.25306763522136055,0.3909826191705386
6_170_170722,0.07850736268254427,0.31112771787480875,0.0,0.16692128326766906
6_170_170744,0.8783324661014356,0.6602217799260733,0.9504420037503348,0.7803612949382936
6_170_170745,0.8563244545576228,0.5957879355801913,0.9765475529222983,0.8787538833275803
6_170_170862,0.39241144585906973,0.09903745354045554,0.5298228599138546,0.31622379074112517
6_170_170880,0.8100570575374607,0.6119368323269856,0.9368278704359585,0.8855097295312692
6_170_170883,0.29660509600642476,0.10535432171612387,0.26889966094511547,0.12486032907565235
6_170_170933,0.6961422390284696,0.5754687170844744,0.6279729937087617,0.46772009029345374
6_171_171024,0.9121390327394013,0.8953634499636219,0.9643877356693963,0.9489418174198505
6_171_171096,0.6982335346238501,0.2950287743357414,0.7885473791608213,0.47430074109490794
6_171_171145,0.9143690883477561,0.8133643102113065,0.9585080081694077,0.9047397228368464
6_171_171163,0.8068882432145135,0.703971119133574,0.8407485053187359,0.7191795532646048
6_171_171169,0.9149749223787915,0.8200645508337816,0.904375486886523,0.8696889477167439
6_171_171234,0.8700168166979919,0.7953929539295393,0.9631284916201117,0.9438584255949787
6_171_171274,0.056456251981075595,0.013088936980158006,0.0,0.32352201257861635
6_171_171354,0.9438064989005619,0.8405949256342957,0.9648112603966731,0.9068941009239516
6_171_171506,0.8720254635477189,0.8030045672441777,0.942906671140189,0.919034149141147
6_171_171556,0.9264502394890899,0.8745053702656869,0.9543592078306397,0.920826331916576
6_171_171590,0.6580181016477141,0.17343128500689992,0.9517602904581243,0.8148624616898105
6_171_171592,0.9256613963681903,0.7157433874877881,0.983242687049831,0.9345386279231115
6_171_171620,0.9230952255062655,0.7376800606520091,0.9761918306974627,0.9304938830992298
6_171_171631,0.9314699314699315,0.8430969816038578,0.9737164313117297,0.9129256616385151
6_171_171739,0.7751686706117372,0.5841176470588235,0.8552565392354124,0.7659574468085106
6_171_171771,0.9128679796784744,0.7801975648977717,0.9727745946148373,0.9065560326113175
6_171_171866,0.6410465836759984,0.28228038920104154,0.6829810901001112,0.3881900865286263
6_171_171885,0.6757654385054489,0.4911486680034374,0.8887186629526462,0.8488633524856358
6_171_171936,0.8745145029336419,0.7277142989313966,0.9573846785600219,0.9089183112665501
6_171_171964,0.9381997707837433,0.8406002839180694,0.974399020058184,0.928347572232001
6_172_172009,0.9082163847906921,0.7496271748135874,0.924060207246048,0.8033818726183996
6_172_172101,0.9440164675794529,0.77142702351284,0.9562870137093872,0.8544326699405531
6_172_172328,0.9068162926018287,0.77987187819144,0.9630295134989444,0.9050693448110951
6_172_172511,0.9365901801134962,0.8586914653607,0.9596262068253395,0.9062428928815102
6_172_172514,0.8463389056813275,0.8316030474085185,0.9190416317407097,0.9304040106163374
6_172_172558,0.9587596792035398,0.8643395014885296,0.9807176331699639,0.8927033698834606
6_172_172573,0.8554319547860411,0.5756450915381289,0.9702703403229569,0.9035022517598705
6_172_172668,0.4341999529216958,0.04004068799704087,0.008963351128824595,0.6142221935816471
6_172_172678,0.9245945037398101,0.7364919174778959,0.9713193549116735,0.8657140281283808
6_172_172688,0.9266293429053601,0.8054612773835236,0.9738135135902752,0.9168238930592911
6_172_172693,0.8492606488633856,0.7236428209030948,0.8951617798822316,0.825854415146815
6_172_172700,0.8941058026725243,0.6282037339133587,0.9772629772629773,0.9282277465918204
6_172_172745,0.1251837042725311,0.2717484250388287,0.01206701970657175,0.6250424045050547
6_172_172802,0.9272418113477716,0.923422000379099,0.9713169430150562,0.9629149377593361
6_172_172842,0.9602582586347396,0.9229822161422708,0.9875788515315082,0.9745774747905127
6_172_172922,0.9539700036743829,0.8182707355242567,0.9843139988845511,0.8875211671225739
6_172_172926,0.7822591572196378,0.6432906271072151,0.7885001634826475,0.5964788732394366
6_172_172963,0.9202108568864962,0.720910653523696,0.9604799885032694,0.8692873674392898
6_173_173010,0.7598148365170514,0.6271534410425779,0.896609227348527,0.7819704331644785
6_173_173092,0.007827345575689947,0.1588618443606445,0.0003475760520100165,0.2881537582166333
6_173_173102,0.9044228399287964,0.8847882540950859,0.9447925112405101,0.9361911163969181
6_173_173107,0.9142615748563704,0.659327316145222,0.9904466821585335,0.9666232220774069
6_173_173119,0.9416276303973204,0.7822746861532697,0.9666489267340784,0.773257592309373
6_173_173175,0.6827901555565518,0.3494919617670419,0.8213944603629417,0.5546054605460546
6_173_173190,0.8448782173086888,0.7599605800366043,0.9301463414634147,0.8580177355347607
6_173_173247,0.6269940261274863,0.6124116069251402,0.952776336274001,0.9336884643644379
6_173_173323,0.9630541871921182,0.8258180881216182,0.9778271133093526,0.811169263708814
6_173_173461,0.8581326029162974,0.6911443229979924,0.9200449943757031,0.8304192426584235
6_173_173567,0.8514403618760416,0.8701894532304205,0.9545577984973296,0.974408885326616
6_173_173657,0.9394988516779214,0.7392828118650955,0.9657460157207759,0.8895150874721146
6_173_173675,0.9764802127006852,0.8560339897050413,0.9794946524759947,0.7673959068454481
6_173_173705,0.9051497705022419,0.625930426857056,0.8957230368378746,0.6256530825496343
6_173_173708,0.9177482733984282,0.7250557289344628,0.9819071060959627,0.9330938943047716
6_173_173709,0.8863599370625577,0.6828696397168237,0.925530100619635,0.7585797129004658
6_173_173740,0.48311485917528624,0.5016939911990342,0.49384292032545485,0.529864030602583
6_173_173794,0.9056763285024154,0.6933231635766252,0.9831031896589756,0.9129422718808193
6_173_173847,0.9043314046930248,0.7367406481192039,0.9695558581909238,0.9208259654326622
6_174_174049,0.8495297059173711,0.4846192468619247,0.9715185463868684,0.8926527692622114
6_174_174050,0.838555078683834,0.47944652055347947,0.9582055428539564,0.8409384630678994
6_174_174086,0.5662130455185359,0.22224166083508282,0.8192822557675876,0.6262186629526463
6_174_174161,0.687449150002141,0.44103072348860256,0.7039053394119122,0.4683863316284931
6_174_174175,0.5999356723578761,0.326039719035828,0.6569295101553166,0.43181519884499275
6_174_174181,0.8671336529817201,0.7507759385161099,0.939954945730084,0.8539607905642334
6_174_174201,0.2809536529985308,0.26563999232393015,0.002215586167035931,0.2402547575199509
6_174_174252,0.9194415882306415,0.8180668727170554,0.9616727706328252,0.915123757552134
6_174_174253,0.6439571357604145,0.29125883632408917,0.9665828046379348,0.9135266653514829
6_174_174261,0.6857436600411241,0.5664754148929607,0.7452759651984774,0.6404416403785489
6_174_174321,0.8448585151322261,0.8290431458663738,0.9508065055886487,0.9545454545454546
6_174_174330,0.7963101386246263,0.7690642396394805,0.8241941788976154,0.7970632199067968
6_174_174336,0.7872827655436351,0.4563773250664305,0.9585867586100028,0.8690623512613042
6_174_174349,0.9166198539443062,0.7595523400406964,0.9689563502272532,0.8567983463481855
6_174_174394,0.8453683442742523,0.7246062197092084,0.9621991048748034,0.9281664620959729
6_174_174395,0.7468620345570086,0.6051265561119022,0.9496280117398129,0.9034662465155738
6_174_174475,0.8922974767596281,0.6196010905438369,0.9933837709538644,0.9711637487126673
6_174_174476,0.9062313412582098,0.739253046024802,0.9852015950376606,0.9582158319100766
6_174_174480,0.8633131001993115,0.553307424175648,0.9321079811057539,0.7555312257652479
6_174_174534,0.8208220764183712,0.6093071607656088,0.987646911727932,0.9530625522818106
6_174_174563,0.8988114173342202,0.713032485442844,0.9683482633977684,0.8811232063334983
6_174_174684,0.37965181805250087,0.10316145281018027,0.38989469898744705,0.11404495924024922
6_174_174747,0.9390695607082006,0.8156674208144796,0.9729094895082994,0.8520257726329584
6_174_174769,0.9502059544293238,0.8581394359606959,0.9359363153904473,0.7777306386917618
6_174_174805,0.8664144933306789,0.8265442213161605,0.9529808374733854,0.9456353683506749
6_174_174861,0.8643362892692651,0.6418305458555412,0.9583365811832567,0.9043809152112401
6_174_174938,0.7105399579820468,0.5807844936965149,0.8435774388640547,0.7303943222310569
6_174_174960,0.15652518492426912,0.2874471161570182,0.2213885459207902,0.5363576639811901
6_174_174967,0.8698779183417549,0.6607520755331271,0.9154516671226987,0.8149131274131274
6_174_174973,0.8142441362780346,0.8339447987808319,0.9238238238238238,0.9373589508996645
6_174_174986,0.39995838643397746,0.3222428809081123,0.4199020931802836,0.4026223690047814
6_174_174998,0.8443061132362375,0.4696539040294265,0.9713759110838057,0.8916127042861548
6_175_175009,0.8860891363088843,0.7428658397382238,0.9662091573903959,0.9383805805465965
6_175_175026,0.7005582922824302,0.445545148895293,0.9207817134880475,0.8056331285406527
6_175_175085,0.927607986488675,0.7129091980139696,0.992416519555434,0.9671541713230649
6_175_175104,0.9676234388062727,0.8466967989598168,0.9811016243231987,0.8047880076071149
6_175_175106,0.9301876809113262,0.8600984518798601,0.9636189722277195,0.9093342981186686
6_175_175174,0.8156893149140119,0.693937684157733,0.9111165523996082,0.8677163140507486
6_175_175203,0.952426536344514,0.7081462722075131,0.988888013239814,0.9048761676236181
6_175_175269,0.8780674427501777,0.7773519341816137,0.9325233756178906,0.8717107062749604
6_175_175275,0.9257142857142857,0.6876294194340057,0.9148564484277685,0.653605461527521
6_175_175335,0.0855993083715856,0.21188384137700017,0.02155826101609234,0.27660005572018337
6_175_175466,0.7897665580890336,0.6171532389424884,0.8895605293252736,0.7345112781954887
6_175_175479,0.920496217251974,0.7152941982797025,0.9893713938657759,0.9497116586683874
6_175_175480,0.9552899936265137,0.8411447532144338,0.9833090475559677,0.9155984684534709
6_175_175481,0.9097956730769231,0.7411656539814518,0.941837656069994,0.8085738184859891
6_175_175506,0.7014859755561418,0.4305744253029727,0.8173824576702274,0.6219053481055943
6_175_175528,0.19967898367597842,0.24958350877835345,0.19728573037504224,0.2742641172199363
6_175_175578,0.923618012119795,0.7765855915782167,0.9684981837919084,0.8925562021049954
6_175_175647,0.7624428689675028,0.5873514458728668,0.831130046985745,0.7246746327726615
6_175_175670,0.5691895512391159,0.5410179139460908,0.9581993569131833,0.970930930930931
6_175_175676,0.8567001994991299,0.806251043231514,0.926107917671055,0.9172000179026988
6_175_175726,0.8174450171145297,0.5756911395112561,0.8303004832948099,0.6117139124012952
6_175_175807,0.9078028141296861,0.8651043391851606,0.9637322427894963,0.9394448373408769
6_175_175967,0.9157699080414792,0.8206828661727371,0.9619112130054189,0.9226101825803961
6_175_175973,0.9297465943514303,0.7325293753865182,0.9756596949807689,0.8950652952733156
6_176_176020,0.884212987316617,0.8009910907269756,0.940494200706001,0.8937953535467177
6_176_176068,0.7464312864262185,0.26252271309630354,0.9380844184217425,0.7593918089026301
6_176_176075,0.7599154135338346,0.6731037521110214,0.8967955297069221,0.849421345906558
6_176_176121,0.9233035176743786,0.7547981234006256,0.9959515112031457,0.9832702298142115
6_176_176144,0.003364509059480816,0.035615163450831794,0.02021355388223676,0.0397021920130291
6_176_176160,0.7975304400931333,0.5621964621220178,0.825086443305115,0.6313796077549031
6_176_176305,0.3062280157252224,0.06632717055916514,0.3603889241175227,0.1689060112073357
6_176_176314,0.6574181365606626,0.22532575385407164,0.9181656035551256,0.7801051322178083
6_176_176357,0.8829168197966434,0.7111041264424588,0.9294456676596295,0.8121602288984263
6_176_176381,0.8890249127746832,0.8131540452346123,0.9674725570745505,0.9483684178780385
6_176_176386,0.9614863800976224,0.865841362312346,0.9769280833062154,0.9155460236494319
6_176_176392,0.5954378401848435,0.2546514047866805,0.962407737337745,0.8851766797540559
6_176_176411,0.12869829399392382,0.09717942021415513,0.14402183390882772,0.18960161316693008
6_176_176526,0.7991382719646983,0.5241166318466709,0.8481427774679309,0.6117163210849714
6_176_176617,0.92011378136963,0.7402950483576236,0.9615679808976947,0.8825364332017351
6_176_176649,0.4598774438284214,0.4953533131701952,0.47155075648585837,0.5198390465033362
6_176_176713,0.5931198102016607,0.5298580446314791,0.6783190869114086,0.574192171198335
6_176_176761,0.8680393606734543,0.7148986619996612,0.9530265419133092,0.9035971223021583
6_176_176798,0.9571915227156251,0.818656911418866,0.9731912646391848,0.8062162824914174
6_176_176817,0.8192645365572827,0.5511420456818272,0.8938954082675716,0.6814814814814815
6_176_176923,0.9155467534304711,0.8773475655807864,0.9858254016989049,0.9785778673312476
6_176_176938,0.8228666289912404,0.5407909410654542,0.9187719859290054,0.7846810781958901
6_176_176943,0.7938355837587672,0.46413199426111906,0.9161293877775941,0.7748720864127345
6_176_176982,0.8574672965116279,0.6199466284303182,0.9551691346284472,0.7883023726319661
6_177_177018,0.5872072803153258,0.4316348534462104,0.9162308426940743,0.7314010620874485
6_177_177044,0.8349177711470405,0.7405246252676659,0.9548090865152248,0.9298999447547726
6_177_177110,0.9063513255769597,0.7784939306047911,0.9500307818592243,0.8830638297872341
6_177_177129,0.3177491082596007,0.0015647184955521428,0.34375313220406933,0.01586671955573185
6_177_177213,0.7648683302100799,0.7449027975343765,0.9143611670020121,0.9183551847437426
6_177_177225,0.6659552604537191,0.5683809269043001,0.710101357155128,0.627196333078686
6_177_177229,0.9301297360098109,0.8444841024146847,0.9748976807639836,0.9426403174236295
6_177_177279,0.8875723082664676,0.6707536963577353,0.9858301188695584,0.9506918899982484
6_177_177302,0.9252619892225622,0.7921287584577812,0.9618435093588671,0.903903400276718
6_177_177307,0.8668822932521563,0.7311473057329411,0.9691768446917685,0.9350912778904665
6_177_177397,0.8860050308712555,0.6788979690913505,0.9467200300168845,0.833816631130064
6_177_177406,0.8648187840997662,0.6251029484434195,0.9538694500027041,0.7573737500786114
6_177_177408,0.8521576345221523,0.6190502213235696,0.947425240202958,0.7477089956985226
6_177_177411,0.8478956671284574,0.6163851260186735,0.9431450743694761,0.7405475880052151
6_177_177415,0.9602317144059813,0.7959026271390697,0.9764635132613069,0.870291674715086
6_177_177585,0.9681503922939486,0.8802451333813986,0.9794139984810329,0.8270864896910612
6_177_177589,0.6896374509437488,0.5551960411115341,0.8424757140364144,0.7986553784860557
6_177_177722,0.8851020321220125,0.750163505559189,0.9156218073743847,0.8231083329132429
6_177_177913,0.922333893864143,0.8041187509021797,0.9517450809101876,0.8963733172593932
6_178_178076,0.8495642868062987,0.7404718188393702,0.9584718576844561,0.96835031432907
6_178_178122,0.8156273338312173,0.7377738825591587,0.9264432029795159,0.9112601966913166
6_178_178143,0.8933524268917696,0.8064397348825791,0.9148918808649531,0.8492266975436275
6_178_178145,0.8916037520018303,0.8046228710462288,0.9425015117919774,0.8971779264550531
6_178_178184,0.6842680421383923,0.5792288055891441,0.8039376988044313,0.7594654788418709
6_178_178187,0.7763641065425394,0.39562993956299397,0.9030116959064327,0.7173852313995717
6_178_178230,0.83777933405488,0.6629105576541392,0.7296958730600599,0.6400599068116264
6_178_178275,0.8139954853273138,0.6143989806031431,0.951203940167822,0.888728323699422
6_178_178277,0.5206775275902494,0.328723176730591,0.5806539385968891,0.42307120005951937
6_178_178279,0.6901920083030617,0.5854542033212589,0.9293412318892299,0.7872296601441813
6_178_178280,0.6503538684252855,0.4246575342465753,0.8081977296874127,0.6023368780359721
6_178_178281,0.7543457687901579,0.470276117865238,0.9246445187078173,0.8601064933268792
6_178_178282,0.62607861936721,0.4108447962212364,0.7806303226207497,0.5469462524847021
6_178_178399,0.7445005409304003,0.5879399434532514,0.8519045923816305,0.7634614269982032
6_178_178407,0.8995287464655984,0.8417537942664418,0.9334222404595814,0.9185963915328882
6_178_178412,0.8962102143075584,0.7533904466854234,0.7861145069274653,0.6400348381477718
6_178_178463,0.6333950513381585,0.6082763261186498,0.7864918701070088,0.7683605910466085
6_178_178466,0.9079927135598095,0.6943681592039801,0.8887261057625226,0.6681978107896794
6_178_178467,0.890513162683489,0.8333782981708304,0.925637300224541,0.8905256109809173
6_178_178470,0.6578548355198102,0.5270054694621695,0.7088762508098769,0.6390437774350457
6_178_178511,0.4851995154708283,0.41446194121613583,0.49047836319100907,0.42978181000224935
6_178_178685,0.9488953816187401,0.8296246252586243,0.9786954657519563,0.9270809961857752
6_178_178773,0.5868555352002094,0.4248683043863767,0.8497140436348232,0.7546741290505738
6_178_178822,0.47592419608696207,0.14933098935442915,0.9564355388722937,0.7900114844371153
6_178_178865,0.8464609554743537,0.6209610604805302,0.8788093802107354,0.7029183517324298
6_178_178879,0.9530817858553932,0.7596626844694307,0.9793946868095165,0.9096275071633237
6_178_178884,0.9229043504623313,0.7778762425830316,0.9789929650859823,0.9181088895223358
6_178_178885,0.8976566135104268,0.6827443231511775,0.9753711589365864,0.9263233190271817
6_178_178886,0.5919743834309852,0.5689856355369574,0.7283315047683349,0.6840116405333797
6_178_178980,0.038988969312952385,0.05339195979899498,0.04108087034916303,0.06902274355976314
6_179_179030,0.9228535949770013,0.6388018250347154,0.9700171172995159,0.8518092785875213
6_179_179051,0.09289888085569971,0.14697196066849658,0.10053435729437984,0.16917124399765088
6_179_179071,0.45601223213674436,0.3877303507057912,0.4876334606719561,0.5008244909664468
6_179_179090,0.9657663412111811,0.8511309836927933,0.9900702767145636,0.9527543463625203
6_179_179159,0.9428235178737803,0.8312147912754586,0.9866756184475546,0.9613025011798018
6_179_179207,0.849252195932579,0.7411419315650941,0.9011706932082255,0.8515184090298307
6_179_179253,0.2030730523856591,0.3072562358276644,0.20874306753040967,0.28927800431758216
6_179_179254,0.007516691976822119,0.0,0.0078006691318894174,0.0
6_179_179287,0.23421986727712332,0.05078393073958718,0.40039888794874895,0.27916007478786137
6_179_179313,0.05510929360790614,0.09276977707634641,0.06635574709250841,0.1331277306604986
6_179_179324,0.8543012019797314,0.6137406171809842,0.9897318258779835,0.9775607574176234
6_179_179346,0.25542454227647093,0.27430234096019046,0.28001933781064625,0.34571900018334045
6_179_179391,0.939373876856143,0.8680659670164917,0.9735291179702328,0.9383399209486166
6_179_179398,0.48788163796845607,0.2504220596510974,0.9302616057178544,0.8439637346906315
6_179_179416,0.9113432320441989,0.7198709846140435,0.9453451091887968,0.8449859245927361
6_179_179431,0.9082551050033872,0.8353826179929739,0.9438040838663337,0.9090944789130605
6_179_179434,0.8974018427824355,0.7411500059197285,0.9505992487031185,0.8940751019721627
6_179_179438,0.8969610636277303,0.7635933806146572,0.9778127871865564,0.9403708107632007
6_179_179605,0.25193496244176095,0.10945645821157218,0.25089483552070907,0.06753364242903992
6_179_179654,0.9139479685391166,0.5552874785311197,0.9908784554184509,0.8733555238548106
6_179_179687,0.9503281887528827,0.8876017740120474,0.9929346141927486,0.9792814788978026
6_179_179688,0.8178183709289475,0.5953112203112203,0.9281669812368158,0.822727788923799
6_179_179783,0.7643410528953578,0.4741142840643317,0.8971838273338754,0.7163078635272841
6_179_179931,0.9113261577959909,0.6873043874125079,0.9776986106163164,0.8817231389343746
6_179_179932,0.888872208669544,0.7565008428679029,0.9627967691931142,0.9206664915375089
6_180_180004,0.6903420729209341,0.4089621687234473,0.8499155690645053,0.7749019180470793
6_180_180008,0.907384403036577,0.8245405740243651,0.9413022931900711,0.8741661286851732
6_180_180009,0.8307658058771149,0.6419419602117175,0.9296006587072869,0.8862292312024782
6_180_180080,0.754418747801618,0.31648135829452945,0.9521284138283089,0.7883528265107212
6_180_180098,0.9676985697748236,0.8424548087486268,0.9877708233028406,0.9349550780223822
6_180_180161,0.7407962653711857,0.36121655185341395,0.9718105792938665,0.8910337552742617
6_180_180163,0.7560700932474436,0.4803893704703709,0.8551295336787564,0.6143763566538655
6_180_180170,0.9328383169442772,0.8866583963008909,0.9777683973547207,0.9531624131285406
6_180_180223,0.9469767110604658,0.7741480436558023,0.9804908747640025,0.9164787371134021
6_180_180224,0.246169813185727,0.051458059490774546,0.00641826575302829,0.28952146827946473
6_180_180251,0.9409742397830718,0.672296587006798,0.9799007824886207,0.8470489744663039
6_180_180282,0.8656982818667286,0.5269984336786568,0.9401934495307412,0.7702248474366087
6_180_180315,0.9527073181838882,0.8229175809707715,0.982920845144232,0.9249620672214814
6_180_180375,0.8745423735905107,0.5183143874153174,0.9700735119753379,0.8681793913507742
6_180_180377,0.8749585161694753,0.7966919595314164,0.948345277397536,0.9174614557188957
6_180_180405,0.9456612143055171,0.6433144808451606,0.957196226176154,0.7446605036659228
6_180_180414,0.9247618061309031,0.7364468602488914,0.95076665737385,0.8476205865718671
6_180_180459,0.9320100211986896,0.8790510221040385,0.9636231062140485,0.9418970797567183
6_180_180464,0.8813161398836639,0.7453335018750263,0.9142056074766355,0.819560949491344
6_180_180488,0.9608634556163482,0.8121661086972006,0.98891153941191,0.8969618801948982
6_180_180577,0.9219776781057683,0.8922256320327342,0.9842669047087703,0.9748982881707223
6_180_180703,0.934545824709036,0.8544149686018198,0.9687244262586728,0.9293308317698562
6_180_180705,0.9385935708208486,0.8624687129495455,0.9696911196911197,0.9362565976451482
6_180_180781,0.8948099565029264,0.7005224780386978,0.9804489682799628,0.9274840852477165
6_180_180885,0.8932814316768616,0.810973264089248,0.9635212372520453,0.9359243697478992
6_180_180942,0.861612857346039,0.7940949440370514,0.9210799584631361,0.8823931623931623
6_181_181006,0.7445607970719805,0.3829745376875949,0.9790811865204816,0.939358922829582
6_181_181152,0.7024365925095033,0.3325212464589235,0.8848781335031553,0.585945945945946
6_181_181182,0.8967824461281118,0.7769691016252902,0.9788622270153681,0.9547555464256368
6_181_181247,0.9006461759376388,0.6263984696539331,0.9639327334415105,0.8930681370618354
6_181_181344,0.8139224712816762,0.6948775055679287,0.8250377860009381,0.7658634234778667
6_181_181363,0.8757822277847309,0.7885997634428169,0.9444379664179104,0.889579326330325
6_181_181382,0.12660510748809695,0.40896745604421786,0.13801013603627635,0.4723008318326044
6_181_181415,0.4228181122563803,0.02322777178396903,0.3601414687446087,0.0
6_181_181419,0.4043048476423733,0.014624550540963253,0.34701955399839024,0.0
6_181_181443,0.5397233350971351,0.3720533193249721,0.9919079302283762,0.9779377612633534
6_181_181487,0.9001724562700173,0.819997187456054,0.9333404266638293,0.8851766324374785
6_181_181586,0.7239830053230454,0.23550113015364368,0.7781416936684473,0.42767963873024306
6_181_181594,0.6754730348023733,0.4902599093702797,0.9401288203000043,0.9558568329718005
6_181_181625,0.6102860069335014,0.03848297588755604,0.6796776824885911,0.18532818532818532
6_181_181781,0.921499636010677,0.8107667210440457,0.9672500433200485,0.9048783137766189
6_181_181787,0.8860439489207234,0.7546450863695747,0.7944522194710589,0.7593114348543155
6_181_181837,0.21264778733944487,0.13605394063700874,0.3021840445947181,0.34436217987619855
6_181_181841,0.9208441222164682,0.7131329850514664,0.9797627355198884,0.9229701981242022
6_181_181842,0.8971671034568826,0.8240829652391012,0.948159633274909,0.9269073569482289
6_181_181845,0.9392294291617712,0.8671682824482708,0.975281762295082,0.9246370947347125
6_181_181907,0.8414915788880752,0.846839546191248,0.9295482532892605,0.9319009769829442
6_181_181909,0.7951573086821787,0.7492633590825835,0.8869986340494226,0.8739203988959131
6_181_181932,0.8465729676181042,0.8819878279795252,0.9390010626992561,0.943451357854933
6_181_181933,0.8967389069375334,0.8661378120021243,0.9547766073374501,0.9390721467630976
6_181_181934,0.865077926785067,0.8557606225466565,0.9294563325483772,0.9261580684641917
6_181_181937,0.8732634556193328,0.8431200701139352,0.9396834187087545,0.9317391460222995
6_181_181938,0.8521251002405774,0.8247104024034434,0.9208617082832599,0.9152757171117705
6_181_181941,0.5320716435781876,0.32503712083716324,0.5517747646601606,0.3699901751533015
6_181_181950,0.9007127339253725,0.8774971261689501,0.9198061983125888,0.8979014686505769
6_181_181951,0.8584773971867282,0.7956560491626401,0.9258870144683917,0.8984185529506872
6_181_181954,0.8875272057592499,0.8492101755480559,0.9287679272273778,0.9199762364473488
6_181_181956,0.8658124221391706,0.877964047667138,0.9583671811535337,0.959430728511303
6_181_181957,0.8699919549477072,0.8746928746928747,0.9243240009571668,0.9150191269529155
6_181_181987,0.41147987491173205,0.2067235159068547,0.4465763456609301,0.25535119985987037
6_182_182027,0.8224681484236958,0.7689740337761164,0.9757650212195667,0.9730255164034022
6_182_182070,0.9631015711988123,0.8381471013993245,0.981228886480974,0.8331068400957743
6_182_182072,0.9579505635003315,0.8502748451269523,0.975568209470969,0.8917270638147428
6_182_182190,0.5977320551788637,0.5393126177024482,0.9775172943889316,0.9525549785215105
6_182_182191,0.8737605033650592,0.6639497594869054,0.981660837593041,0.9557853171922898
6_182_182214,0.8150695638580585,0.8414167686658507,0.8780701754385964,0.8907610448242502
6_182_182221,0.8565286413546765,0.8444018841554946,0.9034367396593674,0.8888483014141836
6_182_182225,0.7790432047674226,0.559890622915833,0.7957843670277278,0.617994207096307
6_182_182274,0.7201259484850049,0.4234270685818329,0.720816411538061,0.47226259082936606
6_182_182357,0.8244083092116465,0.6329826593314674,0.9406071919827078,0.9056059529283893
6_182_182417,0.9303831770635738,0.7887580015908489,0.972108843537415,0.9151921395561847
6_182_182421,0.9385628436261347,0.774864229553376,0.9836021505376344,0.9293367572832728
6_182_182422,0.8145444714787781,0.579059189658268,0.9027763823302857,0.7019372202923043
6_182_182424,0.7275085102934025,0.47284937376400793,0.8030139935414424,0.589975093399751
6_182_182431,0.6287959325167553,0.47675985592825815,0.7008777675881043,0.5190217391304348
6_182_182480,0.7307383627608347,0.3024930274916045,0.9691918846915772,0.8525358324145534
6_182_182481,0.08738851903027257,0.18433316807139316,0.00042020881145553865,0.23138289984874996
6_182_182498,0.8179549784014382,0.6410060362173038,0.889534191088873,0.8063852995469039
6_182_182531,0.9559481496968429,0.7988118811881189,0.9862936333818451,0.9017148166920088
6_182_182532,0.8825235678027556,0.6790119760479042,0.9314734938082649,0.8451896056329133
6_182_182566,0.8563991145363614,0.6011041741912182,0.9865842055185537,0.9619326500732065
6_182_182687,0.49964461911531066,0.07961963344212905,0.5041835044367304,0.1656141992151971
6_182_182722,0.8166629403036647,0.5700539518326937,0.9234128003362365,0.7230730995060425
6_182_182727,0.4494946544371093,0.3847191903155388,0.4986929418861854,0.4851310843602798
6_182_182767,0.5158943174669742,0.47597972731815263,0.5327121073895478,0.5339572192513369
6_182_182867,0.956064478081384,0.8320936550029105,0.9668368209323552,0.8641991834549227
6_182_182890,0.8971692950599472,0.5941745765866369,0.9681280331533889,0.8467325111304437
6_182_182903,0.15212670360940542,0.08031663287962158,0.16274628065942903,0.09691066942840774
6_182_182962,0.8051978322941553,0.543836344314559,0.9496561015386797,0.8985527910458402
6_183_183016,0.9338542684117992,0.8372745270567532,0.9779576587795766,0.9491794600317628
6_183_183024,0.921808214086601,0.8053723182979735,0.830336355080002,0.6799100841654033
6_183_183025,0.8574091332712023,0.7421862729700016,0.9558732406833673,0.9226044753682945
6_183_183027,0.8685828343313373,0.8124484487024934,0.9410472676155333,0.9036844623692665
6_183_183051,0.09516839713976429,0.17027348394768133,1.5552825170692256e-05,0.15754969688425208
6_183_183077,0.89288906367309,0.7171299948948809,0.9582286796244059,0.8917139842218984
6_183_183192,0.8133384022158258,0.6587042705876449,0.8637949075688873,0.7549611734253667
6_183_183264,0.7545630808317176,0.7246058760300967,0.8764495225102319,0.9108463035019455
6_183_183280,0.90558675168935,0.7751746136501128,0.9638703036541431,0.9118413872551991
6_183_183414,0.934808552958727,0.8480019463536281,0.9643717908414545,0.8931255389922386
6_183_183464,0.9228466793436158,0.7528671410927483,0.9849114116974662,0.9244252679835502
6_183_183467,0.7976535444201004,0.6227453378171813,0.920059215396003,0.7802971742678004
6_183_183470,0.7839605631641539,0.36811005158668125,0.9870516481920713,0.941498887502035
6_183_183522,0.8718680848026269,0.7760110980685092,0.9147630147630148,0.8369321598425628
6_183_183532,0.8901074234407568,0.733451171011931,0.9414990859232175,0.8580450835600466
6_183_183539,0.9069470572426767,0.783934576582085,0.9662192063726214,0.9168665729175284
6_183_183614,0.8112578977599081,0.7757054041128647,0.9461895656924337,0.9439992955886237
6_183_183629,0.395152251074164,0.1372954634782069,0.4570073044131808,0.21362409744001168
6_183_183630,0.9097197959611487,0.8440710209258085,0.9566846522781774,0.9125049940071913
6_183_183665,0.10966723905880169,0.21800563014291902,0.161433510886833,0.20317047817047817
6_183_183704,0.42369492511269446,0.30339272638515985,0.6147016089974708,0.585840183035336
6_183_183720,0.895543592044265,0.6546548956661317,0.9330381703387388,0.8520614723622243
6_183_183730,0.3838654177021602,0.3580709094913015,0.4892986075296545,0.5602002882937561
6_183_183779,0.7296893667861409,0.5616671392117947,0.8194727891156462,0.644395559420883
6_183_183795,0.05636847710330138,0.0936152274717079,1.020023052520987e-05,0.1725587456387406
6_183_183803,0.9210517306309699,0.7435211959190354,0.9732797955831356,0.8869477073519766
6_183_183804,0.7924326253792611,0.44966309948474037,0.934812521499828,0.8308396749645298
6_183_183829,0.9241808827511508,0.8430593607305936,0.9535463310998529,0.9054899899660758
6_183_183831,0.9248812351543944,0.8212014134275618,0.9782135076252724,0.9419781127400372
6_183_183834,0.9659787084463192,0.8624922950482844,0.9929302084682118,0.9681430536451169
6_183_183879,0.39279329235064103,0.19845065034429993,0.36043395790889293,0.5362429053678079
6_184_184105,0.9242624880453174,0.8776927185330248,0.9725634886368096,0.940822282146947
6_184_184112,0.9277943018159048,0.8466145612097528,0.9663618823924167,0.9194994154072663
6_184_184173,0.8948340965694545,0.6877064620928772,0.9236862062185771,0.7293395987506682
6_184_184198,0.9337700455144838,0.8161120840630472,0.9870118115581301,0.961610305958132
6_184_184204,0.7366067732052662,0.48332306270220304,0.9264364088427652,0.8710597262546661
6_184_184209,0.0068012011582597506,0.0,0.006957615906294237,0.020305242203052423
6_184_184223,0.7920468068226895,0.6493897246664775,0.9284423563426093,0.9202312138728324
6_184_184238,0.9055385112223479,0.7818927522037218,0.9120468776928822,0.8523222512763043
6_184_184306,0.8786788750817528,0.7640801001251565,0.923942987184094,0.8542234332425068
6_184_184310,0.8687074434033638,0.7016085790884719,0.9703816591571693,0.9323545237912214
6_184_184311,0.8951273806579273,0.7686542305129913,0.9604915647065164,0.9246641074856046
6_184_184312,0.9456531717616818,0.8675164156044805,0.974876064879434,0.9356090877954104
6_184_184313,0.7390931606020195,0.5779548850779193,0.770846163320606,0.7378317697057173
6_184_184314,0.8853113690253338,0.7869619112012621,0.8727938727938728,0.7840466926070039
6_184_184315,0.7756265946270449,0.7353775743707094,0.9103869653767821,0.936106213048439
6_184_184317,0.8901762008206614,0.7028363553686126,0.9219515424334701,0.8195260541098986
6_184_184318,0.9001673173452315,0.830110497237569,0.8435047440552887,0.7297221964136393
6_184_184320,0.9198878278005154,0.7767809462779024,0.9550886197770471,0.8780885912084201
6_184_184326,0.9271811623792025,0.8714675177870869,0.960204081632653,0.9149721495201665
6_184_184327,0.8596981848881384,0.6980203260639424,0.9293686989918387,0.8381549775590764
6_184_184334,0.8955034832172261,0.7366599021129283,0.9130772215754753,0.7890912957187411
6_184_184339,0.9195652173913044,0.8227650727650727,0.9295587299751316,0.8446528863412657
6_184_184356,0.9294390940328122,0.8121526023244062,0.9718151646668368,0.9249123753033163
6_184_184358,0.8891882183908046,0.7055427752940666,0.9081570537208948,0.767932302512073
6_184_184364,0.9113312221719565,0.7446869718436477,0.9431616341030196,0.8182413742902898
6_184_184366,0.90416576732139,0.7728534602419195,0.9507201030690655,0.8962606173606795
6_184_184376,0.9684385069058431,0.8457114835948645,0.964489819640055,0.7639758801789535
6_184_184478,0.09971837461923098,0.2493843375472008,0.15879140448771223,0.28064213209318967
6_184_184487,0.8706279131456288,0.8606285379660356,0.9084843492586491,0.8996881934885811
6_184_184513,0.8159276902406254,0.8001654680837523,0.9049786628733997,0.9273266324390773
6_184_184775,0.9496940404398723,0.7949113699078622,0.9696801498647055,0.8688629222309505
6_184_184950,0.8986555697823303,0.7203568386605101,0.9617516822983857,0.8908447192580033
6_184_184954,0.8702266693894221,0.7335270662972224,0.9601900272519702,0.9071496361910788
6_184_184979,0.8136435422364315,0.5611180642469754,0.9593232874179533,0.8953646294656038
6_184_184995,0.9311530384120317,0.686755296731926,0.9829648752817977,0.9298725771715721
6_185_185021,0.8446435064291145,0.6959421901056142,0.8847704657270743,0.7504291231583464
6_185_185044,0.941302758998721,0.8181163396899438,0.9668378365407688,0.9000967152631013
6_185_185045,0.7325524012363315,0.4205156851791962,0.838207209357842,0.6186182067546717
6_185_185046,0.1625212457807675,0.048453309006468735,0.029757281087871727,0.29601060624322045
6_185_185054,0.9095195828248086,0.8252547581819162,0.9337767664391154,0.8665403054967109
6_185_185092,0.8068833652007649,0.7109365257513406,0.9260430916552668,0.870834145390762
6_185_185101,0.9381711409395973,0.848820294482881,0.974001062385646,0.93635712400558
6_185_185118,0.8788819237488439,0.5638755094479437,0.9562902455118433,0.8121844932476162
6_185_185147,0.9163285584168254,0.780912632164719,0.9570847368651297,0.8820228003507746
6_185_185156,0.10963026655202064,0.2459884717245677,0.1274461598977284,0.26784496476471925
6_185_185166,0.8044728231519426,0.5207143466030176,0.9665671178683629,0.9037216828478964
6_185_185178,0.9668020062096967,0.8198989469707701,0.9907277750444689,0.9487983809764735
6_185_185184,0.34602786218872095,0.13744328306115325,0.00936615116532346,0.14229889835792975
6_185_185235,0.741467415305028,0.6766363921077356,0.7602881344627492,0.7148254576415496
6_185_185261,0.7519385164345022,0.41301757066462946,0.9885388557047997,0.9276188305026787
6_185_185267,0.7981622800186887,0.6342091705306543,0.9342097180416488,0.9039045326075579
6_185_185311,0.08864469965726655,0.15601318810308815,0.09699954767050309,0.16694562928567572
6_185_185320,0.7858528419206547,0.4991261483307192,0.9827447564162702,0.9375574448529411
6_185_185321,0.806950202159783,0.6398512175078933,0.8898703357680765,0.7756537838463319
6_185_185363,0.9458448245935469,0.8121901327878515,0.9865083866785511,0.9369002186075809
6_185_185435,0.5173630664113826,0.313334587173218,0.5537187846649171,0.3425065778875584
6_185_185436,0.7645250212044106,0.42369477911646586,0.834068649077914,0.6305324249306081
6_185_185479,0.7472978753743048,0.2661772702555737,0.9436236761546213,0.6550716851895376
6_185_185538,0.9365974729241877,0.8302339143394026,0.9737968423054975,0.9244974446337308
6_185_185581,0.9015223415967503,0.7511050144795001,0.961353253488085,0.9100021791239922
6_185_185592,0.27722753757376806,0.037583846207039626,0.29829365279106057,0.24547413793103448
6_185_185621,0.4018781544232881,0.15586760905439487,0.408875702291522,0.2414306198089982
6_185_185660,0.8807228146350807,0.7474591534799948,0.9445468727840023,0.890158814539172
6_185_185714,0.8700922685332485,0.6970872280184618,0.9679623937805099,0.9194868995633187
6_185_185883,0.1074415612266781,0.0,0.11255765406152587,0.12405935449104101
6_185_185884,0.1863911805504855,0.1582786644472731,0.24052076404067282,0.25109995662142903
6_185_185897,0.8352824231084084,0.6733289840460234,0.9424324324324325,0.8860503967701517
6_185_185915,0.9678560896490711,0.875715359269322,0.9927049454390711,0.9635804367886804
6_185_185917,0.9353652476395561,0.8009301433571463,0.9874311537918373,0.9600605617625562
6_185_185947,0.9101901766996107,0.8742069343941836,0.9678545336472116,0.9530642641769899
6_185_185951,0.44766606608513443,0.0,0.004618126585834818,0.5295394404305296
6_185_185952,0.9118708053691276,0.875,0.9653932584269663,0.9640179910044977
6_186_186022,0.42234278122232066,0.18722152801443953,0.0004142747233236669,0.09873541555769756
6_186_186041,0.09739983344128805,0.04965266931441236,0.2173614685194716,0.26476019242917537
6_186_186067,0.9263291813367259,0.6564868479714668,0.9744380098387198,0.9184460079535026
6_186_186109,0.06610407876230662,0.21584699453551912,0.06819433469817782,0.2134624020757447
6_186_186111,0.9034840808156627,0.7557346559206448,0.921095834188385,0.8139565854308164
6_186_186114,0.24923210257325296,0.12921145334658116,0.2893056485822728,0.20957192652645595
6_186_186120,0.9551242097765115,0.7630842988413903,0.9842470850905483,0.8390232337600758
6_186_186212,0.9244970559371933,0.8472792607802875,0.9445466491458607,0.8811243412063244
6_186_186216,0.9221622277498028,0.8242901128977078,0.9679428942245295,0.8673668619134182
6_186_186294,0.8449364107395195,0.6165883120002745,0.9569025289201912,0.9134399937104446
6_186_186299,0.39009432460821863,0.22935543436251987,0.4246959342059539,0.3469119085232829
6_186_186302,0.9060752632842785,0.6399561883899233,0.9949367088607595,0.9830061349693252
6_186_186329,0.9614812365680278,0.841651653113892,0.9743790529793221,0.8821697639377197
6_186_186340,0.8586009459795868,0.7770196033076967,0.9376863023420866,0.8898203592814371
6_186_186480,0.5965778289357181,0.34857677902621725,0.6380544654536806,0.4321942997241802
6_186_186611,0.8615213389837764,0.773459608346225,0.9047819774249449,0.8589377938795961
6_186_186617,0.5375384615384615,0.19105857787389538,0.9931467732724157,0.9798530047557285
6_186_186637,0.8173007026896051,0.36262909711574626,0.9181344307270233,0.688077446902492
6_186_186717,0.4633278861866769,0.32745662058086666,0.6049377523553163,0.46378581971802313
6_186_186720,0.960049989585503,0.8738714991762768,0.9925124431941138,0.9695057833859095
6_186_186736,0.95180851442188,0.8648067544181656,0.9676477113066627,0.9002474074853924
6_186_186738,0.47528800141785316,0.32077405805435405,0.5155052900401313,0.3490171143962274
6_186_186799,0.6396836917905031,0.4039905734485467,0.8171396828603171,0.6774811653529591
6_186_186801,0.9265310481072134,0.8093457325346659,0.9632962416259794,0.8811449689700858
6_186_186803,0.7395681117064459,0.47074157303370784,0.8645372218846744,0.6872228791013894
6_186_186851,0.9240710467017187,0.7026724769580811,0.9761792118086767,0.8583369803063458
6_186_186911,0.9436078396116155,0.7657244400363666,0.9642421398404505,0.8591762013729977
6_186_186937,0.8889780631353665,0.8230893433799785,0.9268249676736805,0.8826084503864162
6_186_186942,0.9311862927854678,0.8194858214719188,0.9640245685873062,0.9057911908646004
6_186_186978,0.8828567981662444,0.7672713717693836,0.9246711837385413,0.8215619623148265
6_187_187026,0.6681814876754163,0.5669338378055458,0.8265032377428307,0.7147167078983889
6_187_187033,0.9218754675204213,0.8184103512014788,0.9853719969000259,0.9601638878747313
6_187_187035,0.8038181214217324,0.5036666758219122,0.9589021649118656,0.8614519755862512
6_187_187039,0.9256405036787158,0.801086089697338,0.9765712160654518,0.9313938516014808
6_187_187042,0.8806262870591312,0.6842128121606948,0.9296855391014378,0.8197881514810649
6_187_187060,0.8568614014048312,0.7896566869189664,0.8870372123851908,0.8358317678181191
6_187_187068,0.8889588695985542,0.6576132845482691,0.9265686391237052,0.812006153415845
6_187_187069,0.9114836692147325,0.7236317747077577,0.929432574593865,0.7834630350194552
6_187_187085,0.8721923335574984,0.7272290758661446,0.9387381326156836,0.8806078147612156
6_187_187089,0.0,0.0,0.0,0.0
6_187_187092,0.9131242158092848,0.84464366204237,0.820272526525556,0.7177589852008457
6_187_187105,0.7791411042944786,0.5539780337530137,0.9468809073724007,0.891745950115711
6_187_187173,0.7481671554252199,0.65319323072049,0.8799457282913166,0.8204594109818897
6_187_187187,0.847926267281106,0.8265669515669516,0.9080878037328325,0.9284532397908531
6_187_187192,0.7779287248831037,0.7415748198389148,0.8481507327285415,0.7816926663080509
6_187_187262,0.8518958283859732,0.7170345852851252,0.8889293738993138,0.7771063026944166
6_187_187270,0.9082675529705027,0.8677701674277016,0.9677073083460059,0.9600428962942368
6_187_187278,0.9284776670096143,0.7976477256624628,0.9889574289848451,0.968415027578312
6_187_187296,0.662483455071327,0.47276395427034296,0.6807642985380867,0.4554902285525008
6_187_187445,0.9221170160363418,0.8038557130382212,0.9429239766081872,0.8655820679681852
6_187_187483,0.9216651046547953,0.8010564274467977,0.9737448180561953,0.9341475491005117
6_187_187579,0.5537270087124879,0.36490189023883984,0.5838683505009171,0.49026931393748774
6_187_187587,0.8627606958807457,0.8280742111316698,0.9657326917106489,0.9634369779597995
7_187_187609,0.5694321206743567,0.2405452946350044,0.564334583977047,0.25754012882118393
7_187_187644,0.8676481522789798,0.8277986388171791,0.9384072828672189,0.9249858641703839
7_187_187772,0.9548221723806473,0.871762814788355,0.936678219728228,0.8092928790516455
7_187_187858,0.8959865789134082,0.7779772591262717,0.9876635647306308,0.9296693476318141
7_187_187877,0.8014088322947711,0.6485298510647378,0.9270253164556962,0.796373159403103
7_187_187891,0.9059747679124018,0.8685922642453707,0.9602049530315969,0.9492715331773232
7_187_187936,0.8859813084112149,0.8391766195167594,0.9456026058631922,0.9195361911454674
7_187_187965,0.9600678525582248,0.725182034460385,0.9807277468294417,0.760408534998699
7_187_187975,0.8479229458786529,0.8286445012787724,0.8867615287193623,0.8837114706679924
7_188_188008,0.1455307648930171,0.03474570423021186,0.1193224953532815,0.07119931686346102
7_188_188009,0.4069545769210288,0.1816248766713163,0.8837471274726265,0.5384044943820224
7_188_188016,0.8817465576908917,0.8137694194603434,0.9237575757575758,0.840713536201469
7_188_188041,0.6110000571134845,0.46965146965146964,0.8125651929711948,0.7902331341194206
7_188_188045,0.6059729644765797,0.44390851940169085,0.8790779449111155,0.8259429771423956
7_188_188053,0.7204466692337312,0.37270854788877444,0.8168001186239621,0.5737545659438875
7_188_188076,0.9200199327270462,0.8385636872506401,0.9650562541363336,0.9310847651049261
7_188_188077,0.8638764268271907,0.8073425558672729,0.9172076918320657,0.8897605496590268
7_188_188080,0.9421289984268485,0.8006526362103101,0.9370382622119308,0.790494559481786
7_188_188150,0.6303877072765566,0.2463204920290077,0.9316254495404698,0.8028459210611036
7_188_188152,0.12054733397783893,0.0,0.21770077894171366,0.0
7_188_188170,0.3980832782551223,0.2864945614116988,0.9578393322345685,0.9024577082668369
7_188_188171,0.8895711500974659,0.905589946184714,0.8490242333261848,0.8221656953343852
7_188_188172,0.8628735886650432,0.8790630158820516,0.8527003314486254,0.8248061101117632
7_188_188221,0.8882047958522359,0.8244446365286542,0.950174621653085,0.9235769337914383
7_188_188270,0.10322005854651903,0.09816500074593465,0.1263064381270903,0.1512358969942296
7_188_188335,0.7523022751895991,0.596277145811789,0.8938688968726073,0.7889718449221912
7_188_188357,0.37433489153615823,0.36928296197017924,0.41001996387489303,0.36374243418653834
7_188_188375,0.7829348746241644,0.6348454828500116,0.8387417112470769,0.7052907739396589
7_188_188376,0.7602584250043652,0.4760799390664104,0.9294993937294301,0.8431839847473784
7_188_188443,0.8468755531952558,0.8210512809546213,0.9284750337381916,0.933290065365537
7_188_188465,0.7136334936130944,0.6350922470616956,0.7904895891952729,0.7307351952143287
7_188_188612,0.851718088948509,0.867937206035062,0.895251236058411,0.9060969321990203
7_188_188629,0.8580072766893009,0.5209571349338404,0.9770824543092537,0.8928835991900834
7_188_188631,0.9215598386373823,0.7520667483159829,0.9760215053763441,0.9290583186064125
7_188_188644,0.9293219132273306,0.7312322722975102,0.9766496762639482,0.9382514907621623
7_188_188671,0.6596741660201707,0.48281722054380666,0.7009762524068507,0.6035624279184999
7_188_188715,0.9160023062088709,0.6880514705882353,0.9742414226922831,0.8870993718795297
7_188_188770,0.9558570563294972,0.8169832051483283,0.9832247435033326,0.9166339850972043
7_188_188794,0.7424031998222321,0.5411249014972419,0.9675420478017114,0.9293566642815325
7_188_188816,0.7879399631352585,0.4436564223798266,0.9596658973513573,0.9566511485919255
7_188_188817,0.8642806267806268,0.6603809075946391,0.9470098410295231,0.845646643476455
7_188_188821,0.9094546610843182,0.7356691470665221,0.9654887667644295,0.9055902719135281
7_188_188829,0.9281546543740526,0.6850958710739913,0.9520980482760139,0.8114113893879946
7_188_188858,0.91732806375328,0.7475767571682315,0.9677509716726777,0.8683158800020235
7_188_188878,0.8496164908916587,0.6870328680774426,0.9176610334215215,0.8793267704033026
7_188_188879,0.944738476094734,0.8101681016810168,0.9811600012333878,0.9345403142499864
7_188_188898,0.9123042625768849,0.7194050033806626,0.9776523307920619,0.9200267091273306
7_188_188900,0.9214960748037402,0.865894708496028,0.9720700111719955,0.9561855670103093
7_188_188931,0.8056582343830666,0.3644630989856593,0.9408791042135328,0.7414473976128145
7_188_188996,0.9648936546696394,0.7324969292858396,0.9838479809976247,0.858282857417556
7_189_189052,0.5509022353891732,0.22358467883630176,0.6610242938006121,0.32172351885098743
7_189_189055,0.8060552977937695,0.5314659755449229,0.9190128900949797,0.8259501965923984
7_189_189091,0.7925230967557115,0.5583787950664136,0.8440227606272046,0.6285349842889587
7_189_189111,0.6348180839285985,0.4467651178219525,0.7176579374356649,0.5894201807228916
7_189_189150,0.8216276477146043,0.714013671875,0.9225712757012917,0.8810676940011007
7_189_189216,0.6743407766430096,0.21688951968327483,0.7291653641763051,0.5131692947496101
7_189_189231,0.8695994667636188,0.6647085115892982,0.9276306763616409,0.8484888918540263
7_189_189257,0.5345740973093546,0.5137984965440694,0.5448550960599153,0.5631861653347308
7_189_189291,0.33627004046509246,0.3824712342181653,0.4190863695209913,0.41685924556475984
7_189_189358,0.9042859099000411,0.747485485321776,0.977075334551012,0.9430775369065035
7_189_189395,0.9584328328004209,0.8107419127988749,0.9743832219560374,0.8039262917017945
7_189_189445,0.7193161520796122,0.7475409836065574,0.9018976618095561,0.925954465849387
7_189_189447,0.4561164429238308,0.1514017563448713,0.4837497236347557,0.19394157244624535
7_189_189451,0.9344868953457636,0.7617423154266015,0.9812301348681385,0.9257425742574258
7_189_189454,0.8989322979859258,0.7990981396297387,0.9289128151260504,0.8993164603731757
7_189_189457,0.8893070215695273,0.5558164524216977,0.9631244397359628,0.7622339704486919
7_189_189629,0.916164641739306,0.8019603920784156,0.9645680609458099,0.8838799492281866
7_189_189652,0.9163027910713661,0.6972482801751094,0.9701009188130743,0.8270359969364309
7_189_189653,0.3923049687241827,0.3046390473827834,0.4270417749864868,0.412677304964539
7_189_189654,0.9186788967037242,0.6727592666174718,0.9727158687016517,0.8681804777351814
7_189_189656,0.9459695141093167,0.7960782104017581,0.9759036144578314,0.9184662075405626
7_189_189668,0.9266968802698144,0.6910510972993785,0.9788365776369398,0.8348151084432867
7_189_189749,0.8301006629020378,0.8623537508602891,0.9161542761319172,0.9165164673111584
7_189_189839,0.89822152241811,0.7024259721726721,0.9561216287385315,0.830433944069431
7_190_190013,0.9174008112561794,0.45656706045865186,0.9815246852163173,0.8191862162951427
7_190_190099,0.8727330420561888,0.7171370967741936,0.9068580542264753,0.8096741249651843
7_190_190101,0.8332382799133112,0.7984912561435593,0.9273618829682903,0.9419946852682278
7_190_190106,0.725422138836773,0.5174597740499829,0.894384858044164,0.8038543032993644
7_190_190188,0.9253507197538552,0.7636587550380654,0.9861083704960732,0.9531917607295453
7_190_190198,0.8471491808860807,0.6090848251631253,0.9136993076162215,0.7702973909870462
7_190_190257,0.9104376233140343,0.7829402743813985,0.9564430207861844,0.9047619047619048
7_190_190266,0.9158405826421202,0.8231429169282276,0.9545768268484168,0.911381556393555
7_190_190268,0.7843514575827055,0.5906789606035205,0.9604473400707947,0.9312473291866483
7_190_190361,0.5936313791649093,0.48223298496048944,0.7634166900814836,0.7626988480526604
7_190_190363,0.6133333333333333,0.6513617318435754,0.7324157730304821,0.7613747314977544
7_190_190595,0.9036813264015737,0.8521551159439277,0.9539968116602141,0.9365222206839263
7_190_190605,0.9211406335501915,0.802917125334172,0.9465094612394385,0.8499498030735965
7_190_190623,0.9611080429032351,0.8689720653640498,0.9930639324487334,0.976924301098085
7_190_190712,0.641200230813618,0.5055605055605056,0.5344059308332347,0.4616955746474307
7_190_190778,0.5056129096922922,0.4043193902037359,0.5411083540115799,0.502099491182137
7_190_190781,0.8758655150260547,0.7370325693606755,0.9718490083173384,0.9436329266196941
7_190_190783,0.43378292446199673,0.20948523423770948,0.8020115734362083,0.6044241037376049
7_190_190869,0.8829363240337381,0.753525155645297,0.9467406666896481,0.9079672741318164
7_190_190902,0.9678064031026159,0.8399131464666404,0.9702021849013533,0.8362726294615709
7_190_190969,0.7733114997219305,0.4270045123221104,0.9755723991674194,0.849382140359058
7_190_190978,0.2933608447627139,0.30720761267922586,0.0009498733502199707,0.16661793942228978
7_190_190999,0.019322958920274358,0.0,0.02067433969495767,0.0
7_191_191004,0.8369316738633478,0.6811847432346048,0.9086596640689288,0.8340892262125139
7_191_191005,0.8895316549426139,0.7680638911204575,0.9452061829199404,0.8961536496909639
7_191_191007,0.8104263365996218,0.5919493168986769,0.9578882812899269,0.9351672060409925
7_191_191008,0.8809016250218417,0.6952786253412558,0.9428900402993667,0.8836139595729418
7_191_191009,0.737356205852674,0.54672229304284,0.9035761187998788,0.8413628374419757
7_191_191025,0.8102794066919627,0.615203893270683,0.8759036745275963,0.6671280915466962
7_191_191094,0.7005242841504868,0.1013586629794397,0.7299363248633387,0.20338873019994808
7_191_191137,0.894991652754591,0.6448230668414154,0.9369372550404294,0.7210082375573422
7_191_191154,0.9317796610169492,0.8196267793370555,0.9095035460992907,0.7874239938229901
7_191_191174,0.7679450055324057,0.6739012682343712,0.8652600508349504,0.8526864428125787
7_191_191197,0.8194569764580428,0.425367492650147,0.8880633536503982,0.623336022589754
7_191_191272,0.6191051454138703,0.3086866227441994,0.7004234477832764,0.5075400168491997
7_191_191278,0.8476532567049808,0.6182915347085509,0.9457990203993757,0.9014754878629224
7_191_191307,0.8433520619563095,0.4242389387316923,0.9250295159386068,0.7613026819923372
7_191_191341,0.7217133273126048,0.26546152417507585,0.9358985382631126,0.7049774204754107
7_191_191373,0.45056428719795055,0.43865568026990204,0.47192092696109283,0.4579180509413068
7_191_191513,0.9139388401161842,0.7888888888888889,0.9632840745550915,0.9150326797385621
7_191_191527,0.47084601086200273,0.0026613987433807993,0.5268833447598684,0.02950541286351093
7_191_191528,0.8323889599707549,0.6246298788694482,0.8918378767287553,0.850455455251011
7_191_191563,0.5326610185809184,0.17144402379664683,0.7251279324782348,0.44232857866917674
7_191_191567,0.8597719628540604,0.5106704574081405,0.8902526740759646,0.7007966172084419
7_191_191576,0.8254906333630687,0.7482749210557094,0.8836124249009332,0.7895645850377239
7_192_192101,0.8650708791777325,0.8222267268028176,0.9589241676942046,0.9423092548955879
7_192_192173,0.5515354211006385,0.15850079024610522,0.4348332826593696,0.036195195518690076
7_192_192202,0.8681839511966213,0.7747471936172187,0.908881320408698,0.8575196600400528
7_192_192350,0.9191092609489051,0.7229854128310438,0.9691512779748074,0.8846990188278971
7_192_192365,0.9382376717865805,0.8315460992907802,0.9701826156636161,0.9160518800571157
7_192_192428,0.8203614300626305,0.6629254605343419,0.8931913639378085,0.7801808719392543
7_192_192549,0.9356115582530676,0.81218993621545,0.978415751237146,0.9094946961383708
7_192_192563,0.23082659175055711,0.0,0.24048311622612875,0.0
7_192_192564,0.28098363867933773,0.20949179887066416,0.29028794908170696,0.3881275245239469
7_192_192682,0.8321782178217821,0.61873168574114,0.9490231595290465,0.900673283820365
7_192_192719,0.9497157498598767,0.7904374364191251,0.9840137624302437,0.9406472672266232
7_192_192727,0.7966116271069832,0.46855531686358753,0.9575648835850789,0.8201097318961827
7_192_192856,0.9117535708139735,0.795459506657935,0.9507146014439369,0.8964592518521886
7_192_192869,0.9095904095904096,0.7664856477889838,0.9779428416142035,0.9508316475612497
7_192_192893,0.9711011068079501,0.7944103324158374,0.9821316804296473,0.7940515532055519
7_192_192895,0.8805710780973149,0.6123778501628665,0.9531950144971194,0.8146657442928118
7_192_192907,0.8970716510903427,0.8538017263264788,0.9666079255343184,0.9549799047586882
7_192_192928,0.41869777158774374,0.21995192307692307,0.5725367222313913,0.39018207588312254
7_193_193017,0.7956341892943442,0.6261532153352013,0.9000892060660125,0.8421490880253767
7_193_193020,0.1288597619813445,0.10966087733342615,0.14138020160248127,0.0948148365084711
7_193_193048,0.6198382622963629,0.5293464255564936,0.6038543897216274,0.526392827737627
7_193_193104,0.29512076881398464,0.10051963048498845,0.3529109940480263,0.185695158138525
7_193_193139,0.12362847222222222,0.0,0.13576998608171748,0.010857304004512127
7_193_193494,0.9300534227854392,0.7993233048328837,0.9421549970470503,0.8242907148120855
7_193_193944,0.9238793414253095,0.8207563072427937,0.9784591797623611,0.9519072823507939
7_193_193945,0.7545535537517323,0.5510115680578912,0.9042956209066393,0.8781298958304703
7_193_193972,0.9621223857474825,0.8878023876845743,0.9941597235245265,0.9730169712262423
7_193_193991,0.3670487685155776,0.33057126572844053,0.6174906056317407,0.5379945661402615
7_194_194027,0.09558303358807528,0.0,0.09952277207179168,0.0
7_194_194034,0.23422896259839363,0.10345464622205801,0.2773401913149104,0.09835976092355558
7_194_194103,0.8284781188765513,0.7886795743938602,0.9456014920733603,0.9514496983848998
7_194_194181,0.3871614196134204,0.2810056757311208,0.5179311542947906,0.4529659256181176
7_194_194183,0.9398200560090568,0.8503209242618742,0.9664225810489423,0.9329762273673027
7_194_194203,0.00033893709327548807,0.034141137021795456,0.0006099213879100028,0.03965897845779097
7_194_194215,0.9387405791900174,0.7892552560769828,0.9735583930966124,0.8597631555515982
7_194_194229,0.7822780136606978,0.5843095866314864,0.8887855209742895,0.7211775007296836
7_194_194243,0.8758139534883721,0.7727496595880291,0.9504492052522461,0.9176531470340902
7_194_194244,0.8552457841324933,0.7802569977089352,0.9423300219326538,0.9232427297968727
7_194_194269,0.8132581983251155,0.7820627802690583,0.9462465245597775,0.9239176124422026
7_194_194271,0.8688615299488173,0.8583058400102832,0.9497793334347893,0.9535240753663643
7_194_194272,0.8434707216219821,0.7726022966197639,0.9683769958146023,0.9630872483221476
7_194_194797,0.07808103545301069,0.39880496399571014,0.04220356160416968,0.19973590538523367
7_194_194808,0.43394663882187734,0.12382617040235794,0.9560571979434447,0.9208882197967633
7_194_194833,0.865538907684872,0.8205369127516778,0.8865452221156919,0.8284855933360644
7_194_194854,0.25429868870860756,0.004885038754640787,0.006148994041508355,0.5945307889041904
7_194_194859,0.8835989375830013,0.5799570166361537,0.9787012987012987,0.9138849068195781
7_194_194899,0.39115132369604777,0.07181599725369035,0.5290688221494437,0.27007953657303113
7_194_194908,0.9443068377992945,0.8088253941417642,0.9705297319932998,0.9255168871195583
7_194_194993,0.4256280346210682,0.1317914774224551,0.9932356629050353,0.9744250119789171
7_195_195096,0.8874867864693446,0.6223238129724347,0.9162640329685946,0.7658901607946194
7_195_195176,0.14394274970715334,0.21855300164872465,0.14314954460875526,0.19476399932329555
7_195_195198,0.8298588893005086,0.358398138509583,0.9929706910133921,0.966751542454216
7_195_195319,0.2844715876367825,0.041716036772216546,0.21832697939112658,0.0
7_195_195335,0.7052082510076662,0.5148283480625425,0.9022322386778279,0.774922918807811
7_195_195396,0.9178774883185048,0.8412363680183166,0.9647930401685584,0.9309148264984227
7_195_195416,0.9529715949156526,0.7791609822646658,0.9635610227441653,0.8254471759626398
7_195_195452,0.738971052964227,0.4302083836967558,0.7512192766430055,0.4851365625471556
7_195_195501,0.42443344222131485,0.10155896507753692,0.44828143954710875,0.1601112110556873
7_195_195610,0.8390252176863056,0.8431227681320035,0.822464,0.8701684041700081
7_195_195611,0.8879167941266443,0.8128558969886626,0.967032967032967,0.9107764245324054
7_195_195659,0.7983870967741935,0.5607941374411127,0.8483577917540182,0.7200788392183175
7_195_195718,0.5001442834881976,0.2871432056599171,0.5254726246010312,0.40264089560807576
7_195_195808,0.9422443952222245,0.7027332400731734,0.9809213385484572,0.8628043660789253
7_195_195809,0.9630476270368895,0.7924128751210068,0.9649990283505712,0.7420572329878323
7_195_195812,0.9600016031421587,0.8141626794258373,0.9779608054135712,0.873544896874849
7_195_195813,0.936661852692387,0.7546462513199578,0.9729905806346535,0.8346727291953051
7_195_195882,0.9026841286307054,0.8350284433718325,0.9667309202541586,0.959593455627169
7_195_195886,0.18674741464796712,0.32707535596118814,0.8402629416598192,0.8841051099888727
7_195_195985,0.8050584996558844,0.8481422235148695,0.9015362203681632,0.9499086479902558
7_196_196096,0.1606361829025845,0.07969911017337859,0.16194359966823335,0.058148991541964866
7_196_196240,0.5939413035649982,0.2406033085955472,0.6845900962150812,0.3266267780042519
7_196_196386,0.8890225322748777,0.8729612781537779,0.9597232079489,0.9603860729512079
7_196_196416,0.8325439361834726,0.7477159949914205,0.9526193585836599,0.9561312607944732
7_196_196513,0.7957000982211067,0.44272967487458353,0.8731901544401545,0.6512210935811541
7_196_196614,0.8680032957978577,0.6926605504587156,0.9219879338151843,0.8173327672994117
7_196_196631,0.9014705882352941,0.5410776480229461,0.9871619855354498,0.8697948405443835
7_196_196740,0.19530575289037472,0.09097440318574625,0.20177549755724972,0.0862015802659472
7_196_196751,0.7297141207045914,0.3800462921213214,0.9616782292699042,0.8543865514112422
7_196_196775,0.9272904589044807,0.84862539114886,0.9478767788763788,0.8623730625334046
7_196_196776,0.7254425636387131,0.466884176182708,0.8161279924986081,0.5631473950740428
7_196_196820,0.9367654770350721,0.7736463421038811,0.958443314234211,0.8571665469017744
7_196_196827,0.9649433776464795,0.8879259615899,0.9894459102902374,0.9631936262133198
7_196_196847,0.768019884009942,0.46145374449339205,0.7830440587449933,0.6058051656839133
7_196_196980,0.8544923172297746,0.8317795275590552,0.9479861563926368,0.9327004006329327
7_197_197004,0.9542465918687417,0.8545010300388061,0.9672597642202696,0.9029854453330683
7_197_197020,0.9432399468443377,0.6162836249673544,0.9850883790898834,0.9302818893183746
7_197_197036,0.8143694573876447,0.43729857819905216,0.9232088272571386,0.7340769659788065
7_197_197085,0.8338379411999044,0.7435887562572199,0.9221472864708279,0.8713071109584335
7_197_197087,0.9347918825035042,0.8190852224834746,0.9799022445173323,0.9367756032680981
7_197_197089,0.8728978491940715,0.7383268482490273,0.9854531046584026,0.9634601043997018
7_197_197102,0.8985965269990145,0.6947052315473368,0.9355269329292492,0.8613821947819159
7_197_197113,0.9377287249491723,0.841015854374633,0.9901936598001727,0.9772162053750502
7_197_197114,0.7203011056222065,0.4405951465905348,0.970198461439007,0.9093123477609144
7_197_197134,0.8476792055560793,0.606177805280528,0.8597191807290996,0.6309752454118651
7_197_197135,0.9526740775609226,0.8359884596086302,0.979576427951225,0.9241994057444701
7_197_197182,0.8196297086757016,0.5157348839036656,0.8748973847777648,0.6465927767710397
7_197_197186,0.9682119205298013,0.8319054919289386,0.9861188632999248,0.9007787577406643
7_197_197349,0.8926335648743675,0.5930918281381634,0.7452367991290147,0.33270389353475405
7_197_197350,0.29177900369156745,0.26388816305199897,0.3068267566247947,0.517672445866508
7_197_197374,0.9327468660655377,0.8366980464711324,0.9380251613202729,0.7807657247037375
7_197_197381,0.5562497458901975,0.394071580682833,0.5898184129552316,0.5022411024886272
7_197_197390,0.8475768343162753,0.5790563108623041,0.9217057396928052,0.782261665550346
7_197_197411,0.2524270025113385,0.0,0.2652488876116105,0.23937096321258072
7_197_197500,0.28985274258890104,0.3389559400901556,0.31324197815616306,0.33946135831381735
7_197_197514,0.7890929588050166,0.5143098060612072,0.8846499339498018,0.6176305130513051
7_197_197520,0.6276812951886815,0.3657549702369373,0.8376601928920597,0.6790473568281938
7_197_197546,0.6445755787562415,0.2123220857535583,0.782256331542594,0.38557172138032997
7_197_197589,0.9161130571325039,0.7844459686023472,0.9463576800180744,0.880684519093646
7_197_197633,0.8888368096242482,0.8499306351408408,0.8961919666145018,0.8620293013682044
7_197_197636,0.8906659258671323,0.6345435818205227,0.9655516075916457,0.8335828877005348
7_197_197678,0.8868194842406877,0.8528312086130005,0.9517249937949863,0.939130020940415
7_197_197679,0.9149737032071775,0.8776362038664324,0.9536110805760141,0.8960367856360849
7_197_197680,0.8697118682826435,0.8518924849149753,0.9550697084917618,0.9523703439672073
7_197_197682,0.8907353331563579,0.8723700433520264,0.9366609294320137,0.9356299867021277
7_197_197687,0.9073087577242702,0.8650198310053457,0.9577056449320676,0.9367855044959559
7_197_197710,0.8736603301259486,0.8334700056771589,0.7072759538598048,0.6673449844385922
7_197_197734,0.9456253199492533,0.7675324100703509,0.985765786719386,0.9335465174377936
7_197_197741,0.9552249584747599,0.8457280541807762,0.9761806364353609,0.9085765719429085
7_197_197748,0.3690955104668003,0.2347117171828705,0.8836860701666727,0.6239371089363067
7_197_197852,0.966565139138862,0.8982706002034588,0.9910312299006646,0.9692031021692705
7_197_197860,0.9262907108120056,0.7779313323256316,0.9679280764574049,0.9007330905067085
7_197_197876,0.9121437801809155,0.6209974110914294,0.9703404606772507,0.8772091902313625
7_197_197897,0.8685750186515884,0.8406785693101607,0.950822533490422,0.9505585630691241
7_197_197974,0.35924879977407514,0.21324008904679453,0.43709984124491896,0.32212230640326656
7_197_197995,0.943799722647982,0.8599703849950642,0.9370423492111422,0.8520984366523647
7_197_197996,0.9236862952204912,0.7540398599515217,0.9754866930856017,0.8713871353011432
7_198_198044,0.9456703511848921,0.8070443169332194,0.9896341985779148,0.9391447368421053
7_198_198073,0.6130750114114724,0.4273313718682042,0.8351989816929355,0.7448562164782886
7_198_198095,0.46871952784192966,0.37496800614282055,0.6220731206353554,0.656700652153945
7_198_198179,0.8301004332414337,0.3533972609357262,0.9545342789598109,0.7516901080115005
7_198_198183,0.9303005008347245,0.7096614040313772,0.9768041237113402,0.8408945003209929
7_198_198209,0.23863931446377565,0.0,0.27628870747670037,0.012613101701049585
7_198_198394,0.9304433282376064,0.8633449026413318,0.9786689915722174,0.9569663132802209
7_198_198400,0.870057590862895,0.8301747779460521,0.9519943713806354,0.8843014061631833
7_198_198450,0.8925931800158604,0.6274898878119515,0.9160888918306224,0.7763367994703431
7_198_198494,0.8851983465080862,0.6913234706117553,0.9770365878310087,0.9331861491982338
7_198_198520,0.900183430143687,0.6561355513391872,0.9679367004852227,0.8807669263031755
7_198_198545,0.6722105143247707,0.515266984206568,0.7038712456917775,0.49606950765411667
7_198_198568,0.8515791472393932,0.6442641616851694,0.9079398754175318,0.7669757336515806
7_198_198603,0.5293431114672427,0.17277332051613858,0.9815817633516003,0.8711843011246271
7_198_198638,0.8953962980541054,0.7702224358694227,0.9278612227628517,0.8889589905362776
7_198_198640,0.40203357594820965,0.3005883546358288,0.4360116008332993,0.3989977329674263
7_198_198642,0.831392235609103,0.8976413944417357,0.9311305133222941,0.9668388763319341
7_198_198659,0.2006010348645412,0.15482706088134063,0.1633350751490138,0.017153044946983203
7_198_198720,0.4995706516553764,0.7125739075674352,0.8986239331126982,0.9721892929963488
7_198_198728,0.652459300812538,0.24141499670712202,0.7407261506138796,0.3974945222444508
7_198_198748,0.6389077202592401,0.5050267168018998,0.7424117870241558,0.623004906056516
7_198_198769,0.9301486440485646,0.7007334725797834,0.9670005751533742,0.8515042634203893
7_198_198781,0.960455836359061,0.7977959051374858,0.983335189102921,0.9420461634435433
7_198_198918,0.9186454733932273,0.7303509979353062,0.9597727934750947,0.8516675439016221
7_198_198953,0.9214309097943514,0.8246023688663282,0.9796275664491485,0.9554702357458108
7_198_198958,0.4125353911064231,0.17670564585325194,0.9847858000800748,0.8833585115687366
7_198_198970,0.9162838834070546,0.5677834816682361,0.9655978110492821,0.7554138727052875
7_198_198998,0.7985434403528567,0.4107059373539037,0.9720348376880443,0.9003657385559226
7_199_199045,0.8705768782663693,0.7130499565415339,0.9628406275805119,0.9162631059288165
7_199_199048,0.9042200336786242,0.6251208897485493,0.9273108692801888,0.7128200512982046
7_199_199051,0.9676407357273669,0.832958311172933,0.9964158295381681,0.9807769501806343
7_199_199059,0.6146840148698884,0.33228982351073,0.9696399696399697,0.8772207473963651
7_199_199073,0.22705625,0.0,0.021058372798382376,0.43069440691704947
7_199_199143,0.5012214122218162,0.0352427597955707,0.6905691588605282,0.18874058863791923
7_199_199241,0.8592459884717246,0.8728215767634855,0.9388642490651361,0.9433356898145631
7_199_199273,0.8116650559945426,0.6638922781941782,0.9735710321864595,0.9530037936696676
7_199_199281,0.20839840594539286,0.059094802802192,0.22577627039354423,0.06796103946500408
7_199_199309,0.9582586427656851,0.8030832803560076,0.9920882464815519,0.9730580613912938
7_199_199366,0.910367566247405,0.8546511627906976,0.9610612460401268,0.9388427994043821
7_199_199393,0.34129821958456974,0.0,0.4354388190847718,0.25746077186917654
7_199_199395,0.2784340858809762,0.023819207890589254,0.0,0.3958977559647082
7_199_199412,0.39421014492753625,0.0,0.39786880809765157,0.0
7_199_199422,0.2919047151139123,0.11391496263993406,0.36380848863098475,0.2028312757201646
7_199_199442,0.7464651940190631,0.767599645704163,0.9634710004472938,0.9513381995133819
7_199_199464,0.5532712511938873,0.26203607853785194,0.9443444783864083,0.8351194572805034
7_199_199546,0.5675979262672811,0.31166263353597357,0.666609996599796,0.419463522094078
7_199_199569,0.8409770910552404,0.6783522410265947,0.9169813299769247,0.8243150009856101
7_199_199642,0.8825842194620678,0.876559924652696,0.9520541229532307,0.9530371377371316
7_199_199643,0.9162851243379119,0.8722025403957487,0.9456233421750663,0.9217433931993404
7_199_199669,0.9251829973031976,0.7218294864151265,0.9718576684421504,0.8955463490419472
7_199_199691,0.888933030646992,0.8016702647426429,0.9702876608629826,0.9437971213159698
7_199_199692,0.850702048177251,0.8216760502381983,0.9530712897922583,0.9467583153725171
7_199_199936,0.6541935483870968,0.4678033371132351,0.9818617898366062,0.9763383820758009
7_199_199947,0.8778095627298733,0.8573288206196303,0.9285523146909286,0.9077857905982906
7_199_199952,0.6301521876981611,0.09677798337592151,0.6192360418743769,0.07864646816414185
7_200_200012,0.8142979615164794,0.3943733092876465,0.9308030843093038,0.7453297750667175
7_200_200055,0.7581471043543841,0.6073071810776729,0.854732341838359,0.7657206870799104
7_200_200346,0.9486581503010895,0.7597997313469288,0.9799053946703257,0.9013670570423477
7_200_200378,0.7907726514730405,0.8208627045204682,0.9406496457692822,0.9577665408446692
7_200_200384,0.9194886959839741,0.747277338505147,0.9543615223070225,0.7900115975645114
7_200_200407,0.6023627158250032,0.46282882195958824,0.9358455309872314,0.8644605171901317
7_200_200443,0.753114111823905,0.22245591794398986,0.6610358586654066,0.04644967451176765
7_200_200555,0.571562591615362,0.792995370965668,0.5523011238776919,0.7813661046013146
7_200_200585,0.6848633484482242,0.36260672591043736,0.949657380083029,0.7843763533997401
7_200_200654,0.8103250015130424,0.7290968274789875,0.8958863727723435,0.876589929570062
7_200_200663,0.9181773921012687,0.7735010515455736,0.9716331759113498,0.927738050432819
7_200_200704,0.7392445532049258,0.3609828496042216,0.9856686715675355,0.9437933391932806
7_200_200707,0.4891610958692376,0.2884760560606558,0.9373049781575536,0.7990078288504767
7_200_200717,0.8947999563937643,0.6147941072062478,0.9746967484278604,0.9062833998987456
7_200_200731,0.9532177805730776,0.7968737442738889,0.9210496205042145,0.6936739939386964
7_200_200745,0.9073227657298454,0.7382386786705476,0.9596672944130571,0.8887534943731632
7_200_200846,0.8866477084848886,0.7624132824070465,0.9290374605967304,0.8354379148453942
7_200_200848,0.7999124582808995,0.7896592743648568,0.8894618537617348,0.8640481972725574
7_200_200910,0.7693219535324799,0.765596469872185,0.9347063978965819,0.9468213058419244
7_200_200932,0.5856513291949011,0.4910678997707691,0.6059130434782609,0.5128045215357631
7_200_200933,0.8894498442955553,0.814537980005606,0.9536077130416754,0.8951430087300439
7_200_200940,0.9066171102409238,0.848117558725732,0.9716266437964551,0.9473387778090678
7_200_200941,0.9320074005550416,0.8430314775048448,0.9884169884169884,0.9784324039978959
7_200_200973,0.9101320812672781,0.7446393762183235,0.9429023845007451,0.8427067460867156
7_201_201035,0.03518646408839779,0.5944716058668672,0.000986407169291256,0.734510887885121
7_201_201080,0.9475409836065574,0.876632723783121,0.9761358623731804,0.9345340036462074
7_201_201121,0.9001816784291804,0.670865501828525,0.9463230950974602,0.8236801640184521
7_201_201126,0.9403398519866044,0.8353092331951176,0.9656691676845228,0.9009238998298079
7_201_201151,0.8809232785955962,0.6936333724488623,0.9507869391590322,0.894467414845442
7_201_201161,0.9135081591157916,0.8302798576814827,0.9551632733630365,0.9321072628159243
7_201_201213,0.4259716080986735,0.26312958106381545,0.5911052975801178,0.5396585848589807
7_201_201231,0.8586445366528354,0.8085361287907151,0.9231907025884839,0.8822489959839357
7_201_201292,0.8196759152393703,0.6239225410319991,0.9779162262891472,0.8727109425677362
7_201_201326,0.8565371834536496,0.8726774291806275,0.8987291501191422,0.8125672655021111
7_201_201366,0.9359242442346756,0.8189750794941951,0.9730470102962939,0.9178455902412409
7_201_201394,0.8623981268854969,0.8303268065431364,0.9203710274215622,0.9479294644792946
7_201_201412,0.1046633341878151,0.09547208759648178,0.10633576875793345,0.2196177772077214
7_201_201516,0.9068417998628475,0.8520679320679321,0.9648112239078362,0.9435365290089485
7_201_201545,0.9415279408717275,0.7941705649514214,0.9826593780545197,0.9120025881591718
7_201_201725,0.9045651318378591,0.8641010544345127,0.9631567781627891,0.9552314165497896
7_201_201727,0.8949185667752443,0.8801551453260016,0.9481286466486409,0.9504136504653568
7_201_201743,0.8471279073581996,0.6576931826799121,0.9417129718336846,0.8647492491125877
7_201_201758,0.9450822809031765,0.8408199766114054,0.9669376153194036,0.9008258629208724
7_201_201820,0.8832532347504621,0.8886277442444314,0.8853844903267761,0.8911519567257272
7_201_201903,0.46872006484415296,0.5933411214953271,0.5902931283037002,0.6452274647037529
7_201_201983,0.8967579151112954,0.6688311688311688,0.9521104506809119,0.8041541203220057
7_202_202033,0.4307596367463071,0.34431894807821983,0.4655186967164683,0.39665204547489036
7_202_202075,0.8339922765722693,0.7703389830508475,0.9289072294191392,0.9095924472590232
7_202_202157,0.7719996682425148,0.5671685857691172,0.868282600526118,0.7843366452367037
7_202_202166,0.8590848939327105,0.8048240384287807,0.9341626622355953,0.8868698099440603
7_202_202183,0.4523733962007526,0.36063961260057,0.8255027739251041,0.6526887397239611
7_202_202200,0.9611383993065588,0.8487730965107959,0.9844707892769412,0.9437879271798147
7_202_202235,0.6425629578394693,0.46949778881686555,0.7064806742226097,0.5586052024203106
7_202_202260,0.9203511203511203,0.7977952130300924,0.927858596891912,0.9020265122657322
7_202_202280,0.8194174757281554,0.5471905662867954,0.9805342355079781,0.9214598228577526
7_202_202289,0.9553642446076825,0.8942324548588793,0.9782904984423676,0.9267731784071653
7_202_202293,0.9629248702125576,0.864805768783438,0.9845438137122811,0.9346465930198455
7_202_202296,0.9492982409593802,0.773082058128787,0.9766644362663098,0.8942078364565588
7_202_202308,0.9067033037254777,0.7955278434745217,0.9716189022274652,0.930739434584032
7_202_202335,0.8602389781623403,0.435607828494975,0.9422047244094488,0.8144768225655916
7_202_202345,0.8610980318297391,0.8209941137998692,0.9438249973452267,0.9346973094170403
7_202_202363,0.16661925892213753,0.0,0.20341102504428774,0.022336695381152332
7_202_202422,0.8758683006720506,0.6666666666666666,0.9800645528764003,0.9626635873749038
7_202_202435,0.4360414645355666,0.10733766233766234,0.4470446573477828,0.1027256467070664
7_202_202443,0.13123321477825362,0.27255556531670033,0.18568114719527626,0.22545836203220834
7_202_202446,0.8672522373218429,0.7832783278327833,0.747577490219681,0.6313802476593174
7_202_202466,0.8799587250630589,0.7941797178718205,0.9414454464625936,0.9112922277344673
7_202_202489,0.6147359607678966,0.3912703922249219,0.9429984004653191,0.9091996752553092
7_202_202553,0.7882837673656965,0.8220324088720166,0.8473479948253557,0.8616925783634339
7_202_202565,0.7861880451822969,0.6865079365079365,0.8221833483050447,0.8118057504912379
7_202_202576,0.9563667679353156,0.8434038765822784,0.9863511830635119,0.9264792189083925
7_202_202578,0.9244720143953026,0.7879004576659039,0.9699255682961175,0.8899280575539569
7_202_202587,0.9070205748390137,0.7910596777853415,0.9493184051963591,0.8754760642144338
7_202_202607,0.7462517037710131,0.7088481556913329,0.6387347745679485,0.5982669789227166
7_202_202613,0.21449649575802288,0.28192371475953565,0.26273222762702925,0.3323765577880318
7_202_202637,0.7608737123235406,0.5430711610486891,0.9805658056580566,0.962632317306466
7_202_202638,0.4361983078991065,0.2942482744823447,0.539710588835876,0.47884391510701174
7_202_202708,0.34530175706646293,0.1880138954839677,0.7926011560693642,0.7488896481038606
7_202_202722,0.9348201839977697,0.8456234623850836,0.9668163013819207,0.8940937520149591
7_202_202723,0.8870786241988355,0.8797424861658649,0.9407912251743784,0.9365121180189674
7_202_202729,0.5736928708150039,0.4144590829673703,0.6029838082443612,0.45235853497787404
7_202_202783,0.1263073679297959,0.0,0.12697143626601134,0.07383791868382729
7_202_202789,0.5613894302418893,0.41483796296296294,0.7808054498096574,0.7740415186085655
7_202_202818,0.945076500588466,0.8073805828591136,0.9734904270986745,0.8321794516754362
7_202_202920,0.7944149963141082,0.4062113587347232,0.9628679588754887,0.8336828952652952
7_202_202969,0.5797201915805394,0.28374025489006116,0.823625328381194,0.738113735239279
7_203_203002,0.8048679654798202,0.530309891958336,0.9716612169006861,0.9338287331917905
7_203_203015,0.8914780292942743,0.848704268292683,0.9130873450562121,0.8586144733453516
7_203_203031,0.7333259102549827,0.5172845299546379,0.8707149185578954,0.7762334954829743
7_203_203068,0.7662798807938621,0.8265042451088963,0.7804977560179519,0.8343955014058106
7_203_203069,0.518693343346028,0.3589177443661725,0.9005230530802014,0.7886254661694193
7_203_203099,0.9494869771112865,0.7534328358208955,0.9911065776261894,0.9509505703422053
7_203_203100,0.4953614989202178,0.3119301032565528,0.520334315358012,0.410907823662659
7_203_203101,0.943618695889084,0.7274023694602896,0.9925734272435437,0.9597016822746727
7_203_203146,0.5497457202206145,0.3955421899876172,0.8570427470217239,0.7750157728706625
7_203_203209,0.9245866927274208,0.8260981248394554,0.9661753836789705,0.8506115604655751
7_203_203246,0.9406988776566106,0.7183446110134958,0.9771724050952201,0.9043971128725147
7_203_203252,0.8323138324542227,0.6701808655029828,0.9626988874267257,0.8562249294309909
7_203_203283,0.9244417351129364,0.7786822577018214,0.9325485420472228,0.8194743451740223
7_203_203446,0.952755415387169,0.7482081529042856,0.9963273984665277,0.9845479704797048
7_203_203453,0.7899189918991899,0.8363492794630519,0.8874986517096322,0.9280395295427657
7_203_203526,0.8691052190181279,0.7175810052086856,0.952994800940104,0.8824668553552808
7_203_203706,0.46713447510307643,0.48882225553889724,0.48310754306740256,0.5275484936029715
7_203_203760,0.8335160151016928,0.6759180322692684,0.8814902893380896,0.7851591044974424
7_203_203763,0.8979778764179525,0.8082725672617551,0.9650116369278511,0.9546552557112292
7_203_203765,0.8887506404157213,0.748881153654898,0.9341744087837838,0.8900019903138061
7_203_203849,0.699239932438439,0.42243905297702766,0.7402939085091254,0.4951167728237792
7_203_203851,0.6733678343949044,0.3905173578279076,0.714599782516193,0.4724569595233321
7_203_203897,0.7879678403105074,0.616802137846565,0.9560787553352609,0.9167501072807895
7_203_203899,0.7867628122585629,0.6280446712236449,0.8616680507770791,0.7762085258840022
7_203_203906,0.9254462723136156,0.8564167059686633,0.9142549405263651,0.7411162095827553
7_204_204017,0.3503117919140091,0.245869461648404,0.37192177210137695,0.36269404837218355
7_204_204029,0.8735763097949886,0.6764882261224163,0.9475705460010019,0.8552872215709262
7_204_204044,0.9625110447258804,0.7576711250983478,0.9898966538989665,0.9369116307318555
7_204_204115,0.8410803244266952,0.5772678026199153,0.9831359360530292,0.9471515931766977
7_204_204119,0.0,0.08554817275747509,0.0,0.07786504518199476
7_204_204201,0.8887506222000996,0.8092030403713987,0.943902706256163,0.9032334873089195
7_204_204208,0.9539312907721205,0.8646476698483998,0.9897043961596766,0.969538632573652
7_204_204227,0.9348458990061239,0.7628205128205128,0.976590889884222,0.9192925924538199
7_204_204229,0.5344705160894684,0.33539300953668943,0.6048179477749173,0.44050460279577225
7_204_204239,0.9157510938259601,0.7134476388033578,0.9918271265340669,0.9724571339902243
7_204_204261,0.31396937776390965,0.11787868632707775,0.30906190172303766,0.21291420879686448
7_204_204300,0.2883407654185592,0.08203087452179095,0.2897944749542353,0.13470634789170485
7_204_204312,0.11003773769250498,0.14240395605420914,0.09722791942831235,0.12322923187498551
7_204_204391,0.3911933077619938,0.17374356842159971,0.3910889180226729,0.32314369280120764
7_204_204406,0.5105344101654747,0.037911179522262126,0.9736474864505241,0.7352567237163814
7_204_204419,0.8699301595437945,0.7890275034921247,0.9582160640831349,0.9116428900138058
7_204_204588,0.8024603316099126,0.5342470681343982,0.9465767634854771,0.7625324828726672
7_204_204589,0.15405310562638905,0.20100079895715067,0.1648058740696037,0.19384192541969988
7_204_204599,0.9473445301861099,0.783898868928809,0.9722750865051903,0.905999405999406
7_204_204609,0.9260569938536041,0.7869836035540899,0.9699990098683124,0.9091635056897585
7_204_204661,0.9404859912362236,0.8163729147905142,0.9514571054354944,0.8379724321920854
7_204_204729,0.8798989006973416,0.5693458200404788,0.9907806307082544,0.9577477084242689
7_204_204731,0.6295171366444621,0.4351647687800163,0.6573457530203818,0.44871717476607303
7_204_204745,0.9329458219900424,0.7503509786109506,0.9882785027740877,0.954274976511118
7_204_204777,0.7418514985292949,0.4603320397712921,0.8273432622848479,0.6236188386490087
7_204_204789,0.9271297305715621,0.7026807473598701,0.9650796270319333,0.8611174113555606
7_204_204802,0.31967885437474064,0.031431513903192584,0.31440285475666235,0.0841896361631753
7_204_204804,0.9498185776487663,0.8706413236701764,0.9698467622343054,0.9294416730621642
7_204_204911,0.9658082191780822,0.8720111331337241,0.9580356539180996,0.8430103006096279
7_204_204934,0.0,0.0,0.0,0.0
7_204_204940,0.9292538977641924,0.7242749840008084,0.9888017456102431,0.9225059947474594
7_204_204947,0.7235156109005595,0.6513987205208767,0.9219443795279271,0.9103108924178036
7_205_205028,0.8841438987260636,0.8258239465999165,0.9399103926908547,0.8948297418548209
7_205_205039,0.9315898856944925,0.8156273545184595,0.9663387416489244,0.9231623259471712
7_205_205040,0.6526991423286058,0.24753088543996696,0.9742969843491538,0.9313800624889466
7_205_205157,0.9615033368458026,0.8517756388981081,0.9775447477852106,0.8802148968627711
7_205_205159,0.9618447034842984,0.859392378387871,0.9879704699756113,0.9129286049788633
7_205_205162,0.9441852951273197,0.6881759567387687,0.9742818405219896,0.8076521011917207
7_205_205166,0.9355082085948817,0.7633916697696685,0.9546852444611812,0.8195464186653614
7_205_205174,0.6432114216845131,0.5135260115606937,0.6585632470711248,0.5659722222222222
7_205_205250,0.8632050606220348,0.5393249288328589,0.9365266888626356,0.7768958592330496
7_205_205266,0.8700324918770307,0.7460974402807143,0.9800668214508182,0.9690551441105713
7_205_205299,0.8749937258445013,0.6906056628539283,0.8672105819532161,0.5959872852935173
7_205_205328,0.9505646462318507,0.7918718545375832,0.9890107241836366,0.9474986742089446
7_205_205332,0.7319336906889021,0.5132463424278371,0.9495457813214823,0.8599438291558476
7_205_205363,0.9201644837039293,0.75,0.9613543755255158,0.8807015749642053
7_205_205373,0.9245246709260257,0.7563051310721829,0.9712570418191537,0.9024842163052429
7_205_205377,0.9554837841474902,0.8419842941965141,0.9769108502272664,0.9120526078008132
7_205_205420,0.46763106083358363,0.21876966645689114,0.5086977396956714,0.31271761988485536
7_205_205422,0.819890483942578,0.7772580812805322,0.9276939276939277,0.9166289592760181
7_205_205457,0.8500655651717808,0.5772097602137684,0.9283402816244425,0.7258682435246107
7_205_205463,0.5575278569577611,0.36133745434110703,0.588489779718198,0.42284739982949704
7_205_205479,0.8168551270899778,0.7109946837198552,0.9272286933456348,0.9323526967506025
7_205_205500,0.54638130104196,0.28278828006559203,0.9139554168089361,0.7627269612881123
7_205_205509,0.9202210499874404,0.7764828303850156,0.9792228818132758,0.9378518004472203
7_205_205544,0.9423164614683083,0.8135860979462876,0.9530270679798885,0.8479059515062454
7_205_205569,0.4849474912485414,0.29502302778190465,0.525189196035591,0.34640175713116755
7_205_205643,0.4567000621187264,0.2941540299016785,0.6256996944760376,0.4408585665005749
7_205_205687,0.7447364125999674,0.6059004843681197,0.833911590850681,0.7559405471930323
7_205_205702,0.93915810868635,0.787618028745523,0.9577655172413793,0.8348567369168838
7_205_205703,0.9368191721132898,0.8347756087744013,0.9571560373659325,0.8971820258948972
7_205_205721,0.7206868795277703,0.5602486540489537,0.9067414775142396,0.7805650576460155
7_205_205756,0.9426184978948798,0.8062166285278414,0.9794088974487005,0.9273442945590226
7_205_205773,0.7343199436222692,0.70609375,0.8513961846834394,0.8836973082783138
7_205_205900,0.9108555523000293,0.768515328970031,0.9640949088623507,0.8960869338070111
7_205_205968,0.9427930233473759,0.8237597112620053,0.9568036341110882,0.8719817478927688
7_205_205976,0.8845426613093831,0.5235872438863186,0.9809358295810622,0.9130800673238759
7_206_206016,0.19554104477611942,0.0,0.1970260921873825,0.0
7_206_206022,0.8803129625713682,0.6582927292286275,0.8954583605334329,0.6475517841142676
7_206_206025,0.8752588622243879,0.8234845596645063,0.9487715155093328,0.9328742297934034
7_206_206026,0.9492925193077401,0.8363751070253707,0.971693694748551,0.9047708138447147
7_206_206027,0.9208448117539026,0.7292244478685157,0.9471384453643472,0.7976436231811087
7_206_206051,0.8706215711099053,0.4898637947418435,0.9597378909680471,0.8210334899227155
7_206_206054,0.7407103344475068,0.2962819750148721,0.8352416881770247,0.544368725727266
7_206_206284,0.9214795886952774,0.6408827785817656,0.9827225906241258,0.9112837808991162
7_206_206305,0.16449589966232514,0.0,0.18254166517968667,0.0
7_206_206320,0.7693017394630842,0.5458842063804648,0.8243660797488842,0.6240974989891989
7_206_206323,0.8973527642222073,0.70986724413897,0.9186661961891319,0.773420056305213
7_206_206330,0.7485872803863146,0.7625303836805022,0.8465655139967067,0.8500738794943359
7_206_206416,0.5870169522420707,0.7326428726472138,0.6050244574250843,0.7552372808892689
7_206_206481,0.5299638448136977,0.19267878787878787,0.5153778879090445,0.1899960134136904
7_206_206495,0.6063761991010934,0.05406436493446331,0.8001665278934221,0.4359552765790506
7_206_206548,0.9693163700257053,0.8823382619003057,0.9968138981118154,0.9872704369157329
7_206_206592,0.915611953055656,0.751698500192283,0.9673539518900344,0.8823583857830433
7_206_206596,0.9079737067733639,0.7231978806135966,0.9612251148545176,0.8401723983119332
7_206_206605,0.040350549290802236,0.0,0.011369435781117097,0.4234613040828763
7_206_206606,0.05158983670129899,0.04199249026835234,0.018382771848532035,0.3261572172007669
7_206_206631,0.8960108624403034,0.7933124235819468,0.9328913406548914,0.8674160929432013
7_206_206703,0.38647557246562875,0.17182686090297059,0.4696821936668196,0.24857656894909513
9_100075,0.9155478014614782,0.7876067024976289,0.9310992030030193,0.865228013029316
9_100080,0.8561697964098898,0.5825121141177111,0.9134311801348238,0.7527544351073763
9_100098,0.9297297297297298,0.795777802665472,0.9468493150684931,0.861651460377575
9_100633,0.8972107648956589,0.7004998529844163,0.9371047388027376,0.8135934550031466
9_100999,0.25245296938399114,0.20440238105434458,0.28392975847551516,0.2655167730544615
9_101_0136,0.9294493892806227,0.7958271236959762,0.9842235004108464,0.9551884245761797
9_102_0208,0.7903134093721778,0.5547223079977062,0.8573255389112167,0.666890853189854
9_102_0260,0.79061888795753,0.5159160984930733,0.8536179860192707,0.6260383844170725
9_104022,0.5719594594594595,0.4355813016944952,0.7328047996571674,0.8079079619553932
9_105025,0.8935903953697548,0.6762684515627801,0.9356765057157481,0.8040518100298905
9_105053,0.34085951777397866,0.33184380236632305,0.4044599912549191,0.3568432896890344
9_106020,0.8295351645034712,0.43567275747508305,0.9096063842553702,0.734928716904277
9_106024,0.9076024511681348,0.8560962443124855,0.9435441714584423,0.9292235598287145
9_106025,0.7269372693726938,0.5433100986059164,0.9626303753695131,0.9157541746509718
9_108005,0.9142736349149566,0.7982112436115844,0.8763632657221486,0.7199967662395408
9_108028,0.8692145862552595,0.7845155755723554,0.9390775736751685,0.9485653841068359
9_108041,0.8459404823468573,0.565051990869896,0.9503424657534246,0.859530996052937
9_108070,0.8583553963557078,0.7483181638306292,0.911318242343542,0.8487076648841355
9_108073,0.8597213240049386,0.7742058104805865,0.8701348996320919,0.7907320120392981
9_108076,0.038687482856359146,0.019138154864106537,0.0,0.02160919540229885
9_108082,0.9146260972873078,0.7741272202292414,0.9569531746592274,0.8805311789014254
9_108_0873,0.8960712839206156,0.7969038817005545,0.9514981108865653,0.9036735372340425
9_108_0881,0.9133282462164568,0.811655810764484,0.9545361736881508,0.9180664563925769
9_108_0883,0.8788640361899975,0.7878434119386722,0.9407967539653265,0.880573381115093
9_108_0892,0.8678452651846665,0.805056767855705,0.9440841194968553,0.9227621037965865
9_109034,0.7270061895971333,0.6822770952438876,0.8391669077234597,0.8455008488964346
9_109053,0.8546039361064166,0.7937503134874856,0.9485806772908366,0.9046721929163527
9_109256,0.7865329512893983,0.7790111985916182,0.862914862914863,0.9021115382472561
9_109272,0.7614678899082569,0.4663156993665468,0.9558342169563413,0.8779547465554292
9_109_0936,0.9091690445903668,0.7730666783109907,0.9777936156645035,0.940453731920863
9_109_0946,0.9353671365453398,0.8679069333706346,0.9744597249508841,0.9223571188636691
9_109_0947,0.9294395383404739,0.8576737451737452,0.9804397553802343,0.9578561848756835
9_109_0952,0.9018989378822014,0.8371967331251501,0.9583918046589952,0.9247936016511867
9_110_1002,0.9234112173424,0.8113000231320842,0.9883911948307962,0.9634009009009009
9_110_1003,0.9142552001220566,0.7806705569559063,0.9737602967650428,0.922773227068113
9_110_1027,0.9259312320916906,0.8351327609169996,0.9180032076984763,0.8247852270456946
9_110_1028,0.9301533219761499,0.8723148246452207,0.9833729216152018,0.9671299276706934
9_110_1030,0.8839502968562437,0.7713262931805979,0.9452200411026859,0.891657258535446
9_110_1059,0.894563697672506,0.7884407484407484,0.9333152615885064,0.877505961317672
9_110_1065,0.905156123459012,0.8384838138047284,0.9456958182352365,0.911485870556062
9_110_1072,0.8664882943143812,0.8176110929140736,0.9462102689486552,0.9229274611398963
9_110_1082,0.8785497994925935,0.7561459909228442,0.970331827103017,0.9361669162836337
9_110_1099,0.8935967626755534,0.7897317914875582,0.9690687941407272,0.9442327903310562
9_111_1123,0.8746582463706727,0.8215191608966889,0.9613507794619337,0.9480476383614174
9_111_1124,0.8740982822526006,0.8263050221078334,0.93193625077045,0.903281217135245
9_111_1136,0.9163069719803936,0.8017322538128413,0.956547338671691,0.8926087820385455
9_111_1139,0.8727523375689283,0.8337404500805572,0.9478851455853675,0.92876269106326
9_111_1149,0.8806122448979592,0.7724070005303432,0.9513595039591102,0.9227464396531148
9_111_1150,0.9290387882731447,0.827624076029567,0.9305945781760194,0.8319725876729134
9_111_1152,0.8651139904871248,0.8155913184703971,0.9262599083703004,0.9005638923982374
9_111_1153,0.9043404255319148,0.8463437573477546,0.9690164469086334,0.9427065908330545
9_111_1162,0.8862109605185622,0.8076028830504534,0.922305924412666,0.8818263205013429
9_111_1197,0.9129788746043026,0.8333333333333334,0.9749869178440607,0.9573621375781695
9_112082,0.9130537787254205,0.8470863278205906,0.9137718963396531,0.8197196104768301
9_112268,0.8072118991923026,0.5269368907131863,0.9554435751226628,0.8833557046979866
9_112449,0.9052054189368282,0.6614190093708165,0.9906655352163899,0.9664629912512152
9_112515,0.9115376199556126,0.7335725075528701,0.9403050698413772,0.812618643221101
9_112517,0.8918092595447304,0.57322467032517,0.9383390401652264,0.6632396417067467
9_112535,0.6801097621819391,0.7366748271270884,0.8963143872113677,0.9020134228187919
9_112_1276,0.8834520154177827,0.8505317620005749,0.9572432784984419,0.9388949871935602
9_112_1278,0.9230085546050438,0.8460504201680672,0.9494955525043282,0.9138792545999648
9_112_1289,0.9023430448752663,0.8184373456907358,0.961536947364277,0.9285743422394452
9_113009,0.821441213653603,0.8501861504095309,0.8870231687339106,0.9101693622215441
9_113016,0.8603252032520325,0.8281952472703917,0.923719275314962,0.9041390026839949
9_113044,0.8860125960870711,0.7861850317040292,0.9652625381362736,0.9454342392171462
9_113418,0.8923241481179647,0.8301743425218456,0.9596199524940617,0.9402293681133348
9_113783,0.904710964822053,0.8663105599342572,0.9487718670305579,0.9100183402109124
9_113905,0.6075476766048885,0.3308847825534403,0.7922629524757021,0.7258532584694972
9_113_1342,0.8112276925836248,0.5856535781064083,0.9132353440374759,0.816987708677307
9_114_1426,0.9176313073554434,0.7533273782938812,0.9550105326512188,0.8721045900241581
9_114_1427,0.8945574491478835,0.8030737027652308,0.9843349993904669,0.9364264211085532
9_114_1428,0.9020788985008379,0.8475136660201023,0.935237722559186,0.9061599670736726
9_114_1429,0.9061285283539797,0.8465955069168818,0.9564117763287888,0.9230891403613262
9_114_1431,0.8809110499221836,0.7777020238266111,0.9798087851841947,0.960442231544282
9_114_1435,0.8987265737626141,0.8247968545216252,0.9458377100840336,0.91868656054135
9_114_1439,0.9152583544435576,0.8551203218704927,0.9482463325638544,0.9230769230769231
9_114_1443,0.9207293834833338,0.8259893244984355,0.9859551450352703,0.9677896927016645
9_114_1446,0.8716146726088447,0.8503096587165635,0.974291557113643,0.9740791268758526
9_114_1447,0.9025762835739083,0.8277733500322593,0.9458807716635041,0.8958175208724484
9_114_1450,0.8721786647659777,0.8479245283018868,0.9501293603354447,0.9555720353266366
9_114_1451,0.908739102700404,0.8615656963021243,0.9421059863509367,0.9146676507975561
9_114_1454,0.9001554817834181,0.8074886358311074,0.9662611888914391,0.9388849177984274
9_114_1460,0.9094410476144624,0.7952751266643101,0.9420780981179292,0.880592371352125
9_114_1462,0.9020036429872496,0.7498393109654197,0.9292547274749722,0.7856619849564002
9_114_1464,0.8718745376534991,0.8375270479134467,0.9652823920265781,0.959122830263681
9_114_1467,0.9326671918404578,0.8593005144664181,0.9627605658631175,0.9174923967428628
9_114_1480,0.9261583403207919,0.8355513307984791,0.9687409551374819,0.9370108227539977
9_115476,0.942562901579295,0.7669650751547303,0.9537717421635197,0.7509934486091719
9_115479,0.879792944785276,0.5783498294934708,0.9696626506024096,0.8704140847841054
9_115_1510,0.9192745376955903,0.832227389100789,0.9566140446379967,0.9083791437614526
9_115_1541,0.8899263360390373,0.8029373081981587,0.9448176829581004,0.9107517360302
9_115_1571,0.9100561510974987,0.8557938399082164,0.9476990906585836,0.9101389986518525
9_115_1579,0.867539231138217,0.7671612813756761,0.9149280160135499,0.8667387387387387
9_115_1580,0.9041518608565551,0.7683437553783489,0.9671352007280817,0.9160189573459716
9_115_1581,0.8773614122019201,0.8406506131266281,0.9330787258050517,0.9209091506273402
9_116593,0.924482163406214,0.8394639805737926,0.9487720355582342,0.9448786507610037
9_116758,0.9023859319646592,0.7644879007054202,0.9736916283002913,0.9415911925809426
9_117003,0.8367045185710906,0.6818466799658022,0.9340674561950274,0.8699102380642644
9_117011,0.12365629171643364,0.0,0.12350732739967954,0.0
9_117200,0.3756824665142728,0.08394462968576337,0.5018641066268991,0.32818430576396856
9_117435,0.47798961066780915,0.27474207107374854,0.5530488750969744,0.4276138346818975
9_117821,0.30314898044712923,0.06174466603670364,0.24719775820656525,0.008463149439137046
9_117838,0.9416234642425964,0.800301261532668,0.946506415782085,0.8462452942341986
9_117_1751,0.697098503049344,0.6299326275264677,0.8803631389130705,0.8682170542635659
9_117_1752,0.7878362103572862,0.8160318988037949,0.9537815126050421,0.9596462544589774
9_117_1753,0.7625418060200669,0.7867872143518189,0.9420739270652444,0.907270086384833
9_117_1754,0.8320820820820821,0.8265658920961647,0.9320319179253349,0.9423026942735857
9_117_1757,0.9010025693989622,0.7765315899227865,0.9423916045291356,0.8795674647971006
9_117_1776,0.798574416556583,0.42404953817414465,0.9413534818303732,0.7998986828774063
9_117_1788,0.9135758721159146,0.8365547495982278,0.9728693726308616,0.9458779692594318
9_117_1790,0.8747218288488772,0.7919135920474096,0.9466659282233053,0.8924565195019039
9_118020,0.27894149727317796,0.17037882527147089,0.4767382194475327,0.2278002476269088
9_118035,0.10960540406952797,0.03872246832502091,0.14039716461752239,0.19730886850152904
9_118_1828,0.7482331060136391,0.4979297365119197,0.9710584569976224,0.9393038306804268
9_118_1869,0.8699747523791027,0.7710509583068399,0.925993850801014,0.8784859608142251
9_118_1871,0.8657735150085002,0.7861284820920977,0.9566227510978892,0.9313296791279178
9_118_1873,0.8712634100614519,0.7824376285433247,0.9592770801549114,0.9279297067825056
9_118_1875,0.8899196812153665,0.7496038034865293,0.959600109559025,0.9079513705353772
9_118_1877,0.8836132020845396,0.7982729457847414,0.9539318620098565,0.9249046641243767
9_118_1878,0.8883144529765072,0.790099916100984,0.9427065908330545,0.8890261987147801
9_118_1880,0.9365119945459969,0.8262892376681614,0.9399358713814749,0.8322408621264304
9_118_1883,0.8817318838309471,0.6819395583435764,0.9612892106170287,0.8935519868031634
9_118_1896,0.8883069427527406,0.7808038529900808,0.9436544137375905,0.9371797190570929
9_118_1900,0.2297716947495543,0.05170414156908227,0.2534360802806372,0.05350294985250737
9_119082,0.8735394478337297,0.7820889858647188,0.936550491510277,0.8962350780532599
9_119_1936,0.9098685841805108,0.6901903483137193,0.9923811073152216,0.9739447142323496
9_11_11346,0.8190283693062874,0.6615052920423363,0.8899010523009266,0.7727014755959137
9_12003,0.8091067250584918,0.6732331437855402,0.9565592945834083,0.9244142804016363
9_12074,0.5094281224703585,0.2097138239473904,0.6277876159318065,0.3311780157607597
9_12084,0.3748695470674181,0.01582267451991775,0.37657279808268423,0.04925745181336236
9_120_2051,0.819074220252191,0.49797808984633485,0.8803850677353313,0.665344529305034
9_120_2056,0.7153814302896465,0.24329066216128403,0.799004602611817,0.3762927909018051
9_122048,0.3626679683013667,0.4342900713468765,0.36667154352596926,0.4120892901931277
9_123074,0.7002448091395412,0.5697695966396936,0.7902992546445656,0.7629646282973621
9_124084,0.9100619651814694,0.7111118094400101,0.9794655953064217,0.9362021345517783
9_124_2500,0.0,0.0,0.0,0.0
9_125_2501,0.0,0.0,0.0,0.0
9_125_2537,0.19209149531573183,0.04847765061541784,0.26455773208419514,0.04940153148464798
9_126007,0.13627043234355354,0.012474089428486823,0.00022677793904209,0.389486099410278
9_126039,0.9016501650165016,0.7872532092185272,0.9652502700756211,0.929570895522388
9_126_2647,0.0,0.0,0.0,0.0
9_126_2677,0.0,0.0,0.0,0.0
9_127_2790,0.8009947559063632,0.6329589797278005,0.9428389154704944,0.889048760991207
9_130026,0.5574251149030588,0.27143814202769095,0.8730789381767377,0.7038053326430236
9_131260,0.8056103026539594,0.5317412515810396,0.6610912215380209,0.49512548674075546
9_134008,0.8696336940507037,0.7873076572885368,0.9141786808945397,0.8633949645948072
9_134035,0.9116166324818199,0.82025819265144,0.942065239143486,0.8978428204884539
9_134052,0.8887351351351351,0.8718382935793039,0.8909976563577041,0.8694669291912783
9_135037,0.7881404174573055,0.7573927411543502,0.8314158788016859,0.8267532119914347
9_135534,0.2470427661510464,0.0,0.24235170007303417,0.0013875798512933291
9_138078,0.8881896370883156,0.7815520381005743,0.9256031128404669,0.8123491396091256
9_140055,0.08740955137481911,0.21046558298213927,0.18029828061176023,0.2581706763504312
9_140061,0.9094438398870621,0.6999645836612624,0.9674010647168239,0.8992510950967925
9_140075,0.3082220211803523,0.05113724037897725,0.05744654088050315,0.12404150904815459
9_140827,0.34316372164048864,0.17469837747885175,0.34540393927775176,0.27014666971548035
9_143090,0.11171294104542037,0.15298722228617476,0.10925576802226411,0.1902305159165752
9_145014,0.922700545087772,0.7907962277665035,0.9298558682223748,0.7638188137683597
9_145053,0.919834344031948,0.8260144524735964,0.9618942208870267,0.9124807894523983
9_147021,0.43560325684678014,0.7197764753986643,0.4206031491860155,0.7332515160265666
9_147062,0.8294655753490612,0.6908518900850416,0.8191403896364732,0.6767218235954507
9_147091,0.21803340673027735,0.05023551226581982,0.19731970379909852,0.015136515214672781
9_15001,0.8894050946887673,0.6572765178480626,0.828196285903999,0.5202467492577045
9_15002,0.8258426966292135,0.7387960248258005,0.9309284447072738,0.9153445660640348
9_15004,0.9184735886904193,0.728743310128365,0.8607819031226949,0.5905861136158701
9_15015,0.8629559350621969,0.7829387852702057,0.8119024856596558,0.7395680703319105
9_15036,0.910208791605063,0.7910690460306872,0.9774400751997493,0.9365288385567553
9_15041,0.8290736180691177,0.7645222142717751,0.9228352640879639,0.8834998951708715
9_15049,0.7345143194567464,0.41286714322752693,0.9602231964926266,0.845357574483737
9_15056,0.8720447572640317,0.7697334700153767,0.9314999241696578,0.8803569768522822
9_15063,0.8870230190921539,0.7924488835433771,0.938723692377137,0.8991095563682621
9_15074,0.9041203503672571,0.7629376516614669,0.9792249128994795,0.9490226140283634
9_15087,0.8439627373701183,0.7493249095633566,0.7006779661016949,0.6020791975760109
9_15088,0.49414544499868734,0.3157172540871133,0.8790953286831537,0.7830511527377522
9_15105,0.8904803144360802,0.782608695652174,0.5533224562444379,0.5543166441136671
9_15120,0.4056651492159838,0.23410576351752824,0.4929953019850171,0.3776525198938992
9_15122,0.8661691542288558,0.8541191794203843,0.9240151408944344,0.9253007876741972
9_15130,0.8622131442989307,0.4708687926681006,0.9704463044248752,0.8165511618426416
9_15151,0.7461855489302,0.5165569279569375,0.9411183445710299,0.8426813361311178
9_15200,0.0690368762085694,0.1536982830180436,0.0074721149334007145,0.11803399248243177
9_15207,0.8956007364751047,0.6960714285714286,0.8965876983264508,0.760004771276913
9_15213,0.9159690060562878,0.7612038110601401,0.9604626016642377,0.9104243059193295
9_152_5246,0.7373279440681669,0.36514432765944255,0.9130627860900458,0.6865320012215872
9_15319,0.8268526763629168,0.8335916671833343,0.9603062426383981,0.9576316492916332
9_153_5325,0.3387504621072089,0.30046682699108784,0.38035108867626005,0.3007138870119569
9_153_5328,0.6521960696881868,0.33453150242326335,0.7174920712368871,0.48917992530823146
9_153_5366,0.1336989872111651,0.012566844919786097,0.12462983117770635,0.029617489537299892
9_153_5398,0.8480308705027806,0.7055150884495317,0.9608225953403619,0.8610206297502715
9_154_5439,0.0,0.0,0.0,0.05744874715261959
9_155060,0.3764303498226995,0.1388256237074269,0.4249204052098408,0.2507965729660837
9_156065,0.5194959364441604,0.1879749478079332,0.0007428194123473093,0.29710004521087646
9_156079,0.5938045552352726,0.5142620232172471,0.5940643238544642,0.4485726629224685
9_157_5727,0.8729093537063803,0.7660126947489901,0.943061292843586,0.8929208180388044
9_158_5813,0.8863580786026201,0.6228782287822878,0.9745135845749343,0.8970854271356784
9_158_5816,0.0,0.0,0.0,0.0
9_158_5839,0.00017687375635640063,0.019854037510790238,0.0023877957108114083,0.03827189481098849
9_158_5896,0.8495835929975639,0.6326656015730613,0.9079485146098945,0.7344361917623228
9_159008,0.8916359033857189,0.6652650140730442,0.9034876939227808,0.7054560546563229
9_159029,0.7470796878694727,0.60737302266889,0.8025708806302804,0.699040825179544
9_159045,0.7488648015233631,0.5519429543373021,0.8081629301141496,0.6548856548856549
9_159091,0.8626976744186047,0.6684992012028944,0.8343696780070498,0.657619301046656
9_160068,0.8880329068916234,0.7668270186458872,0.9135601978297778,0.8371126383801802
9_16052,0.28877634077959663,0.1934496644295302,0.42209707696433363,0.26314844731646025
9_160_6083,0.0,0.0,0.0,0.0
9_161062,0.211404064424345,0.052619270346117866,0.18868723416539965,0.10533883470867716
9_161_6109,0.5000068320010931,0.21580808857450406,0.5171863074879158,0.21176321460261124
9_161_6143,0.30513864584735495,0.13747825366581062,0.33839005821764445,0.18038302277432713
9_161_6144,0.7420648464163823,0.3946181674017543,0.8308163617535381,0.5721170200703027
9_161_6145,0.15985430999595304,0.11963352041061064,0.21966676160637996,0.1462984054669704
9_161_6146,0.2184894556154978,0.07893054963783554,0.21674564017390455,0.07793690327936903
9_161_6155,0.0,0.0,0.0,0.0
9_162_6230,0.1332236013369388,0.0,0.1404440667162435,0.0
9_163014,0.4139490477865434,0.27945223011454534,0.5132055929570171,0.38666825756671835
9_163062,0.3372746656328746,0.3998661637668816,0.3602659417679232,0.4782960094291968
9_163085,0.8649265759312321,0.5300619793928388,0.9243014944769331,0.7200090334236676
9_164074,0.8958843200627721,0.5320473476545374,0.943262558259969,0.677734280605094
9_164_6484,0.37806521790536546,0.12421138573443183,0.43460474355033224,0.16770829481158242
9_164_6488,0.13708165031736871,0.16996863354869843,0.24596703025168556,0.17798338703479263
9_164_6496,0.8034286194484517,0.3240839404153528,0.9638066312325994,0.8331386545533204
9_166081,0.36217954909877714,0.03981025360335705,0.22190294637100166,0.19934768128258723
9_166_6649,0.8813072863623739,0.7752023692003949,0.9562420866042036,0.890063245468823
9_166_6650,0.7755746140651801,0.7206536719826737,0.907669718431508,0.9252199413489736
9_166_6654,0.7997933350555412,0.6618977625347052,0.8578563196311948,0.7933233170874712
9_170054,0.19972227967028097,0.28971157985363755,0.23322436641006714,0.2901787281856807
9_17015,0.024760294542946763,0.13518852030442108,0.015927217737017975,0.06563342895063579
9_17050,0.21591759221960063,0.2046431129147768,0.2014699020065329,0.20068953003084739
9_17054,0.1681680381117367,0.08851777084480333,0.16249737229346226,0.18334159065077377
9_17077,0.26450836924927335,0.058968410802760836,0.5291087370115616,0.3705871917686713
9_17118,0.5912671232876713,0.6286008230452675,0.6018617021276595,0.6500603864734299
9_17162,0.8784257942152679,0.8075433705080545,0.9581405132519983,0.9296541328196969
9_17188,0.9683451755740913,0.8439554291575365,0.9691653263353932,0.7894560388902858
9_172032,0.218607778741485,0.1423758865248227,0.21349234637355863,0.12582720305334114
9_17208,0.40785340314136126,0.2852344894968246,0.7141768292682927,0.6145541783286685
9_17209,0.9174255476249077,0.7648283038501561,0.9533202699760505,0.871592755280101
9_17212,0.1976353092179844,0.0,0.2957039868463582,0.19126101009104143
9_17215,0.899172788800833,0.8206262763784887,0.9731526625720256,0.920522783468739
9_17216,0.8441140024783147,0.6083684358326313,0.9684635341597002,0.8924781418941466
9_17234,0.31883638098808775,0.029594003206378092,0.5224428227811978,0.35718971172104264
9_17238,0.9491128389154705,0.835923716710073,0.954639709694142,0.8205945644377142
9_17249,0.9468953617141826,0.806786830972963,0.9616205828974058,0.8587709913011118
9_17261,0.9557470656656445,0.7932557445538645,0.98993399339934,0.9067522150931867
9_17262,0.7475805032553229,0.6166571183042109,0.9262824142226248,0.9190194968044657
9_17282,0.754993232990198,0.21563690800217747,0.8879922686639284,0.5216965574108431
9_17304,0.19795513505264764,0.07405682347461574,0.2499421072944809,0.11193429340436749
9_17317,0.8625751997845021,0.6608921381648655,0.907189673287637,0.7537592035673546
9_17326,0.884605870712401,0.7994741454864154,0.7712980138442745,0.5951377018043684
9_17332,0.9242018284826049,0.803461887235291,0.8986742631751945,0.7061369824757383
9_17335,0.336355030264781,0.4937514806917792,0.35418984056358915,0.5285025911446495
9_17336,0.9244866920152092,0.7910257294612678,0.9817631642936265,0.9359137055837563
9_175_7528,0.0,0.0,0.0,0.0
9_175_7541,0.002397109963199298,0.0,0.006617373982916371,0.0
9_175_7551,0.6420536051340129,0.2447096017541176,0.8559400522017344,0.6902221712362816
9_175_7583,0.39992767440331384,0.18506807202459377,0.48631250622158806,0.19464616260857184
9_175_7584,0.15339445370510685,0.08944744072453445,0.2373844521897257,0.09370518716313109
9_176019,0.04436274509803922,0.10834307422559906,0.33231576436918675,0.3216927322907084
9_176035,0.30695415434256523,0.2010359769561536,0.0,0.025665627248740705
9_178_7847,0.7702353977844915,0.5002858273602744,0.8180515292661477,0.5940968122786304
9_178_7848,0.6053536887746491,0.14769054164275142,0.6283400482395267,0.22050766687198106
9_179_7945,0.6089531265683027,0.2550099956116827,0.8946966223444903,0.7585392843969015
9_179_7946,0.9096952908587258,0.8504749426793318,0.9712856428214107,0.9593868381640384
9_180_8015,0.8305665293771539,0.37862044899383507,0.9174577259475218,0.5811364183818216
9_180_8023,0.780320756556498,0.504031092409983,0.8572199147742596,0.6595752250168985
9_180_8024,0.8568563162970106,0.5169880624426079,0.9579171371493095,0.7970975544208546
9_180_8028,0.9736003091638085,0.8364498571967451,0.9925646872211757,0.9631601234045127
9_180_8044,0.8539112473347548,0.632577003178779,0.9106121433900594,0.7702525613533476
9_180_8048,0.9281961471103327,0.772319643571143,0.9441060349689792,0.809911113693139
9_181018,0.9039409537816271,0.4228787943292605,0.9514095064522766,0.6698292220113852
9_181079,0.9526338277482757,0.7649682921495736,0.9487238541906576,0.7226244893005946
9_181091,0.5632510778827631,0.43043561696411436,0.6019087912628523,0.49366133413824326
9_182_8259,0.7512677041440812,0.25368490441661173,0.8841326701543695,0.628419043890982
9_183087,0.9577857427319793,0.7833859095688749,0.9716842924506707,0.7551716549295775
9_183_8309,0.7721792577082841,0.5394967317469134,0.8769207070512574,0.6705149349459409
9_183_8314,0.20826128159285637,0.17631700949174048,0.2410265595924013,0.02718392602634964
9_183_8315,0.3638715060492282,0.21310937105329628,0.6661372792066935,0.5275730014360939
9_183_8318,0.6125683386610103,0.19540770028519575,0.9149997762563208,0.7326480765316508
9_183_8320,0.3155885095235981,0.07975239093410193,0.3475581423785185,0.11580203632566292
9_183_8321,0.2920242675347736,0.3104389604717187,0.5156238402731389,0.4233531705315001
9_183_8322,0.8244404250508705,0.37558901682905227,0.8989775949518751,0.5827290155872301
9_183_8336,0.9079831759515071,0.5999020767881187,0.9732285208148804,0.8711503505582966
9_183_8358,0.6007744979868181,0.27477140346881,0.6001568851173072,0.19877429521975135
9_183_8395,0.6444559611065868,0.24928296985767628,0.9895195317816796,0.9503309171131421
9_184_8457,0.0,0.0,0.0,0.0
9_184_8471,0.33052749719416386,0.073615036262726,0.13025988015889045,0.2273715528092459
9_184_8494,0.0,0.0,0.0,0.0
9_187003,0.8412941961307538,0.7456640737539614,0.897595792637115,0.8396419914227111
9_187029,0.9372060774146871,0.8043311122501281,0.9806607831267722,0.9502377179080824
9_187039,0.47979441305712495,0.46712189233032786,0.5772984811693568,0.5972415992346634
9_187083,0.9037279427505428,0.5830273785796706,0.9060524652338812,0.637493246893571
9_188063,0.1838870513896431,0.13827288827288828,0.0,0.14755994745407133
9_188091,0.04706384796070895,0.013760223264467615,0.04142973956032595,0.0
9_189011,0.9449866514945949,0.7497983220393676,0.9748383277165498,0.9097446808510639
9_19021,0.9227133614845233,0.7675489067894131,0.9421598535692496,0.8219901501216401
9_196015,0.6939387449132577,0.6064496639226644,0.8349043130534133,0.8760951188986232
9_198023,0.21149263431542462,0.3038614556517669,0.21994962985575822,0.35387492806445425
9_198054,0.9055214576552122,0.39413531325602735,0.9311165382929426,0.5158064927881547
9_202012,0.773428809788654,0.620633683937151,0.7824282255274991,0.6603821737327336
9_207056,0.9214394480872619,0.8521121859558772,0.9290808110683887,0.8808735936465917
9_208001,0.8171867440735365,0.6795386674904748,0.9698525636323626,0.9378130488518832
9_209070,0.7744911804613297,0.49622458857696033,0.9395488892676552,0.875609004008634
9_210088,0.12748694860864984,0.0,0.0426379604267627,0.22919594067135052
9_21077,0.7279684129116294,0.3404839540072078,0.8870175438596491,0.6752811541519936
9_216053,0.37120341487440484,0.28510905382080654,0.34081515499425946,0.26605604623269
9_22001,0.9640863955932449,0.8132857044720753,0.9890401735617566,0.9293200937801682
9_22010,0.468162071705066,0.2109648747970259,0.9530016073799706,0.8664941480915133
9_22013,0.12597050328900408,0.007524991760957926,0.3332826239084796,0.25028204766605555
9_22029,0.21241976645271055,0.07244291286401333,0.2762554321583776,0.14714121300297497
9_22038,0.48922736572138964,0.19808682855040471,0.8917581623808148,0.5911796536796536
9_22072,0.36669869275337,0.36334838045458145,0.31780114041339985,0.3219790382244143
9_22104,0.8415341986291381,0.6357811191611752,0.9007119007119007,0.7172794964304905
9_22267,0.35616713539574124,0.2080784644589749,0.3776940931268059,0.24021384234508988
9_22323,0.881167014521071,0.8035886876497037,0.9632342025830076,0.9412853145590757
9_227040,0.2545219119506956,0.11622937195773478,0.2568494866015527,0.10452186805040771
9_229036,0.9580681788175649,0.840702947845805,0.9768894952251023,0.7999172642029785
9_23001,0.40535007506482873,0.468627574876785,0.4411816958960432,0.5045885781608482
9_23002,0.9029927256749499,0.7398873527905786,0.9782795237584468,0.9402790832188562
9_23003,0.9050221655432076,0.8171220857357734,0.9609952481520592,0.9228263082875178
9_23025,0.9502128975475154,0.7697467125584679,0.9676661363358218,0.8240018046469659
9_23051,0.9529933766317279,0.7747487646438288,0.9643318858355157,0.8532510194834617
9_23074,0.9017263534275658,0.8282703402802308,0.9609222113502935,0.9152161706906232
9_23080,0.8992617289830912,0.8032025715816418,0.9415526282133265,0.889442851801072
9_23104,0.9434551545223283,0.8286095221710894,0.9405705022616153,0.8049292522148046
9_23117,0.9080806594053576,0.6101321585903083,0.9451001708339805,0.7224449877750612
9_23118,0.959532544154911,0.8694343409005393,0.990484429065744,0.9697919445185382
9_23131,0.9592145409028086,0.7495820795720495,0.984462550415505,0.9339176959417155
9_23267,0.8519738459269456,0.7564137430876621,0.8833296679129096,0.8077183480027081
9_236017,0.8181029245856114,0.7529788501638368,0.9005883240307738,0.8735139676538543
9_236037,0.7874465049928673,0.5807500343422318,0.8597018828451883,0.6857844758350262
9_239007,0.9018892228424217,0.761438679245283,0.9491874570840009,0.8836037686469511
9_239096,0.42880468059051635,0.2816567169713375,0.4694600399412186,0.35219963982505786
9_24004,0.379176240066044,0.08229207636220616,0.7740906190172304,0.48897505642687655
9_246016,0.7983974758168306,0.5846267857878051,0.8394550936420255,0.7033738868681801
9_249061,0.10282976699407456,0.07327947336923997,0.11526174357318325,0.0527680763511878
9_25098,0.6567929978872936,0.40207457503198685,0.6931638952728584,0.40311804008908686
9_253874181_300410d0fb,0.9290304073436604,0.7768664563617245,0.9006878243031253,0.7924476104848192
9_260081,0.6399320125351888,0.3221760400191268,0.6569691610478612,0.4254592985258877
9_268002,0.7947725072604066,0.7564382365779135,0.88125,0.8218118869013272
9_26926127.forsythia1,0.45449727802668977,0.42056782334384857,0.4972326466697265,0.4960068013190437
9_26995738.ibiris1,0.8517954574292602,0.704855905380643,0.9306366416458159,0.8536662595557968
9_271008,0.8973425783578578,0.7864922991536006,0.9645429362880886,0.8810291668143317
9_27551937.vinca,0.23302464895166386,0.005988376659074845,0.25338393043893986,0.03950516426445702
9_28010,0.8455210237659964,0.7326850462939016,0.9255538382277176,0.8718074122378002
9_28011,0.8903140203449801,0.8565934535509786,0.9179720704310869,0.8858362568155882
9_28015,0.9009131247937218,0.7902759526938239,0.5458931322468175,0.34928457329300205
9_28026,0.8162216193060117,0.7765277910191629,0.8986769385362586,0.904243059193295
9_28052,0.8956607495069033,0.9118192431838472,0.9422642726588539,0.9447043811144193
9_28058,0.5274020639214507,0.5431908181757165,0.38591459528362015,0.45373714920811337
9_28080,0.8737088638001441,0.8578541901540774,0.9153425023367606,0.861377245508982
9_28081,0.7347207009857613,0.5109298125428162,0.941430421643402,0.8845240451217099
9_28092,0.8431892650959588,0.739282769991756,0.9471613768439875,0.9419672371997355
9_28097,0.8522442633806466,0.7363614940497231,0.9008583826929777,0.8109420424321148
9_28106,0.764416954702565,0.5883687817033016,0.9725400457665904,0.9133398247322297
9_28112,0.9040703975031428,0.8136850401001344,0.973099634454963,0.9611043933897622
9_28117,0.6263385008790155,0.6443123938879457,0.718619118009362,0.7294400240204174
9_28153,0.8557290214664065,0.8589427950760319,0.9111743322269638,0.9371475443453297
9_28162,0.9233820388514086,0.8334791119996668,0.952711900838289,0.8960915977961432
9_28173,0.5580304359433998,0.36222087194288316,0.8673393878237471,0.7837209302325582
9_28176,0.939951530383269,0.9061116664286735,0.9392208278703877,0.8936813960033775
9_28180,0.7001095290251916,0.7130137821685572,0.7743055555555556,0.8007191259853409
9_28184,0.8432722765459303,0.7667956026058632,0.9283320031923384,0.9097748235172876
9_28187,0.8419149302565869,0.7717187917669073,0.8989958653278204,0.8607925678618087
9_28195,0.8001124148106513,0.5670298987862101,0.729254543304293,0.5652315957601278
9_28198,0.8196887578840607,0.5691796787687199,0.8493541604085311,0.7424212403407965
9_28210,0.8791424871708791,0.828077801517719,0.8963101604278075,0.8678214285714285
9_28244,0.8405276485483776,0.6217082078554494,0.927603305785124,0.8196907685311505
9_28247337.003,0.6952961480556678,0.6133231887733536,0.807406441517799,0.6973322871714398
9_28278,0.647754661052165,0.5760618808522188,0.659323116219668,0.640335742597342
9_28313,0.8416799060578849,0.7622730329522529,0.9274212188920564,0.8936052242483983
9_28316,0.8575209061077591,0.8055753093443322,0.9303215011354129,0.9387550973301532
9_28321,0.896246516964432,0.8874446404781623,0.9609204611207549,0.9608938547486033
9_28334,0.8246949327817994,0.5310263699637291,0.8423485488243921,0.6162415713866901
9_28579914.05,0.8960649756775538,0.6429094571088528,0.9582671277689504,0.8057810127245117
9_291000,0.869200316706255,0.7994035664293104,0.8903387487037677,0.8216192450222976
9_293029,0.8930848455125061,0.6859302325581396,0.8500099528896556,0.7257918878896233
9_299086,0.8225712998133007,0.8277983348751157,0.9110042092603728,0.8994685342472557
9_299091,0.26884570452347156,0.16230246424550723,0.22065804051512963,0.40504370696990794
9_3,0.5035250316856781,0.30990359333917616,0.46173713809622996,0.34504001940334705
9_300091,0.03852551086533892,0.07112249856429739,0.018093620156784083,0.21798561151079138
9_304034,0.7802982686703617,0.6485910719473226,0.8738511326860842,0.7898127097542492
9_304074,0.7351895132608475,0.7917363107575048,0.9191215149921094,0.9521481481481482
9_306005,0.2967727625596096,0.07609039548022599,0.4763042792081887,0.32183792815371765
9_309004,0.5870897944464479,0.44063732693943847,0.616047319017616,0.4496211510559407
9_317080,0.8802109313760422,0.7964967198374904,0.9506192254767053,0.9341302756769944
9_326038,0.8464458025088453,0.7887478996465612,0.9171207341554345,0.887904873970397
9_35008,0.756789308053926,0.5650035637918746,0.9623143315937375,0.9247437286440536
9_35010,0.831392277123102,0.5162728809292624,0.8971488634870582,0.7406510952438582
9_35058,0.376499940596412,0.19937084935337296,0.4294037940379404,0.24980914411739757
9_35070,0.8146266829865361,0.7945949998125866,0.9136273574521171,0.7526383313330298
9_353013,0.5850420218155808,0.33807674551231565,0.6469937961985216,0.5022489227188375
9_36008,0.6402233240281655,0.564436161609058,0.8273531234157607,0.7317908157242357
9_36011,0.8764276868033577,0.712448255470136,0.9501249375312344,0.8593407767508948
9_361084,0.9205446577629383,0.769832812787066,0.8823067209204434,0.6990639901100841
9_36253,0.03525619501712444,0.05893072785157537,0.0013818914639412696,0.10761099997014123
9_36254,0.0,0.0,0.0,0.0
9_36302,0.06075247806160514,0.19099560906797003,0.0020567667626491155,0.17441485440471802
9_37073,0.8279336974948202,0.6878046748052165,0.8976062427501845,0.8275350218016514
9_376020,0.8906634436914577,0.7206299851291064,0.9151771644680564,0.7457760830977582
9_376043,0.9358774846148404,0.8545924589044437,0.9686920394688033,0.9216977309562399
9_38082,0.5941137222922381,0.5295552005381317,0.7124794903966799,0.7279188399151717
9_388016,0.9121983544094097,0.8088101071239852,0.9548547423229394,0.870940127901707
9_41004,0.8661667280088333,0.8719336347776552,0.9107673703834333,0.9185335284626065
9_41025,0.877473164528556,0.7832062832062832,0.9098414795244386,0.8521164630867327
9_41069,0.5136584826365849,0.3148608500576002,0.586893298002973,0.4228538698360421
9_42044,0.8975075704635453,0.6707352655125463,0.9505167753219907,0.8290792110536863
9_42049,0.687595098902859,0.43702474028060406,0.7505483549351945,0.5538537899737644
9_42078,0.9243950039032006,0.8623777439687025,0.9649973074851912,0.9249359209080923
9_43070,0.5736798163222709,0.44576710314403756,0.816898908316322,0.8043396226415095
9_43074,0.809850863422292,0.7740387732607145,0.8810879925607347,0.8474515175546103
9_45096,0.6942618051404662,0.3293244512004292,0.8199018081666867,0.5990181000828109
9_46076,0.7332856632105827,0.5291109715618552,0.8720517767129256,0.7676564156945918
9_46829866.bigbruiserweb,0.9208826695371367,0.8073972602739726,0.9481906095479806,0.885748959778086
9_49752508.babygrizweb,0.8995403808273145,0.7800751879699248,0.9491475254558371,0.8889397905759162
9_50017878.bearssittinginbrooksfalls640,0.9441476204610666,0.8854281888571928,0.95355587808418,0.8893325387365911
9_50314,0.2539946737683089,0.13589330108177114,0.0,0.22655194161636183
9_52_52999,0.8867778208607987,0.7839234745043585,0.9627371855413411,0.9258124893653225
9_53915802.20051221_11miamibeachvigilancia,0.37560019206145967,0.25650195058517555,0.3344108795006131,0.25190225049317605
9_53915806.20051221_19miamibeachlifeguard,0.7940689830724195,0.7425413118267441,0.8760306023917404,0.8349699081406399
9_53915807.20051221_22miamibeachcouple,0.8607594936708861,0.8003089996137505,0.8909108989657916,0.858284355807964
9_53915808.20051221_24miamibeach,0.8968985750209556,0.678620240807029,0.7970143819406518,0.555323205609201
9_53915809.20051221_27lifeguard,0.8795356343380707,0.7894579065700724,0.8303137680745271,0.72801225503143
9_54363879.teenagegrizimg_6010640,0.8904692184340793,0.7460323665077008,0.9445612980769231,0.8754487018949829
9_54375701.bearfishimg_6001640,0.8876979936642028,0.7825670498084292,0.9054054054054054,0.7923817254174397
9_55075,0.9221374682172482,0.7866475462077757,0.9736278447121821,0.9383390216154721
9_58060,0.8317601001569921,0.4059181132351864,0.9246944380385334,0.6846126822413491
9_59078,0.0,0.0,0.0,0.0
9_61060,0.5086666021109713,0.538034798688745,0.7803532008830022,0.6217775505732857
9_61086,0.7000911577028259,0.6943896991196952,0.9182549767047861,0.9252904378909741
9_62096,0.7790985997666278,0.8418056120374136,0.8336692735628477,0.8350767754318618
9_65010,0.056695298516157046,0.030663738972995878,0.023975612137518035,0.2748411635043437
9_65019,0.9666993143976493,0.8866657338743529,0.9696689327808842,0.8532049153105281
9_65074,0.8735112428959724,0.7212307120282581,0.9173684786175216,0.803708864118896
9_66053,0.87387627609325,0.7721407389596858,0.9091492090637024,0.8766510953608248
9_66075,0.8779303062302006,0.644907740234843,0.9308440295604823,0.8064480573160651
9_66136,0.1717447738762126,0.5271317829457365,0.17001054538571775,0.3546990981406707
9_66175,0.11203580669976922,0.11247681733881232,0.022093634928984744,0.1637339942172656
9_67444,0.11571655249816169,0.11683516483516483,0.1505141456657254,0.14495169145029818
9_69015,0.8593753518430949,0.579391486296436,0.8957801964696078,0.7022323395505948
9_69020,0.8817422977690089,0.8261054905081278,0.9275299887335144,0.8872344130964821
9_69040,0.8055142503097893,0.6830653865818327,0.8982162358937023,0.8438711317277753
9_71046,0.16373621506709773,0.1126654170047282,0.15261200434857242,0.2772216006124492
9_76053,0.1336188958475015,0.03879706997460154,0.00685297042912937,0.19861858166445032
9_78004,0.3475060395054711,0.22028711872131254,0.41428620067413435,0.4888963338757538
9_8023,0.7885629154251662,0.6679203742775892,0.9167722855935784,0.8651322865132286
9_8049,0.7937505532442242,0.6610988126383578,0.9070245697586319,0.8154964429322611
9_8143,0.7836743450162238,0.36874833098081106,0.8016619629978049,0.5072209661791168
9_85048,0.8932005494505495,0.7646749421418052,0.9343961403324768,0.8396722582073852
9_86000,0.18998993240327916,0.17900379449497078,0.18157681244929566,0.18864059590316573
9_86016,0.6474171989809105,0.30516177451634424,0.9763367463026166,0.9384592235931387
9_87046,0.7978474496958353,0.7516962697144236,0.8184953310696095,0.7521405049396268
9_90076,0.21318454935622316,0.0826712570621469,0.22378000432494774,0.10256862140370974
9_92059,0.35560772981759076,0.1415918354837721,0.2706867373296517,0.2057960257751088
9_94079,0.8892206995295562,0.80268162434208,0.9216945373467113,0.8678534353493021
9_95_95660,0.9181345258738706,0.8409207598836215,0.9239860073744918,0.8512696493349455
9_97017,0.21841848615727563,0.0,0.653371549253281,0.5400902113908711
9_98350,0.8697282762524766,0.8256398666591332,0.9465981012658228,0.9316670770746122
9_c_121,0.8880285152409046,0.8655031622768393,0.8934689507494646,0.8672801127414408
9_c_141,0.9090871642774757,0.6697382769901854,0.9071939933647634,0.6831401366176775
9_c_146,0.9060696071288461,0.7479631053036127,0.9739093242087254,0.934366295264624
9_c_39,0.743982292723416,0.6329155672823219,0.8331733333333333,0.7905863866866653
9_c_51,0.8793945606946874,0.7093490106108402,0.9414984830497296,0.8520297489928726
9_image_0003,0.6048231678733267,0.31265028750653423,0.8468686641135391,0.5693028028991085
9_image_0004,0.8900762538932445,0.8273387955376568,0.9485376661742984,0.9130369854149036
9_image_0008,0.8031353919239905,0.4741913939509589,0.9720287836583101,0.9005102040816326
9_image_0012,0.003527419809989653,0.05907618114686158,0.005690636316606311,0.07029427259727553
9_image_0014,0.9033496732026144,0.6479356088835893,0.9619326500732065,0.8429935598489896
9_image_0015,0.30984245299000507,0.30378693300041615,0.3284126507316654,0.31873420767657323
9_image_0016,0.8090820476622634,0.5470076049818142,0.9354393981171466,0.7876651422764228
9_image_0018,0.8451449122064735,0.7760732185661364,0.9011875674754247,0.8515683345780433
9_image_0025,0.6532916666666667,0.4601072652880681,0.8424087472120981,0.7544568065638558
9_image_0026,0.5753049432912476,0.3125739728343572,0.6070667999478465,0.354853585427715
9_image_0027,0.4366713576772091,0.3916108215438074,0.48110427159112107,0.39491046182846373
9_image_0035,0.6334311940243041,0.3856053082010861,0.9607398161806422,0.884041436590152
9_image_0036,0.8680741306839893,0.7759962573895292,0.9337330050315812,0.8696219642940382
9_image_0039,0.8893225823018849,0.7553162326218915,0.9689517713772388,0.8879701253667645
9_image_0044,0.9158552833862867,0.8340074219238628,0.9729065384825477,0.9169607361415107
9_image_0050,0.7404709772554627,0.648879803078977,0.7835547302766271,0.7151358683761432
9_image_0054,0.8408212068790069,0.5139971817754815,0.9644691145477753,0.8398356100949294
9_image_0057,0.8821742707080934,0.7507220396374863,0.9347320940404593,0.8198231587864668
9_image_0058,0.3769520732364028,0.26699904877488767,0.3700760530421217,0.20874551971326166
9_image_0067,0.9085885451634561,0.7429419640258456,0.9638985196191734,0.8729543213933618
9_image_0068,0.7883819401493887,0.5879137877694132,0.84848796543921,0.7090390547698039
9_image_0072,0.8606688336730759,0.6834014623754966,0.9478580171358629,0.8218508997429306
9_image_0074,0.15264375845959044,0.21955434849700636,0.1846126667255543,0.25521030693444485
9_image_0083,0.9304809934385337,0.7686754966887417,0.9773695727283197,0.8846477687342127
9_image_0084,0.43587985187217115,0.18770042852683258,0.9657139352306182,0.768788682581786
9_image_0086,0.9356949702541915,0.7988096778367189,0.9760567375886525,0.8788478602143198
9_image_0089,0.8909499054820416,0.7093099151486382,0.9597121377626422,0.8208583471707753
9_image_0098,0.0,0.0,0.0,0.0
9_image_0101,0.943307158095411,0.834332784184514,0.9792135638680013,0.9371286444659389
9_image_0103,0.8475847736834102,0.6169732349377685,0.9751410437235543,0.9155044510385757
9_image_0104,0.8832881933995386,0.7335615553546053,0.9297527253390055,0.8107654055507022
9_image_0320,0.7280286343612334,0.3452546296296296,0.9270241093918675,0.7933884297520661
9_pushpin,0.11177017079968556,0.11183964031472461,0.2682350883330418,0.23705451384577175
9_ss07002,0.7768425519875513,0.7518648125978451,0.8815974811500539,0.8704780038079968
9_ss07003,0.8692174444670878,0.8031537077374752,0.9115039404553416,0.8569643372104201
9_ss07033,0.6580974341362901,0.7655736070965813,0.6327578396335632,0.7775133015961916
9_ss07036,0.7943116845037385,0.681195098752308,0.8859318917972512,0.877932133910271
9_ss07043,0.05369889402982508,0.10111618379710799,0.0005472192621180266,0.3920380505603336
9_ss07080,0.5203650498563461,0.37119625477393126,0.8898071625344353,0.9456366237482118
9_ss07084,0.8243516822520004,0.707840616966581,0.8223066607063031,0.8001783458423125
9_ss07085,0.27046201765011246,0.24135126681263686,0.2937610229276896,0.32850355361840816
9_ss07087,0.8458669299544731,0.8063821386266556,0.8647510060362174,0.6963642981356412
